time,symbol,target,primary_prob,fold
2020-01-02,AAPL,0,0.4557579623930742,1
2020-01-02,AMZN,0,0.3482708041734677,1
2020-01-02,GOOGL,0,0.4431874033238938,1
2020-01-02,INTC,0,0.598718739149454,1
2020-01-02,MSFT,0,0.5283918707997319,1
2020-01-02,NVDA,0,0.5602465491919855,1
2020-01-02,PFE,1,0.9140545528523958,1
2020-01-02,PYPL,0,0.3545016021376032,1
2020-01-02,ZM,0,0.35724647091934886,1
2020-01-03,AAPL,0,0.4796708154283933,1
2020-01-03,AMZN,0,0.405611224117297,1
2020-01-03,GOOGL,1,0.4991391639214542,1
2020-01-03,INTC,0,0.5277592931048742,1
2020-01-03,MSFT,0,0.493060387518281,1
2020-01-03,NVDA,0,0.4404424052639352,1
2020-01-03,PFE,1,0.8467125942943764,1
2020-01-03,PYPL,1,0.3327793609350173,1
2020-01-03,ZM,0,0.2896999265884738,1
2020-01-06,AAPL,1,0.6104246271454149,1
2020-01-06,AMZN,0,0.5027923865385486,1
2020-01-06,GOOGL,1,0.34549929182831696,1
2020-01-06,INTC,0,0.5323284888560464,1
2020-01-06,MSFT,1,0.6360415492828062,1
2020-01-06,NVDA,1,0.5368824583661862,1
2020-01-06,PFE,1,0.8944974519988146,1
2020-01-06,PYPL,1,0.1915450508856915,1
2020-01-06,ZM,1,0.5324689216670906,1
2020-01-07,AAPL,1,0.4199939195994455,1
2020-01-07,AMZN,0,0.7084538177464408,1
2020-01-07,GOOGL,1,0.3660991550294983,1
2020-01-07,INTC,1,0.6119015218238356,1
2020-01-07,MSFT,1,0.7176370994178687,1
2020-01-07,NVDA,1,0.35228653744968247,1
2020-01-07,PFE,1,0.8882694827717118,1
2020-01-07,PYPL,1,0.4708299128246845,1
2020-01-07,ZM,1,0.47688870547548096,1
2020-01-08,AAPL,1,0.41147395197903364,1
2020-01-08,AMZN,0,0.6454010038992852,1
2020-01-08,GOOGL,1,0.42081099347084644,1
2020-01-08,INTC,1,0.4474468690820759,1
2020-01-08,MSFT,1,0.6788840606238824,1
2020-01-08,NVDA,1,0.5185569708360517,1
2020-01-08,PFE,1,0.9083359235496433,1
2020-01-08,PYPL,1,0.2638854535797352,1
2020-01-08,ZM,0,0.3022103241839691,1
2020-01-09,AAPL,1,0.43906046538675997,1
2020-01-09,AMZN,0,0.6329976280871893,1
2020-01-09,GOOGL,1,0.309098600367593,1
2020-01-09,INTC,1,0.41458303165058136,1
2020-01-09,MSFT,1,0.5958996194720617,1
2020-01-09,NVDA,1,0.4869485808173577,1
2020-01-09,PFE,1,0.8541933543376027,1
2020-01-09,PYPL,1,0.5049850028454927,1
2020-01-09,ZM,1,0.5182409148635527,1
2020-01-10,AAPL,1,0.545550476835218,1
2020-01-10,AMZN,0,0.44013091750859296,1
2020-01-10,GOOGL,1,0.5533431781569088,1
2020-01-10,INTC,1,0.6090815058557908,1
2020-01-10,MSFT,1,0.7150749997199319,1
2020-01-10,NVDA,1,0.6119151164560558,1
2020-01-10,PFE,1,0.8042001589856935,1
2020-01-10,PYPL,1,0.2720354859181407,1
2020-01-10,ZM,1,0.6301022617703079,1
2020-01-13,AAPL,0,0.46412389012468175,1
2020-01-13,AMZN,0,0.569524687207761,1
2020-01-13,GOOGL,1,0.6180926568476617,1
2020-01-13,INTC,0,0.6611079791421136,1
2020-01-13,MSFT,1,0.6788503232537079,1
2020-01-13,NVDA,0,0.6552949715564858,1
2020-01-13,PFE,1,0.8927384009459212,1
2020-01-13,PYPL,1,0.4701432498427734,1
2020-01-13,ZM,0,0.40581750315433224,1
2020-01-14,AAPL,1,0.40009179427007324,1
2020-01-14,AMZN,0,0.4273542618041329,1
2020-01-14,GOOGL,1,0.5164710979527689,1
2020-01-14,INTC,1,0.7975473494755881,1
2020-01-14,MSFT,1,0.7905530339372999,1
2020-01-14,NVDA,1,0.2538664505573474,1
2020-01-14,PFE,0,0.8199786621094658,1
2020-01-14,PYPL,1,0.6908472794096367,1
2020-01-14,ZM,1,0.34085475213192584,1
2020-01-15,AAPL,1,0.40884310081548253,1
2020-01-15,AMZN,0,0.5628261825912365,1
2020-01-15,GOOGL,1,0.5465187670874714,1
2020-01-15,INTC,1,0.5821012910340699,1
2020-01-15,MSFT,1,0.6552376450857378,1
2020-01-15,NVDA,1,0.5428012364021539,1
2020-01-15,PFE,0,0.8525064305385344,1
2020-01-15,PYPL,1,0.743674505712031,1
2020-01-15,ZM,0,0.2742951780664848,1
2020-01-16,AAPL,0,0.40083637893063395,1
2020-01-16,AMZN,0,0.7046668617950251,1
2020-01-16,GOOGL,1,0.44207648948889977,1
2020-01-16,INTC,1,0.6599848767870272,1
2020-01-16,MSFT,0,0.6434091482337694,1
2020-01-16,NVDA,1,0.3187280340019102,1
2020-01-16,PFE,0,0.9196080949367019,1
2020-01-16,PYPL,1,0.6728693994943415,1
2020-01-16,ZM,0,0.30341274323301465,1
2020-01-17,AAPL,0,0.4628736505395961,1
2020-01-17,AMZN,0,0.5799881224954738,1
2020-01-17,GOOGL,0,0.597870142139167,1
2020-01-17,INTC,1,0.7195562560331936,1
2020-01-17,MSFT,0,0.5967683690741922,1
2020-01-17,NVDA,1,0.4497016991667273,1
2020-01-17,PFE,0,0.9161682749271468,1
2020-01-17,PYPL,1,0.5689154913250788,1
2020-01-17,ZM,0,0.43359110836482945,1
2020-01-21,AAPL,0,0.4865710007202983,1
2020-01-21,AMZN,0,0.42244146356538576,1
2020-01-21,GOOGL,0,0.6692545187758555,1
2020-01-21,INTC,1,0.6148183246987464,1
2020-01-21,MSFT,0,0.775180315019064,1
2020-01-21,NVDA,1,0.574057312558836,1
2020-01-21,PFE,0,0.9162828566863813,1
2020-01-21,PYPL,1,0.6537605330622879,1
2020-01-21,ZM,0,0.4518793165911048,1
2020-01-22,AAPL,0,0.5819755235666176,1
2020-01-22,AMZN,0,0.7262802624402012,1
2020-01-22,GOOGL,0,0.5307455312275076,1
2020-01-22,INTC,1,0.5715463720058183,1
2020-01-22,MSFT,0,0.6344565422974252,1
2020-01-22,NVDA,1,0.4412392749631893,1
2020-01-22,PFE,0,0.9196062706901256,1
2020-01-22,PYPL,1,0.6534031154989693,1
2020-01-22,ZM,0,0.4384686182604121,1
2020-01-23,AAPL,0,0.5508089704052775,1
2020-01-23,AMZN,0,0.6295062475926615,1
2020-01-23,GOOGL,0,0.5614075613412242,1
2020-01-23,INTC,1,0.540686927555914,1
2020-01-23,MSFT,0,0.5876209638245623,1
2020-01-23,NVDA,0,0.38221627825595517,1
2020-01-23,PFE,0,0.8235142679290245,1
2020-01-23,PYPL,0,0.5249099643299073,1
2020-01-23,ZM,0,0.5117797181912385,1
2020-01-24,AAPL,0,0.5779393562646278,1
2020-01-24,AMZN,0,0.5381209097358264,1
2020-01-24,GOOGL,0,0.4581855416961517,1
2020-01-24,INTC,0,0.6107654919435638,1
2020-01-24,MSFT,0,0.6708235848794745,1
2020-01-24,NVDA,0,0.15457118192106373,1
2020-01-24,PFE,0,0.7986953734975181,1
2020-01-24,PYPL,0,0.528154371375681,1
2020-01-24,ZM,0,0.5753788863616314,1
2020-01-27,AAPL,1,0.6495596675198667,1
2020-01-27,AMZN,1,0.7705513354284644,1
2020-01-27,GOOGL,1,0.4050720743469153,1
2020-01-27,INTC,1,0.368136895995041,1
2020-01-27,MSFT,1,0.8156862222594151,1
2020-01-27,NVDA,1,0.3789415766356381,1
2020-01-27,PFE,0,0.6411533895919428,1
2020-01-27,PYPL,0,0.2784448354207547,1
2020-01-27,ZM,1,0.6224402678911981,1
2020-01-28,AAPL,0,0.3326965524107662,1
2020-01-28,AMZN,1,0.6578067613651621,1
2020-01-28,GOOGL,0,0.29980954952980826,1
2020-01-28,INTC,0,0.542439431384477,1
2020-01-28,MSFT,1,0.657944301024794,1
2020-01-28,NVDA,0,0.40411737152772587,1
2020-01-28,PFE,0,0.680750485302156,1
2020-01-28,PYPL,0,0.2808015835731649,1
2020-01-28,ZM,1,0.814744082634852,1
2020-01-29,AAPL,0,0.28777129351793795,1
2020-01-29,AMZN,1,0.3823066065522228,1
2020-01-29,GOOGL,0,0.4790402094238421,1
2020-01-29,INTC,0,0.506383991593606,1
2020-01-29,MSFT,1,0.594867928344712,1
2020-01-29,NVDA,0,0.28504068942144295,1
2020-01-29,PFE,0,0.6944181818843307,1
2020-01-29,PYPL,0,0.39956958623517547,1
2020-01-29,ZM,1,0.5627366831561129,1
2020-01-30,AAPL,0,0.3034728788622011,1
2020-01-30,AMZN,1,0.7363159361765674,1
2020-01-30,GOOGL,0,0.3675912361236282,1
2020-01-30,INTC,0,0.47070017083211246,1
2020-01-30,MSFT,1,0.6364207387410106,1
2020-01-30,NVDA,0,0.608576402606838,1
2020-01-30,PFE,1,0.6653859514395454,1
2020-01-30,PYPL,0,0.15582835873586304,1
2020-01-30,ZM,1,0.6065806120388499,1
2020-01-31,AAPL,0,0.4816802704094507,1
2020-01-31,AMZN,1,0.15871805245686252,1
2020-01-31,GOOGL,1,0.7865918151715324,1
2020-01-31,INTC,1,0.5931205850310067,1
2020-01-31,MSFT,1,0.5819919334438314,1
2020-01-31,NVDA,1,0.44575643499508516,1
2020-01-31,PFE,0,0.24241801312621408,1
2020-01-31,PYPL,1,0.680161140272432,1
2020-01-31,ZM,1,0.21432322908189624,1
2020-02-03,AAPL,1,0.7507615583819873,1
2020-02-03,AMZN,1,0.2215234795189117,1
2020-02-03,GOOGL,0,0.19640933097212881,1
2020-02-03,INTC,1,0.24000771763436055,1
2020-02-03,MSFT,1,0.5786862021753849,1
2020-02-03,NVDA,1,0.20247997617385105,1
2020-02-03,PFE,0,0.3376601824832313,1
2020-02-03,PYPL,1,0.3702337646562252,1
2020-02-03,ZM,0,0.2706326321633589,1
2020-02-04,AAPL,0,0.17693809913526448,1
2020-02-04,AMZN,1,0.09646543360342986,1
2020-02-04,GOOGL,0,0.37562140326384585,1
2020-02-04,INTC,0,0.13586374436756976,1
2020-02-04,MSFT,1,0.18895935879991532,1
2020-02-04,NVDA,1,0.1270419488640403,1
2020-02-04,PFE,0,0.20616444835379125,1
2020-02-04,PYPL,0,0.07613699276151017,1
2020-02-04,ZM,1,0.381313917078728,1
2020-02-05,AAPL,0,0.1971780797655937,1
2020-02-05,AMZN,1,0.05946813191119439,1
2020-02-05,GOOGL,1,0.4834330704116928,1
2020-02-05,INTC,0,0.2045379436815427,1
2020-02-05,MSFT,1,0.2598490639376781,1
2020-02-05,NVDA,1,0.06984138254230869,1
2020-02-05,PFE,0,0.3670768320373664,1
2020-02-05,PYPL,0,0.07156856280960522,1
2020-02-05,ZM,1,0.3172397786414779,1
2020-02-06,AAPL,0,0.12821234051091904,1
2020-02-06,AMZN,1,0.030328063852986774,1
2020-02-06,GOOGL,0,0.47396216636736277,1
2020-02-06,INTC,0,0.16296048846724667,1
2020-02-06,MSFT,0,0.3667512366723715,1
2020-02-06,NVDA,1,0.07030514578241993,1
2020-02-06,PFE,0,0.21913553360898136,1
2020-02-06,PYPL,0,0.2176952664813835,1
2020-02-06,ZM,1,0.4527810526629429,1
2020-02-07,AAPL,0,0.2694750171331121,1
2020-02-07,AMZN,1,0.12886418241583922,1
2020-02-07,GOOGL,0,0.8133120498661515,1
2020-02-07,INTC,0,0.3481854587480013,1
2020-02-07,MSFT,0,0.7154884148653455,1
2020-02-07,NVDA,1,0.23531866780015398,1
2020-02-07,PFE,0,0.32677900866042875,1
2020-02-07,PYPL,1,0.25978784389420617,1
2020-02-07,ZM,0,0.538016098071465,1
2020-02-10,AAPL,0,0.4249370465703379,1
2020-02-10,AMZN,0,0.1076383510894046,1
2020-02-10,GOOGL,0,0.6406219262376918,1
2020-02-10,INTC,0,0.18911689150394584,1
2020-02-10,MSFT,0,0.39251396040284375,1
2020-02-10,NVDA,1,0.3904120661623303,1
2020-02-10,PFE,0,0.4325567722652569,1
2020-02-10,PYPL,0,0.14144766503358588,1
2020-02-10,ZM,0,0.24167479625296084,1
2020-02-11,AAPL,0,0.3386324029383383,1
2020-02-11,AMZN,0,0.09840241658910366,1
2020-02-11,GOOGL,0,0.6209278234152038,1
2020-02-11,INTC,0,0.24140917243480522,1
2020-02-11,MSFT,0,0.6640669414495207,1
2020-02-11,NVDA,1,0.13550426723218403,1
2020-02-11,PFE,0,0.26789616659830306,1
2020-02-11,PYPL,1,0.15600537271346732,1
2020-02-11,ZM,0,0.2976456615278605,1
2020-02-12,AAPL,0,0.26396773904917126,1
2020-02-12,AMZN,0,0.07938453334419106,1
2020-02-12,GOOGL,0,0.5612619162469467,1
2020-02-12,INTC,0,0.23995296843370836,1
2020-02-12,MSFT,0,0.5878896668486905,1
2020-02-12,NVDA,1,0.1575425844250715,1
2020-02-12,PFE,0,0.4771674326231168,1
2020-02-12,PYPL,1,0.4489818333292609,1
2020-02-12,ZM,1,0.2188072555154629,1
2020-02-13,AAPL,0,0.3933315972265524,1
2020-02-13,AMZN,0,0.037720406820229334,1
2020-02-13,GOOGL,0,0.5103376127469896,1
2020-02-13,INTC,0,0.5136405904748842,1
2020-02-13,MSFT,0,0.426050796032393,1
2020-02-13,NVDA,1,0.21677561480978333,1
2020-02-13,PFE,0,0.5895626460102757,1
2020-02-13,PYPL,0,0.14432490441093335,1
2020-02-13,ZM,1,0.25655168443196574,1
2020-02-14,AAPL,0,0.329749848313014,1
2020-02-14,AMZN,0,0.04112241500701847,1
2020-02-14,GOOGL,0,0.42097261955012494,1
2020-02-14,INTC,0,0.466000929772095,1
2020-02-14,MSFT,0,0.5930217471527894,1
2020-02-14,NVDA,1,0.16480839842994327,1
2020-02-14,PFE,0,0.8050106830391643,1
2020-02-14,PYPL,0,0.12030274953530601,1
2020-02-14,ZM,1,0.07003548576840966,1
2020-02-18,AAPL,0,0.4008348442644078,1
2020-02-18,AMZN,0,0.0378868640985668,1
2020-02-18,GOOGL,0,0.3572979225616265,1
2020-02-18,INTC,0,0.5278018312272323,1
2020-02-18,MSFT,0,0.5361900892697639,1
2020-02-18,NVDA,1,0.15473273041794067,1
2020-02-18,PFE,0,0.5719808220575374,1
2020-02-18,PYPL,0,0.05427030002517333,1
2020-02-18,ZM,1,0.09843519754914413,1
2020-02-19,AAPL,0,0.41044549355855775,1
2020-02-19,AMZN,0,0.16670491500282014,1
2020-02-19,GOOGL,0,0.35207125580243226,1
2020-02-19,INTC,0,0.40869759560208363,1
2020-02-19,MSFT,0,0.6604473679499263,1
2020-02-19,NVDA,0,0.1784769877502012,1
2020-02-19,PFE,0,0.7490341588201958,1
2020-02-19,PYPL,0,0.055337313721812095,1
2020-02-19,ZM,0,0.06338886415266835,1
2020-02-20,AAPL,0,0.3306869622722178,1
2020-02-20,AMZN,0,0.0965034567550049,1
2020-02-20,GOOGL,0,0.2327113811560503,1
2020-02-20,INTC,0,0.2500862907110606,1
2020-02-20,MSFT,0,0.47702954890164456,1
2020-02-20,NVDA,0,0.12157090680270866,1
2020-02-20,PFE,0,0.5978653550508544,1
2020-02-20,PYPL,0,0.1145009899567449,1
2020-02-20,ZM,0,0.05907968816604223,1
2020-02-21,AAPL,0,0.2323591869553137,1
2020-02-21,AMZN,0,0.5795453067715652,1
2020-02-21,GOOGL,0,0.23047345419012538,1
2020-02-21,INTC,0,0.29907382522882814,1
2020-02-21,MSFT,0,0.8831511809161335,1
2020-02-21,NVDA,0,0.2601605085416802,1
2020-02-21,PFE,0,0.6178868726610162,1
2020-02-21,PYPL,0,0.4251301394372195,1
2020-02-21,ZM,0,0.5898957554865057,1
2020-02-24,AAPL,0,0.27936714164766985,1
2020-02-24,AMZN,0,0.5000776286201267,1
2020-02-24,GOOGL,0,0.7058977559412001,1
2020-02-24,INTC,0,0.35269536746977126,1
2020-02-24,MSFT,0,0.5645626620982365,1
2020-02-24,NVDA,0,0.31271022233237916,1
2020-02-24,PFE,0,0.6369765609907414,1
2020-02-24,PYPL,0,0.48660000243676543,1
2020-02-24,ZM,1,0.1947454186705742,1
2020-02-25,AAPL,0,0.7175145217520269,1
2020-02-25,AMZN,0,0.05122962002031293,1
2020-02-25,GOOGL,0,0.5170708880922507,1
2020-02-25,INTC,0,0.6122891191378509,1
2020-02-25,MSFT,0,0.3686202845333665,1
2020-02-25,NVDA,0,0.2900075200778464,1
2020-02-25,PFE,0,0.5259158062388414,1
2020-02-25,PYPL,0,0.7226579384678167,1
2020-02-25,ZM,1,0.09212153776997312,1
2020-02-26,AAPL,0,0.8137356374555993,1
2020-02-26,AMZN,0,0.02204397035370936,1
2020-02-26,GOOGL,0,0.47550134035798375,1
2020-02-26,INTC,0,0.3681570506757103,1
2020-02-26,MSFT,0,0.24174724157609584,1
2020-02-26,NVDA,0,0.1836944527648544,1
2020-02-26,PFE,0,0.26156349002291956,1
2020-02-26,PYPL,0,0.16648125720990847,1
2020-02-26,ZM,1,0.1864925422327714,1
2020-02-27,AAPL,0,0.8466950414334347,1
2020-02-27,AMZN,0,0.540191015748593,1
2020-02-27,GOOGL,0,0.8895153158716731,1
2020-02-27,INTC,0,0.5230171003040787,1
2020-02-27,MSFT,0,0.884860013802458,1
2020-02-27,NVDA,0,0.26317701034554963,1
2020-02-27,PFE,0,0.6949288599509021,1
2020-02-27,PYPL,0,0.32280667879007313,1
2020-02-27,ZM,0,0.09491926267070164,1
2020-02-28,AAPL,1,0.854602366297431,1
2020-02-28,AMZN,0,0.24925393568711424,1
2020-02-28,GOOGL,0,0.9475988011693011,1
2020-02-28,INTC,1,0.4632629264297979,1
2020-02-28,MSFT,1,0.6833511210289814,1
2020-02-28,NVDA,0,0.22214377173140662,1
2020-02-28,PFE,1,0.5682500652478676,1
2020-02-28,PYPL,1,0.3445341318678534,1
2020-02-28,ZM,1,0.5424683952749751,1
2020-03-02,AAPL,0,0.8233180440716358,1
2020-03-02,AMZN,0,0.2866241465009793,1
2020-03-02,GOOGL,0,0.811670677007133,1
2020-03-02,INTC,0,0.33521349947121903,1
2020-03-02,MSFT,0,0.6684222015367071,1
2020-03-02,NVDA,0,0.16315807967497659,1
2020-03-02,PFE,0,0.7270905958812307,1
2020-03-02,PYPL,0,0.356612140671746,1
2020-03-02,ZM,1,0.41573229404964607,1
2020-03-03,AAPL,0,0.8366479261257326,1
2020-03-03,AMZN,0,0.5913562087609079,1
2020-03-03,GOOGL,0,0.8358805257533032,1
2020-03-03,INTC,0,0.669087987205066,1
2020-03-03,MSFT,0,0.7826544929294332,1
2020-03-03,NVDA,0,0.2414973120131718,1
2020-03-03,PFE,0,0.6651660455063532,1
2020-03-03,PYPL,0,0.711795135681006,1
2020-03-03,ZM,0,0.260412493598916,1
2020-03-04,AAPL,0,0.7265593363503174,1
2020-03-04,AMZN,0,0.234385487704757,1
2020-03-04,GOOGL,0,0.7225168098363,1
2020-03-04,INTC,0,0.3376931425426231,1
2020-03-04,MSFT,0,0.5979310357807384,1
2020-03-04,NVDA,0,0.3025734468914994,1
2020-03-04,PFE,0,0.5506528201675522,1
2020-03-04,PYPL,0,0.22666969426374914,1
2020-03-04,ZM,0,0.24623561848254752,1
2020-03-05,AAPL,0,0.840437629443669,1
2020-03-05,AMZN,0,0.7533698392719327,1
2020-03-05,GOOGL,0,0.8254530277700356,1
2020-03-05,INTC,0,0.7310644795378075,1
2020-03-05,MSFT,0,0.6991787163227253,1
2020-03-05,NVDA,0,0.24316766990881875,1
2020-03-05,PFE,0,0.5935772894817574,1
2020-03-05,PYPL,0,0.7464781896934058,1
2020-03-05,ZM,0,0.24210221422173622,1
2020-03-06,AAPL,0,0.7735864025701106,1
2020-03-06,AMZN,0,0.2596028852248812,1
2020-03-06,GOOGL,0,0.9063049033059887,1
2020-03-06,INTC,0,0.41981936305095663,1
2020-03-06,MSFT,0,0.9008333396788885,1
2020-03-06,NVDA,0,0.420288253823915,1
2020-03-06,PFE,0,0.47006068297781056,1
2020-03-06,PYPL,0,0.37826324589559684,1
2020-03-06,ZM,0,0.3015188296630104,1
2020-03-09,AAPL,0,0.7027702735179505,1
2020-03-09,AMZN,0,0.7340576600238846,1
2020-03-09,GOOGL,0,0.8339940945948416,1
2020-03-09,INTC,0,0.44306288953648165,1
2020-03-09,MSFT,0,0.7962127712161561,1
2020-03-09,NVDA,0,0.2833021867702273,1
2020-03-09,PFE,0,0.3528911690499753,1
2020-03-09,PYPL,0,0.6326492942892302,1
2020-03-09,ZM,0,0.24678747490159536,1
2020-03-10,AAPL,0,0.7793227655327533,1
2020-03-10,AMZN,0,0.139227901739585,1
2020-03-10,GOOGL,0,0.6685478426468476,1
2020-03-10,INTC,0,0.4199805295816823,1
2020-03-10,MSFT,0,0.6684222015367071,1
2020-03-10,NVDA,0,0.560033479697276,1
2020-03-10,PFE,0,0.3067356227958405,1
2020-03-10,PYPL,0,0.3787710425838613,1
2020-03-10,ZM,0,0.40698818753007465,1
2020-03-11,AAPL,0,0.7119316981615124,1
2020-03-11,AMZN,0,0.5347584231235917,1
2020-03-11,GOOGL,0,0.8318193269795006,1
2020-03-11,INTC,0,0.4893053022118492,1
2020-03-11,MSFT,0,0.7826544929294332,1
2020-03-11,NVDA,0,0.33298766054862444,1
2020-03-11,PFE,0,0.503507145434925,1
2020-03-11,PYPL,0,0.6814222440742114,1
2020-03-11,ZM,0,0.2869588447787919,1
2020-03-12,AAPL,1,0.7078930982495937,1
2020-03-12,AMZN,1,0.5342038694169714,1
2020-03-12,GOOGL,0,0.712850453320797,1
2020-03-12,INTC,1,0.4733029135076657,1
2020-03-12,MSFT,1,0.7960286299713307,1
2020-03-12,NVDA,1,0.3063115116260672,1
2020-03-12,PFE,0,0.6149290408460276,1
2020-03-12,PYPL,1,0.7519226799142048,1
2020-03-12,ZM,0,0.3550721670767468,1
2020-03-13,AAPL,0,0.7293515594282698,1
2020-03-13,AMZN,0,0.24856399429903572,1
2020-03-13,GOOGL,0,0.5692223178974674,1
2020-03-13,INTC,0,0.3250636413481569,1
2020-03-13,MSFT,0,0.676227582732599,1
2020-03-13,NVDA,0,0.3465172995983048,1
2020-03-13,PFE,0,0.547989366667064,1
2020-03-13,PYPL,0,0.6029646759304613,1
2020-03-13,ZM,1,0.3907758167924061,1
2020-03-16,AAPL,0,0.6857294364920379,1
2020-03-16,AMZN,1,0.44871168410794526,1
2020-03-16,GOOGL,0,0.48291832243953575,1
2020-03-16,INTC,1,0.18178866295625232,1
2020-03-16,MSFT,1,0.7115297540399572,1
2020-03-16,NVDA,1,0.292929411537011,1
2020-03-16,PFE,0,0.4043101707848261,1
2020-03-16,PYPL,0,0.5904235559224434,1
2020-03-16,ZM,1,0.46886563568823997,1
2020-03-17,AAPL,0,0.6230645357856383,1
2020-03-17,AMZN,0,0.16692720601977667,1
2020-03-17,GOOGL,0,0.482031054570654,1
2020-03-17,INTC,0,0.18321026241121932,1
2020-03-17,MSFT,0,0.6360479621782299,1
2020-03-17,NVDA,0,0.41932520438846826,1
2020-03-17,PFE,0,0.5475097708073039,1
2020-03-17,PYPL,0,0.2701534094169928,1
2020-03-17,ZM,1,0.4128525791186361,1
2020-03-18,AAPL,0,0.3484050847067722,1
2020-03-18,AMZN,0,0.18057916671339005,1
2020-03-18,GOOGL,0,0.2817999701257352,1
2020-03-18,INTC,1,0.23395144611438168,1
2020-03-18,MSFT,1,0.6905923610447765,1
2020-03-18,NVDA,1,0.2197661488254617,1
2020-03-18,PFE,0,0.5038218292426428,1
2020-03-18,PYPL,0,0.5495628564623336,1
2020-03-18,ZM,1,0.40841722229916344,1
2020-03-19,AAPL,0,0.5566692231275068,1
2020-03-19,AMZN,0,0.14084174116864517,1
2020-03-19,GOOGL,0,0.5306633310846832,1
2020-03-19,INTC,1,0.16292504441047173,1
2020-03-19,MSFT,1,0.6431009479348657,1
2020-03-19,NVDA,1,0.19572019022280343,1
2020-03-19,PFE,0,0.463621693893116,1
2020-03-19,PYPL,0,0.45980838119647016,1
2020-03-19,ZM,1,0.28830454622154833,1
2020-03-20,AAPL,0,0.4960346654270126,1
2020-03-20,AMZN,1,0.15198419094037238,1
2020-03-20,GOOGL,1,0.4789698600772114,1
2020-03-20,INTC,1,0.11617176581377303,1
2020-03-20,MSFT,1,0.716054344139835,1
2020-03-20,NVDA,1,0.2966802026338568,1
2020-03-20,PFE,1,0.3827665067665821,1
2020-03-20,PYPL,1,0.5267378519375976,1
2020-03-20,ZM,1,0.062056549463526726,1
2020-03-23,AAPL,1,0.4385527577077345,1
2020-03-23,AMZN,1,0.19709889653042617,1
2020-03-23,GOOGL,1,0.5633289952448551,1
2020-03-23,INTC,1,0.17271781801461558,1
2020-03-23,MSFT,1,0.6384046897166447,1
2020-03-23,NVDA,1,0.14775819772622123,1
2020-03-23,PFE,1,0.3939472412002849,1
2020-03-23,PYPL,1,0.3410144511894991,1
2020-03-23,ZM,0,0.1582590094466756,1
2020-03-24,AAPL,1,0.4776469993338694,1
2020-03-24,AMZN,1,0.42567254138292415,1
2020-03-24,GOOGL,0,0.34519879093340106,1
2020-03-24,INTC,1,0.07636496585939674,1
2020-03-24,MSFT,1,0.6287304275719464,1
2020-03-24,NVDA,0,0.3619342622714526,1
2020-03-24,PFE,1,0.5686166056514553,1
2020-03-24,PYPL,0,0.4953368342147837,1
2020-03-24,ZM,1,0.30702396302199025,1
2020-03-25,AAPL,1,0.4423237927052172,1
2020-03-25,AMZN,1,0.6564007449463065,1
2020-03-25,GOOGL,1,0.262379919224187,1
2020-03-25,INTC,1,0.12329785117387947,1
2020-03-25,MSFT,1,0.598977881987444,1
2020-03-25,NVDA,1,0.2925487006887595,1
2020-03-25,PFE,1,0.3947850935961563,1
2020-03-25,PYPL,1,0.31835520005570844,1
2020-03-25,ZM,1,0.25524934341641,1
2020-03-26,AAPL,0,0.2228525458977201,1
2020-03-26,AMZN,1,0.19236076364525215,1
2020-03-26,GOOGL,0,0.1438034307356937,1
2020-03-26,INTC,0,0.12341385903032379,1
2020-03-26,MSFT,1,0.6320647904927104,1
2020-03-26,NVDA,0,0.20435610227812773,1
2020-03-26,PFE,1,0.41406224229415145,1
2020-03-26,PYPL,0,0.2911442217906305,1
2020-03-26,ZM,1,0.1128473293257396,1
2020-03-27,AAPL,1,0.3480717354284916,1
2020-03-27,AMZN,1,0.6198870014557911,1
2020-03-27,GOOGL,1,0.3673381819198959,1
2020-03-27,INTC,1,0.17329497403716546,1
2020-03-27,MSFT,1,0.6104257948573787,1
2020-03-27,NVDA,1,0.2071325532304712,1
2020-03-27,PFE,1,0.5140237641490927,1
2020-03-27,PYPL,1,0.4937374172789045,1
2020-03-27,ZM,0,0.17876032099392902,1
2020-03-30,AAPL,0,0.3327461522671491,1
2020-03-30,AMZN,1,0.18227296103138463,1
2020-03-30,GOOGL,0,0.16649287316033448,1
2020-03-30,INTC,0,0.06167398177977815,1
2020-03-30,MSFT,0,0.5118745477134035,1
2020-03-30,NVDA,0,0.11254513199831988,1
2020-03-30,PFE,1,0.3784624257954385,1
2020-03-30,PYPL,0,0.44353784183468997,1
2020-03-30,ZM,0,0.15785853874591174,1
2020-03-31,AAPL,0,0.40000717064355246,1
2020-03-31,AMZN,1,0.31348268391306366,1
2020-03-31,GOOGL,0,0.30630444352162034,1
2020-03-31,INTC,1,0.1036246954344033,1
2020-03-31,MSFT,1,0.6102696390861327,1
2020-03-31,NVDA,0,0.19368815161507974,1
2020-03-31,PFE,1,0.361577737855489,1
2020-03-31,PYPL,0,0.4736128211851646,1
2020-03-31,ZM,0,0.47365394273220607,1
2020-04-01,AAPL,1,0.27463947521660975,1
2020-04-01,AMZN,1,0.4234315632336635,1
2020-04-01,GOOGL,1,0.28750357161087364,1
2020-04-01,INTC,1,0.19555616594582062,1
2020-04-01,MSFT,1,0.524322351961873,1
2020-04-01,NVDA,1,0.15267144204311342,1
2020-04-01,PFE,1,0.2770694325571461,1
2020-04-01,PYPL,1,0.39072848051637166,1
2020-04-01,ZM,0,0.31527348436174596,1
2020-04-02,AAPL,1,0.4841032512520437,1
2020-04-02,AMZN,1,0.2742484853668089,1
2020-04-02,GOOGL,1,0.2334351801033374,1
2020-04-02,INTC,1,0.07432810005443193,1
2020-04-02,MSFT,1,0.6628712372078711,1
2020-04-02,NVDA,0,0.08982418855525465,1
2020-04-02,PFE,1,0.14617214189771213,1
2020-04-02,PYPL,1,0.24026903082235385,1
2020-04-02,ZM,0,0.3133975786962863,1
2020-04-03,AAPL,1,0.3889668960618952,1
2020-04-03,AMZN,1,0.3543786372641448,1
2020-04-03,GOOGL,1,0.23473376515005798,1
2020-04-03,INTC,1,0.21228078197972486,1
2020-04-03,MSFT,1,0.6077905701522502,1
2020-04-03,NVDA,1,0.1648830087542349,1
2020-04-03,PFE,1,0.08871824130337481,1
2020-04-03,PYPL,1,0.17693766636134448,1
2020-04-03,ZM,0,0.09309079567216853,1
2020-04-06,AAPL,0,0.2032144785047529,1
2020-04-06,AMZN,1,0.04648566405847645,1
2020-04-06,GOOGL,0,0.2718567237721935,1
2020-04-06,INTC,0,0.1709066976132242,1
2020-04-06,MSFT,0,0.548309166941716,1
2020-04-06,NVDA,1,0.2406185009130833,1
2020-04-06,PFE,1,0.08468884360618006,1
2020-04-06,PYPL,1,0.1203629035602851,1
2020-04-06,ZM,0,0.3555608258764389,1
2020-04-07,AAPL,1,0.2998074957248786,1
2020-04-07,AMZN,1,0.08440591534073444,1
2020-04-07,GOOGL,1,0.22757393222706593,1
2020-04-07,INTC,0,0.18487641769402774,1
2020-04-07,MSFT,0,0.4574903709150512,1
2020-04-07,NVDA,1,0.16336711768012285,1
2020-04-07,PFE,1,0.24781840894124785,1
2020-04-07,PYPL,1,0.13039136556543743,1
2020-04-07,ZM,1,0.41103598695615967,1
2020-04-08,AAPL,1,0.11193067815646175,1
2020-04-08,AMZN,1,0.07199422614222811,1
2020-04-08,GOOGL,1,0.15014670761767251,1
2020-04-08,INTC,0,0.10880461822442153,1
2020-04-08,MSFT,0,0.3669526259580998,1
2020-04-08,NVDA,1,0.10986617878065562,1
2020-04-08,PFE,1,0.08997338372903609,1
2020-04-08,PYPL,1,0.04253557780030002,1
2020-04-08,ZM,1,0.28657548772571206,1
2020-04-09,AAPL,1,0.16352297935902196,1
2020-04-09,AMZN,1,0.11801844571717159,1
2020-04-09,GOOGL,1,0.20300943801374313,1
2020-04-09,INTC,0,0.31580891569936403,1
2020-04-09,MSFT,0,0.5096210112259277,1
2020-04-09,NVDA,1,0.17302717940611895,1
2020-04-09,PFE,1,0.07610416938575293,1
2020-04-09,PYPL,1,0.10280399540402765,1
2020-04-09,ZM,1,0.1937718436580337,1
2020-04-13,AAPL,1,0.20671754673415468,1
2020-04-13,AMZN,1,0.17578868442628215,1
2020-04-13,GOOGL,1,0.16705496259893154,1
2020-04-13,INTC,0,0.09957555381781566,1
2020-04-13,MSFT,1,0.4669229414222945,1
2020-04-13,NVDA,1,0.09735068751925563,1
2020-04-13,PFE,1,0.2830471516062207,1
2020-04-13,PYPL,1,0.14061217611094756,1
2020-04-13,ZM,1,0.6390998876634854,1
2020-04-14,AAPL,0,0.21799367985812057,1
2020-04-14,AMZN,0,0.06740152857089445,1
2020-04-14,GOOGL,0,0.15274117872098314,1
2020-04-14,INTC,0,0.10894369613024736,1
2020-04-14,MSFT,0,0.3304411963110015,1
2020-04-14,NVDA,0,0.11544413194433974,1
2020-04-14,PFE,0,0.15792365930085359,1
2020-04-14,PYPL,1,0.0780875741605171,1
2020-04-14,ZM,1,0.38425151031848503,1
2020-04-15,AAPL,0,0.3540788839692509,1
2020-04-15,AMZN,0,0.1351034767995031,1
2020-04-15,GOOGL,1,0.2746468465490685,1
2020-04-15,INTC,0,0.4059702115205571,1
2020-04-15,MSFT,0,0.5307559717915455,1
2020-04-15,NVDA,0,0.23120890128217808,1
2020-04-15,PFE,1,0.20416685773855206,1
2020-04-15,PYPL,1,0.10110830784611287,1
2020-04-15,ZM,0,0.4929557045843208,1
2020-04-16,AAPL,0,0.1867969961868504,1
2020-04-16,AMZN,0,0.2058064350377124,1
2020-04-16,GOOGL,0,0.18955363073163395,1
2020-04-16,INTC,0,0.1305033992599787,1
2020-04-16,MSFT,0,0.45317876497395215,1
2020-04-16,NVDA,0,0.15024913682074892,1
2020-04-16,PFE,1,0.14356562386130098,1
2020-04-16,PYPL,1,0.10324276256035331,1
2020-04-16,ZM,0,0.5076259343858818,1
2020-04-17,AAPL,0,0.3547528592857068,1
2020-04-17,AMZN,0,0.13171088567789574,1
2020-04-17,GOOGL,0,0.21750029019118935,1
2020-04-17,INTC,0,0.4339127288517697,1
2020-04-17,MSFT,0,0.42137254775883504,1
2020-04-17,NVDA,0,0.25861067609592403,1
2020-04-17,PFE,0,0.07644204748573397,1
2020-04-17,PYPL,0,0.3064683052690104,1
2020-04-17,ZM,0,0.7082497300327182,1
2020-04-20,AAPL,0,0.25194970535524197,1
2020-04-20,AMZN,0,0.23329433823323528,1
2020-04-20,GOOGL,0,0.24724982983445296,1
2020-04-20,INTC,0,0.28646014442752427,1
2020-04-20,MSFT,0,0.4983785521777756,1
2020-04-20,NVDA,0,0.19934245616232388,1
2020-04-20,PFE,1,0.11547658949404568,1
2020-04-20,PYPL,0,0.3602032806746692,1
2020-04-20,ZM,0,0.6615427438285761,1
2020-04-21,AAPL,1,0.5634491952481292,1
2020-04-21,AMZN,0,0.5500265228043333,1
2020-04-21,GOOGL,1,0.19897467410498418,1
2020-04-21,INTC,1,0.22274008113290042,1
2020-04-21,MSFT,1,0.6069381991771863,1
2020-04-21,NVDA,1,0.1828571791220076,1
2020-04-21,PFE,1,0.3094883251486945,1
2020-04-21,PYPL,1,0.3402776187430531,1
2020-04-21,ZM,1,0.5466555892832035,1
2020-04-22,AAPL,1,0.35824635451942627,1
2020-04-22,AMZN,0,0.16680416959534652,1
2020-04-22,GOOGL,1,0.16698108880908016,1
2020-04-22,INTC,0,0.27288394402490845,1
2020-04-22,MSFT,1,0.41170110289749345,1
2020-04-22,NVDA,1,0.2856508917252588,1
2020-04-22,PFE,1,0.1265905545335954,1
2020-04-22,PYPL,1,0.29148120182001447,1
2020-04-22,ZM,1,0.33883101224889894,1
2020-04-23,AAPL,1,0.38533261986610123,1
2020-04-23,AMZN,0,0.1271810360127727,1
2020-04-23,GOOGL,1,0.12579612963828848,1
2020-04-23,INTC,0,0.2008196130895369,1
2020-04-23,MSFT,1,0.47318227690990705,1
2020-04-23,NVDA,1,0.29744502549921276,1
2020-04-23,PFE,0,0.09287919021747132,1
2020-04-23,PYPL,1,0.27907464840057156,1
2020-04-23,ZM,0,0.4031303111843472,1
2020-04-24,AAPL,1,0.3161551515846378,1
2020-04-24,AMZN,0,0.1434658011886246,1
2020-04-24,GOOGL,1,0.1419335768962731,1
2020-04-24,INTC,0,0.1930245370231818,1
2020-04-24,MSFT,1,0.46354173875263927,1
2020-04-24,NVDA,1,0.08790145651356668,1
2020-04-24,PFE,0,0.11432648263338654,1
2020-04-24,PYPL,1,0.202587155369173,1
2020-04-24,ZM,0,0.4070741540034162,1
2020-04-27,AAPL,1,0.34595103124617477,1
2020-04-27,AMZN,0,0.22967633697111622,1
2020-04-27,GOOGL,1,0.23144993427649607,1
2020-04-27,INTC,0,0.2152692438028093,1
2020-04-27,MSFT,1,0.6857496441187115,1
2020-04-27,NVDA,0,0.13378176145838513,1
2020-04-27,PFE,0,0.15233634078900898,1
2020-04-27,PYPL,0,0.24798372525590773,1
2020-04-27,ZM,0,0.3465501640747628,1
2020-04-28,AAPL,1,0.3838394358686079,1
2020-04-28,AMZN,1,0.6183633365969611,1
2020-04-28,GOOGL,1,0.3308512606203449,1
2020-04-28,INTC,0,0.4330621252506024,1
2020-04-28,MSFT,1,0.5689494660411977,1
2020-04-28,NVDA,0,0.11756925837714308,1
2020-04-28,PFE,0,0.43135477425651736,1
2020-04-28,PYPL,1,0.35234335907563435,1
2020-04-28,ZM,0,0.41754473947073073,1
2020-04-29,AAPL,1,0.20455647417859124,1
2020-04-29,AMZN,0,0.19516327298404657,1
2020-04-29,GOOGL,0,0.297697331452045,1
2020-04-29,INTC,0,0.09947324818004119,1
2020-04-29,MSFT,0,0.4990852352918094,1
2020-04-29,NVDA,0,0.12265525175959564,1
2020-04-29,PFE,0,0.15410598812252563,1
2020-04-29,PYPL,1,0.3046012260453325,1
2020-04-29,ZM,0,0.39491761874453507,1
2020-04-30,AAPL,1,0.511521466251698,1
2020-04-30,AMZN,0,0.23911777221588776,1
2020-04-30,GOOGL,0,0.2906457182904577,1
2020-04-30,INTC,0,0.38363411434443256,1
2020-04-30,MSFT,0,0.48950954197214896,1
2020-04-30,NVDA,0,0.17238729907438333,1
2020-04-30,PFE,0,0.12645702178084484,1
2020-04-30,PYPL,1,0.24893007042959706,1
2020-04-30,ZM,1,0.48659892308443464,1
2020-05-01,AAPL,1,0.5623809280228307,1
2020-05-01,AMZN,1,0.30195216330877456,1
2020-05-01,GOOGL,1,0.3385868317826686,1
2020-05-01,INTC,1,0.4520495912752877,1
2020-05-01,MSFT,0,0.7965649888081545,1
2020-05-01,NVDA,1,0.3182748864616462,1
2020-05-01,PFE,0,0.24250427858099416,1
2020-05-01,PYPL,1,0.36195557257111916,1
2020-05-01,ZM,1,0.4877701314124985,1
2020-05-04,AAPL,1,0.6048164946142219,1
2020-05-04,AMZN,1,0.16812820856211394,1
2020-05-04,GOOGL,1,0.3254758874310845,1
2020-05-04,INTC,1,0.23095598276003212,1
2020-05-04,MSFT,0,0.5503085259380237,1
2020-05-04,NVDA,1,0.1412625134651891,1
2020-05-04,PFE,0,0.3882943392382494,1
2020-05-04,PYPL,1,0.338256053658425,1
2020-05-04,ZM,1,0.40347027035811106,1
2020-05-05,AAPL,1,0.3886037395366854,1
2020-05-05,AMZN,1,0.37237857476949127,1
2020-05-05,GOOGL,1,0.3821445447754014,1
2020-05-05,INTC,0,0.18488335064537284,1
2020-05-05,MSFT,0,0.611669910170873,1
2020-05-05,NVDA,1,0.38938610922652545,1
2020-05-05,PFE,0,0.3760007617542221,1
2020-05-05,PYPL,1,0.16938745307696534,1
2020-05-05,ZM,1,0.2971925872404732,1
2020-05-06,AAPL,1,0.3801809752652485,1
2020-05-06,AMZN,1,0.1495922303687848,1
2020-05-06,GOOGL,1,0.21472961145952868,1
2020-05-06,INTC,0,0.17591879165322669,1
2020-05-06,MSFT,0,0.23284904356556937,1
2020-05-06,NVDA,1,0.07440348329738823,1
2020-05-06,PFE,0,0.2867321914236456,1
2020-05-06,PYPL,1,0.04977200280016647,1
2020-05-06,ZM,1,0.2539916051721986,1
2020-05-07,AAPL,1,0.5392693187736892,1
2020-05-07,AMZN,1,0.15113362960825524,1
2020-05-07,GOOGL,0,0.4588866218436843,1
2020-05-07,INTC,0,0.08804571094558578,1
2020-05-07,MSFT,0,0.23765469979840162,1
2020-05-07,NVDA,1,0.22352838895024063,1
2020-05-07,PFE,0,0.5431128195262,1
2020-05-07,PYPL,0,0.17917753162538771,1
2020-05-07,ZM,1,0.2640281289647421,1
2020-05-08,AAPL,0,0.7199709532987305,1
2020-05-08,AMZN,0,0.38964646066839564,1
2020-05-08,GOOGL,0,0.6664241313431205,1
2020-05-08,INTC,0,0.40018358277176247,1
2020-05-08,MSFT,0,0.6683549441171811,1
2020-05-08,NVDA,1,0.14125538236821164,1
2020-05-08,PFE,0,0.14821870176384802,1
2020-05-08,PYPL,0,0.06673425963905613,1
2020-05-08,ZM,1,0.30724804383493065,1
2020-05-11,AAPL,0,0.3093221209937422,1
2020-05-11,AMZN,0,0.02944713828277025,1
2020-05-11,GOOGL,0,0.2562155265136825,1
2020-05-11,INTC,0,0.05193259097642734,1
2020-05-11,MSFT,0,0.2603294445967767,1
2020-05-11,NVDA,0,0.15908297809638192,1
2020-05-11,PFE,0,0.2622749573557774,1
2020-05-11,PYPL,0,0.04887588785730855,1
2020-05-11,ZM,0,0.27741603999344194,1
2020-05-12,AAPL,0,0.4313520215938114,1
2020-05-12,AMZN,1,0.18169037313228806,1
2020-05-12,GOOGL,0,0.3417079936131435,1
2020-05-12,INTC,0,0.3494335720165132,1
2020-05-12,MSFT,0,0.4079556233827588,1
2020-05-12,NVDA,1,0.2600159346918549,1
2020-05-12,PFE,0,0.3913103603831009,1
2020-05-12,PYPL,1,0.09864705782626965,1
2020-05-12,ZM,1,0.5622713818020393,1
2020-05-13,AAPL,0,0.4375950198764772,1
2020-05-13,AMZN,1,0.03638337416950822,1
2020-05-13,GOOGL,1,0.3743380609569047,1
2020-05-13,INTC,1,0.3971725013562014,1
2020-05-13,MSFT,0,0.36783623019082096,1
2020-05-13,NVDA,1,0.14440744606974182,1
2020-05-13,PFE,0,0.5394771216534641,1
2020-05-13,PYPL,1,0.06673782875142918,1
2020-05-13,ZM,1,0.3775789729272515,1
2020-05-14,AAPL,0,0.4928125163689794,1
2020-05-14,AMZN,1,0.10415212890770022,1
2020-05-14,GOOGL,1,0.3759714522194982,1
2020-05-14,INTC,0,0.12779883602992764,1
2020-05-14,MSFT,0,0.2349782919577529,1
2020-05-14,NVDA,1,0.19440974604109132,1
2020-05-14,PFE,0,0.3486918080837657,1
2020-05-14,PYPL,1,0.05300579116032493,1
2020-05-14,ZM,0,0.2276991573971819,1
2020-05-15,AAPL,1,0.6111324929995793,1
2020-05-15,AMZN,0,0.09480623595697261,1
2020-05-15,GOOGL,1,0.3693441540753994,1
2020-05-15,INTC,1,0.4064055930754913,1
2020-05-15,MSFT,0,0.28711655658504087,1
2020-05-15,NVDA,1,0.20224072005887492,1
2020-05-15,PFE,0,0.36700775302309674,1
2020-05-15,PYPL,1,0.07567817204527869,1
2020-05-15,ZM,0,0.31234434230531943,1
2020-05-18,AAPL,1,0.5268757949042902,1
2020-05-18,AMZN,0,0.06811213730226359,1
2020-05-18,GOOGL,1,0.47728273621860745,1
2020-05-18,INTC,1,0.0740458796913621,1
2020-05-18,MSFT,0,0.40949765083401396,1
2020-05-18,NVDA,0,0.20334928079401515,1
2020-05-18,PFE,0,0.4323839942690098,1
2020-05-18,PYPL,1,0.14047362897600219,1
2020-05-18,ZM,1,0.5690033159965077,1
2020-05-19,AAPL,1,0.5221766430364637,1
2020-05-19,AMZN,0,0.07286695299995054,1
2020-05-19,GOOGL,1,0.6990177283168317,1
2020-05-19,INTC,1,0.13601252722414023,1
2020-05-19,MSFT,0,0.5913179540850114,1
2020-05-19,NVDA,0,0.22594382712976063,1
2020-05-19,PFE,0,0.5238563465832875,1
2020-05-19,PYPL,1,0.34843812728195156,1
2020-05-19,ZM,0,0.2582119245885142,1
2020-05-20,AAPL,1,0.6866273364014591,1
2020-05-20,AMZN,0,0.18396933460118792,1
2020-05-20,GOOGL,0,0.525750023854269,1
2020-05-20,INTC,0,0.1401787647035737,1
2020-05-20,MSFT,0,0.48588797998608746,1
2020-05-20,NVDA,0,0.14373633977026154,1
2020-05-20,PFE,0,0.4880278966831521,1
2020-05-20,PYPL,0,0.273128134014526,1
2020-05-20,ZM,0,0.44658970306915013,1
2020-05-21,AAPL,1,0.6200662229093175,1
2020-05-21,AMZN,0,0.2345337925168161,1
2020-05-21,GOOGL,0,0.7214353685404601,1
2020-05-21,INTC,1,0.5047977228286694,1
2020-05-21,MSFT,0,0.6085859445306047,1
2020-05-21,NVDA,0,0.21028483777647386,1
2020-05-21,PFE,0,0.703240169579861,1
2020-05-21,PYPL,0,0.5369029040196126,1
2020-05-21,ZM,0,0.7266395070419024,1
2020-05-22,AAPL,1,0.5752438755765619,1
2020-05-22,AMZN,0,0.18291766450683666,1
2020-05-22,GOOGL,0,0.7644277838540289,1
2020-05-22,INTC,0,0.7365045766596331,1
2020-05-22,MSFT,0,0.7898244308571832,1
2020-05-22,NVDA,0,0.21892896349239196,1
2020-05-22,PFE,0,0.6800715201117344,1
2020-05-22,PYPL,0,0.2919431589601841,1
2020-05-22,ZM,0,0.45048379512782566,1
2020-05-26,AAPL,1,0.18556712648335996,1
2020-05-26,AMZN,0,0.07914393343188696,1
2020-05-26,GOOGL,0,0.5730966495640063,1
2020-05-26,INTC,0,0.6436022631433344,1
2020-05-26,MSFT,0,0.6613082277728715,1
2020-05-26,NVDA,0,0.1666443260306164,1
2020-05-26,PFE,0,0.7082106918604297,1
2020-05-26,PYPL,0,0.737800382873764,1
2020-05-26,ZM,0,0.7306681558504572,1
2020-05-27,AAPL,1,0.21793614968117883,1
2020-05-27,AMZN,1,0.2122798078769263,1
2020-05-27,GOOGL,0,0.6700703553360734,1
2020-05-27,INTC,0,0.4767661153073469,1
2020-05-27,MSFT,1,0.7304147176322247,1
2020-05-27,NVDA,1,0.11668520378734044,1
2020-05-27,PFE,0,0.745604419323717,1
2020-05-27,PYPL,1,0.4658555595847102,1
2020-05-27,ZM,1,0.6480299921205079,1
2020-05-28,AAPL,1,0.27195895187443275,1
2020-05-28,AMZN,1,0.2861227045539012,1
2020-05-28,GOOGL,0,0.7112348556665858,1
2020-05-28,INTC,1,0.7506536126286663,1
2020-05-28,MSFT,1,0.8222851271192294,1
2020-05-28,NVDA,1,0.261456567024342,1
2020-05-28,PFE,0,0.669438849661408,1
2020-05-28,PYPL,1,0.5095409346998041,1
2020-05-28,ZM,1,0.6111641139433619,1
2020-05-29,AAPL,1,0.3283724146855187,1
2020-05-29,AMZN,1,0.08936956447915978,1
2020-05-29,GOOGL,0,0.6037157132549156,1
2020-05-29,INTC,0,0.6244118678796303,1
2020-05-29,MSFT,1,0.6525918249853686,1
2020-05-29,NVDA,0,0.2877011622403352,1
2020-05-29,PFE,0,0.7092681197516086,1
2020-05-29,PYPL,0,0.3450062237044469,1
2020-05-29,ZM,1,0.6678238012316493,1
2020-06-01,AAPL,1,0.4016506778240215,1
2020-06-01,AMZN,1,0.16972741418957535,1
2020-06-01,GOOGL,0,0.7791084848160338,1
2020-06-01,INTC,1,0.676120337917866,1
2020-06-01,MSFT,1,0.7345216701662954,1
2020-06-01,NVDA,1,0.45951789363662454,1
2020-06-01,PFE,0,0.7178994835601965,1
2020-06-01,PYPL,0,0.46617031479543886,1
2020-06-01,ZM,0,0.25723010879319963,1
2020-06-02,AAPL,1,0.0614619445556828,1
2020-06-02,AMZN,1,0.01747109246623018,1
2020-06-02,GOOGL,0,0.3309080495001877,1
2020-06-02,INTC,0,0.07177778276397377,1
2020-06-02,MSFT,1,0.33266713645575285,1
2020-06-02,NVDA,1,0.10435178320153868,1
2020-06-02,PFE,0,0.34210539200852585,1
2020-06-02,PYPL,0,0.2731008624799667,1
2020-06-02,ZM,1,0.25521421213160983,1
2020-06-03,AAPL,1,0.0899625756397062,1
2020-06-03,AMZN,1,0.02591493353848247,1
2020-06-03,GOOGL,0,0.5266944431235208,1
2020-06-03,INTC,0,0.19494514299062377,1
2020-06-03,MSFT,1,0.24281832976822615,1
2020-06-03,NVDA,1,0.3046613627308528,1
2020-06-03,PFE,0,0.26927726843112215,1
2020-06-03,PYPL,0,0.27982808886756677,1
2020-06-03,ZM,0,0.31073601653957944,1
2020-06-04,AAPL,1,0.14571912268268242,1
2020-06-04,AMZN,1,0.08684983709313802,1
2020-06-04,GOOGL,0,0.6320422941893619,1
2020-06-04,INTC,0,0.14372194600087085,1
2020-06-04,MSFT,1,0.42535406325592184,1
2020-06-04,NVDA,1,0.15237022657426152,1
2020-06-04,PFE,0,0.33975233502104996,1
2020-06-04,PYPL,0,0.2747733782196079,1
2020-06-04,ZM,0,0.48866185966595954,1
2020-06-05,AAPL,1,0.12299474166357435,1
2020-06-05,AMZN,1,0.0578091870450274,1
2020-06-05,GOOGL,0,0.6026358240189226,1
2020-06-05,INTC,0,0.20692470044028818,1
2020-06-05,MSFT,1,0.35694702306760406,1
2020-06-05,NVDA,1,0.16063116689998636,1
2020-06-05,PFE,0,0.3198845710046064,1
2020-06-05,PYPL,1,0.2807654482364767,1
2020-06-05,ZM,0,0.2780275934234394,1
2020-06-08,AAPL,1,0.11494031465880562,1
2020-06-08,AMZN,1,0.049050885979125644,1
2020-06-08,GOOGL,0,0.49815640703596126,1
2020-06-08,INTC,0,0.30623305013983354,1
2020-06-08,MSFT,1,0.5260460500780267,1
2020-06-08,NVDA,1,0.2666814439658827,1
2020-06-08,PFE,0,0.510764145940557,1
2020-06-08,PYPL,0,0.4749395761658938,1
2020-06-08,ZM,0,0.7380613084760907,1
2020-06-09,AAPL,0,0.11626189393310868,1
2020-06-09,AMZN,0,0.13222128128925167,1
2020-06-09,GOOGL,0,0.6937100850127301,1
2020-06-09,INTC,0,0.3362661430968836,1
2020-06-09,MSFT,0,0.7698244277698304,1
2020-06-09,NVDA,1,0.3773804783856339,1
2020-06-09,PFE,0,0.7231463270026455,1
2020-06-09,PYPL,0,0.7314520819811933,1
2020-06-09,ZM,1,0.7687867573886382,1
2020-06-10,AAPL,0,0.186938339481356,1
2020-06-10,AMZN,0,0.23131935915124485,1
2020-06-10,GOOGL,0,0.6057979414539145,1
2020-06-10,INTC,0,0.35744880688504616,1
2020-06-10,MSFT,0,0.6571190208045924,1
2020-06-10,NVDA,0,0.36484293672778717,1
2020-06-10,PFE,0,0.6009600879936882,1
2020-06-10,PYPL,0,0.6498131328280524,1
2020-06-10,ZM,1,0.4795108323843697,1
2020-06-11,AAPL,1,0.1838258474244549,1
2020-06-11,AMZN,1,0.20966797554294078,1
2020-06-11,GOOGL,0,0.6219542092353045,1
2020-06-11,INTC,0,0.294747890323303,1
2020-06-11,MSFT,1,0.557002103709549,1
2020-06-11,NVDA,1,0.24437114855892295,1
2020-06-11,PFE,0,0.7279300436066534,1
2020-06-11,PYPL,1,0.473092988489899,1
2020-06-11,ZM,1,0.12069525111632513,1
2020-06-12,AAPL,1,0.10569434837677628,1
2020-06-12,AMZN,1,0.027687812662778526,1
2020-06-12,GOOGL,0,0.6453272289421452,1
2020-06-12,INTC,0,0.15927346721225458,1
2020-06-12,MSFT,1,0.3429227105038894,1
2020-06-12,NVDA,1,0.28078727106440243,1
2020-06-12,PFE,0,0.6617808323181622,1
2020-06-12,PYPL,1,0.27035221992359715,1
2020-06-12,ZM,1,0.27250094999890007,1
2020-06-15,AAPL,1,0.11949251332492897,1
2020-06-15,AMZN,1,0.05659734225038281,1
2020-06-15,GOOGL,0,0.5335273486391691,1
2020-06-15,INTC,0,0.08449622063916006,1
2020-06-15,MSFT,1,0.3111971792275845,1
2020-06-15,NVDA,0,0.15480770217004428,1
2020-06-15,PFE,0,0.7466273060643046,1
2020-06-15,PYPL,1,0.2986044675978255,1
2020-06-15,ZM,0,0.24885930129904033,1
2020-06-16,AAPL,1,0.12591714723112496,1
2020-06-16,AMZN,1,0.04158229634582409,1
2020-06-16,GOOGL,0,0.6498248790697841,1
2020-06-16,INTC,0,0.047998540857727,1
2020-06-16,MSFT,1,0.33680294190686766,1
2020-06-16,NVDA,1,0.3545946618182665,1
2020-06-16,PFE,0,0.507842783210378,1
2020-06-16,PYPL,1,0.38451333168292173,1
2020-06-16,ZM,0,0.21146048231530484,1
2020-06-17,AAPL,1,0.08433668402358623,1
2020-06-17,AMZN,1,0.04986211373055499,1
2020-06-17,GOOGL,0,0.32565387052907124,1
2020-06-17,INTC,0,0.03846607464925587,1
2020-06-17,MSFT,1,0.20320585877623062,1
2020-06-17,NVDA,0,0.1251491817299234,1
2020-06-17,PFE,0,0.37101715885604813,1
2020-06-17,PYPL,1,0.384696345879008,1
2020-06-17,ZM,1,0.4627295701027298,1
2020-06-18,AAPL,1,0.07709418367238197,1
2020-06-18,AMZN,1,0.10132538285789057,1
2020-06-18,GOOGL,0,0.7626396347765505,1
2020-06-18,INTC,0,0.2068057522345042,1
2020-06-18,MSFT,1,0.5205529826260206,1
2020-06-18,NVDA,0,0.22475287759840173,1
2020-06-18,PFE,0,0.4380657236936458,1
2020-06-18,PYPL,1,0.5710535357252642,1
2020-06-18,ZM,1,0.6767045677733154,1
2020-06-19,AAPL,1,0.15543776072508328,1
2020-06-19,AMZN,1,0.3385266403449656,1
2020-06-19,GOOGL,0,0.7057459370063035,1
2020-06-19,INTC,0,0.30783664167101815,1
2020-06-19,MSFT,1,0.61869133160928,1
2020-06-19,NVDA,0,0.40767766905076863,1
2020-06-19,PFE,0,0.5916918925439546,1
2020-06-19,PYPL,1,0.7707092348702722,1
2020-06-19,ZM,1,0.5592150675940681,1
2020-06-22,AAPL,1,0.07762402808999251,1
2020-06-22,AMZN,0,0.08967175256869585,1
2020-06-22,GOOGL,0,0.6896556064669123,1
2020-06-22,INTC,0,0.43177601147059,1
2020-06-22,MSFT,0,0.5057000081517959,1
2020-06-22,NVDA,0,0.144292284773328,1
2020-06-22,PFE,0,0.7949451435634421,1
2020-06-22,PYPL,0,0.4404863621834181,1
2020-06-22,ZM,0,0.37894666036208235,1
2020-06-23,AAPL,0,0.07004926405795896,1
2020-06-23,AMZN,0,0.11799189770852081,1
2020-06-23,GOOGL,0,0.5644615338564221,1
2020-06-23,INTC,0,0.4570235522877129,1
2020-06-23,MSFT,0,0.7080645364656504,1
2020-06-23,NVDA,0,0.3085575508563638,1
2020-06-23,PFE,0,0.8137430140095518,1
2020-06-23,PYPL,0,0.5058882113938474,1
2020-06-23,ZM,0,0.6071409947984081,1
2020-06-24,AAPL,0,0.1791809783926686,1
2020-06-24,AMZN,0,0.13029286946231503,1
2020-06-24,GOOGL,0,0.6161747528890295,1
2020-06-24,INTC,0,0.40240428699957864,1
2020-06-24,MSFT,0,0.6810757830751273,1
2020-06-24,NVDA,0,0.2707448176294378,1
2020-06-24,PFE,1,0.727642043498692,1
2020-06-24,PYPL,1,0.8110074879837254,1
2020-06-24,ZM,0,0.4331976801155255,1
2020-06-25,AAPL,0,0.05105583192358064,1
2020-06-25,AMZN,0,0.1626695179029892,1
2020-06-25,GOOGL,0,0.8155618830903226,1
2020-06-25,INTC,0,0.6425103738781849,1
2020-06-25,MSFT,0,0.5061747146143583,1
2020-06-25,NVDA,0,0.2781475512490952,1
2020-06-25,PFE,0,0.7041553405658313,1
2020-06-25,PYPL,0,0.5131507402001251,1
2020-06-25,ZM,0,0.2846999692889949,1
2020-06-26,AAPL,1,0.2446651816971038,1
2020-06-26,AMZN,0,0.5712440966428305,1
2020-06-26,GOOGL,1,0.8291089820464462,1
2020-06-26,INTC,1,0.6637005012999113,1
2020-06-26,MSFT,1,0.7561577837026905,1
2020-06-26,NVDA,0,0.3272595269906334,1
2020-06-26,PFE,1,0.6313814389487643,1
2020-06-26,PYPL,0,0.52188327903505,1
2020-06-26,ZM,0,0.48595930402050713,1
2020-06-29,AAPL,1,0.10977354392104165,1
2020-06-29,AMZN,1,0.6576205070897552,1
2020-06-29,GOOGL,1,0.6671829086286167,1
2020-06-29,INTC,1,0.44070376155629426,1
2020-06-29,MSFT,1,0.6128469593671642,1
2020-06-29,NVDA,1,0.49586746170131685,1
2020-06-29,PFE,1,0.6323138057522895,1
2020-06-29,PYPL,1,0.7358912528535617,1
2020-06-29,ZM,1,0.7782917726538994,1
2020-06-30,AAPL,1,0.4538860978486895,1
2020-06-30,AMZN,1,0.4519545820769457,1
2020-06-30,GOOGL,1,0.8163090308354184,1
2020-06-30,INTC,0,0.24166953738572555,1
2020-06-30,MSFT,1,0.6992812913237852,1
2020-06-30,NVDA,1,0.24502023159376532,1
2020-06-30,PFE,1,0.775726130397057,1
2020-06-30,PYPL,1,0.4198589887386009,1
2020-06-30,ZM,0,0.4711372206512171,1
2020-07-01,AAPL,1,0.4019996534538834,2
2020-07-01,AMZN,1,0.2580264668172916,2
2020-07-01,GOOGL,1,0.4490638653500371,2
2020-07-01,INTC,0,0.6817307160839596,2
2020-07-01,MSFT,1,0.1980066782975761,2
2020-07-01,NVDA,1,0.6455465292911541,2
2020-07-01,PFE,1,0.4965543445030477,2
2020-07-01,PYPL,0,0.15813929051997397,2
2020-07-01,ZM,1,0.2033104759637454,2
2020-07-02,AAPL,1,0.3852692832283192,2
2020-07-02,AMZN,1,0.32333404634580093,2
2020-07-02,GOOGL,1,0.3240674476453014,2
2020-07-02,INTC,0,0.6867159314161744,2
2020-07-02,MSFT,1,0.25738591853595405,2
2020-07-02,NVDA,1,0.6335985728860556,2
2020-07-02,PFE,0,0.5121794639868701,2
2020-07-02,PYPL,0,0.1931377664442397,2
2020-07-02,ZM,1,0.20458806180939162,2
2020-07-06,AAPL,1,0.37089139685693967,2
2020-07-06,AMZN,0,0.12257903795872767,2
2020-07-06,GOOGL,1,0.2712131766211135,2
2020-07-06,INTC,0,0.7221635549544738,2
2020-07-06,MSFT,0,0.21113044362398067,2
2020-07-06,NVDA,1,0.6348662123831031,2
2020-07-06,PFE,0,0.5101588775879697,2
2020-07-06,PYPL,1,0.1764421037040228,2
2020-07-06,ZM,1,0.2076272073783789,2
2020-07-07,AAPL,1,0.295624724745753,2
2020-07-07,AMZN,1,0.3507176277032109,2
2020-07-07,GOOGL,1,0.32926645930715365,2
2020-07-07,INTC,1,0.7855109862066877,2
2020-07-07,MSFT,0,0.11915475794159024,2
2020-07-07,NVDA,1,0.3757730938242037,2
2020-07-07,PFE,0,0.467107506936126,2
2020-07-07,PYPL,0,0.24916285737926708,2
2020-07-07,ZM,1,0.27867437306722204,2
2020-07-08,AAPL,1,0.3800221106147467,2
2020-07-08,AMZN,1,0.3844075838887807,2
2020-07-08,GOOGL,1,0.42673150797853954,2
2020-07-08,INTC,0,0.8094820364977623,2
2020-07-08,MSFT,0,0.3393156104033799,2
2020-07-08,NVDA,1,0.39799010351341785,2
2020-07-08,PFE,0,0.4707075743148001,2
2020-07-08,PYPL,0,0.3830907170442153,2
2020-07-08,ZM,1,0.2245955786522651,2
2020-07-09,AAPL,1,0.5130625818074723,2
2020-07-09,AMZN,0,0.3313774411195234,2
2020-07-09,GOOGL,1,0.22319433201650732,2
2020-07-09,INTC,1,0.7831698211602793,2
2020-07-09,MSFT,0,0.31678065879883993,2
2020-07-09,NVDA,0,0.23321066463976095,2
2020-07-09,PFE,1,0.3921476640403322,2
2020-07-09,PYPL,0,0.27367026079563933,2
2020-07-09,ZM,0,0.18886209249420446,2
2020-07-10,AAPL,1,0.4411732756767014,2
2020-07-10,AMZN,0,0.31294006653252293,2
2020-07-10,GOOGL,0,0.5040999248654489,2
2020-07-10,INTC,0,0.8707523727689145,2
2020-07-10,MSFT,0,0.3883884880209054,2
2020-07-10,NVDA,0,0.3013357483882068,2
2020-07-10,PFE,1,0.6755903930893771,2
2020-07-10,PYPL,0,0.5001447250611707,2
2020-07-10,ZM,0,0.3415895332058715,2
2020-07-13,AAPL,1,0.5760963542662639,2
2020-07-13,AMZN,0,0.32601139595623896,2
2020-07-13,GOOGL,1,0.46801982274638787,2
2020-07-13,INTC,0,0.7946614257618599,2
2020-07-13,MSFT,0,0.583207420152309,2
2020-07-13,NVDA,0,0.5339769645518776,2
2020-07-13,PFE,1,0.38069761936093977,2
2020-07-13,PYPL,0,0.6450788574998979,2
2020-07-13,ZM,0,0.6821597207293831,2
2020-07-14,AAPL,0,0.5337313160046468,2
2020-07-14,AMZN,0,0.3126968844126634,2
2020-07-14,GOOGL,1,0.3437628701270795,2
2020-07-14,INTC,1,0.699174249053249,2
2020-07-14,MSFT,0,0.5269991557412941,2
2020-07-14,NVDA,0,0.6370710076490521,2
2020-07-14,PFE,1,0.2680342700822228,2
2020-07-14,PYPL,0,0.5395498204688123,2
2020-07-14,ZM,0,0.5440803423302281,2
2020-07-15,AAPL,0,0.43963141334925704,2
2020-07-15,AMZN,0,0.3524273626635779,2
2020-07-15,GOOGL,1,0.3867663431226511,2
2020-07-15,INTC,1,0.6809365054291359,2
2020-07-15,MSFT,0,0.34799839750844086,2
2020-07-15,NVDA,0,0.7249968368104038,2
2020-07-15,PFE,1,0.4291085241605412,2
2020-07-15,PYPL,0,0.6511373867959,2
2020-07-15,ZM,0,0.669918698673103,2
2020-07-16,AAPL,0,0.15170268461680317,2
2020-07-16,AMZN,1,0.3990272220833224,2
2020-07-16,GOOGL,1,0.2723850277373697,2
2020-07-16,INTC,1,0.750196459678534,2
2020-07-16,MSFT,1,0.6955859835907086,2
2020-07-16,NVDA,1,0.502492131747212,2
2020-07-16,PFE,1,0.46894868754589314,2
2020-07-16,PYPL,1,0.6287083045376666,2
2020-07-16,ZM,0,0.717720775020137,2
2020-07-17,AAPL,0,0.3633526977859084,2
2020-07-17,AMZN,1,0.17319090114129002,2
2020-07-17,GOOGL,1,0.24804364584168176,2
2020-07-17,INTC,0,0.4302081865377437,2
2020-07-17,MSFT,1,0.5305723312200465,2
2020-07-17,NVDA,1,0.52442022796568,2
2020-07-17,PFE,1,0.581212824294639,2
2020-07-17,PYPL,1,0.7253531344921904,2
2020-07-17,ZM,1,0.5766128442072244,2
2020-07-20,AAPL,0,0.3025316437897411,2
2020-07-20,AMZN,0,0.21153911510762932,2
2020-07-20,GOOGL,0,0.17216854208664648,2
2020-07-20,INTC,0,0.40799425462767464,2
2020-07-20,MSFT,0,0.2541699983452779,2
2020-07-20,NVDA,0,0.2922385991564577,2
2020-07-20,PFE,1,0.4276414035373668,2
2020-07-20,PYPL,0,0.3214433644497707,2
2020-07-20,ZM,0,0.20125889055588925,2
2020-07-21,AAPL,0,0.5674600259772314,2
2020-07-21,AMZN,0,0.20561593643296935,2
2020-07-21,GOOGL,0,0.5429546723627622,2
2020-07-21,INTC,0,0.6902854989415534,2
2020-07-21,MSFT,0,0.46452315396434046,2
2020-07-21,NVDA,0,0.7726683440961933,2
2020-07-21,PFE,1,0.361529796548783,2
2020-07-21,PYPL,0,0.5272647796513794,2
2020-07-21,ZM,0,0.5131068630393102,2
2020-07-22,AAPL,0,0.6081123189318681,2
2020-07-22,AMZN,0,0.4468525053166847,2
2020-07-22,GOOGL,0,0.511187399717202,2
2020-07-22,INTC,0,0.34069030470089284,2
2020-07-22,MSFT,0,0.4392953956050468,2
2020-07-22,NVDA,0,0.6834453896428379,2
2020-07-22,PFE,0,0.2812799702035258,2
2020-07-22,PYPL,0,0.48592180197281665,2
2020-07-22,ZM,0,0.5063956618943444,2
2020-07-23,AAPL,0,0.5439857165681742,2
2020-07-23,AMZN,0,0.8483831767900178,2
2020-07-23,GOOGL,0,0.5268901228690678,2
2020-07-23,INTC,0,0.6636546479783906,2
2020-07-23,MSFT,1,0.3968224918999007,2
2020-07-23,NVDA,0,0.6975579430922971,2
2020-07-23,PFE,0,0.43862508238175885,2
2020-07-23,PYPL,0,0.4693974898490144,2
2020-07-23,ZM,0,0.46309894883513425,2
2020-07-24,AAPL,1,0.4780443554819099,2
2020-07-24,AMZN,1,0.8312939622325229,2
2020-07-24,GOOGL,0,0.5472471570915396,2
2020-07-24,INTC,0,0.6673167595500428,2
2020-07-24,MSFT,1,0.5591745393327221,2
2020-07-24,NVDA,1,0.8308839936011576,2
2020-07-24,PFE,0,0.33176910914212565,2
2020-07-24,PYPL,1,0.6163347293526931,2
2020-07-24,ZM,1,0.5237238040699141,2
2020-07-27,AAPL,1,0.5233439411974611,2
2020-07-27,AMZN,1,0.9225300908757788,2
2020-07-27,GOOGL,0,0.4198021304191396,2
2020-07-27,INTC,0,0.7201525487731315,2
2020-07-27,MSFT,1,0.6167167741788468,2
2020-07-27,NVDA,1,0.6101208750760597,2
2020-07-27,PFE,0,0.284817316841706,2
2020-07-27,PYPL,1,0.5654352217036155,2
2020-07-27,ZM,0,0.6592892760129714,2
2020-07-28,AAPL,1,0.46583729187978495,2
2020-07-28,AMZN,1,0.8822996754676117,2
2020-07-28,GOOGL,0,0.33873771579688455,2
2020-07-28,INTC,0,0.7319073395075395,2
2020-07-28,MSFT,1,0.4757189958518968,2
2020-07-28,NVDA,1,0.7286577539699491,2
2020-07-28,PFE,0,0.1580102953420169,2
2020-07-28,PYPL,1,0.49698427381094734,2
2020-07-28,ZM,0,0.6060697826980133,2
2020-07-29,AAPL,1,0.5385128157913783,2
2020-07-29,AMZN,1,0.9128339215069019,2
2020-07-29,GOOGL,0,0.2605085659162434,2
2020-07-29,INTC,0,0.6143099510582501,2
2020-07-29,MSFT,1,0.5651114862702132,2
2020-07-29,NVDA,1,0.772479131767769,2
2020-07-29,PFE,0,0.07700119671825545,2
2020-07-29,PYPL,1,0.5003885272807591,2
2020-07-29,ZM,0,0.5866382143299109,2
2020-07-30,AAPL,1,0.30514901408444817,2
2020-07-30,AMZN,1,0.7356431092129844,2
2020-07-30,GOOGL,0,0.08753053384561407,2
2020-07-30,INTC,0,0.44889195883191446,2
2020-07-30,MSFT,1,0.41760396827477864,2
2020-07-30,NVDA,1,0.5899214387890576,2
2020-07-30,PFE,0,0.17831530695943051,2
2020-07-30,PYPL,1,0.2394469854660174,2
2020-07-30,ZM,1,0.34154749603179146,2
2020-07-31,AAPL,1,0.5658068776074668,2
2020-07-31,AMZN,0,0.7915147947089225,2
2020-07-31,GOOGL,1,0.2079667014040838,2
2020-07-31,INTC,0,0.5698144230660489,2
2020-07-31,MSFT,1,0.5840337980580288,2
2020-07-31,NVDA,1,0.7623236866180658,2
2020-07-31,PFE,0,0.22623088049244594,2
2020-07-31,PYPL,0,0.3475413480731012,2
2020-07-31,ZM,1,0.6209432779582023,2
2020-08-03,AAPL,1,0.7857669708433453,2
2020-08-03,AMZN,1,0.7732511096646993,2
2020-08-03,GOOGL,1,0.3019082239954544,2
2020-08-03,INTC,0,0.5280721569343882,2
2020-08-03,MSFT,0,0.45142456800154884,2
2020-08-03,NVDA,1,0.6732481346178955,2
2020-08-03,PFE,0,0.16988686376655507,2
2020-08-03,PYPL,0,0.4623324875777362,2
2020-08-03,ZM,0,0.4748900839616016,2
2020-08-04,AAPL,1,0.7522850001117893,2
2020-08-04,AMZN,1,0.8345223991672144,2
2020-08-04,GOOGL,1,0.2559000075066899,2
2020-08-04,INTC,0,0.3578343368009497,2
2020-08-04,MSFT,0,0.4877261966704312,2
2020-08-04,NVDA,0,0.6839129616453831,2
2020-08-04,PFE,0,0.20757553431507897,2
2020-08-04,PYPL,0,0.3664188614327964,2
2020-08-04,ZM,0,0.4569847926540451,2
2020-08-05,AAPL,1,0.6028635353535806,2
2020-08-05,AMZN,0,0.5915286792466883,2
2020-08-05,GOOGL,1,0.2333200476464893,2
2020-08-05,INTC,0,0.3741229009452663,2
2020-08-05,MSFT,0,0.40936216921317586,2
2020-08-05,NVDA,0,0.4651810551651835,2
2020-08-05,PFE,0,0.21170128944349573,2
2020-08-05,PYPL,0,0.15453515992881878,2
2020-08-05,ZM,0,0.24105761561978503,2
2020-08-06,AAPL,0,0.44292341500446014,2
2020-08-06,AMZN,0,0.3333824464716387,2
2020-08-06,GOOGL,1,0.44207892073274996,2
2020-08-06,INTC,0,0.3587248697347336,2
2020-08-06,MSFT,0,0.24934433124813424,2
2020-08-06,NVDA,0,0.4264634774247463,2
2020-08-06,PFE,0,0.30954049322207017,2
2020-08-06,PYPL,0,0.12073168766898175,2
2020-08-06,ZM,0,0.25283126066002687,2
2020-08-07,AAPL,1,0.5189643540812016,2
2020-08-07,AMZN,0,0.7398166788229139,2
2020-08-07,GOOGL,1,0.4700511152472574,2
2020-08-07,INTC,1,0.4572859466412593,2
2020-08-07,MSFT,0,0.5400167021207237,2
2020-08-07,NVDA,0,0.6327484958547973,2
2020-08-07,PFE,0,0.10167397798410195,2
2020-08-07,PYPL,0,0.15830818486142467,2
2020-08-07,ZM,0,0.48877179814083055,2
2020-08-10,AAPL,0,0.26629050665604825,2
2020-08-10,AMZN,0,0.7519198661394234,2
2020-08-10,GOOGL,1,0.45391983800389873,2
2020-08-10,INTC,0,0.35371364126324434,2
2020-08-10,MSFT,0,0.5472952148518448,2
2020-08-10,NVDA,0,0.6149262646694783,2
2020-08-10,PFE,0,0.11451817636718817,2
2020-08-10,PYPL,0,0.263870676001578,2
2020-08-10,ZM,0,0.5237759029081516,2
2020-08-11,AAPL,1,0.5603998088241477,2
2020-08-11,AMZN,1,0.7388952448177132,2
2020-08-11,GOOGL,1,0.37544129861466885,2
2020-08-11,INTC,1,0.41623072012902923,2
2020-08-11,MSFT,1,0.4747571184234522,2
2020-08-11,NVDA,1,0.6832957673425122,2
2020-08-11,PFE,0,0.1667053907520315,2
2020-08-11,PYPL,1,0.48270686512929056,2
2020-08-11,ZM,1,0.30475785412122447,2
2020-08-12,AAPL,1,0.37728517870636813,2
2020-08-12,AMZN,1,0.47483814737001406,2
2020-08-12,GOOGL,1,0.3400956684999782,2
2020-08-12,INTC,1,0.2007928469993465,2
2020-08-12,MSFT,1,0.4618332282000803,2
2020-08-12,NVDA,1,0.4146186763990644,2
2020-08-12,PFE,0,0.05867053892139809,2
2020-08-12,PYPL,1,0.24811438285939677,2
2020-08-12,ZM,1,0.44992266288621824,2
2020-08-13,AAPL,1,0.1806518056531351,2
2020-08-13,AMZN,1,0.4544667070563644,2
2020-08-13,GOOGL,1,0.28202552423074123,2
2020-08-13,INTC,1,0.24545974514096552,2
2020-08-13,MSFT,1,0.5348923627189445,2
2020-08-13,NVDA,1,0.49091064194550893,2
2020-08-13,PFE,0,0.25846616806342165,2
2020-08-13,PYPL,1,0.18165755391612365,2
2020-08-13,ZM,1,0.4294199275860464,2
2020-08-14,AAPL,1,0.23411181687730762,2
2020-08-14,AMZN,1,0.7776510445684608,2
2020-08-14,GOOGL,1,0.3763230759034546,2
2020-08-14,INTC,1,0.32947701395737927,2
2020-08-14,MSFT,1,0.47818395631793437,2
2020-08-14,NVDA,1,0.3919461661018149,2
2020-08-14,PFE,0,0.2646417046597026,2
2020-08-14,PYPL,1,0.2226028581928262,2
2020-08-14,ZM,1,0.5036042862211585,2
2020-08-17,AAPL,1,0.1485178813813977,2
2020-08-17,AMZN,1,0.418089911247061,2
2020-08-17,GOOGL,1,0.3931637379831926,2
2020-08-17,INTC,1,0.3394252799310937,2
2020-08-17,MSFT,1,0.5797480183258852,2
2020-08-17,NVDA,0,0.5760597333093889,2
2020-08-17,PFE,0,0.3406421043182122,2
2020-08-17,PYPL,0,0.2270582286772235,2
2020-08-17,ZM,1,0.3123754068329324,2
2020-08-18,AAPL,1,0.313478592385481,2
2020-08-18,AMZN,1,0.47278449845190024,2
2020-08-18,GOOGL,1,0.18492384942202458,2
2020-08-18,INTC,1,0.3174543810030877,2
2020-08-18,MSFT,1,0.41941101088722005,2
2020-08-18,NVDA,0,0.6055014216132061,2
2020-08-18,PFE,0,0.17134482247775834,2
2020-08-18,PYPL,1,0.29209445564000214,2
2020-08-18,ZM,1,0.34292072937422985,2
2020-08-19,AAPL,1,0.19003138921405566,2
2020-08-19,AMZN,1,0.32566146778326555,2
2020-08-19,GOOGL,1,0.4383422283770041,2
2020-08-19,INTC,1,0.589986469857283,2
2020-08-19,MSFT,1,0.5475853082634259,2
2020-08-19,NVDA,1,0.501206641270531,2
2020-08-19,PFE,0,0.38726564196358687,2
2020-08-19,PYPL,1,0.48229714510025906,2
2020-08-19,ZM,1,0.3642817669418143,2
2020-08-20,AAPL,1,0.14243624515679693,2
2020-08-20,AMZN,1,0.6558689359007779,2
2020-08-20,GOOGL,1,0.2244979264309278,2
2020-08-20,INTC,1,0.4857777364425511,2
2020-08-20,MSFT,1,0.3391126323732039,2
2020-08-20,NVDA,1,0.40404384937927135,2
2020-08-20,PFE,0,0.38782135519459576,2
2020-08-20,PYPL,1,0.48705724422361396,2
2020-08-20,ZM,0,0.2152371702736595,2
2020-08-21,AAPL,1,0.0925094803953938,2
2020-08-21,AMZN,1,0.36247914347482607,2
2020-08-21,GOOGL,1,0.3079916863675679,2
2020-08-21,INTC,1,0.5554804870034858,2
2020-08-21,MSFT,1,0.5497401447945272,2
2020-08-21,NVDA,1,0.47861718445018436,2
2020-08-21,PFE,0,0.29533653379559693,2
2020-08-21,PYPL,1,0.5307097402106349,2
2020-08-21,ZM,0,0.5147017652856662,2
2020-08-24,AAPL,1,0.13380324473907096,2
2020-08-24,AMZN,1,0.4147429238706056,2
2020-08-24,GOOGL,1,0.2598419454505236,2
2020-08-24,INTC,1,0.7208373400941911,2
2020-08-24,MSFT,1,0.5002234923320203,2
2020-08-24,NVDA,1,0.41447267613876465,2
2020-08-24,PFE,0,0.46583788061590264,2
2020-08-24,PYPL,1,0.5351567486284678,2
2020-08-24,ZM,0,0.5822813483895738,2
2020-08-25,AAPL,1,0.1718538188044198,2
2020-08-25,AMZN,1,0.40390856981005513,2
2020-08-25,GOOGL,1,0.3495420843112509,2
2020-08-25,INTC,1,0.5683585612590384,2
2020-08-25,MSFT,1,0.5090361595235042,2
2020-08-25,NVDA,1,0.38869981801043146,2
2020-08-25,PFE,0,0.5742618251167757,2
2020-08-25,PYPL,1,0.6015284432697451,2
2020-08-25,ZM,1,0.5229202031461228,2
2020-08-26,AAPL,0,0.4223986569171999,2
2020-08-26,AMZN,0,0.4578835113645681,2
2020-08-26,GOOGL,1,0.19290176526035538,2
2020-08-26,INTC,1,0.6176179773927044,2
2020-08-26,MSFT,1,0.6177747164394821,2
2020-08-26,NVDA,1,0.2645166525046152,2
2020-08-26,PFE,0,0.6580938889192836,2
2020-08-26,PYPL,1,0.7402347110175626,2
2020-08-26,ZM,1,0.5733797800322922,2
2020-08-27,AAPL,1,0.10638566407305697,2
2020-08-27,AMZN,1,0.150826188124912,2
2020-08-27,GOOGL,1,0.15810470759042403,2
2020-08-27,INTC,1,0.5130099481707208,2
2020-08-27,MSFT,0,0.38709173397469804,2
2020-08-27,NVDA,1,0.20770810615696753,2
2020-08-27,PFE,0,0.5177816247624387,2
2020-08-27,PYPL,1,0.571386305475069,2
2020-08-27,ZM,1,0.25999796678111015,2
2020-08-28,AAPL,1,0.252203937113007,2
2020-08-28,AMZN,1,0.31716261003951246,2
2020-08-28,GOOGL,1,0.44356940258733873,2
2020-08-28,INTC,1,0.5296337411602128,2
2020-08-28,MSFT,0,0.2241561758954395,2
2020-08-28,NVDA,1,0.3718058420424375,2
2020-08-28,PFE,0,0.5377319762483774,2
2020-08-28,PYPL,1,0.33902564610543456,2
2020-08-28,ZM,1,0.3993686743678301,2
2020-08-31,AAPL,1,0.10809935234011406,2
2020-08-31,AMZN,0,0.16185297079354144,2
2020-08-31,GOOGL,1,0.19338601068899894,2
2020-08-31,INTC,0,0.48794290389435835,2
2020-08-31,MSFT,0,0.16116941709862506,2
2020-08-31,NVDA,1,0.2779750543588052,2
2020-08-31,PFE,0,0.8606705020824651,2
2020-08-31,PYPL,1,0.4215940970923178,2
2020-08-31,ZM,1,0.05880480530907228,2
2020-09-01,AAPL,0,0.07546378549558912,2
2020-09-01,AMZN,0,0.11047574288580964,2
2020-09-01,GOOGL,1,0.21081594081885588,2
2020-09-01,INTC,0,0.5578871425164516,2
2020-09-01,MSFT,0,0.2165480855245934,2
2020-09-01,NVDA,1,0.1855237834965059,2
2020-09-01,PFE,0,0.24854522242891836,2
2020-09-01,PYPL,0,0.2109642594776418,2
2020-09-01,ZM,0,0.082474344669111,2
2020-09-02,AAPL,0,0.5380148045179841,2
2020-09-02,AMZN,0,0.3836788769150393,2
2020-09-02,GOOGL,0,0.7990664701938791,2
2020-09-02,INTC,0,0.8346458674928815,2
2020-09-02,MSFT,0,0.3656192948229715,2
2020-09-02,NVDA,0,0.8357289739396997,2
2020-09-02,PFE,0,0.6967452227070764,2
2020-09-02,PYPL,0,0.45283924256782754,2
2020-09-02,ZM,0,0.3118613253829007,2
2020-09-03,AAPL,0,0.6922489136996347,2
2020-09-03,AMZN,0,0.25151243461981515,2
2020-09-03,GOOGL,0,0.9530317117123245,2
2020-09-03,INTC,0,0.9168811812623099,2
2020-09-03,MSFT,0,0.5218763936852907,2
2020-09-03,NVDA,0,0.9425045523939618,2
2020-09-03,PFE,0,0.7406735563765119,2
2020-09-03,PYPL,0,0.32446897741510483,2
2020-09-03,ZM,0,0.3358357367641403,2
2020-09-04,AAPL,0,0.6939694508809093,2
2020-09-04,AMZN,0,0.554527994206884,2
2020-09-04,GOOGL,0,0.9333440236232227,2
2020-09-04,INTC,0,0.921889584413978,2
2020-09-04,MSFT,0,0.5205286199963207,2
2020-09-04,NVDA,0,0.9152242225638938,2
2020-09-04,PFE,0,0.748082106759149,2
2020-09-04,PYPL,0,0.4251365770641539,2
2020-09-04,ZM,0,0.4027389812979483,2
2020-09-08,AAPL,0,0.6182467839128789,2
2020-09-08,AMZN,0,0.36302755250483254,2
2020-09-08,GOOGL,0,0.7946628430720513,2
2020-09-08,INTC,0,0.8632604820920464,2
2020-09-08,MSFT,0,0.4993233918314698,2
2020-09-08,NVDA,1,0.9080927324964048,2
2020-09-08,PFE,0,0.5959826167681413,2
2020-09-08,PYPL,0,0.43596559191165174,2
2020-09-08,ZM,1,0.40114137354056834,2
2020-09-09,AAPL,0,0.6196551963885962,2
2020-09-09,AMZN,0,0.5255435869738321,2
2020-09-09,GOOGL,0,0.8323921589770195,2
2020-09-09,INTC,0,0.7935733052375288,2
2020-09-09,MSFT,0,0.5504984713195487,2
2020-09-09,NVDA,0,0.7241792545300434,2
2020-09-09,PFE,0,0.53663847543872,2
2020-09-09,PYPL,0,0.3580288171843627,2
2020-09-09,ZM,1,0.1933493367943268,2
2020-09-10,AAPL,0,0.5854454876049675,2
2020-09-10,AMZN,0,0.39684368328134545,2
2020-09-10,GOOGL,0,0.7241699518516292,2
2020-09-10,INTC,0,0.8905724783510784,2
2020-09-10,MSFT,0,0.3035240206307073,2
2020-09-10,NVDA,1,0.8226652299426609,2
2020-09-10,PFE,0,0.31812454526332423,2
2020-09-10,PYPL,0,0.31657481859069825,2
2020-09-10,ZM,1,0.20092398169642414,2
2020-09-11,AAPL,0,0.2197641861173049,2
2020-09-11,AMZN,0,0.25614287854072637,2
2020-09-11,GOOGL,0,0.5133262820653803,2
2020-09-11,INTC,0,0.6134007873417067,2
2020-09-11,MSFT,0,0.33793516738243506,2
2020-09-11,NVDA,1,0.7188053636044642,2
2020-09-11,PFE,0,0.2104092021469303,2
2020-09-11,PYPL,0,0.1701764662822132,2
2020-09-11,ZM,1,0.11832027908523465,2
2020-09-14,AAPL,0,0.1327957524850391,2
2020-09-14,AMZN,0,0.17772820601996636,2
2020-09-14,GOOGL,0,0.23869950811127044,2
2020-09-14,INTC,0,0.2215629361862031,2
2020-09-14,MSFT,0,0.28581154398862446,2
2020-09-14,NVDA,0,0.5205272035404835,2
2020-09-14,PFE,0,0.06138614901847602,2
2020-09-14,PYPL,0,0.17293736867503623,2
2020-09-14,ZM,1,0.1783765547281189,2
2020-09-15,AAPL,0,0.12564796756103355,2
2020-09-15,AMZN,0,0.15995968326880106,2
2020-09-15,GOOGL,0,0.2066849718531192,2
2020-09-15,INTC,0,0.09086228667855525,2
2020-09-15,MSFT,0,0.18945877140357203,2
2020-09-15,NVDA,0,0.5560141242113792,2
2020-09-15,PFE,0,0.024610665833391738,2
2020-09-15,PYPL,0,0.09204295014030592,2
2020-09-15,ZM,0,0.17501808998612073,2
2020-09-16,AAPL,0,0.08177768515322666,2
2020-09-16,AMZN,0,0.10890636950630837,2
2020-09-16,GOOGL,0,0.2089349330332384,2
2020-09-16,INTC,0,0.0823288348337784,2
2020-09-16,MSFT,0,0.11248984408473792,2
2020-09-16,NVDA,0,0.35001560282428584,2
2020-09-16,PFE,0,0.023899837565708456,2
2020-09-16,PYPL,0,0.07418840767581637,2
2020-09-16,ZM,0,0.069755551593409,2
2020-09-17,AAPL,0,0.2585954235132484,2
2020-09-17,AMZN,0,0.3644629905717921,2
2020-09-17,GOOGL,0,0.6245502394554044,2
2020-09-17,INTC,0,0.2017052296246572,2
2020-09-17,MSFT,0,0.37270404498086457,2
2020-09-17,NVDA,0,0.8264286738772096,2
2020-09-17,PFE,0,0.05469744179871716,2
2020-09-17,PYPL,1,0.4953321978648027,2
2020-09-17,ZM,1,0.3868460426990818,2
2020-09-18,AAPL,1,0.48029393141353743,2
2020-09-18,AMZN,1,0.4554655544986701,2
2020-09-18,GOOGL,0,0.6821133301580765,2
2020-09-18,INTC,1,0.45024908952432546,2
2020-09-18,MSFT,1,0.44317239999181157,2
2020-09-18,NVDA,1,0.7377072479698136,2
2020-09-18,PFE,0,0.10267699353079904,2
2020-09-18,PYPL,1,0.5626304639661254,2
2020-09-18,ZM,1,0.394952895597906,2
2020-09-21,AAPL,0,0.2782365936667024,2
2020-09-21,AMZN,1,0.7847554603887185,2
2020-09-21,GOOGL,1,0.6965666002005014,2
2020-09-21,INTC,1,0.3778686947576076,2
2020-09-21,MSFT,1,0.49037514072298855,2
2020-09-21,NVDA,0,0.7210481944329941,2
2020-09-21,PFE,0,0.16470133081522598,2
2020-09-21,PYPL,1,0.40801779889481077,2
2020-09-21,ZM,1,0.38910843246512805,2
2020-09-22,AAPL,0,0.5259088896188697,2
2020-09-22,AMZN,0,0.5375044394265006,2
2020-09-22,GOOGL,0,0.6505090949136532,2
2020-09-22,INTC,1,0.21532618149111893,2
2020-09-22,MSFT,0,0.5398693780371152,2
2020-09-22,NVDA,0,0.7349246803179829,2
2020-09-22,PFE,0,0.13428518773557105,2
2020-09-22,PYPL,0,0.5431736143884108,2
2020-09-22,ZM,1,0.4624233781610745,2
2020-09-23,AAPL,1,0.7408576181738534,2
2020-09-23,AMZN,1,0.7879728451204767,2
2020-09-23,GOOGL,1,0.7050980359910104,2
2020-09-23,INTC,1,0.21262227269876535,2
2020-09-23,MSFT,1,0.5407866295175834,2
2020-09-23,NVDA,1,0.8739227909867016,2
2020-09-23,PFE,0,0.1318161679809424,2
2020-09-23,PYPL,1,0.6007542356534054,2
2020-09-23,ZM,0,0.4216601338029542,2
2020-09-24,AAPL,1,0.7021412062808918,2
2020-09-24,AMZN,1,0.795659759708853,2
2020-09-24,GOOGL,1,0.631679093885754,2
2020-09-24,INTC,1,0.2181176929686852,2
2020-09-24,MSFT,1,0.5954085687763554,2
2020-09-24,NVDA,1,0.6756625825906412,2
2020-09-24,PFE,0,0.10783387498063811,2
2020-09-24,PYPL,1,0.4110975235269435,2
2020-09-24,ZM,1,0.2745275428249053,2
2020-09-25,AAPL,1,0.5152170452130588,2
2020-09-25,AMZN,1,0.8261535415684371,2
2020-09-25,GOOGL,1,0.7285581800017756,2
2020-09-25,INTC,1,0.23447567850601325,2
2020-09-25,MSFT,1,0.6627191216819681,2
2020-09-25,NVDA,1,0.568500780131312,2
2020-09-25,PFE,0,0.13670660370016374,2
2020-09-25,PYPL,1,0.6409595007250918,2
2020-09-25,ZM,0,0.3138229037367042,2
2020-09-28,AAPL,1,0.726003303113188,2
2020-09-28,AMZN,1,0.8790108003352008,2
2020-09-28,GOOGL,1,0.734242465805713,2
2020-09-28,INTC,1,0.10989003770547176,2
2020-09-28,MSFT,1,0.6208992711722017,2
2020-09-28,NVDA,1,0.6233931793364844,2
2020-09-28,PFE,1,0.03587627277230266,2
2020-09-28,PYPL,1,0.586119260382811,2
2020-09-28,ZM,0,0.2820095612881223,2
2020-09-29,AAPL,1,0.6912368314316265,2
2020-09-29,AMZN,1,0.842222821356731,2
2020-09-29,GOOGL,1,0.5490196008035603,2
2020-09-29,INTC,1,0.3335298069529656,2
2020-09-29,MSFT,1,0.5020940331435929,2
2020-09-29,NVDA,1,0.6890828545485731,2
2020-09-29,PFE,1,0.1728620378026511,2
2020-09-29,PYPL,1,0.5958300276998219,2
2020-09-29,ZM,1,0.2899610313256378,2
2020-09-30,AAPL,0,0.5413157839068046,2
2020-09-30,AMZN,1,0.9263841170422499,2
2020-09-30,GOOGL,1,0.5535215798385166,2
2020-09-30,INTC,1,0.20371064157187446,2
2020-09-30,MSFT,1,0.5434302270703315,2
2020-09-30,NVDA,0,0.786640132101236,2
2020-09-30,PFE,1,0.08180505926233618,2
2020-09-30,PYPL,0,0.42067425036779843,2
2020-09-30,ZM,1,0.3007919399335707,2
2020-10-01,AAPL,0,0.450808687489016,2
2020-10-01,AMZN,0,0.7731911744049044,2
2020-10-01,GOOGL,0,0.6038537674753541,2
2020-10-01,INTC,1,0.32555098630579815,2
2020-10-01,MSFT,0,0.35869417256297376,2
2020-10-01,NVDA,0,0.6339971084056933,2
2020-10-01,PFE,1,0.1484155279932022,2
2020-10-01,PYPL,0,0.19003330334193047,2
2020-10-01,ZM,1,0.30818540221808743,2
2020-10-02,AAPL,1,0.6007736502874409,2
2020-10-02,AMZN,1,0.7244178439804091,2
2020-10-02,GOOGL,1,0.24906256132145027,2
2020-10-02,INTC,1,0.31203800554877975,2
2020-10-02,MSFT,1,0.47618860926467854,2
2020-10-02,NVDA,1,0.7026939398190709,2
2020-10-02,PFE,1,0.06221243143460568,2
2020-10-02,PYPL,1,0.4364214907139098,2
2020-10-02,ZM,1,0.22745106326643647,2
2020-10-05,AAPL,0,0.3706699158473863,2
2020-10-05,AMZN,0,0.732697821604083,2
2020-10-05,GOOGL,0,0.27360863480806225,2
2020-10-05,INTC,1,0.23471712776931847,2
2020-10-05,MSFT,0,0.46973405916475036,2
2020-10-05,NVDA,1,0.6282348537079643,2
2020-10-05,PFE,1,0.08118549996867716,2
2020-10-05,PYPL,0,0.4083363173411062,2
2020-10-05,ZM,0,0.3350102013796851,2
2020-10-06,AAPL,1,0.6177436506912275,2
2020-10-06,AMZN,1,0.7244178439804091,2
2020-10-06,GOOGL,1,0.236739819750319,2
2020-10-06,INTC,1,0.44235343644837694,2
2020-10-06,MSFT,1,0.4873923431874065,2
2020-10-06,NVDA,0,0.7271337978516247,2
2020-10-06,PFE,1,0.11059467720049104,2
2020-10-06,PYPL,1,0.41344242461732394,2
2020-10-06,ZM,1,0.19111816041280466,2
2020-10-07,AAPL,1,0.3620928386005145,2
2020-10-07,AMZN,1,0.6732520026062309,2
2020-10-07,GOOGL,1,0.4138085571603556,2
2020-10-07,INTC,1,0.2522554553848506,2
2020-10-07,MSFT,1,0.526074977089813,2
2020-10-07,NVDA,0,0.6359043391934295,2
2020-10-07,PFE,1,0.2265484754749934,2
2020-10-07,PYPL,1,0.202141440648801,2
2020-10-07,ZM,1,0.1964180764422145,2
2020-10-08,AAPL,1,0.30683171268597564,2
2020-10-08,AMZN,1,0.45193613357838575,2
2020-10-08,GOOGL,1,0.43360158055224624,2
2020-10-08,INTC,1,0.2191344080859281,2
2020-10-08,MSFT,1,0.3738116346723825,2
2020-10-08,NVDA,0,0.6306032725685912,2
2020-10-08,PFE,1,0.20514700654628484,2
2020-10-08,PYPL,1,0.2251503586548958,2
2020-10-08,ZM,1,0.5676207238161256,2
2020-10-09,AAPL,1,0.3393115582327164,2
2020-10-09,AMZN,1,0.5199219389045885,2
2020-10-09,GOOGL,1,0.2598522367508401,2
2020-10-09,INTC,1,0.5299290589740321,2
2020-10-09,MSFT,1,0.3726170450853331,2
2020-10-09,NVDA,1,0.8351683732339059,2
2020-10-09,PFE,1,0.29047003797912563,2
2020-10-09,PYPL,1,0.31999020976910175,2
2020-10-09,ZM,1,0.5269996688877427,2
2020-10-12,AAPL,0,0.3278583428313323,2
2020-10-12,AMZN,0,0.3411483666120603,2
2020-10-12,GOOGL,0,0.31017139176053454,2
2020-10-12,INTC,0,0.2682253204452833,2
2020-10-12,MSFT,0,0.26173559201448293,2
2020-10-12,NVDA,0,0.5463458378456525,2
2020-10-12,PFE,1,0.18968936144943738,2
2020-10-12,PYPL,1,0.2478104071551816,2
2020-10-12,ZM,1,0.5379999350585344,2
2020-10-13,AAPL,0,0.3906698469100778,2
2020-10-13,AMZN,0,0.5647403815444394,2
2020-10-13,GOOGL,0,0.2703036833518413,2
2020-10-13,INTC,0,0.46393465341904727,2
2020-10-13,MSFT,0,0.275587184188813,2
2020-10-13,NVDA,0,0.3828160661406303,2
2020-10-13,PFE,1,0.2521824590353331,2
2020-10-13,PYPL,0,0.14930674684986547,2
2020-10-13,ZM,0,0.3537481160535788,2
2020-10-14,AAPL,0,0.3407317863224096,2
2020-10-14,AMZN,0,0.5589753408774076,2
2020-10-14,GOOGL,0,0.4630943449694303,2
2020-10-14,INTC,1,0.526987369582337,2
2020-10-14,MSFT,0,0.18993186066352902,2
2020-10-14,NVDA,0,0.4312508318426543,2
2020-10-14,PFE,1,0.18698510964441695,2
2020-10-14,PYPL,0,0.24454799452899728,2
2020-10-14,ZM,1,0.25110745609214924,2
2020-10-15,AAPL,0,0.4903358453571567,2
2020-10-15,AMZN,0,0.7489109889538467,2
2020-10-15,GOOGL,0,0.3947918568761143,2
2020-10-15,INTC,1,0.3780055199461454,2
2020-10-15,MSFT,0,0.37019346190443203,2
2020-10-15,NVDA,0,0.6563208350130417,2
2020-10-15,PFE,1,0.39362635049598965,2
2020-10-15,PYPL,1,0.3426052661757813,2
2020-10-15,ZM,1,0.20565198581078997,2
2020-10-16,AAPL,0,0.5757378654450992,2
2020-10-16,AMZN,0,0.5800588399989882,2
2020-10-16,GOOGL,0,0.4425553006001859,2
2020-10-16,INTC,0,0.32957479933616896,2
2020-10-16,MSFT,0,0.3384616746036197,2
2020-10-16,NVDA,0,0.663364225096295,2
2020-10-16,PFE,0,0.2313838737941471,2
2020-10-16,PYPL,0,0.3777548183922613,2
2020-10-16,ZM,1,0.22219552518171362,2
2020-10-19,AAPL,0,0.7707876170804654,2
2020-10-19,AMZN,0,0.7008284421005475,2
2020-10-19,GOOGL,1,0.3901549717975661,2
2020-10-19,INTC,0,0.38599298885776645,2
2020-10-19,MSFT,0,0.6135969823262051,2
2020-10-19,NVDA,0,0.642489742564856,2
2020-10-19,PFE,0,0.27065200516324406,2
2020-10-19,PYPL,1,0.5902271474558288,2
2020-10-19,ZM,0,0.04873273867336725,2
2020-10-20,AAPL,0,0.5476658725835329,2
2020-10-20,AMZN,0,0.6929642655795717,2
2020-10-20,GOOGL,1,0.2730956825936607,2
2020-10-20,INTC,0,0.3425980018920164,2
2020-10-20,MSFT,0,0.5448517635063903,2
2020-10-20,NVDA,0,0.6825138615197185,2
2020-10-20,PFE,0,0.3034783913194367,2
2020-10-20,PYPL,1,0.4587290930698938,2
2020-10-20,ZM,0,0.33394485746957275,2
2020-10-21,AAPL,0,0.7867154259842118,2
2020-10-21,AMZN,0,0.6701231331957622,2
2020-10-21,GOOGL,0,0.30008604404962574,2
2020-10-21,INTC,0,0.33890434376158535,2
2020-10-21,MSFT,0,0.5764044219119305,2
2020-10-21,NVDA,0,0.6407752906015346,2
2020-10-21,PFE,0,0.3014419110605168,2
2020-10-21,PYPL,0,0.20565198581078997,2
2020-10-21,ZM,1,0.4848366446226173,2
2020-10-22,AAPL,0,0.5652971218076449,2
2020-10-22,AMZN,0,0.7366987459335385,2
2020-10-22,GOOGL,0,0.32668604820983044,2
2020-10-22,INTC,0,0.2708429011738288,2
2020-10-22,MSFT,0,0.33531714352688846,2
2020-10-22,NVDA,0,0.6555811056166255,2
2020-10-22,PFE,0,0.15494932144423015,2
2020-10-22,PYPL,0,0.5238387590448259,2
2020-10-22,ZM,0,0.46717870812581325,2
2020-10-23,AAPL,0,0.7137658538685269,2
2020-10-23,AMZN,0,0.7100386080854804,2
2020-10-23,GOOGL,0,0.2800869362160784,2
2020-10-23,INTC,0,0.23717757106535595,2
2020-10-23,MSFT,0,0.39848267622242683,2
2020-10-23,NVDA,0,0.7295504647322621,2
2020-10-23,PFE,0,0.04396246936497196,2
2020-10-23,PYPL,0,0.4838267328255377,2
2020-10-23,ZM,1,0.4811316555518043,2
2020-10-26,AAPL,0,0.43120317652282864,2
2020-10-26,AMZN,0,0.5328101233055916,2
2020-10-26,GOOGL,0,0.5760305755502154,2
2020-10-26,INTC,0,0.16701976134924057,2
2020-10-26,MSFT,0,0.4743593752701773,2
2020-10-26,NVDA,0,0.6807915798469661,2
2020-10-26,PFE,0,0.16147200200512032,2
2020-10-26,PYPL,0,0.45911242343422076,2
2020-10-26,ZM,1,0.40082756764453126,2
2020-10-27,AAPL,0,0.6213513693552812,2
2020-10-27,AMZN,0,0.6684479692816413,2
2020-10-27,GOOGL,0,0.5034846524463841,2
2020-10-27,INTC,0,0.2535388143648418,2
2020-10-27,MSFT,0,0.5045331779377753,2
2020-10-27,NVDA,0,0.5954820548642017,2
2020-10-27,PFE,0,0.2636027662900156,2
2020-10-27,PYPL,0,0.5188588125828622,2
2020-10-27,ZM,0,0.22550860938464065,2
2020-10-28,AAPL,1,0.5420971652185641,2
2020-10-28,AMZN,0,0.5698857267693099,2
2020-10-28,GOOGL,1,0.416171144675089,2
2020-10-28,INTC,1,0.2634830341154383,2
2020-10-28,MSFT,1,0.36793398473050815,2
2020-10-28,NVDA,1,0.7989957291009905,2
2020-10-28,PFE,1,0.14811813135547855,2
2020-10-28,PYPL,0,0.5669984560140657,2
2020-10-28,ZM,0,0.6021711341874636,2
2020-10-29,AAPL,0,0.6210624844770654,2
2020-10-29,AMZN,0,0.7313541980984384,2
2020-10-29,GOOGL,1,0.2507314064177335,2
2020-10-29,INTC,1,0.21974699619686242,2
2020-10-29,MSFT,1,0.4801080557927247,2
2020-10-29,NVDA,0,0.6383965038954774,2
2020-10-29,PFE,1,0.05808891358856587,2
2020-10-29,PYPL,0,0.6428887708785312,2
2020-10-29,ZM,0,0.4945172202221045,2
2020-10-30,AAPL,1,0.7670937712445902,2
2020-10-30,AMZN,1,0.6721516106471948,2
2020-10-30,GOOGL,1,0.18147759783068262,2
2020-10-30,INTC,1,0.10801825096599448,2
2020-10-30,MSFT,1,0.47612436661788127,2
2020-10-30,NVDA,1,0.8105076142678956,2
2020-10-30,PFE,1,0.040790684287906276,2
2020-10-30,PYPL,0,0.4754362796784206,2
2020-10-30,ZM,0,0.5977690660479671,2
2020-11-02,AAPL,1,0.571850263914831,2
2020-11-02,AMZN,1,0.3990859562590579,2
2020-11-02,GOOGL,1,0.3520137086416703,2
2020-11-02,INTC,1,0.08500799698621704,2
2020-11-02,MSFT,1,0.537429365889743,2
2020-11-02,NVDA,1,0.6990191790270065,2
2020-11-02,PFE,1,0.08456707002286507,2
2020-11-02,PYPL,0,0.6303730131951082,2
2020-11-02,ZM,1,0.4687456128673125,2
2020-11-03,AAPL,1,0.5881595452046784,2
2020-11-03,AMZN,1,0.5519198648046524,2
2020-11-03,GOOGL,1,0.2392504960004781,2
2020-11-03,INTC,1,0.12286204289313617,2
2020-11-03,MSFT,1,0.5791124005165182,2
2020-11-03,NVDA,1,0.6467720430697637,2
2020-11-03,PFE,1,0.052181571501088354,2
2020-11-03,PYPL,1,0.49004525371609725,2
2020-11-03,ZM,1,0.5101312610919714,2
2020-11-04,AAPL,1,0.3355699447173617,2
2020-11-04,AMZN,0,0.491212774819238,2
2020-11-04,GOOGL,0,0.27814689118436015,2
2020-11-04,INTC,0,0.09368122833583362,2
2020-11-04,MSFT,0,0.5424918063013862,2
2020-11-04,NVDA,1,0.781445331713518,2
2020-11-04,PFE,1,0.033959875955787165,2
2020-11-04,PYPL,0,0.3847123169534674,2
2020-11-04,ZM,0,0.3912789305148818,2
2020-11-05,AAPL,0,0.5624527346284212,2
2020-11-05,AMZN,0,0.6154862696141398,2
2020-11-05,GOOGL,0,0.6547334669566459,2
2020-11-05,INTC,0,0.1435882620525736,2
2020-11-05,MSFT,0,0.5874913187695647,2
2020-11-05,NVDA,0,0.7464530002979173,2
2020-11-05,PFE,1,0.13734857859076233,2
2020-11-05,PYPL,0,0.4618745840266509,2
2020-11-05,ZM,0,0.5890404787678865,2
2020-11-06,AAPL,0,0.6511909451805032,2
2020-11-06,AMZN,0,0.5812928235065693,2
2020-11-06,GOOGL,0,0.48919063011840147,2
2020-11-06,INTC,1,0.2762571139080224,2
2020-11-06,MSFT,0,0.5346074123107596,2
2020-11-06,NVDA,0,0.6234797741918754,2
2020-11-06,PFE,1,0.05712826899877149,2
2020-11-06,PYPL,0,0.5410784679749499,2
2020-11-06,ZM,0,0.5771453186721457,2
2020-11-09,AAPL,0,0.704314184080889,2
2020-11-09,AMZN,0,0.5933351240784209,2
2020-11-09,GOOGL,0,0.5271223827323711,2
2020-11-09,INTC,1,0.19470933915386895,2
2020-11-09,MSFT,0,0.5391590350799425,2
2020-11-09,NVDA,0,0.6929678551474624,2
2020-11-09,PFE,0,0.13190618791069403,2
2020-11-09,PYPL,1,0.4551443233473532,2
2020-11-09,ZM,0,0.1076644076567664,2
2020-11-10,AAPL,0,0.49099461622806956,2
2020-11-10,AMZN,0,0.17546408151349469,2
2020-11-10,GOOGL,0,0.6166639455654596,2
2020-11-10,INTC,1,0.07694019193523648,2
2020-11-10,MSFT,0,0.1573049689882079,2
2020-11-10,NVDA,0,0.28320020363607074,2
2020-11-10,PFE,0,0.11409646371812687,2
2020-11-10,PYPL,1,0.1144306397757956,2
2020-11-10,ZM,1,0.09641573376657758,2
2020-11-11,AAPL,0,0.3355272676068368,2
2020-11-11,AMZN,0,0.38792620983522713,2
2020-11-11,GOOGL,0,0.6621031155503324,2
2020-11-11,INTC,1,0.06316312203896778,2
2020-11-11,MSFT,0,0.25354511982014344,2
2020-11-11,NVDA,0,0.3275700344677747,2
2020-11-11,PFE,0,0.09359514837310642,2
2020-11-11,PYPL,0,0.14080146857008288,2
2020-11-11,ZM,0,0.06819797847464965,2
2020-11-12,AAPL,0,0.3637337006696806,2
2020-11-12,AMZN,0,0.33931471378246164,2
2020-11-12,GOOGL,0,0.654458402092105,2
2020-11-12,INTC,1,0.06252353677997063,2
2020-11-12,MSFT,0,0.18891284580320084,2
2020-11-12,NVDA,0,0.5880981006729981,2
2020-11-12,PFE,1,0.034963616784423515,2
2020-11-12,PYPL,1,0.12102402260964064,2
2020-11-12,ZM,0,0.12889745038140143,2
2020-11-13,AAPL,0,0.268021202438618,2
2020-11-13,AMZN,0,0.40515431267772456,2
2020-11-13,GOOGL,0,0.5795449623046602,2
2020-11-13,INTC,1,0.09148868410163297,2
2020-11-13,MSFT,0,0.1743707362906887,2
2020-11-13,NVDA,0,0.40396835722093094,2
2020-11-13,PFE,0,0.05278534084802156,2
2020-11-13,PYPL,1,0.5213256457761813,2
2020-11-13,ZM,0,0.09767696151777293,2
2020-11-16,AAPL,0,0.7009411004175324,2
2020-11-16,AMZN,0,0.8058004043195609,2
2020-11-16,GOOGL,0,0.7188356557432097,2
2020-11-16,INTC,1,0.11889188679270671,2
2020-11-16,MSFT,0,0.5323250294002748,2
2020-11-16,NVDA,0,0.8100229357772137,2
2020-11-16,PFE,1,0.17330605424002482,2
2020-11-16,PYPL,1,0.6034553490865509,2
2020-11-16,ZM,1,0.44831333681783436,2
2020-11-17,AAPL,0,0.5205625417862737,2
2020-11-17,AMZN,0,0.8058510671311037,2
2020-11-17,GOOGL,0,0.2503905260076237,2
2020-11-17,INTC,1,0.21356444546512926,2
2020-11-17,MSFT,0,0.3615477349189331,2
2020-11-17,NVDA,0,0.8673887194129907,2
2020-11-17,PFE,1,0.05131711808802105,2
2020-11-17,PYPL,1,0.6244332278598231,2
2020-11-17,ZM,1,0.45267252918479867,2
2020-11-18,AAPL,0,0.6642315039947609,2
2020-11-18,AMZN,0,0.745510781028975,2
2020-11-18,GOOGL,0,0.1507192179660061,2
2020-11-18,INTC,1,0.27430285428159284,2
2020-11-18,MSFT,0,0.5411683005331581,2
2020-11-18,NVDA,0,0.6876426979258624,2
2020-11-18,PFE,1,0.04583608306789352,2
2020-11-18,PYPL,1,0.524577882964459,2
2020-11-18,ZM,1,0.5268802578697515,2
2020-11-19,AAPL,0,0.5370511706285421,2
2020-11-19,AMZN,0,0.7761566920157802,2
2020-11-19,GOOGL,0,0.25605096152077506,2
2020-11-19,INTC,1,0.16812881904326438,2
2020-11-19,MSFT,0,0.4891913706310261,2
2020-11-19,NVDA,0,0.7417275256578706,2
2020-11-19,PFE,1,0.13386768055183842,2
2020-11-19,PYPL,1,0.5271831070683778,2
2020-11-19,ZM,1,0.606738930728793,2
2020-11-20,AAPL,0,0.44904743225545046,2
2020-11-20,AMZN,0,0.7619801002940156,2
2020-11-20,GOOGL,1,0.26890993364536075,2
2020-11-20,INTC,1,0.3970085534400718,2
2020-11-20,MSFT,0,0.41905253521447033,2
2020-11-20,NVDA,0,0.6229102275239405,2
2020-11-20,PFE,1,0.05607527314120719,2
2020-11-20,PYPL,1,0.4000464377639822,2
2020-11-20,ZM,0,0.5210387788664296,2
2020-11-23,AAPL,1,0.6796636995682666,2
2020-11-23,AMZN,0,0.7104160282595313,2
2020-11-23,GOOGL,1,0.1730055939876707,2
2020-11-23,INTC,1,0.1388637367533291,2
2020-11-23,MSFT,0,0.45159009537258665,2
2020-11-23,NVDA,0,0.595042904923271,2
2020-11-23,PFE,1,0.18404680443322588,2
2020-11-23,PYPL,1,0.21334698493591908,2
2020-11-23,ZM,1,0.4320534592342011,2
2020-11-24,AAPL,1,0.5112653061660823,2
2020-11-24,AMZN,0,0.7131997848477138,2
2020-11-24,GOOGL,0,0.3204514191125929,2
2020-11-24,INTC,1,0.2719500626095345,2
2020-11-24,MSFT,0,0.4640442480516599,2
2020-11-24,NVDA,1,0.6210546589531317,2
2020-11-24,PFE,1,0.0862373227424315,2
2020-11-24,PYPL,1,0.4515291878785948,2
2020-11-24,ZM,1,0.41994643677030086,2
2020-11-25,AAPL,1,0.5624153806128821,2
2020-11-25,AMZN,0,0.7703731536333234,2
2020-11-25,GOOGL,0,0.5514634470941029,2
2020-11-25,INTC,1,0.36999158913876673,2
2020-11-25,MSFT,0,0.4905895688294523,2
2020-11-25,NVDA,0,0.7031632759970414,2
2020-11-25,PFE,1,0.17987809905652727,2
2020-11-25,PYPL,0,0.43065422496566713,2
2020-11-25,ZM,1,0.3874801696098965,2
2020-11-27,AAPL,1,0.5925442621372108,2
2020-11-27,AMZN,0,0.6727736891862738,2
2020-11-27,GOOGL,0,0.3363562750821373,2
2020-11-27,INTC,1,0.24038307138996493,2
2020-11-27,MSFT,0,0.5122704880809839,2
2020-11-27,NVDA,0,0.6536856097528911,2
2020-11-27,PFE,1,0.09135453942536105,2
2020-11-27,PYPL,1,0.4829903756983886,2
2020-11-27,ZM,0,0.42712822980286846,2
2020-11-30,AAPL,1,0.6651097107770265,2
2020-11-30,AMZN,0,0.7036234439027133,2
2020-11-30,GOOGL,1,0.3740334828038307,2
2020-11-30,INTC,1,0.4968012272214446,2
2020-11-30,MSFT,0,0.502026171119662,2
2020-11-30,NVDA,0,0.6721800594356934,2
2020-11-30,PFE,1,0.1980193655571724,2
2020-11-30,PYPL,0,0.09405722280664114,2
2020-11-30,ZM,0,0.1657904217445175,2
2020-12-01,AAPL,1,0.21686093442410684,2
2020-12-01,AMZN,0,0.295647015417536,2
2020-12-01,GOOGL,0,0.17579813109276682,2
2020-12-01,INTC,1,0.4770871498835125,2
2020-12-01,MSFT,0,0.31213558713003925,2
2020-12-01,NVDA,0,0.6085323858437041,2
2020-12-01,PFE,1,0.270197976161776,2
2020-12-01,PYPL,0,0.08821245857849405,2
2020-12-01,ZM,0,0.5307541893217209,2
2020-12-02,AAPL,1,0.28053091509300926,2
2020-12-02,AMZN,0,0.621922195642969,2
2020-12-02,GOOGL,0,0.3258781593298272,2
2020-12-02,INTC,0,0.19270928128320744,2
2020-12-02,MSFT,0,0.6038597242544179,2
2020-12-02,NVDA,0,0.6807786103850519,2
2020-12-02,PFE,0,0.2575502565745888,2
2020-12-02,PYPL,1,0.28559660402862497,2
2020-12-02,ZM,0,0.5982308374997074,2
2020-12-03,AAPL,1,0.31646089483411827,2
2020-12-03,AMZN,0,0.5492207098334561,2
2020-12-03,GOOGL,0,0.36968525834278787,2
2020-12-03,INTC,0,0.142006470458538,2
2020-12-03,MSFT,0,0.5812772443467725,2
2020-12-03,NVDA,0,0.6826969240050004,2
2020-12-03,PFE,1,0.27684241273693894,2
2020-12-03,PYPL,0,0.3020408396009815,2
2020-12-03,ZM,0,0.44450873698760923,2
2020-12-04,AAPL,1,0.21049414821253756,2
2020-12-04,AMZN,0,0.686303581753067,2
2020-12-04,GOOGL,0,0.33737083380461397,2
2020-12-04,INTC,0,0.2027912393747026,2
2020-12-04,MSFT,1,0.45497401671144655,2
2020-12-04,NVDA,0,0.6876909236289627,2
2020-12-04,PFE,1,0.13020546628894483,2
2020-12-04,PYPL,0,0.15354127552131228,2
2020-12-04,ZM,0,0.45448763438840595,2
2020-12-07,AAPL,0,0.17404078412328838,2
2020-12-07,AMZN,0,0.7613041069881337,2
2020-12-07,GOOGL,0,0.4982900521592309,2
2020-12-07,INTC,0,0.26811256148091384,2
2020-12-07,MSFT,1,0.5132830123462889,2
2020-12-07,NVDA,0,0.6365443058017156,2
2020-12-07,PFE,0,0.2891609684896651,2
2020-12-07,PYPL,0,0.15219092193579967,2
2020-12-07,ZM,0,0.5163002204998303,2
2020-12-08,AAPL,0,0.12699468927166932,2
2020-12-08,AMZN,0,0.7120994499399242,2
2020-12-08,GOOGL,0,0.48129409325774214,2
2020-12-08,INTC,0,0.22046640191773528,2
2020-12-08,MSFT,0,0.5176460428699403,2
2020-12-08,NVDA,0,0.5267250737301029,2
2020-12-08,PFE,0,0.23165524985442035,2
2020-12-08,PYPL,0,0.1875145252473113,2
2020-12-08,ZM,0,0.4813704956948668,2
2020-12-09,AAPL,1,0.41437863907304356,2
2020-12-09,AMZN,1,0.7879906165457676,2
2020-12-09,GOOGL,0,0.27881898386026305,2
2020-12-09,INTC,0,0.43519300304478764,2
2020-12-09,MSFT,1,0.614011537888095,2
2020-12-09,NVDA,0,0.6444800622654409,2
2020-12-09,PFE,0,0.2007770146199056,2
2020-12-09,PYPL,1,0.19403309042918676,2
2020-12-09,ZM,1,0.4366653314180321,2
2020-12-10,AAPL,1,0.15462468928794224,2
2020-12-10,AMZN,1,0.7290651282965193,2
2020-12-10,GOOGL,0,0.5740381688565089,2
2020-12-10,INTC,0,0.2528418585548919,2
2020-12-10,MSFT,1,0.5049219581670197,2
2020-12-10,NVDA,1,0.6019135638240801,2
2020-12-10,PFE,0,0.2701266490103002,2
2020-12-10,PYPL,0,0.17377453200862492,2
2020-12-10,ZM,0,0.4558490375609244,2
2020-12-11,AAPL,1,0.1470218448764677,2
2020-12-11,AMZN,1,0.7242169429097163,2
2020-12-11,GOOGL,0,0.36528568646033593,2
2020-12-11,INTC,0,0.521567316981314,2
2020-12-11,MSFT,1,0.5096637959225795,2
2020-12-11,NVDA,1,0.6287452302081377,2
2020-12-11,PFE,0,0.2229138241806365,2
2020-12-11,PYPL,1,0.25825534388820304,2
2020-12-11,ZM,0,0.6562396487914199,2
2020-12-14,AAPL,1,0.07260477658656787,2
2020-12-14,AMZN,1,0.7806461373381475,2
2020-12-14,GOOGL,0,0.3951186267922513,2
2020-12-14,INTC,0,0.4044135957059829,2
2020-12-14,MSFT,1,0.48776795955264846,2
2020-12-14,NVDA,0,0.6577468272174141,2
2020-12-14,PFE,0,0.17349688910811314,2
2020-12-14,PYPL,1,0.24490693023840687,2
2020-12-14,ZM,1,0.6445634233319603,2
2020-12-15,AAPL,0,0.07545335528691743,2
2020-12-15,AMZN,1,0.8135855805895125,2
2020-12-15,GOOGL,0,0.5335889981109754,2
2020-12-15,INTC,0,0.31923191219120234,2
2020-12-15,MSFT,1,0.5900136154015593,2
2020-12-15,NVDA,0,0.6091540528172493,2
2020-12-15,PFE,0,0.2117561506435839,2
2020-12-15,PYPL,1,0.29975383807608635,2
2020-12-15,ZM,1,0.5776420477218625,2
2020-12-16,AAPL,0,0.0990589902729747,2
2020-12-16,AMZN,0,0.8308703746567807,2
2020-12-16,GOOGL,0,0.5453656689400123,2
2020-12-16,INTC,0,0.5035165647133741,2
2020-12-16,MSFT,0,0.44317510353146156,2
2020-12-16,NVDA,0,0.6716587274152221,2
2020-12-16,PFE,0,0.13059433251445343,2
2020-12-16,PYPL,1,0.34294710989329075,2
2020-12-16,ZM,1,0.5315844227048484,2
2020-12-17,AAPL,0,0.14877792482841212,2
2020-12-17,AMZN,0,0.8208679897909285,2
2020-12-17,GOOGL,0,0.8035722108773741,2
2020-12-17,INTC,0,0.4776552904984355,2
2020-12-17,MSFT,0,0.5203521377663065,2
2020-12-17,NVDA,0,0.736890395508025,2
2020-12-17,PFE,0,0.25595962447836396,2
2020-12-17,PYPL,0,0.2500995857686327,2
2020-12-17,ZM,1,0.5992451038017033,2
2020-12-18,AAPL,0,0.06849650666756348,2
2020-12-18,AMZN,1,0.8281291985853783,2
2020-12-18,GOOGL,1,0.6739896517466389,2
2020-12-18,INTC,0,0.48548814291563375,2
2020-12-18,MSFT,0,0.47526398231218814,2
2020-12-18,NVDA,0,0.6428380241635815,2
2020-12-18,PFE,0,0.23473010852817253,2
2020-12-18,PYPL,0,0.21059298571656185,2
2020-12-18,ZM,1,0.5717799103838481,2
2020-12-21,AAPL,1,0.09897069215296327,2
2020-12-21,AMZN,1,0.8679586501630838,2
2020-12-21,GOOGL,0,0.7294188839307265,2
2020-12-21,INTC,1,0.6352019934766728,2
2020-12-21,MSFT,0,0.37316746579687704,2
2020-12-21,NVDA,0,0.7063247889587987,2
2020-12-21,PFE,0,0.20918563174449406,2
2020-12-21,PYPL,0,0.25098876422740785,2
2020-12-21,ZM,0,0.6996680989942484,2
2020-12-22,AAPL,1,0.07682956307864895,2
2020-12-22,AMZN,1,0.8829175920794073,2
2020-12-22,GOOGL,1,0.6901948224615152,2
2020-12-22,INTC,1,0.5712373917956789,2
2020-12-22,MSFT,0,0.257281431868104,2
2020-12-22,NVDA,0,0.6189601364173744,2
2020-12-22,PFE,0,0.3559753370404588,2
2020-12-22,PYPL,0,0.19006325117156597,2
2020-12-22,ZM,0,0.7055893789658381,2
2020-12-23,AAPL,1,0.10379466522307737,2
2020-12-23,AMZN,1,0.8724622280258437,2
2020-12-23,GOOGL,0,0.6585236497740539,2
2020-12-23,INTC,1,0.8551065339318917,2
2020-12-23,MSFT,0,0.4640846438785126,2
2020-12-23,NVDA,0,0.5964340351777241,2
2020-12-23,PFE,0,0.4042763628641874,2
2020-12-23,PYPL,0,0.2763644422634667,2
2020-12-23,ZM,0,0.748640108599106,2
2020-12-24,AAPL,1,0.15664995652141764,2
2020-12-24,AMZN,1,0.865213496297162,2
2020-12-24,GOOGL,0,0.6411317038921012,2
2020-12-24,INTC,1,0.5646647112308857,2
2020-12-24,MSFT,0,0.33936340099347106,2
2020-12-24,NVDA,1,0.7350861154793168,2
2020-12-24,PFE,0,0.32894536463891466,2
2020-12-24,PYPL,0,0.1859035191474306,2
2020-12-24,ZM,0,0.5885112529696889,2
2020-12-28,AAPL,0,0.08375057395868034,2
2020-12-28,AMZN,0,0.557425500230364,2
2020-12-28,GOOGL,0,0.7590537780677366,2
2020-12-28,INTC,1,0.556376509799087,2
2020-12-28,MSFT,0,0.2839485734730069,2
2020-12-28,NVDA,1,0.7166329401948957,2
2020-12-28,PFE,0,0.42574906675414015,2
2020-12-28,PYPL,0,0.126126908869982,2
2020-12-28,ZM,0,0.4387709519920968,2
2020-12-29,AAPL,0,0.1020806555789982,2
2020-12-29,AMZN,0,0.4052422012284292,2
2020-12-29,GOOGL,0,0.6600396360459546,2
2020-12-29,INTC,1,0.3179532447190283,2
2020-12-29,MSFT,0,0.2994159865542498,2
2020-12-29,NVDA,1,0.6546272076057131,2
2020-12-29,PFE,0,0.20987092421281228,2
2020-12-29,PYPL,0,0.34493679364375346,2
2020-12-29,ZM,0,0.5644989929416342,2
2020-12-30,AAPL,0,0.12448542493300017,2
2020-12-30,AMZN,0,0.15721145523808716,2
2020-12-30,GOOGL,0,0.7402509833786217,2
2020-12-30,INTC,1,0.7404913944588075,2
2020-12-30,MSFT,0,0.1299208521759293,2
2020-12-30,NVDA,0,0.5794855275714594,2
2020-12-30,PFE,0,0.29928885021512147,2
2020-12-30,PYPL,0,0.3106972274929194,2
2020-12-30,ZM,0,0.6289726131215863,2
2020-12-31,AAPL,0,0.1071112670017563,2
2020-12-31,AMZN,0,0.17451107938502297,2
2020-12-31,GOOGL,0,0.6629078754151861,2
2020-12-31,INTC,1,0.6743433651421117,2
2020-12-31,MSFT,0,0.2445566821606299,2
2020-12-31,NVDA,1,0.688737534652648,2
2020-12-31,PFE,0,0.42228165863331224,2
2020-12-31,PYPL,0,0.3680509586037021,2
2020-12-31,ZM,1,0.5801677105863996,2
2021-01-04,AAPL,0,0.3775860828637148,3
2021-01-04,AMZN,0,0.5820288023950182,3
2021-01-04,GOOGL,1,0.751543178333267,3
2021-01-04,INTC,1,0.7004756328579064,3
2021-01-04,MSFT,0,0.4659173042766043,3
2021-01-04,NVDA,0,0.382012743429745,3
2021-01-04,PFE,0,0.5906612029119086,3
2021-01-04,PYPL,0,0.5572809281750049,3
2021-01-04,ZM,0,0.293292165158892,3
2021-01-05,AAPL,0,0.25624572286475794,3
2021-01-05,AMZN,0,0.38299411656673915,3
2021-01-05,GOOGL,0,0.5214435189289565,3
2021-01-05,INTC,1,0.41432623432826265,3
2021-01-05,MSFT,0,0.442881709458016,3
2021-01-05,NVDA,0,0.2793471744682768,3
2021-01-05,PFE,0,0.45508115587086256,3
2021-01-05,PYPL,0,0.6434038640887024,3
2021-01-05,ZM,0,0.7581505671968486,3
2021-01-06,AAPL,1,0.5291164783548231,3
2021-01-06,AMZN,1,0.3946802959304581,3
2021-01-06,GOOGL,1,0.7277739743325987,3
2021-01-06,INTC,1,0.6382828476202942,3
2021-01-06,MSFT,1,0.43126901408993956,3
2021-01-06,NVDA,1,0.46515940951007484,3
2021-01-06,PFE,0,0.1654829976189934,3
2021-01-06,PYPL,1,0.2624067303873025,3
2021-01-06,ZM,0,0.7793850325809806,3
2021-01-07,AAPL,0,0.4108491013259688,3
2021-01-07,AMZN,0,0.48253580545571806,3
2021-01-07,GOOGL,0,0.2912878482456873,3
2021-01-07,INTC,1,0.410657441516452,3
2021-01-07,MSFT,0,0.21072270350273214,3
2021-01-07,NVDA,0,0.254267373090545,3
2021-01-07,PFE,0,0.1281991329786713,3
2021-01-07,PYPL,1,0.26267268661197196,3
2021-01-07,ZM,0,0.8323169902398503,3
2021-01-08,AAPL,0,0.5175467626419672,3
2021-01-08,AMZN,0,0.4055452068255991,3
2021-01-08,GOOGL,0,0.27161402700766796,3
2021-01-08,INTC,1,0.5341100546643717,3
2021-01-08,MSFT,0,0.14643464770080797,3
2021-01-08,NVDA,1,0.21063076132538666,3
2021-01-08,PFE,0,0.1105564291316161,3
2021-01-08,PYPL,0,0.5449174734119139,3
2021-01-08,ZM,0,0.7700284756168475,3
2021-01-11,AAPL,1,0.4548008805573834,3
2021-01-11,AMZN,1,0.5600695171797913,3
2021-01-11,GOOGL,0,0.2690460208727089,3
2021-01-11,INTC,1,0.31462290368886975,3
2021-01-11,MSFT,0,0.21430253857429551,3
2021-01-11,NVDA,0,0.1811867226747727,3
2021-01-11,PFE,0,0.15229177638331778,3
2021-01-11,PYPL,1,0.3466478185705542,3
2021-01-11,ZM,1,0.7437480787497889,3
2021-01-12,AAPL,1,0.5853689341398901,3
2021-01-12,AMZN,1,0.4703020166807951,3
2021-01-12,GOOGL,1,0.5127025771845711,3
2021-01-12,INTC,1,0.1386894597315149,3
2021-01-12,MSFT,1,0.5537079025132385,3
2021-01-12,NVDA,0,0.19785934218658416,3
2021-01-12,PFE,0,0.3250458002337096,3
2021-01-12,PYPL,1,0.41744466488793464,3
2021-01-12,ZM,0,0.2615147197953113,3
2021-01-13,AAPL,0,0.43911940482390643,3
2021-01-13,AMZN,1,0.28866702168136854,3
2021-01-13,GOOGL,1,0.3467372894845881,3
2021-01-13,INTC,1,0.2619381678300987,3
2021-01-13,MSFT,1,0.46922806497152797,3
2021-01-13,NVDA,0,0.1366148537719432,3
2021-01-13,PFE,0,0.2456198531744498,3
2021-01-13,PYPL,0,0.28278549677202564,3
2021-01-13,ZM,1,0.6998587551529655,3
2021-01-14,AAPL,1,0.6058681090121268,3
2021-01-14,AMZN,1,0.4218886282792238,3
2021-01-14,GOOGL,1,0.5226074788052839,3
2021-01-14,INTC,0,0.19613181080075812,3
2021-01-14,MSFT,1,0.5273804601874273,3
2021-01-14,NVDA,0,0.10979461598382614,3
2021-01-14,PFE,0,0.14480594692521562,3
2021-01-14,PYPL,0,0.15973851037271414,3
2021-01-14,ZM,1,0.32675829728010103,3
2021-01-15,AAPL,1,0.5897117828386299,3
2021-01-15,AMZN,1,0.463890790924287,3
2021-01-15,GOOGL,1,0.4665366995625979,3
2021-01-15,INTC,1,0.18825846998807352,3
2021-01-15,MSFT,1,0.48761965329206214,3
2021-01-15,NVDA,1,0.15577077419708593,3
2021-01-15,PFE,0,0.12458623565964584,3
2021-01-15,PYPL,1,0.2914318285795888,3
2021-01-15,ZM,0,0.36986956028919155,3
2021-01-19,AAPL,1,0.2934317280998995,3
2021-01-19,AMZN,1,0.34777960445228806,3
2021-01-19,GOOGL,1,0.23555980224624354,3
2021-01-19,INTC,1,0.18875902862442664,3
2021-01-19,MSFT,1,0.5292855392866976,3
2021-01-19,NVDA,1,0.2091477779128623,3
2021-01-19,PFE,0,0.27916227465498183,3
2021-01-19,PYPL,0,0.5337218640560003,3
2021-01-19,ZM,0,0.7456133014873416,3
2021-01-20,AAPL,1,0.30548174363523445,3
2021-01-20,AMZN,0,0.3780952452345909,3
2021-01-20,GOOGL,0,0.19253674692433148,3
2021-01-20,INTC,1,0.21045119757984995,3
2021-01-20,MSFT,1,0.17511467181424062,3
2021-01-20,NVDA,1,0.2163970021468124,3
2021-01-20,PFE,0,0.22030455753105213,3
2021-01-20,PYPL,0,0.4689371304401533,3
2021-01-20,ZM,0,0.6608378514824605,3
2021-01-21,AAPL,1,0.3764194948995146,3
2021-01-21,AMZN,0,0.15417867986355033,3
2021-01-21,GOOGL,0,0.43025455024430526,3
2021-01-21,INTC,0,0.09396983968103931,3
2021-01-21,MSFT,1,0.11482840822527174,3
2021-01-21,NVDA,0,0.16037137914894956,3
2021-01-21,PFE,0,0.1911600584600039,3
2021-01-21,PYPL,0,0.49056342778198475,3
2021-01-21,ZM,0,0.6601780145192411,3
2021-01-22,AAPL,0,0.5357659086317695,3
2021-01-22,AMZN,0,0.14953984071146822,3
2021-01-22,GOOGL,0,0.47615501203980576,3
2021-01-22,INTC,0,0.3258894618996174,3
2021-01-22,MSFT,1,0.11217063936693324,3
2021-01-22,NVDA,0,0.2807255267712247,3
2021-01-22,PFE,0,0.20558295649838046,3
2021-01-22,PYPL,0,0.4418204704781309,3
2021-01-22,ZM,0,0.7039719366941392,3
2021-01-25,AAPL,0,0.6165604568867645,3
2021-01-25,AMZN,0,0.288706179266007,3
2021-01-25,GOOGL,0,0.7048115916149958,3
2021-01-25,INTC,0,0.4830924082600597,3
2021-01-25,MSFT,1,0.16376915162506575,3
2021-01-25,NVDA,0,0.1523966053580172,3
2021-01-25,PFE,0,0.3427560352519832,3
2021-01-25,PYPL,0,0.4340309556174828,3
2021-01-25,ZM,0,0.7526693698994936,3
2021-01-26,AAPL,0,0.5811686822021986,3
2021-01-26,AMZN,0,0.37813801428063415,3
2021-01-26,GOOGL,0,0.6132723897672322,3
2021-01-26,INTC,0,0.4592613414533305,3
2021-01-26,MSFT,1,0.23322610443158104,3
2021-01-26,NVDA,0,0.1961898803799713,3
2021-01-26,PFE,0,0.2565259647369244,3
2021-01-26,PYPL,0,0.15151548481686616,3
2021-01-26,ZM,0,0.26515723649805456,3
2021-01-27,AAPL,0,0.49843117486238,3
2021-01-27,AMZN,1,0.47588890342612045,3
2021-01-27,GOOGL,1,0.3261716003425866,3
2021-01-27,INTC,1,0.3015382001370653,3
2021-01-27,MSFT,1,0.38623451563439554,3
2021-01-27,NVDA,1,0.1317333771954212,3
2021-01-27,PFE,0,0.20939206381129558,3
2021-01-27,PYPL,1,0.20294798787877147,3
2021-01-27,ZM,0,0.7405131328606649,3
2021-01-28,AAPL,0,0.7947652114911818,3
2021-01-28,AMZN,1,0.2503931972448723,3
2021-01-28,GOOGL,0,0.37934452925651574,3
2021-01-28,INTC,1,0.31030948577890355,3
2021-01-28,MSFT,0,0.4915604274735886,3
2021-01-28,NVDA,1,0.29418027119521434,3
2021-01-28,PFE,0,0.17232181029268126,3
2021-01-28,PYPL,1,0.23598276489630512,3
2021-01-28,ZM,0,0.6734000481838088,3
2021-01-29,AAPL,0,0.7420430673687096,3
2021-01-29,AMZN,1,0.16632038896393675,3
2021-01-29,GOOGL,1,0.3240838080869714,3
2021-01-29,INTC,1,0.5906602192824487,3
2021-01-29,MSFT,1,0.4735614298866562,3
2021-01-29,NVDA,1,0.25179407133597864,3
2021-01-29,PFE,0,0.144957461674028,3
2021-01-29,PYPL,1,0.4934252267797531,3
2021-01-29,ZM,1,0.6481860385976537,3
2021-02-01,AAPL,0,0.6890200486981521,3
2021-02-01,AMZN,0,0.3063713315698775,3
2021-02-01,GOOGL,1,0.37106978920171635,3
2021-02-01,INTC,1,0.257052205817222,3
2021-02-01,MSFT,0,0.5277344872720601,3
2021-02-01,NVDA,1,0.16788411548376947,3
2021-02-01,PFE,0,0.12704272323826038,3
2021-02-01,PYPL,1,0.26146296897494203,3
2021-02-01,ZM,1,0.7197923285314966,3
2021-02-02,AAPL,0,0.5705088262527427,3
2021-02-02,AMZN,0,0.2704349035609083,3
2021-02-02,GOOGL,1,0.5387904553240612,3
2021-02-02,INTC,1,0.326498191097561,3
2021-02-02,MSFT,0,0.3096676642518117,3
2021-02-02,NVDA,1,0.18426553068625717,3
2021-02-02,PFE,0,0.18228641915782431,3
2021-02-02,PYPL,1,0.5591612079775065,3
2021-02-02,ZM,0,0.7502514474343712,3
2021-02-03,AAPL,0,0.4296812262064995,3
2021-02-03,AMZN,0,0.28407267596336727,3
2021-02-03,GOOGL,0,0.54627235510197,3
2021-02-03,INTC,1,0.4592602903471656,3
2021-02-03,MSFT,0,0.3392742182611959,3
2021-02-03,NVDA,1,0.16335529855272982,3
2021-02-03,PFE,0,0.10048914162896766,3
2021-02-03,PYPL,1,0.30741273751434095,3
2021-02-03,ZM,1,0.601604231266197,3
2021-02-04,AAPL,0,0.7774978067239975,3
2021-02-04,AMZN,0,0.22036991540546125,3
2021-02-04,GOOGL,0,0.7819675363667576,3
2021-02-04,INTC,1,0.33426486665244254,3
2021-02-04,MSFT,0,0.12414955613932115,3
2021-02-04,NVDA,1,0.16142533558556899,3
2021-02-04,PFE,0,0.27608138517963354,3
2021-02-04,PYPL,1,0.48227639587324594,3
2021-02-04,ZM,1,0.4432619457948288,3
2021-02-05,AAPL,0,0.7392998549015956,3
2021-02-05,AMZN,0,0.12713206150256326,3
2021-02-05,GOOGL,0,0.5670463717538868,3
2021-02-05,INTC,1,0.508681846377055,3
2021-02-05,MSFT,0,0.13887691941509822,3
2021-02-05,NVDA,1,0.1817680809465048,3
2021-02-05,PFE,0,0.28653889607593064,3
2021-02-05,PYPL,1,0.5767601926723736,3
2021-02-05,ZM,0,0.5446148168963849,3
2021-02-08,AAPL,0,0.7380209643227172,3
2021-02-08,AMZN,0,0.16746065590758205,3
2021-02-08,GOOGL,0,0.743382772192348,3
2021-02-08,INTC,1,0.43850384959314015,3
2021-02-08,MSFT,0,0.18879265906863174,3
2021-02-08,NVDA,1,0.26190872727776576,3
2021-02-08,PFE,0,0.21755804058535805,3
2021-02-08,PYPL,1,0.4973660189738997,3
2021-02-08,ZM,1,0.52907877601956,3
2021-02-09,AAPL,0,0.8586185091073111,3
2021-02-09,AMZN,0,0.07456951110533268,3
2021-02-09,GOOGL,0,0.713503003924733,3
2021-02-09,INTC,1,0.508157074730468,3
2021-02-09,MSFT,0,0.37083747566443986,3
2021-02-09,NVDA,1,0.17087942896591987,3
2021-02-09,PFE,0,0.13484145476454806,3
2021-02-09,PYPL,1,0.6933627495734515,3
2021-02-09,ZM,0,0.6920746713236143,3
2021-02-10,AAPL,0,0.8100691619472035,3
2021-02-10,AMZN,0,0.15331804486570108,3
2021-02-10,GOOGL,0,0.5609489667178108,3
2021-02-10,INTC,1,0.5073840920783891,3
2021-02-10,MSFT,0,0.35364339564540753,3
2021-02-10,NVDA,0,0.1319771636539172,3
2021-02-10,PFE,0,0.17456719405721485,3
2021-02-10,PYPL,1,0.8053042326736193,3
2021-02-10,ZM,1,0.7480364507848871,3
2021-02-11,AAPL,0,0.8942705020478522,3
2021-02-11,AMZN,0,0.34164529521350245,3
2021-02-11,GOOGL,0,0.488188609203252,3
2021-02-11,INTC,0,0.21448740363811045,3
2021-02-11,MSFT,0,0.3628696327692634,3
2021-02-11,NVDA,0,0.10297257777216123,3
2021-02-11,PFE,0,0.17788942032998903,3
2021-02-11,PYPL,1,0.7350071127038383,3
2021-02-11,ZM,0,0.763531955692217,3
2021-02-12,AAPL,0,0.7880888359986572,3
2021-02-12,AMZN,0,0.20085287909416055,3
2021-02-12,GOOGL,0,0.42911854037038416,3
2021-02-12,INTC,0,0.22425100403035286,3
2021-02-12,MSFT,0,0.48559222341836306,3
2021-02-12,NVDA,0,0.12578802681769818,3
2021-02-12,PFE,0,0.32854775781631285,3
2021-02-12,PYPL,0,0.6484855206500024,3
2021-02-12,ZM,1,0.7743750226598743,3
2021-02-16,AAPL,0,0.8518966702842057,3
2021-02-16,AMZN,0,0.41084372737426383,3
2021-02-16,GOOGL,0,0.36954844062205017,3
2021-02-16,INTC,0,0.25869051940052645,3
2021-02-16,MSFT,0,0.5631956629310769,3
2021-02-16,NVDA,0,0.2638774920983901,3
2021-02-16,PFE,0,0.32286300269112,3
2021-02-16,PYPL,0,0.38560361097169915,3
2021-02-16,ZM,0,0.5229386801438588,3
2021-02-17,AAPL,0,0.8466123134100257,3
2021-02-17,AMZN,0,0.46021929466406536,3
2021-02-17,GOOGL,0,0.1680234819970924,3
2021-02-17,INTC,0,0.4224341135229835,3
2021-02-17,MSFT,0,0.6455849799736586,3
2021-02-17,NVDA,0,0.18255184796366505,3
2021-02-17,PFE,0,0.47351483284172435,3
2021-02-17,PYPL,0,0.2336056077609314,3
2021-02-17,ZM,0,0.6620884160442316,3
2021-02-18,AAPL,0,0.8079656988885345,3
2021-02-18,AMZN,0,0.3774122592197695,3
2021-02-18,GOOGL,0,0.1525590094896828,3
2021-02-18,INTC,0,0.5436584862969861,3
2021-02-18,MSFT,0,0.7034020102152118,3
2021-02-18,NVDA,0,0.2769575016366543,3
2021-02-18,PFE,0,0.28052495598162097,3
2021-02-18,PYPL,0,0.6501206316073969,3
2021-02-18,ZM,0,0.7557880030213753,3
2021-02-19,AAPL,0,0.8425803671378367,3
2021-02-19,AMZN,0,0.44313222663385543,3
2021-02-19,GOOGL,0,0.11981669169377093,3
2021-02-19,INTC,0,0.3029896898271616,3
2021-02-19,MSFT,0,0.6488844536543094,3
2021-02-19,NVDA,0,0.32579617984026443,3
2021-02-19,PFE,0,0.4515948872257165,3
2021-02-19,PYPL,0,0.6943520404569713,3
2021-02-19,ZM,0,0.8506079805878776,3
2021-02-22,AAPL,0,0.9126981259812804,3
2021-02-22,AMZN,0,0.5663326372734562,3
2021-02-22,GOOGL,0,0.1831386754118817,3
2021-02-22,INTC,0,0.5251470742346551,3
2021-02-22,MSFT,0,0.6428097520493666,3
2021-02-22,NVDA,0,0.11793233814603148,3
2021-02-22,PFE,0,0.18936172520055458,3
2021-02-22,PYPL,0,0.7200344868773421,3
2021-02-22,ZM,0,0.3681101221197512,3
2021-02-23,AAPL,0,0.8279646307745497,3
2021-02-23,AMZN,0,0.3476677079308662,3
2021-02-23,GOOGL,0,0.16648078330965346,3
2021-02-23,INTC,0,0.33199413704807784,3
2021-02-23,MSFT,0,0.6644552091525654,3
2021-02-23,NVDA,0,0.1674875354620891,3
2021-02-23,PFE,1,0.10288789905835687,3
2021-02-23,PYPL,0,0.7629562586717379,3
2021-02-23,ZM,0,0.578716964472478,3
2021-02-24,AAPL,0,0.45910257932074106,3
2021-02-24,AMZN,0,0.3397693365630648,3
2021-02-24,GOOGL,0,0.1348086560425261,3
2021-02-24,INTC,0,0.39294039968625666,3
2021-02-24,MSFT,0,0.6770017022169084,3
2021-02-24,NVDA,0,0.16103093917634773,3
2021-02-24,PFE,1,0.0973036211529754,3
2021-02-24,PYPL,0,0.8274861406044036,3
2021-02-24,ZM,0,0.6057572252128947,3
2021-02-25,AAPL,1,0.6965689438292295,3
2021-02-25,AMZN,0,0.46286325835164754,3
2021-02-25,GOOGL,1,0.23579740058042592,3
2021-02-25,INTC,1,0.5090057786229014,3
2021-02-25,MSFT,1,0.6745825356738109,3
2021-02-25,NVDA,0,0.13793348373577385,3
2021-02-25,PFE,1,0.08980426379032606,3
2021-02-25,PYPL,1,0.7609733323681334,3
2021-02-25,ZM,1,0.7021924134293143,3
2021-02-26,AAPL,1,0.8370334869404794,3
2021-02-26,AMZN,0,0.5285503897122918,3
2021-02-26,GOOGL,0,0.06127745236934357,3
2021-02-26,INTC,0,0.28223011897852424,3
2021-02-26,MSFT,0,0.50570160039467,3
2021-02-26,NVDA,0,0.19885190887508,3
2021-02-26,PFE,1,0.07490143649812418,3
2021-02-26,PYPL,1,0.6915931001848242,3
2021-02-26,ZM,1,0.6959526596207672,3
2021-03-01,AAPL,0,0.2766920904914921,3
2021-03-01,AMZN,0,0.1876542793184641,3
2021-03-01,GOOGL,0,0.25944435265360033,3
2021-03-01,INTC,0,0.15092010600624317,3
2021-03-01,MSFT,0,0.5311019864534678,3
2021-03-01,NVDA,0,0.19889405693401613,3
2021-03-01,PFE,1,0.08248208676594547,3
2021-03-01,PYPL,0,0.3013995066813833,3
2021-03-01,ZM,0,0.30063976755789,3
2021-03-02,AAPL,0,0.902733579224554,3
2021-03-02,AMZN,0,0.49042308388578704,3
2021-03-02,GOOGL,0,0.34713333788680023,3
2021-03-02,INTC,0,0.19627523684962606,3
2021-03-02,MSFT,0,0.6528051358102492,3
2021-03-02,NVDA,0,0.450517677346413,3
2021-03-02,PFE,1,0.2712350212494906,3
2021-03-02,PYPL,0,0.7547622827108507,3
2021-03-02,ZM,0,0.6172978593580021,3
2021-03-03,AAPL,0,0.8992651684481184,3
2021-03-03,AMZN,0,0.6718213973239141,3
2021-03-03,GOOGL,0,0.3683750465219921,3
2021-03-03,INTC,0,0.1381808904588499,3
2021-03-03,MSFT,1,0.6927690997632023,3
2021-03-03,NVDA,0,0.6639636047496185,3
2021-03-03,PFE,0,0.28973270026716824,3
2021-03-03,PYPL,0,0.7195994299575049,3
2021-03-03,ZM,0,0.858802677777029,3
2021-03-04,AAPL,0,0.921396993633624,3
2021-03-04,AMZN,0,0.793520911434209,3
2021-03-04,GOOGL,0,0.20535532207503573,3
2021-03-04,INTC,1,0.10550282958736408,3
2021-03-04,MSFT,1,0.872999230703262,3
2021-03-04,NVDA,0,0.6673758720028845,3
2021-03-04,PFE,0,0.39655862144014487,3
2021-03-04,PYPL,0,0.7951298666312949,3
2021-03-04,ZM,0,0.8822846867914564,3
2021-03-05,AAPL,0,0.8463450043598563,3
2021-03-05,AMZN,1,0.8792149338591868,3
2021-03-05,GOOGL,0,0.15773127323014025,3
2021-03-05,INTC,1,0.14956563472959966,3
2021-03-05,MSFT,0,0.5726109730515486,3
2021-03-05,NVDA,0,0.6103233458148053,3
2021-03-05,PFE,0,0.2762651987811656,3
2021-03-05,PYPL,0,0.911174758743158,3
2021-03-05,ZM,0,0.8907020083959309,3
2021-03-08,AAPL,1,0.8079910432748341,3
2021-03-08,AMZN,1,0.9041119266384987,3
2021-03-08,GOOGL,0,0.4977121818497839,3
2021-03-08,INTC,1,0.11997151648307341,3
2021-03-08,MSFT,1,0.7316602403091362,3
2021-03-08,NVDA,1,0.6630460514204033,3
2021-03-08,PFE,1,0.6001383329535015,3
2021-03-08,PYPL,1,0.9355045695314126,3
2021-03-08,ZM,1,0.863609330918086,3
2021-03-09,AAPL,0,0.31795676155100155,3
2021-03-09,AMZN,0,0.6123424095321484,3
2021-03-09,GOOGL,0,0.12408234176555501,3
2021-03-09,INTC,1,0.08348116918228017,3
2021-03-09,MSFT,0,0.5424065398856245,3
2021-03-09,NVDA,1,0.5248847188441969,3
2021-03-09,PFE,0,0.44411832067625334,3
2021-03-09,PYPL,0,0.4741486312721015,3
2021-03-09,ZM,0,0.13601708541964264,3
2021-03-10,AAPL,0,0.06893337402220137,3
2021-03-10,AMZN,0,0.41077382803354073,3
2021-03-10,GOOGL,0,0.22549760166011043,3
2021-03-10,INTC,1,0.35030865963883395,3
2021-03-10,MSFT,0,0.6330950227844241,3
2021-03-10,NVDA,1,0.6023062777580592,3
2021-03-10,PFE,0,0.4249279587278744,3
2021-03-10,PYPL,0,0.8726813543301633,3
2021-03-10,ZM,0,0.7655192479503614,3
2021-03-11,AAPL,0,0.32226020221627977,3
2021-03-11,AMZN,0,0.7939409549779248,3
2021-03-11,GOOGL,0,0.15780961973563948,3
2021-03-11,INTC,0,0.3099240303967795,3
2021-03-11,MSFT,0,0.5369772430591311,3
2021-03-11,NVDA,0,0.6727665997706188,3
2021-03-11,PFE,0,0.5709796063608176,3
2021-03-11,PYPL,0,0.43480875412398,3
2021-03-11,ZM,0,0.35515546529912073,3
2021-03-12,AAPL,0,0.4074701125111961,3
2021-03-12,AMZN,0,0.7808949218086552,3
2021-03-12,GOOGL,1,0.3711180062043943,3
2021-03-12,INTC,1,0.32346347675548137,3
2021-03-12,MSFT,0,0.2637587178889009,3
2021-03-12,NVDA,0,0.6675688609267484,3
2021-03-12,PFE,0,0.25841397838015656,3
2021-03-12,PYPL,0,0.8700590645176959,3
2021-03-12,ZM,0,0.7160307948615117,3
2021-03-15,AAPL,0,0.5164188956233374,3
2021-03-15,AMZN,0,0.8857062008085943,3
2021-03-15,GOOGL,1,0.21222458653067508,3
2021-03-15,INTC,0,0.3182569365930361,3
2021-03-15,MSFT,1,0.1992453171010123,3
2021-03-15,NVDA,0,0.6112622966781305,3
2021-03-15,PFE,0,0.13518119995192057,3
2021-03-15,PYPL,0,0.8046589412627015,3
2021-03-15,ZM,0,0.7794052226490987,3
2021-03-16,AAPL,0,0.2682009116911153,3
2021-03-16,AMZN,0,0.7990640699169618,3
2021-03-16,GOOGL,0,0.14700272276305007,3
2021-03-16,INTC,0,0.2809401109734772,3
2021-03-16,MSFT,0,0.20387466414915453,3
2021-03-16,NVDA,0,0.5871887827305536,3
2021-03-16,PFE,0,0.2522033962341028,3
2021-03-16,PYPL,0,0.8572254120454847,3
2021-03-16,ZM,0,0.6868594386154199,3
2021-03-17,AAPL,0,0.580267005976034,3
2021-03-17,AMZN,0,0.7901860197147222,3
2021-03-17,GOOGL,0,0.21734726954762054,3
2021-03-17,INTC,0,0.21129781792454086,3
2021-03-17,MSFT,0,0.42272933073908014,3
2021-03-17,NVDA,0,0.31444532545015735,3
2021-03-17,PFE,0,0.338182287721394,3
2021-03-17,PYPL,0,0.6067989560945506,3
2021-03-17,ZM,0,0.6155180425610788,3
2021-03-18,AAPL,1,0.6182248610323974,3
2021-03-18,AMZN,1,0.6984223436189567,3
2021-03-18,GOOGL,1,0.459411625211301,3
2021-03-18,INTC,0,0.2683839436064513,3
2021-03-18,MSFT,1,0.19108984544196883,3
2021-03-18,NVDA,0,0.603859490094193,3
2021-03-18,PFE,0,0.11448986524966344,3
2021-03-18,PYPL,0,0.8000130119634228,3
2021-03-18,ZM,1,0.6814000746627108,3
2021-03-19,AAPL,1,0.5597314729296802,3
2021-03-19,AMZN,1,0.817980713693757,3
2021-03-19,GOOGL,1,0.30603996956974533,3
2021-03-19,INTC,0,0.2050682635695407,3
2021-03-19,MSFT,1,0.6155819134837006,3
2021-03-19,NVDA,0,0.3886366805466939,3
2021-03-19,PFE,0,0.36854827723956485,3
2021-03-19,PYPL,0,0.4410880354065488,3
2021-03-19,ZM,1,0.6391657471657833,3
2021-03-22,AAPL,0,0.3041081397174623,3
2021-03-22,AMZN,0,0.5859219620136844,3
2021-03-22,GOOGL,1,0.15461070911290203,3
2021-03-22,INTC,0,0.1505158321292591,3
2021-03-22,MSFT,1,0.18173350329071938,3
2021-03-22,NVDA,0,0.31606831159090837,3
2021-03-22,PFE,0,0.14957712626314137,3
2021-03-22,PYPL,0,0.4909500117903605,3
2021-03-22,ZM,1,0.6994110306861039,3
2021-03-23,AAPL,0,0.4628051299722833,3
2021-03-23,AMZN,0,0.7863547915815831,3
2021-03-23,GOOGL,1,0.16974433496444952,3
2021-03-23,INTC,1,0.33810418945453324,3
2021-03-23,MSFT,0,0.4959708994511031,3
2021-03-23,NVDA,0,0.21411449437085756,3
2021-03-23,PFE,1,0.19174557330572034,3
2021-03-23,PYPL,0,0.6014315814929994,3
2021-03-23,ZM,0,0.5805064163244048,3
2021-03-24,AAPL,1,0.4892817551857223,3
2021-03-24,AMZN,0,0.7170919200152502,3
2021-03-24,GOOGL,1,0.30101819286042925,3
2021-03-24,INTC,1,0.23912231986576257,3
2021-03-24,MSFT,1,0.5145876273119807,3
2021-03-24,NVDA,0,0.264601272562693,3
2021-03-24,PFE,1,0.13634117657191336,3
2021-03-24,PYPL,0,0.317711848986916,3
2021-03-24,ZM,0,0.5920699004798367,3
2021-03-25,AAPL,1,0.293538012781871,3
2021-03-25,AMZN,1,0.50525546409552,3
2021-03-25,GOOGL,1,0.18197656966896636,3
2021-03-25,INTC,1,0.21673489851462144,3
2021-03-25,MSFT,1,0.34848126321193557,3
2021-03-25,NVDA,1,0.3057153184272657,3
2021-03-25,PFE,1,0.12413276312196267,3
2021-03-25,PYPL,1,0.4782174278805767,3
2021-03-25,ZM,0,0.6612789462405768,3
2021-03-26,AAPL,1,0.48312675736202754,3
2021-03-26,AMZN,1,0.7459945271495566,3
2021-03-26,GOOGL,1,0.2717137703444692,3
2021-03-26,INTC,0,0.2537620997427494,3
2021-03-26,MSFT,1,0.5101998951683329,3
2021-03-26,NVDA,1,0.301656136877905,3
2021-03-26,PFE,1,0.1997847485004105,3
2021-03-26,PYPL,0,0.5139415494272859,3
2021-03-26,ZM,0,0.34896943131047786,3
2021-03-29,AAPL,1,0.43944671680596153,3
2021-03-29,AMZN,1,0.7436416755901142,3
2021-03-29,GOOGL,1,0.24729279100052298,3
2021-03-29,INTC,1,0.22339309683973935,3
2021-03-29,MSFT,1,0.1851309523152877,3
2021-03-29,NVDA,1,0.22660687569149435,3
2021-03-29,PFE,0,0.20503876206529434,3
2021-03-29,PYPL,1,0.4824993493152557,3
2021-03-29,ZM,1,0.6544870068972986,3
2021-03-30,AAPL,1,0.431030285077177,3
2021-03-30,AMZN,1,0.612905324680309,3
2021-03-30,GOOGL,1,0.21264004482060297,3
2021-03-30,INTC,1,0.23443799841469462,3
2021-03-30,MSFT,1,0.3754726932874572,3
2021-03-30,NVDA,1,0.232291535503759,3
2021-03-30,PFE,1,0.38053583407136776,3
2021-03-30,PYPL,1,0.636859845369615,3
2021-03-30,ZM,1,0.7692607832679291,3
2021-03-31,AAPL,1,0.24503642577878343,3
2021-03-31,AMZN,1,0.5998509638474755,3
2021-03-31,GOOGL,1,0.1645841750759394,3
2021-03-31,INTC,1,0.33634675832532224,3
2021-03-31,MSFT,1,0.4760089092774251,3
2021-03-31,NVDA,1,0.21888305019566368,3
2021-03-31,PFE,1,0.2605043140848046,3
2021-03-31,PYPL,1,0.5993203001404277,3
2021-03-31,ZM,1,0.7468923594763724,3
2021-04-01,AAPL,1,0.2704476436476845,3
2021-04-01,AMZN,1,0.771972792953497,3
2021-04-01,GOOGL,1,0.15343449921504546,3
2021-04-01,INTC,1,0.36352367326919977,3
2021-04-01,MSFT,1,0.5613223823255139,3
2021-04-01,NVDA,1,0.14004494609229384,3
2021-04-01,PFE,1,0.3315814361757848,3
2021-04-01,PYPL,1,0.47470903001149173,3
2021-04-01,ZM,0,0.7443488830712016,3
2021-04-05,AAPL,1,0.2908838140643495,3
2021-04-05,AMZN,1,0.7811520224562692,3
2021-04-05,GOOGL,1,0.16601336160114705,3
2021-04-05,INTC,0,0.2579573585473472,3
2021-04-05,MSFT,1,0.5577623705676317,3
2021-04-05,NVDA,1,0.17315950660732404,3
2021-04-05,PFE,1,0.28699502200660465,3
2021-04-05,PYPL,1,0.3639612052365503,3
2021-04-05,ZM,0,0.7818944888970497,3
2021-04-06,AAPL,1,0.3438591692371839,3
2021-04-06,AMZN,1,0.7891912781490856,3
2021-04-06,GOOGL,1,0.32366400787959465,3
2021-04-06,INTC,1,0.2841893820623837,3
2021-04-06,MSFT,1,0.6606478375048652,3
2021-04-06,NVDA,1,0.14961882248519043,3
2021-04-06,PFE,1,0.5681333287015288,3
2021-04-06,PYPL,1,0.4838288898886015,3
2021-04-06,ZM,0,0.7011345712184607,3
2021-04-07,AAPL,1,0.26015069584899614,3
2021-04-07,AMZN,1,0.8190817390001166,3
2021-04-07,GOOGL,1,0.12620060058761323,3
2021-04-07,INTC,0,0.541613619564197,3
2021-04-07,MSFT,1,0.6723607726370219,3
2021-04-07,NVDA,1,0.20045708276026988,3
2021-04-07,PFE,1,0.6238473619668546,3
2021-04-07,PYPL,1,0.43329027855497526,3
2021-04-07,ZM,0,0.7452212481052213,3
2021-04-08,AAPL,1,0.09176410959602851,3
2021-04-08,AMZN,1,0.5957840961280534,3
2021-04-08,GOOGL,1,0.14829664349748495,3
2021-04-08,INTC,0,0.4510050644071582,3
2021-04-08,MSFT,1,0.23968452735869517,3
2021-04-08,NVDA,1,0.23040763438920672,3
2021-04-08,PFE,1,0.7023895845531894,3
2021-04-08,PYPL,1,0.47481859980945945,3
2021-04-08,ZM,0,0.7813494952565004,3
2021-04-09,AAPL,0,0.20162331858567178,3
2021-04-09,AMZN,0,0.44044803680999006,3
2021-04-09,GOOGL,0,0.14519906472553537,3
2021-04-09,INTC,0,0.4400325999481581,3
2021-04-09,MSFT,0,0.4032406839200574,3
2021-04-09,NVDA,0,0.27706496690417437,3
2021-04-09,PFE,1,0.5524143847399465,3
2021-04-09,PYPL,1,0.5375209095253919,3
2021-04-09,ZM,0,0.5950783447879602,3
2021-04-12,AAPL,1,0.22540372110847678,3
2021-04-12,AMZN,0,0.44546495984913964,3
2021-04-12,GOOGL,1,0.18733493959765904,3
2021-04-12,INTC,0,0.48412334006998287,3
2021-04-12,MSFT,0,0.4393914418833468,3
2021-04-12,NVDA,1,0.376557515523094,3
2021-04-12,PFE,1,0.2703694541639689,3
2021-04-12,PYPL,0,0.45626304343489665,3
2021-04-12,ZM,1,0.7926954373053324,3
2021-04-13,AAPL,0,0.07204924880822007,3
2021-04-13,AMZN,0,0.37602526442427453,3
2021-04-13,GOOGL,1,0.24107453406987034,3
2021-04-13,INTC,0,0.3456558034822702,3
2021-04-13,MSFT,0,0.39540807290190205,3
2021-04-13,NVDA,0,0.4634484156816938,3
2021-04-13,PFE,1,0.42240456184063213,3
2021-04-13,PYPL,0,0.32903258125091134,3
2021-04-13,ZM,0,0.44330943702456077,3
2021-04-14,AAPL,0,0.1353598576344163,3
2021-04-14,AMZN,1,0.24231627478194742,3
2021-04-14,GOOGL,1,0.3310807929227864,3
2021-04-14,INTC,0,0.2834100710072015,3
2021-04-14,MSFT,0,0.40074994815878395,3
2021-04-14,NVDA,1,0.26178392151913926,3
2021-04-14,PFE,1,0.374004844757906,3
2021-04-14,PYPL,0,0.3921429994945349,3
2021-04-14,ZM,0,0.6243809854682387,3
2021-04-15,AAPL,0,0.09831192551992457,3
2021-04-15,AMZN,0,0.05638267870353148,3
2021-04-15,GOOGL,1,0.11454177803324739,3
2021-04-15,INTC,0,0.33710489770918783,3
2021-04-15,MSFT,0,0.21649040776736686,3
2021-04-15,NVDA,0,0.2614026097668238,3
2021-04-15,PFE,1,0.3305993975466272,3
2021-04-15,PYPL,0,0.5503995415924219,3
2021-04-15,ZM,0,0.7314235651726163,3
2021-04-16,AAPL,0,0.2879798720670385,3
2021-04-16,AMZN,0,0.13350284421174832,3
2021-04-16,GOOGL,1,0.30714251733406234,3
2021-04-16,INTC,0,0.2703406665984394,3
2021-04-16,MSFT,0,0.26213056875558677,3
2021-04-16,NVDA,0,0.3380107839115547,3
2021-04-16,PFE,1,0.5725293082255719,3
2021-04-16,PYPL,0,0.6655223938406724,3
2021-04-16,ZM,0,0.6235471839119292,3
2021-04-19,AAPL,0,0.18794547029608757,3
2021-04-19,AMZN,0,0.1928256115004833,3
2021-04-19,GOOGL,0,0.3536394836395984,3
2021-04-19,INTC,0,0.4126459831821699,3
2021-04-19,MSFT,0,0.3992059279603182,3
2021-04-19,NVDA,0,0.28273459509199383,3
2021-04-19,PFE,1,0.7142666369000155,3
2021-04-19,PYPL,0,0.8047719566546597,3
2021-04-19,ZM,0,0.8048558198672778,3
2021-04-20,AAPL,0,0.12450936290508065,3
2021-04-20,AMZN,1,0.2249304386350089,3
2021-04-20,GOOGL,1,0.46225389608857925,3
2021-04-20,INTC,0,0.4517501936609674,3
2021-04-20,MSFT,0,0.2985765775879458,3
2021-04-20,NVDA,0,0.34927119594916095,3
2021-04-20,PFE,1,0.23439579133597951,3
2021-04-20,PYPL,0,0.6628384209168481,3
2021-04-20,ZM,0,0.6448295246534067,3
2021-04-21,AAPL,0,0.20694089698573565,3
2021-04-21,AMZN,1,0.22694738311824872,3
2021-04-21,GOOGL,1,0.4685950203610066,3
2021-04-21,INTC,0,0.6628327600218694,3
2021-04-21,MSFT,0,0.3492829132246943,3
2021-04-21,NVDA,0,0.26928471023482886,3
2021-04-21,PFE,0,0.21037336568394455,3
2021-04-21,PYPL,0,0.8308578247625122,3
2021-04-21,ZM,1,0.6742375184552747,3
2021-04-22,AAPL,1,0.33579253310214086,3
2021-04-22,AMZN,1,0.3180962965754074,3
2021-04-22,GOOGL,1,0.7004276397522854,3
2021-04-22,INTC,0,0.6331347471688499,3
2021-04-22,MSFT,0,0.6515113271002554,3
2021-04-22,NVDA,1,0.16844057501346393,3
2021-04-22,PFE,1,0.15934581400723682,3
2021-04-22,PYPL,1,0.8374768873498627,3
2021-04-22,ZM,1,0.670252798827719,3
2021-04-23,AAPL,0,0.21413678155151142,3
2021-04-23,AMZN,1,0.4227019866229203,3
2021-04-23,GOOGL,1,0.646432871301502,3
2021-04-23,INTC,0,0.7442744558367986,3
2021-04-23,MSFT,0,0.5992364371544098,3
2021-04-23,NVDA,0,0.13885373529527723,3
2021-04-23,PFE,1,0.20382518866694968,3
2021-04-23,PYPL,0,0.7454819088477389,3
2021-04-23,ZM,0,0.8067782430914788,3
2021-04-26,AAPL,0,0.22162334841427725,3
2021-04-26,AMZN,1,0.2760532118349175,3
2021-04-26,GOOGL,1,0.323140854619684,3
2021-04-26,INTC,0,0.5167006333511903,3
2021-04-26,MSFT,0,0.4695291586613666,3
2021-04-26,NVDA,0,0.1650683098991109,3
2021-04-26,PFE,1,0.2913399440308537,3
2021-04-26,PYPL,0,0.8130186311824756,3
2021-04-26,ZM,0,0.6941100591746359,3
2021-04-27,AAPL,0,0.3805275383298447,3
2021-04-27,AMZN,1,0.368322552292803,3
2021-04-27,GOOGL,1,0.5507162313980819,3
2021-04-27,INTC,0,0.7392549131757741,3
2021-04-27,MSFT,0,0.757230949832722,3
2021-04-27,NVDA,0,0.40313148594831416,3
2021-04-27,PFE,1,0.5672595257690314,3
2021-04-27,PYPL,0,0.7858943546847118,3
2021-04-27,ZM,0,0.6277952974855234,3
2021-04-28,AAPL,0,0.6364890980742194,3
2021-04-28,AMZN,0,0.34285238165520354,3
2021-04-28,GOOGL,0,0.3372932220236019,3
2021-04-28,INTC,0,0.7009095316163269,3
2021-04-28,MSFT,0,0.43015051501140084,3
2021-04-28,NVDA,0,0.3274803497535377,3
2021-04-28,PFE,1,0.3662948720864836,3
2021-04-28,PYPL,0,0.7261735719145151,3
2021-04-28,ZM,0,0.7177304347025961,3
2021-04-29,AAPL,0,0.5246093008373085,3
2021-04-29,AMZN,0,0.4478724046434933,3
2021-04-29,GOOGL,0,0.36123002589211833,3
2021-04-29,INTC,0,0.798701318736069,3
2021-04-29,MSFT,0,0.49426854343698007,3
2021-04-29,NVDA,0,0.18176565191862157,3
2021-04-29,PFE,1,0.28266460264717885,3
2021-04-29,PYPL,0,0.4362652339212382,3
2021-04-29,ZM,0,0.6356407308734747,3
2021-04-30,AAPL,0,0.5984481003305839,3
2021-04-30,AMZN,0,0.4755322954734747,3
2021-04-30,GOOGL,0,0.44895781165140947,3
2021-04-30,INTC,0,0.36452929051967037,3
2021-04-30,MSFT,0,0.43498014391315787,3
2021-04-30,NVDA,0,0.1198166982474317,3
2021-04-30,PFE,1,0.25167092866488633,3
2021-04-30,PYPL,0,0.27030080386522587,3
2021-04-30,ZM,0,0.492948611019198,3
2021-05-03,AAPL,0,0.2511373492961251,3
2021-05-03,AMZN,0,0.3101017925894474,3
2021-05-03,GOOGL,0,0.5378350028497931,3
2021-05-03,INTC,0,0.4512308068347553,3
2021-05-03,MSFT,0,0.48700304118172927,3
2021-05-03,NVDA,0,0.2065832423762627,3
2021-05-03,PFE,0,0.19546251981850918,3
2021-05-03,PYPL,0,0.36797035404653533,3
2021-05-03,ZM,0,0.6207128844691635,3
2021-05-04,AAPL,0,0.5955092211278848,3
2021-05-04,AMZN,0,0.6097350588788312,3
2021-05-04,GOOGL,0,0.7112982821628205,3
2021-05-04,INTC,0,0.5060299956803329,3
2021-05-04,MSFT,0,0.39811484886153126,3
2021-05-04,NVDA,1,0.49269749863149526,3
2021-05-04,PFE,0,0.2388324303116597,3
2021-05-04,PYPL,0,0.5272375185833821,3
2021-05-04,ZM,0,0.8234569128723693,3
2021-05-05,AAPL,0,0.5619988186787952,3
2021-05-05,AMZN,0,0.7487274390212854,3
2021-05-05,GOOGL,0,0.7227236123939909,3
2021-05-05,INTC,0,0.8998782434112799,3
2021-05-05,MSFT,0,0.5087649149944803,3
2021-05-05,NVDA,0,0.6125302575208739,3
2021-05-05,PFE,0,0.12500047943440423,3
2021-05-05,PYPL,1,0.5592251516099983,3
2021-05-05,ZM,0,0.526045570474082,3
2021-05-06,AAPL,0,0.1875160110357581,3
2021-05-06,AMZN,0,0.5691994506238954,3
2021-05-06,GOOGL,0,0.5315184857643187,3
2021-05-06,INTC,0,0.8208316314585334,3
2021-05-06,MSFT,0,0.3653885900691104,3
2021-05-06,NVDA,0,0.5556340336568597,3
2021-05-06,PFE,1,0.41844774159330633,3
2021-05-06,PYPL,0,0.518939232614888,3
2021-05-06,ZM,1,0.6553790277681325,3
2021-05-07,AAPL,0,0.16993496259311863,3
2021-05-07,AMZN,0,0.5477337067676659,3
2021-05-07,GOOGL,0,0.45412961046355743,3
2021-05-07,INTC,0,0.7856719397494053,3
2021-05-07,MSFT,0,0.40456320494104775,3
2021-05-07,NVDA,0,0.1841824530228515,3
2021-05-07,PFE,0,0.19451741428425515,3
2021-05-07,PYPL,0,0.413355233606471,3
2021-05-07,ZM,0,0.6011320016365526,3
2021-05-10,AAPL,0,0.3101741406117312,3
2021-05-10,AMZN,0,0.3918965924008348,3
2021-05-10,GOOGL,0,0.49348435021228926,3
2021-05-10,INTC,0,0.8659680264584769,3
2021-05-10,MSFT,0,0.6500839432845302,3
2021-05-10,NVDA,0,0.6576284839628959,3
2021-05-10,PFE,0,0.3388364261345151,3
2021-05-10,PYPL,0,0.7261033587749861,3
2021-05-10,ZM,0,0.8364693737576805,3
2021-05-11,AAPL,0,0.6585594795872388,3
2021-05-11,AMZN,0,0.5608777340825688,3
2021-05-11,GOOGL,0,0.7512131235072506,3
2021-05-11,INTC,0,0.9269340878575537,3
2021-05-11,MSFT,0,0.7155596858716723,3
2021-05-11,NVDA,0,0.7538776204417773,3
2021-05-11,PFE,0,0.6387830842863158,3
2021-05-11,PYPL,0,0.7482342450985207,3
2021-05-11,ZM,0,0.6583902140248925,3
2021-05-12,AAPL,1,0.6060601018175004,3
2021-05-12,AMZN,1,0.5109475505754497,3
2021-05-12,GOOGL,1,0.84819069476842,3
2021-05-12,INTC,1,0.8701281551704684,3
2021-05-12,MSFT,1,0.6699734870301655,3
2021-05-12,NVDA,0,0.5195587399000193,3
2021-05-12,PFE,0,0.18476012773783462,3
2021-05-12,PYPL,0,0.6867918365636493,3
2021-05-12,ZM,0,0.7428072633649118,3
2021-05-13,AAPL,0,0.39539760170511906,3
2021-05-13,AMZN,1,0.39334413184992895,3
2021-05-13,GOOGL,1,0.5543367256578376,3
2021-05-13,INTC,1,0.8251745882416822,3
2021-05-13,MSFT,1,0.5328155162887589,3
2021-05-13,NVDA,1,0.5436890755956733,3
2021-05-13,PFE,0,0.28702191583022846,3
2021-05-13,PYPL,0,0.8106718073503156,3
2021-05-13,ZM,1,0.8090501265294585,3
2021-05-14,AAPL,0,0.316656372910542,3
2021-05-14,AMZN,0,0.36735115844239646,3
2021-05-14,GOOGL,0,0.638230575917149,3
2021-05-14,INTC,0,0.5465266191165723,3
2021-05-14,MSFT,0,0.5339698452877631,3
2021-05-14,NVDA,0,0.6360563906829092,3
2021-05-14,PFE,0,0.18239209001191908,3
2021-05-14,PYPL,0,0.6252340995147468,3
2021-05-14,ZM,1,0.3283734980247758,3
2021-05-17,AAPL,0,0.4072954101972121,3
2021-05-17,AMZN,0,0.31046351953914203,3
2021-05-17,GOOGL,0,0.5892061524915544,3
2021-05-17,INTC,0,0.4970708717544993,3
2021-05-17,MSFT,0,0.556481330396011,3
2021-05-17,NVDA,0,0.3874775601741051,3
2021-05-17,PFE,0,0.33675784585830043,3
2021-05-17,PYPL,0,0.6478940886409625,3
2021-05-17,ZM,1,0.7599728871302472,3
2021-05-18,AAPL,0,0.493632450171623,3
2021-05-18,AMZN,0,0.49722821977267284,3
2021-05-18,GOOGL,1,0.5877985782348262,3
2021-05-18,INTC,1,0.8316626699645311,3
2021-05-18,MSFT,1,0.7463971409326238,3
2021-05-18,NVDA,0,0.5568400908056104,3
2021-05-18,PFE,0,0.18510341416905646,3
2021-05-18,PYPL,0,0.5821634269268932,3
2021-05-18,ZM,0,0.7213498927459682,3
2021-05-19,AAPL,0,0.5206754109862353,3
2021-05-19,AMZN,0,0.5801268502253595,3
2021-05-19,GOOGL,1,0.6003008297656379,3
2021-05-19,INTC,1,0.6776058584411283,3
2021-05-19,MSFT,1,0.7101536161615996,3
2021-05-19,NVDA,1,0.6692213216655184,3
2021-05-19,PFE,0,0.4027548565486887,3
2021-05-19,PYPL,1,0.6815872451865423,3
2021-05-19,ZM,1,0.806472186666123,3
2021-05-20,AAPL,0,0.3856940072732445,3
2021-05-20,AMZN,0,0.5142018893542052,3
2021-05-20,GOOGL,1,0.6655640277464094,3
2021-05-20,INTC,1,0.8087496227477053,3
2021-05-20,MSFT,1,0.5731312077776086,3
2021-05-20,NVDA,1,0.5194993115516423,3
2021-05-20,PFE,0,0.38041562812651125,3
2021-05-20,PYPL,1,0.4901138836693651,3
2021-05-20,ZM,0,0.6849427017178007,3
2021-05-21,AAPL,1,0.5637224307101582,3
2021-05-21,AMZN,1,0.5355391510650738,3
2021-05-21,GOOGL,1,0.6890778825275863,3
2021-05-21,INTC,1,0.7530042340388564,3
2021-05-21,MSFT,1,0.6883067554074787,3
2021-05-21,NVDA,1,0.4587172667996141,3
2021-05-21,PFE,0,0.37791870915500536,3
2021-05-21,PYPL,1,0.6757929640797534,3
2021-05-21,ZM,1,0.585944598150673,3
2021-05-24,AAPL,0,0.3386031850581799,3
2021-05-24,AMZN,0,0.34919516190406164,3
2021-05-24,GOOGL,1,0.6408365263821568,3
2021-05-24,INTC,0,0.645210551446733,3
2021-05-24,MSFT,0,0.5522785031225605,3
2021-05-24,NVDA,1,0.19460795366426747,3
2021-05-24,PFE,0,0.5890706881110143,3
2021-05-24,PYPL,1,0.44966179563491265,3
2021-05-24,ZM,1,0.732553741271255,3
2021-05-25,AAPL,0,0.5574613089168996,3
2021-05-25,AMZN,0,0.37318176295344085,3
2021-05-25,GOOGL,1,0.5633019950094658,3
2021-05-25,INTC,0,0.7198126078895934,3
2021-05-25,MSFT,0,0.5115584838322305,3
2021-05-25,NVDA,1,0.36173462937285805,3
2021-05-25,PFE,0,0.733728662295711,3
2021-05-25,PYPL,1,0.5993649603329478,3
2021-05-25,ZM,1,0.8438155763092101,3
2021-05-26,AAPL,0,0.5631436462462537,3
2021-05-26,AMZN,0,0.4970082289603631,3
2021-05-26,GOOGL,0,0.7489383308498514,3
2021-05-26,INTC,0,0.7628462927922534,3
2021-05-26,MSFT,0,0.5604795112107058,3
2021-05-26,NVDA,1,0.20168202984230602,3
2021-05-26,PFE,1,0.5854991261839966,3
2021-05-26,PYPL,0,0.46738113529198017,3
2021-05-26,ZM,0,0.63049680387504,3
2021-05-27,AAPL,0,0.264421587751315,3
2021-05-27,AMZN,0,0.2454516583175281,3
2021-05-27,GOOGL,1,0.6337776896538446,3
2021-05-27,INTC,0,0.6684902909378772,3
2021-05-27,MSFT,0,0.3364761811106333,3
2021-05-27,NVDA,1,0.22448627062266788,3
2021-05-27,PFE,1,0.45248050493442366,3
2021-05-27,PYPL,1,0.32132938886699247,3
2021-05-27,ZM,0,0.7419084065558363,3
2021-05-28,AAPL,1,0.31289935071127556,3
2021-05-28,AMZN,0,0.34117307323177093,3
2021-05-28,GOOGL,1,0.7181999834703872,3
2021-05-28,INTC,0,0.6837699467593649,3
2021-05-28,MSFT,0,0.23924508545028758,3
2021-05-28,NVDA,0,0.2856715007128802,3
2021-05-28,PFE,1,0.4675620976110113,3
2021-05-28,PYPL,1,0.5475429327998947,3
2021-05-28,ZM,0,0.4806114475698022,3
2021-06-01,AAPL,1,0.5392857901375446,3
2021-06-01,AMZN,1,0.34014532042083073,3
2021-06-01,GOOGL,0,0.4311995898371395,3
2021-06-01,INTC,0,0.5691829761076287,3
2021-06-01,MSFT,0,0.2038785236759148,3
2021-06-01,NVDA,1,0.41486013160680085,3
2021-06-01,PFE,1,0.4822702952447549,3
2021-06-01,PYPL,1,0.5881353424695873,3
2021-06-01,ZM,0,0.5948525554807147,3
2021-06-02,AAPL,0,0.2309539007788419,3
2021-06-02,AMZN,0,0.3973942950677313,3
2021-06-02,GOOGL,0,0.799921215283982,3
2021-06-02,INTC,0,0.39709220498596787,3
2021-06-02,MSFT,0,0.5020106555727607,3
2021-06-02,NVDA,1,0.41677466444255634,3
2021-06-02,PFE,1,0.45606596461860754,3
2021-06-02,PYPL,0,0.31930003859463285,3
2021-06-02,ZM,0,0.7919126157882577,3
2021-06-03,AAPL,1,0.4229013301671631,3
2021-06-03,AMZN,1,0.2401284706665237,3
2021-06-03,GOOGL,1,0.45565603882764805,3
2021-06-03,INTC,1,0.4012276879134381,3
2021-06-03,MSFT,1,0.3267744932855375,3
2021-06-03,NVDA,1,0.3987902896639613,3
2021-06-03,PFE,1,0.609277743137861,3
2021-06-03,PYPL,1,0.30070833871241526,3
2021-06-03,ZM,1,0.45436552762472215,3
2021-06-04,AAPL,1,0.19974484659418718,3
2021-06-04,AMZN,1,0.3101011544191299,3
2021-06-04,GOOGL,0,0.6088538587418154,3
2021-06-04,INTC,0,0.3468907750739597,3
2021-06-04,MSFT,1,0.32487718671047994,3
2021-06-04,NVDA,0,0.2555330661883464,3
2021-06-04,PFE,0,0.39215993494031764,3
2021-06-04,PYPL,1,0.40843826306388664,3
2021-06-04,ZM,1,0.6927865109186758,3
2021-06-07,AAPL,1,0.5912213619194169,3
2021-06-07,AMZN,1,0.7250388161350978,3
2021-06-07,GOOGL,0,0.6171171841486884,3
2021-06-07,INTC,0,0.7683599816347603,3
2021-06-07,MSFT,1,0.5667343612718511,3
2021-06-07,NVDA,0,0.254744380214174,3
2021-06-07,PFE,1,0.5363953822175856,3
2021-06-07,PYPL,1,0.4756753038538761,3
2021-06-07,ZM,0,0.8198628671384185,3
2021-06-08,AAPL,1,0.40536198670913487,3
2021-06-08,AMZN,1,0.4592148221087698,3
2021-06-08,GOOGL,0,0.6125480874685805,3
2021-06-08,INTC,0,0.3843645399216448,3
2021-06-08,MSFT,1,0.48422109926075585,3
2021-06-08,NVDA,0,0.2564223535364278,3
2021-06-08,PFE,1,0.6150043962079144,3
2021-06-08,PYPL,1,0.3566869921545713,3
2021-06-08,ZM,0,0.6976524725445914,3
2021-06-09,AAPL,1,0.3318546134738884,3
2021-06-09,AMZN,1,0.398102624706678,3
2021-06-09,GOOGL,0,0.5316765223237125,3
2021-06-09,INTC,0,0.44544877781906905,3
2021-06-09,MSFT,1,0.5822743962794436,3
2021-06-09,NVDA,1,0.5429659285974392,3
2021-06-09,PFE,0,0.31619917846067497,3
2021-06-09,PYPL,1,0.4743211897249687,3
2021-06-09,ZM,1,0.6446896971499649,3
2021-06-10,AAPL,1,0.3341133177344674,3
2021-06-10,AMZN,1,0.507221252076418,3
2021-06-10,GOOGL,0,0.5389100588502727,3
2021-06-10,INTC,0,0.5462437968851854,3
2021-06-10,MSFT,1,0.47536036601683457,3
2021-06-10,NVDA,1,0.49421820646015446,3
2021-06-10,PFE,0,0.2589523384108819,3
2021-06-10,PYPL,0,0.3540392818704104,3
2021-06-10,ZM,1,0.7342921915300951,3
2021-06-11,AAPL,1,0.2953627892552475,3
2021-06-11,AMZN,1,0.6451825153943842,3
2021-06-11,GOOGL,0,0.4542868992342443,3
2021-06-11,INTC,0,0.4227813813615485,3
2021-06-11,MSFT,1,0.4592677947067147,3
2021-06-11,NVDA,1,0.5654172618599859,3
2021-06-11,PFE,0,0.32422081017567006,3
2021-06-11,PYPL,0,0.5133158932965179,3
2021-06-11,ZM,0,0.43983222453788934,3
2021-06-14,AAPL,1,0.3545206513892432,3
2021-06-14,AMZN,1,0.48460357134987697,3
2021-06-14,GOOGL,0,0.2732671118298281,3
2021-06-14,INTC,0,0.6148239883366834,3
2021-06-14,MSFT,0,0.5630739272907358,3
2021-06-14,NVDA,0,0.42668970219970465,3
2021-06-14,PFE,0,0.2984269801370691,3
2021-06-14,PYPL,0,0.18601503599161143,3
2021-06-14,ZM,0,0.7422952101681424,3
2021-06-15,AAPL,1,0.5063124983371863,3
2021-06-15,AMZN,1,0.40638279846996744,3
2021-06-15,GOOGL,0,0.12153897076515101,3
2021-06-15,INTC,0,0.6763924153879386,3
2021-06-15,MSFT,0,0.5125012107918768,3
2021-06-15,NVDA,1,0.4781763947428221,3
2021-06-15,PFE,0,0.4653792411727181,3
2021-06-15,PYPL,0,0.4559255061887407,3
2021-06-15,ZM,1,0.6137167650862557,3
2021-06-16,AAPL,1,0.30497135779606394,3
2021-06-16,AMZN,1,0.45948105978913323,3
2021-06-16,GOOGL,1,0.31495789638865257,3
2021-06-16,INTC,0,0.7395022891243678,3
2021-06-16,MSFT,1,0.5559828174414393,3
2021-06-16,NVDA,1,0.5601729097776313,3
2021-06-16,PFE,0,0.3587919255219489,3
2021-06-16,PYPL,1,0.48955787564817166,3
2021-06-16,ZM,1,0.8233359103313704,3
2021-06-17,AAPL,0,0.5450533745633667,3
2021-06-17,AMZN,0,0.11409684759166158,3
2021-06-17,GOOGL,0,0.21340082814381622,3
2021-06-17,INTC,0,0.7484959805509429,3
2021-06-17,MSFT,1,0.3995281137295005,3
2021-06-17,NVDA,1,0.5097698870894006,3
2021-06-17,PFE,0,0.16336902423934793,3
2021-06-17,PYPL,1,0.5983910817143901,3
2021-06-17,ZM,0,0.6889751111911958,3
2021-06-18,AAPL,1,0.24854324739830955,3
2021-06-18,AMZN,0,0.06622810941691039,3
2021-06-18,GOOGL,1,0.490501611251001,3
2021-06-18,INTC,1,0.5807387907171688,3
2021-06-18,MSFT,1,0.503136942750892,3
2021-06-18,NVDA,0,0.34821758179117757,3
2021-06-18,PFE,1,0.31714112712479114,3
2021-06-18,PYPL,0,0.4475299782696157,3
2021-06-18,ZM,0,0.788763695603805,3
2021-06-21,AAPL,1,0.2089135004555981,3
2021-06-21,AMZN,0,0.14382781862913427,3
2021-06-21,GOOGL,1,0.2858218916526699,3
2021-06-21,INTC,1,0.7112056674265578,3
2021-06-21,MSFT,1,0.2914013604749146,3
2021-06-21,NVDA,1,0.2925464209043875,3
2021-06-21,PFE,0,0.18734887356038865,3
2021-06-21,PYPL,1,0.7317175594402948,3
2021-06-21,ZM,1,0.7013967906504922,3
2021-06-22,AAPL,1,0.16776516667173466,3
2021-06-22,AMZN,0,0.07643874866199711,3
2021-06-22,GOOGL,1,0.21083589705696715,3
2021-06-22,INTC,1,0.7465729683506618,3
2021-06-22,MSFT,1,0.30402610656540247,3
2021-06-22,NVDA,1,0.3370741268859399,3
2021-06-22,PFE,0,0.1389689788295641,3
2021-06-22,PYPL,1,0.39355726135832847,3
2021-06-22,ZM,0,0.6112255931175135,3
2021-06-23,AAPL,1,0.5446206002138892,3
2021-06-23,AMZN,0,0.05333320323895764,3
2021-06-23,GOOGL,1,0.5818428631479475,3
2021-06-23,INTC,1,0.7415629626101304,3
2021-06-23,MSFT,1,0.4405527103587038,3
2021-06-23,NVDA,1,0.5847527208111987,3
2021-06-23,PFE,1,0.40944602204482167,3
2021-06-23,PYPL,1,0.5702813773011004,3
2021-06-23,ZM,0,0.547248980259563,3
2021-06-24,AAPL,1,0.6426118464005952,3
2021-06-24,AMZN,0,0.22730126605352058,3
2021-06-24,GOOGL,1,0.39486915500688097,3
2021-06-24,INTC,1,0.8286672158349383,3
2021-06-24,MSFT,1,0.26025626008693037,3
2021-06-24,NVDA,0,0.7592449631430382,3
2021-06-24,PFE,1,0.4022333588700789,3
2021-06-24,PYPL,0,0.4315912689977668,3
2021-06-24,ZM,0,0.4966049078485168,3
2021-06-25,AAPL,1,0.5557866918189653,3
2021-06-25,AMZN,1,0.22121713949877048,3
2021-06-25,GOOGL,1,0.5282039497917072,3
2021-06-25,INTC,1,0.8276604881415495,3
2021-06-25,MSFT,1,0.34174781312467567,3
2021-06-25,NVDA,1,0.4652605228626481,3
2021-06-25,PFE,1,0.5329753490003686,3
2021-06-25,PYPL,0,0.540638083384711,3
2021-06-25,ZM,1,0.782806470855441,3
2021-06-28,AAPL,1,0.2727805912539148,3
2021-06-28,AMZN,1,0.26343442448502663,3
2021-06-28,GOOGL,1,0.5508371208707188,3
2021-06-28,INTC,0,0.7183634802009695,3
2021-06-28,MSFT,1,0.27284225790597216,3
2021-06-28,NVDA,0,0.48359725433754425,3
2021-06-28,PFE,1,0.28187725714461176,3
2021-06-28,PYPL,0,0.39888054381033283,3
2021-06-28,ZM,0,0.5540030270585147,3
2021-06-29,AAPL,1,0.4324513440067999,3
2021-06-29,AMZN,1,0.3011364651107381,3
2021-06-29,GOOGL,1,0.5119202307484559,3
2021-06-29,INTC,0,0.641268744939524,3
2021-06-29,MSFT,1,0.2573249827323869,3
2021-06-29,NVDA,1,0.5746766961273531,3
2021-06-29,PFE,1,0.3411299727389803,3
2021-06-29,PYPL,0,0.6872775173112711,3
2021-06-29,ZM,0,0.3441579011581378,3
2021-06-30,AAPL,1,0.42063409631043563,3
2021-06-30,AMZN,1,0.49985053828658454,3
2021-06-30,GOOGL,1,0.5986556170895619,3
2021-06-30,INTC,0,0.7253535046230749,3
2021-06-30,MSFT,1,0.5997828663778385,3
2021-06-30,NVDA,1,0.8045524212776045,3
2021-06-30,PFE,1,0.6429547187902825,3
2021-06-30,PYPL,0,0.6073431532159496,3
2021-06-30,ZM,1,0.5293666131731746,3
2021-07-01,AAPL,1,0.45165249936435015,4
2021-07-01,AMZN,1,0.4150065467026302,4
2021-07-01,GOOGL,1,0.7219579643783053,4
2021-07-01,INTC,0,0.7000533793190526,4
2021-07-01,MSFT,1,0.36751232768194175,4
2021-07-01,NVDA,1,0.80497231546419,4
2021-07-01,PFE,0,0.4862176214814816,4
2021-07-01,PYPL,1,0.398393850670523,4
2021-07-01,ZM,1,0.4290265209288527,4
2021-07-02,AAPL,1,0.20928872412873206,4
2021-07-02,AMZN,1,0.3813243532335635,4
2021-07-02,GOOGL,1,0.7416698192808999,4
2021-07-02,INTC,0,0.624724106847098,4
2021-07-02,MSFT,1,0.22263333364690452,4
2021-07-02,NVDA,0,0.8528401872537521,4
2021-07-02,PFE,0,0.602394295863506,4
2021-07-02,PYPL,1,0.5794244768973201,4
2021-07-02,ZM,1,0.40826419622981625,4
2021-07-06,AAPL,1,0.1753864636161087,4
2021-07-06,AMZN,0,0.2971069160108212,4
2021-07-06,GOOGL,0,0.7689835635385416,4
2021-07-06,INTC,0,0.5552491683964127,4
2021-07-06,MSFT,1,0.24449361491179467,4
2021-07-06,NVDA,0,0.6661333591104754,4
2021-07-06,PFE,1,0.6540788566146899,4
2021-07-06,PYPL,1,0.29345590764685336,4
2021-07-06,ZM,0,0.27920089949143123,4
2021-07-07,AAPL,0,0.20438345267810312,4
2021-07-07,AMZN,0,0.23910405796697626,4
2021-07-07,GOOGL,0,0.6982487223722237,4
2021-07-07,INTC,0,0.6645272253452331,4
2021-07-07,MSFT,0,0.1925289560453249,4
2021-07-07,NVDA,0,0.7535187800874601,4
2021-07-07,PFE,1,0.6949535464838631,4
2021-07-07,PYPL,0,0.2090518627515092,4
2021-07-07,ZM,0,0.45894098662018135,4
2021-07-08,AAPL,1,0.40069149953913163,4
2021-07-08,AMZN,0,0.5202997941251157,4
2021-07-08,GOOGL,1,0.5359910453452258,4
2021-07-08,INTC,1,0.5552734798432275,4
2021-07-08,MSFT,1,0.23199230317138694,4
2021-07-08,NVDA,1,0.6594728159349893,4
2021-07-08,PFE,1,0.610941635053436,4
2021-07-08,PYPL,1,0.5322382210805483,4
2021-07-08,ZM,0,0.42354488001750357,4
2021-07-09,AAPL,1,0.2368486757176561,4
2021-07-09,AMZN,0,0.528134675114704,4
2021-07-09,GOOGL,1,0.6952841020507362,4
2021-07-09,INTC,0,0.5410587582370667,4
2021-07-09,MSFT,1,0.20615446264122256,4
2021-07-09,NVDA,0,0.7859637012136523,4
2021-07-09,PFE,1,0.4603081908858781,4
2021-07-09,PYPL,0,0.5967443754781009,4
2021-07-09,ZM,0,0.35489746654418614,4
2021-07-12,AAPL,1,0.4103482575195036,4
2021-07-12,AMZN,0,0.2744489140753268,4
2021-07-12,GOOGL,0,0.643549806558046,4
2021-07-12,INTC,0,0.5057999596464119,4
2021-07-12,MSFT,1,0.19803280461492626,4
2021-07-12,NVDA,0,0.6040127898928083,4
2021-07-12,PFE,1,0.561184214630405,4
2021-07-12,PYPL,0,0.32574446634539267,4
2021-07-12,ZM,0,0.2688525150251621,4
2021-07-13,AAPL,1,0.46773270752393487,4
2021-07-13,AMZN,0,0.3732209086962923,4
2021-07-13,GOOGL,0,0.7153356296215032,4
2021-07-13,INTC,0,0.6754017988670054,4
2021-07-13,MSFT,0,0.1193937123144227,4
2021-07-13,NVDA,0,0.5393144187383417,4
2021-07-13,PFE,1,0.7245409334825909,4
2021-07-13,PYPL,0,0.4950194542339084,4
2021-07-13,ZM,0,0.2823167897508823,4
2021-07-14,AAPL,0,0.19940403733073717,4
2021-07-14,AMZN,0,0.6244929966029196,4
2021-07-14,GOOGL,0,0.6761556269838133,4
2021-07-14,INTC,0,0.77422541383829,4
2021-07-14,MSFT,0,0.14732378560910553,4
2021-07-14,NVDA,0,0.6725235465168002,4
2021-07-14,PFE,1,0.518890876027864,4
2021-07-14,PYPL,0,0.4981520795957578,4
2021-07-14,ZM,0,0.2576076290339345,4
2021-07-15,AAPL,0,0.3274281149854792,4
2021-07-15,AMZN,0,0.3764013157023732,4
2021-07-15,GOOGL,0,0.7333476828631328,4
2021-07-15,INTC,0,0.5945198878286237,4
2021-07-15,MSFT,0,0.2832621168453503,4
2021-07-15,NVDA,0,0.4210783048696047,4
2021-07-15,PFE,1,0.636965493709634,4
2021-07-15,PYPL,0,0.2605731829460003,4
2021-07-15,ZM,0,0.23856824761111667,4
2021-07-16,AAPL,0,0.4449751641982788,4
2021-07-16,AMZN,0,0.4644009517013358,4
2021-07-16,GOOGL,0,0.8447793198500656,4
2021-07-16,INTC,0,0.7205560386889673,4
2021-07-16,MSFT,0,0.1915826036074836,4
2021-07-16,NVDA,0,0.47474118200199794,4
2021-07-16,PFE,0,0.6560586498316238,4
2021-07-16,PYPL,0,0.4096709849745285,4
2021-07-16,ZM,0,0.18839850155866492,4
2021-07-19,AAPL,1,0.4518186540574642,4
2021-07-19,AMZN,1,0.7374905527249761,4
2021-07-19,GOOGL,1,0.6619355101327997,4
2021-07-19,INTC,1,0.817979422226629,4
2021-07-19,MSFT,1,0.3173604590930377,4
2021-07-19,NVDA,0,0.7420246510515097,4
2021-07-19,PFE,1,0.7980425856609752,4
2021-07-19,PYPL,1,0.26996646405151903,4
2021-07-19,ZM,0,0.2450828717272072,4
2021-07-20,AAPL,0,0.5095435821132732,4
2021-07-20,AMZN,1,0.5401906159249217,4
2021-07-20,GOOGL,1,0.4099039555711767,4
2021-07-20,INTC,0,0.7391265384512524,4
2021-07-20,MSFT,1,0.28410223951417546,4
2021-07-20,NVDA,1,0.59862346560495,4
2021-07-20,PFE,1,0.5540527948375205,4
2021-07-20,PYPL,1,0.2754319833729331,4
2021-07-20,ZM,0,0.22163787002509347,4
2021-07-21,AAPL,0,0.6223496814315833,4
2021-07-21,AMZN,1,0.5907728971034278,4
2021-07-21,GOOGL,1,0.4199967724272412,4
2021-07-21,INTC,0,0.6546149939202497,4
2021-07-21,MSFT,1,0.42074179920295934,4
2021-07-21,NVDA,0,0.7991585544348495,4
2021-07-21,PFE,1,0.7448366416651864,4
2021-07-21,PYPL,0,0.19932257345435833,4
2021-07-21,ZM,1,0.12260938671562585,4
2021-07-22,AAPL,0,0.7236400616805936,4
2021-07-22,AMZN,0,0.2843337125843027,4
2021-07-22,GOOGL,1,0.6365994603120622,4
2021-07-22,INTC,0,0.8210431228389506,4
2021-07-22,MSFT,0,0.39855316524363094,4
2021-07-22,NVDA,0,0.6037714357260022,4
2021-07-22,PFE,1,0.11240940079652427,4
2021-07-22,PYPL,0,0.5353367082891347,4
2021-07-22,ZM,0,0.2551513501229131,4
2021-07-23,AAPL,0,0.6412097327733716,4
2021-07-23,AMZN,0,0.5077055469369023,4
2021-07-23,GOOGL,0,0.5199940669007256,4
2021-07-23,INTC,0,0.7516737957340366,4
2021-07-23,MSFT,0,0.38248886842509966,4
2021-07-23,NVDA,0,0.7081652566076254,4
2021-07-23,PFE,1,0.23612634421384204,4
2021-07-23,PYPL,0,0.1964094665924788,4
2021-07-23,ZM,1,0.17390218292174292,4
2021-07-26,AAPL,0,0.7891915614155978,4
2021-07-26,AMZN,0,0.7169077136365817,4
2021-07-26,GOOGL,0,0.5549306295785723,4
2021-07-26,INTC,0,0.45089175453214475,4
2021-07-26,MSFT,0,0.3378416855550627,4
2021-07-26,NVDA,0,0.7071054035647203,4
2021-07-26,PFE,1,0.19359650163842845,4
2021-07-26,PYPL,0,0.3244623154770135,4
2021-07-26,ZM,0,0.2583061728745308,4
2021-07-27,AAPL,0,0.6910857926088985,4
2021-07-27,AMZN,0,0.7499454172251118,4
2021-07-27,GOOGL,1,0.4064982757782275,4
2021-07-27,INTC,0,0.621006336411288,4
2021-07-27,MSFT,0,0.2183113742126683,4
2021-07-27,NVDA,1,0.7500304703139385,4
2021-07-27,PFE,1,0.1586603155740014,4
2021-07-27,PYPL,0,0.17304434343855843,4
2021-07-27,ZM,1,0.3478652908136849,4
2021-07-28,AAPL,1,0.6660742957115496,4
2021-07-28,AMZN,0,0.8135897108727912,4
2021-07-28,GOOGL,0,0.22432036775775815,4
2021-07-28,INTC,0,0.6912642368868814,4
2021-07-28,MSFT,0,0.30762023496314933,4
2021-07-28,NVDA,1,0.8302841380382224,4
2021-07-28,PFE,1,0.17506646966773465,4
2021-07-28,PYPL,0,0.241408061267253,4
2021-07-28,ZM,1,0.2662853633730795,4
2021-07-29,AAPL,1,0.8240952929045815,4
2021-07-29,AMZN,0,0.7263807831933246,4
2021-07-29,GOOGL,0,0.4099852201911784,4
2021-07-29,INTC,0,0.6402423785642205,4
2021-07-29,MSFT,1,0.254420370691527,4
2021-07-29,NVDA,0,0.7026662151155063,4
2021-07-29,PFE,1,0.24452738875665853,4
2021-07-29,PYPL,0,0.2677505421040714,4
2021-07-29,ZM,0,0.3504619265500619,4
2021-07-30,AAPL,1,0.8324442199060126,4
2021-07-30,AMZN,0,0.9407835044567237,4
2021-07-30,GOOGL,0,0.22625032924641272,4
2021-07-30,INTC,0,0.34623814368149713,4
2021-07-30,MSFT,1,0.25052779196342134,4
2021-07-30,NVDA,1,0.48673852409980845,4
2021-07-30,PFE,1,0.13743663937421233,4
2021-07-30,PYPL,0,0.2748101825166168,4
2021-07-30,ZM,0,0.24150581773124943,4
2021-08-02,AAPL,1,0.8283271222581754,4
2021-08-02,AMZN,0,0.8789028875314646,4
2021-08-02,GOOGL,1,0.3216981585013337,4
2021-08-02,INTC,0,0.664109408120308,4
2021-08-02,MSFT,1,0.14997308524217193,4
2021-08-02,NVDA,0,0.5915949820163534,4
2021-08-02,PFE,1,0.10315598457951682,4
2021-08-02,PYPL,1,0.43589353640679745,4
2021-08-02,ZM,0,0.39105675362789527,4
2021-08-03,AAPL,0,0.9271496241482446,4
2021-08-03,AMZN,0,0.7627624372912927,4
2021-08-03,GOOGL,1,0.2981475802082996,4
2021-08-03,INTC,0,0.8528753046008599,4
2021-08-03,MSFT,1,0.25268806132619465,4
2021-08-03,NVDA,1,0.7674662696950177,4
2021-08-03,PFE,0,0.15775228098203678,4
2021-08-03,PYPL,0,0.3909235319394432,4
2021-08-03,ZM,1,0.31515456451828666,4
2021-08-04,AAPL,0,0.9330000648371497,4
2021-08-04,AMZN,0,0.8681659115035352,4
2021-08-04,GOOGL,1,0.3212499318454662,4
2021-08-04,INTC,0,0.8531736819321913,4
2021-08-04,MSFT,1,0.33734344800906757,4
2021-08-04,NVDA,0,0.731930867549341,4
2021-08-04,PFE,1,0.23276896862414204,4
2021-08-04,PYPL,0,0.3461379320089467,4
2021-08-04,ZM,0,0.49475549679117764,4
2021-08-05,AAPL,0,0.8622428610173807,4
2021-08-05,AMZN,0,0.4739680550496154,4
2021-08-05,GOOGL,1,0.3276640166541983,4
2021-08-05,INTC,0,0.7615940775004009,4
2021-08-05,MSFT,1,0.26878798163873635,4
2021-08-05,NVDA,0,0.7883149392690428,4
2021-08-05,PFE,1,0.20034382657700125,4
2021-08-05,PYPL,0,0.4894890208112025,4
2021-08-05,ZM,0,0.33201937617432997,4
2021-08-06,AAPL,1,0.8968143722261246,4
2021-08-06,AMZN,0,0.6151714633416591,4
2021-08-06,GOOGL,1,0.45529781168220895,4
2021-08-06,INTC,0,0.7812870145196374,4
2021-08-06,MSFT,1,0.229282659324983,4
2021-08-06,NVDA,0,0.5130986638567139,4
2021-08-06,PFE,1,0.20499031078953941,4
2021-08-06,PYPL,0,0.6504336446764757,4
2021-08-06,ZM,0,0.29679940765353996,4
2021-08-09,AAPL,1,0.9224156940581599,4
2021-08-09,AMZN,0,0.7119384218231136,4
2021-08-09,GOOGL,0,0.45343819164487065,4
2021-08-09,INTC,0,0.904650361918793,4
2021-08-09,MSFT,1,0.3492390601777716,4
2021-08-09,NVDA,0,0.6853203047324229,4
2021-08-09,PFE,1,0.22530037075011708,4
2021-08-09,PYPL,0,0.31559132805356566,4
2021-08-09,ZM,0,0.26574571627405585,4
2021-08-10,AAPL,1,0.8244672180611632,4
2021-08-10,AMZN,0,0.42724981699298087,4
2021-08-10,GOOGL,0,0.4339411102560154,4
2021-08-10,INTC,0,0.8759883104954262,4
2021-08-10,MSFT,1,0.2602774046257802,4
2021-08-10,NVDA,0,0.7251416275587167,4
2021-08-10,PFE,0,0.22089786031350067,4
2021-08-10,PYPL,0,0.45536165213929214,4
2021-08-10,ZM,0,0.46687245016396933,4
2021-08-11,AAPL,1,0.8927849970489949,4
2021-08-11,AMZN,0,0.7189830943400716,4
2021-08-11,GOOGL,1,0.505621160628094,4
2021-08-11,INTC,0,0.8539375847502098,4
2021-08-11,MSFT,1,0.17260860248391344,4
2021-08-11,NVDA,0,0.6525118289156242,4
2021-08-11,PFE,1,0.2034417214279397,4
2021-08-11,PYPL,0,0.43243006246040855,4
2021-08-11,ZM,0,0.3064399084749726,4
2021-08-12,AAPL,0,0.9009538541560517,4
2021-08-12,AMZN,0,0.6620797075229606,4
2021-08-12,GOOGL,0,0.5722449763532792,4
2021-08-12,INTC,0,0.8133442089292505,4
2021-08-12,MSFT,1,0.45790500540086393,4
2021-08-12,NVDA,0,0.8161144380229023,4
2021-08-12,PFE,1,0.6297165002091414,4
2021-08-12,PYPL,0,0.4984133707841365,4
2021-08-12,ZM,0,0.36885448915665137,4
2021-08-13,AAPL,0,0.881261144033209,4
2021-08-13,AMZN,0,0.5419143683677389,4
2021-08-13,GOOGL,0,0.5573632169005419,4
2021-08-13,INTC,0,0.8732238649394028,4
2021-08-13,MSFT,1,0.23499798179683884,4
2021-08-13,NVDA,0,0.7962113256845156,4
2021-08-13,PFE,0,0.7793930169105906,4
2021-08-13,PYPL,0,0.3020697044507522,4
2021-08-13,ZM,0,0.3636335146883145,4
2021-08-16,AAPL,0,0.7571594857262188,4
2021-08-16,AMZN,0,0.3239585171073451,4
2021-08-16,GOOGL,0,0.6591949981430558,4
2021-08-16,INTC,0,0.7792569267737427,4
2021-08-16,MSFT,0,0.3131602038027665,4
2021-08-16,NVDA,0,0.6272062127884401,4
2021-08-16,PFE,1,0.7002530152493068,4
2021-08-16,PYPL,0,0.2059838387397738,4
2021-08-16,ZM,0,0.1978216312187242,4
2021-08-17,AAPL,0,0.7189965602379973,4
2021-08-17,AMZN,0,0.40101311186461414,4
2021-08-17,GOOGL,0,0.5591572126182263,4
2021-08-17,INTC,0,0.7876557095611553,4
2021-08-17,MSFT,1,0.40365431562097254,4
2021-08-17,NVDA,0,0.5590396833930533,4
2021-08-17,PFE,0,0.74468634140664,4
2021-08-17,PYPL,0,0.2694802922158374,4
2021-08-17,ZM,0,0.3085310093610046,4
2021-08-18,AAPL,1,0.6571523337863828,4
2021-08-18,AMZN,1,0.37852218871481474,4
2021-08-18,GOOGL,1,0.46344135301796374,4
2021-08-18,INTC,1,0.6980593413525441,4
2021-08-18,MSFT,1,0.24800242687948668,4
2021-08-18,NVDA,1,0.6294766351973654,4
2021-08-18,PFE,0,0.8381061714877297,4
2021-08-18,PYPL,1,0.1746875745931687,4
2021-08-18,ZM,0,0.16193962177698448,4
2021-08-19,AAPL,1,0.7834194043563623,4
2021-08-19,AMZN,1,0.31831916961357665,4
2021-08-19,GOOGL,1,0.6252030529357822,4
2021-08-19,INTC,0,0.7962827897909139,4
2021-08-19,MSFT,0,0.19295170378575371,4
2021-08-19,NVDA,1,0.8332342241040835,4
2021-08-19,PFE,1,0.77796749554913,4
2021-08-19,PYPL,1,0.2654894738996448,4
2021-08-19,ZM,1,0.25642662966012164,4
2021-08-20,AAPL,1,0.8044585833463364,4
2021-08-20,AMZN,1,0.21520649370837602,4
2021-08-20,GOOGL,1,0.5130451991495455,4
2021-08-20,INTC,1,0.7575863994318243,4
2021-08-20,MSFT,0,0.12713882128145634,4
2021-08-20,NVDA,1,0.7760243987686375,4
2021-08-20,PFE,1,0.6879919067869895,4
2021-08-20,PYPL,1,0.35257810060289857,4
2021-08-20,ZM,1,0.5760897688988527,4
2021-08-23,AAPL,0,0.9079149656667653,4
2021-08-23,AMZN,1,0.404027585124259,4
2021-08-23,GOOGL,1,0.6979380770243281,4
2021-08-23,INTC,1,0.8602652267158477,4
2021-08-23,MSFT,0,0.19384175069522713,4
2021-08-23,NVDA,0,0.84703691071434,4
2021-08-23,PFE,0,0.6592859682964223,4
2021-08-23,PYPL,1,0.266589083626235,4
2021-08-23,ZM,1,0.3989798394997445,4
2021-08-24,AAPL,0,0.87968567540652,4
2021-08-24,AMZN,1,0.4308691647944615,4
2021-08-24,GOOGL,0,0.6275736029756057,4
2021-08-24,INTC,0,0.8388283405499919,4
2021-08-24,MSFT,0,0.31714145223700996,4
2021-08-24,NVDA,1,0.735869731055612,4
2021-08-24,PFE,0,0.8158451078766273,4
2021-08-24,PYPL,0,0.3033763970093046,4
2021-08-24,ZM,1,0.6434405699264563,4
2021-08-25,AAPL,1,0.868573245260347,4
2021-08-25,AMZN,1,0.4889300556730854,4
2021-08-25,GOOGL,0,0.6945898137925411,4
2021-08-25,INTC,0,0.8933991279092652,4
2021-08-25,MSFT,0,0.4277993921854538,4
2021-08-25,NVDA,0,0.8260323958685301,4
2021-08-25,PFE,0,0.8221186921703402,4
2021-08-25,PYPL,1,0.3571368905804473,4
2021-08-25,ZM,1,0.4640981197925365,4
2021-08-26,AAPL,1,0.7871576144940926,4
2021-08-26,AMZN,1,0.23263179288285857,4
2021-08-26,GOOGL,1,0.7062532524571928,4
2021-08-26,INTC,1,0.8192874377237503,4
2021-08-26,MSFT,0,0.3052388251043416,4
2021-08-26,NVDA,1,0.750480773351171,4
2021-08-26,PFE,0,0.7557488136019462,4
2021-08-26,PYPL,1,0.20388985951249522,4
2021-08-26,ZM,0,0.22474771443024905,4
2021-08-27,AAPL,1,0.8507768098696838,4
2021-08-27,AMZN,1,0.20887814519360354,4
2021-08-27,GOOGL,0,0.4471429214068003,4
2021-08-27,INTC,0,0.7878171760225551,4
2021-08-27,MSFT,0,0.427784659549847,4
2021-08-27,NVDA,0,0.6056721298967663,4
2021-08-27,PFE,0,0.6023014832240542,4
2021-08-27,PYPL,1,0.26107745765173807,4
2021-08-27,ZM,0,0.37671001383724445,4
2021-08-30,AAPL,0,0.5847394462467506,4
2021-08-30,AMZN,1,0.28048352526294923,4
2021-08-30,GOOGL,0,0.5667583707783179,4
2021-08-30,INTC,0,0.8510006268730401,4
2021-08-30,MSFT,0,0.23414887027106573,4
2021-08-30,NVDA,0,0.833655374245944,4
2021-08-30,PFE,0,0.6793883100305184,4
2021-08-30,PYPL,0,0.23427158657500094,4
2021-08-30,ZM,0,0.11112010168873172,4
2021-08-31,AAPL,1,0.7934059678533976,4
2021-08-31,AMZN,0,0.3985075458442564,4
2021-08-31,GOOGL,0,0.5916349473189401,4
2021-08-31,INTC,0,0.8629852706826608,4
2021-08-31,MSFT,0,0.5371765982422941,4
2021-08-31,NVDA,0,0.6344848102872263,4
2021-08-31,PFE,1,0.7225018080647075,4
2021-08-31,PYPL,0,0.3436405891543812,4
2021-08-31,ZM,1,0.6641935412371994,4
2021-09-01,AAPL,0,0.8298460757765653,4
2021-09-01,AMZN,0,0.29313098242324165,4
2021-09-01,GOOGL,0,0.5784020401294481,4
2021-09-01,INTC,0,0.6256462213254811,4
2021-09-01,MSFT,0,0.423258744840447,4
2021-09-01,NVDA,0,0.8029965306727069,4
2021-09-01,PFE,0,0.6148578482627062,4
2021-09-01,PYPL,0,0.3954940144420514,4
2021-09-01,ZM,1,0.7409110043103775,4
2021-09-02,AAPL,0,0.7767226139109806,4
2021-09-02,AMZN,0,0.1475035047068701,4
2021-09-02,GOOGL,0,0.5460519563497607,4
2021-09-02,INTC,0,0.6037221610033827,4
2021-09-02,MSFT,0,0.40142896688559615,4
2021-09-02,NVDA,0,0.6307518027419751,4
2021-09-02,PFE,0,0.36206758021024377,4
2021-09-02,PYPL,0,0.31878040321527723,4
2021-09-02,ZM,0,0.7131399521624356,4
2021-09-03,AAPL,0,0.8089785683615551,4
2021-09-03,AMZN,0,0.1478864233121998,4
2021-09-03,GOOGL,0,0.5785963894632918,4
2021-09-03,INTC,0,0.7270884005675101,4
2021-09-03,MSFT,0,0.29411187587853654,4
2021-09-03,NVDA,0,0.45077898522800525,4
2021-09-03,PFE,0,0.6848435452089716,4
2021-09-03,PYPL,0,0.22035245033280831,4
2021-09-03,ZM,0,0.5156299142743896,4
2021-09-07,AAPL,0,0.6884319370862162,4
2021-09-07,AMZN,0,0.026642250632841095,4
2021-09-07,GOOGL,0,0.4285614640503395,4
2021-09-07,INTC,0,0.6622468992536632,4
2021-09-07,MSFT,0,0.3598682347051337,4
2021-09-07,NVDA,0,0.6743543236796928,4
2021-09-07,PFE,0,0.5882603801243531,4
2021-09-07,PYPL,0,0.2198424642935385,4
2021-09-07,ZM,0,0.29703551564577196,4
2021-09-08,AAPL,0,0.4683312448402093,4
2021-09-08,AMZN,0,0.04078477786113592,4
2021-09-08,GOOGL,0,0.43940665913438315,4
2021-09-08,INTC,0,0.4942523735707603,4
2021-09-08,MSFT,0,0.33676940419041845,4
2021-09-08,NVDA,0,0.6034660462896899,4
2021-09-08,PFE,0,0.8064608199850792,4
2021-09-08,PYPL,0,0.254470021668194,4
2021-09-08,ZM,1,0.4528948245721119,4
2021-09-09,AAPL,0,0.7259483429159712,4
2021-09-09,AMZN,0,0.07921707534934817,4
2021-09-09,GOOGL,0,0.5901554906274077,4
2021-09-09,INTC,1,0.5770210533468626,4
2021-09-09,MSFT,0,0.42177721923153083,4
2021-09-09,NVDA,0,0.7204585638898716,4
2021-09-09,PFE,0,0.8360967823801051,4
2021-09-09,PYPL,0,0.2987295083125047,4
2021-09-09,ZM,0,0.38909742259565877,4
2021-09-10,AAPL,0,0.9002268540709765,4
2021-09-10,AMZN,0,0.1263136924288493,4
2021-09-10,GOOGL,0,0.8816480590949709,4
2021-09-10,INTC,0,0.6710327775258528,4
2021-09-10,MSFT,0,0.4301100549781556,4
2021-09-10,NVDA,0,0.71632829662373,4
2021-09-10,PFE,0,0.8497462042571281,4
2021-09-10,PYPL,0,0.3991631672970828,4
2021-09-10,ZM,0,0.32573916775323714,4
2021-09-13,AAPL,0,0.9316773948675134,4
2021-09-13,AMZN,0,0.27725638906842104,4
2021-09-13,GOOGL,0,0.8939986381975907,4
2021-09-13,INTC,0,0.7202312414195811,4
2021-09-13,MSFT,0,0.35132708354245756,4
2021-09-13,NVDA,0,0.7213474861082226,4
2021-09-13,PFE,0,0.8100134852154478,4
2021-09-13,PYPL,0,0.28043113378984585,4
2021-09-13,ZM,0,0.5377309366571181,4
2021-09-14,AAPL,0,0.9060391428753423,4
2021-09-14,AMZN,0,0.38945773243634224,4
2021-09-14,GOOGL,0,0.849801510093195,4
2021-09-14,INTC,0,0.7936057340501321,4
2021-09-14,MSFT,0,0.3495023468752508,4
2021-09-14,NVDA,0,0.7795412801280422,4
2021-09-14,PFE,0,0.7241314954904302,4
2021-09-14,PYPL,0,0.15559295928081093,4
2021-09-14,ZM,0,0.5215432704997067,4
2021-09-15,AAPL,0,0.7648952711291536,4
2021-09-15,AMZN,0,0.30269726427730437,4
2021-09-15,GOOGL,0,0.7860354137022926,4
2021-09-15,INTC,0,0.7678264609698274,4
2021-09-15,MSFT,0,0.2861863172166582,4
2021-09-15,NVDA,0,0.8101744358463973,4
2021-09-15,PFE,0,0.7661487316803075,4
2021-09-15,PYPL,0,0.15082286865293734,4
2021-09-15,ZM,0,0.3900031264015408,4
2021-09-16,AAPL,0,0.7103136188163471,4
2021-09-16,AMZN,0,0.2803674651614238,4
2021-09-16,GOOGL,0,0.8568966009972231,4
2021-09-16,INTC,0,0.7820094633988357,4
2021-09-16,MSFT,0,0.32367838918479125,4
2021-09-16,NVDA,0,0.7595014130222457,4
2021-09-16,PFE,0,0.7570835970865346,4
2021-09-16,PYPL,0,0.35576319210919866,4
2021-09-16,ZM,1,0.5154682948681516,4
2021-09-17,AAPL,0,0.7701900031608828,4
2021-09-17,AMZN,0,0.4407853497571591,4
2021-09-17,GOOGL,0,0.7224724949957841,4
2021-09-17,INTC,0,0.7274611006614011,4
2021-09-17,MSFT,0,0.35326572818609675,4
2021-09-17,NVDA,0,0.7956139683271716,4
2021-09-17,PFE,0,0.7377180826334327,4
2021-09-17,PYPL,0,0.22810715718622407,4
2021-09-17,ZM,0,0.4123992366072563,4
2021-09-20,AAPL,1,0.638991485785182,4
2021-09-20,AMZN,0,0.14330514548775364,4
2021-09-20,GOOGL,0,0.4397712849507665,4
2021-09-20,INTC,1,0.6059710194844227,4
2021-09-20,MSFT,0,0.10774126673854427,4
2021-09-20,NVDA,1,0.681707482490389,4
2021-09-20,PFE,0,0.7999687603318463,4
2021-09-20,PYPL,1,0.19395462981020034,4
2021-09-20,ZM,0,0.40821509077145235,4
2021-09-21,AAPL,0,0.786241803397025,4
2021-09-21,AMZN,0,0.16272794738279414,4
2021-09-21,GOOGL,0,0.523632389707527,4
2021-09-21,INTC,1,0.7721115709023316,4
2021-09-21,MSFT,0,0.20780267704143857,4
2021-09-21,NVDA,1,0.7786577839767977,4
2021-09-21,PFE,0,0.8245564281602995,4
2021-09-21,PYPL,1,0.14453516408317504,4
2021-09-21,ZM,0,0.34680481044040096,4
2021-09-22,AAPL,0,0.6894752838248196,4
2021-09-22,AMZN,0,0.27586236902378203,4
2021-09-22,GOOGL,0,0.6545522701605045,4
2021-09-22,INTC,0,0.7722251468267629,4
2021-09-22,MSFT,0,0.1911251771148971,4
2021-09-22,NVDA,0,0.6999506254105771,4
2021-09-22,PFE,0,0.7866690901008293,4
2021-09-22,PYPL,0,0.10449301995947521,4
2021-09-22,ZM,0,0.31728283840533056,4
2021-09-23,AAPL,0,0.725611576114244,4
2021-09-23,AMZN,0,0.5810044860166452,4
2021-09-23,GOOGL,0,0.7751490718718514,4
2021-09-23,INTC,0,0.7999562470205236,4
2021-09-23,MSFT,0,0.21576342471205914,4
2021-09-23,NVDA,0,0.7396387373638258,4
2021-09-23,PFE,0,0.661853953209527,4
2021-09-23,PYPL,0,0.23094829079177714,4
2021-09-23,ZM,0,0.2789693597020803,4
2021-09-24,AAPL,0,0.6712267717284622,4
2021-09-24,AMZN,0,0.6908680735295786,4
2021-09-24,GOOGL,0,0.8860734967482635,4
2021-09-24,INTC,0,0.7237182657935594,4
2021-09-24,MSFT,0,0.22409696182843902,4
2021-09-24,NVDA,0,0.6455805137275242,4
2021-09-24,PFE,0,0.7665036389648222,4
2021-09-24,PYPL,0,0.31656504510921035,4
2021-09-24,ZM,0,0.35733184374422183,4
2021-09-27,AAPL,0,0.7807579700658906,4
2021-09-27,AMZN,0,0.7271139834494945,4
2021-09-27,GOOGL,0,0.8074537614613697,4
2021-09-27,INTC,0,0.7284281581859322,4
2021-09-27,MSFT,0,0.3057092712130087,4
2021-09-27,NVDA,0,0.7687977612134427,4
2021-09-27,PFE,0,0.7210996579489037,4
2021-09-27,PYPL,0,0.3145711533735468,4
2021-09-27,ZM,0,0.4022412120351809,4
2021-09-28,AAPL,0,0.8030527603325411,4
2021-09-28,AMZN,0,0.6867418115064384,4
2021-09-28,GOOGL,0,0.4896477654873739,4
2021-09-28,INTC,0,0.7156370614575742,4
2021-09-28,MSFT,1,0.11222085805252212,4
2021-09-28,NVDA,0,0.6865463207254338,4
2021-09-28,PFE,0,0.7479198717049463,4
2021-09-28,PYPL,0,0.1722364039867691,4
2021-09-28,ZM,0,0.3735511500926204,4
2021-09-29,AAPL,0,0.8542499579115794,4
2021-09-29,AMZN,0,0.33847299345122206,4
2021-09-29,GOOGL,0,0.6958617857173423,4
2021-09-29,INTC,0,0.8567855107324671,4
2021-09-29,MSFT,1,0.2535371460396994,4
2021-09-29,NVDA,0,0.7587972496433332,4
2021-09-29,PFE,0,0.7925464410297588,4
2021-09-29,PYPL,0,0.2828822803995034,4
2021-09-29,ZM,1,0.32423206612046296,4
2021-09-30,AAPL,0,0.4610554552575509,4
2021-09-30,AMZN,0,0.1653242978456565,4
2021-09-30,GOOGL,0,0.438626423472526,4
2021-09-30,INTC,1,0.85255950269853,4
2021-09-30,MSFT,1,0.2758570518489983,4
2021-09-30,NVDA,0,0.8354406619028045,4
2021-09-30,PFE,0,0.7688387304554297,4
2021-09-30,PYPL,0,0.20962690636546488,4
2021-09-30,ZM,1,0.36614354493484264,4
2021-10-01,AAPL,0,0.6119853002890873,4
2021-10-01,AMZN,0,0.26792777745966,4
2021-10-01,GOOGL,0,0.6236160736843384,4
2021-10-01,INTC,0,0.7991329569464924,4
2021-10-01,MSFT,0,0.20587138813384234,4
2021-10-01,NVDA,0,0.7100971670102108,4
2021-10-01,PFE,0,0.8743199899513352,4
2021-10-01,PYPL,0,0.17760732646350375,4
2021-10-01,ZM,0,0.11617684148275385,4
2021-10-04,AAPL,1,0.6152410655842002,4
2021-10-04,AMZN,1,0.3324872489747159,4
2021-10-04,GOOGL,1,0.44565055116850794,4
2021-10-04,INTC,0,0.8676282338874742,4
2021-10-04,MSFT,1,0.2584406304343088,4
2021-10-04,NVDA,1,0.7956408532145214,4
2021-10-04,PFE,0,0.7752321559475251,4
2021-10-04,PYPL,1,0.30593644579340545,4
2021-10-04,ZM,0,0.2513897713624802,4
2021-10-05,AAPL,0,0.7972654381388217,4
2021-10-05,AMZN,1,0.5153474749524815,4
2021-10-05,GOOGL,1,0.6691824484410874,4
2021-10-05,INTC,0,0.860863697696898,4
2021-10-05,MSFT,1,0.35732654717410334,4
2021-10-05,NVDA,1,0.7484417700227487,4
2021-10-05,PFE,0,0.784453609482124,4
2021-10-05,PYPL,0,0.1550027797382207,4
2021-10-05,ZM,0,0.2521306425021893,4
2021-10-06,AAPL,0,0.8787239209037387,4
2021-10-06,AMZN,1,0.4130121035261905,4
2021-10-06,GOOGL,1,0.858519173488659,4
2021-10-06,INTC,0,0.8561079664745979,4
2021-10-06,MSFT,1,0.45062192861133393,4
2021-10-06,NVDA,1,0.879235699253117,4
2021-10-06,PFE,0,0.8029460608822129,4
2021-10-06,PYPL,0,0.3528560307593989,4
2021-10-06,ZM,1,0.551348820509664,4
2021-10-07,AAPL,0,0.9052460901165233,4
2021-10-07,AMZN,0,0.416112032643243,4
2021-10-07,GOOGL,0,0.8280391414887871,4
2021-10-07,INTC,0,0.8851686041633391,4
2021-10-07,MSFT,1,0.3305278416672037,4
2021-10-07,NVDA,0,0.8192773325695852,4
2021-10-07,PFE,0,0.8852787644538747,4
2021-10-07,PYPL,0,0.30234513873551805,4
2021-10-07,ZM,1,0.3278430419736961,4
2021-10-08,AAPL,0,0.8397077161108236,4
2021-10-08,AMZN,1,0.29442612250707667,4
2021-10-08,GOOGL,0,0.6701759912357168,4
2021-10-08,INTC,0,0.8339526022833949,4
2021-10-08,MSFT,1,0.27159284248814336,4
2021-10-08,NVDA,1,0.6854350439040277,4
2021-10-08,PFE,0,0.8849861996861188,4
2021-10-08,PYPL,0,0.12281720016437522,4
2021-10-08,ZM,1,0.2298237287714819,4
2021-10-11,AAPL,0,0.7252295420319252,4
2021-10-11,AMZN,1,0.19642003906423686,4
2021-10-11,GOOGL,0,0.7420057293461856,4
2021-10-11,INTC,0,0.7897043947932351,4
2021-10-11,MSFT,1,0.3813477604555546,4
2021-10-11,NVDA,1,0.7682895390473131,4
2021-10-11,PFE,0,0.8273918328322026,4
2021-10-11,PYPL,1,0.23286922244326938,4
2021-10-11,ZM,1,0.23640556294398002,4
2021-10-12,AAPL,0,0.7310397321550848,4
2021-10-12,AMZN,1,0.27737835217976836,4
2021-10-12,GOOGL,1,0.6920825295011046,4
2021-10-12,INTC,1,0.7124820637699232,4
2021-10-12,MSFT,1,0.3293714295501034,4
2021-10-12,NVDA,1,0.8514068425381683,4
2021-10-12,PFE,0,0.8947033683658191,4
2021-10-12,PYPL,1,0.3292623934722094,4
2021-10-12,ZM,1,0.24280716845556186,4
2021-10-13,AAPL,1,0.696445559156572,4
2021-10-13,AMZN,1,0.2321297200476734,4
2021-10-13,GOOGL,1,0.7177992724758703,4
2021-10-13,INTC,1,0.8383263591462756,4
2021-10-13,MSFT,1,0.3312738245760138,4
2021-10-13,NVDA,1,0.8051339426545814,4
2021-10-13,PFE,1,0.7406058049296562,4
2021-10-13,PYPL,1,0.2802757742461813,4
2021-10-13,ZM,1,0.31572926999898815,4
2021-10-14,AAPL,1,0.7288450193609877,4
2021-10-14,AMZN,1,0.16697397993991644,4
2021-10-14,GOOGL,0,0.740245227347543,4
2021-10-14,INTC,1,0.7276514294019615,4
2021-10-14,MSFT,1,0.3260039011876442,4
2021-10-14,NVDA,1,0.8299040826071717,4
2021-10-14,PFE,1,0.7667083668535567,4
2021-10-14,PYPL,0,0.2624061058688627,4
2021-10-14,ZM,1,0.2882592633146608,4
2021-10-15,AAPL,1,0.8171110258688322,4
2021-10-15,AMZN,0,0.22828690760418968,4
2021-10-15,GOOGL,0,0.7713686226930146,4
2021-10-15,INTC,0,0.8645210043871858,4
2021-10-15,MSFT,1,0.2149986485842383,4
2021-10-15,NVDA,1,0.8027079108418336,4
2021-10-15,PFE,1,0.8677743684425844,4
2021-10-15,PYPL,0,0.22813176503375607,4
2021-10-15,ZM,1,0.15515592011636248,4
2021-10-18,AAPL,1,0.8004415666926835,4
2021-10-18,AMZN,0,0.29540384734089487,4
2021-10-18,GOOGL,0,0.562680624539882,4
2021-10-18,INTC,0,0.7988255151961369,4
2021-10-18,MSFT,1,0.2214579212725258,4
2021-10-18,NVDA,1,0.7848866586369345,4
2021-10-18,PFE,1,0.9351437361920126,4
2021-10-18,PYPL,0,0.33717276011759933,4
2021-10-18,ZM,1,0.3726222947045964,4
2021-10-19,AAPL,0,0.6332198022541908,4
2021-10-19,AMZN,0,0.3328142023652652,4
2021-10-19,GOOGL,0,0.74550825899111,4
2021-10-19,INTC,0,0.5919300007155142,4
2021-10-19,MSFT,1,0.32176958985220516,4
2021-10-19,NVDA,1,0.8513383780489848,4
2021-10-19,PFE,1,0.6883893087256463,4
2021-10-19,PYPL,0,0.30865663072433636,4
2021-10-19,ZM,1,0.4119024889854346,4
2021-10-20,AAPL,0,0.8110728333057402,4
2021-10-20,AMZN,0,0.3508038532845241,4
2021-10-20,GOOGL,0,0.6543229762816827,4
2021-10-20,INTC,0,0.6304823971186178,4
2021-10-20,MSFT,1,0.3012331533923833,4
2021-10-20,NVDA,1,0.6513411088167016,4
2021-10-20,PFE,1,0.5609014792857788,4
2021-10-20,PYPL,0,0.12102343975493765,4
2021-10-20,ZM,1,0.33852465838663603,4
2021-10-21,AAPL,0,0.7501337438971043,4
2021-10-21,AMZN,0,0.18710998583870908,4
2021-10-21,GOOGL,0,0.7808423602667901,4
2021-10-21,INTC,0,0.6796091190014454,4
2021-10-21,MSFT,1,0.27470260768246,4
2021-10-21,NVDA,1,0.809046243266196,4
2021-10-21,PFE,1,0.7139579809499884,4
2021-10-21,PYPL,1,0.21193806170226556,4
2021-10-21,ZM,1,0.2630450917536132,4
2021-10-22,AAPL,0,0.6242629809170414,4
2021-10-22,AMZN,1,0.36890146807663315,4
2021-10-22,GOOGL,1,0.8537525117222456,4
2021-10-22,INTC,0,0.3248947592349047,4
2021-10-22,MSFT,1,0.06926022574179584,4
2021-10-22,NVDA,1,0.397374106439577,4
2021-10-22,PFE,1,0.6230901199483045,4
2021-10-22,PYPL,1,0.597576926616849,4
2021-10-22,ZM,0,0.15955087332110676,4
2021-10-25,AAPL,0,0.43145231127922923,4
2021-10-25,AMZN,1,0.11120143696873076,4
2021-10-25,GOOGL,1,0.646877503537351,4
2021-10-25,INTC,0,0.27171084774279375,4
2021-10-25,MSFT,1,0.08184452336844159,4
2021-10-25,NVDA,1,0.45273550811005,4
2021-10-25,PFE,1,0.7219688777609944,4
2021-10-25,PYPL,0,0.49415075315370516,4
2021-10-25,ZM,0,0.07816725138429022,4
2021-10-26,AAPL,0,0.5760533091842729,4
2021-10-26,AMZN,0,0.20267181568524556,4
2021-10-26,GOOGL,1,0.8050288959806854,4
2021-10-26,INTC,1,0.39390326235099743,4
2021-10-26,MSFT,1,0.11229886343958277,4
2021-10-26,NVDA,1,0.5762007212192786,4
2021-10-26,PFE,1,0.5071420367489632,4
2021-10-26,PYPL,0,0.5274596959948509,4
2021-10-26,ZM,0,0.046631388440712525,4
2021-10-27,AAPL,0,0.4160954223034302,4
2021-10-27,AMZN,0,0.11710490814104035,4
2021-10-27,GOOGL,0,0.42482197060087024,4
2021-10-27,INTC,1,0.18660626849166834,4
2021-10-27,MSFT,1,0.07859518373319088,4
2021-10-27,NVDA,1,0.5008855735195973,4
2021-10-27,PFE,1,0.6497746246280774,4
2021-10-27,PYPL,0,0.7581945288339741,4
2021-10-27,ZM,1,0.37939880029095907,4
2021-10-28,AAPL,0,0.26967276141573243,4
2021-10-28,AMZN,0,0.09424536369107112,4
2021-10-28,GOOGL,0,0.6903225516073882,4
2021-10-28,INTC,1,0.21301026753908156,4
2021-10-28,MSFT,1,0.04659066298206553,4
2021-10-28,NVDA,1,0.3993098921979692,4
2021-10-28,PFE,1,0.6214940516140104,4
2021-10-28,PYPL,0,0.6424733713585926,4
2021-10-28,ZM,1,0.13074613030038917,4
2021-10-29,AAPL,1,0.4308247949212053,4
2021-10-29,AMZN,0,0.15926409625490187,4
2021-10-29,GOOGL,0,0.6936875322060645,4
2021-10-29,INTC,1,0.2535171445896586,4
2021-10-29,MSFT,0,0.1065949413949538,4
2021-10-29,NVDA,1,0.33479597303954634,4
2021-10-29,PFE,1,0.5488519432275775,4
2021-10-29,PYPL,0,0.7137203893179015,4
2021-10-29,ZM,1,0.2316766209755516,4
2021-11-01,AAPL,1,0.6664403276361364,4
2021-11-01,AMZN,1,0.09096524016560098,4
2021-11-01,GOOGL,1,0.8592484777500651,4
2021-11-01,INTC,1,0.4425811631298763,4
2021-11-01,MSFT,1,0.06863261521538246,4
2021-11-01,NVDA,1,0.44017119056217896,4
2021-11-01,PFE,1,0.6285678875652093,4
2021-11-01,PYPL,0,0.15150285234943964,4
2021-11-01,ZM,1,0.1595189725669934,4
2021-11-02,AAPL,1,0.518810007157082,4
2021-11-02,AMZN,1,0.1397830570797201,4
2021-11-02,GOOGL,0,0.8269601611549174,4
2021-11-02,INTC,1,0.5027508636878831,4
2021-11-02,MSFT,1,0.13938162446441144,4
2021-11-02,NVDA,1,0.422467939086857,4
2021-11-02,PFE,0,0.5478382533070884,4
2021-11-02,PYPL,0,0.20297482744257764,4
2021-11-02,ZM,0,0.23515777263455578,4
2021-11-03,AAPL,0,0.69676756879113,4
2021-11-03,AMZN,1,0.2532308646555102,4
2021-11-03,GOOGL,0,0.8770395890864622,4
2021-11-03,INTC,1,0.5108841600961183,4
2021-11-03,MSFT,1,0.15961946978552308,4
2021-11-03,NVDA,1,0.43598006503044473,4
2021-11-03,PFE,0,0.7487637575875071,4
2021-11-03,PYPL,0,0.4683002275271479,4
2021-11-03,ZM,0,0.2554266455747889,4
2021-11-04,AAPL,0,0.6409764235908035,4
2021-11-04,AMZN,1,0.3746916329764012,4
2021-11-04,GOOGL,0,0.8818325987643887,4
2021-11-04,INTC,0,0.5680634568564916,4
2021-11-04,MSFT,0,0.22001324532667182,4
2021-11-04,NVDA,1,0.3505095510724935,4
2021-11-04,PFE,1,0.5666816006667631,4
2021-11-04,PYPL,0,0.8825782560739678,4
2021-11-04,ZM,0,0.3393543136383872,4
2021-11-05,AAPL,0,0.6528988957537695,4
2021-11-05,AMZN,1,0.1676070040227583,4
2021-11-05,GOOGL,0,0.754893503702661,4
2021-11-05,INTC,0,0.48396211136276296,4
2021-11-05,MSFT,0,0.07363625692591971,4
2021-11-05,NVDA,1,0.13261919157885416,4
2021-11-05,PFE,0,0.35582344200130206,4
2021-11-05,PYPL,0,0.904708179692345,4
2021-11-05,ZM,0,0.24663451021679342,4
2021-11-08,AAPL,1,0.7613636652232626,4
2021-11-08,AMZN,1,0.11525799715117262,4
2021-11-08,GOOGL,0,0.6398545167612162,4
2021-11-08,INTC,0,0.15130424528638833,4
2021-11-08,MSFT,0,0.20930333004309767,4
2021-11-08,NVDA,0,0.09334196768110728,4
2021-11-08,PFE,1,0.5896706457692076,4
2021-11-08,PYPL,0,0.7894386541055709,4
2021-11-08,ZM,0,0.3938185750362391,4
2021-11-09,AAPL,1,0.784306789785111,4
2021-11-09,AMZN,0,0.15228468631094244,4
2021-11-09,GOOGL,0,0.6805061248694418,4
2021-11-09,INTC,0,0.1828013247741326,4
2021-11-09,MSFT,0,0.1375693703606056,4
2021-11-09,NVDA,0,0.11330179246158562,4
2021-11-09,PFE,1,0.6481228843278297,4
2021-11-09,PYPL,0,0.9002554832859853,4
2021-11-09,ZM,0,0.2769355811099612,4
2021-11-10,AAPL,1,0.8917417252991776,4
2021-11-10,AMZN,1,0.1661676034808274,4
2021-11-10,GOOGL,0,0.8276850764399876,4
2021-11-10,INTC,0,0.28223527529974024,4
2021-11-10,MSFT,1,0.45060599568773513,4
2021-11-10,NVDA,1,0.16749370357238136,4
2021-11-10,PFE,1,0.40198013411563444,4
2021-11-10,PYPL,0,0.8239824220238304,4
2021-11-10,ZM,1,0.4812600799291125,4
2021-11-11,AAPL,1,0.8421470440888272,4
2021-11-11,AMZN,1,0.1537971997911637,4
2021-11-11,GOOGL,0,0.7273923712170878,4
2021-11-11,INTC,0,0.45381176998881073,4
2021-11-11,MSFT,1,0.28128040483075495,4
2021-11-11,NVDA,0,0.09707413415222924,4
2021-11-11,PFE,1,0.2213417322345807,4
2021-11-11,PYPL,1,0.7276767219657496,4
2021-11-11,ZM,1,0.48130905225897586,4
2021-11-12,AAPL,1,0.6519398705905117,4
2021-11-12,AMZN,1,0.1262528714800238,4
2021-11-12,GOOGL,0,0.8426903120510584,4
2021-11-12,INTC,0,0.42210143032904285,4
2021-11-12,MSFT,0,0.1339500749600217,4
2021-11-12,NVDA,0,0.17727882720688684,4
2021-11-12,PFE,1,0.7158618204711336,4
2021-11-12,PYPL,0,0.6630384049334527,4
2021-11-12,ZM,1,0.31289852594609574,4
2021-11-15,AAPL,1,0.7122131743430197,4
2021-11-15,AMZN,1,0.16348964766558494,4
2021-11-15,GOOGL,0,0.4061547777616007,4
2021-11-15,INTC,0,0.45563127941885795,4
2021-11-15,MSFT,0,0.18256469326833494,4
2021-11-15,NVDA,0,0.3690654072925684,4
2021-11-15,PFE,1,0.5521105448047745,4
2021-11-15,PYPL,0,0.5908698296207313,4
2021-11-15,ZM,0,0.4395374307155459,4
2021-11-16,AAPL,1,0.8092438230046792,4
2021-11-16,AMZN,1,0.20417902047982905,4
2021-11-16,GOOGL,0,0.7373361672054969,4
2021-11-16,INTC,0,0.5017362262883591,4
2021-11-16,MSFT,0,0.21145786727866764,4
2021-11-16,NVDA,0,0.25655047618246096,4
2021-11-16,PFE,1,0.564777851762437,4
2021-11-16,PYPL,0,0.5222571095706601,4
2021-11-16,ZM,0,0.32909795557923116,4
2021-11-17,AAPL,1,0.8467513402607423,4
2021-11-17,AMZN,1,0.2968435265758303,4
2021-11-17,GOOGL,0,0.7603483366418242,4
2021-11-17,INTC,0,0.5049526889974812,4
2021-11-17,MSFT,0,0.30770893729383625,4
2021-11-17,NVDA,1,0.6293446618178505,4
2021-11-17,PFE,1,0.5367995695257536,4
2021-11-17,PYPL,0,0.6722344421494958,4
2021-11-17,ZM,0,0.42054432891511495,4
2021-11-18,AAPL,1,0.6405884074533538,4
2021-11-18,AMZN,0,0.14111071607454764,4
2021-11-18,GOOGL,0,0.7747020490239557,4
2021-11-18,INTC,0,0.6325681538874242,4
2021-11-18,MSFT,0,0.2305224733150191,4
2021-11-18,NVDA,1,0.33875735092464626,4
2021-11-18,PFE,1,0.42985253296131787,4
2021-11-18,PYPL,0,0.6041794525999066,4
2021-11-18,ZM,0,0.42482216610727586,4
2021-11-19,AAPL,0,0.33675019575520887,4
2021-11-19,AMZN,0,0.165760974249948,4
2021-11-19,GOOGL,0,0.47979844020769485,4
2021-11-19,INTC,0,0.7336857394701094,4
2021-11-19,MSFT,0,0.22874354723857407,4
2021-11-19,NVDA,0,0.2939239895066434,4
2021-11-19,PFE,1,0.6329244425803235,4
2021-11-19,PYPL,0,0.687725024347895,4
2021-11-19,ZM,0,0.34898294421814813,4
2021-11-22,AAPL,0,0.4459709011792404,4
2021-11-22,AMZN,0,0.3682759650894673,4
2021-11-22,GOOGL,0,0.7529653062234871,4
2021-11-22,INTC,0,0.6639868561158182,4
2021-11-22,MSFT,0,0.3218342320507722,4
2021-11-22,NVDA,0,0.12242552155407666,4
2021-11-22,PFE,1,0.4537095224206794,4
2021-11-22,PYPL,0,0.8245112798094842,4
2021-11-22,ZM,0,0.43995627232157597,4
2021-11-23,AAPL,0,0.5154774779243093,4
2021-11-23,AMZN,0,0.38979811077364085,4
2021-11-23,GOOGL,0,0.8272956979298395,4
2021-11-23,INTC,1,0.6300580204641042,4
2021-11-23,MSFT,0,0.29909291807446814,4
2021-11-23,NVDA,0,0.11380031872585507,4
2021-11-23,PFE,1,0.5369437185188682,4
2021-11-23,PYPL,0,0.7103646420665453,4
2021-11-23,ZM,1,0.811659095928291,4
2021-11-24,AAPL,0,0.26949929527626265,4
2021-11-24,AMZN,0,0.5598482026956175,4
2021-11-24,GOOGL,0,0.9127850904897288,4
2021-11-24,INTC,0,0.6499284475302193,4
2021-11-24,MSFT,0,0.1360595364514016,4
2021-11-24,NVDA,0,0.15279684327135568,4
2021-11-24,PFE,1,0.5325493426637942,4
2021-11-24,PYPL,0,0.769952629591971,4
2021-11-24,ZM,1,0.7747879360414424,4
2021-11-26,AAPL,1,0.8543349437111581,4
2021-11-26,AMZN,0,0.5860374221707532,4
2021-11-26,GOOGL,0,0.9317286742242623,4
2021-11-26,INTC,1,0.17904639922491722,4
2021-11-26,MSFT,0,0.31976479341457653,4
2021-11-26,NVDA,1,0.13936001437494386,4
2021-11-26,PFE,0,0.5556098950074109,4
2021-11-26,PYPL,0,0.7827084951435056,4
2021-11-26,ZM,0,0.4374762164269868,4
2021-11-29,AAPL,1,0.8582483772231118,4
2021-11-29,AMZN,0,0.9300611361742926,4
2021-11-29,GOOGL,0,0.8905879247580993,4
2021-11-29,INTC,0,0.39296688553399495,4
2021-11-29,MSFT,0,0.2269691534333039,4
2021-11-29,NVDA,0,0.05575131285325209,4
2021-11-29,PFE,0,0.6433600970997404,4
2021-11-29,PYPL,0,0.8429243103189822,4
2021-11-29,ZM,0,0.757394035180585,4
2021-11-30,AAPL,0,0.7035873096337638,4
2021-11-30,AMZN,0,0.9613781394331445,4
2021-11-30,GOOGL,0,0.791471963363323,4
2021-11-30,INTC,1,0.2439356246036271,4
2021-11-30,MSFT,0,0.24884517154545255,4
2021-11-30,NVDA,0,0.10337955181646281,4
2021-11-30,PFE,0,0.35846496841371484,4
2021-11-30,PYPL,0,0.7430001280407662,4
2021-11-30,ZM,0,0.6192313550859537,4
2021-12-01,AAPL,0,0.33074744558967195,4
2021-12-01,AMZN,0,0.9501643475238039,4
2021-12-01,GOOGL,1,0.8124134571163898,4
2021-12-01,INTC,1,0.2345959527889537,4
2021-12-01,MSFT,0,0.19317722793256692,4
2021-12-01,NVDA,0,0.15407730808872167,4
2021-12-01,PFE,0,0.2523882237082757,4
2021-12-01,PYPL,1,0.8349202893627429,4
2021-12-01,ZM,0,0.5554144163482343,4
2021-12-02,AAPL,1,0.5137489395083736,4
2021-12-02,AMZN,0,0.952894268584346,4
2021-12-02,GOOGL,0,0.8877500688990458,4
2021-12-02,INTC,1,0.35636337632518933,4
2021-12-02,MSFT,0,0.19397833984446636,4
2021-12-02,NVDA,0,0.04767336107823989,4
2021-12-02,PFE,0,0.7855651945013752,4
2021-12-02,PYPL,0,0.8349578274531453,4
2021-12-02,ZM,0,0.6437489850293122,4
2021-12-03,AAPL,1,0.6872890195769296,4
2021-12-03,AMZN,0,0.902459641457243,4
2021-12-03,GOOGL,0,0.6555758153169546,4
2021-12-03,INTC,1,0.5115814834819968,4
2021-12-03,MSFT,1,0.4277299125285478,4
2021-12-03,NVDA,0,0.10398674877690507,4
2021-12-03,PFE,0,0.48239247875500973,4
2021-12-03,PYPL,1,0.878677833870253,4
2021-12-03,ZM,0,0.8562183204838205,4
2021-12-06,AAPL,1,0.43629348416061947,4
2021-12-06,AMZN,0,0.829622830273924,4
2021-12-06,GOOGL,0,0.7561147403415566,4
2021-12-06,INTC,1,0.49358091236274443,4
2021-12-06,MSFT,1,0.2546449889577763,4
2021-12-06,NVDA,1,0.14943082709517794,4
2021-12-06,PFE,1,0.6531273754457801,4
2021-12-06,PYPL,1,0.8440921854535798,4
2021-12-06,ZM,1,0.7973172909638097,4
2021-12-07,AAPL,1,0.34842495009910124,4
2021-12-07,AMZN,0,0.8330577849697629,4
2021-12-07,GOOGL,0,0.690912608412704,4
2021-12-07,INTC,0,0.37588726537122635,4
2021-12-07,MSFT,0,0.2860134555454644,4
2021-12-07,NVDA,0,0.08250493060112907,4
2021-12-07,PFE,1,0.5121150322037201,4
2021-12-07,PYPL,0,0.8647795376005887,4
2021-12-07,ZM,0,0.8869719482130324,4
2021-12-08,AAPL,0,0.5389871350887043,4
2021-12-08,AMZN,0,0.9455839988168958,4
2021-12-08,GOOGL,0,0.8321244296078847,4
2021-12-08,INTC,0,0.4578484476055612,4
2021-12-08,MSFT,0,0.2787642849412026,4
2021-12-08,NVDA,0,0.10405260380651937,4
2021-12-08,PFE,1,0.5619374030924437,4
2021-12-08,PYPL,0,0.8217608899162875,4
2021-12-08,ZM,0,0.7583833987144489,4
2021-12-09,AAPL,0,0.4733460062769146,4
2021-12-09,AMZN,0,0.8804662078625666,4
2021-12-09,GOOGL,0,0.8442297562160233,4
2021-12-09,INTC,0,0.37466697252511455,4
2021-12-09,MSFT,0,0.38399553591604446,4
2021-12-09,NVDA,0,0.1041337302154032,4
2021-12-09,PFE,1,0.18550569953198992,4
2021-12-09,PYPL,0,0.8144094938323171,4
2021-12-09,ZM,0,0.7858802002868563,4
2021-12-10,AAPL,0,0.4452941011381309,4
2021-12-10,AMZN,0,0.8700557843873733,4
2021-12-10,GOOGL,0,0.802388652061852,4
2021-12-10,INTC,0,0.5882631823394141,4
2021-12-10,MSFT,0,0.2450359290239107,4
2021-12-10,NVDA,0,0.08068403765859586,4
2021-12-10,PFE,1,0.34526787845488893,4
2021-12-10,PYPL,0,0.8435209991013396,4
2021-12-10,ZM,0,0.7972513791014069,4
2021-12-13,AAPL,0,0.4081101714291351,4
2021-12-13,AMZN,0,0.9523633088303903,4
2021-12-13,GOOGL,0,0.8529976251711344,4
2021-12-13,INTC,1,0.6514428675707873,4
2021-12-13,MSFT,0,0.32817450311244845,4
2021-12-13,NVDA,0,0.0857703374460006,4
2021-12-13,PFE,1,0.35035012084514505,4
2021-12-13,PYPL,0,0.8214686810085404,4
2021-12-13,ZM,0,0.7615264641867803,4
2021-12-14,AAPL,0,0.488078632306744,4
2021-12-14,AMZN,0,0.916553542488094,4
2021-12-14,GOOGL,0,0.8628727282842202,4
2021-12-14,INTC,1,0.7865625930227687,4
2021-12-14,MSFT,0,0.37529229190615354,4
2021-12-14,NVDA,1,0.06626479146323777,4
2021-12-14,PFE,1,0.35414507597808964,4
2021-12-14,PYPL,0,0.9368210073487679,4
2021-12-14,ZM,0,0.5973207351259363,4
2021-12-15,AAPL,0,0.43205012552659094,4
2021-12-15,AMZN,0,0.9121546768375289,4
2021-12-15,GOOGL,0,0.8156264654796115,4
2021-12-15,INTC,0,0.6568902050955634,4
2021-12-15,MSFT,0,0.3184282013143993,4
2021-12-15,NVDA,0,0.04448010031518525,4
2021-12-15,PFE,0,0.5777564067804165,4
2021-12-15,PYPL,0,0.8091754935297883,4
2021-12-15,ZM,0,0.4306076885901957,4
2021-12-16,AAPL,0,0.1540944160561624,4
2021-12-16,AMZN,0,0.5705781625411743,4
2021-12-16,GOOGL,0,0.672758875839398,4
2021-12-16,INTC,0,0.38184825663595057,4
2021-12-16,MSFT,1,0.277408965929202,4
2021-12-16,NVDA,0,0.06459104034773255,4
2021-12-16,PFE,0,0.5593674734917493,4
2021-12-16,PYPL,0,0.9614421821961311,4
2021-12-16,ZM,1,0.8636144845685243,4
2021-12-17,AAPL,1,0.18922038421030446,4
2021-12-17,AMZN,0,0.9501017747021138,4
2021-12-17,GOOGL,0,0.8239721858874741,4
2021-12-17,INTC,0,0.5030140997333618,4
2021-12-17,MSFT,1,0.30214751451876143,4
2021-12-17,NVDA,1,0.04471862888843624,4
2021-12-17,PFE,0,0.5324031730648627,4
2021-12-17,PYPL,0,0.9244626369866841,4
2021-12-17,ZM,0,0.2005947648046178,4
2021-12-20,AAPL,1,0.10117296524289614,4
2021-12-20,AMZN,0,0.9588371127235301,4
2021-12-20,GOOGL,0,0.8755692162196884,4
2021-12-20,INTC,1,0.39267323529031456,4
2021-12-20,MSFT,1,0.3795546190529783,4
2021-12-20,NVDA,1,0.05530222439420523,4
2021-12-20,PFE,0,0.3447133454721463,4
2021-12-20,PYPL,1,0.9437868996959196,4
2021-12-20,ZM,0,0.7413564638571106,4
2021-12-21,AAPL,1,0.15050972500150336,4
2021-12-21,AMZN,0,0.7903899302767533,4
2021-12-21,GOOGL,0,0.7656330452603218,4
2021-12-21,INTC,1,0.4020079103875057,4
2021-12-21,MSFT,0,0.18880432923532695,4
2021-12-21,NVDA,1,0.042058141610181184,4
2021-12-21,PFE,0,0.7042533287252185,4
2021-12-21,PYPL,0,0.7944695868452755,4
2021-12-21,ZM,0,0.7595038434990657,4
2021-12-22,AAPL,0,0.1572173635601098,4
2021-12-22,AMZN,0,0.807222803094408,4
2021-12-22,GOOGL,0,0.7037197834170585,4
2021-12-22,INTC,1,0.38438393999907045,4
2021-12-22,MSFT,0,0.13550331143933564,4
2021-12-22,NVDA,1,0.021497934374123662,4
2021-12-22,PFE,0,0.37673963613547645,4
2021-12-22,PYPL,0,0.8105434030020277,4
2021-12-22,ZM,0,0.8384411075904343,4
2021-12-23,AAPL,0,0.24473927296031825,4
2021-12-23,AMZN,0,0.7014292248796726,4
2021-12-23,GOOGL,0,0.7820875639319737,4
2021-12-23,INTC,1,0.5715150104967662,4
2021-12-23,MSFT,0,0.28512672147247065,4
2021-12-23,NVDA,1,0.07779066391894433,4
2021-12-23,PFE,0,0.45508145482715756,4
2021-12-23,PYPL,0,0.8787031941601495,4
2021-12-23,ZM,0,0.766708100650141,4
2021-12-27,AAPL,0,0.22983588379060374,4
2021-12-27,AMZN,0,0.7911841134603947,4
2021-12-27,GOOGL,0,0.8130732479237415,4
2021-12-27,INTC,1,0.6171062869677878,4
2021-12-27,MSFT,0,0.28019109898418887,4
2021-12-27,NVDA,0,0.14264342452007484,4
2021-12-27,PFE,0,0.2714047165708597,4
2021-12-27,PYPL,0,0.8478481080303143,4
2021-12-27,ZM,0,0.718461352158426,4
2021-12-28,AAPL,0,0.18613413779882038,4
2021-12-28,AMZN,0,0.783843516634097,4
2021-12-28,GOOGL,0,0.783578838210646,4
2021-12-28,INTC,1,0.6459596162280951,4
2021-12-28,MSFT,0,0.22789385165669193,4
2021-12-28,NVDA,0,0.03573564223165874,4
2021-12-28,PFE,0,0.3106291942821197,4
2021-12-28,PYPL,0,0.9368104793015516,4
2021-12-28,ZM,1,0.9399563424456897,4
2021-12-29,AAPL,0,0.17942664521770424,4
2021-12-29,AMZN,0,0.8714171350009422,4
2021-12-29,GOOGL,0,0.8727838074304133,4
2021-12-29,INTC,1,0.6546369649186321,4
2021-12-29,MSFT,0,0.18435623135963336,4
2021-12-29,NVDA,0,0.0653341756723569,4
2021-12-29,PFE,0,0.41881555281077176,4
2021-12-29,PYPL,0,0.9206856188243298,4
2021-12-29,ZM,1,0.9106174938484096,4
2021-12-30,AAPL,0,0.14958585198482327,4
2021-12-30,AMZN,0,0.7413571909372986,4
2021-12-30,GOOGL,0,0.8730834972302187,4
2021-12-30,INTC,1,0.5169009654608473,4
2021-12-30,MSFT,0,0.1203930538163424,4
2021-12-30,NVDA,0,0.09683653983647302,4
2021-12-30,PFE,0,0.42435039596481644,4
2021-12-30,PYPL,0,0.8619212425061737,4
2021-12-30,ZM,0,0.824768770100903,4
2021-12-31,AAPL,0,0.19198564017328518,4
2021-12-31,AMZN,0,0.25135570537201074,4
2021-12-31,GOOGL,0,0.88383730132631,4
2021-12-31,INTC,1,0.6359357223079752,4
2021-12-31,MSFT,0,0.28841658403468423,4
2021-12-31,NVDA,1,0.07038598267223464,4
2021-12-31,PFE,0,0.4063826170455232,4
2021-12-31,PYPL,1,0.863590619319566,4
2021-12-31,ZM,0,0.8886647423716965,4
2022-01-03,AAPL,0,0.643339210595566,5
2022-01-03,AMZN,0,0.6975603980545203,5
2022-01-03,GOOGL,0,0.4832928454247053,5
2022-01-03,INTC,1,0.3604077106200514,5
2022-01-03,MSFT,0,0.2958104160565622,5
2022-01-03,NVDA,0,0.055080113276396864,5
2022-01-03,PFE,0,0.6271514272014355,5
2022-01-03,PYPL,0,0.752676342026831,5
2022-01-03,ZM,0,0.7448420597824601,5
2022-01-04,AAPL,0,0.5177852156243357,5
2022-01-04,AMZN,0,0.45303902289676523,5
2022-01-04,GOOGL,0,0.5592169347898868,5
2022-01-04,INTC,1,0.3041612883015626,5
2022-01-04,MSFT,0,0.21231929458607654,5
2022-01-04,NVDA,0,0.056108741330009926,5
2022-01-04,PFE,1,0.5497293289534182,5
2022-01-04,PYPL,0,0.6469733185934208,5
2022-01-04,ZM,0,0.5302150889285114,5
2022-01-05,AAPL,0,0.5101436208887221,5
2022-01-05,AMZN,0,0.2897875422089089,5
2022-01-05,GOOGL,0,0.4528084623485888,5
2022-01-05,INTC,1,0.2357032362654756,5
2022-01-05,MSFT,0,0.3510320485069724,5
2022-01-05,NVDA,0,0.09468599903076387,5
2022-01-05,PFE,0,0.6974549509009915,5
2022-01-05,PYPL,0,0.7016074774720992,5
2022-01-05,ZM,0,0.6974598995199447,5
2022-01-06,AAPL,0,0.6155835913673839,5
2022-01-06,AMZN,0,0.4616096304771343,5
2022-01-06,GOOGL,0,0.20085419087010334,5
2022-01-06,INTC,0,0.25931660371033244,5
2022-01-06,MSFT,0,0.279623380826868,5
2022-01-06,NVDA,0,0.07790334730968901,5
2022-01-06,PFE,1,0.4226681748789055,5
2022-01-06,PYPL,0,0.8177021240817589,5
2022-01-06,ZM,0,0.7773512623583959,5
2022-01-07,AAPL,0,0.6765062449356587,5
2022-01-07,AMZN,0,0.340847610116463,5
2022-01-07,GOOGL,0,0.31725398994536985,5
2022-01-07,INTC,1,0.22715495347180711,5
2022-01-07,MSFT,0,0.31791055738734914,5
2022-01-07,NVDA,0,0.107879433560774,5
2022-01-07,PFE,0,0.7533549475645847,5
2022-01-07,PYPL,0,0.6762694044916748,5
2022-01-07,ZM,0,0.39124615862446943,5
2022-01-10,AAPL,0,0.5602271135036967,5
2022-01-10,AMZN,0,0.28374496685919937,5
2022-01-10,GOOGL,0,0.3552743089207007,5
2022-01-10,INTC,0,0.09634466307845083,5
2022-01-10,MSFT,0,0.2992722911743564,5
2022-01-10,NVDA,0,0.12091050112925007,5
2022-01-10,PFE,0,0.6652976972249632,5
2022-01-10,PYPL,1,0.6011852764915415,5
2022-01-10,ZM,1,0.3560800081541708,5
2022-01-11,AAPL,0,0.657512616528522,5
2022-01-11,AMZN,0,0.30946125581338835,5
2022-01-11,GOOGL,0,0.3129956705778235,5
2022-01-11,INTC,0,0.12372401671101996,5
2022-01-11,MSFT,0,0.5065169781348414,5
2022-01-11,NVDA,0,0.11504883647378451,5
2022-01-11,PFE,0,0.7964993914500977,5
2022-01-11,PYPL,0,0.687521825635971,5
2022-01-11,ZM,0,0.3750125120508268,5
2022-01-12,AAPL,0,0.7134800766428809,5
2022-01-12,AMZN,0,0.34620892126566516,5
2022-01-12,GOOGL,0,0.17987374306029552,5
2022-01-12,INTC,0,0.1462808805141523,5
2022-01-12,MSFT,0,0.3932668912752713,5
2022-01-12,NVDA,0,0.13352107019685264,5
2022-01-12,PFE,0,0.803780350495476,5
2022-01-12,PYPL,0,0.6741236646420721,5
2022-01-12,ZM,0,0.3289107407807818,5
2022-01-13,AAPL,0,0.4499369083897983,5
2022-01-13,AMZN,0,0.22952007166962288,5
2022-01-13,GOOGL,0,0.3582376204034616,5
2022-01-13,INTC,0,0.17565951390229265,5
2022-01-13,MSFT,0,0.34598205435182167,5
2022-01-13,NVDA,0,0.20819265294694222,5
2022-01-13,PFE,0,0.7675716144834873,5
2022-01-13,PYPL,0,0.562196718730991,5
2022-01-13,ZM,0,0.4456641835189557,5
2022-01-14,AAPL,0,0.4305803873489812,5
2022-01-14,AMZN,0,0.26658088986113904,5
2022-01-14,GOOGL,0,0.19856988210230067,5
2022-01-14,INTC,0,0.18073502944363587,5
2022-01-14,MSFT,0,0.6608209841063281,5
2022-01-14,NVDA,0,0.16960418055693305,5
2022-01-14,PFE,0,0.4855695220427623,5
2022-01-14,PYPL,0,0.6648086574577501,5
2022-01-14,ZM,0,0.40368097912554274,5
2022-01-18,AAPL,0,0.2615286558958956,5
2022-01-18,AMZN,0,0.17782988665493926,5
2022-01-18,GOOGL,0,0.28969714578553324,5
2022-01-18,INTC,0,0.23193920733652826,5
2022-01-18,MSFT,0,0.7322400766232862,5
2022-01-18,NVDA,0,0.13943749890611748,5
2022-01-18,PFE,0,0.37919608428791407,5
2022-01-18,PYPL,0,0.5367352060522603,5
2022-01-18,ZM,0,0.31511354078464404,5
2022-01-19,AAPL,0,0.281830327253017,5
2022-01-19,AMZN,0,0.15862519069034053,5
2022-01-19,GOOGL,0,0.112958303036886,5
2022-01-19,INTC,0,0.40281000341362466,5
2022-01-19,MSFT,0,0.7082157870290636,5
2022-01-19,NVDA,0,0.11183330130399607,5
2022-01-19,PFE,0,0.49877557993312954,5
2022-01-19,PYPL,0,0.5748622301745465,5
2022-01-19,ZM,1,0.42424425426510187,5
2022-01-20,AAPL,0,0.3977034472298422,5
2022-01-20,AMZN,0,0.4114109920680943,5
2022-01-20,GOOGL,0,0.21229944226038186,5
2022-01-20,INTC,0,0.6006223926232638,5
2022-01-20,MSFT,0,0.6982426749224683,5
2022-01-20,NVDA,0,0.12618630973251393,5
2022-01-20,PFE,0,0.5245294641988797,5
2022-01-20,PYPL,0,0.31716190197348826,5
2022-01-20,ZM,0,0.59409918694874,5
2022-01-21,AAPL,0,0.5865456784698417,5
2022-01-21,AMZN,0,0.32128069842862045,5
2022-01-21,GOOGL,0,0.3521892271319274,5
2022-01-21,INTC,0,0.3819475167944296,5
2022-01-21,MSFT,0,0.8162735674734243,5
2022-01-21,NVDA,0,0.06796682760016368,5
2022-01-21,PFE,0,0.45050841624687443,5
2022-01-21,PYPL,0,0.2682969023611843,5
2022-01-21,ZM,0,0.48113489405876986,5
2022-01-24,AAPL,0,0.2668944647323782,5
2022-01-24,AMZN,0,0.30736149988024336,5
2022-01-24,GOOGL,0,0.11190612708701035,5
2022-01-24,INTC,0,0.41890381077343825,5
2022-01-24,MSFT,0,0.43321133184713123,5
2022-01-24,NVDA,0,0.08832833417925774,5
2022-01-24,PFE,1,0.3819888637578972,5
2022-01-24,PYPL,0,0.23435698640149666,5
2022-01-24,ZM,0,0.13094038082828025,5
2022-01-25,AAPL,1,0.366418359818189,5
2022-01-25,AMZN,1,0.6570474236887188,5
2022-01-25,GOOGL,1,0.5433333986227982,5
2022-01-25,INTC,0,0.45496206591725075,5
2022-01-25,MSFT,1,0.588310516884565,5
2022-01-25,NVDA,1,0.19523548941094296,5
2022-01-25,PFE,1,0.557080297605367,5
2022-01-25,PYPL,1,0.30135269411640686,5
2022-01-25,ZM,0,0.46508600040700826,5
2022-01-26,AAPL,1,0.21502006024143755,5
2022-01-26,AMZN,1,0.3934734028066571,5
2022-01-26,GOOGL,1,0.17380823429872155,5
2022-01-26,INTC,0,0.4803540790714561,5
2022-01-26,MSFT,1,0.3306384754188652,5
2022-01-26,NVDA,0,0.2838592288459126,5
2022-01-26,PFE,0,0.4319572644471619,5
2022-01-26,PYPL,1,0.27488381813853735,5
2022-01-26,ZM,0,0.5082869471823235,5
2022-01-27,AAPL,1,0.25771444789589976,5
2022-01-27,AMZN,1,0.4424128019870643,5
2022-01-27,GOOGL,1,0.24928655927304355,5
2022-01-27,INTC,0,0.38090579951864467,5
2022-01-27,MSFT,1,0.5213510439940617,5
2022-01-27,NVDA,0,0.4478361522553201,5
2022-01-27,PFE,0,0.6482129981115569,5
2022-01-27,PYPL,1,0.4619217221815822,5
2022-01-27,ZM,1,0.5986644993907618,5
2022-01-28,AAPL,0,0.18953998999600713,5
2022-01-28,AMZN,1,0.4668462559540007,5
2022-01-28,GOOGL,1,0.34928424361964366,5
2022-01-28,INTC,1,0.3322561568208769,5
2022-01-28,MSFT,0,0.5378783019126101,5
2022-01-28,NVDA,1,0.4712478127815991,5
2022-01-28,PFE,0,0.7201436250123505,5
2022-01-28,PYPL,1,0.3478862228666279,5
2022-01-28,ZM,1,0.31034932141972504,5
2022-01-31,AAPL,0,0.3227591943232156,5
2022-01-31,AMZN,0,0.5563566449267188,5
2022-01-31,GOOGL,1,0.45849595156341183,5
2022-01-31,INTC,0,0.2010586857717271,5
2022-01-31,MSFT,0,0.33830627449815753,5
2022-01-31,NVDA,0,0.3483105090211209,5
2022-01-31,PFE,0,0.7805143334041168,5
2022-01-31,PYPL,0,0.2807312352255448,5
2022-01-31,ZM,0,0.18406877158379265,5
2022-02-01,AAPL,0,0.3124412072605079,5
2022-02-01,AMZN,0,0.7403816715788997,5
2022-02-01,GOOGL,1,0.4113346728347701,5
2022-02-01,INTC,0,0.2948809929110451,5
2022-02-01,MSFT,0,0.3295780392659295,5
2022-02-01,NVDA,0,0.36140355005126784,5
2022-02-01,PFE,0,0.5693445555196258,5
2022-02-01,PYPL,0,0.30684813301412156,5
2022-02-01,ZM,0,0.41826711787438264,5
2022-02-02,AAPL,0,0.31604749381295477,5
2022-02-02,AMZN,0,0.7196897801499097,5
2022-02-02,GOOGL,0,0.3758519709636044,5
2022-02-02,INTC,0,0.2867428041380536,5
2022-02-02,MSFT,0,0.3133446028123577,5
2022-02-02,NVDA,0,0.39701193445247396,5
2022-02-02,PFE,0,0.7710657168265257,5
2022-02-02,PYPL,0,0.42857318208328005,5
2022-02-02,ZM,0,0.3785226465632409,5
2022-02-03,AAPL,0,0.09204709904554322,5
2022-02-03,AMZN,1,0.4881764431960837,5
2022-02-03,GOOGL,0,0.5201877115801711,5
2022-02-03,INTC,0,0.2694690197929175,5
2022-02-03,MSFT,0,0.0993231243414818,5
2022-02-03,NVDA,1,0.23113917366347983,5
2022-02-03,PFE,0,0.5186372934238668,5
2022-02-03,PYPL,0,0.4569917703316066,5
2022-02-03,ZM,1,0.37636663869792975,5
2022-02-04,AAPL,0,0.09354067976874574,5
2022-02-04,AMZN,0,0.4093283242680751,5
2022-02-04,GOOGL,0,0.3265643942318332,5
2022-02-04,INTC,0,0.2595922591942292,5
2022-02-04,MSFT,0,0.14142313830773168,5
2022-02-04,NVDA,1,0.1982197782399096,5
2022-02-04,PFE,0,0.5359895777731787,5
2022-02-04,PYPL,0,0.34462742642382754,5
2022-02-04,ZM,0,0.28212317978065865,5
2022-02-07,AAPL,0,0.08226967167618345,5
2022-02-07,AMZN,0,0.41441507834247543,5
2022-02-07,GOOGL,0,0.47001135941023753,5
2022-02-07,INTC,0,0.22524175234372523,5
2022-02-07,MSFT,0,0.13373464882368324,5
2022-02-07,NVDA,1,0.14657431535522789,5
2022-02-07,PFE,0,0.3235569335249372,5
2022-02-07,PYPL,0,0.3115537696100339,5
2022-02-07,ZM,0,0.3059172869348316,5
2022-02-08,AAPL,0,0.07515784994334812,5
2022-02-08,AMZN,0,0.39766973515688614,5
2022-02-08,GOOGL,0,0.22952979891644917,5
2022-02-08,INTC,0,0.13490742071874345,5
2022-02-08,MSFT,0,0.11586802268985645,5
2022-02-08,NVDA,0,0.13741990114422048,5
2022-02-08,PFE,0,0.45881772410187677,5
2022-02-08,PYPL,0,0.26411879504583924,5
2022-02-08,ZM,0,0.27078109592790156,5
2022-02-09,AAPL,0,0.06627461043777466,5
2022-02-09,AMZN,0,0.24571642133168156,5
2022-02-09,GOOGL,0,0.2251598830822747,5
2022-02-09,INTC,0,0.17245041619385523,5
2022-02-09,MSFT,0,0.10579390683843318,5
2022-02-09,NVDA,0,0.11725472494926918,5
2022-02-09,PFE,0,0.4415978115738887,5
2022-02-09,PYPL,0,0.23756423892149517,5
2022-02-09,ZM,0,0.26205768661314277,5
2022-02-10,AAPL,0,0.03668663733732455,5
2022-02-10,AMZN,0,0.19804678013427934,5
2022-02-10,GOOGL,0,0.5188747803899357,5
2022-02-10,INTC,0,0.19548106691891637,5
2022-02-10,MSFT,0,0.17724165808350137,5
2022-02-10,NVDA,0,0.4429525289575642,5
2022-02-10,PFE,0,0.7372023006007694,5
2022-02-10,PYPL,0,0.7483278139659405,5
2022-02-10,ZM,0,0.865107292043292,5
2022-02-11,AAPL,0,0.324516820162862,5
2022-02-11,AMZN,0,0.865752483241147,5
2022-02-11,GOOGL,0,0.8861860101679607,5
2022-02-11,INTC,0,0.3587676800301909,5
2022-02-11,MSFT,0,0.3525109069029203,5
2022-02-11,NVDA,1,0.3958404945644962,5
2022-02-11,PFE,0,0.5622444685838097,5
2022-02-11,PYPL,0,0.8126105985896009,5
2022-02-11,ZM,0,0.841276430803482,5
2022-02-14,AAPL,0,0.2529916899957189,5
2022-02-14,AMZN,0,0.4666326432247806,5
2022-02-14,GOOGL,0,0.48966309528301405,5
2022-02-14,INTC,0,0.35894038051692007,5
2022-02-14,MSFT,0,0.12719336046998006,5
2022-02-14,NVDA,1,0.2258920834543079,5
2022-02-14,PFE,0,0.7755900645205676,5
2022-02-14,PYPL,0,0.7909388679060076,5
2022-02-14,ZM,0,0.5427164160958928,5
2022-02-15,AAPL,0,0.1559541612784853,5
2022-02-15,AMZN,0,0.3965206047629766,5
2022-02-15,GOOGL,0,0.49494305176143416,5
2022-02-15,INTC,0,0.660704037427084,5
2022-02-15,MSFT,0,0.25104311653886896,5
2022-02-15,NVDA,0,0.28563902497069893,5
2022-02-15,PFE,0,0.36863368928476925,5
2022-02-15,PYPL,0,0.7576572674703003,5
2022-02-15,ZM,0,0.5789392728721564,5
2022-02-16,AAPL,0,0.17466361017872492,5
2022-02-16,AMZN,0,0.3448836228160573,5
2022-02-16,GOOGL,0,0.5249918028884727,5
2022-02-16,INTC,0,0.4071416411415518,5
2022-02-16,MSFT,0,0.1841360857204522,5
2022-02-16,NVDA,0,0.20519985686662182,5
2022-02-16,PFE,0,0.6702023175928086,5
2022-02-16,PYPL,0,0.7992573774700189,5
2022-02-16,ZM,0,0.7543933520218997,5
2022-02-17,AAPL,0,0.3799799264035602,5
2022-02-17,AMZN,0,0.7379349244470104,5
2022-02-17,GOOGL,0,0.8166133109776228,5
2022-02-17,INTC,0,0.5350672514824916,5
2022-02-17,MSFT,0,0.36892878615704466,5
2022-02-17,NVDA,0,0.41887720657391947,5
2022-02-17,PFE,0,0.65215707275515,5
2022-02-17,PYPL,0,0.9067228325410263,5
2022-02-17,ZM,0,0.5594966159373531,5
2022-02-18,AAPL,0,0.28626083442153943,5
2022-02-18,AMZN,0,0.624342874583345,5
2022-02-18,GOOGL,0,0.5961924098473739,5
2022-02-18,INTC,1,0.8696005338954244,5
2022-02-18,MSFT,0,0.3692914971671453,5
2022-02-18,NVDA,0,0.6237057588933186,5
2022-02-18,PFE,0,0.5945230697700504,5
2022-02-18,PYPL,0,0.9514067378850787,5
2022-02-18,ZM,0,0.6946077675307262,5
2022-02-22,AAPL,0,0.3488083574372227,5
2022-02-22,AMZN,0,0.7408682925180475,5
2022-02-22,GOOGL,0,0.4870993105887413,5
2022-02-22,INTC,1,0.7487665007302561,5
2022-02-22,MSFT,0,0.27450280454502746,5
2022-02-22,NVDA,0,0.4060635480047727,5
2022-02-22,PFE,0,0.7815562286464472,5
2022-02-22,PYPL,0,0.8977547640280804,5
2022-02-22,ZM,0,0.6105872208209162,5
2022-02-23,AAPL,0,0.5694076057971716,5
2022-02-23,AMZN,0,0.8371335648402688,5
2022-02-23,GOOGL,1,0.7388954730782521,5
2022-02-23,INTC,1,0.6745633219906859,5
2022-02-23,MSFT,0,0.49533630228236597,5
2022-02-23,NVDA,0,0.4632603828859267,5
2022-02-23,PFE,0,0.7299719754084459,5
2022-02-23,PYPL,0,0.8491171524214194,5
2022-02-23,ZM,0,0.754008827292746,5
2022-02-24,AAPL,0,0.29938937282412786,5
2022-02-24,AMZN,0,0.7106513616554953,5
2022-02-24,GOOGL,0,0.40690886575897744,5
2022-02-24,INTC,0,0.7152713299183225,5
2022-02-24,MSFT,0,0.2470908950189115,5
2022-02-24,NVDA,0,0.17666769211066166,5
2022-02-24,PFE,1,0.8282956671058399,5
2022-02-24,PYPL,1,0.7903915310914259,5
2022-02-24,ZM,0,0.4557107579611822,5
2022-02-25,AAPL,0,0.30591780280700087,5
2022-02-25,AMZN,0,0.7962275027378233,5
2022-02-25,GOOGL,0,0.3848336902969222,5
2022-02-25,INTC,0,0.6215703402617544,5
2022-02-25,MSFT,0,0.32467825850837995,5
2022-02-25,NVDA,0,0.2012684485289004,5
2022-02-25,PFE,0,0.6683301028136783,5
2022-02-25,PYPL,0,0.5090131228467573,5
2022-02-25,ZM,1,0.71991056109251,5
2022-02-28,AAPL,0,0.2763851776005199,5
2022-02-28,AMZN,0,0.7571356706738688,5
2022-02-28,GOOGL,0,0.550934671605059,5
2022-02-28,INTC,0,0.6834851926535922,5
2022-02-28,MSFT,0,0.3220722855635432,5
2022-02-28,NVDA,0,0.19103854096428988,5
2022-02-28,PFE,0,0.7529087367770534,5
2022-02-28,PYPL,0,0.6836556650513141,5
2022-02-28,ZM,0,0.5634849671548596,5
2022-03-01,AAPL,0,0.34614542016061034,5
2022-03-01,AMZN,0,0.7505912639381805,5
2022-03-01,GOOGL,0,0.5963410033848093,5
2022-03-01,INTC,0,0.6655261714945705,5
2022-03-01,MSFT,0,0.21274743305544608,5
2022-03-01,NVDA,0,0.24740397655751184,5
2022-03-01,PFE,1,0.5963869711023696,5
2022-03-01,PYPL,0,0.7855523458675153,5
2022-03-01,ZM,0,0.8024158257501408,5
2022-03-02,AAPL,0,0.19736961361563932,5
2022-03-02,AMZN,0,0.8097767699168065,5
2022-03-02,GOOGL,0,0.5378241395668606,5
2022-03-02,INTC,0,0.8142949768918967,5
2022-03-02,MSFT,0,0.2528259095104402,5
2022-03-02,NVDA,0,0.2608224094456448,5
2022-03-02,PFE,1,0.6949281996433673,5
2022-03-02,PYPL,0,0.526352085845509,5
2022-03-02,ZM,0,0.541245890511402,5
2022-03-03,AAPL,0,0.21860347772267563,5
2022-03-03,AMZN,0,0.8306033141342802,5
2022-03-03,GOOGL,0,0.4688109814680247,5
2022-03-03,INTC,0,0.718162436061036,5
2022-03-03,MSFT,0,0.3989935441876585,5
2022-03-03,NVDA,0,0.22780137508826967,5
2022-03-03,PFE,1,0.5553694261663469,5
2022-03-03,PYPL,0,0.6620402862315449,5
2022-03-03,ZM,0,0.6429297674577467,5
2022-03-04,AAPL,0,0.21446731895524226,5
2022-03-04,AMZN,0,0.6309066768469831,5
2022-03-04,GOOGL,0,0.5344833539176075,5
2022-03-04,INTC,0,0.39499262842423355,5
2022-03-04,MSFT,0,0.4377902808100694,5
2022-03-04,NVDA,0,0.40757774368396765,5
2022-03-04,PFE,0,0.6571697352486818,5
2022-03-04,PYPL,0,0.5353912519391627,5
2022-03-04,ZM,0,0.603421056514495,5
2022-03-07,AAPL,0,0.19632106908008554,5
2022-03-07,AMZN,1,0.8290430111401277,5
2022-03-07,GOOGL,1,0.5726673536444857,5
2022-03-07,INTC,0,0.7181109769651991,5
2022-03-07,MSFT,0,0.3588822441233356,5
2022-03-07,NVDA,0,0.4403866672823003,5
2022-03-07,PFE,0,0.7156751254048141,5
2022-03-07,PYPL,1,0.6494740409573203,5
2022-03-07,ZM,0,0.47266899340282864,5
2022-03-08,AAPL,0,0.3869173517920296,5
2022-03-08,AMZN,1,0.5899908187355163,5
2022-03-08,GOOGL,1,0.4451208418327922,5
2022-03-08,INTC,0,0.8309653344928519,5
2022-03-08,MSFT,1,0.5589047121006461,5
2022-03-08,NVDA,1,0.6184947355118418,5
2022-03-08,PFE,1,0.8406275162921223,5
2022-03-08,PYPL,1,0.40530073840387665,5
2022-03-08,ZM,0,0.5514614608812036,5
2022-03-09,AAPL,0,0.14391131863107387,5
2022-03-09,AMZN,1,0.6263301548989133,5
2022-03-09,GOOGL,0,0.2675838033972265,5
2022-03-09,INTC,0,0.5956491280441578,5
2022-03-09,MSFT,0,0.5225389772496609,5
2022-03-09,NVDA,0,0.42493092573772834,5
2022-03-09,PFE,1,0.7708727712251412,5
2022-03-09,PYPL,0,0.21005985200134983,5
2022-03-09,ZM,0,0.6090417308341514,5
2022-03-10,AAPL,0,0.34900951530269575,5
2022-03-10,AMZN,0,0.42132014454049715,5
2022-03-10,GOOGL,0,0.45472735345878124,5
2022-03-10,INTC,0,0.6809771297934157,5
2022-03-10,MSFT,0,0.5905484861795214,5
2022-03-10,NVDA,0,0.38989851286314303,5
2022-03-10,PFE,1,0.7251679502273353,5
2022-03-10,PYPL,0,0.5195513210550048,5
2022-03-10,ZM,0,0.7862727009214227,5
2022-03-11,AAPL,1,0.2889522018280002,5
2022-03-11,AMZN,0,0.7199715402814246,5
2022-03-11,GOOGL,0,0.6034099235073666,5
2022-03-11,INTC,0,0.41770412476536606,5
2022-03-11,MSFT,1,0.5733969186054926,5
2022-03-11,NVDA,0,0.3640249050069199,5
2022-03-11,PFE,1,0.5046381400462205,5
2022-03-11,PYPL,1,0.4108708347970018,5
2022-03-11,ZM,0,0.645592178689021,5
2022-03-14,AAPL,1,0.46989466715948225,5
2022-03-14,AMZN,1,0.7127631429606313,5
2022-03-14,GOOGL,1,0.7599822510696806,5
2022-03-14,INTC,1,0.6513329265285018,5
2022-03-14,MSFT,1,0.2185420820128436,5
2022-03-14,NVDA,1,0.5299685847227414,5
2022-03-14,PFE,0,0.6335551551983051,5
2022-03-14,PYPL,1,0.500778968553068,5
2022-03-14,ZM,1,0.66529370700165,5
2022-03-15,AAPL,1,0.3453592909047139,5
2022-03-15,AMZN,1,0.6071144457981401,5
2022-03-15,GOOGL,1,0.35302638448172746,5
2022-03-15,INTC,1,0.35413872747473635,5
2022-03-15,MSFT,1,0.2259693039301078,5
2022-03-15,NVDA,1,0.6190326269292602,5
2022-03-15,PFE,0,0.5698003618933053,5
2022-03-15,PYPL,1,0.47205680450097803,5
2022-03-15,ZM,1,0.3311977201185251,5
2022-03-16,AAPL,1,0.3737042792386083,5
2022-03-16,AMZN,1,0.6917974192168624,5
2022-03-16,GOOGL,1,0.3200296066158577,5
2022-03-16,INTC,1,0.5143194453598651,5
2022-03-16,MSFT,1,0.14483897462927373,5
2022-03-16,NVDA,1,0.5541379223339872,5
2022-03-16,PFE,0,0.20217378990505613,5
2022-03-16,PYPL,1,0.2363297371530011,5
2022-03-16,ZM,1,0.11345871923978677,5
2022-03-17,AAPL,1,0.2905623189717586,5
2022-03-17,AMZN,1,0.6574268860911375,5
2022-03-17,GOOGL,1,0.28125855081470175,5
2022-03-17,INTC,1,0.3298303175266064,5
2022-03-17,MSFT,1,0.10185216855030965,5
2022-03-17,NVDA,1,0.4803410484442565,5
2022-03-17,PFE,0,0.17833502592569137,5
2022-03-17,PYPL,1,0.32063504059243275,5
2022-03-17,ZM,1,0.49426263127543335,5
2022-03-18,AAPL,1,0.29572895298292834,5
2022-03-18,AMZN,0,0.6933502009059923,5
2022-03-18,GOOGL,0,0.31667497844526715,5
2022-03-18,INTC,1,0.3676344658489115,5
2022-03-18,MSFT,0,0.21789391323203625,5
2022-03-18,NVDA,0,0.5465075012347936,5
2022-03-18,PFE,0,0.1373317885465585,5
2022-03-18,PYPL,0,0.36447689735514843,5
2022-03-18,ZM,0,0.2838756152025555,5
2022-03-21,AAPL,1,0.30590702537507686,5
2022-03-21,AMZN,0,0.5659036948439365,5
2022-03-21,GOOGL,0,0.5109404589154901,5
2022-03-21,INTC,1,0.40148860075794346,5
2022-03-21,MSFT,0,0.14999323421366076,5
2022-03-21,NVDA,0,0.3640159051789994,5
2022-03-21,PFE,0,0.27696267048979706,5
2022-03-21,PYPL,1,0.7497273919844882,5
2022-03-21,ZM,0,0.5374731088506481,5
2022-03-22,AAPL,1,0.2991273012091253,5
2022-03-22,AMZN,0,0.38653507415988053,5
2022-03-22,GOOGL,0,0.3670461384863778,5
2022-03-22,INTC,1,0.5584761499656057,5
2022-03-22,MSFT,0,0.42019080095765865,5
2022-03-22,NVDA,0,0.4119827827490777,5
2022-03-22,PFE,0,0.6987358077950956,5
2022-03-22,PYPL,0,0.4835364788155562,5
2022-03-22,ZM,0,0.5033961325934398,5
2022-03-23,AAPL,0,0.36927864285803885,5
2022-03-23,AMZN,0,0.3900709494300958,5
2022-03-23,GOOGL,0,0.4541076649280918,5
2022-03-23,INTC,1,0.5805763741490683,5
2022-03-23,MSFT,0,0.4116201689209654,5
2022-03-23,NVDA,1,0.49985812554373465,5
2022-03-23,PFE,0,0.6150300599506621,5
2022-03-23,PYPL,1,0.6875318430014741,5
2022-03-23,ZM,0,0.6079467072615866,5
2022-03-24,AAPL,0,0.3850382115212548,5
2022-03-24,AMZN,0,0.39944887023373227,5
2022-03-24,GOOGL,0,0.438475959467145,5
2022-03-24,INTC,0,0.4395484007440141,5
2022-03-24,MSFT,0,0.44712473152067267,5
2022-03-24,NVDA,0,0.49614931458974115,5
2022-03-24,PFE,0,0.2836865412745865,5
2022-03-24,PYPL,0,0.5501574684171521,5
2022-03-24,ZM,0,0.41413097983551606,5
2022-03-25,AAPL,0,0.23740408474648464,5
2022-03-25,AMZN,0,0.10116736328510297,5
2022-03-25,GOOGL,0,0.5707791654914124,5
2022-03-25,INTC,0,0.3469068363390131,5
2022-03-25,MSFT,0,0.4119250613394263,5
2022-03-25,NVDA,0,0.5894788731156262,5
2022-03-25,PFE,0,0.6003141975625282,5
2022-03-25,PYPL,1,0.6314714419124963,5
2022-03-25,ZM,1,0.8092821079961001,5
2022-03-28,AAPL,0,0.5008624783126397,5
2022-03-28,AMZN,0,0.08520161121553307,5
2022-03-28,GOOGL,0,0.6912003833260955,5
2022-03-28,INTC,0,0.5778158584119266,5
2022-03-28,MSFT,0,0.6501254984253623,5
2022-03-28,NVDA,0,0.5048684670914825,5
2022-03-28,PFE,0,0.497821780466147,5
2022-03-28,PYPL,1,0.6438825696007455,5
2022-03-28,ZM,1,0.4994534300138331,5
2022-03-29,AAPL,0,0.4070006974073385,5
2022-03-29,AMZN,0,0.11921121806530231,5
2022-03-29,GOOGL,0,0.5690325634088959,5
2022-03-29,INTC,0,0.6031329794176182,5
2022-03-29,MSFT,0,0.5169325738294468,5
2022-03-29,NVDA,0,0.32744163267250287,5
2022-03-29,PFE,0,0.7445325380629723,5
2022-03-29,PYPL,0,0.8311192393560823,5
2022-03-29,ZM,0,0.39398106182705483,5
2022-03-30,AAPL,0,0.27077380920914434,5
2022-03-30,AMZN,0,0.39335348048370167,5
2022-03-30,GOOGL,0,0.5344772279333542,5
2022-03-30,INTC,0,0.6184514848493399,5
2022-03-30,MSFT,0,0.48945107557841894,5
2022-03-30,NVDA,0,0.5119499331404589,5
2022-03-30,PFE,0,0.8667096110391503,5
2022-03-30,PYPL,0,0.8080935930300139,5
2022-03-30,ZM,0,0.695531821395908,5
2022-03-31,AAPL,0,0.22083767248762246,5
2022-03-31,AMZN,0,0.3530992125312973,5
2022-03-31,GOOGL,0,0.4325242344888842,5
2022-03-31,INTC,0,0.6081806090035026,5
2022-03-31,MSFT,0,0.5125027466654534,5
2022-03-31,NVDA,0,0.42283906201484095,5
2022-03-31,PFE,0,0.7293171772238203,5
2022-03-31,PYPL,1,0.6453949030795613,5
2022-03-31,ZM,1,0.5363946359735252,5
2022-04-01,AAPL,0,0.0482270744424245,5
2022-04-01,AMZN,0,0.16517900363756813,5
2022-04-01,GOOGL,0,0.6772363858157975,5
2022-04-01,INTC,0,0.7728750062997954,5
2022-04-01,MSFT,0,0.5768608645789078,5
2022-04-01,NVDA,0,0.3048604991573572,5
2022-04-01,PFE,1,0.8370483076342964,5
2022-04-01,PYPL,1,0.684055289421347,5
2022-04-01,ZM,1,0.7116660744521548,5
2022-04-04,AAPL,0,0.030141709439950596,5
2022-04-04,AMZN,0,0.13897743812553,5
2022-04-04,GOOGL,0,0.4507570501151777,5
2022-04-04,INTC,0,0.7495858463478723,5
2022-04-04,MSFT,0,0.48786120605882616,5
2022-04-04,NVDA,0,0.24380066419231294,5
2022-04-04,PFE,1,0.7099801624533527,5
2022-04-04,PYPL,0,0.7395464365837034,5
2022-04-04,ZM,0,0.6934155054674874,5
2022-04-05,AAPL,0,0.32859375536742663,5
2022-04-05,AMZN,0,0.5505390997212914,5
2022-04-05,GOOGL,0,0.4198243700395162,5
2022-04-05,INTC,0,0.7718647248828417,5
2022-04-05,MSFT,0,0.5905137720018808,5
2022-04-05,NVDA,0,0.529232158385195,5
2022-04-05,PFE,1,0.6282954592984702,5
2022-04-05,PYPL,0,0.7044250627558889,5
2022-04-05,ZM,0,0.5776777003963792,5
2022-04-06,AAPL,0,0.295591370136924,5
2022-04-06,AMZN,0,0.8164569686317326,5
2022-04-06,GOOGL,0,0.7964569786202212,5
2022-04-06,INTC,0,0.7049119609132972,5
2022-04-06,MSFT,0,0.4118168825331195,5
2022-04-06,NVDA,0,0.4469799904953233,5
2022-04-06,PFE,1,0.725351193198759,5
2022-04-06,PYPL,0,0.6648684975923647,5
2022-04-06,ZM,0,0.8094694567435893,5
2022-04-07,AAPL,0,0.40972415578060617,5
2022-04-07,AMZN,0,0.5136288702297588,5
2022-04-07,GOOGL,0,0.48086307332864847,5
2022-04-07,INTC,0,0.4869528535850324,5
2022-04-07,MSFT,0,0.5345729994353491,5
2022-04-07,NVDA,0,0.22319618919237785,5
2022-04-07,PFE,0,0.6181227076323336,5
2022-04-07,PYPL,0,0.413356337505869,5
2022-04-07,ZM,0,0.5146831134576991,5
2022-04-08,AAPL,0,0.3130698725014044,5
2022-04-08,AMZN,0,0.3529569483670777,5
2022-04-08,GOOGL,0,0.5442940242947085,5
2022-04-08,INTC,0,0.6739910323324273,5
2022-04-08,MSFT,0,0.47591440825316306,5
2022-04-08,NVDA,0,0.3339079464122657,5
2022-04-08,PFE,0,0.6422835096820882,5
2022-04-08,PYPL,0,0.6382668596354703,5
2022-04-08,ZM,0,0.7408486769031246,5
2022-04-11,AAPL,0,0.3645125217119697,5
2022-04-11,AMZN,0,0.37175248499957775,5
2022-04-11,GOOGL,0,0.571632918123885,5
2022-04-11,INTC,0,0.8634628145885016,5
2022-04-11,MSFT,0,0.3161918931319337,5
2022-04-11,NVDA,0,0.5067016948414973,5
2022-04-11,PFE,0,0.8141715285409756,5
2022-04-11,PYPL,0,0.5282255516859318,5
2022-04-11,ZM,0,0.49746665392839273,5
2022-04-12,AAPL,0,0.392044140611274,5
2022-04-12,AMZN,1,0.16437149214015023,5
2022-04-12,GOOGL,0,0.23868297208396153,5
2022-04-12,INTC,1,0.6560854886447062,5
2022-04-12,MSFT,0,0.4958354691778969,5
2022-04-12,NVDA,1,0.34893086357592146,5
2022-04-12,PFE,0,0.7799968162620448,5
2022-04-12,PYPL,0,0.5555506682833339,5
2022-04-12,ZM,1,0.5831899341938872,5
2022-04-13,AAPL,0,0.3421721492239865,5
2022-04-13,AMZN,0,0.22578362452167688,5
2022-04-13,GOOGL,0,0.23148341211803858,5
2022-04-13,INTC,0,0.6439401318047461,5
2022-04-13,MSFT,0,0.5157908884006251,5
2022-04-13,NVDA,0,0.4640745280804955,5
2022-04-13,PFE,0,0.7288794786630742,5
2022-04-13,PYPL,0,0.505346012504669,5
2022-04-13,ZM,0,0.22805571631717197,5
2022-04-14,AAPL,0,0.35033637995643496,5
2022-04-14,AMZN,0,0.23887721653598198,5
2022-04-14,GOOGL,0,0.42716681260976364,5
2022-04-14,INTC,1,0.5748399139661443,5
2022-04-14,MSFT,0,0.489385016548925,5
2022-04-14,NVDA,1,0.32380711450496386,5
2022-04-14,PFE,0,0.7143483618391412,5
2022-04-14,PYPL,0,0.5001474353188229,5
2022-04-14,ZM,0,0.573109417143762,5
2022-04-18,AAPL,0,0.2631362742259153,5
2022-04-18,AMZN,0,0.31141262288572935,5
2022-04-18,GOOGL,0,0.3123386669702405,5
2022-04-18,INTC,0,0.7266496966471883,5
2022-04-18,MSFT,0,0.4550981265017805,5
2022-04-18,NVDA,0,0.309306039115301,5
2022-04-18,PFE,0,0.8528692444983602,5
2022-04-18,PYPL,0,0.44951468464275585,5
2022-04-18,ZM,1,0.5362985724146536,5
2022-04-19,AAPL,0,0.2529792488704407,5
2022-04-19,AMZN,0,0.15382891002051996,5
2022-04-19,GOOGL,0,0.24427791059247944,5
2022-04-19,INTC,0,0.6846043307555341,5
2022-04-19,MSFT,0,0.22493070335482884,5
2022-04-19,NVDA,0,0.3315592327325389,5
2022-04-19,PFE,0,0.7929019994148762,5
2022-04-19,PYPL,0,0.37697004677360585,5
2022-04-19,ZM,0,0.10359750519960409,5
2022-04-20,AAPL,0,0.24091267368605154,5
2022-04-20,AMZN,0,0.43036698514439253,5
2022-04-20,GOOGL,0,0.3938432789680552,5
2022-04-20,INTC,0,0.4673552065163416,5
2022-04-20,MSFT,0,0.22741550027019058,5
2022-04-20,NVDA,0,0.6182092713856896,5
2022-04-20,PFE,0,0.7704432368624151,5
2022-04-20,PYPL,0,0.6243908018696566,5
2022-04-20,ZM,0,0.5738919893946207,5
2022-04-21,AAPL,0,0.28125006704157274,5
2022-04-21,AMZN,0,0.5134889680163869,5
2022-04-21,GOOGL,0,0.6522343932514637,5
2022-04-21,INTC,0,0.808022612837541,5
2022-04-21,MSFT,0,0.30109245583169203,5
2022-04-21,NVDA,0,0.760430928762382,5
2022-04-21,PFE,0,0.7999685165093203,5
2022-04-21,PYPL,0,0.6096005820580642,5
2022-04-21,ZM,0,0.6190408722233892,5
2022-04-22,AAPL,0,0.43145060732556484,5
2022-04-22,AMZN,0,0.8614554215245532,5
2022-04-22,GOOGL,0,0.6427593701850947,5
2022-04-22,INTC,0,0.755359850647372,5
2022-04-22,MSFT,1,0.36425241642426215,5
2022-04-22,NVDA,0,0.740973360803533,5
2022-04-22,PFE,1,0.5705114706769469,5
2022-04-22,PYPL,0,0.6566615277723961,5
2022-04-22,ZM,0,0.3893651779744496,5
2022-04-25,AAPL,0,0.24602663852031356,5
2022-04-25,AMZN,0,0.3858055749240706,5
2022-04-25,GOOGL,0,0.28887574836874996,5
2022-04-25,INTC,0,0.6654966461972757,5
2022-04-25,MSFT,0,0.2946342621977449,5
2022-04-25,NVDA,0,0.5811273680422605,5
2022-04-25,PFE,0,0.6654809594722265,5
2022-04-25,PYPL,0,0.6423810248607976,5
2022-04-25,ZM,0,0.5567650101115402,5
2022-04-26,AAPL,1,0.35581549384499916,5
2022-04-26,AMZN,0,0.8206428317562164,5
2022-04-26,GOOGL,0,0.6205606295260324,5
2022-04-26,INTC,0,0.8039959952523694,5
2022-04-26,MSFT,1,0.29299840793920184,5
2022-04-26,NVDA,1,0.7795389777208389,5
2022-04-26,PFE,0,0.7279775631799043,5
2022-04-26,PYPL,1,0.8266764565655843,5
2022-04-26,ZM,1,0.5991252013194913,5
2022-04-27,AAPL,1,0.4652375336317913,5
2022-04-27,AMZN,1,0.577257483601308,5
2022-04-27,GOOGL,1,0.33165545073311153,5
2022-04-27,INTC,0,0.6645814451108745,5
2022-04-27,MSFT,0,0.22492146320049106,5
2022-04-27,NVDA,1,0.7532604442990185,5
2022-04-27,PFE,0,0.5453070021601115,5
2022-04-27,PYPL,1,0.8276336936489634,5
2022-04-27,ZM,1,0.419673630991203,5
2022-04-28,AAPL,0,0.2655284176486846,5
2022-04-28,AMZN,0,0.5329576293620045,5
2022-04-28,GOOGL,0,0.2999457088784811,5
2022-04-28,INTC,0,0.6198418637807838,5
2022-04-28,MSFT,0,0.26811142772887037,5
2022-04-28,NVDA,0,0.5433082180096688,5
2022-04-28,PFE,0,0.7037569698963017,5
2022-04-28,PYPL,0,0.23007643130207742,5
2022-04-28,ZM,0,0.29399680279027357,5
2022-04-29,AAPL,0,0.3341331925407924,5
2022-04-29,AMZN,0,0.3822003754124083,5
2022-04-29,GOOGL,0,0.10228998829218067,5
2022-04-29,INTC,0,0.14153003264827332,5
2022-04-29,MSFT,0,0.03179624693067537,5
2022-04-29,NVDA,1,0.25845184792163073,5
2022-04-29,PFE,1,0.2972880765454858,5
2022-04-29,PYPL,0,0.14503013421898517,5
2022-04-29,ZM,1,0.10101451697362841,5
2022-05-02,AAPL,0,0.03836483278152783,5
2022-05-02,AMZN,0,0.4184860932853568,5
2022-05-02,GOOGL,0,0.028307238672423636,5
2022-05-02,INTC,0,0.19668080238190147,5
2022-05-02,MSFT,0,0.13793561729516718,5
2022-05-02,NVDA,0,0.10990460947728008,5
2022-05-02,PFE,1,0.3493445182760871,5
2022-05-02,PYPL,0,0.07150337994003154,5
2022-05-02,ZM,0,0.06274779203506686,5
2022-05-03,AAPL,0,0.02856836431793432,5
2022-05-03,AMZN,0,0.23775428230012763,5
2022-05-03,GOOGL,0,0.03515175471383594,5
2022-05-03,INTC,0,0.18590664432406787,5
2022-05-03,MSFT,0,0.030582350459518577,5
2022-05-03,NVDA,0,0.20544623978024404,5
2022-05-03,PFE,1,0.3800874869904549,5
2022-05-03,PYPL,0,0.374993582905432,5
2022-05-03,ZM,0,0.5493859890289902,5
2022-05-04,AAPL,0,0.17279024124379627,5
2022-05-04,AMZN,0,0.6540950255894132,5
2022-05-04,GOOGL,0,0.3215954881583137,5
2022-05-04,INTC,0,0.43178232392523025,5
2022-05-04,MSFT,0,0.20466159337197676,5
2022-05-04,NVDA,0,0.2917510622561447,5
2022-05-04,PFE,0,0.5310655135374797,5
2022-05-04,PYPL,0,0.43338890155668097,5
2022-05-04,ZM,0,0.19361410203493987,5
2022-05-05,AAPL,0,0.5004848616221956,5
2022-05-05,AMZN,0,0.3730177714565121,5
2022-05-05,GOOGL,0,0.09318252739994323,5
2022-05-05,INTC,0,0.3022637848060622,5
2022-05-05,MSFT,0,0.03379252310164598,5
2022-05-05,NVDA,0,0.14191953834573193,5
2022-05-05,PFE,1,0.33859131640275536,5
2022-05-05,PYPL,0,0.2335000034140957,5
2022-05-05,ZM,0,0.11244818098352895,5
2022-05-06,AAPL,0,0.06038727896695949,5
2022-05-06,AMZN,0,0.24430572033147424,5
2022-05-06,GOOGL,0,0.0312199481000244,5
2022-05-06,INTC,0,0.23012109017199175,5
2022-05-06,MSFT,0,0.24585443252348577,5
2022-05-06,NVDA,0,0.1687478088635894,5
2022-05-06,PFE,1,0.25011106791720844,5
2022-05-06,PYPL,0,0.20136995984280445,5
2022-05-06,ZM,0,0.1450693951430643,5
2022-05-09,AAPL,0,0.07827545792985528,5
2022-05-09,AMZN,0,0.4474425392353064,5
2022-05-09,GOOGL,0,0.2337692179344011,5
2022-05-09,INTC,0,0.2751410803977296,5
2022-05-09,MSFT,0,0.29492338534578305,5
2022-05-09,NVDA,0,0.3231096372029617,5
2022-05-09,PFE,1,0.5086405277698394,5
2022-05-09,PYPL,0,0.22529786237747898,5
2022-05-09,ZM,0,0.3283265301849992,5
2022-05-10,AAPL,0,0.1601053082848497,5
2022-05-10,AMZN,0,0.6702551302162643,5
2022-05-10,GOOGL,0,0.1929861898935716,5
2022-05-10,INTC,0,0.3763693728780296,5
2022-05-10,MSFT,0,0.4090446869388233,5
2022-05-10,NVDA,0,0.34274494408262784,5
2022-05-10,PFE,1,0.6269887886682465,5
2022-05-10,PYPL,0,0.3697716955573594,5
2022-05-10,ZM,0,0.3530880088568493,5
2022-05-11,AAPL,0,0.6437277150082868,5
2022-05-11,AMZN,1,0.9125983033515085,5
2022-05-11,GOOGL,0,0.32951576737595206,5
2022-05-11,INTC,0,0.5767408094007697,5
2022-05-11,MSFT,0,0.5336403802446639,5
2022-05-11,NVDA,0,0.5018792659613985,5
2022-05-11,PFE,1,0.5647959196300276,5
2022-05-11,PYPL,0,0.5470446438705612,5
2022-05-11,ZM,0,0.6585984796400076,5
2022-05-12,AAPL,0,0.7593488818808476,5
2022-05-12,AMZN,1,0.8228444112476746,5
2022-05-12,GOOGL,0,0.2704810529075488,5
2022-05-12,INTC,0,0.41942470252473213,5
2022-05-12,MSFT,1,0.6736530600253283,5
2022-05-12,NVDA,1,0.4369438464199466,5
2022-05-12,PFE,1,0.4025748668241625,5
2022-05-12,PYPL,1,0.3513436490066941,5
2022-05-12,ZM,1,0.505703134680368,5
2022-05-13,AAPL,0,0.49981068841007054,5
2022-05-13,AMZN,0,0.4188341571895343,5
2022-05-13,GOOGL,0,0.23195502768980128,5
2022-05-13,INTC,0,0.38852332798497363,5
2022-05-13,MSFT,0,0.44108208343799726,5
2022-05-13,NVDA,0,0.22220375991149505,5
2022-05-13,PFE,1,0.6823980144940839,5
2022-05-13,PYPL,1,0.1244599739647109,5
2022-05-13,ZM,0,0.11786551136289786,5
2022-05-16,AAPL,0,0.2579757236008634,5
2022-05-16,AMZN,0,0.21460108063095998,5
2022-05-16,GOOGL,0,0.07250651254375995,5
2022-05-16,INTC,0,0.28586853145215974,5
2022-05-16,MSFT,0,0.2394101629181156,5
2022-05-16,NVDA,0,0.1738890458994324,5
2022-05-16,PFE,1,0.3486748379503588,5
2022-05-16,PYPL,1,0.15540783105885642,5
2022-05-16,ZM,0,0.3082461736903658,5
2022-05-17,AAPL,0,0.28529523070277557,5
2022-05-17,AMZN,0,0.14424384691688902,5
2022-05-17,GOOGL,0,0.12226771151691666,5
2022-05-17,INTC,0,0.3540934416370732,5
2022-05-17,MSFT,0,0.13932197031703014,5
2022-05-17,NVDA,0,0.145525316622105,5
2022-05-17,PFE,0,0.3513525298987528,5
2022-05-17,PYPL,1,0.20899466931755134,5
2022-05-17,ZM,0,0.3770822580211113,5
2022-05-18,AAPL,0,0.312153911705993,5
2022-05-18,AMZN,0,0.14849327121793535,5
2022-05-18,GOOGL,0,0.10045950063851918,5
2022-05-18,INTC,0,0.3751740110485302,5
2022-05-18,MSFT,1,0.18440780703454498,5
2022-05-18,NVDA,0,0.17134920086522828,5
2022-05-18,PFE,1,0.545768007029753,5
2022-05-18,PYPL,1,0.12043022971938772,5
2022-05-18,ZM,1,0.2368610100000512,5
2022-05-19,AAPL,1,0.23636882533509626,5
2022-05-19,AMZN,0,0.11074177247245649,5
2022-05-19,GOOGL,0,0.10560344176428306,5
2022-05-19,INTC,0,0.4298585009095983,5
2022-05-19,MSFT,1,0.04997605332540635,5
2022-05-19,NVDA,0,0.1780532992945176,5
2022-05-19,PFE,1,0.4237001247394919,5
2022-05-19,PYPL,0,0.05119574200711974,5
2022-05-19,ZM,0,0.11395867868876479,5
2022-05-20,AAPL,1,0.2294834093392041,5
2022-05-20,AMZN,0,0.1252307718310243,5
2022-05-20,GOOGL,0,0.07780147625692319,5
2022-05-20,INTC,1,0.5062045931997516,5
2022-05-20,MSFT,1,0.17772197761571634,5
2022-05-20,NVDA,0,0.35886000709333987,5
2022-05-20,PFE,0,0.5875311707674024,5
2022-05-20,PYPL,0,0.24088592022652916,5
2022-05-20,ZM,0,0.5664137759826801,5
2022-05-23,AAPL,0,0.488933235899271,5
2022-05-23,AMZN,0,0.28619046686131283,5
2022-05-23,GOOGL,0,0.2914093498612104,5
2022-05-23,INTC,0,0.6277439907153582,5
2022-05-23,MSFT,0,0.19891941881001127,5
2022-05-23,NVDA,0,0.2722679220733164,5
2022-05-23,PFE,0,0.4476859948037289,5
2022-05-23,PYPL,0,0.2662521991180853,5
2022-05-23,ZM,1,0.4133964708404273,5
2022-05-24,AAPL,1,0.7341561664450732,5
2022-05-24,AMZN,1,0.6718340780896592,5
2022-05-24,GOOGL,1,0.6955825195046121,5
2022-05-24,INTC,1,0.6094166789638107,5
2022-05-24,MSFT,1,0.34412689710535255,5
2022-05-24,NVDA,1,0.7264717609993251,5
2022-05-24,PFE,0,0.40674457976452794,5
2022-05-24,PYPL,1,0.6555292592692961,5
2022-05-24,ZM,1,0.15498006901814493,5
2022-05-25,AAPL,1,0.4647032721564967,5
2022-05-25,AMZN,1,0.32393079014667797,5
2022-05-25,GOOGL,1,0.37363483861704694,5
2022-05-25,INTC,0,0.5636912769419693,5
2022-05-25,MSFT,0,0.30175408817808574,5
2022-05-25,NVDA,0,0.25109104286148864,5
2022-05-25,PFE,0,0.12093002130468083,5
2022-05-25,PYPL,1,0.3918455274726813,5
2022-05-25,ZM,1,0.36022432610080213,5
2022-05-26,AAPL,0,0.40109364752373666,5
2022-05-26,AMZN,1,0.7012986205985187,5
2022-05-26,GOOGL,1,0.20801620970308787,5
2022-05-26,INTC,0,0.5757496506098586,5
2022-05-26,MSFT,0,0.2543695445341008,5
2022-05-26,NVDA,1,0.2278814249365058,5
2022-05-26,PFE,0,0.1232573638543903,5
2022-05-26,PYPL,1,0.3979797284974778,5
2022-05-26,ZM,1,0.5684551493759342,5
2022-05-27,AAPL,0,0.6395936446676651,5
2022-05-27,AMZN,1,0.6523641230671311,5
2022-05-27,GOOGL,0,0.37666918233434626,5
2022-05-27,INTC,0,0.5205080862086435,5
2022-05-27,MSFT,0,0.4725772116402777,5
2022-05-27,NVDA,0,0.2378849551263763,5
2022-05-27,PFE,0,0.1702304972751691,5
2022-05-27,PYPL,0,0.27163912848822314,5
2022-05-27,ZM,0,0.5539159501437436,5
2022-05-31,AAPL,0,0.5634377569688421,5
2022-05-31,AMZN,1,0.5302970880987594,5
2022-05-31,GOOGL,0,0.28486862268562596,5
2022-05-31,INTC,0,0.5128401905132922,5
2022-05-31,MSFT,0,0.18200030184908805,5
2022-05-31,NVDA,0,0.3088496132493261,5
2022-05-31,PFE,0,0.5979449848719849,5
2022-05-31,PYPL,0,0.38595948713267847,5
2022-05-31,ZM,1,0.8451392937840868,5
2022-06-01,AAPL,0,0.5348713544363747,5
2022-06-01,AMZN,0,0.561042708853876,5
2022-06-01,GOOGL,0,0.34961739241083206,5
2022-06-01,INTC,0,0.7272475625657414,5
2022-06-01,MSFT,0,0.3545231116142098,5
2022-06-01,NVDA,1,0.23111496468186007,5
2022-06-01,PFE,0,0.5131864750411618,5
2022-06-01,PYPL,1,0.5950649049301785,5
2022-06-01,ZM,1,0.62593415230778,5
2022-06-02,AAPL,0,0.23015779361651498,5
2022-06-02,AMZN,0,0.7121505115427391,5
2022-06-02,GOOGL,0,0.4096256687332426,5
2022-06-02,INTC,0,0.6157983188066798,5
2022-06-02,MSFT,0,0.5908509157632242,5
2022-06-02,NVDA,0,0.3189123909390087,5
2022-06-02,PFE,0,0.3653917128710462,5
2022-06-02,PYPL,0,0.4975280964386551,5
2022-06-02,ZM,0,0.7305140102113907,5
2022-06-03,AAPL,0,0.6947783943593433,5
2022-06-03,AMZN,0,0.5957385146430559,5
2022-06-03,GOOGL,0,0.6389709632943604,5
2022-06-03,INTC,0,0.8651280122496414,5
2022-06-03,MSFT,0,0.48763010238173593,5
2022-06-03,NVDA,0,0.4693558139190996,5
2022-06-03,PFE,0,0.4266911366740686,5
2022-06-03,PYPL,0,0.5307870450481764,5
2022-06-03,ZM,1,0.8133999219024058,5
2022-06-06,AAPL,0,0.4019126650962177,5
2022-06-06,AMZN,0,0.7856136017958532,5
2022-06-06,GOOGL,0,0.3364218811906259,5
2022-06-06,INTC,0,0.5991347457167018,5
2022-06-06,MSFT,0,0.35228256652586426,5
2022-06-06,NVDA,0,0.1762098174177622,5
2022-06-06,PFE,0,0.44835881424875856,5
2022-06-06,PYPL,0,0.5665006142147023,5
2022-06-06,ZM,0,0.7810271473308902,5
2022-06-07,AAPL,0,0.3020040186253118,5
2022-06-07,AMZN,0,0.6941539951879768,5
2022-06-07,GOOGL,0,0.4376600239941125,5
2022-06-07,INTC,0,0.6886420586166133,5
2022-06-07,MSFT,0,0.41255092952691813,5
2022-06-07,NVDA,0,0.23986136340433206,5
2022-06-07,PFE,0,0.5538270431421073,5
2022-06-07,PYPL,0,0.47675369045269694,5
2022-06-07,ZM,0,0.655775219195318,5
2022-06-08,AAPL,0,0.30973688123143023,5
2022-06-08,AMZN,0,0.7671271341849477,5
2022-06-08,GOOGL,0,0.37797552830286807,5
2022-06-08,INTC,0,0.8585106025359092,5
2022-06-08,MSFT,0,0.5964816723310927,5
2022-06-08,NVDA,0,0.3691827363648333,5
2022-06-08,PFE,0,0.6411300437372367,5
2022-06-08,PYPL,0,0.49150611975953973,5
2022-06-08,ZM,0,0.7147815515800875,5
2022-06-09,AAPL,0,0.5324688961383409,5
2022-06-09,AMZN,0,0.6293522091187006,5
2022-06-09,GOOGL,0,0.3920892490733078,5
2022-06-09,INTC,0,0.5777840361714649,5
2022-06-09,MSFT,0,0.49929271870018976,5
2022-06-09,NVDA,0,0.25331912610126817,5
2022-06-09,PFE,0,0.8286883816042866,5
2022-06-09,PYPL,0,0.46180276971011663,5
2022-06-09,ZM,0,0.799897299299502,5
2022-06-10,AAPL,0,0.5492438399538224,5
2022-06-10,AMZN,0,0.725069849738103,5
2022-06-10,GOOGL,0,0.7161452492205895,5
2022-06-10,INTC,0,0.7772533141079279,5
2022-06-10,MSFT,0,0.26256255669828066,5
2022-06-10,NVDA,0,0.32429492055233533,5
2022-06-10,PFE,0,0.7686156218577268,5
2022-06-10,PYPL,0,0.54516612380416,5
2022-06-10,ZM,0,0.654687688767511,5
2022-06-13,AAPL,1,0.5081806492999498,5
2022-06-13,AMZN,1,0.731068925924194,5
2022-06-13,GOOGL,1,0.5852636721337849,5
2022-06-13,INTC,0,0.7466491637826432,5
2022-06-13,MSFT,1,0.20052791932562455,5
2022-06-13,NVDA,1,0.30271666576057676,5
2022-06-13,PFE,0,0.7752640050518556,5
2022-06-13,PYPL,0,0.5759906860578897,5
2022-06-13,ZM,1,0.8492642730629101,5
2022-06-14,AAPL,1,0.329194324384716,5
2022-06-14,AMZN,1,0.7331916465015913,5
2022-06-14,GOOGL,1,0.4269723131031864,5
2022-06-14,INTC,0,0.5792951341502114,5
2022-06-14,MSFT,1,0.4561327810771521,5
2022-06-14,NVDA,1,0.27164659949588166,5
2022-06-14,PFE,0,0.4583024350697965,5
2022-06-14,PYPL,1,0.5235734689735986,5
2022-06-14,ZM,1,0.6023641269538736,5
2022-06-15,AAPL,0,0.41682650732002674,5
2022-06-15,AMZN,0,0.5595892876902462,5
2022-06-15,GOOGL,0,0.4878575756730171,5
2022-06-15,INTC,0,0.5779762739722414,5
2022-06-15,MSFT,0,0.5565378381107228,5
2022-06-15,NVDA,0,0.4369158963988005,5
2022-06-15,PFE,0,0.519078795172,5
2022-06-15,PYPL,0,0.4336779931129318,5
2022-06-15,ZM,0,0.44680134089560763,5
2022-06-16,AAPL,1,0.7575399897615126,5
2022-06-16,AMZN,1,0.8356255198184004,5
2022-06-16,GOOGL,1,0.7735170966841081,5
2022-06-16,INTC,0,0.733028613275181,5
2022-06-16,MSFT,1,0.5345400891882095,5
2022-06-16,NVDA,1,0.5387930088990468,5
2022-06-16,PFE,1,0.7756510520065784,5
2022-06-16,PYPL,1,0.6938445560013594,5
2022-06-16,ZM,1,0.5711102940585919,5
2022-06-17,AAPL,1,0.33705369305391664,5
2022-06-17,AMZN,1,0.5246124881180376,5
2022-06-17,GOOGL,1,0.2922027847579946,5
2022-06-17,INTC,0,0.6873618870943291,5
2022-06-17,MSFT,1,0.5746638517813536,5
2022-06-17,NVDA,1,0.41276920388413274,5
2022-06-17,PFE,1,0.7308608137525076,5
2022-06-17,PYPL,1,0.36206357294637875,5
2022-06-17,ZM,1,0.4182072190290386,5
2022-06-21,AAPL,1,0.18818350549495805,5
2022-06-21,AMZN,1,0.5269615513494383,5
2022-06-21,GOOGL,0,0.3780666745294284,5
2022-06-21,INTC,0,0.4442817835981594,5
2022-06-21,MSFT,0,0.34157905591237103,5
2022-06-21,NVDA,0,0.40198961809335154,5
2022-06-21,PFE,1,0.5552572641134448,5
2022-06-21,PYPL,1,0.41665000335266145,5
2022-06-21,ZM,1,0.567458093325393,5
2022-06-22,AAPL,1,0.46886275401513283,5
2022-06-22,AMZN,1,0.6747402186222081,5
2022-06-22,GOOGL,0,0.3724555224333377,5
2022-06-22,INTC,0,0.5857957954216443,5
2022-06-22,MSFT,0,0.41748744513480796,5
2022-06-22,NVDA,0,0.43989380616364265,5
2022-06-22,PFE,1,0.7274254859109088,5
2022-06-22,PYPL,1,0.5174704602744848,5
2022-06-22,ZM,0,0.5351543333648131,5
2022-06-23,AAPL,0,0.29254724001086674,5
2022-06-23,AMZN,0,0.5089116037694366,5
2022-06-23,GOOGL,0,0.3762185870397107,5
2022-06-23,INTC,0,0.4841131110904191,5
2022-06-23,MSFT,0,0.5011761199425862,5
2022-06-23,NVDA,1,0.6206323425318537,5
2022-06-23,PFE,1,0.72152021023884,5
2022-06-23,PYPL,1,0.6010873014854657,5
2022-06-23,ZM,0,0.4720206940180345,5
2022-06-24,AAPL,0,0.47968353376596307,5
2022-06-24,AMZN,0,0.7082782605743178,5
2022-06-24,GOOGL,0,0.34781810456034823,5
2022-06-24,INTC,0,0.5077904167740183,5
2022-06-24,MSFT,0,0.5630836771936354,5
2022-06-24,NVDA,0,0.3273999905589959,5
2022-06-24,PFE,0,0.6756594100041475,5
2022-06-24,PYPL,0,0.18903081759551707,5
2022-06-24,ZM,0,0.5007886999819424,5
2022-06-27,AAPL,0,0.515211939487267,5
2022-06-27,AMZN,0,0.7300608299665642,5
2022-06-27,GOOGL,0,0.37757526506829364,5
2022-06-27,INTC,0,0.42100377287362867,5
2022-06-27,MSFT,0,0.5815498985093127,5
2022-06-27,NVDA,0,0.41558075611374357,5
2022-06-27,PFE,0,0.7259834339077924,5
2022-06-27,PYPL,0,0.6453733321441093,5
2022-06-27,ZM,0,0.6093012675907995,5
2022-06-28,AAPL,1,0.7321180957499338,5
2022-06-28,AMZN,0,0.7082312111678797,5
2022-06-28,GOOGL,0,0.7298669176127488,5
2022-06-28,INTC,0,0.6191944419624542,5
2022-06-28,MSFT,0,0.3715284313224371,5
2022-06-28,NVDA,0,0.61575484580585,5
2022-06-28,PFE,1,0.8520975985578476,5
2022-06-28,PYPL,0,0.7174055847755332,5
2022-06-28,ZM,0,0.6695868798617541,5
2022-06-29,AAPL,0,0.5089336334988599,5
2022-06-29,AMZN,0,0.7488853013489208,5
2022-06-29,GOOGL,0,0.49458010964491456,5
2022-06-29,INTC,0,0.6646493698478632,5
2022-06-29,MSFT,0,0.5532161702018268,5
2022-06-29,NVDA,0,0.5292131018899099,5
2022-06-29,PFE,0,0.6561089864887789,5
2022-06-29,PYPL,0,0.37599669126157714,5
2022-06-29,ZM,0,0.5417334285398663,5
2022-06-30,AAPL,1,0.6300736530691853,5
2022-06-30,AMZN,1,0.7051489700247703,5
2022-06-30,GOOGL,0,0.5812975148789037,5
2022-06-30,INTC,0,0.3842630046585656,5
2022-06-30,MSFT,0,0.597382258679215,5
2022-06-30,NVDA,0,0.5090979959871103,5
2022-06-30,PFE,0,0.6726936587720622,5
2022-06-30,PYPL,1,0.566567727410612,5
2022-06-30,ZM,1,0.7462170782927084,5
2022-07-01,AAPL,1,0.2742533103934368,6
2022-07-01,AMZN,0,0.6270046265430963,6
2022-07-01,GOOGL,1,0.6162726093375941,6
2022-07-01,INTC,1,0.34364623325644733,6
2022-07-01,MSFT,0,0.6176764027771152,6
2022-07-01,NVDA,0,0.39855684841645694,6
2022-07-01,PFE,0,0.6585055992295036,6
2022-07-01,PYPL,0,0.45704462350570646,6
2022-07-01,ZM,1,0.46043571083095797,6
2022-07-05,AAPL,1,0.1818925814167569,6
2022-07-05,AMZN,0,0.6361227405360919,6
2022-07-05,GOOGL,0,0.46203242550730966,6
2022-07-05,INTC,1,0.6276592095636422,6
2022-07-05,MSFT,0,0.7212679943883942,6
2022-07-05,NVDA,1,0.40570947229358595,6
2022-07-05,PFE,0,0.24807742150314996,6
2022-07-05,PYPL,0,0.7302546031153132,6
2022-07-05,ZM,0,0.22079897180294056,6
2022-07-06,AAPL,1,0.1766302862431749,6
2022-07-06,AMZN,0,0.40088904378553175,6
2022-07-06,GOOGL,0,0.5012614135327127,6
2022-07-06,INTC,1,0.5432986474001881,6
2022-07-06,MSFT,0,0.6812626406474732,6
2022-07-06,NVDA,1,0.404245345709867,6
2022-07-06,PFE,0,0.1973713514110365,6
2022-07-06,PYPL,0,0.634647516257869,6
2022-07-06,ZM,1,0.5779810509695025,6
2022-07-07,AAPL,0,0.20148348654307122,6
2022-07-07,AMZN,0,0.4386631848299472,6
2022-07-07,GOOGL,0,0.49136842188099494,6
2022-07-07,INTC,0,0.5936768367284974,6
2022-07-07,MSFT,0,0.6172667828611861,6
2022-07-07,NVDA,0,0.39715596607412174,6
2022-07-07,PFE,0,0.3764427204484488,6
2022-07-07,PYPL,0,0.6193596802093402,6
2022-07-07,ZM,0,0.5431392997258639,6
2022-07-08,AAPL,0,0.35557376785365896,6
2022-07-08,AMZN,0,0.6017779399088374,6
2022-07-08,GOOGL,0,0.5278152900289034,6
2022-07-08,INTC,0,0.38800853064650315,6
2022-07-08,MSFT,0,0.7402044383947186,6
2022-07-08,NVDA,0,0.37749483332045686,6
2022-07-08,PFE,0,0.35293413205052687,6
2022-07-08,PYPL,0,0.4980375372237191,6
2022-07-08,ZM,0,0.36594954513416805,6
2022-07-11,AAPL,1,0.18681281187103427,6
2022-07-11,AMZN,0,0.5613889249994796,6
2022-07-11,GOOGL,0,0.5448678150549497,6
2022-07-11,INTC,1,0.4027130869895597,6
2022-07-11,MSFT,0,0.6738442917522659,6
2022-07-11,NVDA,0,0.29764956854012214,6
2022-07-11,PFE,0,0.3238205008432739,6
2022-07-11,PYPL,0,0.40071991470117124,6
2022-07-11,ZM,0,0.5068498571231765,6
2022-07-12,AAPL,1,0.25131026927154787,6
2022-07-12,AMZN,0,0.5309086876026918,6
2022-07-12,GOOGL,0,0.31204752254478646,6
2022-07-12,INTC,1,0.6167494355373799,6
2022-07-12,MSFT,0,0.5946143541204976,6
2022-07-12,NVDA,0,0.6203097994850559,6
2022-07-12,PFE,0,0.12244382517382545,6
2022-07-12,PYPL,0,0.5522576069809599,6
2022-07-12,ZM,0,0.6366092922245202,6
2022-07-13,AAPL,1,0.22239405365177312,6
2022-07-13,AMZN,1,0.549300389772778,6
2022-07-13,GOOGL,0,0.45890841267086585,6
2022-07-13,INTC,1,0.3278942462532411,6
2022-07-13,MSFT,0,0.6147161366843678,6
2022-07-13,NVDA,0,0.3823492738835108,6
2022-07-13,PFE,0,0.5455377688326267,6
2022-07-13,PYPL,0,0.5578392543026516,6
2022-07-13,ZM,0,0.2256385482926246,6
2022-07-14,AAPL,1,0.09287688748110932,6
2022-07-14,AMZN,1,0.41617350585977225,6
2022-07-14,GOOGL,0,0.31583630783319816,6
2022-07-14,INTC,1,0.4998926897098702,6
2022-07-14,MSFT,1,0.509590414396082,6
2022-07-14,NVDA,1,0.29770404585916965,6
2022-07-14,PFE,0,0.5475581613827604,6
2022-07-14,PYPL,1,0.6163080528045923,6
2022-07-14,ZM,1,0.47402526415859053,6
2022-07-15,AAPL,1,0.20166032635781322,6
2022-07-15,AMZN,1,0.37759795441852184,6
2022-07-15,GOOGL,0,0.31612781329095,6
2022-07-15,INTC,1,0.49892384771760223,6
2022-07-15,MSFT,0,0.5153662736612267,6
2022-07-15,NVDA,1,0.3469040390322878,6
2022-07-15,PFE,0,0.7183177914386722,6
2022-07-15,PYPL,1,0.2241525062614593,6
2022-07-15,ZM,1,0.5022185564945156,6
2022-07-18,AAPL,1,0.18410916476678166,6
2022-07-18,AMZN,1,0.47398519559509994,6
2022-07-18,GOOGL,1,0.4528238298961446,6
2022-07-18,INTC,1,0.521956499376512,6
2022-07-18,MSFT,1,0.4270818692977916,6
2022-07-18,NVDA,1,0.2583851429390654,6
2022-07-18,PFE,0,0.628401790005252,6
2022-07-18,PYPL,1,0.7363317717059583,6
2022-07-18,ZM,1,0.43033050382249366,6
2022-07-19,AAPL,1,0.2178169835834628,6
2022-07-19,AMZN,1,0.23494362161064292,6
2022-07-19,GOOGL,0,0.522298852854345,6
2022-07-19,INTC,0,0.343712663838988,6
2022-07-19,MSFT,0,0.3380780331629305,6
2022-07-19,NVDA,1,0.16035856534976453,6
2022-07-19,PFE,0,0.6020017095374791,6
2022-07-19,PYPL,1,0.40845793238618555,6
2022-07-19,ZM,1,0.2903058290538741,6
2022-07-20,AAPL,1,0.14622295255135653,6
2022-07-20,AMZN,0,0.5054459087735413,6
2022-07-20,GOOGL,0,0.27716964291812546,6
2022-07-20,INTC,0,0.40214845406057126,6
2022-07-20,MSFT,0,0.4040559875698778,6
2022-07-20,NVDA,0,0.28525034498712226,6
2022-07-20,PFE,0,0.4754815978279552,6
2022-07-20,PYPL,1,0.6355064243924935,6
2022-07-20,ZM,1,0.3140580820249632,6
2022-07-21,AAPL,0,0.07323268996390135,6
2022-07-21,AMZN,0,0.6435552615058485,6
2022-07-21,GOOGL,0,0.4016970708474889,6
2022-07-21,INTC,0,0.3869080969651082,6
2022-07-21,MSFT,0,0.4422103438493061,6
2022-07-21,NVDA,0,0.36008961411020196,6
2022-07-21,PFE,0,0.7212055650149466,6
2022-07-21,PYPL,0,0.5559209428712927,6
2022-07-21,ZM,0,0.5764396689186215,6
2022-07-22,AAPL,1,0.15531794774349628,6
2022-07-22,AMZN,0,0.5347352194715445,6
2022-07-22,GOOGL,0,0.42537908779425454,6
2022-07-22,INTC,0,0.19975308643633552,6
2022-07-22,MSFT,0,0.3354444095558941,6
2022-07-22,NVDA,0,0.30756717547297013,6
2022-07-22,PFE,0,0.5237690375122018,6
2022-07-22,PYPL,0,0.48491014446300185,6
2022-07-22,ZM,0,0.45458066333126884,6
2022-07-25,AAPL,1,0.11932466011721053,6
2022-07-25,AMZN,0,0.3310045483841902,6
2022-07-25,GOOGL,0,0.5537369648093419,6
2022-07-25,INTC,0,0.2684985819136795,6
2022-07-25,MSFT,0,0.4988000225498348,6
2022-07-25,NVDA,0,0.16551679719528237,6
2022-07-25,PFE,0,0.7000238862788493,6
2022-07-25,PYPL,0,0.4592109944802693,6
2022-07-25,ZM,0,0.5096305895607166,6
2022-07-26,AAPL,1,0.1447292485466974,6
2022-07-26,AMZN,1,0.48037336937848757,6
2022-07-26,GOOGL,1,0.4005497291196642,6
2022-07-26,INTC,0,0.30329285787648796,6
2022-07-26,MSFT,1,0.395335974193806,6
2022-07-26,NVDA,1,0.349605218163394,6
2022-07-26,PFE,0,0.7251329846001598,6
2022-07-26,PYPL,1,0.5437089454573842,6
2022-07-26,ZM,1,0.2744329023402798,6
2022-07-27,AAPL,1,0.10504600324597213,6
2022-07-27,AMZN,1,0.2531258015966877,6
2022-07-27,GOOGL,1,0.12969081792191514,6
2022-07-27,INTC,0,0.24378279959538,6
2022-07-27,MSFT,1,0.275890427566472,6
2022-07-27,NVDA,1,0.19359914275502085,6
2022-07-27,PFE,0,0.29105033333644914,6
2022-07-27,PYPL,1,0.6339053057444266,6
2022-07-27,ZM,0,0.14124581442371753,6
2022-07-28,AAPL,1,0.1013124856694737,6
2022-07-28,AMZN,1,0.599290661679428,6
2022-07-28,GOOGL,1,0.5232639846564571,6
2022-07-28,INTC,0,0.616725417543736,6
2022-07-28,MSFT,0,0.4769979796458309,6
2022-07-28,NVDA,1,0.3863789415224264,6
2022-07-28,PFE,0,0.3411174167969361,6
2022-07-28,PYPL,1,0.7442090646948507,6
2022-07-28,ZM,0,0.7258991396802543,6
2022-07-29,AAPL,1,0.1529280556229927,6
2022-07-29,AMZN,1,0.28049221575328753,6
2022-07-29,GOOGL,0,0.43685391004361923,6
2022-07-29,INTC,0,0.5508840685605101,6
2022-07-29,MSFT,0,0.16757645803926835,6
2022-07-29,NVDA,0,0.2054119355338086,6
2022-07-29,PFE,0,0.22386443788728222,6
2022-07-29,PYPL,1,0.42348270251858455,6
2022-07-29,ZM,1,0.4862798307000733,6
2022-08-01,AAPL,1,0.3238220434796792,6
2022-08-01,AMZN,1,0.2842576345465388,6
2022-08-01,GOOGL,0,0.4517877790775401,6
2022-08-01,INTC,0,0.672200171364751,6
2022-08-01,MSFT,0,0.39077925373277406,6
2022-08-01,NVDA,0,0.27165848668070536,6
2022-08-01,PFE,0,0.6075672544089042,6
2022-08-01,PYPL,1,0.42724665626638564,6
2022-08-01,ZM,1,0.5225517085089563,6
2022-08-02,AAPL,1,0.258014228099271,6
2022-08-02,AMZN,1,0.22634607424305458,6
2022-08-02,GOOGL,0,0.44941170764099087,6
2022-08-02,INTC,0,0.42469043061389633,6
2022-08-02,MSFT,1,0.29931853649312345,6
2022-08-02,NVDA,0,0.2673714659720984,6
2022-08-02,PFE,0,0.19130179034681308,6
2022-08-02,PYPL,1,0.4427883140699969,6
2022-08-02,ZM,1,0.5870071351978634,6
2022-08-03,AAPL,0,0.3593511127974787,6
2022-08-03,AMZN,0,0.40999125082066,6
2022-08-03,GOOGL,0,0.4434143061846056,6
2022-08-03,INTC,0,0.41385205634793615,6
2022-08-03,MSFT,0,0.4060435876958825,6
2022-08-03,NVDA,0,0.20359408716418334,6
2022-08-03,PFE,0,0.4042532111967494,6
2022-08-03,PYPL,0,0.17381432931999044,6
2022-08-03,ZM,0,0.5850079947279193,6
2022-08-04,AAPL,1,0.345819755545462,6
2022-08-04,AMZN,0,0.38734227410159544,6
2022-08-04,GOOGL,0,0.4424275479226988,6
2022-08-04,INTC,0,0.30129942467254717,6
2022-08-04,MSFT,0,0.4817850203994794,6
2022-08-04,NVDA,0,0.21767477749389522,6
2022-08-04,PFE,0,0.24895078729503387,6
2022-08-04,PYPL,0,0.33933334562510903,6
2022-08-04,ZM,0,0.6048673353890094,6
2022-08-05,AAPL,1,0.23334186772037824,6
2022-08-05,AMZN,0,0.5759058861691503,6
2022-08-05,GOOGL,0,0.496527326349875,6
2022-08-05,INTC,0,0.3998033129954771,6
2022-08-05,MSFT,0,0.5740160056223254,6
2022-08-05,NVDA,0,0.33982910621614415,6
2022-08-05,PFE,0,0.359731328407072,6
2022-08-05,PYPL,1,0.7292645352316298,6
2022-08-05,ZM,0,0.7660570331181881,6
2022-08-08,AAPL,1,0.5574311322668977,6
2022-08-08,AMZN,0,0.4844417085437796,6
2022-08-08,GOOGL,0,0.507331105609072,6
2022-08-08,INTC,0,0.14809595027607952,6
2022-08-08,MSFT,0,0.4796120210611392,6
2022-08-08,NVDA,0,0.2858421272012131,6
2022-08-08,PFE,0,0.4219073820237554,6
2022-08-08,PYPL,1,0.8181092586056041,6
2022-08-08,ZM,0,0.6595890823194621,6
2022-08-09,AAPL,1,0.47294914961282164,6
2022-08-09,AMZN,1,0.2918312067678671,6
2022-08-09,GOOGL,0,0.3620697135802917,6
2022-08-09,INTC,1,0.18825840723512102,6
2022-08-09,MSFT,0,0.3429646195685087,6
2022-08-09,NVDA,1,0.23873229359306572,6
2022-08-09,PFE,0,0.43694379538038286,6
2022-08-09,PYPL,1,0.6431317896012195,6
2022-08-09,ZM,1,0.5010246908123408,6
2022-08-10,AAPL,0,0.6606194096784379,6
2022-08-10,AMZN,0,0.39474522874114365,6
2022-08-10,GOOGL,0,0.42140646906372925,6
2022-08-10,INTC,0,0.5620994157644955,6
2022-08-10,MSFT,0,0.24931530010864195,6
2022-08-10,NVDA,1,0.23108183623852457,6
2022-08-10,PFE,0,0.44427006677621256,6
2022-08-10,PYPL,0,0.7132829857900407,6
2022-08-10,ZM,0,0.25076256865782365,6
2022-08-11,AAPL,0,0.3044978938093395,6
2022-08-11,AMZN,0,0.20076929852582226,6
2022-08-11,GOOGL,0,0.38150114288820325,6
2022-08-11,INTC,0,0.692654682063482,6
2022-08-11,MSFT,0,0.35239996550997743,6
2022-08-11,NVDA,1,0.3298593730650821,6
2022-08-11,PFE,0,0.4127433954965291,6
2022-08-11,PYPL,0,0.7491267776548856,6
2022-08-11,ZM,0,0.7123443386678316,6
2022-08-12,AAPL,0,0.10506156643795962,6
2022-08-12,AMZN,0,0.5159267286318879,6
2022-08-12,GOOGL,0,0.6575168613862458,6
2022-08-12,INTC,0,0.5756249889035256,6
2022-08-12,MSFT,0,0.34217909217163195,6
2022-08-12,NVDA,0,0.3683644804654358,6
2022-08-12,PFE,0,0.3528200648495001,6
2022-08-12,PYPL,0,0.7970437892410922,6
2022-08-12,ZM,0,0.5470511787472484,6
2022-08-15,AAPL,0,0.08172938008016166,6
2022-08-15,AMZN,0,0.4592018652353591,6
2022-08-15,GOOGL,0,0.20485200156126712,6
2022-08-15,INTC,0,0.5895123600898988,6
2022-08-15,MSFT,0,0.3475464094057772,6
2022-08-15,NVDA,0,0.13299038186608964,6
2022-08-15,PFE,0,0.3332071519553051,6
2022-08-15,PYPL,0,0.3497125092144656,6
2022-08-15,ZM,0,0.3874474297591955,6
2022-08-16,AAPL,0,0.10181271308932292,6
2022-08-16,AMZN,0,0.4163030213566344,6
2022-08-16,GOOGL,0,0.37240459861094966,6
2022-08-16,INTC,0,0.6641443874110922,6
2022-08-16,MSFT,0,0.45382109060798326,6
2022-08-16,NVDA,0,0.30931809352685863,6
2022-08-16,PFE,0,0.5363631278486221,6
2022-08-16,PYPL,0,0.5825193552841985,6
2022-08-16,ZM,0,0.5957202946288667,6
2022-08-17,AAPL,0,0.04705091804777618,6
2022-08-17,AMZN,0,0.31208835534993057,6
2022-08-17,GOOGL,0,0.3062720055191756,6
2022-08-17,INTC,0,0.5786981795713413,6
2022-08-17,MSFT,0,0.38160864804960803,6
2022-08-17,NVDA,0,0.2761089877242971,6
2022-08-17,PFE,0,0.3845799093334479,6
2022-08-17,PYPL,0,0.5762356546581933,6
2022-08-17,ZM,0,0.4645492797991474,6
2022-08-18,AAPL,0,0.19089632791970618,6
2022-08-18,AMZN,0,0.3159659099459125,6
2022-08-18,GOOGL,0,0.5979102885836345,6
2022-08-18,INTC,0,0.7293740806050472,6
2022-08-18,MSFT,0,0.3269689138765628,6
2022-08-18,NVDA,0,0.2581711350615802,6
2022-08-18,PFE,0,0.46482591059353584,6
2022-08-18,PYPL,0,0.48729532579043355,6
2022-08-18,ZM,0,0.6097535388884946,6
2022-08-19,AAPL,0,0.15887305646907648,6
2022-08-19,AMZN,0,0.42962801281256624,6
2022-08-19,GOOGL,0,0.5808033018525915,6
2022-08-19,INTC,0,0.5984569786000677,6
2022-08-19,MSFT,0,0.35953474226199034,6
2022-08-19,NVDA,0,0.3618228663537152,6
2022-08-19,PFE,0,0.670031211247748,6
2022-08-19,PYPL,0,0.5435077088026797,6
2022-08-19,ZM,0,0.7074829908369663,6
2022-08-22,AAPL,0,0.23100502238100595,6
2022-08-22,AMZN,0,0.39031886413089245,6
2022-08-22,GOOGL,0,0.5230936297457434,6
2022-08-22,INTC,0,0.5357237467046032,6
2022-08-22,MSFT,0,0.2793110810518982,6
2022-08-22,NVDA,1,0.3616002954448724,6
2022-08-22,PFE,0,0.7468282237804386,6
2022-08-22,PYPL,0,0.7045397750806783,6
2022-08-22,ZM,0,0.6018738075387343,6
2022-08-23,AAPL,0,0.2193646192540491,6
2022-08-23,AMZN,0,0.28824729875919397,6
2022-08-23,GOOGL,0,0.5545540728518282,6
2022-08-23,INTC,0,0.6142948208137284,6
2022-08-23,MSFT,0,0.5125759913132276,6
2022-08-23,NVDA,0,0.33035455664752134,6
2022-08-23,PFE,0,0.4827997447472296,6
2022-08-23,PYPL,0,0.5605777472862358,6
2022-08-23,ZM,0,0.5543139858705965,6
2022-08-24,AAPL,0,0.25179422053862066,6
2022-08-24,AMZN,0,0.24224254252763924,6
2022-08-24,GOOGL,0,0.4232887289484654,6
2022-08-24,INTC,0,0.6192575622780813,6
2022-08-24,MSFT,0,0.4039716257718719,6
2022-08-24,NVDA,0,0.5214930216846243,6
2022-08-24,PFE,0,0.44430720188948075,6
2022-08-24,PYPL,0,0.7257280866123774,6
2022-08-24,ZM,0,0.32653846787421525,6
2022-08-25,AAPL,0,0.228889595062066,6
2022-08-25,AMZN,0,0.37006784216191524,6
2022-08-25,GOOGL,0,0.4497774553518444,6
2022-08-25,INTC,0,0.65525173674846,6
2022-08-25,MSFT,0,0.43531384626202513,6
2022-08-25,NVDA,0,0.3048251578742764,6
2022-08-25,PFE,0,0.6241627014306362,6
2022-08-25,PYPL,0,0.7893269968643117,6
2022-08-25,ZM,0,0.4188148539563165,6
2022-08-26,AAPL,0,0.17661046667877875,6
2022-08-26,AMZN,0,0.23611823658788614,6
2022-08-26,GOOGL,0,0.42403775366185187,6
2022-08-26,INTC,0,0.5383113366469494,6
2022-08-26,MSFT,0,0.37866310149308563,6
2022-08-26,NVDA,0,0.30580066340273293,6
2022-08-26,PFE,0,0.42564869893332363,6
2022-08-26,PYPL,1,0.6952922884819942,6
2022-08-26,ZM,0,0.5139088640355188,6
2022-08-29,AAPL,0,0.16908748030857104,6
2022-08-29,AMZN,0,0.2003690851647382,6
2022-08-29,GOOGL,0,0.42385952422499973,6
2022-08-29,INTC,0,0.5945456783446207,6
2022-08-29,MSFT,0,0.6356875841004509,6
2022-08-29,NVDA,0,0.34086948077106616,6
2022-08-29,PFE,0,0.4640529162144086,6
2022-08-29,PYPL,0,0.654614754652592,6
2022-08-29,ZM,0,0.45608776461454603,6
2022-08-30,AAPL,0,0.4149397286218432,6
2022-08-30,AMZN,0,0.3979364540924311,6
2022-08-30,GOOGL,0,0.5638800665435882,6
2022-08-30,INTC,0,0.6905802337314443,6
2022-08-30,MSFT,0,0.5292864388774214,6
2022-08-30,NVDA,0,0.6652072601163093,6
2022-08-30,PFE,0,0.5478972051365227,6
2022-08-30,PYPL,1,0.5597934345819435,6
2022-08-30,ZM,0,0.3860641532740912,6
2022-08-31,AAPL,0,0.3963604787040257,6
2022-08-31,AMZN,1,0.3806521759337654,6
2022-08-31,GOOGL,0,0.25667973199661454,6
2022-08-31,INTC,0,0.5135637584507151,6
2022-08-31,MSFT,0,0.5534452896406356,6
2022-08-31,NVDA,0,0.6583338642842278,6
2022-08-31,PFE,1,0.4474411926535444,6
2022-08-31,PYPL,0,0.3020650034912856,6
2022-08-31,ZM,0,0.31018082841368383,6
2022-09-01,AAPL,0,0.179145143391589,6
2022-09-01,AMZN,1,0.1281111778164258,6
2022-09-01,GOOGL,0,0.19108900908538565,6
2022-09-01,INTC,0,0.6910990979089392,6
2022-09-01,MSFT,0,0.7995004255490402,6
2022-09-01,NVDA,0,0.6017426507114735,6
2022-09-01,PFE,0,0.3659225716989491,6
2022-09-01,PYPL,0,0.36282882757384255,6
2022-09-01,ZM,0,0.22576924133982618,6
2022-09-02,AAPL,1,0.5589411116878363,6
2022-09-02,AMZN,1,0.2024490083372557,6
2022-09-02,GOOGL,0,0.3147836061417277,6
2022-09-02,INTC,0,0.7931418741591976,6
2022-09-02,MSFT,0,0.8134923597583613,6
2022-09-02,NVDA,1,0.7308814945325474,6
2022-09-02,PFE,1,0.4778528859894367,6
2022-09-02,PYPL,1,0.33894201052015704,6
2022-09-02,ZM,1,0.6399620621731433,6
2022-09-06,AAPL,1,0.617604977590497,6
2022-09-06,AMZN,1,0.5604056167162333,6
2022-09-06,GOOGL,0,0.5412983724405882,6
2022-09-06,INTC,1,0.6666752940094934,6
2022-09-06,MSFT,1,0.8242243481155005,6
2022-09-06,NVDA,1,0.6642035630928724,6
2022-09-06,PFE,1,0.3785319123089959,6
2022-09-06,PYPL,1,0.3182669010200236,6
2022-09-06,ZM,1,0.6415291040143473,6
2022-09-07,AAPL,1,0.5649717272671463,6
2022-09-07,AMZN,1,0.24229984779702043,6
2022-09-07,GOOGL,0,0.2083616372110699,6
2022-09-07,INTC,0,0.1974178126364386,6
2022-09-07,MSFT,0,0.5107857437518926,6
2022-09-07,NVDA,0,0.34103715818745706,6
2022-09-07,PFE,1,0.2701331935850028,6
2022-09-07,PYPL,0,0.430035020243049,6
2022-09-07,ZM,0,0.316562231774669,6
2022-09-08,AAPL,1,0.6791930969656981,6
2022-09-08,AMZN,1,0.2865300427487749,6
2022-09-08,GOOGL,0,0.31874235014432173,6
2022-09-08,INTC,0,0.4933757058550666,6
2022-09-08,MSFT,0,0.7227841133721437,6
2022-09-08,NVDA,0,0.362911554322962,6
2022-09-08,PFE,0,0.43621106263708304,6
2022-09-08,PYPL,0,0.4391050785336885,6
2022-09-08,ZM,1,0.5371857906740469,6
2022-09-09,AAPL,0,0.3565965852279266,6
2022-09-09,AMZN,0,0.4079813122419082,6
2022-09-09,GOOGL,0,0.2919158093992982,6
2022-09-09,INTC,0,0.2292974231727238,6
2022-09-09,MSFT,0,0.2775035273026029,6
2022-09-09,NVDA,0,0.326442710483581,6
2022-09-09,PFE,0,0.5354821181265149,6
2022-09-09,PYPL,0,0.5110620981325581,6
2022-09-09,ZM,0,0.23826105532592226,6
2022-09-12,AAPL,0,0.2958763973190607,6
2022-09-12,AMZN,0,0.35671486089014653,6
2022-09-12,GOOGL,0,0.5563804635711324,6
2022-09-12,INTC,0,0.4983660742153095,6
2022-09-12,MSFT,0,0.48657322338545017,6
2022-09-12,NVDA,0,0.4207285125241224,6
2022-09-12,PFE,0,0.676252024836288,6
2022-09-12,PYPL,0,0.5322963444961477,6
2022-09-12,ZM,0,0.4530220788097192,6
2022-09-13,AAPL,0,0.2092108999023039,6
2022-09-13,AMZN,0,0.37368548206454916,6
2022-09-13,GOOGL,0,0.34534417899911335,6
2022-09-13,INTC,0,0.44308808261050675,6
2022-09-13,MSFT,0,0.5409497913777725,6
2022-09-13,NVDA,0,0.515839220934412,6
2022-09-13,PFE,0,0.40393309262149674,6
2022-09-13,PYPL,0,0.6905412454265052,6
2022-09-13,ZM,0,0.42477797280340773,6
2022-09-14,AAPL,0,0.21147326820885987,6
2022-09-14,AMZN,0,0.31866661907182053,6
2022-09-14,GOOGL,0,0.4143568252757505,6
2022-09-14,INTC,0,0.6597507792396556,6
2022-09-14,MSFT,0,0.6310081335545168,6
2022-09-14,NVDA,0,0.48180882752178344,6
2022-09-14,PFE,0,0.6814974467041511,6
2022-09-14,PYPL,0,0.7114088464283774,6
2022-09-14,ZM,0,0.6854326508539523,6
2022-09-15,AAPL,0,0.6635499667110328,6
2022-09-15,AMZN,0,0.37190238230934136,6
2022-09-15,GOOGL,0,0.5045465867264931,6
2022-09-15,INTC,0,0.7604062795892281,6
2022-09-15,MSFT,0,0.6695676466621717,6
2022-09-15,NVDA,1,0.7137487252642851,6
2022-09-15,PFE,0,0.6425807042640513,6
2022-09-15,PYPL,0,0.530989291738819,6
2022-09-15,ZM,0,0.35069174257974833,6
2022-09-16,AAPL,0,0.2803122535923247,6
2022-09-16,AMZN,0,0.3055229407228319,6
2022-09-16,GOOGL,0,0.4445887783290491,6
2022-09-16,INTC,0,0.21603940514201103,6
2022-09-16,MSFT,0,0.694151090507973,6
2022-09-16,NVDA,1,0.24176111402228975,6
2022-09-16,PFE,0,0.6029925050669122,6
2022-09-16,PYPL,0,0.5263345921405043,6
2022-09-16,ZM,0,0.612104724522209,6
2022-09-19,AAPL,0,0.42628603501550777,6
2022-09-19,AMZN,0,0.3889440276110506,6
2022-09-19,GOOGL,0,0.4862661174820904,6
2022-09-19,INTC,0,0.1933130300052998,6
2022-09-19,MSFT,0,0.45103910534566444,6
2022-09-19,NVDA,0,0.43659966364983505,6
2022-09-19,PFE,0,0.6122864118697959,6
2022-09-19,PYPL,0,0.5371451568833571,6
2022-09-19,ZM,0,0.6079823621223053,6
2022-09-20,AAPL,0,0.6428849529514534,6
2022-09-20,AMZN,0,0.4707645199062585,6
2022-09-20,GOOGL,0,0.4493532218201051,6
2022-09-20,INTC,0,0.17559234922648875,6
2022-09-20,MSFT,0,0.5328178519287109,6
2022-09-20,NVDA,1,0.49664081920898184,6
2022-09-20,PFE,0,0.509870684404828,6
2022-09-20,PYPL,0,0.528461023250265,6
2022-09-20,ZM,0,0.47099727101978844,6
2022-09-21,AAPL,0,0.6601888208160636,6
2022-09-21,AMZN,0,0.5403766408576349,6
2022-09-21,GOOGL,0,0.533736973275881,6
2022-09-21,INTC,0,0.13723073239297462,6
2022-09-21,MSFT,0,0.5790993859987038,6
2022-09-21,NVDA,0,0.4498242190222532,6
2022-09-21,PFE,0,0.4685927063443782,6
2022-09-21,PYPL,0,0.5045993302135802,6
2022-09-21,ZM,0,0.554968875286095,6
2022-09-22,AAPL,0,0.5542958130741916,6
2022-09-22,AMZN,0,0.3432848981291933,6
2022-09-22,GOOGL,0,0.37928590563338954,6
2022-09-22,INTC,0,0.034219555066672284,6
2022-09-22,MSFT,0,0.5917143219983928,6
2022-09-22,NVDA,0,0.3641852744718149,6
2022-09-22,PFE,0,0.260569805240732,6
2022-09-22,PYPL,0,0.5498956172195709,6
2022-09-22,ZM,0,0.5304052337467453,6
2022-09-23,AAPL,0,0.6326698763182007,6
2022-09-23,AMZN,1,0.48215463080454063,6
2022-09-23,GOOGL,0,0.33175084955436734,6
2022-09-23,INTC,0,0.06178086051066254,6
2022-09-23,MSFT,0,0.5746583600560401,6
2022-09-23,NVDA,0,0.5128765654741654,6
2022-09-23,PFE,0,0.2485931660443531,6
2022-09-23,PYPL,0,0.4356925497504593,6
2022-09-23,ZM,0,0.5204687446033539,6
2022-09-26,AAPL,0,0.5968803553413388,6
2022-09-26,AMZN,0,0.37374726311210266,6
2022-09-26,GOOGL,0,0.4191131602209463,6
2022-09-26,INTC,0,0.043898817925116615,6
2022-09-26,MSFT,0,0.4169511691192609,6
2022-09-26,NVDA,1,0.2539988365540352,6
2022-09-26,PFE,0,0.4061536809048453,6
2022-09-26,PYPL,1,0.5025258142452991,6
2022-09-26,ZM,1,0.601396750798295,6
2022-09-27,AAPL,0,0.571597562642941,6
2022-09-27,AMZN,1,0.3169594175458379,6
2022-09-27,GOOGL,0,0.17677303568835762,6
2022-09-27,INTC,0,0.051722206780853194,6
2022-09-27,MSFT,1,0.4547017852671941,6
2022-09-27,NVDA,0,0.5343544648336856,6
2022-09-27,PFE,0,0.40958129502095225,6
2022-09-27,PYPL,1,0.42375487896808817,6
2022-09-27,ZM,0,0.5107593510673136,6
2022-09-28,AAPL,0,0.586913674089077,6
2022-09-28,AMZN,0,0.2739047739030223,6
2022-09-28,GOOGL,0,0.27773007677160805,6
2022-09-28,INTC,0,0.04910888987719721,6
2022-09-28,MSFT,0,0.2936768885457128,6
2022-09-28,NVDA,0,0.2593985973629922,6
2022-09-28,PFE,0,0.1898167491458681,6
2022-09-28,PYPL,0,0.16079877502962875,6
2022-09-28,ZM,0,0.4168153484375276,6
2022-09-29,AAPL,0,0.4086456562652122,6
2022-09-29,AMZN,1,0.42760504767023727,6
2022-09-29,GOOGL,1,0.552658196240216,6
2022-09-29,INTC,0,0.20555745094706265,6
2022-09-29,MSFT,1,0.631774563813662,6
2022-09-29,NVDA,1,0.5314322190896514,6
2022-09-29,PFE,0,0.12907935934010065,6
2022-09-29,PYPL,0,0.5038442316080459,6
2022-09-29,ZM,0,0.5112341646029644,6
2022-09-30,AAPL,1,0.5739914756750456,6
2022-09-30,AMZN,1,0.4710004989585751,6
2022-09-30,GOOGL,1,0.5021339523646873,6
2022-09-30,INTC,1,0.26634917483472326,6
2022-09-30,MSFT,1,0.7549565028970272,6
2022-09-30,NVDA,1,0.5432559297998236,6
2022-09-30,PFE,0,0.21883727802965838,6
2022-09-30,PYPL,1,0.5651072130308541,6
2022-09-30,ZM,0,0.2863565874692572,6
2022-10-03,AAPL,0,0.41238687796530743,6
2022-10-03,AMZN,1,0.34570194859820824,6
2022-10-03,GOOGL,0,0.21455075742783603,6
2022-10-03,INTC,0,0.11454029685295643,6
2022-10-03,MSFT,0,0.3644391505573119,6
2022-10-03,NVDA,1,0.34954605958677737,6
2022-10-03,PFE,0,0.25437771686718214,6
2022-10-03,PYPL,1,0.33584369704360006,6
2022-10-03,ZM,1,0.5823883917515694,6
2022-10-04,AAPL,0,0.5228997443930113,6
2022-10-04,AMZN,0,0.37726697998540376,6
2022-10-04,GOOGL,0,0.38567764473636973,6
2022-10-04,INTC,0,0.15365996096412368,6
2022-10-04,MSFT,0,0.6678056194944061,6
2022-10-04,NVDA,0,0.2365035496871522,6
2022-10-04,PFE,0,0.26173923032689406,6
2022-10-04,PYPL,0,0.1697163124977247,6
2022-10-04,ZM,0,0.2761772038969369,6
2022-10-05,AAPL,0,0.4684920622947613,6
2022-10-05,AMZN,0,0.3954425837472648,6
2022-10-05,GOOGL,0,0.5823571521918847,6
2022-10-05,INTC,0,0.1932458027831879,6
2022-10-05,MSFT,0,0.42594171843374323,6
2022-10-05,NVDA,0,0.2330121538846029,6
2022-10-05,PFE,0,0.22865494919183257,6
2022-10-05,PYPL,0,0.6577712569306028,6
2022-10-05,ZM,0,0.6191927224249723,6
2022-10-06,AAPL,0,0.5146571715321289,6
2022-10-06,AMZN,0,0.4688143226763868,6
2022-10-06,GOOGL,0,0.5619563209859118,6
2022-10-06,INTC,0,0.0907401566847025,6
2022-10-06,MSFT,0,0.42395261787381733,6
2022-10-06,NVDA,0,0.3670311229856301,6
2022-10-06,PFE,0,0.21993870167255422,6
2022-10-06,PYPL,0,0.5758009238989441,6
2022-10-06,ZM,0,0.5952930341567013,6
2022-10-07,AAPL,0,0.44104509569833483,6
2022-10-07,AMZN,0,0.27454336196937723,6
2022-10-07,GOOGL,0,0.5684522993695754,6
2022-10-07,INTC,0,0.198302684042599,6
2022-10-07,MSFT,0,0.3468408596089273,6
2022-10-07,NVDA,0,0.5975225487396912,6
2022-10-07,PFE,1,0.33202539113831403,6
2022-10-07,PYPL,0,0.4717759912039664,6
2022-10-07,ZM,0,0.535816715408018,6
2022-10-10,AAPL,0,0.4096136267964934,6
2022-10-10,AMZN,0,0.43829972765519426,6
2022-10-10,GOOGL,0,0.35161816424535436,6
2022-10-10,INTC,1,0.35510651366673707,6
2022-10-10,MSFT,0,0.41300716197291076,6
2022-10-10,NVDA,0,0.6596583766417089,6
2022-10-10,PFE,1,0.21170288224017378,6
2022-10-10,PYPL,0,0.3777694834578862,6
2022-10-10,ZM,0,0.6180748045669971,6
2022-10-11,AAPL,0,0.16518273562173497,6
2022-10-11,AMZN,0,0.31940512571522206,6
2022-10-11,GOOGL,0,0.432448519722084,6
2022-10-11,INTC,1,0.4485742533594482,6
2022-10-11,MSFT,0,0.34822971875358194,6
2022-10-11,NVDA,0,0.821846386673015,6
2022-10-11,PFE,1,0.1966440823721483,6
2022-10-11,PYPL,0,0.46791242885661805,6
2022-10-11,ZM,0,0.7093519929742228,6
2022-10-12,AAPL,0,0.16498950316233996,6
2022-10-12,AMZN,0,0.6276204151194567,6
2022-10-12,GOOGL,0,0.5142345465482604,6
2022-10-12,INTC,0,0.3650316701153531,6
2022-10-12,MSFT,0,0.3882211956590659,6
2022-10-12,NVDA,0,0.7674281250350136,6
2022-10-12,PFE,1,0.23874299618744488,6
2022-10-12,PYPL,0,0.5960085359924566,6
2022-10-12,ZM,0,0.608293937640335,6
2022-10-13,AAPL,0,0.21486664680150008,6
2022-10-13,AMZN,0,0.4953598743239691,6
2022-10-13,GOOGL,0,0.45903649845120387,6
2022-10-13,INTC,0,0.3762005348545917,6
2022-10-13,MSFT,0,0.5848853293606323,6
2022-10-13,NVDA,0,0.7649961352420285,6
2022-10-13,PFE,1,0.33282637514435176,6
2022-10-13,PYPL,0,0.7104638283318073,6
2022-10-13,ZM,0,0.6896606750521314,6
2022-10-14,AAPL,1,0.2648291143156227,6
2022-10-14,AMZN,1,0.32563124014342604,6
2022-10-14,GOOGL,1,0.5817013139946776,6
2022-10-14,INTC,1,0.3173090271170246,6
2022-10-14,MSFT,1,0.5586400483382281,6
2022-10-14,NVDA,1,0.5872425742421442,6
2022-10-14,PFE,1,0.3925979262012609,6
2022-10-14,PYPL,1,0.5254309579475824,6
2022-10-14,ZM,1,0.5551526847331281,6
2022-10-17,AAPL,1,0.2223707431996631,6
2022-10-17,AMZN,1,0.22720722829296544,6
2022-10-17,GOOGL,0,0.5954267052715839,6
2022-10-17,INTC,0,0.2608845748751784,6
2022-10-17,MSFT,0,0.5263240798762228,6
2022-10-17,NVDA,1,0.48997809188472563,6
2022-10-17,PFE,1,0.5976424263370458,6
2022-10-17,PYPL,0,0.39320757493085384,6
2022-10-17,ZM,1,0.30745436143764,6
2022-10-18,AAPL,1,0.20169101398502381,6
2022-10-18,AMZN,0,0.4027690873696516,6
2022-10-18,GOOGL,0,0.6057463552078395,6
2022-10-18,INTC,1,0.16099775065399743,6
2022-10-18,MSFT,0,0.379130494289161,6
2022-10-18,NVDA,1,0.7719339313589796,6
2022-10-18,PFE,0,0.6126539256018482,6
2022-10-18,PYPL,0,0.7009295282622823,6
2022-10-18,ZM,0,0.5438051074915353,6
2022-10-19,AAPL,1,0.2054298368934696,6
2022-10-19,AMZN,0,0.49266617580268496,6
2022-10-19,GOOGL,0,0.5024189201848931,6
2022-10-19,INTC,1,0.21052826742331887,6
2022-10-19,MSFT,1,0.38399440510210914,6
2022-10-19,NVDA,1,0.7025626404719738,6
2022-10-19,PFE,1,0.21708338424050835,6
2022-10-19,PYPL,0,0.43829529096448305,6
2022-10-19,ZM,1,0.29594644937977593,6
2022-10-20,AAPL,1,0.18351937147634734,6
2022-10-20,AMZN,0,0.40439558235769624,6
2022-10-20,GOOGL,0,0.5195695412509808,6
2022-10-20,INTC,1,0.13731123955255778,6
2022-10-20,MSFT,1,0.43262223860095983,6
2022-10-20,NVDA,1,0.7375392328412596,6
2022-10-20,PFE,1,0.5580603815750723,6
2022-10-20,PYPL,0,0.6049547192962523,6
2022-10-20,ZM,0,0.5450183319262024,6
2022-10-21,AAPL,1,0.22061375897994082,6
2022-10-21,AMZN,0,0.5305136722177739,6
2022-10-21,GOOGL,0,0.4964471177970013,6
2022-10-21,INTC,0,0.18393611395582302,6
2022-10-21,MSFT,0,0.5543994152554762,6
2022-10-21,NVDA,0,0.6555390446565084,6
2022-10-21,PFE,1,0.5839270767680823,6
2022-10-21,PYPL,0,0.529446301057549,6
2022-10-21,ZM,0,0.5455165492648278,6
2022-10-24,AAPL,0,0.20193517930947466,6
2022-10-24,AMZN,0,0.5560612066350308,6
2022-10-24,GOOGL,0,0.46223780017631766,6
2022-10-24,INTC,0,0.21951386950070081,6
2022-10-24,MSFT,0,0.5220823151154267,6
2022-10-24,NVDA,1,0.7409135833676047,6
2022-10-24,PFE,1,0.6050221437811512,6
2022-10-24,PYPL,1,0.5856242875550103,6
2022-10-24,ZM,1,0.6285398653962732,6
2022-10-25,AAPL,0,0.23251372568460055,6
2022-10-25,AMZN,0,0.6130532809714939,6
2022-10-25,GOOGL,0,0.37036043773431726,6
2022-10-25,INTC,0,0.15326476756151178,6
2022-10-25,MSFT,0,0.4691658106284141,6
2022-10-25,NVDA,0,0.5204072940392593,6
2022-10-25,PFE,1,0.46097747820143664,6
2022-10-25,PYPL,0,0.23375961958221006,6
2022-10-25,ZM,0,0.5840827517040205,6
2022-10-26,AAPL,0,0.34417923990764165,6
2022-10-26,AMZN,0,0.5287243979456665,6
2022-10-26,GOOGL,0,0.4257055991663334,6
2022-10-26,INTC,0,0.1609533289547187,6
2022-10-26,MSFT,0,0.42549102693201984,6
2022-10-26,NVDA,1,0.6411014088352208,6
2022-10-26,PFE,1,0.14513161082039053,6
2022-10-26,PYPL,0,0.6915250416877644,6
2022-10-26,ZM,0,0.6133320115177181,6
2022-10-27,AAPL,1,0.3895961987092095,6
2022-10-27,AMZN,0,0.6220654957344027,6
2022-10-27,GOOGL,0,0.618761538583335,6
2022-10-27,INTC,1,0.15555417947614375,6
2022-10-27,MSFT,0,0.5771226121680443,6
2022-10-27,NVDA,1,0.6704764432442961,6
2022-10-27,PFE,1,0.19437961270961482,6
2022-10-27,PYPL,0,0.701692352660243,6
2022-10-27,ZM,0,0.6074226131237052,6
2022-10-28,AAPL,0,0.10350923838521935,6
2022-10-28,AMZN,0,0.3692706163768403,6
2022-10-28,GOOGL,0,0.522526900684656,6
2022-10-28,INTC,0,0.12074073562810092,6
2022-10-28,MSFT,0,0.6221806259686037,6
2022-10-28,NVDA,0,0.2554076914616444,6
2022-10-28,PFE,0,0.044659379561429985,6
2022-10-28,PYPL,0,0.6168477836990195,6
2022-10-28,ZM,0,0.49237470260187594,6
2022-10-31,AAPL,0,0.18602237569454713,6
2022-10-31,AMZN,0,0.5533351688834126,6
2022-10-31,GOOGL,0,0.7086438763261734,6
2022-10-31,INTC,0,0.18964749600239986,6
2022-10-31,MSFT,0,0.43209906127630043,6
2022-10-31,NVDA,0,0.6124789905174037,6
2022-10-31,PFE,1,0.12385789522971649,6
2022-10-31,PYPL,0,0.8366994711750063,6
2022-10-31,ZM,0,0.3911017153232965,6
2022-11-01,AAPL,0,0.1804570442348083,6
2022-11-01,AMZN,0,0.7810308564867913,6
2022-11-01,GOOGL,0,0.7886816319523959,6
2022-11-01,INTC,0,0.14718066264222873,6
2022-11-01,MSFT,0,0.38714602382858926,6
2022-11-01,NVDA,0,0.32090938560033483,6
2022-11-01,PFE,0,0.35056978076043965,6
2022-11-01,PYPL,0,0.478530150211747,6
2022-11-01,ZM,0,0.3723523698846384,6
2022-11-02,AAPL,0,0.3261489136469132,6
2022-11-02,AMZN,0,0.5831931012842926,6
2022-11-02,GOOGL,0,0.6234049112378234,6
2022-11-02,INTC,1,0.1666163847857473,6
2022-11-02,MSFT,1,0.37177406489320974,6
2022-11-02,NVDA,1,0.6036131369252095,6
2022-11-02,PFE,1,0.6399760282595851,6
2022-11-02,PYPL,0,0.48013952289512896,6
2022-11-02,ZM,0,0.5213915342196925,6
2022-11-03,AAPL,1,0.3102724972403157,6
2022-11-03,AMZN,0,0.6849427542859855,6
2022-11-03,GOOGL,1,0.6924170901378837,6
2022-11-03,INTC,1,0.11305808429232643,6
2022-11-03,MSFT,1,0.4333027292931667,6
2022-11-03,NVDA,1,0.4130712840376691,6
2022-11-03,PFE,1,0.6116646648817585,6
2022-11-03,PYPL,0,0.641917167145787,6
2022-11-03,ZM,0,0.5932457837858405,6
2022-11-04,AAPL,1,0.25419833404269165,6
2022-11-04,AMZN,0,0.21843282649740103,6
2022-11-04,GOOGL,1,0.44312498359076424,6
2022-11-04,INTC,1,0.37926352852888073,6
2022-11-04,MSFT,1,0.32913089386153255,6
2022-11-04,NVDA,1,0.11869976756302336,6
2022-11-04,PFE,0,0.17503082608197362,6
2022-11-04,PYPL,1,0.4351098631726681,6
2022-11-04,ZM,0,0.4186817593926633,6
2022-11-07,AAPL,1,0.2712447997924653,6
2022-11-07,AMZN,0,0.5656881319295367,6
2022-11-07,GOOGL,1,0.36591993558986613,6
2022-11-07,INTC,0,0.16910855948097525,6
2022-11-07,MSFT,1,0.2675437131284809,6
2022-11-07,NVDA,0,0.1503098096111241,6
2022-11-07,PFE,0,0.26999101449011353,6
2022-11-07,PYPL,1,0.3200734531393398,6
2022-11-07,ZM,0,0.6081982351987335,6
2022-11-08,AAPL,0,0.2800896152734104,6
2022-11-08,AMZN,0,0.6641426893628926,6
2022-11-08,GOOGL,1,0.6882149715574366,6
2022-11-08,INTC,0,0.3519947017021343,6
2022-11-08,MSFT,1,0.43777238657143647,6
2022-11-08,NVDA,0,0.2666417759346753,6
2022-11-08,PFE,1,0.26957926359723566,6
2022-11-08,PYPL,0,0.4847482240442959,6
2022-11-08,ZM,0,0.46756863251436637,6
2022-11-09,AAPL,1,0.36564610568800343,6
2022-11-09,AMZN,1,0.7394336421102441,6
2022-11-09,GOOGL,1,0.6060190855344311,6
2022-11-09,INTC,1,0.49641396101811996,6
2022-11-09,MSFT,1,0.6014425954216182,6
2022-11-09,NVDA,1,0.3442646981634291,6
2022-11-09,PFE,1,0.20333541836738106,6
2022-11-09,PYPL,1,0.5767590201106655,6
2022-11-09,ZM,1,0.41637895367031647,6
2022-11-10,AAPL,0,0.14081577573385523,6
2022-11-10,AMZN,0,0.12676046029060753,6
2022-11-10,GOOGL,1,0.22278216410393853,6
2022-11-10,INTC,0,0.3541565983021741,6
2022-11-10,MSFT,0,0.11631849731321112,6
2022-11-10,NVDA,1,0.1469465314070065,6
2022-11-10,PFE,0,0.48306861844743004,6
2022-11-10,PYPL,0,0.36951969858447925,6
2022-11-10,ZM,0,0.43041033551707364,6
2022-11-11,AAPL,0,0.27811475687927756,6
2022-11-11,AMZN,0,0.19564412615944313,6
2022-11-11,GOOGL,0,0.30999559686655287,6
2022-11-11,INTC,0,0.6885486187785084,6
2022-11-11,MSFT,0,0.16905852991595027,6
2022-11-11,NVDA,0,0.13653671893921085,6
2022-11-11,PFE,0,0.5050936492510287,6
2022-11-11,PYPL,0,0.474607362245356,6
2022-11-11,ZM,0,0.3550621840773457,6
2022-11-14,AAPL,0,0.23292657297655164,6
2022-11-14,AMZN,0,0.20933054458845374,6
2022-11-14,GOOGL,0,0.4293387211064477,6
2022-11-14,INTC,0,0.7311768854781332,6
2022-11-14,MSFT,0,0.1705995397710713,6
2022-11-14,NVDA,0,0.252779198296992,6
2022-11-14,PFE,0,0.3143445329167198,6
2022-11-14,PYPL,0,0.3052323286350789,6
2022-11-14,ZM,0,0.2404521826849589,6
2022-11-15,AAPL,0,0.1475826343811238,6
2022-11-15,AMZN,0,0.14208928836902898,6
2022-11-15,GOOGL,0,0.6673778788084115,6
2022-11-15,INTC,0,0.431662118622264,6
2022-11-15,MSFT,0,0.09049601754306093,6
2022-11-15,NVDA,0,0.08475913194590953,6
2022-11-15,PFE,0,0.35938950583102014,6
2022-11-15,PYPL,0,0.3509083038632757,6
2022-11-15,ZM,0,0.320922267316327,6
2022-11-16,AAPL,0,0.12648897289257657,6
2022-11-16,AMZN,0,0.13327333910689557,6
2022-11-16,GOOGL,0,0.5286039217002507,6
2022-11-16,INTC,0,0.7524942680617033,6
2022-11-16,MSFT,0,0.08247179479568359,6
2022-11-16,NVDA,0,0.26738567762094173,6
2022-11-16,PFE,0,0.5239089273893555,6
2022-11-16,PYPL,0,0.44933846810888306,6
2022-11-16,ZM,0,0.2737309570342107,6
2022-11-17,AAPL,0,0.0784604198555922,6
2022-11-17,AMZN,0,0.14863184235555216,6
2022-11-17,GOOGL,0,0.5844156452563841,6
2022-11-17,INTC,0,0.3421099439846392,6
2022-11-17,MSFT,0,0.07859431736078214,6
2022-11-17,NVDA,1,0.21820169282888746,6
2022-11-17,PFE,1,0.7686532041273222,6
2022-11-17,PYPL,0,0.5596999981968006,6
2022-11-17,ZM,0,0.4871715747059107,6
2022-11-18,AAPL,0,0.1582512543843281,6
2022-11-18,AMZN,0,0.3688495421183686,6
2022-11-18,GOOGL,0,0.7158049620013827,6
2022-11-18,INTC,0,0.4638126935414313,6
2022-11-18,MSFT,0,0.4092166197621681,6
2022-11-18,NVDA,1,0.2225363677885299,6
2022-11-18,PFE,1,0.7582153981701646,6
2022-11-18,PYPL,0,0.7293562977169165,6
2022-11-18,ZM,0,0.6436393460178577,6
2022-11-21,AAPL,0,0.3727141758991465,6
2022-11-21,AMZN,0,0.7113127140830204,6
2022-11-21,GOOGL,1,0.7977055752158886,6
2022-11-21,INTC,0,0.6171304686286279,6
2022-11-21,MSFT,1,0.4641194690432517,6
2022-11-21,NVDA,1,0.3164861368790713,6
2022-11-21,PFE,1,0.6305699082260684,6
2022-11-21,PYPL,0,0.5755088118305068,6
2022-11-21,ZM,0,0.38117208197996166,6
2022-11-22,AAPL,0,0.15378278070616955,6
2022-11-22,AMZN,0,0.642863927717382,6
2022-11-22,GOOGL,0,0.5929426660309562,6
2022-11-22,INTC,0,0.565004122164998,6
2022-11-22,MSFT,1,0.29597555643153867,6
2022-11-22,NVDA,0,0.2577334342310955,6
2022-11-22,PFE,1,0.26729666532757845,6
2022-11-22,PYPL,0,0.45063577760499,6
2022-11-22,ZM,0,0.46396082135508404,6
2022-11-23,AAPL,0,0.20283468493957835,6
2022-11-23,AMZN,0,0.7866175542000635,6
2022-11-23,GOOGL,0,0.2647638454784239,6
2022-11-23,INTC,0,0.5026573098710507,6
2022-11-23,MSFT,0,0.05882904847813613,6
2022-11-23,NVDA,0,0.18213174701959128,6
2022-11-23,PFE,1,0.41454951666297746,6
2022-11-23,PYPL,0,0.5931623220471668,6
2022-11-23,ZM,0,0.5278614513198695,6
2022-11-25,AAPL,0,0.3076376493512028,6
2022-11-25,AMZN,0,0.5782890941899852,6
2022-11-25,GOOGL,0,0.5012746372452553,6
2022-11-25,INTC,0,0.29096186248549294,6
2022-11-25,MSFT,0,0.23179857391210046,6
2022-11-25,NVDA,0,0.3321834779002275,6
2022-11-25,PFE,1,0.40670559213352486,6
2022-11-25,PYPL,0,0.6207851508635582,6
2022-11-25,ZM,0,0.5387173437066382,6
2022-11-28,AAPL,0,0.28335344008499075,6
2022-11-28,AMZN,0,0.47699048658929166,6
2022-11-28,GOOGL,1,0.346595262851871,6
2022-11-28,INTC,1,0.17257059894221147,6
2022-11-28,MSFT,1,0.5143707646496259,6
2022-11-28,NVDA,1,0.23484393341158882,6
2022-11-28,PFE,1,0.28595964951751246,6
2022-11-28,PYPL,0,0.45736853699278796,6
2022-11-28,ZM,0,0.341512693675577,6
2022-11-29,AAPL,1,0.20130762121654236,6
2022-11-29,AMZN,0,0.34538955325051734,6
2022-11-29,GOOGL,1,0.5394619348883738,6
2022-11-29,INTC,1,0.246877034960897,6
2022-11-29,MSFT,1,0.4795166629057121,6
2022-11-29,NVDA,1,0.2506252025564278,6
2022-11-29,PFE,1,0.5784202908867215,6
2022-11-29,PYPL,0,0.6300662364043703,6
2022-11-29,ZM,1,0.6117802310519979,6
2022-11-30,AAPL,0,0.09473205392165832,6
2022-11-30,AMZN,0,0.6858789429241119,6
2022-11-30,GOOGL,0,0.6751813431444551,6
2022-11-30,INTC,0,0.3456379590763315,6
2022-11-30,MSFT,0,0.2713728788702995,6
2022-11-30,NVDA,0,0.29271717459430946,6
2022-11-30,PFE,1,0.14721586720228083,6
2022-11-30,PYPL,0,0.5068113491190427,6
2022-11-30,ZM,1,0.4307690509474743,6
2022-12-01,AAPL,0,0.22609120123708054,6
2022-12-01,AMZN,0,0.520965175679275,6
2022-12-01,GOOGL,0,0.633092531298367,6
2022-12-01,INTC,0,0.19597546558351817,6
2022-12-01,MSFT,0,0.45369463332108073,6
2022-12-01,NVDA,0,0.40376769994629064,6
2022-12-01,PFE,0,0.3011392747882957,6
2022-12-01,PYPL,0,0.615292186218753,6
2022-12-01,ZM,0,0.44657960698270194,6
2022-12-02,AAPL,0,0.20318582644881647,6
2022-12-02,AMZN,0,0.5141867537397455,6
2022-12-02,GOOGL,0,0.7523131472103518,6
2022-12-02,INTC,0,0.13729633750756579,6
2022-12-02,MSFT,0,0.3819444587863268,6
2022-12-02,NVDA,0,0.35909973720735777,6
2022-12-02,PFE,0,0.37202193636183645,6
2022-12-02,PYPL,0,0.5596663280829045,6
2022-12-02,ZM,0,0.5065423896250435,6
2022-12-05,AAPL,0,0.1987712521278961,6
2022-12-05,AMZN,0,0.6329960835021452,6
2022-12-05,GOOGL,0,0.6875364678048327,6
2022-12-05,INTC,0,0.12856798009385606,6
2022-12-05,MSFT,0,0.565915710805181,6
2022-12-05,NVDA,0,0.31330732001169903,6
2022-12-05,PFE,0,0.6916857944054299,6
2022-12-05,PYPL,0,0.4725400621323998,6
2022-12-05,ZM,0,0.4948758910192146,6
2022-12-06,AAPL,0,0.13277889312888275,6
2022-12-06,AMZN,1,0.3524441664670249,6
2022-12-06,GOOGL,0,0.55293983846149,6
2022-12-06,INTC,0,0.055390088219469835,6
2022-12-06,MSFT,1,0.3510793437691075,6
2022-12-06,NVDA,1,0.2701081504241336,6
2022-12-06,PFE,1,0.6319654859681011,6
2022-12-06,PYPL,1,0.6851918422875818,6
2022-12-06,ZM,0,0.5094920086072179,6
2022-12-07,AAPL,1,0.14075573610126754,6
2022-12-07,AMZN,1,0.4726506053655757,6
2022-12-07,GOOGL,0,0.5541948225582153,6
2022-12-07,INTC,1,0.10259841006371086,6
2022-12-07,MSFT,1,0.4253998149410933,6
2022-12-07,NVDA,1,0.35925600958172027,6
2022-12-07,PFE,1,0.488559367969319,6
2022-12-07,PYPL,0,0.3595211652239276,6
2022-12-07,ZM,1,0.5445663407174747,6
2022-12-08,AAPL,1,0.1822678466832385,6
2022-12-08,AMZN,0,0.3949499967747517,6
2022-12-08,GOOGL,1,0.4140318405121766,6
2022-12-08,INTC,1,0.07968164893186234,6
2022-12-08,MSFT,1,0.7541084872314943,6
2022-12-08,NVDA,1,0.18923934592616573,6
2022-12-08,PFE,1,0.4088460641709874,6
2022-12-08,PYPL,0,0.507991486445724,6
2022-12-08,ZM,0,0.5244286448089569,6
2022-12-09,AAPL,1,0.18448612792426128,6
2022-12-09,AMZN,1,0.3984900798544364,6
2022-12-09,GOOGL,1,0.5290920005337346,6
2022-12-09,INTC,1,0.07771645337104062,6
2022-12-09,MSFT,1,0.6441234829651717,6
2022-12-09,NVDA,1,0.40404444115939775,6
2022-12-09,PFE,1,0.5358849898127327,6
2022-12-09,PYPL,1,0.49910474001086563,6
2022-12-09,ZM,0,0.5811006266325917,6
2022-12-12,AAPL,0,0.28379606723268336,6
2022-12-12,AMZN,1,0.5469193886321487,6
2022-12-12,GOOGL,1,0.5656845785123072,6
2022-12-12,INTC,1,0.11765906424453464,6
2022-12-12,MSFT,0,0.8118336370834418,6
2022-12-12,NVDA,1,0.357803624846298,6
2022-12-12,PFE,1,0.6267866455356527,6
2022-12-12,PYPL,1,0.5707642989909139,6
2022-12-12,ZM,1,0.4222202872719173,6
2022-12-13,AAPL,0,0.23865680805207062,6
2022-12-13,AMZN,0,0.3943536177412221,6
2022-12-13,GOOGL,0,0.3290736993965923,6
2022-12-13,INTC,0,0.0739884740737898,6
2022-12-13,MSFT,0,0.6912895780889597,6
2022-12-13,NVDA,0,0.3510101671561719,6
2022-12-13,PFE,0,0.5430437457975275,6
2022-12-13,PYPL,0,0.5674582687972793,6
2022-12-13,ZM,0,0.6698620535036514,6
2022-12-14,AAPL,0,0.21528710896888323,6
2022-12-14,AMZN,0,0.4596672874065396,6
2022-12-14,GOOGL,0,0.49949593360379124,6
2022-12-14,INTC,0,0.044249883902934044,6
2022-12-14,MSFT,0,0.765717419720658,6
2022-12-14,NVDA,0,0.31536406004267004,6
2022-12-14,PFE,0,0.3669120742021249,6
2022-12-14,PYPL,0,0.42768010035797355,6
2022-12-14,ZM,0,0.6491950664006173,6
2022-12-15,AAPL,0,0.19698432042617747,6
2022-12-15,AMZN,0,0.6058887016483488,6
2022-12-15,GOOGL,0,0.4034506287076135,6
2022-12-15,INTC,0,0.05872573735608498,6
2022-12-15,MSFT,0,0.6993755694467082,6
2022-12-15,NVDA,0,0.3284109547547604,6
2022-12-15,PFE,0,0.1232901744813596,6
2022-12-15,PYPL,0,0.6317144434483688,6
2022-12-15,ZM,0,0.5837548900612561,6
2022-12-16,AAPL,0,0.14520227724069598,6
2022-12-16,AMZN,0,0.48762905484729685,6
2022-12-16,GOOGL,0,0.4476957012688839,6
2022-12-16,INTC,0,0.06031993507932295,6
2022-12-16,MSFT,0,0.6654459966208522,6
2022-12-16,NVDA,0,0.324065383839243,6
2022-12-16,PFE,0,0.6003585309593162,6
2022-12-16,PYPL,0,0.5955101194113145,6
2022-12-16,ZM,0,0.6623357601979729,6
2022-12-19,AAPL,0,0.2620759338840938,6
2022-12-19,AMZN,0,0.5048823170187372,6
2022-12-19,GOOGL,0,0.4114959630057813,6
2022-12-19,INTC,0,0.08457572765496499,6
2022-12-19,MSFT,0,0.7762702354762638,6
2022-12-19,NVDA,0,0.2761634411291204,6
2022-12-19,PFE,0,0.7054350091358926,6
2022-12-19,PYPL,0,0.45164981784956415,6
2022-12-19,ZM,0,0.5480961041411941,6
2022-12-20,AAPL,0,0.4351432526752402,6
2022-12-20,AMZN,0,0.32588350061636334,6
2022-12-20,GOOGL,0,0.423402099935901,6
2022-12-20,INTC,0,0.18202216642376784,6
2022-12-20,MSFT,0,0.6344725562100769,6
2022-12-20,NVDA,0,0.3041189846177782,6
2022-12-20,PFE,0,0.5419262976616305,6
2022-12-20,PYPL,0,0.5673006381721148,6
2022-12-20,ZM,0,0.5963399517784264,6
2022-12-21,AAPL,0,0.1918050706460985,6
2022-12-21,AMZN,0,0.3884496202448697,6
2022-12-21,GOOGL,0,0.30419303413434096,6
2022-12-21,INTC,0,0.06270180346123934,6
2022-12-21,MSFT,0,0.6158544877005003,6
2022-12-21,NVDA,0,0.2773121076017842,6
2022-12-21,PFE,0,0.6205741036460156,6
2022-12-21,PYPL,0,0.44595646725922866,6
2022-12-21,ZM,0,0.5232401441305183,6
2022-12-22,AAPL,0,0.2869147636750204,6
2022-12-22,AMZN,0,0.5192889976592485,6
2022-12-22,GOOGL,0,0.4403015954158519,6
2022-12-22,INTC,1,0.23137768067116463,6
2022-12-22,MSFT,0,0.44502608741949823,6
2022-12-22,NVDA,0,0.3268812236178047,6
2022-12-22,PFE,0,0.5000877252851598,6
2022-12-22,PYPL,1,0.5033929214025308,6
2022-12-22,ZM,0,0.6502946563961634,6
2022-12-23,AAPL,0,0.23082118221284867,6
2022-12-23,AMZN,0,0.30269414560569236,6
2022-12-23,GOOGL,0,0.2098937654745917,6
2022-12-23,INTC,0,0.06834786366196954,6
2022-12-23,MSFT,0,0.6927502044101546,6
2022-12-23,NVDA,0,0.5367639890849188,6
2022-12-23,PFE,0,0.6179213724171355,6
2022-12-23,PYPL,0,0.6262952666832422,6
2022-12-23,ZM,0,0.6849951360843367,6
2022-12-27,AAPL,0,0.1994252138544974,6
2022-12-27,AMZN,1,0.5278865267770005,6
2022-12-27,GOOGL,0,0.39488138264864525,6
2022-12-27,INTC,1,0.10441681853617821,6
2022-12-27,MSFT,0,0.7207107417187415,6
2022-12-27,NVDA,1,0.3273857310930658,6
2022-12-27,PFE,0,0.4718756890444837,6
2022-12-27,PYPL,1,0.6149087984580388,6
2022-12-27,ZM,1,0.6394390034583486,6
2022-12-28,AAPL,1,0.2588417921454215,6
2022-12-28,AMZN,1,0.5255859546103451,6
2022-12-28,GOOGL,1,0.3623635238735445,6
2022-12-28,INTC,1,0.10951413730381791,6
2022-12-28,MSFT,1,0.7036135589158707,6
2022-12-28,NVDA,1,0.5502053365238486,6
2022-12-28,PFE,0,0.6511195164841274,6
2022-12-28,PYPL,1,0.6989084087497734,6
2022-12-28,ZM,1,0.49010581959753025,6
2022-12-29,AAPL,0,0.39004891340968845,6
2022-12-29,AMZN,0,0.40903081655473433,6
2022-12-29,GOOGL,0,0.2831105084191673,6
2022-12-29,INTC,1,0.1520837273588796,6
2022-12-29,MSFT,0,0.7303916260748073,6
2022-12-29,NVDA,0,0.557702473149978,6
2022-12-29,PFE,0,0.6706019774055563,6
2022-12-29,PYPL,1,0.39643273694740744,6
2022-12-29,ZM,0,0.39728525386593827,6
2022-12-30,AAPL,0,0.335185769923161,6
2022-12-30,AMZN,0,0.5882847668675717,6
2022-12-30,GOOGL,0,0.5696066591139869,6
2022-12-30,INTC,1,0.13366571555720522,6
2022-12-30,MSFT,0,0.7042472842348885,6
2022-12-30,NVDA,0,0.5895947953370094,6
2022-12-30,PFE,0,0.6095465113566592,6
2022-12-30,PYPL,1,0.521717272657706,6
2022-12-30,ZM,0,0.6031318544472515,6
2023-01-03,AAPL,1,0.3963628650453287,7
2023-01-03,AMZN,0,0.35014044367299935,7
2023-01-03,GOOGL,0,0.4342744878924172,7
2023-01-03,INTC,1,0.3641547132326949,7
2023-01-03,MSFT,0,0.40603746488692943,7
2023-01-03,NVDA,1,0.6435756469281285,7
2023-01-03,PFE,0,0.2744990155910969,7
2023-01-03,PYPL,1,0.5471179019523751,7
2023-01-03,ZM,0,0.5527193484154619,7
2023-01-04,AAPL,1,0.40861243282920184,7
2023-01-04,AMZN,0,0.5845503669725741,7
2023-01-04,GOOGL,0,0.49192777093975426,7
2023-01-04,INTC,1,0.2641814078868259,7
2023-01-04,MSFT,0,0.3015569756847781,7
2023-01-04,NVDA,0,0.4074016852158019,7
2023-01-04,PFE,0,0.2801496019711665,7
2023-01-04,PYPL,0,0.6268380444393726,7
2023-01-04,ZM,0,0.3391466815697427,7
2023-01-05,AAPL,1,0.41336442887994856,7
2023-01-05,AMZN,1,0.5530619744296529,7
2023-01-05,GOOGL,1,0.6661916877451752,7
2023-01-05,INTC,1,0.4396378073595373,7
2023-01-05,MSFT,1,0.7453247357339597,7
2023-01-05,NVDA,1,0.46599074429843357,7
2023-01-05,PFE,0,0.38107893335408316,7
2023-01-05,PYPL,0,0.6008334475423354,7
2023-01-05,ZM,1,0.5920420557654523,7
2023-01-06,AAPL,1,0.3732926038251051,7
2023-01-06,AMZN,1,0.4306185407335904,7
2023-01-06,GOOGL,1,0.44002369591590446,7
2023-01-06,INTC,1,0.6597795688809913,7
2023-01-06,MSFT,1,0.3747482988463737,7
2023-01-06,NVDA,1,0.48574842643769883,7
2023-01-06,PFE,0,0.2519776147016277,7
2023-01-06,PYPL,1,0.48856336080460744,7
2023-01-06,ZM,0,0.4697469223956142,7
2023-01-09,AAPL,1,0.41082827353558876,7
2023-01-09,AMZN,1,0.3655364784032946,7
2023-01-09,GOOGL,0,0.43054556409951394,7
2023-01-09,INTC,0,0.33755766076111104,7
2023-01-09,MSFT,1,0.3679763754273616,7
2023-01-09,NVDA,1,0.46177013116208343,7
2023-01-09,PFE,0,0.13405277957227588,7
2023-01-09,PYPL,1,0.7035573515923784,7
2023-01-09,ZM,0,0.5788394553587975,7
2023-01-10,AAPL,1,0.3941462057097302,7
2023-01-10,AMZN,1,0.5077612460749281,7
2023-01-10,GOOGL,1,0.4494193186043886,7
2023-01-10,INTC,0,0.33451543996930444,7
2023-01-10,MSFT,1,0.34902823113889503,7
2023-01-10,NVDA,0,0.5546165533392725,7
2023-01-10,PFE,0,0.34248056127461807,7
2023-01-10,PYPL,0,0.5901743300739735,7
2023-01-10,ZM,0,0.5887250891897079,7
2023-01-11,AAPL,1,0.4117483890874604,7
2023-01-11,AMZN,0,0.48236741817244444,7
2023-01-11,GOOGL,1,0.5425582214643899,7
2023-01-11,INTC,0,0.5217091738408656,7
2023-01-11,MSFT,1,0.45108848589032274,7
2023-01-11,NVDA,0,0.4697950690052362,7
2023-01-11,PFE,0,0.6097844604317378,7
2023-01-11,PYPL,0,0.5915426238924409,7
2023-01-11,ZM,0,0.5875257399204217,7
2023-01-12,AAPL,1,0.48873511111476964,7
2023-01-12,AMZN,0,0.5437483080098935,7
2023-01-12,GOOGL,1,0.412860094626946,7
2023-01-12,INTC,0,0.5075927903481585,7
2023-01-12,MSFT,0,0.4226891113259767,7
2023-01-12,NVDA,1,0.4627040064115893,7
2023-01-12,PFE,0,0.5716380083374032,7
2023-01-12,PYPL,0,0.5258652303894966,7
2023-01-12,ZM,0,0.5656849547742573,7
2023-01-13,AAPL,1,0.5900842157641819,7
2023-01-13,AMZN,0,0.5321425179959633,7
2023-01-13,GOOGL,0,0.46788226353115536,7
2023-01-13,INTC,0,0.6278321790780675,7
2023-01-13,MSFT,0,0.6791995885676791,7
2023-01-13,NVDA,1,0.7400892672156805,7
2023-01-13,PFE,0,0.5625604191128012,7
2023-01-13,PYPL,0,0.6068945451214649,7
2023-01-13,ZM,0,0.7301070764476334,7
2023-01-17,AAPL,1,0.5875893521296022,7
2023-01-17,AMZN,0,0.6781206576364643,7
2023-01-17,GOOGL,1,0.39508720299115646,7
2023-01-17,INTC,0,0.5846230656494857,7
2023-01-17,MSFT,0,0.6524396643489595,7
2023-01-17,NVDA,0,0.41886898878131384,7
2023-01-17,PFE,0,0.4347898168246308,7
2023-01-17,PYPL,0,0.5202796340168158,7
2023-01-17,ZM,0,0.5504304607029813,7
2023-01-18,AAPL,1,0.6277629696159938,7
2023-01-18,AMZN,0,0.5231873561629291,7
2023-01-18,GOOGL,1,0.5024539651757038,7
2023-01-18,INTC,1,0.5428952300543333,7
2023-01-18,MSFT,0,0.612986277623733,7
2023-01-18,NVDA,0,0.3439334549557668,7
2023-01-18,PFE,0,0.645167851644645,7
2023-01-18,PYPL,1,0.49717235020626777,7
2023-01-18,ZM,1,0.6435255713881337,7
2023-01-19,AAPL,1,0.5738120972284884,7
2023-01-19,AMZN,1,0.35876298792076644,7
2023-01-19,GOOGL,1,0.4422527848527482,7
2023-01-19,INTC,1,0.22339241053654674,7
2023-01-19,MSFT,1,0.5507028118269633,7
2023-01-19,NVDA,1,0.22408441840373383,7
2023-01-19,PFE,0,0.2954921716375668,7
2023-01-19,PYPL,1,0.4100656812670527,7
2023-01-19,ZM,1,0.5430316206059199,7
2023-01-20,AAPL,1,0.6462396188676176,7
2023-01-20,AMZN,0,0.36418181661071064,7
2023-01-20,GOOGL,0,0.3360928188822584,7
2023-01-20,INTC,0,0.2514977140689157,7
2023-01-20,MSFT,0,0.535698564581877,7
2023-01-20,NVDA,1,0.376755412757145,7
2023-01-20,PFE,0,0.2716341079318003,7
2023-01-20,PYPL,0,0.5657720160697598,7
2023-01-20,ZM,0,0.6298410463350369,7
2023-01-23,AAPL,1,0.5062192697569888,7
2023-01-23,AMZN,0,0.42588830046208503,7
2023-01-23,GOOGL,0,0.4787347347358259,7
2023-01-23,INTC,0,0.32847082306878983,7
2023-01-23,MSFT,0,0.6679916343085511,7
2023-01-23,NVDA,0,0.5318174286530674,7
2023-01-23,PFE,0,0.28138099004470796,7
2023-01-23,PYPL,0,0.6305756819535647,7
2023-01-23,ZM,0,0.6868477895532574,7
2023-01-24,AAPL,0,0.388732986765301,7
2023-01-24,AMZN,0,0.6211089596191824,7
2023-01-24,GOOGL,0,0.6216268158298304,7
2023-01-24,INTC,0,0.23930720114816184,7
2023-01-24,MSFT,0,0.7216640582034224,7
2023-01-24,NVDA,0,0.3195191495844171,7
2023-01-24,PFE,0,0.20573855410620856,7
2023-01-24,PYPL,0,0.5942922671690823,7
2023-01-24,ZM,0,0.5565385836547261,7
2023-01-25,AAPL,1,0.5066355384866572,7
2023-01-25,AMZN,1,0.3895957989674139,7
2023-01-25,GOOGL,1,0.455910826618766,7
2023-01-25,INTC,0,0.38361726726238154,7
2023-01-25,MSFT,1,0.7301015266918561,7
2023-01-25,NVDA,1,0.3382612685420938,7
2023-01-25,PFE,0,0.2231166745688228,7
2023-01-25,PYPL,1,0.6756700908875513,7
2023-01-25,ZM,1,0.5455024017903801,7
2023-01-26,AAPL,1,0.31766263803898,7
2023-01-26,AMZN,1,0.432114508068902,7
2023-01-26,GOOGL,1,0.46068460136363576,7
2023-01-26,INTC,0,0.30019606308289776,7
2023-01-26,MSFT,0,0.1695386051132193,7
2023-01-26,NVDA,0,0.4382583567706533,7
2023-01-26,PFE,0,0.18969994828359557,7
2023-01-26,PYPL,1,0.5211792880327869,7
2023-01-26,ZM,1,0.5387799726498266,7
2023-01-27,AAPL,0,0.42203930990528477,7
2023-01-27,AMZN,0,0.5020172589653288,7
2023-01-27,GOOGL,0,0.45179335178446484,7
2023-01-27,INTC,1,0.13023873863313362,7
2023-01-27,MSFT,0,0.3490801988182577,7
2023-01-27,NVDA,0,0.45146199351150706,7
2023-01-27,PFE,0,0.38230689533579537,7
2023-01-27,PYPL,0,0.5215967008717297,7
2023-01-27,ZM,1,0.5320948808092608,7
2023-01-30,AAPL,1,0.32852877825554433,7
2023-01-30,AMZN,1,0.29954805790060335,7
2023-01-30,GOOGL,1,0.49304740581682444,7
2023-01-30,INTC,1,0.2964420742311515,7
2023-01-30,MSFT,1,0.5304006569889692,7
2023-01-30,NVDA,1,0.3168541423512189,7
2023-01-30,PFE,0,0.22565465275023644,7
2023-01-30,PYPL,1,0.5598016913051179,7
2023-01-30,ZM,1,0.6107408727436553,7
2023-01-31,AAPL,1,0.2920894109260626,7
2023-01-31,AMZN,1,0.48711851622038654,7
2023-01-31,GOOGL,1,0.576313238872806,7
2023-01-31,INTC,1,0.3774182863429909,7
2023-01-31,MSFT,1,0.4402613593963392,7
2023-01-31,NVDA,1,0.3697609795456572,7
2023-01-31,PFE,0,0.16375937461089304,7
2023-01-31,PYPL,0,0.5238650354598853,7
2023-01-31,ZM,1,0.6136006317281821,7
2023-02-01,AAPL,1,0.4063052964593997,7
2023-02-01,AMZN,1,0.5465258019768207,7
2023-02-01,GOOGL,1,0.4514226564204958,7
2023-02-01,INTC,1,0.3219199176110204,7
2023-02-01,MSFT,1,0.32241708031527894,7
2023-02-01,NVDA,1,0.4596802151266465,7
2023-02-01,PFE,0,0.25552009939111964,7
2023-02-01,PYPL,1,0.5142267583228707,7
2023-02-01,ZM,1,0.42074583306004376,7
2023-02-02,AAPL,0,0.2107229183461011,7
2023-02-02,AMZN,0,0.5180097155636673,7
2023-02-02,GOOGL,0,0.6663858451263008,7
2023-02-02,INTC,0,0.4746702632584337,7
2023-02-02,MSFT,0,0.3781489416639114,7
2023-02-02,NVDA,0,0.2598257098245398,7
2023-02-02,PFE,0,0.26525540931501557,7
2023-02-02,PYPL,0,0.47944107491399496,7
2023-02-02,ZM,0,0.6237638929342435,7
2023-02-03,AAPL,0,0.16131160898268232,7
2023-02-03,AMZN,0,0.44368396516835784,7
2023-02-03,GOOGL,0,0.664196770511793,7
2023-02-03,INTC,0,0.4717216685359107,7
2023-02-03,MSFT,1,0.49108726036777595,7
2023-02-03,NVDA,1,0.21290042804778672,7
2023-02-03,PFE,0,0.1579068135709036,7
2023-02-03,PYPL,0,0.3241829281266934,7
2023-02-03,ZM,0,0.5531031926555805,7
2023-02-06,AAPL,0,0.5113295540368724,7
2023-02-06,AMZN,0,0.28956351456821744,7
2023-02-06,GOOGL,0,0.49633583204337284,7
2023-02-06,INTC,0,0.3997153431709024,7
2023-02-06,MSFT,1,0.31600660690228993,7
2023-02-06,NVDA,1,0.13079750726578857,7
2023-02-06,PFE,0,0.10859823523897676,7
2023-02-06,PYPL,0,0.3659256526303793,7
2023-02-06,ZM,1,0.6666399235830874,7
2023-02-07,AAPL,0,0.11549827291881147,7
2023-02-07,AMZN,0,0.398800027840389,7
2023-02-07,GOOGL,0,0.34542548513413646,7
2023-02-07,INTC,0,0.3680338983257889,7
2023-02-07,MSFT,0,0.4585574619304968,7
2023-02-07,NVDA,0,0.11111051682053207,7
2023-02-07,PFE,0,0.1391598301413641,7
2023-02-07,PYPL,0,0.4260776304127876,7
2023-02-07,ZM,0,0.5501224486276586,7
2023-02-08,AAPL,0,0.5653459347966401,7
2023-02-08,AMZN,0,0.5494073911916384,7
2023-02-08,GOOGL,0,0.5961468304248012,7
2023-02-08,INTC,0,0.6621247783180396,7
2023-02-08,MSFT,0,0.5494977144695871,7
2023-02-08,NVDA,0,0.16964484116485606,7
2023-02-08,PFE,0,0.2244417021587752,7
2023-02-08,PYPL,0,0.5358476076830484,7
2023-02-08,ZM,0,0.5580236250435199,7
2023-02-09,AAPL,0,0.5782483678071167,7
2023-02-09,AMZN,0,0.5426107549729728,7
2023-02-09,GOOGL,0,0.6489355911339328,7
2023-02-09,INTC,0,0.5105687771834526,7
2023-02-09,MSFT,0,0.44864309081052456,7
2023-02-09,NVDA,0,0.15414500677926515,7
2023-02-09,PFE,0,0.14522289374597486,7
2023-02-09,PYPL,0,0.21037007531102056,7
2023-02-09,ZM,0,0.7373632700502218,7
2023-02-10,AAPL,0,0.4372230084575591,7
2023-02-10,AMZN,0,0.416686011638004,7
2023-02-10,GOOGL,0,0.4065286364991987,7
2023-02-10,INTC,0,0.28753748672618784,7
2023-02-10,MSFT,0,0.3937362733817992,7
2023-02-10,NVDA,1,0.595651618175493,7
2023-02-10,PFE,0,0.46153955261210394,7
2023-02-10,PYPL,0,0.5153957133638007,7
2023-02-10,ZM,1,0.5732312255240465,7
2023-02-13,AAPL,0,0.4390808224968027,7
2023-02-13,AMZN,0,0.3250329316850271,7
2023-02-13,GOOGL,0,0.40285932692991866,7
2023-02-13,INTC,0,0.28851994744002313,7
2023-02-13,MSFT,0,0.3006280675787269,7
2023-02-13,NVDA,0,0.3215924851932779,7
2023-02-13,PFE,0,0.5124329105630537,7
2023-02-13,PYPL,0,0.25321583565281025,7
2023-02-13,ZM,0,0.43202011601054047,7
2023-02-14,AAPL,0,0.5287132096879451,7
2023-02-14,AMZN,0,0.3427597581302119,7
2023-02-14,GOOGL,0,0.3764711297182453,7
2023-02-14,INTC,0,0.5619687813194064,7
2023-02-14,MSFT,0,0.2945490093425055,7
2023-02-14,NVDA,0,0.09156235395987418,7
2023-02-14,PFE,0,0.5126841001783115,7
2023-02-14,PYPL,0,0.4109787968138297,7
2023-02-14,ZM,0,0.4969839159988617,7
2023-02-15,AAPL,0,0.3622143200342583,7
2023-02-15,AMZN,0,0.3173241768718469,7
2023-02-15,GOOGL,0,0.3635150118260193,7
2023-02-15,INTC,0,0.5115142857139124,7
2023-02-15,MSFT,0,0.2799904614518335,7
2023-02-15,NVDA,0,0.407500586766456,7
2023-02-15,PFE,0,0.4386593538428626,7
2023-02-15,PYPL,0,0.2952638040087339,7
2023-02-15,ZM,0,0.6219031090026234,7
2023-02-16,AAPL,0,0.41167210418651284,7
2023-02-16,AMZN,0,0.4464462365510817,7
2023-02-16,GOOGL,0,0.4060852052993173,7
2023-02-16,INTC,0,0.4990910718541745,7
2023-02-16,MSFT,0,0.4505839946049698,7
2023-02-16,NVDA,0,0.4441955778430416,7
2023-02-16,PFE,0,0.5533203519196292,7
2023-02-16,PYPL,0,0.4616939585477839,7
2023-02-16,ZM,0,0.44460975558512233,7
2023-02-17,AAPL,0,0.41332680854590687,7
2023-02-17,AMZN,0,0.33918510480903874,7
2023-02-17,GOOGL,0,0.34986877610754397,7
2023-02-17,INTC,0,0.6438547564076289,7
2023-02-17,MSFT,0,0.39369998573745413,7
2023-02-17,NVDA,0,0.7079607564073321,7
2023-02-17,PFE,0,0.7756220051111996,7
2023-02-17,PYPL,0,0.4864053610569359,7
2023-02-17,ZM,0,0.5676125615891386,7
2023-02-21,AAPL,0,0.5946090565888297,7
2023-02-21,AMZN,0,0.5384403122327445,7
2023-02-21,GOOGL,0,0.5572618002764823,7
2023-02-21,INTC,0,0.5017510754425583,7
2023-02-21,MSFT,0,0.45220970308629244,7
2023-02-21,NVDA,1,0.4596692111045125,7
2023-02-21,PFE,0,0.5080799998065956,7
2023-02-21,PYPL,0,0.4459265018085645,7
2023-02-21,ZM,1,0.3843253499419043,7
2023-02-22,AAPL,0,0.5152613586286326,7
2023-02-22,AMZN,0,0.33551657028307713,7
2023-02-22,GOOGL,0,0.48813036719580993,7
2023-02-22,INTC,0,0.592308704376667,7
2023-02-22,MSFT,1,0.45748408019642495,7
2023-02-22,NVDA,1,0.8149518323310403,7
2023-02-22,PFE,0,0.4338841285851151,7
2023-02-22,PYPL,0,0.4266186094468049,7
2023-02-22,ZM,1,0.3887886750817618,7
2023-02-23,AAPL,0,0.4611938997203862,7
2023-02-23,AMZN,0,0.5371119656341309,7
2023-02-23,GOOGL,0,0.3910859504632955,7
2023-02-23,INTC,0,0.18567309111054553,7
2023-02-23,MSFT,0,0.4090532074699,7
2023-02-23,NVDA,0,0.7387003659613636,7
2023-02-23,PFE,0,0.40536105960884644,7
2023-02-23,PYPL,0,0.2882341432117028,7
2023-02-23,ZM,0,0.3260236608650537,7
2023-02-24,AAPL,1,0.39229549342575254,7
2023-02-24,AMZN,0,0.5443332791441174,7
2023-02-24,GOOGL,1,0.5788032681337129,7
2023-02-24,INTC,1,0.45492235091356303,7
2023-02-24,MSFT,1,0.4029206233410355,7
2023-02-24,NVDA,0,0.7556179590685446,7
2023-02-24,PFE,0,0.47962979599360267,7
2023-02-24,PYPL,1,0.4385083635331734,7
2023-02-24,ZM,0,0.4968563216436552,7
2023-02-27,AAPL,1,0.5244733526037492,7
2023-02-27,AMZN,0,0.6389709974403794,7
2023-02-27,GOOGL,1,0.6600627698873288,7
2023-02-27,INTC,1,0.15819639319418455,7
2023-02-27,MSFT,1,0.3089305259263369,7
2023-02-27,NVDA,0,0.8369371553986706,7
2023-02-27,PFE,0,0.6468308218175736,7
2023-02-27,PYPL,1,0.6550948547200437,7
2023-02-27,ZM,0,0.4452815546625222,7
2023-02-28,AAPL,1,0.4439561383215626,7
2023-02-28,AMZN,0,0.5305191762673211,7
2023-02-28,GOOGL,1,0.665131630519762,7
2023-02-28,INTC,1,0.19349024520157682,7
2023-02-28,MSFT,1,0.3434459931993694,7
2023-02-28,NVDA,0,0.7721527848869061,7
2023-02-28,PFE,0,0.2962094468475058,7
2023-02-28,PYPL,1,0.4344447728226337,7
2023-02-28,ZM,0,0.46290075822847576,7
2023-03-01,AAPL,1,0.33168068157001296,7
2023-03-01,AMZN,1,0.5198215233193375,7
2023-03-01,GOOGL,1,0.3995273151021169,7
2023-03-01,INTC,1,0.18979981959264217,7
2023-03-01,MSFT,1,0.4114079474845573,7
2023-03-01,NVDA,1,0.4600919258065691,7
2023-03-01,PFE,0,0.4896088745522716,7
2023-03-01,PYPL,1,0.4727159874867162,7
2023-03-01,ZM,1,0.2195600918633664,7
2023-03-02,AAPL,1,0.4019147382922795,7
2023-03-02,AMZN,1,0.4467292398045045,7
2023-03-02,GOOGL,0,0.49048587896224105,7
2023-03-02,INTC,0,0.2432432444824364,7
2023-03-02,MSFT,1,0.3358557823347538,7
2023-03-02,NVDA,1,0.7168970203852141,7
2023-03-02,PFE,0,0.41327787583729225,7
2023-03-02,PYPL,1,0.5251593472172823,7
2023-03-02,ZM,0,0.452448795384874,7
2023-03-03,AAPL,1,0.5751316695076765,7
2023-03-03,AMZN,0,0.41484064351141986,7
2023-03-03,GOOGL,0,0.42909556672619376,7
2023-03-03,INTC,0,0.35820651499235506,7
2023-03-03,MSFT,0,0.3893015826229225,7
2023-03-03,NVDA,0,0.8226287263953941,7
2023-03-03,PFE,0,0.2899722901721191,7
2023-03-03,PYPL,0,0.5067322396266596,7
2023-03-03,ZM,0,0.5469923467627286,7
2023-03-06,AAPL,0,0.5167802743456982,7
2023-03-06,AMZN,0,0.5461493213746824,7
2023-03-06,GOOGL,0,0.3644459564988009,7
2023-03-06,INTC,1,0.3297431715586587,7
2023-03-06,MSFT,0,0.46614561672450616,7
2023-03-06,NVDA,0,0.6391880020435007,7
2023-03-06,PFE,0,0.2616031211546818,7
2023-03-06,PYPL,0,0.4590805376732816,7
2023-03-06,ZM,0,0.5202771043963781,7
2023-03-07,AAPL,0,0.43918307951414437,7
2023-03-07,AMZN,0,0.46498723490823013,7
2023-03-07,GOOGL,0,0.3578162552552508,7
2023-03-07,INTC,1,0.5779879830472234,7
2023-03-07,MSFT,0,0.38090427030050106,7
2023-03-07,NVDA,1,0.6238164300112793,7
2023-03-07,PFE,0,0.2987889901923304,7
2023-03-07,PYPL,1,0.6369225696870604,7
2023-03-07,ZM,0,0.738096982796319,7
2023-03-08,AAPL,0,0.531947521493463,7
2023-03-08,AMZN,0,0.51946888422184,7
2023-03-08,GOOGL,0,0.4443265007055139,7
2023-03-08,INTC,1,0.3363552191552441,7
2023-03-08,MSFT,0,0.26005955286297616,7
2023-03-08,NVDA,0,0.8632129207874402,7
2023-03-08,PFE,0,0.20033420255629136,7
2023-03-08,PYPL,1,0.5033847049283452,7
2023-03-08,ZM,0,0.2595899182007175,7
2023-03-09,AAPL,1,0.3024359593179502,7
2023-03-09,AMZN,0,0.3133373978734292,7
2023-03-09,GOOGL,0,0.3381814787232796,7
2023-03-09,INTC,1,0.27572802792851,7
2023-03-09,MSFT,0,0.33317071590465785,7
2023-03-09,NVDA,0,0.6859549778831766,7
2023-03-09,PFE,0,0.25586169028667327,7
2023-03-09,PYPL,0,0.4694584782963946,7
2023-03-09,ZM,0,0.31041556425973327,7
2023-03-10,AAPL,1,0.41501487813241345,7
2023-03-10,AMZN,0,0.22077749389702714,7
2023-03-10,GOOGL,1,0.3849248883176451,7
2023-03-10,INTC,0,0.42358975781464364,7
2023-03-10,MSFT,1,0.43746637366630614,7
2023-03-10,NVDA,0,0.5911711580482689,7
2023-03-10,PFE,0,0.34347156632590886,7
2023-03-10,PYPL,0,0.5035954061999969,7
2023-03-10,ZM,0,0.3051340183100758,7
2023-03-13,AAPL,1,0.6080648394810139,7
2023-03-13,AMZN,1,0.4617528573031205,7
2023-03-13,GOOGL,1,0.417677547115232,7
2023-03-13,INTC,1,0.4126888383921014,7
2023-03-13,MSFT,1,0.6558441825219243,7
2023-03-13,NVDA,1,0.77785705765219,7
2023-03-13,PFE,1,0.26079994594336486,7
2023-03-13,PYPL,1,0.5927040854055176,7
2023-03-13,ZM,1,0.49955715475174506,7
2023-03-14,AAPL,1,0.609242246287842,7
2023-03-14,AMZN,1,0.503408491014246,7
2023-03-14,GOOGL,1,0.4671716905325058,7
2023-03-14,INTC,1,0.2723264781776388,7
2023-03-14,MSFT,1,0.4606167515685374,7
2023-03-14,NVDA,0,0.6277911112840031,7
2023-03-14,PFE,0,0.4393694769852937,7
2023-03-14,PYPL,1,0.5421420809808689,7
2023-03-14,ZM,1,0.45644089070063804,7
2023-03-15,AAPL,1,0.5279029636972188,7
2023-03-15,AMZN,1,0.3692287920881121,7
2023-03-15,GOOGL,1,0.3673125830285843,7
2023-03-15,INTC,1,0.2986322954538002,7
2023-03-15,MSFT,1,0.4140161554487267,7
2023-03-15,NVDA,1,0.6773151316918061,7
2023-03-15,PFE,1,0.3801908362179208,7
2023-03-15,PYPL,0,0.48491536063326207,7
2023-03-15,ZM,0,0.4498395815088998,7
2023-03-16,AAPL,1,0.5274440413575303,7
2023-03-16,AMZN,0,0.4996743746699257,7
2023-03-16,GOOGL,1,0.3564195183545496,7
2023-03-16,INTC,0,0.374100878223918,7
2023-03-16,MSFT,0,0.6917779326804282,7
2023-03-16,NVDA,1,0.6995462807971757,7
2023-03-16,PFE,1,0.5344235416488267,7
2023-03-16,PYPL,0,0.5940321658408971,7
2023-03-16,ZM,0,0.5570594519586785,7
2023-03-17,AAPL,1,0.5973446603882026,7
2023-03-17,AMZN,0,0.4812167392161145,7
2023-03-17,GOOGL,1,0.32823446454585986,7
2023-03-17,INTC,0,0.42693461655357406,7
2023-03-17,MSFT,0,0.7096656588103998,7
2023-03-17,NVDA,0,0.8358510507026333,7
2023-03-17,PFE,1,0.5677024187127416,7
2023-03-17,PYPL,1,0.43269614041038257,7
2023-03-17,ZM,0,0.474367830538097,7
2023-03-20,AAPL,1,0.5832910572116379,7
2023-03-20,AMZN,1,0.4445646542370274,7
2023-03-20,GOOGL,1,0.41947408408058506,7
2023-03-20,INTC,0,0.45896517995511793,7
2023-03-20,MSFT,1,0.7067813518100803,7
2023-03-20,NVDA,1,0.5071813101263007,7
2023-03-20,PFE,0,0.8226744884993522,7
2023-03-20,PYPL,1,0.5813898594292743,7
2023-03-20,ZM,1,0.3851125748993801,7
2023-03-21,AAPL,0,0.5346853596167348,7
2023-03-21,AMZN,0,0.6048439541183573,7
2023-03-21,GOOGL,0,0.5692866007396681,7
2023-03-21,INTC,1,0.5967472639609221,7
2023-03-21,MSFT,1,0.6231706632873707,7
2023-03-21,NVDA,1,0.657003297067463,7
2023-03-21,PFE,0,0.7488997722883948,7
2023-03-21,PYPL,0,0.5522872812230138,7
2023-03-21,ZM,0,0.796476769427675,7
2023-03-22,AAPL,1,0.5765156766171222,7
2023-03-22,AMZN,0,0.4638181984305986,7
2023-03-22,GOOGL,0,0.3260398939293318,7
2023-03-22,INTC,1,0.6174669913464967,7
2023-03-22,MSFT,1,0.6514423240051017,7
2023-03-22,NVDA,0,0.5505518462420386,7
2023-03-22,PFE,1,0.4785371875268162,7
2023-03-22,PYPL,0,0.7285547745624442,7
2023-03-22,ZM,1,0.4073689990531909,7
2023-03-23,AAPL,1,0.5066499161179159,7
2023-03-23,AMZN,0,0.5124613341317692,7
2023-03-23,GOOGL,0,0.4344285590362749,7
2023-03-23,INTC,1,0.5061931232692162,7
2023-03-23,MSFT,1,0.5926475457817342,7
2023-03-23,NVDA,0,0.17816268386858364,7
2023-03-23,PFE,1,0.6030959361686045,7
2023-03-23,PYPL,1,0.6610635156669188,7
2023-03-23,ZM,0,0.5592408882924991,7
2023-03-24,AAPL,0,0.6184049546676084,7
2023-03-24,AMZN,1,0.5758777576012963,7
2023-03-24,GOOGL,0,0.49604706663679504,7
2023-03-24,INTC,0,0.5654334186352844,7
2023-03-24,MSFT,0,0.5207040100248586,7
2023-03-24,NVDA,0,0.1183779827060085,7
2023-03-24,PFE,1,0.47019031174689524,7
2023-03-24,PYPL,0,0.4510873197330543,7
2023-03-24,ZM,0,0.5713497155026314,7
2023-03-27,AAPL,1,0.613024394882348,7
2023-03-27,AMZN,1,0.46537912125640296,7
2023-03-27,GOOGL,0,0.6198901875112347,7
2023-03-27,INTC,1,0.5575718593647366,7
2023-03-27,MSFT,1,0.4629206711059448,7
2023-03-27,NVDA,0,0.18987833114909394,7
2023-03-27,PFE,1,0.618520917560616,7
2023-03-27,PYPL,0,0.5100665794751255,7
2023-03-27,ZM,1,0.6273653526803615,7
2023-03-28,AAPL,1,0.702755373817823,7
2023-03-28,AMZN,1,0.5354678763410038,7
2023-03-28,GOOGL,1,0.5488043308245285,7
2023-03-28,INTC,1,0.45076622684976064,7
2023-03-28,MSFT,1,0.43602477653789573,7
2023-03-28,NVDA,1,0.3048783106694407,7
2023-03-28,PFE,1,0.6407034299234282,7
2023-03-28,PYPL,1,0.6565591936028929,7
2023-03-28,ZM,1,0.5399239488847982,7
2023-03-29,AAPL,1,0.6808026900451487,7
2023-03-29,AMZN,1,0.4774879896595042,7
2023-03-29,GOOGL,1,0.47583700208104784,7
2023-03-29,INTC,1,0.418332558224952,7
2023-03-29,MSFT,1,0.325028809857097,7
2023-03-29,NVDA,0,0.5810191783490427,7
2023-03-29,PFE,1,0.6444972566112706,7
2023-03-29,PYPL,0,0.4664517708600782,7
2023-03-29,ZM,1,0.42332148188149776,7
2023-03-30,AAPL,0,0.23423104006574821,7
2023-03-30,AMZN,0,0.5371802684987272,7
2023-03-30,GOOGL,1,0.3971453863880138,7
2023-03-30,INTC,1,0.35955780305792095,7
2023-03-30,MSFT,0,0.30878664875203976,7
2023-03-30,NVDA,0,0.693727056077833,7
2023-03-30,PFE,1,0.7559388694874549,7
2023-03-30,PYPL,0,0.5975174608208981,7
2023-03-30,ZM,0,0.45879322168073366,7
2023-03-31,AAPL,0,0.2719547414753553,7
2023-03-31,AMZN,0,0.6405561254732127,7
2023-03-31,GOOGL,1,0.44260184121686647,7
2023-03-31,INTC,0,0.5003666874075032,7
2023-03-31,MSFT,0,0.2710026361461934,7
2023-03-31,NVDA,0,0.7694101016568137,7
2023-03-31,PFE,0,0.7317308861670615,7
2023-03-31,PYPL,0,0.6930563965011981,7
2023-03-31,ZM,0,0.4906406030055636,7
2023-04-03,AAPL,0,0.3257878906383421,7
2023-04-03,AMZN,0,0.5779537499306145,7
2023-04-03,GOOGL,1,0.5193052354404701,7
2023-04-03,INTC,0,0.5662425794836228,7
2023-04-03,MSFT,0,0.26467945785315283,7
2023-04-03,NVDA,0,0.6092740060786588,7
2023-04-03,PFE,0,0.475396947738609,7
2023-04-03,PYPL,0,0.49472956567255255,7
2023-04-03,ZM,0,0.3690169766339998,7
2023-04-04,AAPL,0,0.28395359181984153,7
2023-04-04,AMZN,0,0.40456394121902095,7
2023-04-04,GOOGL,1,0.42471404793451933,7
2023-04-04,INTC,0,0.3051216828623684,7
2023-04-04,MSFT,0,0.15125570834603277,7
2023-04-04,NVDA,0,0.4906930402402514,7
2023-04-04,PFE,0,0.6134173106585901,7
2023-04-04,PYPL,0,0.3683861230445198,7
2023-04-04,ZM,0,0.47012096193647174,7
2023-04-05,AAPL,0,0.4051104334705669,7
2023-04-05,AMZN,0,0.512425145684069,7
2023-04-05,GOOGL,1,0.4123709329020823,7
2023-04-05,INTC,0,0.2557319137962719,7
2023-04-05,MSFT,0,0.40839838227168856,7
2023-04-05,NVDA,0,0.5923700695002501,7
2023-04-05,PFE,0,0.7970942992238825,7
2023-04-05,PYPL,0,0.555015796370857,7
2023-04-05,ZM,0,0.6750185889643391,7
2023-04-06,AAPL,0,0.3725405851164438,7
2023-04-06,AMZN,0,0.419780594468723,7
2023-04-06,GOOGL,0,0.6478667152862838,7
2023-04-06,INTC,0,0.2742275003850205,7
2023-04-06,MSFT,0,0.5557576422365724,7
2023-04-06,NVDA,0,0.6210352432710906,7
2023-04-06,PFE,0,0.7793064034175684,7
2023-04-06,PYPL,0,0.5176555370121219,7
2023-04-06,ZM,0,0.5439951195003239,7
2023-04-10,AAPL,1,0.6808387351957296,7
2023-04-10,AMZN,0,0.36023180162962015,7
2023-04-10,GOOGL,0,0.5390983188740394,7
2023-04-10,INTC,0,0.32222956688166754,7
2023-04-10,MSFT,0,0.465864591812766,7
2023-04-10,NVDA,0,0.5022683555696557,7
2023-04-10,PFE,0,0.6208225575733279,7
2023-04-10,PYPL,0,0.5058262076319751,7
2023-04-10,ZM,0,0.5193052116501586,7
2023-04-11,AAPL,1,0.7136936151446933,7
2023-04-11,AMZN,0,0.6029324258706737,7
2023-04-11,GOOGL,1,0.5390209188430004,7
2023-04-11,INTC,0,0.5614017114050313,7
2023-04-11,MSFT,0,0.41549333826354523,7
2023-04-11,NVDA,0,0.6373466206108336,7
2023-04-11,PFE,0,0.6955452490911452,7
2023-04-11,PYPL,1,0.4873701853023754,7
2023-04-11,ZM,0,0.46134538659718755,7
2023-04-12,AAPL,1,0.7134186915313135,7
2023-04-12,AMZN,1,0.5897216314433251,7
2023-04-12,GOOGL,1,0.5433158013454044,7
2023-04-12,INTC,0,0.6634276031473615,7
2023-04-12,MSFT,0,0.5304265898442978,7
2023-04-12,NVDA,1,0.7362364117511575,7
2023-04-12,PFE,0,0.7146383589343093,7
2023-04-12,PYPL,1,0.37890063531032736,7
2023-04-12,ZM,1,0.6196488942191715,7
2023-04-13,AAPL,0,0.6448720681556844,7
2023-04-13,AMZN,1,0.6020672336587648,7
2023-04-13,GOOGL,0,0.8484010766599331,7
2023-04-13,INTC,0,0.7546909841070463,7
2023-04-13,MSFT,0,0.4899964429539235,7
2023-04-13,NVDA,1,0.38423569969563254,7
2023-04-13,PFE,0,0.7992810284923719,7
2023-04-13,PYPL,0,0.6746563466127897,7
2023-04-13,ZM,0,0.7150294824850232,7
2023-04-14,AAPL,1,0.7586170092639551,7
2023-04-14,AMZN,1,0.6372947335284326,7
2023-04-14,GOOGL,0,0.7811124850269673,7
2023-04-14,INTC,0,0.5325148736760591,7
2023-04-14,MSFT,0,0.5427738042189207,7
2023-04-14,NVDA,1,0.5249620213451897,7
2023-04-14,PFE,0,0.7263435741630234,7
2023-04-14,PYPL,0,0.6220513777765921,7
2023-04-14,ZM,0,0.6210657493717627,7
2023-04-17,AAPL,1,0.6803374500619586,7
2023-04-17,AMZN,1,0.6827164800434548,7
2023-04-17,GOOGL,0,0.9052647571923601,7
2023-04-17,INTC,0,0.7020478712728503,7
2023-04-17,MSFT,0,0.5531494471249018,7
2023-04-17,NVDA,1,0.3923190200310054,7
2023-04-17,PFE,0,0.6452403821565098,7
2023-04-17,PYPL,0,0.3479126631562061,7
2023-04-17,ZM,0,0.70734760547457,7
2023-04-18,AAPL,0,0.5801417922750853,7
2023-04-18,AMZN,1,0.6774254536980511,7
2023-04-18,GOOGL,0,0.575251729405136,7
2023-04-18,INTC,0,0.5242968734997576,7
2023-04-18,MSFT,0,0.5472696804295512,7
2023-04-18,NVDA,0,0.37235036970895724,7
2023-04-18,PFE,0,0.5354573968877333,7
2023-04-18,PYPL,0,0.44957803019048004,7
2023-04-18,ZM,0,0.5801361550373098,7
2023-04-19,AAPL,0,0.559219711450538,7
2023-04-19,AMZN,1,0.6571164269900123,7
2023-04-19,GOOGL,1,0.590531883062169,7
2023-04-19,INTC,0,0.5314705449556046,7
2023-04-19,MSFT,0,0.6476101218807394,7
2023-04-19,NVDA,0,0.45185042613244714,7
2023-04-19,PFE,0,0.6457791347537001,7
2023-04-19,PYPL,0,0.3815689149613871,7
2023-04-19,ZM,0,0.385922293273839,7
2023-04-20,AAPL,0,0.7299261932259249,7
2023-04-20,AMZN,1,0.6582037871659702,7
2023-04-20,GOOGL,0,0.6111979523325937,7
2023-04-20,INTC,0,0.35288399476996857,7
2023-04-20,MSFT,0,0.7067868199201753,7
2023-04-20,NVDA,0,0.5104381860030386,7
2023-04-20,PFE,0,0.6283776132291918,7
2023-04-20,PYPL,0,0.6711086247519641,7
2023-04-20,ZM,0,0.6947452770847138,7
2023-04-21,AAPL,1,0.6516625123394159,7
2023-04-21,AMZN,0,0.582445300562753,7
2023-04-21,GOOGL,0,0.485508460690291,7
2023-04-21,INTC,0,0.2685647850786045,7
2023-04-21,MSFT,0,0.6860562282203652,7
2023-04-21,NVDA,0,0.279738399573502,7
2023-04-21,PFE,0,0.552013507921406,7
2023-04-21,PYPL,0,0.47360983929710565,7
2023-04-21,ZM,0,0.5561118968330926,7
2023-04-24,AAPL,1,0.6325649097968435,7
2023-04-24,AMZN,0,0.6362625032786785,7
2023-04-24,GOOGL,0,0.5549858684481324,7
2023-04-24,INTC,0,0.38569620133378274,7
2023-04-24,MSFT,0,0.7650731202685939,7
2023-04-24,NVDA,0,0.4627989139920734,7
2023-04-24,PFE,0,0.5746121980811443,7
2023-04-24,PYPL,0,0.4821681037332894,7
2023-04-24,ZM,0,0.27610127106969634,7
2023-04-25,AAPL,1,0.7082899650129187,7
2023-04-25,AMZN,1,0.6303388153614294,7
2023-04-25,GOOGL,1,0.5856098773554538,7
2023-04-25,INTC,1,0.5616813446092278,7
2023-04-25,MSFT,1,0.7052522559080455,7
2023-04-25,NVDA,1,0.4674892475505838,7
2023-04-25,PFE,0,0.5121534939435668,7
2023-04-25,PYPL,1,0.5297645665268558,7
2023-04-25,ZM,0,0.4564127254579133,7
2023-04-26,AAPL,1,0.7186375775362067,7
2023-04-26,AMZN,1,0.8044723196354778,7
2023-04-26,GOOGL,1,0.6979063332719024,7
2023-04-26,INTC,0,0.15215042273278698,7
2023-04-26,MSFT,1,0.41613297363519147,7
2023-04-26,NVDA,1,0.33627926035160555,7
2023-04-26,PFE,0,0.48602948174721694,7
2023-04-26,PYPL,1,0.44090139898164316,7
2023-04-26,ZM,1,0.6201125023705769,7
2023-04-27,AAPL,0,0.5413624716592526,7
2023-04-27,AMZN,0,0.6729974624596592,7
2023-04-27,GOOGL,0,0.6632104167912486,7
2023-04-27,INTC,1,0.1475624426353967,7
2023-04-27,MSFT,1,0.21530743373927672,7
2023-04-27,NVDA,1,0.30320609857822284,7
2023-04-27,PFE,0,0.45239065240287063,7
2023-04-27,PYPL,0,0.5992073218678705,7
2023-04-27,ZM,1,0.4157537081338964,7
2023-04-28,AAPL,0,0.3364500747549422,7
2023-04-28,AMZN,0,0.5555654067079172,7
2023-04-28,GOOGL,0,0.6237527566624107,7
2023-04-28,INTC,0,0.19013442758128477,7
2023-04-28,MSFT,0,0.39803879613698007,7
2023-04-28,NVDA,1,0.21908763177741974,7
2023-04-28,PFE,0,0.4403924628053059,7
2023-04-28,PYPL,0,0.6254047396048542,7
2023-04-28,ZM,1,0.497037162903863,7
2023-05-01,AAPL,0,0.27488673543971304,7
2023-05-01,AMZN,1,0.7381575442616966,7
2023-05-01,GOOGL,0,0.5627356361942664,7
2023-05-01,INTC,1,0.3321531189804949,7
2023-05-01,MSFT,1,0.5475036219638916,7
2023-05-01,NVDA,0,0.6838306675444683,7
2023-05-01,PFE,0,0.341035597942023,7
2023-05-01,PYPL,0,0.5168544881520137,7
2023-05-01,ZM,1,0.5947764019831412,7
2023-05-02,AAPL,0,0.45816301482887206,7
2023-05-02,AMZN,1,0.7887064869257803,7
2023-05-02,GOOGL,1,0.4758575998976643,7
2023-05-02,INTC,1,0.18704880942069127,7
2023-05-02,MSFT,1,0.5349107247689201,7
2023-05-02,NVDA,0,0.7830066819494143,7
2023-05-02,PFE,0,0.41025099829824724,7
2023-05-02,PYPL,1,0.37783481765619836,7
2023-05-02,ZM,1,0.4887636477050859,7
2023-05-03,AAPL,1,0.501863597526393,7
2023-05-03,AMZN,1,0.7421952420704442,7
2023-05-03,GOOGL,1,0.503884149194792,7
2023-05-03,INTC,0,0.36078137276886374,7
2023-05-03,MSFT,1,0.5906231760339441,7
2023-05-03,NVDA,1,0.41362330784344603,7
2023-05-03,PFE,0,0.393685681282414,7
2023-05-03,PYPL,1,0.38895278562645874,7
2023-05-03,ZM,1,0.37073590212301377,7
2023-05-04,AAPL,1,0.33879286782707835,7
2023-05-04,AMZN,1,0.6866483311719862,7
2023-05-04,GOOGL,1,0.4977718581091747,7
2023-05-04,INTC,0,0.23144534777892495,7
2023-05-04,MSFT,1,0.6031436691862082,7
2023-05-04,NVDA,1,0.54451819998608,7
2023-05-04,PFE,0,0.29525457756854745,7
2023-05-04,PYPL,1,0.6166682548608268,7
2023-05-04,ZM,1,0.20899810365231017,7
2023-05-05,AAPL,0,0.1607413291432978,7
2023-05-05,AMZN,1,0.7167565995326778,7
2023-05-05,GOOGL,1,0.5592202394845629,7
2023-05-05,INTC,0,0.22160752283750138,7
2023-05-05,MSFT,1,0.2913147162759879,7
2023-05-05,NVDA,0,0.4870397670446404,7
2023-05-05,PFE,0,0.28446202804364107,7
2023-05-05,PYPL,0,0.31922390566241265,7
2023-05-05,ZM,1,0.2658802446343942,7
2023-05-08,AAPL,0,0.18923927290913695,7
2023-05-08,AMZN,1,0.6429126615226886,7
2023-05-08,GOOGL,1,0.598852945898533,7
2023-05-08,INTC,0,0.21157584541762764,7
2023-05-08,MSFT,1,0.2409511819515423,7
2023-05-08,NVDA,0,0.523975724302611,7
2023-05-08,PFE,0,0.40336056812851595,7
2023-05-08,PYPL,0,0.5756998151718455,7
2023-05-08,ZM,1,0.5023709875838109,7
2023-05-09,AAPL,1,0.5010299334211983,7
2023-05-09,AMZN,1,0.7548925486198935,7
2023-05-09,GOOGL,1,0.7761452852059949,7
2023-05-09,INTC,0,0.27704095315662314,7
2023-05-09,MSFT,1,0.2962459483228137,7
2023-05-09,NVDA,1,0.5457081269957776,7
2023-05-09,PFE,0,0.5474323231436496,7
2023-05-09,PYPL,0,0.44022739911476755,7
2023-05-09,ZM,1,0.4407985305386298,7
2023-05-10,AAPL,0,0.2894095681131584,7
2023-05-10,AMZN,1,0.49269524437903267,7
2023-05-10,GOOGL,1,0.5000942967902996,7
2023-05-10,INTC,0,0.3869093880324349,7
2023-05-10,MSFT,1,0.16270619331023048,7
2023-05-10,NVDA,0,0.7220874464815101,7
2023-05-10,PFE,0,0.7123219686200118,7
2023-05-10,PYPL,0,0.3539828726926547,7
2023-05-10,ZM,1,0.6087548629474464,7
2023-05-11,AAPL,0,0.16982797870473038,7
2023-05-11,AMZN,0,0.6505811788383449,7
2023-05-11,GOOGL,1,0.6691590782911252,7
2023-05-11,INTC,1,0.27336675019012396,7
2023-05-11,MSFT,1,0.2540394182938328,7
2023-05-11,NVDA,1,0.6229575306029713,7
2023-05-11,PFE,0,0.5152762346627844,7
2023-05-11,PYPL,0,0.4104168694826768,7
2023-05-11,ZM,1,0.5743553901268347,7
2023-05-12,AAPL,1,0.2703945547360793,7
2023-05-12,AMZN,1,0.4754729106198557,7
2023-05-12,GOOGL,1,0.756232371833214,7
2023-05-12,INTC,1,0.27294319493293334,7
2023-05-12,MSFT,1,0.26601520475425333,7
2023-05-12,NVDA,1,0.568608874577211,7
2023-05-12,PFE,0,0.4903733780544517,7
2023-05-12,PYPL,0,0.18708543096807997,7
2023-05-12,ZM,1,0.5200579826546726,7
2023-05-15,AAPL,1,0.20544245299478633,7
2023-05-15,AMZN,1,0.5626011077723103,7
2023-05-15,GOOGL,1,0.7406802917084113,7
2023-05-15,INTC,0,0.20334505196493538,7
2023-05-15,MSFT,1,0.4754405558433112,7
2023-05-15,NVDA,1,0.40483737925441265,7
2023-05-15,PFE,0,0.48300352606219477,7
2023-05-15,PYPL,0,0.4561286134505674,7
2023-05-15,ZM,1,0.44042487293000165,7
2023-05-16,AAPL,1,0.19258441156454018,7
2023-05-16,AMZN,1,0.4941121483448693,7
2023-05-16,GOOGL,1,0.5858916357801449,7
2023-05-16,INTC,0,0.2337002729719299,7
2023-05-16,MSFT,1,0.41693387900989853,7
2023-05-16,NVDA,1,0.6041342378899058,7
2023-05-16,PFE,0,0.626788126318886,7
2023-05-16,PYPL,0,0.6685931959751585,7
2023-05-16,ZM,1,0.5323414997015359,7
2023-05-17,AAPL,1,0.3997965775691538,7
2023-05-17,AMZN,1,0.7941482469466039,7
2023-05-17,GOOGL,1,0.7997451914937224,7
2023-05-17,INTC,1,0.12499503400044552,7
2023-05-17,MSFT,1,0.465146112130854,7
2023-05-17,NVDA,1,0.7262902857567117,7
2023-05-17,PFE,1,0.4123856911221801,7
2023-05-17,PYPL,0,0.49929611277213853,7
2023-05-17,ZM,1,0.6265654312833551,7
2023-05-18,AAPL,0,0.4263288092024701,7
2023-05-18,AMZN,0,0.8457553036268826,7
2023-05-18,GOOGL,0,0.7363540360037211,7
2023-05-18,INTC,0,0.2019876827637836,7
2023-05-18,MSFT,1,0.2916871240337718,7
2023-05-18,NVDA,0,0.30097619252511715,7
2023-05-18,PFE,1,0.3306246858330704,7
2023-05-18,PYPL,0,0.2983890652680507,7
2023-05-18,ZM,0,0.4151824801845835,7
2023-05-19,AAPL,0,0.3554183013792062,7
2023-05-19,AMZN,0,0.6466883446023797,7
2023-05-19,GOOGL,0,0.8046360604737502,7
2023-05-19,INTC,0,0.1716681267796505,7
2023-05-19,MSFT,1,0.18049072749693623,7
2023-05-19,NVDA,0,0.11207502441276393,7
2023-05-19,PFE,1,0.24361628779023237,7
2023-05-19,PYPL,0,0.25474547689891236,7
2023-05-19,ZM,0,0.5575546484082602,7
2023-05-22,AAPL,0,0.3879757709916222,7
2023-05-22,AMZN,1,0.7776156789103083,7
2023-05-22,GOOGL,0,0.6537521506529702,7
2023-05-22,INTC,0,0.20678182897565323,7
2023-05-22,MSFT,0,0.41022318222473775,7
2023-05-22,NVDA,0,0.22135094434811786,7
2023-05-22,PFE,0,0.6353128729636376,7
2023-05-22,PYPL,0,0.25895902816917393,7
2023-05-22,ZM,0,0.604584202170281,7
2023-05-23,AAPL,1,0.24331861158664456,7
2023-05-23,AMZN,1,0.7589136043085819,7
2023-05-23,GOOGL,0,0.5536458471388568,7
2023-05-23,INTC,0,0.31006326830589415,7
2023-05-23,MSFT,1,0.10963493281934267,7
2023-05-23,NVDA,0,0.09052386319951028,7
2023-05-23,PFE,0,0.6296479086762341,7
2023-05-23,PYPL,0,0.24214282305827498,7
2023-05-23,ZM,0,0.39217306979384065,7
2023-05-24,AAPL,1,0.23702164632952352,7
2023-05-24,AMZN,1,0.5464467520847969,7
2023-05-24,GOOGL,1,0.46427285179352934,7
2023-05-24,INTC,0,0.19386071268047106,7
2023-05-24,MSFT,1,0.1276198829006572,7
2023-05-24,NVDA,1,0.22962859595104032,7
2023-05-24,PFE,0,0.7513553637225537,7
2023-05-24,PYPL,0,0.4088668908621732,7
2023-05-24,ZM,1,0.39947683466809697,7
2023-05-25,AAPL,1,0.20217254723324135,7
2023-05-25,AMZN,1,0.5951908839223935,7
2023-05-25,GOOGL,0,0.3283053800864604,7
2023-05-25,INTC,1,0.1551544234387813,7
2023-05-25,MSFT,1,0.2288438428156909,7
2023-05-25,NVDA,1,0.029458742380633597,7
2023-05-25,PFE,0,0.489371416369566,7
2023-05-25,PYPL,1,0.35532877739881996,7
2023-05-25,ZM,1,0.2756434419801978,7
2023-05-26,AAPL,0,0.045374448870247684,7
2023-05-26,AMZN,0,0.1497784664575835,7
2023-05-26,GOOGL,0,0.12310492502205682,7
2023-05-26,INTC,1,0.04063835689887344,7
2023-05-26,MSFT,0,0.03481187479666338,7
2023-05-26,NVDA,0,0.060286171769281915,7
2023-05-26,PFE,0,0.499407393880916,7
2023-05-26,PYPL,1,0.12431537659376411,7
2023-05-26,ZM,1,0.3667470323494079,7
2023-05-30,AAPL,0,0.0779660173782181,7
2023-05-30,AMZN,0,0.10510112800509311,7
2023-05-30,GOOGL,0,0.18079074639917306,7
2023-05-30,INTC,1,0.1273792194731925,7
2023-05-30,MSFT,0,0.28211541651853256,7
2023-05-30,NVDA,0,0.15049764395514098,7
2023-05-30,PFE,1,0.5584833536331331,7
2023-05-30,PYPL,1,0.18951289466162619,7
2023-05-30,ZM,1,0.7160820786599127,7
2023-05-31,AAPL,0,0.3070875577390781,7
2023-05-31,AMZN,1,0.4150543396233612,7
2023-05-31,GOOGL,0,0.616639763592244,7
2023-05-31,INTC,0,0.08927034400714087,7
2023-05-31,MSFT,0,0.1956496398976717,7
2023-05-31,NVDA,1,0.5702723509715686,7
2023-05-31,PFE,0,0.667506892338464,7
2023-05-31,PYPL,1,0.6763309257903454,7
2023-05-31,ZM,0,0.81328037665129,7
2023-06-01,AAPL,0,0.2470135339957986,7
2023-06-01,AMZN,0,0.4946579768637729,7
2023-06-01,GOOGL,0,0.5975639789754424,7
2023-06-01,INTC,0,0.21914776167447747,7
2023-06-01,MSFT,0,0.16375282245359477,7
2023-06-01,NVDA,0,0.15326794867281485,7
2023-06-01,PFE,0,0.7099342148419665,7
2023-06-01,PYPL,1,0.780381140288466,7
2023-06-01,ZM,0,0.7534061020903677,7
2023-06-02,AAPL,0,0.6201362020365245,7
2023-06-02,AMZN,0,0.4493369966367818,7
2023-06-02,GOOGL,0,0.4681659563491316,7
2023-06-02,INTC,0,0.2271267346200244,7
2023-06-02,MSFT,0,0.3059609971513092,7
2023-06-02,NVDA,0,0.18919693485403807,7
2023-06-02,PFE,0,0.7394772744488226,7
2023-06-02,PYPL,1,0.4984190631632403,7
2023-06-02,ZM,0,0.4754846528099462,7
2023-06-05,AAPL,0,0.5889567694976151,7
2023-06-05,AMZN,0,0.2903775475463028,7
2023-06-05,GOOGL,0,0.5092092460665693,7
2023-06-05,INTC,1,0.24497927276716255,7
2023-06-05,MSFT,0,0.1969485000093159,7
2023-06-05,NVDA,0,0.253446089251491,7
2023-06-05,PFE,0,0.8364914166697005,7
2023-06-05,PYPL,0,0.5419604908237163,7
2023-06-05,ZM,0,0.44270791282101013,7
2023-06-06,AAPL,1,0.710823941281354,7
2023-06-06,AMZN,0,0.43314270693911117,7
2023-06-06,GOOGL,0,0.5622065862976939,7
2023-06-06,INTC,1,0.17554466089602141,7
2023-06-06,MSFT,0,0.4000009476360711,7
2023-06-06,NVDA,0,0.35237905412824166,7
2023-06-06,PFE,0,0.7596129149799862,7
2023-06-06,PYPL,0,0.5211378306793052,7
2023-06-06,ZM,0,0.4986244480897266,7
2023-06-07,AAPL,1,0.6016013998474483,7
2023-06-07,AMZN,1,0.5256546385971868,7
2023-06-07,GOOGL,0,0.44520329457151175,7
2023-06-07,INTC,1,0.30442287877407315,7
2023-06-07,MSFT,1,0.30769054351628855,7
2023-06-07,NVDA,1,0.3192521176843334,7
2023-06-07,PFE,0,0.78992397852214,7
2023-06-07,PYPL,1,0.5772395191144102,7
2023-06-07,ZM,1,0.4035312360060005,7
2023-06-08,AAPL,1,0.6659528400324009,7
2023-06-08,AMZN,1,0.5058979739645035,7
2023-06-08,GOOGL,0,0.6407323379482548,7
2023-06-08,INTC,0,0.2452477816132403,7
2023-06-08,MSFT,1,0.21726364078906638,7
2023-06-08,NVDA,1,0.26343956088499915,7
2023-06-08,PFE,0,0.8203852344064192,7
2023-06-08,PYPL,0,0.5626643455543658,7
2023-06-08,ZM,1,0.5191739563133917,7
2023-06-09,AAPL,1,0.6046726234783505,7
2023-06-09,AMZN,1,0.4774763667916826,7
2023-06-09,GOOGL,0,0.6120162474625774,7
2023-06-09,INTC,1,0.31671243098531937,7
2023-06-09,MSFT,1,0.28742577812710035,7
2023-06-09,NVDA,1,0.34375171210847183,7
2023-06-09,PFE,0,0.8495180537545608,7
2023-06-09,PYPL,1,0.6094559846034595,7
2023-06-09,ZM,1,0.5718205658656683,7
2023-06-12,AAPL,1,0.3565325883638815,7
2023-06-12,AMZN,0,0.5405149269494979,7
2023-06-12,GOOGL,0,0.6152530618136602,7
2023-06-12,INTC,1,0.15322503746738175,7
2023-06-12,MSFT,1,0.18045377897961967,7
2023-06-12,NVDA,1,0.4742621424024158,7
2023-06-12,PFE,0,0.8281740326325085,7
2023-06-12,PYPL,1,0.5474788919841009,7
2023-06-12,ZM,0,0.6271087840285213,7
2023-06-13,AAPL,1,0.12171361336296778,7
2023-06-13,AMZN,0,0.5255446708036441,7
2023-06-13,GOOGL,0,0.7106112090638654,7
2023-06-13,INTC,1,0.339880732442934,7
2023-06-13,MSFT,1,0.2814770589295031,7
2023-06-13,NVDA,1,0.3676376280457474,7
2023-06-13,PFE,0,0.8071255510842593,7
2023-06-13,PYPL,1,0.5873827306813469,7
2023-06-13,ZM,0,0.6614425689535021,7
2023-06-14,AAPL,1,0.12652414615920068,7
2023-06-14,AMZN,0,0.5053545038778741,7
2023-06-14,GOOGL,0,0.7709361370301352,7
2023-06-14,INTC,0,0.33956495710185614,7
2023-06-14,MSFT,0,0.3134246632699725,7
2023-06-14,NVDA,0,0.28475993969555013,7
2023-06-14,PFE,0,0.6386167696058966,7
2023-06-14,PYPL,1,0.6452560949630007,7
2023-06-14,ZM,0,0.526870928865738,7
2023-06-15,AAPL,1,0.07941095781475183,7
2023-06-15,AMZN,0,0.39152252566214035,7
2023-06-15,GOOGL,0,0.7335810270869219,7
2023-06-15,INTC,0,0.6906079045939063,7
2023-06-15,MSFT,0,0.28850080993022725,7
2023-06-15,NVDA,0,0.5293538912510594,7
2023-06-15,PFE,0,0.815264937481153,7
2023-06-15,PYPL,1,0.3321708517404866,7
2023-06-15,ZM,0,0.5082063541458434,7
2023-06-16,AAPL,1,0.35226556023827493,7
2023-06-16,AMZN,1,0.5730672973018923,7
2023-06-16,GOOGL,0,0.5942719783803508,7
2023-06-16,INTC,0,0.5494199141295394,7
2023-06-16,MSFT,0,0.27708968561276504,7
2023-06-16,NVDA,0,0.700872105585774,7
2023-06-16,PFE,0,0.8473603445916964,7
2023-06-16,PYPL,1,0.476634208199604,7
2023-06-16,ZM,0,0.43340490578138885,7
2023-06-20,AAPL,1,0.20165823217132012,7
2023-06-20,AMZN,1,0.571373558164876,7
2023-06-20,GOOGL,0,0.6925381319947267,7
2023-06-20,INTC,0,0.37746722483951906,7
2023-06-20,MSFT,0,0.12264266419794499,7
2023-06-20,NVDA,0,0.7299501608449748,7
2023-06-20,PFE,0,0.6496402562461373,7
2023-06-20,PYPL,0,0.3843110971330083,7
2023-06-20,ZM,0,0.41074211124659316,7
2023-06-21,AAPL,1,0.47284457437704874,7
2023-06-21,AMZN,1,0.5728835295089236,7
2023-06-21,GOOGL,0,0.637410811752496,7
2023-06-21,INTC,0,0.2814422163018812,7
2023-06-21,MSFT,0,0.15852301809239897,7
2023-06-21,NVDA,0,0.19935349655300072,7
2023-06-21,PFE,0,0.7637107833335653,7
2023-06-21,PYPL,0,0.5273703214206676,7
2023-06-21,ZM,0,0.33580038152764485,7
2023-06-22,AAPL,0,0.31755090065665253,7
2023-06-22,AMZN,0,0.4769314356090393,7
2023-06-22,GOOGL,0,0.5241483060862145,7
2023-06-22,INTC,1,0.5009153477953537,7
2023-06-22,MSFT,0,0.05272787486212881,7
2023-06-22,NVDA,0,0.2022130125981271,7
2023-06-22,PFE,0,0.7871615278923372,7
2023-06-22,PYPL,0,0.5561106520103073,7
2023-06-22,ZM,0,0.5558624627167601,7
2023-06-23,AAPL,0,0.46508546498341513,7
2023-06-23,AMZN,0,0.7433061391306306,7
2023-06-23,GOOGL,0,0.5894143570253776,7
2023-06-23,INTC,0,0.45878464310802164,7
2023-06-23,MSFT,0,0.11292256644739992,7
2023-06-23,NVDA,0,0.32954788351737874,7
2023-06-23,PFE,0,0.5840185609459232,7
2023-06-23,PYPL,1,0.7408589447790734,7
2023-06-23,ZM,0,0.41645379851321906,7
2023-06-26,AAPL,1,0.464961403783314,7
2023-06-26,AMZN,1,0.5536325039660892,7
2023-06-26,GOOGL,0,0.7760635742539073,7
2023-06-26,INTC,0,0.5442319782925796,7
2023-06-26,MSFT,1,0.14691033009404042,7
2023-06-26,NVDA,1,0.5777766319391637,7
2023-06-26,PFE,0,0.41679679701865135,7
2023-06-26,PYPL,1,0.632708527423778,7
2023-06-26,ZM,0,0.5366141911968217,7
2023-06-27,AAPL,1,0.2886748829232317,7
2023-06-27,AMZN,0,0.7895694793605837,7
2023-06-27,GOOGL,0,0.5234510380857644,7
2023-06-27,INTC,0,0.5603578224825853,7
2023-06-27,MSFT,0,0.13326430644092663,7
2023-06-27,NVDA,0,0.6288156689957393,7
2023-06-27,PFE,0,0.4103679859455023,7
2023-06-27,PYPL,1,0.6162796907876862,7
2023-06-27,ZM,0,0.6632735626184221,7
2023-06-28,AAPL,1,0.15137906149662791,7
2023-06-28,AMZN,0,0.6186632737255281,7
2023-06-28,GOOGL,0,0.5872117536597214,7
2023-06-28,INTC,0,0.2605185414138515,7
2023-06-28,MSFT,0,0.1273807238687196,7
2023-06-28,NVDA,1,0.18925543006522666,7
2023-06-28,PFE,0,0.48520183504515124,7
2023-06-28,PYPL,1,0.5249919698124732,7
2023-06-28,ZM,0,0.6271534777207647,7
2023-06-29,AAPL,1,0.2619274060094717,7
2023-06-29,AMZN,1,0.739923137035343,7
2023-06-29,GOOGL,0,0.6247958714555243,7
2023-06-29,INTC,0,0.34726348825063397,7
2023-06-29,MSFT,0,0.2184691402793282,7
2023-06-29,NVDA,1,0.5582932337449221,7
2023-06-29,PFE,0,0.5865666000906883,7
2023-06-29,PYPL,1,0.5818189243232676,7
2023-06-29,ZM,0,0.4285533855464315,7
2023-06-30,AAPL,0,0.06735292016817038,7
2023-06-30,AMZN,0,0.7320359083930369,7
2023-06-30,GOOGL,0,0.7230619634317264,7
2023-06-30,INTC,0,0.7352784460631384,7
2023-06-30,MSFT,0,0.2658188503624515,7
2023-06-30,NVDA,0,0.40956996621785174,7
2023-06-30,PFE,0,0.6061623959209822,7
2023-06-30,PYPL,1,0.416290145436714,7
2023-06-30,ZM,0,0.573497786179031,7
2023-07-03,AAPL,0,0.2568579760485325,8
2023-07-03,AMZN,0,0.7320671647423178,8
2023-07-03,GOOGL,0,0.7485019890723685,8
2023-07-03,INTC,0,0.45947167600129374,8
2023-07-03,MSFT,0,0.19172461469781377,8
2023-07-03,NVDA,0,0.4132425786657254,8
2023-07-03,PFE,0,0.09674421262908844,8
2023-07-03,PYPL,0,0.27454007321816226,8
2023-07-03,ZM,0,0.2500699424893963,8
2023-07-05,AAPL,0,0.3743234627469296,8
2023-07-05,AMZN,0,0.4170769117100857,8
2023-07-05,GOOGL,0,0.6464435432105207,8
2023-07-05,INTC,0,0.5952770013779005,8
2023-07-05,MSFT,0,0.07907372308956076,8
2023-07-05,NVDA,0,0.1816754816175388,8
2023-07-05,PFE,0,0.10683187460306903,8
2023-07-05,PYPL,0,0.15552576239280275,8
2023-07-05,ZM,0,0.3908319720507744,8
2023-07-06,AAPL,0,0.37697661219089573,8
2023-07-06,AMZN,0,0.5972445236802155,8
2023-07-06,GOOGL,0,0.766959783474514,8
2023-07-06,INTC,1,0.27775607763243815,8
2023-07-06,MSFT,0,0.13525317111617177,8
2023-07-06,NVDA,1,0.3163238926129625,8
2023-07-06,PFE,1,0.34136378975043014,8
2023-07-06,PYPL,1,0.1484208019371779,8
2023-07-06,ZM,1,0.45834124829642303,8
2023-07-07,AAPL,0,0.6416000630740372,8
2023-07-07,AMZN,0,0.6404661121680968,8
2023-07-07,GOOGL,0,0.7631908796391812,8
2023-07-07,INTC,1,0.5069796075518525,8
2023-07-07,MSFT,0,0.28595771590518926,8
2023-07-07,NVDA,0,0.20624316424034692,8
2023-07-07,PFE,1,0.09624951846522871,8
2023-07-07,PYPL,1,0.18299494619048448,8
2023-07-07,ZM,1,0.3370399441901625,8
2023-07-10,AAPL,1,0.35448744228987833,8
2023-07-10,AMZN,1,0.44562276308818793,8
2023-07-10,GOOGL,1,0.7141476122480769,8
2023-07-10,INTC,1,0.3627973795736656,8
2023-07-10,MSFT,1,0.25738117389183335,8
2023-07-10,NVDA,1,0.22073704257929913,8
2023-07-10,PFE,1,0.08206885017657577,8
2023-07-10,PYPL,1,0.4120540921986452,8
2023-07-10,ZM,1,0.450301509788595,8
2023-07-11,AAPL,1,0.5506556585656895,8
2023-07-11,AMZN,1,0.6514474407533719,8
2023-07-11,GOOGL,1,0.7406764552314455,8
2023-07-11,INTC,1,0.5607683389043581,8
2023-07-11,MSFT,1,0.2616478420984314,8
2023-07-11,NVDA,1,0.17593648998202696,8
2023-07-11,PFE,1,0.0892078081541025,8
2023-07-11,PYPL,1,0.21250682371499166,8
2023-07-11,ZM,1,0.3655678143924838,8
2023-07-12,AAPL,1,0.4413115740460421,8
2023-07-12,AMZN,1,0.6541703974156746,8
2023-07-12,GOOGL,1,0.7801866498943724,8
2023-07-12,INTC,0,0.3647757052948817,8
2023-07-12,MSFT,1,0.1454452636053684,8
2023-07-12,NVDA,1,0.38835054207490033,8
2023-07-12,PFE,1,0.12871738363003213,8
2023-07-12,PYPL,1,0.17263931815372902,8
2023-07-12,ZM,1,0.14330009512884262,8
2023-07-13,AAPL,1,0.41969372187470083,8
2023-07-13,AMZN,0,0.5578622401331327,8
2023-07-13,GOOGL,0,0.6749874898099518,8
2023-07-13,INTC,0,0.5452727423210492,8
2023-07-13,MSFT,1,0.19588379445787676,8
2023-07-13,NVDA,0,0.24966115137496983,8
2023-07-13,PFE,1,0.22648264998823148,8
2023-07-13,PYPL,1,0.5739051851814486,8
2023-07-13,ZM,1,0.49493159990751334,8
2023-07-14,AAPL,1,0.4965652092006334,8
2023-07-14,AMZN,0,0.6952113533667914,8
2023-07-14,GOOGL,0,0.7296637296120734,8
2023-07-14,INTC,1,0.5198615893005974,8
2023-07-14,MSFT,1,0.3182474962599101,8
2023-07-14,NVDA,1,0.2921283474423573,8
2023-07-14,PFE,1,0.3584060727251481,8
2023-07-14,PYPL,1,0.6223317182764676,8
2023-07-14,ZM,1,0.43487424423202536,8
2023-07-17,AAPL,0,0.431658416727744,8
2023-07-17,AMZN,0,0.7008581648409173,8
2023-07-17,GOOGL,0,0.8040406646909553,8
2023-07-17,INTC,0,0.5670476751286598,8
2023-07-17,MSFT,1,0.187232805956245,8
2023-07-17,NVDA,0,0.33624388079975864,8
2023-07-17,PFE,1,0.4242385800583758,8
2023-07-17,PYPL,0,0.4790183092888768,8
2023-07-17,ZM,0,0.42498197851028274,8
2023-07-18,AAPL,0,0.4709008989601249,8
2023-07-18,AMZN,0,0.7154693745601136,8
2023-07-18,GOOGL,0,0.8699044293844338,8
2023-07-18,INTC,0,0.4402978960814737,8
2023-07-18,MSFT,0,0.11591827771226786,8
2023-07-18,NVDA,0,0.2779572900872158,8
2023-07-18,PFE,1,0.3090032005177553,8
2023-07-18,PYPL,0,0.3115685113001135,8
2023-07-18,ZM,1,0.1850372884090331,8
2023-07-19,AAPL,0,0.24710141058509744,8
2023-07-19,AMZN,0,0.45303473962978963,8
2023-07-19,GOOGL,0,0.6053873408753313,8
2023-07-19,INTC,0,0.33281439787974615,8
2023-07-19,MSFT,0,0.17795364911552997,8
2023-07-19,NVDA,0,0.18691314963266045,8
2023-07-19,PFE,1,0.12198835884533374,8
2023-07-19,PYPL,0,0.21768860295268697,8
2023-07-19,ZM,0,0.10763417523878117,8
2023-07-20,AAPL,0,0.4418327046208356,8
2023-07-20,AMZN,0,0.37022745485151953,8
2023-07-20,GOOGL,1,0.8157359601713435,8
2023-07-20,INTC,1,0.29439195939619506,8
2023-07-20,MSFT,0,0.3013014023345073,8
2023-07-20,NVDA,0,0.23099371046184647,8
2023-07-20,PFE,0,0.16097787423521603,8
2023-07-20,PYPL,1,0.3293911037743779,8
2023-07-20,ZM,1,0.3605706636297069,8
2023-07-21,AAPL,0,0.1801103446243399,8
2023-07-21,AMZN,0,0.5788606852830951,8
2023-07-21,GOOGL,1,0.7525101549212301,8
2023-07-21,INTC,1,0.6587540918399963,8
2023-07-21,MSFT,0,0.08251756017877541,8
2023-07-21,NVDA,1,0.22494214848849456,8
2023-07-21,PFE,0,0.284795680962125,8
2023-07-21,PYPL,1,0.6100096329880549,8
2023-07-21,ZM,0,0.5565526122644113,8
2023-07-24,AAPL,0,0.6225875861255584,8
2023-07-24,AMZN,0,0.674299766304519,8
2023-07-24,GOOGL,1,0.7752146930413163,8
2023-07-24,INTC,1,0.6965112822492783,8
2023-07-24,MSFT,0,0.31210501951546576,8
2023-07-24,NVDA,1,0.35970611607506114,8
2023-07-24,PFE,0,0.40121583149698625,8
2023-07-24,PYPL,0,0.4369487441567714,8
2023-07-24,ZM,1,0.3096942677318472,8
2023-07-25,AAPL,0,0.5579580455889573,8
2023-07-25,AMZN,0,0.7030908167830898,8
2023-07-25,GOOGL,1,0.8050087002847474,8
2023-07-25,INTC,1,0.4166191964906678,8
2023-07-25,MSFT,0,0.34685056363802413,8
2023-07-25,NVDA,0,0.3110750656926499,8
2023-07-25,PFE,0,0.22742100357216216,8
2023-07-25,PYPL,1,0.44304562264256186,8
2023-07-25,ZM,1,0.49786328922279055,8
2023-07-26,AAPL,0,0.5301837492605007,8
2023-07-26,AMZN,1,0.513210370597056,8
2023-07-26,GOOGL,0,0.4089620752406429,8
2023-07-26,INTC,1,0.46219267087736315,8
2023-07-26,MSFT,0,0.0654734952290905,8
2023-07-26,NVDA,1,0.46742037670838144,8
2023-07-26,PFE,0,0.4401045693933933,8
2023-07-26,PYPL,0,0.43435618618210403,8
2023-07-26,ZM,1,0.4336547848926701,8
2023-07-27,AAPL,0,0.6586148539366579,8
2023-07-27,AMZN,1,0.6718805235361281,8
2023-07-27,GOOGL,0,0.7742288497455038,8
2023-07-27,INTC,1,0.6748099123696889,8
2023-07-27,MSFT,0,0.17078139871703513,8
2023-07-27,NVDA,0,0.2711202604492102,8
2023-07-27,PFE,0,0.19809127192244733,8
2023-07-27,PYPL,1,0.3769168084493157,8
2023-07-27,ZM,0,0.36983092205760626,8
2023-07-28,AAPL,0,0.3107482589165527,8
2023-07-28,AMZN,0,0.6202985517533571,8
2023-07-28,GOOGL,0,0.47556496495851835,8
2023-07-28,INTC,0,0.710577766282338,8
2023-07-28,MSFT,0,0.12246450898579972,8
2023-07-28,NVDA,0,0.45560935667508634,8
2023-07-28,PFE,0,0.3402003612031289,8
2023-07-28,PYPL,0,0.6030480501109171,8
2023-07-28,ZM,0,0.4616141513705991,8
2023-07-31,AAPL,0,0.2518209521586841,8
2023-07-31,AMZN,0,0.6517570267353403,8
2023-07-31,GOOGL,0,0.5427148767390154,8
2023-07-31,INTC,0,0.4643512597772415,8
2023-07-31,MSFT,0,0.09336767954514152,8
2023-07-31,NVDA,0,0.46588282214036386,8
2023-07-31,PFE,0,0.37586338093253735,8
2023-07-31,PYPL,0,0.49719919786108874,8
2023-07-31,ZM,0,0.6436716653787525,8
2023-08-01,AAPL,0,0.4858112699873702,8
2023-08-01,AMZN,0,0.6369202029818861,8
2023-08-01,GOOGL,0,0.5250458226128961,8
2023-08-01,INTC,0,0.6724261479087278,8
2023-08-01,MSFT,0,0.1771821338025252,8
2023-08-01,NVDA,0,0.7417133670675882,8
2023-08-01,PFE,0,0.43992476063075686,8
2023-08-01,PYPL,0,0.7084912310660954,8
2023-08-01,ZM,0,0.5724685133575693,8
2023-08-02,AAPL,0,0.39817867756098296,8
2023-08-02,AMZN,1,0.6406126914371175,8
2023-08-02,GOOGL,1,0.42699665965343025,8
2023-08-02,INTC,1,0.17541318365325687,8
2023-08-02,MSFT,0,0.21814393117363462,8
2023-08-02,NVDA,0,0.3940360060825715,8
2023-08-02,PFE,1,0.45113762710677136,8
2023-08-02,PYPL,0,0.4178021577427038,8
2023-08-02,ZM,0,0.46763520236509704,8
2023-08-03,AAPL,0,0.37439110092779176,8
2023-08-03,AMZN,1,0.4689194232032476,8
2023-08-03,GOOGL,1,0.47097608234449284,8
2023-08-03,INTC,0,0.6224873779889368,8
2023-08-03,MSFT,0,0.2770580866137639,8
2023-08-03,NVDA,0,0.5636017761229254,8
2023-08-03,PFE,1,0.4676539927915207,8
2023-08-03,PYPL,0,0.5375664208593117,8
2023-08-03,ZM,0,0.6140981895177166,8
2023-08-04,AAPL,0,0.4786112565778929,8
2023-08-04,AMZN,0,0.4702126424056139,8
2023-08-04,GOOGL,0,0.33497725392377947,8
2023-08-04,INTC,0,0.6659248341665759,8
2023-08-04,MSFT,0,0.43167928725072324,8
2023-08-04,NVDA,0,0.403310654357019,8
2023-08-04,PFE,1,0.5392156488278931,8
2023-08-04,PYPL,0,0.7240859888752894,8
2023-08-04,ZM,0,0.6710575311724639,8
2023-08-07,AAPL,0,0.524059487737408,8
2023-08-07,AMZN,0,0.44151794872943523,8
2023-08-07,GOOGL,0,0.45671149626179686,8
2023-08-07,INTC,0,0.6198352952477855,8
2023-08-07,MSFT,0,0.31606967638154243,8
2023-08-07,NVDA,0,0.4688443537655849,8
2023-08-07,PFE,0,0.5948335908606133,8
2023-08-07,PYPL,0,0.6415378094180001,8
2023-08-07,ZM,0,0.7014240955860148,8
2023-08-08,AAPL,0,0.4704286879784059,8
2023-08-08,AMZN,0,0.4114282584753836,8
2023-08-08,GOOGL,0,0.49568357068900276,8
2023-08-08,INTC,0,0.7892827736081823,8
2023-08-08,MSFT,0,0.2795324091924284,8
2023-08-08,NVDA,0,0.5537104565029506,8
2023-08-08,PFE,0,0.6361441198439863,8
2023-08-08,PYPL,0,0.7408228718525619,8
2023-08-08,ZM,0,0.5354386901233232,8
2023-08-09,AAPL,0,0.39569525580173054,8
2023-08-09,AMZN,0,0.5652040774857756,8
2023-08-09,GOOGL,0,0.5382797666274836,8
2023-08-09,INTC,0,0.5148410969188723,8
2023-08-09,MSFT,0,0.23935020209104207,8
2023-08-09,NVDA,0,0.5565512128341669,8
2023-08-09,PFE,0,0.6340984391291521,8
2023-08-09,PYPL,0,0.5472504516595514,8
2023-08-09,ZM,0,0.787544729185724,8
2023-08-10,AAPL,0,0.5715709451508327,8
2023-08-10,AMZN,0,0.5124024582348138,8
2023-08-10,GOOGL,0,0.5262003479246693,8
2023-08-10,INTC,0,0.6098180090860444,8
2023-08-10,MSFT,0,0.25805454754130436,8
2023-08-10,NVDA,0,0.5101265267091051,8
2023-08-10,PFE,0,0.4636061797935477,8
2023-08-10,PYPL,0,0.327804795626325,8
2023-08-10,ZM,0,0.6129433920722925,8
2023-08-11,AAPL,0,0.45559681407950553,8
2023-08-11,AMZN,0,0.5898355405833442,8
2023-08-11,GOOGL,0,0.6519176704927753,8
2023-08-11,INTC,0,0.5250082672608284,8
2023-08-11,MSFT,0,0.14003582009091148,8
2023-08-11,NVDA,1,0.4318245410499734,8
2023-08-11,PFE,0,0.4814278716194118,8
2023-08-11,PYPL,0,0.2596201781814137,8
2023-08-11,ZM,0,0.6527204116162415,8
2023-08-14,AAPL,0,0.39545797339832167,8
2023-08-14,AMZN,0,0.5987322868688855,8
2023-08-14,GOOGL,0,0.5172136046337623,8
2023-08-14,INTC,0,0.49686569675181036,8
2023-08-14,MSFT,0,0.35739023235095174,8
2023-08-14,NVDA,0,0.4396377838722993,8
2023-08-14,PFE,0,0.5070291329432316,8
2023-08-14,PYPL,0,0.2848332905452123,8
2023-08-14,ZM,0,0.6271354501139264,8
2023-08-15,AAPL,0,0.5970921088965608,8
2023-08-15,AMZN,0,0.5068957951070878,8
2023-08-15,GOOGL,0,0.5297872893206776,8
2023-08-15,INTC,0,0.4472452407495961,8
2023-08-15,MSFT,0,0.3983093534323804,8
2023-08-15,NVDA,0,0.6370951831133009,8
2023-08-15,PFE,1,0.4122604117888234,8
2023-08-15,PYPL,0,0.29032969235096195,8
2023-08-15,ZM,0,0.7527923695698461,8
2023-08-16,AAPL,0,0.29873222594470217,8
2023-08-16,AMZN,0,0.45301909847067023,8
2023-08-16,GOOGL,1,0.5380014789978897,8
2023-08-16,INTC,0,0.5798908506585727,8
2023-08-16,MSFT,0,0.39823409785535513,8
2023-08-16,NVDA,0,0.6084929510330123,8
2023-08-16,PFE,1,0.5375283661463988,8
2023-08-16,PYPL,0,0.504213442330587,8
2023-08-16,ZM,0,0.5413790002750215,8
2023-08-17,AAPL,1,0.7948889230071229,8
2023-08-17,AMZN,0,0.6505226274265007,8
2023-08-17,GOOGL,0,0.5280521371594957,8
2023-08-17,INTC,1,0.28163084560883384,8
2023-08-17,MSFT,1,0.35098539609837237,8
2023-08-17,NVDA,0,0.571185551627774,8
2023-08-17,PFE,0,0.44792125110968384,8
2023-08-17,PYPL,0,0.34692792076309376,8
2023-08-17,ZM,0,0.49021164202249157,8
2023-08-18,AAPL,1,0.4392344455443204,8
2023-08-18,AMZN,1,0.46744390846409506,8
2023-08-18,GOOGL,1,0.39936121347877834,8
2023-08-18,INTC,0,0.2468072952441637,8
2023-08-18,MSFT,1,0.2424695569743663,8
2023-08-18,NVDA,1,0.5491560255185681,8
2023-08-18,PFE,0,0.31260328789953157,8
2023-08-18,PYPL,1,0.30445970764511693,8
2023-08-18,ZM,0,0.20773858422235159,8
2023-08-21,AAPL,1,0.4810683304221943,8
2023-08-21,AMZN,0,0.6281940153271558,8
2023-08-21,GOOGL,1,0.5268502818140881,8
2023-08-21,INTC,0,0.3993721254566017,8
2023-08-21,MSFT,1,0.2652347434787928,8
2023-08-21,NVDA,0,0.8097674514905571,8
2023-08-21,PFE,0,0.4067215697003882,8
2023-08-21,PYPL,1,0.5878731367869542,8
2023-08-21,ZM,0,0.6598124657012696,8
2023-08-22,AAPL,1,0.275331287187361,8
2023-08-22,AMZN,0,0.5695794093863661,8
2023-08-22,GOOGL,1,0.6566648471934825,8
2023-08-22,INTC,1,0.4536294763811059,8
2023-08-22,MSFT,1,0.3475492442588152,8
2023-08-22,NVDA,1,0.6162615913470137,8
2023-08-22,PFE,0,0.4967945851525595,8
2023-08-22,PYPL,1,0.4523534025724612,8
2023-08-22,ZM,1,0.7370593285144191,8
2023-08-23,AAPL,0,0.2077876393702696,8
2023-08-23,AMZN,0,0.5450029426680401,8
2023-08-23,GOOGL,0,0.7359151348706116,8
2023-08-23,INTC,0,0.633363143726901,8
2023-08-23,MSFT,0,0.33939607136281014,8
2023-08-23,NVDA,1,0.6299212024471265,8
2023-08-23,PFE,0,0.7276879702718405,8
2023-08-23,PYPL,0,0.7426101892628999,8
2023-08-23,ZM,0,0.6575000406398995,8
2023-08-24,AAPL,1,0.1409985252532447,8
2023-08-24,AMZN,1,0.5710941392609707,8
2023-08-24,GOOGL,1,0.47264704456866025,8
2023-08-24,INTC,1,0.3452905479528228,8
2023-08-24,MSFT,1,0.3807466411078814,8
2023-08-24,NVDA,0,0.5201376886550529,8
2023-08-24,PFE,0,0.46508367447550225,8
2023-08-24,PYPL,1,0.6179623504018901,8
2023-08-24,ZM,1,0.5705060961492096,8
2023-08-25,AAPL,1,0.3378818903404304,8
2023-08-25,AMZN,1,0.33677476806276935,8
2023-08-25,GOOGL,1,0.5550903984837847,8
2023-08-25,INTC,1,0.6417118671586505,8
2023-08-25,MSFT,1,0.3995727803611023,8
2023-08-25,NVDA,0,0.618763001020295,8
2023-08-25,PFE,0,0.3092174697130469,8
2023-08-25,PYPL,1,0.6801232555229655,8
2023-08-25,ZM,1,0.5685479306569117,8
2023-08-28,AAPL,1,0.3444296779779424,8
2023-08-28,AMZN,1,0.23731303866386136,8
2023-08-28,GOOGL,1,0.5277480216303982,8
2023-08-28,INTC,1,0.7229574867219795,8
2023-08-28,MSFT,1,0.2562875129338673,8
2023-08-28,NVDA,1,0.6472491916602907,8
2023-08-28,PFE,0,0.35565375185112424,8
2023-08-28,PYPL,1,0.5716795104678688,8
2023-08-28,ZM,1,0.6569013824475239,8
2023-08-29,AAPL,0,0.6097178254578776,8
2023-08-29,AMZN,1,0.5778546339602912,8
2023-08-29,GOOGL,0,0.7279823189345678,8
2023-08-29,INTC,1,0.7618930926420461,8
2023-08-29,MSFT,1,0.5481696638520399,8
2023-08-29,NVDA,0,0.4832668651425113,8
2023-08-29,PFE,0,0.31499780990249493,8
2023-08-29,PYPL,0,0.4924552139930212,8
2023-08-29,ZM,1,0.4990498282559051,8
2023-08-30,AAPL,0,0.4518591657196389,8
2023-08-30,AMZN,1,0.5548885826014315,8
2023-08-30,GOOGL,0,0.6148053835358896,8
2023-08-30,INTC,1,0.6274726391568279,8
2023-08-30,MSFT,1,0.4758809106636481,8
2023-08-30,NVDA,0,0.30669952563892405,8
2023-08-30,PFE,0,0.4492034384783461,8
2023-08-30,PYPL,0,0.360257922870985,8
2023-08-30,ZM,1,0.44373817045979735,8
2023-08-31,AAPL,0,0.36569617946185073,8
2023-08-31,AMZN,0,0.5680647048970174,8
2023-08-31,GOOGL,0,0.6881163553155641,8
2023-08-31,INTC,1,0.5104421866437765,8
2023-08-31,MSFT,1,0.5117916249891661,8
2023-08-31,NVDA,0,0.20184873922577923,8
2023-08-31,PYPL,0,0.14031728634832133,8
2023-08-31,ZM,1,0.409969294446504,8
2023-09-01,AAPL,0,0.4176842363258194,8
2023-09-01,AMZN,0,0.28756675917808966,8
2023-09-01,GOOGL,0,0.6292322464850497,8
2023-09-01,INTC,1,0.4852777870753999,8
2023-09-01,MSFT,1,0.5568195359774389,8
2023-09-01,NVDA,0,0.2981712408024613,8
2023-09-01,PFE,0,0.46504061597252877,8
2023-09-01,PYPL,0,0.36707317702976155,8
2023-09-01,ZM,1,0.1096652642596264,8
2023-09-05,AAPL,0,0.1157491938589665,8
2023-09-05,AMZN,0,0.4480931699032233,8
2023-09-05,GOOGL,0,0.3289871522386367,8
2023-09-05,INTC,0,0.48750227331755425,8
2023-09-05,MSFT,0,0.3228603802251976,8
2023-09-05,NVDA,0,0.16425796794640818,8
2023-09-05,PFE,0,0.6585576324113191,8
2023-09-05,PYPL,0,0.18631215803459406,8
2023-09-05,ZM,0,0.19320072943216535,8
2023-09-06,AAPL,0,0.23018606856862228,8
2023-09-06,AMZN,1,0.4918574091668654,8
2023-09-06,GOOGL,1,0.5098918911436877,8
2023-09-06,INTC,1,0.6642955655111126,8
2023-09-06,MSFT,0,0.25175991614911,8
2023-09-06,NVDA,0,0.20659491002064756,8
2023-09-06,PFE,0,0.5616369812649734,8
2023-09-06,PYPL,0,0.36896651120062574,8
2023-09-06,ZM,0,0.3683339844433277,8
2023-09-07,AAPL,0,0.3246133037550297,8
2023-09-07,AMZN,1,0.5921333540868359,8
2023-09-07,GOOGL,0,0.5212742486903978,8
2023-09-07,INTC,1,0.5937634601144882,8
2023-09-07,MSFT,0,0.3037750553187036,8
2023-09-07,NVDA,0,0.26326832959683594,8
2023-09-07,PFE,0,0.17706690446822032,8
2023-09-07,PYPL,0,0.2525091258671032,8
2023-09-07,ZM,0,0.5483717044008718,8
2023-09-08,AAPL,0,0.5878337572377842,8
2023-09-08,AMZN,1,0.34722066305099286,8
2023-09-08,GOOGL,0,0.34531242610777185,8
2023-09-08,INTC,1,0.7633292314377061,8
2023-09-08,MSFT,0,0.14427121543552934,8
2023-09-08,NVDA,0,0.13355725737511465,8
2023-09-08,PFE,0,0.07820272043817202,8
2023-09-08,PYPL,1,0.19762141970562372,8
2023-09-08,ZM,0,0.3416432564083045,8
2023-09-11,AAPL,0,0.39737268136320425,8
2023-09-11,AMZN,0,0.4115172964234375,8
2023-09-11,GOOGL,0,0.247630981211191,8
2023-09-11,INTC,1,0.5841693821813025,8
2023-09-11,MSFT,0,0.22644185971395395,8
2023-09-11,NVDA,0,0.46246813918196317,8
2023-09-11,PFE,0,0.22913184281500543,8
2023-09-11,PYPL,1,0.16929885072925888,8
2023-09-11,ZM,0,0.28498610699308957,8
2023-09-12,AAPL,0,0.28042598878820163,8
2023-09-12,AMZN,1,0.5370365245308053,8
2023-09-12,GOOGL,0,0.5454885099470678,8
2023-09-12,INTC,0,0.5769683773756215,8
2023-09-12,MSFT,0,0.3935995574223091,8
2023-09-12,NVDA,0,0.5903988847217502,8
2023-09-12,PFE,0,0.07552202093703982,8
2023-09-12,PYPL,1,0.13228408192813054,8
2023-09-12,ZM,0,0.17451865317734516,8
2023-09-13,AAPL,0,0.17618432257889166,8
2023-09-13,AMZN,0,0.39774225587023543,8
2023-09-13,GOOGL,0,0.5015368676728922,8
2023-09-13,INTC,0,0.7850815057169429,8
2023-09-13,MSFT,0,0.34681077384099274,8
2023-09-13,NVDA,0,0.24098892486770304,8
2023-09-13,PFE,0,0.09280503785693157,8
2023-09-13,PYPL,1,0.13490785699493402,8
2023-09-13,ZM,1,0.27108843840338154,8
2023-09-14,AAPL,0,0.22225531731093365,8
2023-09-14,AMZN,0,0.21842381140972905,8
2023-09-14,GOOGL,0,0.3648629258760316,8
2023-09-14,INTC,0,0.8294755355262659,8
2023-09-14,MSFT,0,0.29551034813215793,8
2023-09-14,NVDA,0,0.6242567525019803,8
2023-09-14,PFE,0,0.48543396419035534,8
2023-09-14,PYPL,0,0.24099237396666645,8
2023-09-14,ZM,0,0.1353809484873382,8
2023-09-15,AAPL,0,0.4375797392848766,8
2023-09-15,AMZN,0,0.7282389653321016,8
2023-09-15,GOOGL,0,0.42925314288879984,8
2023-09-15,INTC,0,0.6895408384629907,8
2023-09-15,MSFT,0,0.32803574336303215,8
2023-09-15,NVDA,0,0.5409597469369429,8
2023-09-15,PFE,0,0.15613757668713052,8
2023-09-15,PYPL,0,0.22385979627014596,8
2023-09-15,ZM,0,0.3316659777157017,8
2023-09-18,AAPL,0,0.21222324403946755,8
2023-09-18,AMZN,0,0.5844429855059512,8
2023-09-18,GOOGL,0,0.25015655254495767,8
2023-09-18,INTC,0,0.7263982744151858,8
2023-09-18,MSFT,0,0.18811426784102434,8
2023-09-18,NVDA,0,0.468630458722591,8
2023-09-18,PFE,0,0.24949630421168495,8
2023-09-18,PYPL,0,0.1682429335140139,8
2023-09-18,ZM,0,0.26071079275247033,8
2023-09-19,AAPL,0,0.15536319439648494,8
2023-09-19,AMZN,0,0.4597258542885895,8
2023-09-19,GOOGL,0,0.5312451171387087,8
2023-09-19,INTC,0,0.4322189958713077,8
2023-09-19,MSFT,0,0.1724562201162011,8
2023-09-19,NVDA,0,0.5818121098331256,8
2023-09-19,PFE,0,0.15206736931811585,8
2023-09-19,PYPL,0,0.284753548548721,8
2023-09-19,ZM,0,0.1769641100381052,8
2023-09-20,AAPL,0,0.09138408334163549,8
2023-09-20,AMZN,0,0.5657240508877563,8
2023-09-20,GOOGL,0,0.6121243512226955,8
2023-09-20,INTC,0,0.3689275468911505,8
2023-09-20,MSFT,0,0.3483416143880784,8
2023-09-20,NVDA,0,0.705646631017355,8
2023-09-20,PFE,0,0.18138594160574817,8
2023-09-20,PYPL,0,0.5253194313425574,8
2023-09-20,ZM,0,0.2815235461090213,8
2023-09-21,AAPL,0,0.15644313715631794,8
2023-09-21,AMZN,0,0.350642073789489,8
2023-09-21,GOOGL,0,0.512626574347799,8
2023-09-21,INTC,0,0.4597465715841775,8
2023-09-21,MSFT,0,0.39568325782895897,8
2023-09-21,NVDA,1,0.7535176861849197,8
2023-09-21,PFE,0,0.2364432366121278,8
2023-09-21,PYPL,0,0.46670608207213193,8
2023-09-21,ZM,0,0.4631121059590406,8
2023-09-22,AAPL,0,0.20593650660071602,8
2023-09-22,AMZN,0,0.3152418069945607,8
2023-09-22,GOOGL,0,0.2865714370363041,8
2023-09-22,INTC,1,0.154632000327565,8
2023-09-22,MSFT,0,0.4456272426456944,8
2023-09-22,NVDA,1,0.2618905125895627,8
2023-09-22,PFE,0,0.17299148727012797,8
2023-09-22,PYPL,0,0.5461663486357062,8
2023-09-22,ZM,0,0.42291345024960625,8
2023-09-25,AAPL,0,0.12214841860388555,8
2023-09-25,AMZN,0,0.4343408147937128,8
2023-09-25,GOOGL,0,0.37819068200880407,8
2023-09-25,INTC,0,0.269471507343336,8
2023-09-25,MSFT,0,0.33589509135416495,8
2023-09-25,NVDA,1,0.2290463347861137,8
2023-09-25,PFE,0,0.11783132719578122,8
2023-09-25,PYPL,0,0.35509821324337737,8
2023-09-25,ZM,0,0.6226131845735474,8
2023-09-26,AAPL,0,0.11678014281266631,8
2023-09-26,AMZN,0,0.3024549582226135,8
2023-09-26,GOOGL,1,0.3449687530151207,8
2023-09-26,INTC,1,0.19617197890526517,8
2023-09-26,MSFT,1,0.1732161021410467,8
2023-09-26,NVDA,1,0.4198067993924414,8
2023-09-26,PFE,0,0.23051050769709097,8
2023-09-26,PYPL,0,0.4283049915480584,8
2023-09-26,ZM,0,0.26990139653063333,8
2023-09-27,AAPL,0,0.13291022749225853,8
2023-09-27,AMZN,0,0.3277950537814563,8
2023-09-27,GOOGL,1,0.29233924330415173,8
2023-09-27,INTC,1,0.09363654931411942,8
2023-09-27,MSFT,1,0.32957320107892246,8
2023-09-27,NVDA,1,0.4648693281679327,8
2023-09-27,PFE,1,0.316609167905195,8
2023-09-27,PYPL,1,0.6164702575245765,8
2023-09-27,ZM,1,0.31630025466042505,8
2023-09-28,AAPL,1,0.06968036623492,8
2023-09-28,AMZN,1,0.2588805641305922,8
2023-09-28,GOOGL,1,0.30120632802921604,8
2023-09-28,INTC,1,0.14183045490776153,8
2023-09-28,MSFT,1,0.3535362203329309,8
2023-09-28,NVDA,1,0.3051315986834799,8
2023-09-28,PFE,1,0.15098965554621385,8
2023-09-28,PYPL,0,0.296683031875311,8
2023-09-28,ZM,1,0.3044897944015157,8
2023-09-29,AAPL,1,0.10539065992907769,8
2023-09-29,AMZN,0,0.3085358038685267,8
2023-09-29,GOOGL,1,0.4770348752396954,8
2023-09-29,INTC,0,0.14911853218815735,8
2023-09-29,MSFT,1,0.30183897120450287,8
2023-09-29,NVDA,1,0.2724319860853461,8
2023-09-29,PFE,0,0.19672800723285666,8
2023-09-29,PYPL,0,0.38824154619866735,8
2023-09-29,ZM,0,0.27093751089803697,8
2023-10-02,AAPL,0,0.33931603393727333,8
2023-10-02,AMZN,0,0.3132456412709728,8
2023-10-02,GOOGL,0,0.5167463641735222,8
2023-10-02,INTC,1,0.19073683603044952,8
2023-10-02,MSFT,0,0.3417234240179762,8
2023-10-02,NVDA,0,0.2883180652444927,8
2023-10-02,PFE,0,0.3381711406545579,8
2023-10-02,PYPL,0,0.45083638446762975,8
2023-10-02,ZM,0,0.38522073750793084,8
2023-10-03,AAPL,1,0.5369179603731773,8
2023-10-03,AMZN,1,0.728479339565512,8
2023-10-03,GOOGL,1,0.4051214383169749,8
2023-10-03,INTC,1,0.1386074810411831,8
2023-10-03,MSFT,1,0.35771564965765695,8
2023-10-03,NVDA,1,0.4235210236820114,8
2023-10-03,PFE,0,0.3279209111574405,8
2023-10-03,PYPL,0,0.4768673220679597,8
2023-10-03,ZM,0,0.6670605254862819,8
2023-10-04,AAPL,1,0.5175416024894743,8
2023-10-04,AMZN,0,0.4497413598943366,8
2023-10-04,GOOGL,1,0.5855737470464515,8
2023-10-04,INTC,0,0.17682527396399747,8
2023-10-04,MSFT,1,0.4473815269617901,8
2023-10-04,NVDA,1,0.49357164140845117,8
2023-10-04,PFE,0,0.30177328835795647,8
2023-10-04,PYPL,0,0.4893159839731871,8
2023-10-04,ZM,0,0.6806298141234035,8
2023-10-05,AAPL,1,0.581832441272164,8
2023-10-05,AMZN,1,0.4672539292294415,8
2023-10-05,GOOGL,1,0.47510637514635423,8
2023-10-05,INTC,0,0.21787111399427952,8
2023-10-05,MSFT,1,0.37267105051353727,8
2023-10-05,NVDA,1,0.1793765380561029,8
2023-10-05,PFE,0,0.27186702085560305,8
2023-10-05,PYPL,0,0.1869731573786358,8
2023-10-05,ZM,1,0.5154480135720944,8
2023-10-06,AAPL,0,0.3790677553618646,8
2023-10-06,AMZN,0,0.2900000633792773,8
2023-10-06,GOOGL,0,0.4367820489300945,8
2023-10-06,INTC,0,0.22249602754840436,8
2023-10-06,MSFT,1,0.28288092169488366,8
2023-10-06,NVDA,0,0.1520663281194185,8
2023-10-06,PFE,0,0.3726555466828835,8
2023-10-06,PYPL,0,0.36216759677629307,8
2023-10-06,ZM,0,0.33270574255146745,8
2023-10-09,AAPL,0,0.4750274249279931,8
2023-10-09,AMZN,1,0.43905671008824426,8
2023-10-09,GOOGL,0,0.5137501630477215,8
2023-10-09,INTC,0,0.554195400948625,8
2023-10-09,MSFT,0,0.4616971946490856,8
2023-10-09,NVDA,1,0.23369618287995625,8
2023-10-09,PFE,0,0.32609620927316163,8
2023-10-09,PYPL,0,0.4233175068533088,8
2023-10-09,ZM,0,0.31674650108228747,8
2023-10-10,AAPL,0,0.615132159575143,8
2023-10-10,AMZN,1,0.31117144402388847,8
2023-10-10,GOOGL,0,0.6543358996407422,8
2023-10-10,INTC,0,0.42490456600440396,8
2023-10-10,MSFT,1,0.6325815399752602,8
2023-10-10,NVDA,1,0.39639426554196516,8
2023-10-10,PFE,0,0.7190869447127595,8
2023-10-10,PYPL,0,0.6739506295068652,8
2023-10-10,ZM,0,0.5074906169311221,8
2023-10-11,AAPL,0,0.6695148692306699,8
2023-10-11,AMZN,0,0.8300614355816993,8
2023-10-11,GOOGL,0,0.6696328515363265,8
2023-10-11,INTC,0,0.671933157006404,8
2023-10-11,MSFT,0,0.6521537290281169,8
2023-10-11,NVDA,0,0.45151382725277217,8
2023-10-11,PFE,0,0.6731886331343344,8
2023-10-11,PYPL,0,0.44254821022508045,8
2023-10-11,ZM,0,0.4402433622005576,8
2023-10-12,AAPL,0,0.5343964573848006,8
2023-10-12,AMZN,0,0.7988506336194522,8
2023-10-12,GOOGL,0,0.5250024988515607,8
2023-10-12,INTC,0,0.7600085226289185,8
2023-10-12,MSFT,0,0.7445332535103479,8
2023-10-12,NVDA,0,0.4892041461836618,8
2023-10-12,PFE,0,0.6436353336393144,8
2023-10-12,PYPL,0,0.5146953544214333,8
2023-10-12,ZM,0,0.3856399832908675,8
2023-10-13,AAPL,0,0.5955569252914844,8
2023-10-13,AMZN,0,0.5986778870653335,8
2023-10-13,GOOGL,0,0.6350932406520746,8
2023-10-13,INTC,0,0.42100089726456885,8
2023-10-13,MSFT,1,0.5354344522842578,8
2023-10-13,NVDA,0,0.37149423972962753,8
2023-10-13,PFE,1,0.3591162352621999,8
2023-10-13,PYPL,1,0.49276059323837035,8
2023-10-13,ZM,1,0.6131353344008155,8
2023-10-16,AAPL,0,0.5489523544912016,8
2023-10-16,AMZN,0,0.590153475315606,8
2023-10-16,GOOGL,0,0.3184979518017137,8
2023-10-16,INTC,0,0.21544881003335262,8
2023-10-16,MSFT,0,0.24346493069551592,8
2023-10-16,NVDA,0,0.24203688212555216,8
2023-10-16,PFE,0,0.3964135221268172,8
2023-10-16,PYPL,0,0.26758732768673305,8
2023-10-16,ZM,0,0.48453715204304676,8
2023-10-17,AAPL,0,0.6463558266802444,8
2023-10-17,AMZN,0,0.7034518877587922,8
2023-10-17,GOOGL,0,0.36355423682845894,8
2023-10-17,INTC,0,0.1592336285489145,8
2023-10-17,MSFT,0,0.47863675523496163,8
2023-10-17,NVDA,0,0.19537634185155597,8
2023-10-17,PFE,0,0.2068841601224002,8
2023-10-17,PYPL,0,0.25868458543378775,8
2023-10-17,ZM,0,0.4434428828232726,8
2023-10-18,AAPL,0,0.6379751118993412,8
2023-10-18,AMZN,0,0.4431019612285732,8
2023-10-18,GOOGL,0,0.5306513099588365,8
2023-10-18,INTC,0,0.1504898910402656,8
2023-10-18,MSFT,0,0.5117615356072136,8
2023-10-18,NVDA,0,0.2507198002248063,8
2023-10-18,PFE,0,0.30223319230300677,8
2023-10-18,PYPL,0,0.6775122231445183,8
2023-10-18,ZM,0,0.6105710173865382,8
2023-10-19,AAPL,0,0.8055752120490929,8
2023-10-19,AMZN,0,0.7016860282986707,8
2023-10-19,GOOGL,0,0.33141334828380786,8
2023-10-19,INTC,0,0.21035696466903253,8
2023-10-19,MSFT,0,0.5036722754175798,8
2023-10-19,NVDA,0,0.44410064810655353,8
2023-10-19,PFE,0,0.4223986321107897,8
2023-10-19,PYPL,0,0.3534234184194793,8
2023-10-19,ZM,0,0.4955892025583651,8
2023-10-20,AAPL,0,0.523770715967275,8
2023-10-20,AMZN,0,0.6685571844376895,8
2023-10-20,GOOGL,0,0.5182200547294296,8
2023-10-20,INTC,0,0.1991248310621892,8
2023-10-20,MSFT,1,0.3305291710738986,8
2023-10-20,NVDA,1,0.36067028917508714,8
2023-10-20,PFE,0,0.27495957233801077,8
2023-10-20,PYPL,0,0.6301799025607212,8
2023-10-20,ZM,0,0.5205860933040888,8
2023-10-23,AAPL,0,0.4222495490170274,8
2023-10-23,AMZN,0,0.5877999785081064,8
2023-10-23,GOOGL,0,0.5207872420925734,8
2023-10-23,INTC,0,0.2567202686442176,8
2023-10-23,MSFT,1,0.48584002701758405,8
2023-10-23,NVDA,0,0.3544609743516671,8
2023-10-23,PFE,0,0.40804674268127566,8
2023-10-23,PYPL,0,0.25704514304774284,8
2023-10-23,ZM,0,0.41216386607598715,8
2023-10-24,AAPL,0,0.49446197557625016,8
2023-10-24,AMZN,0,0.6206947440615538,8
2023-10-24,GOOGL,0,0.4592030813027794,8
2023-10-24,INTC,0,0.1631765105385055,8
2023-10-24,MSFT,1,0.5134423689994023,8
2023-10-24,NVDA,0,0.36266363852653505,8
2023-10-24,PFE,0,0.5343875198536091,8
2023-10-24,PYPL,0,0.30673683463463536,8
2023-10-24,ZM,0,0.4093891275749971,8
2023-10-25,AAPL,0,0.3143305943307233,8
2023-10-25,AMZN,0,0.46400274256623986,8
2023-10-25,GOOGL,0,0.24385216264678186,8
2023-10-25,INTC,1,0.07289557570597964,8
2023-10-25,MSFT,0,0.44727597021423465,8
2023-10-25,NVDA,0,0.2691421973154433,8
2023-10-25,PFE,0,0.666180175605936,8
2023-10-25,PYPL,0,0.39453908472030885,8
2023-10-25,ZM,0,0.7308367834656948,8
2023-10-26,AAPL,1,0.3703760067218534,8
2023-10-26,AMZN,1,0.5828911959244817,8
2023-10-26,GOOGL,1,0.6779231259613868,8
2023-10-26,INTC,1,0.346520633446721,8
2023-10-26,MSFT,1,0.16534608229043254,8
2023-10-26,NVDA,0,0.4814758000776554,8
2023-10-26,PFE,0,0.5400321464383729,8
2023-10-26,PYPL,0,0.5540460262823941,8
2023-10-26,ZM,1,0.8264954412845954,8
2023-10-27,AAPL,1,0.41026758015008935,8
2023-10-27,AMZN,1,0.41449590985022694,8
2023-10-27,GOOGL,1,0.4167829949909913,8
2023-10-27,INTC,1,0.7307193624648508,8
2023-10-27,MSFT,1,0.2690318069615748,8
2023-10-27,NVDA,0,0.5876562404651657,8
2023-10-27,PFE,0,0.778138969711009,8
2023-10-27,PYPL,1,0.48197553923509623,8
2023-10-27,ZM,1,0.7363235654187135,8
2023-10-30,AAPL,1,0.4245941660697962,8
2023-10-30,AMZN,1,0.5606158526019004,8
2023-10-30,GOOGL,1,0.4362454089168802,8
2023-10-30,INTC,1,0.6857842332558937,8
2023-10-30,MSFT,1,0.2586109360493356,8
2023-10-30,NVDA,0,0.4926067703056451,8
2023-10-30,PFE,0,0.7704799123389598,8
2023-10-30,PYPL,1,0.44126055778528067,8
2023-10-30,ZM,1,0.4902653642232709,8
2023-10-31,AAPL,1,0.5644369328576992,8
2023-10-31,AMZN,1,0.5011870849928901,8
2023-10-31,GOOGL,1,0.4131275673918998,8
2023-10-31,INTC,1,0.7234524931391386,8
2023-10-31,MSFT,1,0.21783694091056494,8
2023-10-31,NVDA,1,0.47227261208662236,8
2023-10-31,PFE,0,0.8118338483056649,8
2023-10-31,PYPL,1,0.5654398079988272,8
2023-10-31,ZM,1,0.7235044107111689,8
2023-11-01,AAPL,1,0.3197498598245441,8
2023-11-01,AMZN,1,0.599099087974559,8
2023-11-01,GOOGL,1,0.345210653624038,8
2023-11-01,INTC,1,0.732821781779331,8
2023-11-01,MSFT,1,0.16096943163044242,8
2023-11-01,NVDA,1,0.3268615786133071,8
2023-11-01,PFE,0,0.767397937264865,8
2023-11-01,PYPL,1,0.5192016538763735,8
2023-11-01,ZM,1,0.7328026282625604,8
2023-11-02,AAPL,1,0.3693599416725234,8
2023-11-02,AMZN,1,0.5518565887951311,8
2023-11-02,GOOGL,1,0.5391596856735206,8
2023-11-02,INTC,1,0.7198128328837642,8
2023-11-02,MSFT,1,0.23241327852745963,8
2023-11-02,NVDA,1,0.3828403841105316,8
2023-11-02,PFE,0,0.738848305982872,8
2023-11-02,PYPL,0,0.43211351272477444,8
2023-11-02,ZM,1,0.7062106269119961,8
2023-11-03,AAPL,1,0.37463529612837854,8
2023-11-03,AMZN,1,0.5480135550364107,8
2023-11-03,GOOGL,1,0.48362143270590635,8
2023-11-03,INTC,1,0.690324094878394,8
2023-11-03,MSFT,1,0.23653821777794182,8
2023-11-03,NVDA,1,0.4057631653311933,8
2023-11-03,PFE,0,0.6687842223809388,8
2023-11-03,PYPL,0,0.4825611937217291,8
2023-11-03,ZM,0,0.6673358062775611,8
2023-11-06,AAPL,1,0.48463049776206624,8
2023-11-06,AMZN,1,0.5748047445821641,8
2023-11-06,GOOGL,1,0.4414176082169935,8
2023-11-06,INTC,1,0.5350546318582952,8
2023-11-06,MSFT,1,0.22321652691969715,8
2023-11-06,NVDA,1,0.4602540557922374,8
2023-11-06,PFE,0,0.7190909017974447,8
2023-11-06,PYPL,1,0.6695396772163343,8
2023-11-06,ZM,0,0.6514689805770281,8
2023-11-07,AAPL,1,0.5213575666679234,8
2023-11-07,AMZN,0,0.7015609577072578,8
2023-11-07,GOOGL,1,0.4540217727080258,8
2023-11-07,INTC,0,0.5897746709357341,8
2023-11-07,MSFT,1,0.24156836007291504,8
2023-11-07,NVDA,1,0.32572287805744665,8
2023-11-07,PFE,0,0.8125046873839086,8
2023-11-07,PYPL,1,0.4027496757153336,8
2023-11-07,ZM,0,0.5144341784633117,8
2023-11-08,AAPL,1,0.42683744370360444,8
2023-11-08,AMZN,1,0.5356248777424387,8
2023-11-08,GOOGL,1,0.505751575635182,8
2023-11-08,INTC,1,0.34504538266016593,8
2023-11-08,MSFT,1,0.178423730005421,8
2023-11-08,NVDA,1,0.3157165291812452,8
2023-11-08,PFE,0,0.6479182998925785,8
2023-11-08,PYPL,0,0.39847330518736584,8
2023-11-08,ZM,0,0.43328528402638244,8
2023-11-09,AAPL,1,0.544757145610139,8
2023-11-09,AMZN,1,0.7174642145715596,8
2023-11-09,GOOGL,1,0.6093560437777492,8
2023-11-09,INTC,1,0.46297342298879773,8
2023-11-09,MSFT,1,0.14826740719166037,8
2023-11-09,NVDA,1,0.24849858630645888,8
2023-11-09,PFE,0,0.7932892888823663,8
2023-11-09,PYPL,1,0.31204010122256753,8
2023-11-09,ZM,1,0.37567425564304235,8
2023-11-10,AAPL,0,0.18821230834931327,8
2023-11-10,AMZN,0,0.627362484133769,8
2023-11-10,GOOGL,1,0.5636953382106872,8
2023-11-10,INTC,0,0.5990501848467885,8
2023-11-10,MSFT,1,0.05900724885297871,8
2023-11-10,NVDA,1,0.32271064379979647,8
2023-11-10,PFE,1,0.7490700597087342,8
2023-11-10,PYPL,1,0.3246365838660744,8
2023-11-10,ZM,1,0.4370548837272297,8
2023-11-13,AAPL,1,0.37891382051137,8
2023-11-13,AMZN,0,0.6891701210999285,8
2023-11-13,GOOGL,1,0.628471140335246,8
2023-11-13,INTC,1,0.22589808675436424,8
2023-11-13,MSFT,1,0.18127006980005964,8
2023-11-13,NVDA,1,0.3047706959773823,8
2023-11-13,PFE,1,0.5480745308276885,8
2023-11-13,PYPL,1,0.4803344635659153,8
2023-11-13,ZM,1,0.5580913236713584,8
2023-11-14,AAPL,1,0.11726548624178582,8
2023-11-14,AMZN,0,0.224400810578499,8
2023-11-14,GOOGL,1,0.5168076202420462,8
2023-11-14,INTC,1,0.4041472649888399,8
2023-11-14,MSFT,1,0.1721324953309555,8
2023-11-14,NVDA,0,0.2848736571385328,8
2023-11-14,PFE,1,0.8543516466240273,8
2023-11-14,PYPL,0,0.2804523908131641,8
2023-11-14,ZM,1,0.42445092179330357,8
2023-11-15,AAPL,1,0.15359320514292069,8
2023-11-15,AMZN,0,0.42138924907230046,8
2023-11-15,GOOGL,0,0.39972501471774174,8
2023-11-15,INTC,1,0.4103905735636297,8
2023-11-15,MSFT,1,0.23057186129572316,8
2023-11-15,NVDA,0,0.3788244118974286,8
2023-11-15,PFE,0,0.8696708375414894,8
2023-11-15,PYPL,0,0.3056717622945152,8
2023-11-15,ZM,1,0.31534412668512934,8
2023-11-16,AAPL,0,0.11022089680075443,8
2023-11-16,AMZN,1,0.5794193289975221,8
2023-11-16,GOOGL,0,0.4537540570337904,8
2023-11-16,INTC,1,0.5358571537010456,8
2023-11-16,MSFT,0,0.10882005585031407,8
2023-11-16,NVDA,0,0.4442364561446616,8
2023-11-16,PFE,0,0.8470942434425454,8
2023-11-16,PYPL,0,0.4324139436065851,8
2023-11-16,ZM,1,0.4394352236656984,8
2023-11-17,AAPL,0,0.15947686358445065,8
2023-11-17,AMZN,0,0.5466991899994609,8
2023-11-17,GOOGL,0,0.5960132440647123,8
2023-11-17,INTC,0,0.37679778850519413,8
2023-11-17,MSFT,1,0.10869719049112579,8
2023-11-17,NVDA,0,0.5923661225942737,8
2023-11-17,PFE,0,0.8683746595254048,8
2023-11-17,PYPL,0,0.4403477414168875,8
2023-11-17,ZM,0,0.2960228873395627,8
2023-11-20,AAPL,0,0.11506491851750647,8
2023-11-20,AMZN,0,0.46274698697017475,8
2023-11-20,GOOGL,0,0.5228370010208603,8
2023-11-20,INTC,0,0.32125859976927534,8
2023-11-20,MSFT,0,0.0590819090752016,8
2023-11-20,NVDA,0,0.3651565148123258,8
2023-11-20,PFE,0,0.9144071273159364,8
2023-11-20,PYPL,0,0.15590638560824474,8
2023-11-20,ZM,0,0.3747722782608048,8
2023-11-21,AAPL,1,0.09504511021191342,8
2023-11-21,AMZN,1,0.595753370204671,8
2023-11-21,GOOGL,0,0.4893503923797436,8
2023-11-21,INTC,1,0.6747130076785629,8
2023-11-21,MSFT,0,0.17912461075021918,8
2023-11-21,NVDA,0,0.6133460916647908,8
2023-11-21,PFE,0,0.8606142762377772,8
2023-11-21,PYPL,1,0.3765529029347814,8
2023-11-21,ZM,0,0.6272728047258149,8
2023-11-22,AAPL,0,0.1460583911690422,8
2023-11-22,AMZN,0,0.5884525298790657,8
2023-11-22,GOOGL,0,0.5853823253640368,8
2023-11-22,INTC,1,0.24253365785714134,8
2023-11-22,MSFT,0,0.07645986267566729,8
2023-11-22,NVDA,0,0.6058308680018863,8
2023-11-22,PFE,0,0.9021726891196182,8
2023-11-22,PYPL,1,0.08988419740875128,8
2023-11-22,ZM,1,0.582984845238678,8
2023-11-24,AAPL,1,0.1636618965667021,8
2023-11-24,AMZN,0,0.5799090875808866,8
2023-11-24,GOOGL,0,0.656677722845021,8
2023-11-24,INTC,0,0.177280885342622,8
2023-11-24,MSFT,0,0.0909706288490962,8
2023-11-24,NVDA,0,0.2801646325313417,8
2023-11-24,PFE,0,0.7348681448589477,8
2023-11-24,PYPL,1,0.14559732312185364,8
2023-11-24,ZM,1,0.18413942615851273,8
2023-11-27,AAPL,1,0.0982960907804647,8
2023-11-27,AMZN,0,0.2055022054832777,8
2023-11-27,GOOGL,0,0.42790440568945776,8
2023-11-27,INTC,0,0.13450984038633115,8
2023-11-27,MSFT,0,0.17494763642662678,8
2023-11-27,NVDA,0,0.21988004400387542,8
2023-11-27,PFE,0,0.8169000695131319,8
2023-11-27,PYPL,1,0.07842318693333403,8
2023-11-27,ZM,1,0.18370444746675257,8
2023-11-28,AAPL,1,0.19384664856222772,8
2023-11-28,AMZN,0,0.5272533799210711,8
2023-11-28,GOOGL,0,0.35879730141416744,8
2023-11-28,INTC,0,0.14008355333976572,8
2023-11-28,MSFT,0,0.21112339610466027,8
2023-11-28,NVDA,0,0.1792395213061694,8
2023-11-28,PFE,0,0.8224501687855958,8
2023-11-28,PYPL,0,0.12697867309028005,8
2023-11-28,ZM,1,0.13110409143966206,8
2023-11-29,AAPL,1,0.4872896318240727,8
2023-11-29,AMZN,0,0.5133704271933273,8
2023-11-29,GOOGL,0,0.5521602144130512,8
2023-11-29,INTC,0,0.07267852374110491,8
2023-11-29,MSFT,0,0.21749158073139513,8
2023-11-29,NVDA,0,0.08959817802338862,8
2023-11-29,PFE,0,0.7131820901565035,8
2023-11-29,PYPL,0,0.22850682922015364,8
2023-11-29,ZM,1,0.18663771317317396,8
2023-11-30,AAPL,1,0.23665330579386565,8
2023-11-30,AMZN,0,0.4376798582314081,8
2023-11-30,GOOGL,0,0.5096418499203968,8
2023-11-30,INTC,0,0.28090290526651934,8
2023-11-30,MSFT,0,0.18889719784455075,8
2023-11-30,NVDA,0,0.23152611745485083,8
2023-11-30,PFE,0,0.654255768989652,8
2023-11-30,PYPL,1,0.25869068635232834,8
2023-11-30,ZM,1,0.26317997641317326,8
2023-12-01,AAPL,0,0.3664974330953691,8
2023-12-01,AMZN,0,0.4967196409153963,8
2023-12-01,GOOGL,0,0.6713065537376359,8
2023-12-01,INTC,0,0.310200624139881,8
2023-12-01,MSFT,0,0.09833133711595546,8
2023-12-01,NVDA,0,0.5727935748938264,8
2023-12-01,PFE,0,0.7495219440858096,8
2023-12-01,PYPL,0,0.11496613997585757,8
2023-12-01,ZM,0,0.47336446050780107,8
2023-12-04,AAPL,1,0.45506014289596086,8
2023-12-04,AMZN,1,0.5687557243713619,8
2023-12-04,GOOGL,1,0.5592456658081573,8
2023-12-04,INTC,0,0.3299564615699802,8
2023-12-04,MSFT,0,0.12428257863020296,8
2023-12-04,NVDA,1,0.5607426015181627,8
2023-12-04,PFE,0,0.8524097344363031,8
2023-12-04,PYPL,0,0.36711859736001207,8
2023-12-04,ZM,1,0.6404656168710705,8
2023-12-05,AAPL,0,0.40907107296817496,8
2023-12-05,AMZN,0,0.599703991480669,8
2023-12-05,GOOGL,1,0.5665730778833507,8
2023-12-05,INTC,0,0.5388083429638685,8
2023-12-05,MSFT,0,0.1579289978112908,8
2023-12-05,NVDA,0,0.49037223398060825,8
2023-12-05,PFE,0,0.8847990714507075,8
2023-12-05,PYPL,1,0.33787159665643857,8
2023-12-05,ZM,1,0.4266249342125964,8
2023-12-06,AAPL,1,0.6371619174596851,8
2023-12-06,AMZN,1,0.5390931286980037,8
2023-12-06,GOOGL,1,0.6884835466629357,8
2023-12-06,INTC,1,0.2622598348100047,8
2023-12-06,MSFT,0,0.1761518402438131,8
2023-12-06,NVDA,1,0.5582663055595279,8
2023-12-06,PFE,0,0.8446137998091103,8
2023-12-06,PYPL,0,0.3689180158384916,8
2023-12-06,ZM,1,0.588159302803886,8
2023-12-07,AAPL,0,0.42056779771369346,8
2023-12-07,AMZN,0,0.5842436517281271,8
2023-12-07,GOOGL,0,0.49977271848393057,8
2023-12-07,INTC,1,0.4898944489657621,8
2023-12-07,MSFT,0,0.13361785911324292,8
2023-12-07,NVDA,1,0.4095525455657282,8
2023-12-07,PFE,0,0.8651921809239513,8
2023-12-07,PYPL,1,0.32181911173028865,8
2023-12-07,ZM,0,0.46141530040525264,8
2023-12-08,AAPL,0,0.386562952836086,8
2023-12-08,AMZN,0,0.7375964221097572,8
2023-12-08,GOOGL,0,0.5584630209299817,8
2023-12-08,INTC,1,0.32900225770393754,8
2023-12-08,MSFT,0,0.19808981550248816,8
2023-12-08,NVDA,0,0.5269923623698698,8
2023-12-08,PFE,0,0.8567094334679977,8
2023-12-08,PYPL,1,0.3246688405790757,8
2023-12-08,ZM,0,0.4350520462267672,8
2023-12-11,AAPL,0,0.4068052484242065,8
2023-12-11,AMZN,1,0.6640721209785403,8
2023-12-11,GOOGL,0,0.6163289152964802,8
2023-12-11,INTC,0,0.3580394559062081,8
2023-12-11,MSFT,0,0.2550674987364852,8
2023-12-11,NVDA,1,0.3836437691036282,8
2023-12-11,PFE,0,0.8502745596704119,8
2023-12-11,PYPL,1,0.593115408028635,8
2023-12-11,ZM,0,0.6302688823371012,8
2023-12-12,AAPL,0,0.5143179655616341,8
2023-12-12,AMZN,1,0.625904927245185,8
2023-12-12,GOOGL,0,0.6110343686918821,8
2023-12-12,INTC,1,0.2933552746067916,8
2023-12-12,MSFT,0,0.131705879869546,8
2023-12-12,NVDA,1,0.4195021413053044,8
2023-12-12,PFE,0,0.7437274632850089,8
2023-12-12,PYPL,1,0.16508614832337612,8
2023-12-12,ZM,0,0.1452513629476413,8
2023-12-13,AAPL,0,0.26312133429600204,8
2023-12-13,AMZN,0,0.5524295168543775,8
2023-12-13,GOOGL,0,0.3182920869281094,8
2023-12-13,INTC,1,0.16555492203876443,8
2023-12-13,MSFT,0,0.12531829433092287,8
2023-12-13,NVDA,1,0.45620683319758565,8
2023-12-13,PFE,0,0.5560930060359706,8
2023-12-13,PYPL,0,0.33390274850502033,8
2023-12-13,ZM,1,0.4866080251208814,8
2023-12-14,AAPL,0,0.34398322406202164,8
2023-12-14,AMZN,1,0.761401960640781,8
2023-12-14,GOOGL,1,0.6382221315257297,8
2023-12-14,INTC,1,0.44376719199722264,8
2023-12-14,MSFT,0,0.30274017803767345,8
2023-12-14,NVDA,1,0.4464595402532843,8
2023-12-14,PFE,1,0.4723469795199097,8
2023-12-14,PYPL,0,0.4664660204037526,8
2023-12-14,ZM,0,0.40966832056819225,8
2023-12-15,AAPL,0,0.6247061672454125,8
2023-12-15,AMZN,1,0.716471476861976,8
2023-12-15,GOOGL,1,0.5507739776207742,8
2023-12-15,INTC,1,0.5323071418577087,8
2023-12-15,MSFT,0,0.33050339709878584,8
2023-12-15,NVDA,0,0.4084389302615083,8
2023-12-15,PFE,1,0.5275961772845701,8
2023-12-15,PYPL,1,0.351394724539748,8
2023-12-15,ZM,0,0.621767442298154,8
2023-12-18,AAPL,0,0.7838579542436496,8
2023-12-18,AMZN,0,0.6345652313904059,8
2023-12-18,GOOGL,1,0.5116016367618962,8
2023-12-18,INTC,1,0.4331382510768566,8
2023-12-18,MSFT,0,0.3943189814421612,8
2023-12-18,NVDA,0,0.4029942421771843,8
2023-12-18,PFE,1,0.46830667843728485,8
2023-12-18,PYPL,1,0.4908297013659523,8
2023-12-18,ZM,0,0.47456695091561213,8
2023-12-19,AAPL,0,0.5474338186842556,8
2023-12-19,AMZN,0,0.41275635961152096,8
2023-12-19,GOOGL,1,0.3978133773756793,8
2023-12-19,INTC,0,0.2366326901317467,8
2023-12-19,MSFT,0,0.1967056122474513,8
2023-12-19,NVDA,0,0.24611820808234897,8
2023-12-19,PFE,0,0.32956505553382015,8
2023-12-19,PYPL,0,0.30879799685213233,8
2023-12-19,ZM,0,0.2144466492931099,8
2023-12-20,AAPL,0,0.6108315778328693,8
2023-12-20,AMZN,0,0.7601601459424594,8
2023-12-20,GOOGL,0,0.46298685637107434,8
2023-12-20,INTC,1,0.1150851204038645,8
2023-12-20,MSFT,1,0.2911964204371602,8
2023-12-20,NVDA,1,0.4200908510819033,8
2023-12-20,PFE,1,0.5831913721661988,8
2023-12-20,PYPL,0,0.25718231717378437,8
2023-12-20,ZM,1,0.32075876794472596,8
2023-12-21,AAPL,0,0.7026448695692628,8
2023-12-21,AMZN,0,0.6977536190387389,8
2023-12-21,GOOGL,0,0.4946835479749665,8
2023-12-21,INTC,1,0.40142330556504907,8
2023-12-21,MSFT,0,0.17149646908296423,8
2023-12-21,NVDA,0,0.5012530972918001,8
2023-12-21,PFE,1,0.7112865900860105,8
2023-12-21,PYPL,0,0.3873329926515648,8
2023-12-21,ZM,1,0.4256877068924493,8
2023-12-22,AAPL,0,0.77581915760426,8
2023-12-22,AMZN,0,0.7584384485919602,8
2023-12-22,GOOGL,0,0.4685327432037288,8
2023-12-22,INTC,1,0.5125284863564986,8
2023-12-22,MSFT,0,0.3031045871821002,8
2023-12-22,NVDA,0,0.3612808029848907,8
2023-12-22,PFE,1,0.6425807891056532,8
2023-12-22,PYPL,0,0.20851842217561076,8
2023-12-22,ZM,0,0.11437601819129654,8
2023-12-26,AAPL,0,0.5880366182362974,8
2023-12-26,AMZN,0,0.5660197672886812,8
2023-12-26,GOOGL,0,0.23348687302330876,8
2023-12-26,INTC,0,0.22695987525489308,8
2023-12-26,MSFT,0,0.14830850316773012,8
2023-12-26,NVDA,0,0.18707842646325046,8
2023-12-26,PFE,1,0.6110194110425728,8
2023-12-26,PYPL,0,0.1288813403394637,8
2023-12-26,ZM,0,0.1449002272263633,8
2023-12-27,AAPL,0,0.4232165069320162,8
2023-12-27,AMZN,0,0.3136527160968446,8
2023-12-27,GOOGL,0,0.3440458928742576,8
2023-12-27,INTC,0,0.20775772271312504,8
2023-12-27,MSFT,0,0.13656698970515466,8
2023-12-27,NVDA,0,0.19673439724206396,8
2023-12-27,PFE,1,0.6347265187630676,8
2023-12-27,PYPL,0,0.1742531537743747,8
2023-12-27,ZM,0,0.32382444446988545,8
2023-12-28,AAPL,0,0.4940187506563977,8
2023-12-28,AMZN,0,0.6659984848111615,8
2023-12-28,GOOGL,0,0.5104446682002787,8
2023-12-28,INTC,0,0.3875082501109361,8
2023-12-28,MSFT,0,0.17741504549794096,8
2023-12-28,NVDA,0,0.12657540975536855,8
2023-12-28,PFE,1,0.7773536165660621,8
2023-12-28,PYPL,0,0.27250069725664516,8
2023-12-28,ZM,0,0.3343273639432523,8
2023-12-29,AAPL,0,0.4834148484237031,8
2023-12-29,AMZN,0,0.7886202290854394,8
2023-12-29,GOOGL,0,0.6828941023922513,8
2023-12-29,INTC,0,0.4608728201114182,8
2023-12-29,MSFT,0,0.2051526884217599,8
2023-12-29,NVDA,0,0.2511835698700443,8
2023-12-29,PFE,1,0.8961848218964398,8
2023-12-29,PYPL,0,0.3521951046031783,8
2023-12-29,ZM,0,0.2806372821009952,8
2024-01-02,AAPL,0,0.06943846377260249,9
2024-01-02,AMZN,0,0.591609156579404,9
2024-01-02,GOOGL,0,0.26567769798818636,9
2024-01-02,INTC,0,0.1741592920105661,9
2024-01-02,MSFT,1,0.07722950378823035,9
2024-01-02,NVDA,0,0.3448246797938955,9
2024-01-02,PFE,0,0.6621620224367559,9
2024-01-02,PYPL,0,0.3218671325332232,9
2024-01-02,ZM,0,0.5690544717218742,9
2024-01-03,AAPL,0,0.21519866533950183,9
2024-01-03,AMZN,0,0.7585719112770314,9
2024-01-03,GOOGL,0,0.26494148354271785,9
2024-01-03,INTC,0,0.19134598504056907,9
2024-01-03,MSFT,1,0.06337949568084494,9
2024-01-03,NVDA,1,0.3720308142838398,9
2024-01-03,PFE,0,0.3120451363184036,9
2024-01-03,PYPL,0,0.38862926846360096,9
2024-01-03,ZM,1,0.702175053064484,9
2024-01-04,AAPL,1,0.3990064231615966,9
2024-01-04,AMZN,1,0.797508969101295,9
2024-01-04,GOOGL,1,0.44573534590570024,9
2024-01-04,INTC,1,0.3983686506700613,9
2024-01-04,MSFT,1,0.26623771493528153,9
2024-01-04,NVDA,1,0.6658941470592444,9
2024-01-04,PFE,0,0.48618879134720067,9
2024-01-04,PYPL,1,0.40535061643264214,9
2024-01-04,ZM,1,0.4060530183026927,9
2024-01-05,AAPL,1,0.285687947253158,9
2024-01-05,AMZN,1,0.46834581989008056,9
2024-01-05,GOOGL,1,0.3816036649484735,9
2024-01-05,INTC,1,0.10345045280301966,9
2024-01-05,MSFT,1,0.04372753301579566,9
2024-01-05,NVDA,1,0.4107656534003272,9
2024-01-05,PFE,0,0.44430244975436856,9
2024-01-05,PYPL,0,0.30696953616982786,9
2024-01-05,ZM,1,0.25054545049611665,9
2024-01-08,AAPL,0,0.06565961914133328,9
2024-01-08,AMZN,1,0.5131408659197592,9
2024-01-08,GOOGL,1,0.2899667749687557,9
2024-01-08,INTC,0,0.4866456991400344,9
2024-01-08,MSFT,1,0.24805441147883361,9
2024-01-08,NVDA,1,0.22150888701422286,9
2024-01-08,PFE,0,0.557495928680023,9
2024-01-08,PYPL,0,0.5707936555934254,9
2024-01-08,ZM,0,0.5319808336203953,9
2024-01-09,AAPL,0,0.12216948462503525,9
2024-01-09,AMZN,1,0.5270952097763371,9
2024-01-09,GOOGL,1,0.4372987117154509,9
2024-01-09,INTC,0,0.5296727697831273,9
2024-01-09,MSFT,1,0.24369694404895828,9
2024-01-09,NVDA,1,0.3042926972538006,9
2024-01-09,PFE,0,0.551298603766244,9
2024-01-09,PYPL,0,0.7015146398082706,9
2024-01-09,ZM,0,0.6597897725827717,9
2024-01-10,AAPL,0,0.15349641985652263,9
2024-01-10,AMZN,0,0.7386067505274496,9
2024-01-10,GOOGL,0,0.42073466111599617,9
2024-01-10,INTC,0,0.4009768706584148,9
2024-01-10,MSFT,1,0.2215360182252937,9
2024-01-10,NVDA,1,0.2646955340403785,9
2024-01-10,PFE,0,0.5610607476125433,9
2024-01-10,PYPL,0,0.7582707414486398,9
2024-01-10,ZM,1,0.6524766325842724,9
2024-01-11,AAPL,0,0.17727454219622166,9
2024-01-11,AMZN,0,0.7558257910401999,9
2024-01-11,GOOGL,0,0.5142724699500936,9
2024-01-11,INTC,0,0.3893412148431216,9
2024-01-11,MSFT,1,0.10449250992641124,9
2024-01-11,NVDA,1,0.1687942030324856,9
2024-01-11,PFE,0,0.2225937923825748,9
2024-01-11,PYPL,0,0.3848050692839077,9
2024-01-11,ZM,1,0.26789843892032716,9
2024-01-12,AAPL,0,0.12505761520400693,9
2024-01-12,AMZN,0,0.6761771460893137,9
2024-01-12,GOOGL,0,0.45158083008206273,9
2024-01-12,INTC,0,0.5149678984908805,9
2024-01-12,MSFT,1,0.05899021555329161,9
2024-01-12,NVDA,1,0.13761264464593828,9
2024-01-12,PFE,0,0.4191135301240255,9
2024-01-12,PYPL,0,0.5363714514216614,9
2024-01-12,ZM,0,0.2381640454385024,9
2024-01-16,AAPL,0,0.12265090643443138,9
2024-01-16,AMZN,0,0.6392701048646175,9
2024-01-16,GOOGL,0,0.46682497783464627,9
2024-01-16,INTC,0,0.3844126491604512,9
2024-01-16,MSFT,1,0.06805794164198282,9
2024-01-16,NVDA,0,0.09972947841894393,9
2024-01-16,PFE,0,0.3174324056122751,9
2024-01-16,PYPL,0,0.2059873180447147,9
2024-01-16,ZM,0,0.26428365613055343,9
2024-01-17,AAPL,1,0.24407497410944493,9
2024-01-17,AMZN,1,0.5898410681023104,9
2024-01-17,GOOGL,1,0.5173161535775733,9
2024-01-17,INTC,1,0.4985651913902013,9
2024-01-17,MSFT,1,0.03815185371629869,9
2024-01-17,NVDA,1,0.1952854565722259,9
2024-01-17,PFE,0,0.5443110817002036,9
2024-01-17,PYPL,1,0.21722644734089966,9
2024-01-17,ZM,0,0.2678198074635647,9
2024-01-18,AAPL,1,0.1705305653288933,9
2024-01-18,AMZN,1,0.5252360129697533,9
2024-01-18,GOOGL,1,0.32725062550311934,9
2024-01-18,INTC,1,0.6476305109364202,9
2024-01-18,MSFT,1,0.07418670068472025,9
2024-01-18,NVDA,1,0.12764760677778123,9
2024-01-18,PFE,0,0.3483824146989235,9
2024-01-18,PYPL,1,0.2715144808950851,9
2024-01-18,ZM,1,0.482865803803297,9
2024-01-19,AAPL,0,0.2979930390413634,9
2024-01-19,AMZN,1,0.5803014145653185,9
2024-01-19,GOOGL,1,0.16817611430428608,9
2024-01-19,INTC,0,0.41201709680813137,9
2024-01-19,MSFT,1,0.06578469619602736,9
2024-01-19,NVDA,1,0.08779589009734859,9
2024-01-19,PFE,0,0.6198123674319144,9
2024-01-19,PYPL,0,0.651605129934719,9
2024-01-19,ZM,0,0.7026631208885918,9
2024-01-22,AAPL,0,0.36382445271327724,9
2024-01-22,AMZN,1,0.7427384763054947,9
2024-01-22,GOOGL,1,0.3323599664231341,9
2024-01-22,INTC,0,0.7926239692251349,9
2024-01-22,MSFT,1,0.3529610173313994,9
2024-01-22,NVDA,0,0.2652414157633714,9
2024-01-22,PFE,0,0.6753140125575114,9
2024-01-22,PYPL,0,0.7735733461750245,9
2024-01-22,ZM,0,0.6550927446835669,9
2024-01-23,AAPL,0,0.48426350098341514,9
2024-01-23,AMZN,1,0.6471588388970724,9
2024-01-23,GOOGL,1,0.20801695296550693,9
2024-01-23,INTC,0,0.7143489194187836,9
2024-01-23,MSFT,1,0.14057179451608973,9
2024-01-23,NVDA,1,0.18139821485296576,9
2024-01-23,PFE,0,0.5035281749766488,9
2024-01-23,PYPL,0,0.38331452413254324,9
2024-01-23,ZM,0,0.3447976492626599,9
2024-01-24,AAPL,0,0.6846200080836288,9
2024-01-24,AMZN,1,0.4345865786968189,9
2024-01-24,GOOGL,1,0.13744808180396462,9
2024-01-24,INTC,0,0.30349099127501256,9
2024-01-24,MSFT,1,0.06161446526991089,9
2024-01-24,NVDA,1,0.10804330120236598,9
2024-01-24,PFE,0,0.6387700454097568,9
2024-01-24,PYPL,0,0.5749298284210842,9
2024-01-24,ZM,0,0.5702488360337115,9
2024-01-25,AAPL,0,0.33911521669930766,9
2024-01-25,AMZN,0,0.2406516686785225,9
2024-01-25,GOOGL,0,0.1486957991794161,9
2024-01-25,INTC,0,0.30174543524413816,9
2024-01-25,MSFT,0,0.07207465042744347,9
2024-01-25,NVDA,0,0.16142987436443798,9
2024-01-25,PFE,0,0.4420356934513944,9
2024-01-25,PYPL,1,0.4005143924665938,9
2024-01-25,ZM,0,0.41970410040155226,9
2024-01-26,AAPL,0,0.49088481857199207,9
2024-01-26,AMZN,0,0.18290285707364468,9
2024-01-26,GOOGL,0,0.1600178078470536,9
2024-01-26,INTC,0,0.23192389417037593,9
2024-01-26,MSFT,0,0.6118578199827777,9
2024-01-26,NVDA,1,0.5302688647414449,9
2024-01-26,PFE,0,0.6393453236958316,9
2024-01-26,PYPL,1,0.5320811414515159,9
2024-01-26,ZM,0,0.5501265413249592,9
2024-01-29,AAPL,0,0.5913731956322685,9
2024-01-29,AMZN,0,0.5722491978805995,9
2024-01-29,GOOGL,0,0.43211046538588843,9
2024-01-29,INTC,0,0.5389144623418435,9
2024-01-29,MSFT,0,0.449823648947351,9
2024-01-29,NVDA,0,0.32670566461781425,9
2024-01-29,PFE,0,0.5171764051572529,9
2024-01-29,PYPL,0,0.7222489324148733,9
2024-01-29,ZM,0,0.3819376241930652,9
2024-01-30,AAPL,0,0.5268012005224659,9
2024-01-30,AMZN,0,0.776755746996058,9
2024-01-30,GOOGL,0,0.47715233538145574,9
2024-01-30,INTC,0,0.5175274979766006,9
2024-01-30,MSFT,0,0.5246508200655337,9
2024-01-30,NVDA,0,0.31904852338734974,9
2024-01-30,PFE,0,0.6081186139826176,9
2024-01-30,PYPL,0,0.6179105284246601,9
2024-01-30,ZM,0,0.5850909839368703,9
2024-01-31,AAPL,0,0.36934465066752553,9
2024-01-31,AMZN,1,0.7187498515252986,9
2024-01-31,GOOGL,0,0.2408360300972236,9
2024-01-31,INTC,0,0.4621068452481778,9
2024-01-31,MSFT,1,0.7566369870377313,9
2024-01-31,NVDA,1,0.4813079698354981,9
2024-01-31,PFE,0,0.6150211456876882,9
2024-01-31,PYPL,1,0.5925795099148187,9
2024-01-31,ZM,0,0.2585653807422621,9
2024-02-01,AAPL,0,0.3206091411527377,9
2024-02-01,AMZN,1,0.5151902074526323,9
2024-02-01,GOOGL,0,0.5599238580145374,9
2024-02-01,INTC,0,0.49527536061845756,9
2024-02-01,MSFT,0,0.6301044781266261,9
2024-02-01,NVDA,1,0.30382545679900064,9
2024-02-01,PFE,0,0.5063889150023211,9
2024-02-01,PYPL,1,0.5531012662397915,9
2024-02-01,ZM,0,0.6329759079180122,9
2024-02-02,AAPL,0,0.47288839896675167,9
2024-02-02,AMZN,0,0.527495420926518,9
2024-02-02,GOOGL,1,0.29497767935777014,9
2024-02-02,INTC,1,0.4701007722371603,9
2024-02-02,MSFT,0,0.5274774022935181,9
2024-02-02,NVDA,1,0.19636536192099452,9
2024-02-02,PFE,0,0.7121471520521486,9
2024-02-02,PYPL,0,0.617203757833174,9
2024-02-02,ZM,0,0.6609990630350745,9
2024-02-05,AAPL,0,0.45054248257180657,9
2024-02-05,AMZN,0,0.4845583528788154,9
2024-02-05,GOOGL,0,0.3178167727254996,9
2024-02-05,INTC,1,0.4804324895132977,9
2024-02-05,MSFT,0,0.5219098525758588,9
2024-02-05,NVDA,0,0.27132285470748424,9
2024-02-05,PFE,1,0.7080992356090181,9
2024-02-05,PYPL,1,0.6016194060324033,9
2024-02-05,ZM,0,0.6362544678126286,9
2024-02-06,AAPL,0,0.5152472455252103,9
2024-02-06,AMZN,0,0.43653916195935033,9
2024-02-06,GOOGL,0,0.39329623000555425,9
2024-02-06,INTC,1,0.436110065622539,9
2024-02-06,MSFT,0,0.3080268233494255,9
2024-02-06,NVDA,1,0.3234700450092543,9
2024-02-06,PFE,0,0.6390113105476678,9
2024-02-06,PYPL,0,0.7467061730557196,9
2024-02-06,ZM,1,0.5458510797019134,9
2024-02-07,AAPL,0,0.23747347461867785,9
2024-02-07,AMZN,0,0.33721740283275403,9
2024-02-07,GOOGL,0,0.37425986065237665,9
2024-02-07,INTC,1,0.4186740950275139,9
2024-02-07,MSFT,0,0.4341309527718288,9
2024-02-07,NVDA,1,0.3068606148091654,9
2024-02-07,PFE,0,0.5932738363760283,9
2024-02-07,PYPL,0,0.7196508759916819,9
2024-02-07,ZM,0,0.6538663405808539,9
2024-02-08,AAPL,0,0.21510757495920557,9
2024-02-08,AMZN,0,0.40220447869328224,9
2024-02-08,GOOGL,0,0.3437257210413322,9
2024-02-08,INTC,1,0.44971827857001245,9
2024-02-08,MSFT,0,0.3631823275326963,9
2024-02-08,NVDA,1,0.33513049969211645,9
2024-02-08,PFE,0,0.6283266747735671,9
2024-02-08,PYPL,1,0.35176696897375914,9
2024-02-08,ZM,0,0.6199128466643642,9
2024-02-09,AAPL,0,0.1952057846965855,9
2024-02-09,AMZN,0,0.26135771226709487,9
2024-02-09,GOOGL,0,0.49689433425011886,9
2024-02-09,INTC,0,0.5254857454086581,9
2024-02-09,MSFT,0,0.6043918544693162,9
2024-02-09,NVDA,0,0.4507959126299553,9
2024-02-09,PFE,0,0.5832515054770452,9
2024-02-09,PYPL,0,0.5897078300600284,9
2024-02-09,ZM,0,0.5684554823608758,9
2024-02-12,AAPL,0,0.17226333564762877,9
2024-02-12,AMZN,0,0.2994751790181814,9
2024-02-12,GOOGL,0,0.5531071364002123,9
2024-02-12,INTC,0,0.5112387966212198,9
2024-02-12,MSFT,0,0.429879975098073,9
2024-02-12,NVDA,0,0.32993681779394346,9
2024-02-12,PFE,0,0.6060689041161561,9
2024-02-12,PYPL,0,0.5803699914208247,9
2024-02-12,ZM,0,0.6025716955901426,9
2024-02-13,AAPL,0,0.16183962665211918,9
2024-02-13,AMZN,1,0.40684951671319425,9
2024-02-13,GOOGL,0,0.22153727658901481,9
2024-02-13,INTC,1,0.5115384260971654,9
2024-02-13,MSFT,0,0.577461187344285,9
2024-02-13,NVDA,0,0.6382102646340813,9
2024-02-13,PFE,0,0.65670425629649,9
2024-02-13,PYPL,1,0.523745906260119,9
2024-02-13,ZM,0,0.6598353277018443,9
2024-02-14,AAPL,0,0.10637785857730868,9
2024-02-14,AMZN,0,0.4538133225649716,9
2024-02-14,GOOGL,0,0.3311526857926904,9
2024-02-14,INTC,0,0.4639184721697638,9
2024-02-14,MSFT,0,0.3941216182004357,9
2024-02-14,NVDA,0,0.3806139023114424,9
2024-02-14,PFE,0,0.545933633930349,9
2024-02-14,PYPL,0,0.5333706125462125,9
2024-02-14,ZM,0,0.5115186802755606,9
2024-02-15,AAPL,0,0.07163897324263772,9
2024-02-15,AMZN,0,0.6442407287864332,9
2024-02-15,GOOGL,0,0.5155084062468441,9
2024-02-15,INTC,0,0.5645817311526329,9
2024-02-15,MSFT,0,0.3276253653600017,9
2024-02-15,NVDA,0,0.3011733862409249,9
2024-02-15,PFE,0,0.7412317012108518,9
2024-02-15,PYPL,0,0.550842846134782,9
2024-02-15,ZM,0,0.6001122775307617,9
2024-02-16,AAPL,0,0.14146115929810263,9
2024-02-16,AMZN,0,0.6207052234348268,9
2024-02-16,GOOGL,0,0.2559871563836274,9
2024-02-16,INTC,0,0.46314593878826993,9
2024-02-16,MSFT,0,0.330824340124471,9
2024-02-16,NVDA,0,0.38919255966055977,9
2024-02-16,PFE,0,0.6719881976867851,9
2024-02-16,PYPL,0,0.6523875324921812,9
2024-02-16,ZM,0,0.5304503755853865,9
2024-02-20,AAPL,0,0.16399528360414645,9
2024-02-20,AMZN,1,0.6963380523763191,9
2024-02-20,GOOGL,0,0.2817536966742186,9
2024-02-20,INTC,0,0.685139379487156,9
2024-02-20,MSFT,0,0.5068296316085088,9
2024-02-20,NVDA,0,0.42001554919833406,9
2024-02-20,PFE,0,0.6700802650473088,9
2024-02-20,PYPL,0,0.5902134856461878,9
2024-02-20,ZM,1,0.5159948318312524,9
2024-02-21,AAPL,0,0.3344511354749728,9
2024-02-21,AMZN,1,0.43978536099830495,9
2024-02-21,GOOGL,0,0.5246469710217142,9
2024-02-21,INTC,0,0.7211825704258386,9
2024-02-21,MSFT,1,0.4036708662266583,9
2024-02-21,NVDA,1,0.638583966801951,9
2024-02-21,PFE,0,0.6985233741624479,9
2024-02-21,PYPL,1,0.6870242841681311,9
2024-02-21,ZM,1,0.7038017376240859,9
2024-02-22,AAPL,0,0.3804206108187506,9
2024-02-22,AMZN,0,0.44266501453705326,9
2024-02-22,GOOGL,0,0.5292167319891303,9
2024-02-22,INTC,0,0.8213334490371881,9
2024-02-22,MSFT,0,0.4999632768826375,9
2024-02-22,NVDA,1,0.15065933168987333,9
2024-02-22,PFE,0,0.5408724631795655,9
2024-02-22,PYPL,1,0.43159512973788355,9
2024-02-22,ZM,1,0.4441690759363808,9
2024-02-23,AAPL,0,0.10548455354463962,9
2024-02-23,AMZN,0,0.2160106020871704,9
2024-02-23,GOOGL,0,0.26147324952409057,9
2024-02-23,INTC,1,0.3331165429437681,9
2024-02-23,MSFT,0,0.43295569770401704,9
2024-02-23,NVDA,1,0.4328669787539872,9
2024-02-23,PFE,0,0.5026190348718985,9
2024-02-23,PYPL,1,0.5321266253272732,9
2024-02-23,ZM,1,0.7347586167012364,9
2024-02-26,AAPL,0,0.21794362494517372,9
2024-02-26,AMZN,0,0.2594140417865828,9
2024-02-26,GOOGL,0,0.17730084097836243,9
2024-02-26,INTC,1,0.44557515319409774,9
2024-02-26,MSFT,0,0.3208907878026402,9
2024-02-26,NVDA,1,0.4316236259072263,9
2024-02-26,PFE,0,0.42166228401629174,9
2024-02-26,PYPL,1,0.5814981772788987,9
2024-02-26,ZM,1,0.6791873153106837,9
2024-02-27,AAPL,0,0.24165343071522166,9
2024-02-27,AMZN,0,0.43946639343159105,9
2024-02-27,GOOGL,0,0.378433307207372,9
2024-02-27,INTC,1,0.6583841579411785,9
2024-02-27,MSFT,1,0.36678501543784847,9
2024-02-27,NVDA,1,0.4756153849808305,9
2024-02-27,PFE,0,0.545882179140781,9
2024-02-27,PYPL,0,0.5258456663135812,9
2024-02-27,ZM,0,0.6703041786021903,9
2024-02-28,AAPL,0,0.2394538673350985,9
2024-02-28,AMZN,0,0.5153120657125146,9
2024-02-28,GOOGL,0,0.21271701677722318,9
2024-02-28,INTC,1,0.34865244739724055,9
2024-02-28,MSFT,0,0.40209281849333345,9
2024-02-28,NVDA,1,0.5480388088850684,9
2024-02-28,PFE,0,0.5321028858606479,9
2024-02-28,PYPL,0,0.5518676527121922,9
2024-02-28,ZM,0,0.8104813117042452,9
2024-02-29,AAPL,0,0.2353625560334863,9
2024-02-29,AMZN,0,0.740248919118951,9
2024-02-29,GOOGL,0,0.3294606519223614,9
2024-02-29,INTC,1,0.6067517924731903,9
2024-02-29,MSFT,0,0.5409479009166275,9
2024-02-29,NVDA,1,0.4915947082996597,9
2024-02-29,PFE,0,0.41505073338198456,9
2024-02-29,PYPL,0,0.37073854459012,9
2024-02-29,ZM,0,0.8017091216191241,9
2024-03-01,AAPL,0,0.24826077666953275,9
2024-03-01,AMZN,0,0.7499824038917824,9
2024-03-01,GOOGL,0,0.27104857596195064,9
2024-03-01,INTC,1,0.6070844180277895,9
2024-03-01,MSFT,0,0.41493089218219464,9
2024-03-01,NVDA,1,0.28032688158856855,9
2024-03-01,PFE,0,0.4540749540961769,9
2024-03-01,PYPL,0,0.5307487998409507,9
2024-03-01,ZM,0,0.7085725384018988,9
2024-03-04,AAPL,0,0.6347239051647177,9
2024-03-04,AMZN,0,0.6723823208710556,9
2024-03-04,GOOGL,1,0.722146871888574,9
2024-03-04,INTC,0,0.6152053280912454,9
2024-03-04,MSFT,0,0.36070100884351036,9
2024-03-04,NVDA,1,0.5262755244613444,9
2024-03-04,PFE,1,0.7864108055599194,9
2024-03-04,PYPL,0,0.556323460195658,9
2024-03-04,ZM,0,0.5215181531476922,9
2024-03-05,AAPL,1,0.7306085765060925,9
2024-03-05,AMZN,0,0.52447494843576,9
2024-03-05,GOOGL,1,0.46945807149356655,9
2024-03-05,INTC,1,0.6184931839246915,9
2024-03-05,MSFT,1,0.5664635467739576,9
2024-03-05,NVDA,1,0.48863568004390107,9
2024-03-05,PFE,1,0.5817151197264997,9
2024-03-05,PYPL,1,0.6906414372442621,9
2024-03-05,ZM,1,0.6603810466192788,9
2024-03-06,AAPL,1,0.498476029834104,9
2024-03-06,AMZN,0,0.6761541945790074,9
2024-03-06,GOOGL,1,0.5826733807035355,9
2024-03-06,INTC,1,0.6691760791134576,9
2024-03-06,MSFT,1,0.44364184859510675,9
2024-03-06,NVDA,0,0.6789121227861699,9
2024-03-06,PFE,1,0.7041376538092007,9
2024-03-06,PYPL,1,0.5613533891384513,9
2024-03-06,ZM,1,0.757065851499577,9
2024-03-07,AAPL,1,0.5230138866062399,9
2024-03-07,AMZN,0,0.7547719120711927,9
2024-03-07,GOOGL,1,0.40764598088924303,9
2024-03-07,INTC,0,0.798284541818053,9
2024-03-07,MSFT,1,0.40125600418664326,9
2024-03-07,NVDA,0,0.2395090731011042,9
2024-03-07,PFE,1,0.5770983841945987,9
2024-03-07,PYPL,1,0.5500108879711251,9
2024-03-07,ZM,1,0.7093214668245373,9
2024-03-08,AAPL,1,0.6815580229160626,9
2024-03-08,AMZN,0,0.6747205895212463,9
2024-03-08,GOOGL,1,0.5034721654577545,9
2024-03-08,INTC,0,0.5574491268826463,9
2024-03-08,MSFT,1,0.37929931658584326,9
2024-03-08,NVDA,0,0.5398898675373829,9
2024-03-08,PFE,1,0.6772604608187728,9
2024-03-08,PYPL,1,0.5366254037953473,9
2024-03-08,ZM,1,0.7077461889638512,9
2024-03-11,AAPL,0,0.3950315726891306,9
2024-03-11,AMZN,1,0.5063494399530062,9
2024-03-11,GOOGL,1,0.47390104645489006,9
2024-03-11,INTC,0,0.779182079073619,9
2024-03-11,MSFT,1,0.41424701878476994,9
2024-03-11,NVDA,1,0.7156164932822212,9
2024-03-11,PFE,0,0.6569827111066017,9
2024-03-11,PYPL,1,0.5741923403665558,9
2024-03-11,ZM,0,0.7326496594471358,9
2024-03-12,AAPL,0,0.4609321048964694,9
2024-03-12,AMZN,0,0.7635222802952273,9
2024-03-12,GOOGL,1,0.592832481784886,9
2024-03-12,INTC,0,0.7758777220199751,9
2024-03-12,MSFT,0,0.417106009004385,9
2024-03-12,NVDA,0,0.3982480348885705,9
2024-03-12,PFE,0,0.4998378681924524,9
2024-03-12,PYPL,1,0.38812650075188626,9
2024-03-12,ZM,0,0.7079790935523828,9
2024-03-13,AAPL,0,0.5199913715131412,9
2024-03-13,AMZN,1,0.43200160559031964,9
2024-03-13,GOOGL,1,0.5852404142979744,9
2024-03-13,INTC,0,0.5873565225218189,9
2024-03-13,MSFT,0,0.3606952949415,9
2024-03-13,NVDA,0,0.6233456030281769,9
2024-03-13,PFE,0,0.6452548909637913,9
2024-03-13,PYPL,1,0.30083756612677653,9
2024-03-13,ZM,0,0.4638264444660849,9
2024-03-14,AAPL,0,0.5327692812172684,9
2024-03-14,AMZN,0,0.6054244829435657,9
2024-03-14,GOOGL,1,0.4213719721017487,9
2024-03-14,INTC,0,0.6876693210860703,9
2024-03-14,MSFT,0,0.411153237361756,9
2024-03-14,NVDA,1,0.5035093012461203,9
2024-03-14,PFE,0,0.6492776757073772,9
2024-03-14,PYPL,1,0.41849658850054033,9
2024-03-14,ZM,0,0.5773452366333184,9
2024-03-15,AAPL,0,0.4525230550677576,9
2024-03-15,AMZN,1,0.3937045308425338,9
2024-03-15,GOOGL,1,0.5114226053525236,9
2024-03-15,INTC,0,0.606413611633882,9
2024-03-15,MSFT,0,0.40041529780035556,9
2024-03-15,NVDA,1,0.5168081676186623,9
2024-03-15,PFE,0,0.6808669879732219,9
2024-03-15,PYPL,1,0.48197793849528947,9
2024-03-15,ZM,0,0.6395967814087467,9
2024-03-18,AAPL,0,0.4294283715069336,9
2024-03-18,AMZN,1,0.23545021826571474,9
2024-03-18,GOOGL,1,0.17639046299154937,9
2024-03-18,INTC,0,0.7772077584325018,9
2024-03-18,MSFT,0,0.38131060970250935,9
2024-03-18,NVDA,0,0.48830506609898294,9
2024-03-18,PFE,0,0.626168899265783,9
2024-03-18,PYPL,0,0.2944945046900022,9
2024-03-18,ZM,0,0.6466639909912015,9
2024-03-19,AAPL,0,0.5428472579655296,9
2024-03-19,AMZN,1,0.3356461614099831,9
2024-03-19,GOOGL,1,0.557529123419046,9
2024-03-19,INTC,0,0.7252157553752523,9
2024-03-19,MSFT,0,0.38467616987956876,9
2024-03-19,NVDA,1,0.4829998586019708,9
2024-03-19,PFE,0,0.6424844267701246,9
2024-03-19,PYPL,1,0.42456714724527495,9
2024-03-19,ZM,0,0.690930104719663,9
2024-03-20,AAPL,0,0.5643817581386574,9
2024-03-20,AMZN,1,0.3131767548099181,9
2024-03-20,GOOGL,1,0.41534060384409804,9
2024-03-20,INTC,0,0.6739547192286108,9
2024-03-20,MSFT,0,0.4818419517502723,9
2024-03-20,NVDA,1,0.4220347966150663,9
2024-03-20,PFE,0,0.7373456400118746,9
2024-03-20,PYPL,1,0.3635008082629527,9
2024-03-20,ZM,0,0.7511577746425437,9
2024-03-21,AAPL,0,0.08186204762989067,9
2024-03-21,AMZN,1,0.3808333383746665,9
2024-03-21,GOOGL,1,0.46615098367737207,9
2024-03-21,INTC,0,0.7597872671161856,9
2024-03-21,MSFT,0,0.5422167942746312,9
2024-03-21,NVDA,1,0.4993342932010537,9
2024-03-21,PFE,0,0.7538981914469134,9
2024-03-21,PYPL,0,0.25956837618414896,9
2024-03-21,ZM,0,0.46907883685359497,9
2024-03-22,AAPL,0,0.6633761396037157,9
2024-03-22,AMZN,1,0.3750061456007661,9
2024-03-22,GOOGL,0,0.22007317365267598,9
2024-03-22,INTC,0,0.7655393785326184,9
2024-03-22,MSFT,0,0.4683169972941479,9
2024-03-22,NVDA,0,0.42421594474205176,9
2024-03-22,PFE,0,0.7838699266751479,9
2024-03-22,PYPL,1,0.362976155138725,9
2024-03-22,ZM,0,0.720734448069197,9
2024-03-25,AAPL,0,0.6451353065190841,9
2024-03-25,AMZN,1,0.6281687856198321,9
2024-03-25,GOOGL,1,0.38934822461345076,9
2024-03-25,INTC,1,0.6839634141439774,9
2024-03-25,MSFT,0,0.46766631184832236,9
2024-03-25,NVDA,0,0.472987656262528,9
2024-03-25,PFE,0,0.6153370989067544,9
2024-03-25,PYPL,0,0.12325756596965368,9
2024-03-25,ZM,0,0.46456953504453735,9
2024-03-26,AAPL,1,0.36208907920294064,9
2024-03-26,AMZN,1,0.3736816018070334,9
2024-03-26,GOOGL,1,0.1024250534891354,9
2024-03-26,INTC,1,0.608236729185206,9
2024-03-26,MSFT,0,0.30237056216444413,9
2024-03-26,NVDA,0,0.41626762257395167,9
2024-03-26,PFE,0,0.40846671608780954,9
2024-03-26,PYPL,0,0.13935582527479012,9
2024-03-26,ZM,0,0.6066921098997078,9
2024-03-27,AAPL,0,0.4463422604416927,9
2024-03-27,AMZN,1,0.22119901655957996,9
2024-03-27,GOOGL,1,0.07429651286666986,9
2024-03-27,INTC,1,0.502065864735969,9
2024-03-27,MSFT,0,0.21845834664329078,9
2024-03-27,NVDA,0,0.6029353053302062,9
2024-03-27,PFE,0,0.47174187467827833,9
2024-03-27,PYPL,0,0.11941288985651677,9
2024-03-27,ZM,0,0.5325942200510547,9
2024-03-28,AAPL,0,0.30125608570052576,9
2024-03-28,AMZN,1,0.34257057444734157,9
2024-03-28,GOOGL,1,0.07225379964054118,9
2024-03-28,INTC,0,0.5574618112043407,9
2024-03-28,MSFT,0,0.20555828529304945,9
2024-03-28,NVDA,0,0.49379245341349143,9
2024-03-28,PFE,0,0.40235122248852506,9
2024-03-28,PYPL,0,0.19405589906248868,9
2024-03-28,ZM,0,0.5529105208330818,9
2024-04-01,AAPL,0,0.2035038615514978,9
2024-04-01,AMZN,1,0.26002584172093285,9
2024-04-01,GOOGL,0,0.06111080122131354,9
2024-04-01,INTC,0,0.5515700568195506,9
2024-04-01,MSFT,0,0.35742435045367343,9
2024-04-01,NVDA,0,0.4807790553280086,9
2024-04-01,PFE,0,0.39331138008934313,9
2024-04-01,PYPL,0,0.42207908933140253,9
2024-04-01,ZM,0,0.5231439658562603,9
2024-04-02,AAPL,1,0.2250805547287528,9
2024-04-02,AMZN,1,0.18670455504936986,9
2024-04-02,GOOGL,0,0.27572512765007673,9
2024-04-02,INTC,0,0.5098152243783848,9
2024-04-02,MSFT,0,0.22396686115462253,9
2024-04-02,NVDA,0,0.5165139660580088,9
2024-04-02,PFE,0,0.5456581941316794,9
2024-04-02,PYPL,1,0.6025284574176553,9
2024-04-02,ZM,0,0.4801963975103471,9
2024-04-03,AAPL,0,0.338050848138798,9
2024-04-03,AMZN,1,0.2655677218810905,9
2024-04-03,GOOGL,0,0.22596460824294098,9
2024-04-03,INTC,0,0.46885714483892404,9
2024-04-03,MSFT,0,0.4513780286148081,9
2024-04-03,NVDA,0,0.744459903114413,9
2024-04-03,PFE,0,0.6460230834179894,9
2024-04-03,PYPL,0,0.7208596300187664,9
2024-04-03,ZM,0,0.6541944179800706,9
2024-04-04,AAPL,1,0.4295167407917461,9
2024-04-04,AMZN,1,0.3112509839510495,9
2024-04-04,GOOGL,1,0.6486164901426055,9
2024-04-04,INTC,0,0.7667058908978457,9
2024-04-04,MSFT,0,0.6067601605253594,9
2024-04-04,NVDA,0,0.6970680704893844,9
2024-04-04,PFE,0,0.750485833918527,9
2024-04-04,PYPL,1,0.7772128148727058,9
2024-04-04,ZM,0,0.6046201627674879,9
2024-04-05,AAPL,1,0.47963224744900773,9
2024-04-05,AMZN,0,0.2098054138587956,9
2024-04-05,GOOGL,1,0.3329044437020556,9
2024-04-05,INTC,0,0.8055049344398723,9
2024-04-05,MSFT,0,0.42595804409948007,9
2024-04-05,NVDA,0,0.7329071794891062,9
2024-04-05,PFE,0,0.6536370290374989,9
2024-04-05,PYPL,0,0.8279286409121729,9
2024-04-05,ZM,0,0.6912111735494874,9
2024-04-08,AAPL,1,0.5269412715186019,9
2024-04-08,AMZN,0,0.4032986360395797,9
2024-04-08,GOOGL,1,0.440409751119191,9
2024-04-08,INTC,0,0.7438193384587425,9
2024-04-08,MSFT,0,0.3023525490111286,9
2024-04-08,NVDA,0,0.636460609075219,9
2024-04-08,PFE,0,0.6310304730949478,9
2024-04-08,PYPL,0,0.6960488695202429,9
2024-04-08,ZM,0,0.2886553132574008,9
2024-04-09,AAPL,1,0.24241084886828876,9
2024-04-09,AMZN,0,0.374303415263769,9
2024-04-09,GOOGL,0,0.37337373549908176,9
2024-04-09,INTC,0,0.5820159334807904,9
2024-04-09,MSFT,0,0.2816537921622599,9
2024-04-09,NVDA,0,0.6153018687539639,9
2024-04-09,PFE,0,0.49988144651268795,9
2024-04-09,PYPL,0,0.5968642603050694,9
2024-04-09,ZM,0,0.5178016381459722,9
2024-04-10,AAPL,1,0.3560240083667107,9
2024-04-10,AMZN,0,0.38321157025469244,9
2024-04-10,GOOGL,0,0.3057767793031382,9
2024-04-10,INTC,0,0.7591499951804747,9
2024-04-10,MSFT,0,0.23999802110841553,9
2024-04-10,NVDA,1,0.4781648171414527,9
2024-04-10,PFE,0,0.5681629985664103,9
2024-04-10,PYPL,0,0.5654655502847269,9
2024-04-10,ZM,0,0.5922844610802891,9
2024-04-11,AAPL,0,0.4634168185291219,9
2024-04-11,AMZN,0,0.22999645282333564,9
2024-04-11,GOOGL,0,0.42968089540266297,9
2024-04-11,INTC,0,0.6548489858024483,9
2024-04-11,MSFT,0,0.395216016506239,9
2024-04-11,NVDA,0,0.5274578796848333,9
2024-04-11,PFE,0,0.6938733412514574,9
2024-04-11,PYPL,0,0.8224387687113693,9
2024-04-11,ZM,0,0.7332017890317029,9
2024-04-12,AAPL,0,0.6545006203397492,9
2024-04-12,AMZN,0,0.4521285555279268,9
2024-04-12,GOOGL,0,0.7513233956980787,9
2024-04-12,INTC,0,0.2168002875977815,9
2024-04-12,MSFT,0,0.6239352178587692,9
2024-04-12,NVDA,0,0.8150020727882058,9
2024-04-12,PFE,0,0.5783698799249778,9
2024-04-12,PYPL,0,0.7319165048402065,9
2024-04-12,ZM,0,0.7366730083551446,9
2024-04-15,AAPL,0,0.6176903171226512,9
2024-04-15,AMZN,0,0.5795954426519698,9
2024-04-15,GOOGL,0,0.5661867410528442,9
2024-04-15,INTC,0,0.44085740902801823,9
2024-04-15,MSFT,0,0.7242166280584436,9
2024-04-15,NVDA,0,0.786859913802662,9
2024-04-15,PFE,0,0.7068900932446828,9
2024-04-15,PYPL,0,0.8164727321205805,9
2024-04-15,ZM,0,0.8456186369254514,9
2024-04-16,AAPL,0,0.585327421095769,9
2024-04-16,AMZN,0,0.6408501974146812,9
2024-04-16,GOOGL,0,0.6846802093276115,9
2024-04-16,INTC,0,0.3944166510331082,9
2024-04-16,MSFT,0,0.6390826449245001,9
2024-04-16,NVDA,0,0.7537606700868129,9
2024-04-16,PFE,0,0.6189528473522875,9
2024-04-16,PYPL,0,0.47351835276154264,9
2024-04-16,ZM,1,0.5447244761044334,9
2024-04-17,AAPL,0,0.312465997161272,9
2024-04-17,AMZN,0,0.34514899365919416,9
2024-04-17,GOOGL,0,0.4514183116461835,9
2024-04-17,INTC,0,0.3571080546058865,9
2024-04-17,MSFT,0,0.36137799447679403,9
2024-04-17,NVDA,0,0.38317502071122733,9
2024-04-17,PFE,1,0.5872273287500004,9
2024-04-17,PYPL,0,0.6061879730952042,9
2024-04-17,ZM,1,0.5677661187172943,9
2024-04-18,AAPL,0,0.2904202752041985,9
2024-04-18,AMZN,0,0.28951896026808,9
2024-04-18,GOOGL,0,0.5655095267516633,9
2024-04-18,INTC,0,0.6088960266641177,9
2024-04-18,MSFT,0,0.4111064915935153,9
2024-04-18,NVDA,0,0.4256384171244815,9
2024-04-18,PFE,1,0.4650826377268702,9
2024-04-18,PYPL,1,0.41429354524585366,9
2024-04-18,ZM,0,0.5088899953926239,9
2024-04-19,AAPL,1,0.22098757201472052,9
2024-04-19,AMZN,1,0.215800523294307,9
2024-04-19,GOOGL,1,0.7963202401324004,9
2024-04-19,INTC,1,0.8013003560453702,9
2024-04-19,MSFT,1,0.4518461739088865,9
2024-04-19,NVDA,1,0.1926608812730224,9
2024-04-19,PFE,0,0.5103167844965971,9
2024-04-19,PYPL,1,0.7476593495694215,9
2024-04-19,ZM,1,0.6793943763386492,9
2024-04-22,AAPL,1,0.3085885465306584,9
2024-04-22,AMZN,0,0.26185765781594905,9
2024-04-22,GOOGL,0,0.8327814445093454,9
2024-04-22,INTC,0,0.5154469371583161,9
2024-04-22,MSFT,0,0.3109285573267061,9
2024-04-22,NVDA,1,0.3353328175389807,9
2024-04-22,PFE,0,0.5417785985763556,9
2024-04-22,PYPL,1,0.7349861225303456,9
2024-04-22,ZM,1,0.6514698840215954,9
2024-04-23,AAPL,1,0.2914483272931698,9
2024-04-23,AMZN,0,0.2907594801038758,9
2024-04-23,GOOGL,0,0.7981395560922719,9
2024-04-23,INTC,0,0.37189457174246493,9
2024-04-23,MSFT,0,0.42488650507943126,9
2024-04-23,NVDA,0,0.4139323234034552,9
2024-04-23,PFE,0,0.5758879745720097,9
2024-04-23,PYPL,0,0.773474511150274,9
2024-04-23,ZM,0,0.6036651587532464,9
2024-04-24,AAPL,1,0.4677941234872357,9
2024-04-24,AMZN,0,0.2634495888616262,9
2024-04-24,GOOGL,0,0.7334806657225663,9
2024-04-24,INTC,0,0.32560552467542575,9
2024-04-24,MSFT,0,0.3881645304548971,9
2024-04-24,NVDA,1,0.49714602415969567,9
2024-04-24,PFE,0,0.5496586804918777,9
2024-04-24,PYPL,0,0.7783733536187851,9
2024-04-24,ZM,0,0.7557200716128994,9
2024-04-25,AAPL,1,0.5234058874733101,9
2024-04-25,AMZN,1,0.1373082354436441,9
2024-04-25,GOOGL,1,0.7047711056393502,9
2024-04-25,INTC,0,0.5865174902366015,9
2024-04-25,MSFT,0,0.3716961189467449,9
2024-04-25,NVDA,1,0.4256273844049122,9
2024-04-25,PFE,1,0.37263612162839455,9
2024-04-25,PYPL,1,0.7849609246778423,9
2024-04-25,ZM,1,0.8003572038774751,9
2024-04-26,AAPL,1,0.46083963077483786,9
2024-04-26,AMZN,0,0.22340169879393687,9
2024-04-26,GOOGL,0,0.6396701221398146,9
2024-04-26,INTC,0,0.24768354218952693,9
2024-04-26,MSFT,0,0.41684738460532095,9
2024-04-26,NVDA,0,0.12040223795738038,9
2024-04-26,PFE,1,0.4703127966923491,9
2024-04-26,PYPL,1,0.27753940257666454,9
2024-04-26,ZM,0,0.4561077335313001,9
2024-04-29,AAPL,1,0.3045160271988599,9
2024-04-29,AMZN,0,0.18203727509505732,9
2024-04-29,GOOGL,1,0.6176913338570057,9
2024-04-29,INTC,0,0.368686090847255,9
2024-04-29,MSFT,0,0.6096902379615954,9
2024-04-29,NVDA,0,0.2697063113037422,9
2024-04-29,PFE,1,0.42403609065780845,9
2024-04-29,PYPL,1,0.6845704254678543,9
2024-04-29,ZM,0,0.5095878693698749,9
2024-04-30,AAPL,1,0.21141461618220264,9
2024-04-30,AMZN,1,0.13328513788854357,9
2024-04-30,GOOGL,1,0.47097110854554686,9
2024-04-30,INTC,1,0.7229328687204986,9
2024-04-30,MSFT,1,0.7548271276128588,9
2024-04-30,NVDA,0,0.2254382683908793,9
2024-04-30,PFE,1,0.4677252292429144,9
2024-04-30,PYPL,0,0.6578435018462094,9
2024-04-30,ZM,1,0.5277179370339715,9
2024-05-01,AAPL,1,0.13634964502717398,9
2024-05-01,AMZN,1,0.13982736764702292,9
2024-05-01,GOOGL,1,0.5209018468467532,9
2024-05-01,INTC,1,0.37826035973987454,9
2024-05-01,MSFT,1,0.5399595705367185,9
2024-05-01,NVDA,1,0.4033913552347546,9
2024-05-01,PFE,1,0.6970851038164099,9
2024-05-01,PYPL,0,0.7030357977529338,9
2024-05-01,ZM,1,0.6026321421857161,9
2024-05-02,AAPL,1,0.1923554074712745,9
2024-05-02,AMZN,0,0.22851272218767615,9
2024-05-02,GOOGL,1,0.40917702098420106,9
2024-05-02,INTC,1,0.346504771265363,9
2024-05-02,MSFT,1,0.5853520853790398,9
2024-05-02,NVDA,1,0.4052702215869231,9
2024-05-02,PFE,1,0.41793449591793075,9
2024-05-02,PYPL,0,0.7098135597471177,9
2024-05-02,ZM,0,0.6323705748717422,9
2024-05-03,AAPL,0,0.28065600051660516,9
2024-05-03,AMZN,0,0.2544654278802907,9
2024-05-03,GOOGL,1,0.5033705419605052,9
2024-05-03,INTC,0,0.3497249224706813,9
2024-05-03,MSFT,1,0.5418688949696885,9
2024-05-03,NVDA,1,0.5937331958297724,9
2024-05-03,PFE,1,0.49288065267648073,9
2024-05-03,PYPL,0,0.7701306280874389,9
2024-05-03,ZM,1,0.48082215794929456,9
2024-05-06,AAPL,1,0.37364767209614275,9
2024-05-06,AMZN,0,0.44516320445332563,9
2024-05-06,GOOGL,1,0.35575115495806614,9
2024-05-06,INTC,0,0.29987334515089265,9
2024-05-06,MSFT,1,0.41494098403037166,9
2024-05-06,NVDA,0,0.593588668531575,9
2024-05-06,PFE,0,0.6015490167595825,9
2024-05-06,PYPL,0,0.7441500704481826,9
2024-05-06,ZM,1,0.5520718767587794,9
2024-05-07,AAPL,1,0.5367405781441601,9
2024-05-07,AMZN,0,0.3118780648112685,9
2024-05-07,GOOGL,0,0.5281762202684739,9
2024-05-07,INTC,0,0.2987785661378819,9
2024-05-07,MSFT,1,0.37742633862586555,9
2024-05-07,NVDA,0,0.3338794910423099,9
2024-05-07,PFE,1,0.5543732235516263,9
2024-05-07,PYPL,0,0.7639004390576896,9
2024-05-07,ZM,1,0.6158946489487922,9
2024-05-08,AAPL,1,0.5591123414961516,9
2024-05-08,AMZN,0,0.5949171154433283,9
2024-05-08,GOOGL,0,0.6132018050656382,9
2024-05-08,INTC,1,0.515089354466476,9
2024-05-08,MSFT,1,0.4082193483729054,9
2024-05-08,NVDA,0,0.42198961008491814,9
2024-05-08,PFE,1,0.622937810319639,9
2024-05-08,PYPL,0,0.8762156595282784,9
2024-05-08,ZM,1,0.7384112660610458,9
2024-05-09,AAPL,1,0.3159231435004757,9
2024-05-09,AMZN,0,0.6397771487120589,9
2024-05-09,GOOGL,0,0.4087507923872497,9
2024-05-09,INTC,1,0.3956073256694176,9
2024-05-09,MSFT,1,0.40498568376867283,9
2024-05-09,NVDA,1,0.37247566203032095,9
2024-05-09,PFE,1,0.6118388601584893,9
2024-05-09,PYPL,0,0.8083970028702461,9
2024-05-09,ZM,1,0.6759796765305148,9
2024-05-10,AAPL,1,0.4030434747055865,9
2024-05-10,AMZN,0,0.6912210528224382,9
2024-05-10,GOOGL,0,0.6556335391497641,9
2024-05-10,INTC,1,0.28690744163301796,9
2024-05-10,MSFT,1,0.384404550409359,9
2024-05-10,NVDA,1,0.38193214546742277,9
2024-05-10,PFE,1,0.6901048901167849,9
2024-05-10,PYPL,1,0.758695403019465,9
2024-05-10,ZM,1,0.7484445334645756,9
2024-05-13,AAPL,1,0.2309515938374731,9
2024-05-13,AMZN,0,0.6554064967817492,9
2024-05-13,GOOGL,1,0.750889188305405,9
2024-05-13,INTC,1,0.5202805236502577,9
2024-05-13,MSFT,1,0.4335380165193858,9
2024-05-13,NVDA,1,0.5283784341892707,9
2024-05-13,PFE,1,0.6084599499916082,9
2024-05-13,PYPL,0,0.7485163990004332,9
2024-05-13,ZM,0,0.7230763506232292,9
2024-05-14,AAPL,1,0.4110514981524109,9
2024-05-14,AMZN,0,0.599407443614749,9
2024-05-14,GOOGL,1,0.6247715327088725,9
2024-05-14,INTC,1,0.6427993457230036,9
2024-05-14,MSFT,1,0.4924930240069972,9
2024-05-14,NVDA,1,0.279665399807089,9
2024-05-14,PFE,1,0.6212455523456931,9
2024-05-14,PYPL,0,0.6278818235230825,9
2024-05-14,ZM,0,0.46998545678290665,9
2024-05-15,AAPL,1,0.21981791776978513,9
2024-05-15,AMZN,0,0.6688048739132997,9
2024-05-15,GOOGL,1,0.5118585664394616,9
2024-05-15,INTC,1,0.5233811127287752,9
2024-05-15,MSFT,0,0.20099032757142266,9
2024-05-15,NVDA,0,0.14630099775027633,9
2024-05-15,PFE,0,0.6881743558544049,9
2024-05-15,PYPL,0,0.6706096925706004,9
2024-05-15,ZM,0,0.49867451780928207,9
2024-05-16,AAPL,0,0.16545712051822908,9
2024-05-16,AMZN,0,0.34700375445969966,9
2024-05-16,GOOGL,0,0.6209396564770925,9
2024-05-16,INTC,0,0.21326093134914506,9
2024-05-16,MSFT,0,0.27438575851784774,9
2024-05-16,NVDA,0,0.38260244592836595,9
2024-05-16,PFE,0,0.6139568807383111,9
2024-05-16,PYPL,0,0.6800187724337853,9
2024-05-16,ZM,0,0.6901314824904715,9
2024-05-17,AAPL,0,0.3107301745834769,9
2024-05-17,AMZN,0,0.3320708687470233,9
2024-05-17,GOOGL,0,0.37865398063959915,9
2024-05-17,INTC,0,0.18962636743173672,9
2024-05-17,MSFT,1,0.23852069940882428,9
2024-05-17,NVDA,1,0.3443349660886833,9
2024-05-17,PFE,1,0.5167520132738755,9
2024-05-17,PYPL,0,0.4568975507798396,9
2024-05-17,ZM,0,0.5882330555263685,9
2024-05-20,AAPL,0,0.3585819238004527,9
2024-05-20,AMZN,0,0.5118183010714864,9
2024-05-20,GOOGL,0,0.3470083460690063,9
2024-05-20,INTC,0,0.4601191705496427,9
2024-05-20,MSFT,0,0.18483556519204528,9
2024-05-20,NVDA,0,0.2681138893842069,9
2024-05-20,PFE,1,0.7024565304917575,9
2024-05-20,PYPL,0,0.6379866214969647,9
2024-05-20,ZM,0,0.6847674634291763,9
2024-05-21,AAPL,0,0.6035236103867417,9
2024-05-21,AMZN,0,0.819291369285312,9
2024-05-21,GOOGL,0,0.48606267777408796,9
2024-05-21,INTC,0,0.5001995329879921,9
2024-05-21,MSFT,0,0.3245998301911192,9
2024-05-21,NVDA,0,0.4460979227025963,9
2024-05-21,PFE,1,0.756016108390961,9
2024-05-21,PYPL,0,0.8285985646112783,9
2024-05-21,ZM,0,0.8288574944107436,9
2024-05-22,AAPL,0,0.7558559768509747,9
2024-05-22,AMZN,0,0.5548747191666565,9
2024-05-22,GOOGL,0,0.6038378982371916,9
2024-05-22,INTC,0,0.4348527844448183,9
2024-05-22,MSFT,0,0.4324871916263833,9
2024-05-22,NVDA,1,0.652979282841373,9
2024-05-22,PFE,0,0.6736299708208919,9
2024-05-22,PYPL,0,0.49737293214684897,9
2024-05-22,ZM,0,0.614091889576972,9
2024-05-23,AAPL,1,0.4960029662037385,9
2024-05-23,AMZN,0,0.33340666562827936,9
2024-05-23,GOOGL,0,0.5012928027272688,9
2024-05-23,INTC,1,0.5593828623928533,9
2024-05-23,MSFT,0,0.1800072124225312,9
2024-05-23,NVDA,1,0.37417191874028277,9
2024-05-23,PFE,0,0.6442983182960154,9
2024-05-23,PYPL,1,0.6839539932223255,9
2024-05-23,ZM,0,0.7361541241474928,9
2024-05-24,AAPL,1,0.6397073112283076,9
2024-05-24,AMZN,0,0.22926147050436868,9
2024-05-24,GOOGL,0,0.47808856880848394,9
2024-05-24,INTC,0,0.5357384480972412,9
2024-05-24,MSFT,0,0.5366932118109411,9
2024-05-24,NVDA,1,0.3693904307464763,9
2024-05-24,PFE,0,0.6697937457170633,9
2024-05-24,PYPL,1,0.656702005305253,9
2024-05-24,ZM,0,0.8328108801302477,9
2024-05-28,AAPL,1,0.5384413035237272,9
2024-05-28,AMZN,0,0.22899705871447418,9
2024-05-28,GOOGL,0,0.7646244972342493,9
2024-05-28,INTC,0,0.3188468399610688,9
2024-05-28,MSFT,0,0.5941528839975749,9
2024-05-28,NVDA,0,0.3556401920386551,9
2024-05-28,PFE,0,0.5092735553315354,9
2024-05-28,PYPL,0,0.651096977538332,9
2024-05-28,ZM,0,0.7094387001416734,9
2024-05-29,AAPL,1,0.5830297496069342,9
2024-05-29,AMZN,0,0.12905362650741029,9
2024-05-29,GOOGL,0,0.5783840911615639,9
2024-05-29,INTC,1,0.4871543759746406,9
2024-05-29,MSFT,0,0.5012024862609615,9
2024-05-29,NVDA,0,0.3267260301078207,9
2024-05-29,PFE,1,0.3513545841721564,9
2024-05-29,PYPL,1,0.7229608681665383,9
2024-05-29,ZM,0,0.881880381760368,9
2024-05-30,AAPL,1,0.4742883421885088,9
2024-05-30,AMZN,0,0.6295561591482277,9
2024-05-30,GOOGL,1,0.35010780533310554,9
2024-05-30,INTC,1,0.6239738763469524,9
2024-05-30,MSFT,0,0.22488818543366654,9
2024-05-30,NVDA,0,0.3896932484994462,9
2024-05-30,PFE,1,0.4618983017053444,9
2024-05-30,PYPL,1,0.6135321384862304,9
2024-05-30,ZM,1,0.6716747701983755,9
2024-05-31,AAPL,1,0.4549734669741477,9
2024-05-31,AMZN,1,0.5603374199543606,9
2024-05-31,GOOGL,1,0.6274387172666178,9
2024-05-31,INTC,0,0.2900548268036268,9
2024-05-31,MSFT,1,0.33462090986278276,9
2024-05-31,NVDA,1,0.3110400954464192,9
2024-05-31,PFE,0,0.3734983949178703,9
2024-05-31,PYPL,1,0.8688793917885841,9
2024-05-31,ZM,1,0.8375744868822531,9
2024-06-03,AAPL,1,0.43338952406169307,9
2024-06-03,AMZN,1,0.3671715471547595,9
2024-06-03,GOOGL,1,0.6929559949612734,9
2024-06-03,INTC,1,0.5070257940793504,9
2024-06-03,MSFT,1,0.501834966964865,9
2024-06-03,NVDA,1,0.15666627584979817,9
2024-06-03,PFE,0,0.29559682178041924,9
2024-06-03,PYPL,1,0.7279136619349955,9
2024-06-03,ZM,0,0.8301430843335047,9
2024-06-04,AAPL,1,0.3362547706585205,9
2024-06-04,AMZN,1,0.2243651764597387,9
2024-06-04,GOOGL,1,0.6798368946015986,9
2024-06-04,INTC,1,0.6895220484993122,9
2024-06-04,MSFT,1,0.5346846608720217,9
2024-06-04,NVDA,1,0.30373211979579223,9
2024-06-04,PFE,0,0.3100152136086506,9
2024-06-04,PYPL,1,0.8406142496960907,9
2024-06-04,ZM,1,0.8267717437950884,9
2024-06-05,AAPL,0,0.2077747508472071,9
2024-06-05,AMZN,1,0.41676234107392146,9
2024-06-05,GOOGL,1,0.6281203673374554,9
2024-06-05,INTC,0,0.5837701572909298,9
2024-06-05,MSFT,1,0.542323800603337,9
2024-06-05,NVDA,0,0.12660863234679484,9
2024-06-05,PFE,0,0.3377778694927382,9
2024-06-05,PYPL,1,0.8405173143233416,9
2024-06-05,ZM,0,0.8579394475094257,9
2024-06-06,AAPL,1,0.4541790668201801,9
2024-06-06,AMZN,0,0.44778406581494185,9
2024-06-06,GOOGL,0,0.7017155954244014,9
2024-06-06,INTC,0,0.8238141702832472,9
2024-06-06,MSFT,1,0.5107361923190513,9
2024-06-06,NVDA,0,0.22486833490264901,9
2024-06-06,PFE,0,0.3634712812783259,9
2024-06-06,PYPL,0,0.676344351717475,9
2024-06-06,ZM,0,0.8030159267204439,9
2024-06-07,AAPL,0,0.24771967964404343,9
2024-06-07,AMZN,1,0.385206179231082,9
2024-06-07,GOOGL,1,0.4398241805294518,9
2024-06-07,INTC,0,0.7161794018521005,9
2024-06-07,MSFT,1,0.3860189544441587,9
2024-06-07,NVDA,0,0.4002722592441394,9
2024-06-07,PFE,0,0.30775179541151515,9
2024-06-07,PYPL,0,0.8338687035656122,9
2024-06-07,ZM,0,0.845914893621577,9
2024-06-10,AAPL,1,0.27511869637850384,9
2024-06-10,AMZN,0,0.5350891636519164,9
2024-06-10,GOOGL,1,0.40564846932481197,9
2024-06-10,INTC,0,0.6652591726840827,9
2024-06-10,MSFT,1,0.3903192551052158,9
2024-06-10,NVDA,0,0.19874942827126027,9
2024-06-10,PFE,0,0.09667213661260528,9
2024-06-10,PYPL,0,0.7926882343577007,9
2024-06-10,ZM,0,0.5866387037808429,9
2024-06-11,AAPL,1,0.2121069576556485,9
2024-06-11,AMZN,0,0.6426623236847828,9
2024-06-11,GOOGL,1,0.31707097627591546,9
2024-06-11,INTC,0,0.5801675809316947,9
2024-06-11,MSFT,1,0.47711781312500706,9
2024-06-11,NVDA,1,0.39346575473956397,9
2024-06-11,PFE,0,0.32912637769793424,9
2024-06-11,PYPL,0,0.7947245466538485,9
2024-06-11,ZM,0,0.8070100406690255,9
2024-06-12,AAPL,0,0.13223728297726728,9
2024-06-12,AMZN,0,0.5659295142822892,9
2024-06-12,GOOGL,0,0.39166177641569305,9
2024-06-12,INTC,0,0.5804715689891089,9
2024-06-12,MSFT,1,0.4144344362358171,9
2024-06-12,NVDA,1,0.22886663629869206,9
2024-06-12,PFE,0,0.1677064939527167,9
2024-06-12,PYPL,0,0.8042952240814948,9
2024-06-12,ZM,0,0.47482232521418055,9
2024-06-13,AAPL,0,0.15549611527418875,9
2024-06-13,AMZN,1,0.5728354663736429,9
2024-06-13,GOOGL,1,0.47318096854507147,9
2024-06-13,INTC,1,0.4382393090514098,9
2024-06-13,MSFT,1,0.5415785614985555,9
2024-06-13,NVDA,1,0.18168702312002585,9
2024-06-13,PFE,0,0.3996006449278671,9
2024-06-13,PYPL,0,0.8028327831525554,9
2024-06-13,ZM,0,0.4166202017346897,9
2024-06-14,AAPL,0,0.32059889491062454,9
2024-06-14,AMZN,1,0.4195827096539945,9
2024-06-14,GOOGL,1,0.29921163325582806,9
2024-06-14,INTC,1,0.5379452189845053,9
2024-06-14,MSFT,1,0.4206875325169173,9
2024-06-14,NVDA,1,0.1115830068498188,9
2024-06-14,PFE,0,0.4727723708413082,9
2024-06-14,PYPL,0,0.840550910844031,9
2024-06-14,ZM,0,0.6961869985739647,9
2024-06-17,AAPL,0,0.11427561581492367,9
2024-06-17,AMZN,1,0.49021734588345994,9
2024-06-17,GOOGL,1,0.43961723743505343,9
2024-06-17,INTC,0,0.5315372052727515,9
2024-06-17,MSFT,1,0.5444005404780599,9
2024-06-17,NVDA,1,0.5122689705470422,9
2024-06-17,PFE,1,0.5265942127197102,9
2024-06-17,PYPL,0,0.8643627779744975,9
2024-06-17,ZM,0,0.5337824795520245,9
2024-06-18,AAPL,0,0.43426648067481977,9
2024-06-18,AMZN,1,0.4760499820385286,9
2024-06-18,GOOGL,1,0.32352295993839075,9
2024-06-18,INTC,1,0.493883570543294,9
2024-06-18,MSFT,1,0.5973127447046481,9
2024-06-18,NVDA,0,0.3454974017231924,9
2024-06-18,PFE,1,0.46375555073460195,9
2024-06-18,PYPL,0,0.7413382161853459,9
2024-06-18,ZM,1,0.42008051075400743,9
2024-06-20,AAPL,1,0.5976829452994812,9
2024-06-20,AMZN,1,0.5009011753605883,9
2024-06-20,GOOGL,1,0.5757551314779797,9
2024-06-20,INTC,1,0.37731853063911414,9
2024-06-20,MSFT,1,0.4010379273362591,9
2024-06-20,NVDA,0,0.5983883409037576,9
2024-06-20,PFE,0,0.41326117114990923,9
2024-06-20,PYPL,0,0.7797655265670834,9
2024-06-20,ZM,0,0.6204094787925414,9
2024-06-21,AAPL,1,0.5578111659719767,9
2024-06-21,AMZN,0,0.4405398429333625,9
2024-06-21,GOOGL,1,0.5857700508411942,9
2024-06-21,INTC,0,0.27693939166759923,9
2024-06-21,MSFT,1,0.45679925008538697,9
2024-06-21,NVDA,0,0.5440805326315862,9
2024-06-21,PFE,0,0.4702190806543375,9
2024-06-21,PYPL,0,0.7909251009498567,9
2024-06-21,ZM,0,0.634948272464065,9
2024-06-24,AAPL,1,0.4727798174977568,9
2024-06-24,AMZN,1,0.5564079804372983,9
2024-06-24,GOOGL,1,0.6727476760914864,9
2024-06-24,INTC,1,0.30938018944314627,9
2024-06-24,MSFT,1,0.549448869940985,9
2024-06-24,NVDA,1,0.3061352909833567,9
2024-06-24,PFE,0,0.25801015365121993,9
2024-06-24,PYPL,0,0.5260144826079256,9
2024-06-24,ZM,0,0.44828673593938934,9
2024-06-25,AAPL,1,0.38568188826883093,9
2024-06-25,AMZN,1,0.5189518242304617,9
2024-06-25,GOOGL,1,0.4228945559881734,9
2024-06-25,INTC,1,0.28449510547773466,9
2024-06-25,MSFT,1,0.4572293352837927,9
2024-06-25,NVDA,0,0.49747335175890434,9
2024-06-25,PFE,0,0.25254996438011745,9
2024-06-25,PYPL,0,0.4987023156056792,9
2024-06-25,ZM,0,0.4595281657284359,9
2024-06-26,AAPL,1,0.46893563760662743,9
2024-06-26,AMZN,0,0.5680822373591022,9
2024-06-26,GOOGL,1,0.42439473482370926,9
2024-06-26,INTC,1,0.6240982590013852,9
2024-06-26,MSFT,0,0.4571658154170226,9
2024-06-26,NVDA,0,0.5299901786108948,9
2024-06-26,PFE,1,0.3501846518673439,9
2024-06-26,PYPL,0,0.4036504583868051,9
2024-06-26,ZM,0,0.4045098006990839,9
2024-06-27,AAPL,1,0.4913078998937029,9
2024-06-27,AMZN,0,0.3372590859103181,9
2024-06-27,GOOGL,0,0.6091599948161032,9
2024-06-27,INTC,1,0.4365110321861257,9
2024-06-27,MSFT,0,0.45114996340138974,9
2024-06-27,NVDA,0,0.6100842221939431,9
2024-06-27,PFE,1,0.3330436427581656,9
2024-06-27,PYPL,0,0.5719295484831438,9
2024-06-27,ZM,0,0.3886653101695615,9
2024-06-28,AAPL,1,0.5466199243653687,9
2024-06-28,AMZN,1,0.6376353953450771,9
2024-06-28,GOOGL,1,0.4356532563310005,9
2024-06-28,INTC,1,0.31798700320731876,9
2024-06-28,MSFT,1,0.553387064473314,9
2024-06-28,NVDA,0,0.5941236093056177,9
2024-06-28,PFE,0,0.39284573333758055,9
2024-06-28,PYPL,1,0.5028398622940319,9
2024-06-28,ZM,0,0.5883822760966472,9
2024-07-01,AAPL,1,0.21950831649309518,10
2024-07-01,AMZN,0,0.37918251040299217,10
2024-07-01,GOOGL,1,0.7002736428957994,10
2024-07-01,INTC,1,0.6776856377313096,10
2024-07-01,MSFT,0,0.17918438463282044,10
2024-07-01,NVDA,0,0.5513408245582624,10
2024-07-01,PFE,0,0.1387448739447547,10
2024-07-01,PYPL,1,0.6757873032040186,10
2024-07-01,ZM,0,0.35060077549983965,10
2024-07-02,AAPL,1,0.25080186499463547,10
2024-07-02,AMZN,0,0.18549482285225055,10
2024-07-02,GOOGL,1,0.4061239032015473,10
2024-07-02,INTC,1,0.4717479908847535,10
2024-07-02,MSFT,0,0.36557284896801373,10
2024-07-02,NVDA,1,0.4615936046217856,10
2024-07-02,PFE,0,0.14168891259007388,10
2024-07-02,PYPL,1,0.2500403780415152,10
2024-07-02,ZM,0,0.4245904797355981,10
2024-07-03,AAPL,1,0.2558000259449761,10
2024-07-03,AMZN,0,0.2812949561352042,10
2024-07-03,GOOGL,0,0.39347720868235647,10
2024-07-03,INTC,1,0.3531494764951556,10
2024-07-03,MSFT,0,0.264672940479455,10
2024-07-03,NVDA,0,0.2798773918291757,10
2024-07-03,PFE,1,0.28518153577512456,10
2024-07-03,PYPL,0,0.23365223702791543,10
2024-07-03,ZM,0,0.22011529367526342,10
2024-07-05,AAPL,1,0.15150181357957695,10
2024-07-05,AMZN,0,0.27326932078509525,10
2024-07-05,GOOGL,0,0.13698220328558966,10
2024-07-05,INTC,1,0.3520297645386125,10
2024-07-05,MSFT,0,0.20792164690036571,10
2024-07-05,NVDA,1,0.6058341034021728,10
2024-07-05,PFE,0,0.09997544087755571,10
2024-07-05,PYPL,0,0.2653869849958132,10
2024-07-05,ZM,0,0.36656612066264715,10
2024-07-08,AAPL,1,0.29327450202716904,10
2024-07-08,AMZN,0,0.22744030691264747,10
2024-07-08,GOOGL,0,0.2998569986863174,10
2024-07-08,INTC,1,0.34642424206487615,10
2024-07-08,MSFT,0,0.3987778855288739,10
2024-07-08,NVDA,1,0.7280976795100468,10
2024-07-08,PFE,0,0.16949667339064672,10
2024-07-08,PYPL,1,0.5235153805565368,10
2024-07-08,ZM,0,0.5177445479685433,10
2024-07-09,AAPL,1,0.33658539233930296,10
2024-07-09,AMZN,0,0.2315181240622938,10
2024-07-09,GOOGL,0,0.4201359551508519,10
2024-07-09,INTC,0,0.2759294807832485,10
2024-07-09,MSFT,0,0.25410976395313584,10
2024-07-09,NVDA,0,0.4969373972669695,10
2024-07-09,PFE,1,0.03801863942249744,10
2024-07-09,PYPL,1,0.20536359495464485,10
2024-07-09,ZM,0,0.4351585034733798,10
2024-07-10,AAPL,0,0.09621494305663165,10
2024-07-10,AMZN,0,0.18165657435696939,10
2024-07-10,GOOGL,0,0.4297681874137622,10
2024-07-10,INTC,0,0.5415633374982766,10
2024-07-10,MSFT,0,0.13037749522790185,10
2024-07-10,NVDA,0,0.39890227255167027,10
2024-07-10,PFE,1,0.052912260928163264,10
2024-07-10,PYPL,1,0.26714732380385964,10
2024-07-10,ZM,1,0.38729467439661,10
2024-07-11,AAPL,1,0.308813814841749,10
2024-07-11,AMZN,0,0.425790196662935,10
2024-07-11,GOOGL,0,0.6166182960093676,10
2024-07-11,INTC,1,0.38882480037749845,10
2024-07-11,MSFT,0,0.340152724173898,10
2024-07-11,NVDA,0,0.3518021496333588,10
2024-07-11,PFE,1,0.11293784734645188,10
2024-07-11,PYPL,0,0.6193777834780888,10
2024-07-11,ZM,1,0.4882917726705618,10
2024-07-12,AAPL,0,0.39697402645056495,10
2024-07-12,AMZN,0,0.35822400152624484,10
2024-07-12,GOOGL,0,0.7138018139569071,10
2024-07-12,INTC,1,0.45053281007702495,10
2024-07-12,MSFT,0,0.5880474763098751,10
2024-07-12,NVDA,0,0.7612304952286004,10
2024-07-12,PFE,1,0.07452346875498723,10
2024-07-12,PYPL,0,0.5590399783164329,10
2024-07-12,ZM,1,0.5061147470335559,10
2024-07-15,AAPL,0,0.10548566855750187,10
2024-07-15,AMZN,0,0.4178637920336964,10
2024-07-15,GOOGL,0,0.5455110643487461,10
2024-07-15,INTC,1,0.6392748567093627,10
2024-07-15,MSFT,0,0.4600465048465141,10
2024-07-15,NVDA,0,0.6669243943377409,10
2024-07-15,PFE,1,0.05033234488632388,10
2024-07-15,PYPL,0,0.6250238045248928,10
2024-07-15,ZM,1,0.5955570240931591,10
2024-07-16,AAPL,0,0.22322298668451318,10
2024-07-16,AMZN,0,0.18664944880806994,10
2024-07-16,GOOGL,0,0.5007512415205421,10
2024-07-16,INTC,1,0.36492038042773595,10
2024-07-16,MSFT,0,0.4292640260765125,10
2024-07-16,NVDA,0,0.6458089440520054,10
2024-07-16,PFE,1,0.06191197044235335,10
2024-07-16,PYPL,0,0.2926521765569948,10
2024-07-16,ZM,0,0.4525171979388952,10
2024-07-17,AAPL,0,0.30608991132640756,10
2024-07-17,AMZN,0,0.43727466391079667,10
2024-07-17,GOOGL,0,0.5330817366445633,10
2024-07-17,INTC,1,0.34533760455650814,10
2024-07-17,MSFT,0,0.44142255976189154,10
2024-07-17,NVDA,1,0.2631359598952795,10
2024-07-17,PFE,0,0.1471626728301121,10
2024-07-17,PYPL,0,0.7922190757360091,10
2024-07-17,ZM,1,0.7151856177681215,10
2024-07-18,AAPL,0,0.4451460654036053,10
2024-07-18,AMZN,0,0.1656130130281968,10
2024-07-18,GOOGL,0,0.4848202102000839,10
2024-07-18,INTC,0,0.6408471858815765,10
2024-07-18,MSFT,0,0.37821035892716603,10
2024-07-18,NVDA,0,0.6201843454405194,10
2024-07-18,PFE,1,0.1621734696805027,10
2024-07-18,PYPL,0,0.744027678312858,10
2024-07-18,ZM,0,0.6854156171897144,10
2024-07-19,AAPL,0,0.26622164532351983,10
2024-07-19,AMZN,0,0.11589190521572748,10
2024-07-19,GOOGL,0,0.41114087512981035,10
2024-07-19,INTC,0,0.33143042014464447,10
2024-07-19,MSFT,0,0.4035509368251358,10
2024-07-19,NVDA,1,0.5954568429494559,10
2024-07-19,PFE,0,0.17071409943125931,10
2024-07-19,PYPL,0,0.7527874901979612,10
2024-07-19,ZM,1,0.6844813732981536,10
2024-07-22,AAPL,0,0.21831622655980412,10
2024-07-22,AMZN,1,0.16655969736970183,10
2024-07-22,GOOGL,0,0.3271843003506015,10
2024-07-22,INTC,0,0.5248650296797835,10
2024-07-22,MSFT,0,0.4169032469841449,10
2024-07-22,NVDA,0,0.3627086283114618,10
2024-07-22,PFE,1,0.17642371407691076,10
2024-07-22,PYPL,0,0.746122409391539,10
2024-07-22,ZM,1,0.7049112126754132,10
2024-07-23,AAPL,0,0.3434909120617424,10
2024-07-23,AMZN,0,0.15400161754636074,10
2024-07-23,GOOGL,0,0.41497545432197663,10
2024-07-23,INTC,0,0.5257579913767575,10
2024-07-23,MSFT,0,0.5093427911551245,10
2024-07-23,NVDA,0,0.6656226563203743,10
2024-07-23,PFE,1,0.23135126555736213,10
2024-07-23,PYPL,0,0.7403624815244764,10
2024-07-23,ZM,0,0.6876206888005514,10
2024-07-24,AAPL,0,0.6403349548323735,10
2024-07-24,AMZN,0,0.22714779187974765,10
2024-07-24,GOOGL,0,0.07788228129351882,10
2024-07-24,INTC,0,0.5702760914537133,10
2024-07-24,MSFT,0,0.2860226366631879,10
2024-07-24,NVDA,0,0.12701204211524267,10
2024-07-24,PFE,1,0.19929707658549492,10
2024-07-24,PYPL,1,0.7391656849641527,10
2024-07-24,ZM,1,0.6354414088869154,10
2024-07-25,AAPL,0,0.3681604486731123,10
2024-07-25,AMZN,1,0.5214719621688119,10
2024-07-25,GOOGL,0,0.8710356016579336,10
2024-07-25,INTC,0,0.6960723451313058,10
2024-07-25,MSFT,0,0.7935018002538654,10
2024-07-25,NVDA,0,0.5662108828687716,10
2024-07-25,PFE,1,0.4137939442683186,10
2024-07-25,PYPL,1,0.6092498598422542,10
2024-07-25,ZM,1,0.5858994534495323,10
2024-07-26,AAPL,0,0.3777941440552244,10
2024-07-26,AMZN,1,0.12737677567917663,10
2024-07-26,GOOGL,1,0.4481140628622777,10
2024-07-26,INTC,0,0.5711948855187003,10
2024-07-26,MSFT,0,0.358687543780726,10
2024-07-26,NVDA,0,0.5333911229789964,10
2024-07-26,PFE,0,0.3517626227967266,10
2024-07-26,PYPL,1,0.6573534528572037,10
2024-07-26,ZM,0,0.5588762760337946,10
2024-07-29,AAPL,0,0.3060760909066725,10
2024-07-29,AMZN,0,0.16917828446786667,10
2024-07-29,GOOGL,0,0.526293070371535,10
2024-07-29,INTC,0,0.651971412519186,10
2024-07-29,MSFT,0,0.3284994049141674,10
2024-07-29,NVDA,0,0.4225118544098777,10
2024-07-29,PFE,0,0.3993637432845924,10
2024-07-29,PYPL,1,0.6461548243508954,10
2024-07-29,ZM,0,0.7175026166387257,10
2024-07-30,AAPL,0,0.43694795674164766,10
2024-07-30,AMZN,1,0.2719713347931397,10
2024-07-30,GOOGL,0,0.6025152788904781,10
2024-07-30,INTC,0,0.5595178838361364,10
2024-07-30,MSFT,0,0.4933245649870366,10
2024-07-30,NVDA,1,0.16531619164775196,10
2024-07-30,PFE,0,0.4066739107281902,10
2024-07-30,PYPL,1,0.6263415342559356,10
2024-07-30,ZM,0,0.47295182273307707,10
2024-07-31,AAPL,0,0.5098745317945398,10
2024-07-31,AMZN,0,0.13852529050695633,10
2024-07-31,GOOGL,0,0.476158108417569,10
2024-07-31,INTC,0,0.5297095189705904,10
2024-07-31,MSFT,0,0.6043439842816692,10
2024-07-31,NVDA,0,0.29375232353364605,10
2024-07-31,PFE,0,0.6770633298861742,10
2024-07-31,PYPL,0,0.35661497785673096,10
2024-07-31,ZM,0,0.6586576694537462,10
2024-08-01,AAPL,0,0.6017000277629727,10
2024-08-01,AMZN,0,0.13475405129775217,10
2024-08-01,GOOGL,0,0.210044477116254,10
2024-08-01,INTC,0,0.508871570378284,10
2024-08-01,MSFT,0,0.40938222331722307,10
2024-08-01,NVDA,0,0.23850324273218154,10
2024-08-01,PFE,0,0.3487945519166289,10
2024-08-01,PYPL,0,0.5088719232301492,10
2024-08-01,ZM,0,0.8179560197022077,10
2024-08-02,AAPL,0,0.6397848651688247,10
2024-08-02,AMZN,0,0.1308706122220832,10
2024-08-02,GOOGL,0,0.4118188834058275,10
2024-08-02,INTC,0,0.5631833376189744,10
2024-08-02,MSFT,0,0.35579114318758503,10
2024-08-02,NVDA,0,0.24857456652839421,10
2024-08-02,PFE,0,0.2287691223934412,10
2024-08-02,PYPL,0,0.3592837058501124,10
2024-08-02,ZM,0,0.34357305963282536,10
2024-08-05,AAPL,1,0.68712823736581,10
2024-08-05,AMZN,1,0.3555236079844515,10
2024-08-05,GOOGL,0,0.12110935605993277,10
2024-08-05,INTC,0,0.6872743099832059,10
2024-08-05,MSFT,0,0.6637843326365479,10
2024-08-05,NVDA,1,0.22506661753979842,10
2024-08-05,PFE,0,0.31047399686484645,10
2024-08-05,PYPL,1,0.44014055833727395,10
2024-08-05,ZM,1,0.5959260032170902,10
2024-08-06,AAPL,1,0.24713199026736407,10
2024-08-06,AMZN,1,0.34241763628845406,10
2024-08-06,GOOGL,0,0.13367902148638813,10
2024-08-06,INTC,0,0.6840102028537834,10
2024-08-06,MSFT,0,0.32810176425249893,10
2024-08-06,NVDA,0,0.07810480558307753,10
2024-08-06,PFE,0,0.2332810577979527,10
2024-08-06,PYPL,1,0.37354618434554787,10
2024-08-06,ZM,1,0.4459018932144131,10
2024-08-07,AAPL,1,0.1119902387933046,10
2024-08-07,AMZN,1,0.4117042174067365,10
2024-08-07,GOOGL,0,0.17767167706562895,10
2024-08-07,INTC,1,0.7268967873765808,10
2024-08-07,MSFT,0,0.3238537226586622,10
2024-08-07,NVDA,1,0.24294277570872597,10
2024-08-07,PFE,0,0.31414950549801807,10
2024-08-07,PYPL,1,0.3498215470757347,10
2024-08-07,ZM,1,0.723787213576546,10
2024-08-08,AAPL,1,0.050406990877458084,10
2024-08-08,AMZN,1,0.3832040864670884,10
2024-08-08,GOOGL,0,0.1350753818221274,10
2024-08-08,INTC,0,0.35917498027926337,10
2024-08-08,MSFT,0,0.4342813036458035,10
2024-08-08,NVDA,1,0.12829139340850165,10
2024-08-08,PFE,0,0.3721124383905905,10
2024-08-08,PYPL,1,0.3455896240582036,10
2024-08-08,ZM,1,0.4791040415220351,10
2024-08-09,AAPL,0,0.02903145559524914,10
2024-08-09,AMZN,1,0.14607486249583984,10
2024-08-09,GOOGL,0,0.20159550137869903,10
2024-08-09,INTC,1,0.5941621717883167,10
2024-08-09,MSFT,0,0.6257220480487863,10
2024-08-09,NVDA,1,0.3853997915252481,10
2024-08-09,PFE,0,0.3799577929288675,10
2024-08-09,PYPL,1,0.5812773506521587,10
2024-08-09,ZM,1,0.6339660665547826,10
2024-08-12,AAPL,0,0.041313177841091946,10
2024-08-12,AMZN,1,0.3505651568204709,10
2024-08-12,GOOGL,0,0.2021386566477781,10
2024-08-12,INTC,1,0.4542027827496181,10
2024-08-12,MSFT,0,0.59718423652463,10
2024-08-12,NVDA,1,0.46545658872365936,10
2024-08-12,PFE,0,0.3255545043056791,10
2024-08-12,PYPL,1,0.6240964179379657,10
2024-08-12,ZM,1,0.8541829625853906,10
2024-08-13,AAPL,0,0.12239732171019907,10
2024-08-13,AMZN,1,0.2767891902718105,10
2024-08-13,GOOGL,0,0.3424665012422963,10
2024-08-13,INTC,0,0.4373673673475254,10
2024-08-13,MSFT,0,0.37418710392686255,10
2024-08-13,NVDA,1,0.7044020630420071,10
2024-08-13,PFE,0,0.40950073545382204,10
2024-08-13,PYPL,1,0.4617063956048118,10
2024-08-13,ZM,1,0.7043607284338235,10
2024-08-14,AAPL,0,0.11511364912012087,10
2024-08-14,AMZN,1,0.2153577800742952,10
2024-08-14,GOOGL,0,0.44947657408308705,10
2024-08-14,INTC,1,0.8012682440435017,10
2024-08-14,MSFT,0,0.4281004397722468,10
2024-08-14,NVDA,1,0.6471763687424508,10
2024-08-14,PFE,0,0.20819343188677997,10
2024-08-14,PYPL,1,0.42402655787679927,10
2024-08-14,ZM,1,0.4903201301876237,10
2024-08-15,AAPL,0,0.07016406651303014,10
2024-08-15,AMZN,0,0.14617489977711268,10
2024-08-15,GOOGL,0,0.2767821260197753,10
2024-08-15,INTC,0,0.18973756346978904,10
2024-08-15,MSFT,0,0.3986686816073913,10
2024-08-15,NVDA,1,0.5518868089276949,10
2024-08-15,PFE,0,0.4505590375816089,10
2024-08-15,PYPL,1,0.4753735691179934,10
2024-08-15,ZM,1,0.4919709425752794,10
2024-08-16,AAPL,0,0.07763646180593078,10
2024-08-16,AMZN,0,0.0856970832081069,10
2024-08-16,GOOGL,0,0.14205596344356317,10
2024-08-16,INTC,0,0.21706050849382835,10
2024-08-16,MSFT,0,0.3115075604958806,10
2024-08-16,NVDA,0,0.2669329450130714,10
2024-08-16,PFE,0,0.4045548421954793,10
2024-08-16,PYPL,1,0.4724439143060665,10
2024-08-16,ZM,1,0.49720388824334866,10
2024-08-19,AAPL,0,0.05280935630773724,10
2024-08-19,AMZN,0,0.36451233741694555,10
2024-08-19,GOOGL,0,0.2235512028932874,10
2024-08-19,INTC,0,0.37642949796247444,10
2024-08-19,MSFT,0,0.4246684638891788,10
2024-08-19,NVDA,0,0.259898898437443,10
2024-08-19,PFE,0,0.47454677364722736,10
2024-08-19,PYPL,1,0.5071764596178093,10
2024-08-19,ZM,1,0.6050267353802374,10
2024-08-20,AAPL,0,0.13677517756145396,10
2024-08-20,AMZN,0,0.390390761888296,10
2024-08-20,GOOGL,0,0.44795411252454265,10
2024-08-20,INTC,0,0.59508294500558,10
2024-08-20,MSFT,0,0.3874691709448984,10
2024-08-20,NVDA,0,0.5887730994417468,10
2024-08-20,PFE,0,0.5696092977932751,10
2024-08-20,PYPL,0,0.6485594867142097,10
2024-08-20,ZM,1,0.5557476739874911,10
2024-08-21,AAPL,0,0.10049080353366756,10
2024-08-21,AMZN,0,0.3746808275136603,10
2024-08-21,GOOGL,0,0.3582775945259679,10
2024-08-21,INTC,0,0.4948919883072657,10
2024-08-21,MSFT,0,0.363348674852174,10
2024-08-21,NVDA,0,0.516818305692066,10
2024-08-21,PFE,0,0.5387954381202468,10
2024-08-21,PYPL,0,0.692680066650231,10
2024-08-21,ZM,1,0.6516333431421042,10
2024-08-22,AAPL,0,0.19109863130638777,10
2024-08-22,AMZN,0,0.40715423367174836,10
2024-08-22,GOOGL,0,0.28303238322113616,10
2024-08-22,INTC,0,0.6141287653205535,10
2024-08-22,MSFT,0,0.327704882653618,10
2024-08-22,NVDA,1,0.4710465334458012,10
2024-08-22,PFE,0,0.5848955542432261,10
2024-08-22,PYPL,0,0.2952343152917729,10
2024-08-22,ZM,1,0.5783213158491607,10
2024-08-23,AAPL,0,0.037911045240003695,10
2024-08-23,AMZN,0,0.1267476348353026,10
2024-08-23,GOOGL,0,0.16646053669387587,10
2024-08-23,INTC,0,0.5541803559477205,10
2024-08-23,MSFT,0,0.19700808182557886,10
2024-08-23,NVDA,0,0.21459961004277045,10
2024-08-23,PFE,0,0.3392495917368626,10
2024-08-23,PYPL,0,0.20747897197754872,10
2024-08-23,ZM,0,0.19926602774693053,10
2024-08-26,AAPL,0,0.037469031673469405,10
2024-08-26,AMZN,0,0.35212526448641185,10
2024-08-26,GOOGL,0,0.4680044965881255,10
2024-08-26,INTC,0,0.6663936642408874,10
2024-08-26,MSFT,0,0.2366688530025241,10
2024-08-26,NVDA,0,0.5391854963180966,10
2024-08-26,PFE,0,0.5125697981989089,10
2024-08-26,PYPL,0,0.18869976415686887,10
2024-08-26,ZM,0,0.2379938910107673,10
2024-08-27,AAPL,0,0.09704454915544242,10
2024-08-27,AMZN,1,0.27857747399677096,10
2024-08-27,GOOGL,0,0.5917232945233456,10
2024-08-27,INTC,0,0.48539605108835226,10
2024-08-27,MSFT,0,0.25449867346113997,10
2024-08-27,NVDA,0,0.22824245487881378,10
2024-08-27,PFE,0,0.44850843044863725,10
2024-08-27,PYPL,0,0.36242015350538387,10
2024-08-27,ZM,0,0.3986368324977491,10
2024-08-28,AAPL,0,0.17522513642276327,10
2024-08-28,AMZN,1,0.3513791283382131,10
2024-08-28,GOOGL,0,0.5575993342193187,10
2024-08-28,INTC,1,0.4375404242254552,10
2024-08-28,MSFT,1,0.3067955199986918,10
2024-08-28,NVDA,0,0.48723147150802737,10
2024-08-28,PFE,1,0.479796830735779,10
2024-08-28,PYPL,1,0.6199127070306183,10
2024-08-28,ZM,0,0.4354379942379268,10
2024-08-29,AAPL,0,0.14407556407341038,10
2024-08-29,AMZN,1,0.5304352636634884,10
2024-08-29,GOOGL,0,0.6356595887846114,10
2024-08-29,INTC,1,0.8466066425163316,10
2024-08-29,MSFT,0,0.4381579653737285,10
2024-08-29,NVDA,0,0.3035865934155787,10
2024-08-29,PFE,1,0.3490244971812488,10
2024-08-29,PYPL,0,0.4206193701883643,10
2024-08-29,ZM,0,0.44921949565524305,10
2024-08-30,AAPL,0,0.16580889542511382,10
2024-08-30,AMZN,0,0.2828715992870684,10
2024-08-30,GOOGL,0,0.633608361140941,10
2024-08-30,INTC,0,0.7531770963022243,10
2024-08-30,MSFT,0,0.21401381270522432,10
2024-08-30,NVDA,0,0.5514526939053567,10
2024-08-30,PFE,0,0.24980786140454142,10
2024-08-30,PYPL,0,0.3947536045384846,10
2024-08-30,ZM,0,0.3936147871026203,10
2024-09-03,AAPL,0,0.520903245317489,10
2024-09-03,AMZN,0,0.49923625783950015,10
2024-09-03,GOOGL,0,0.3641921585634016,10
2024-09-03,INTC,0,0.6731552033948928,10
2024-09-03,MSFT,1,0.41556356001373856,10
2024-09-03,NVDA,0,0.24134542997561495,10
2024-09-03,PFE,1,0.2577240326124603,10
2024-09-03,PYPL,0,0.5642678426765186,10
2024-09-03,ZM,0,0.46910431916054346,10
2024-09-04,AAPL,0,0.3747774954395235,10
2024-09-04,AMZN,1,0.15690393455229262,10
2024-09-04,GOOGL,0,0.23065823824024875,10
2024-09-04,INTC,0,0.7458599923204194,10
2024-09-04,MSFT,1,0.3168480285447324,10
2024-09-04,NVDA,0,0.2987813958475948,10
2024-09-04,PFE,1,0.16760321623543348,10
2024-09-04,PYPL,0,0.26775857821877685,10
2024-09-04,ZM,0,0.4486814674721047,10
2024-09-05,AAPL,0,0.49701566546928716,10
2024-09-05,AMZN,0,0.19937072649751153,10
2024-09-05,GOOGL,0,0.45741590893343326,10
2024-09-05,INTC,0,0.7633068296940001,10
2024-09-05,MSFT,1,0.6252304563138943,10
2024-09-05,NVDA,0,0.44362998407612053,10
2024-09-05,PFE,1,0.17235186173660272,10
2024-09-05,PYPL,0,0.516566872306424,10
2024-09-05,ZM,0,0.5879301440606313,10
2024-09-06,AAPL,0,0.5527414356617837,10
2024-09-06,AMZN,1,0.23609994520836547,10
2024-09-06,GOOGL,1,0.27814221544190476,10
2024-09-06,INTC,1,0.826979292746004,10
2024-09-06,MSFT,1,0.53439135898111,10
2024-09-06,NVDA,1,0.2229180076003701,10
2024-09-06,PFE,1,0.1186296211898798,10
2024-09-06,PYPL,1,0.4634481637962593,10
2024-09-06,ZM,0,0.5797594883122936,10
2024-09-09,AAPL,0,0.42500796392250556,10
2024-09-09,AMZN,1,0.5490707981734546,10
2024-09-09,GOOGL,1,0.8725507620565128,10
2024-09-09,INTC,0,0.7977106909393903,10
2024-09-09,MSFT,1,0.5653498511413133,10
2024-09-09,NVDA,1,0.5414466065107095,10
2024-09-09,PFE,0,0.22786242757933198,10
2024-09-09,PYPL,0,0.5846885900865707,10
2024-09-09,ZM,1,0.7034141281573975,10
2024-09-10,AAPL,0,0.4531110354355725,10
2024-09-10,AMZN,1,0.5264531014430582,10
2024-09-10,GOOGL,1,0.7004586894911408,10
2024-09-10,INTC,1,0.7544124173611639,10
2024-09-10,MSFT,1,0.5138138692418963,10
2024-09-10,NVDA,1,0.5359643745762088,10
2024-09-10,PFE,0,0.268434587211611,10
2024-09-10,PYPL,1,0.4946161653865165,10
2024-09-10,ZM,1,0.6304440888766428,10
2024-09-11,AAPL,0,0.47299482077591204,10
2024-09-11,AMZN,1,0.35806875040031816,10
2024-09-11,GOOGL,1,0.4353464451291042,10
2024-09-11,INTC,0,0.5176162707638047,10
2024-09-11,MSFT,0,0.4779807225213535,10
2024-09-11,NVDA,0,0.5885432583491842,10
2024-09-11,PFE,0,0.2800522814604778,10
2024-09-11,PYPL,1,0.42422720722914486,10
2024-09-11,ZM,0,0.6124448952717068,10
2024-09-12,AAPL,0,0.3391478989667355,10
2024-09-12,AMZN,0,0.2667307304333751,10
2024-09-12,GOOGL,1,0.2718030113280327,10
2024-09-12,INTC,1,0.591246722045771,10
2024-09-12,MSFT,0,0.3525135877990025,10
2024-09-12,NVDA,0,0.5552290998100362,10
2024-09-12,PFE,0,0.20413680292165412,10
2024-09-12,PYPL,1,0.4770329552040771,10
2024-09-12,ZM,1,0.7414211640895261,10
2024-09-13,AAPL,0,0.30382740510099954,10
2024-09-13,AMZN,0,0.3713937376288787,10
2024-09-13,GOOGL,1,0.3359324892991053,10
2024-09-13,INTC,1,0.446362678501252,10
2024-09-13,MSFT,0,0.36523045291343614,10
2024-09-13,NVDA,0,0.5073319406157122,10
2024-09-13,PFE,0,0.303494501393622,10
2024-09-13,PYPL,1,0.3899254185884199,10
2024-09-13,ZM,0,0.5236063010215689,10
2024-09-16,AAPL,1,0.5041256171232601,10
2024-09-16,AMZN,1,0.4727713716807016,10
2024-09-16,GOOGL,1,0.30593703642298187,10
2024-09-16,INTC,1,0.48962308175691194,10
2024-09-16,MSFT,0,0.38295447587520187,10
2024-09-16,NVDA,0,0.5317125646842279,10
2024-09-16,PFE,0,0.3437806814840226,10
2024-09-16,PYPL,1,0.46612455627542154,10
2024-09-16,ZM,0,0.7653918285144765,10
2024-09-17,AAPL,1,0.2716359101494922,10
2024-09-17,AMZN,1,0.5866475509787632,10
2024-09-17,GOOGL,1,0.2589652788706975,10
2024-09-17,INTC,0,0.3186253869081746,10
2024-09-17,MSFT,0,0.23647468861228627,10
2024-09-17,NVDA,1,0.4358551699986582,10
2024-09-17,PFE,0,0.350678579334411,10
2024-09-17,PYPL,1,0.32435290910949544,10
2024-09-17,ZM,0,0.5232968976175526,10
2024-09-18,AAPL,1,0.38419061761184425,10
2024-09-18,AMZN,1,0.7526123201973977,10
2024-09-18,GOOGL,1,0.46577523486714556,10
2024-09-18,INTC,1,0.5051468033627488,10
2024-09-18,MSFT,0,0.19684095576231006,10
2024-09-18,NVDA,1,0.5652815613463965,10
2024-09-18,PFE,0,0.332937385252786,10
2024-09-18,PYPL,1,0.4717617385138386,10
2024-09-18,ZM,1,0.6334700397873749,10
2024-09-19,AAPL,0,0.19383249677462905,10
2024-09-19,AMZN,0,0.6709816168268498,10
2024-09-19,GOOGL,1,0.5849141542839313,10
2024-09-19,INTC,0,0.30935750540985263,10
2024-09-19,MSFT,0,0.28916361981777344,10
2024-09-19,NVDA,0,0.4925335408591984,10
2024-09-19,PFE,0,0.3025605712611778,10
2024-09-19,PYPL,0,0.42680177155536253,10
2024-09-19,ZM,1,0.5218609060393521,10
2024-09-20,AAPL,0,0.33367935248568575,10
2024-09-20,AMZN,0,0.6794661923649608,10
2024-09-20,GOOGL,0,0.6009077789954427,10
2024-09-20,INTC,1,0.3516461457983236,10
2024-09-20,MSFT,0,0.18387162982007513,10
2024-09-20,NVDA,1,0.5661905038658217,10
2024-09-20,PFE,0,0.34359608805453506,10
2024-09-20,PYPL,1,0.45149032044328613,10
2024-09-20,ZM,1,0.46735778664227023,10
2024-09-23,AAPL,0,0.725169520359825,10
2024-09-23,AMZN,0,0.8666181041651352,10
2024-09-23,GOOGL,1,0.708969035316779,10
2024-09-23,INTC,1,0.3027028069533728,10
2024-09-23,MSFT,0,0.31731368062281223,10
2024-09-23,NVDA,1,0.5980634010407494,10
2024-09-23,PFE,0,0.509699032521602,10
2024-09-23,PYPL,0,0.5726266298295504,10
2024-09-23,ZM,0,0.6462365243970676,10
2024-09-24,AAPL,0,0.7345043635315808,10
2024-09-24,AMZN,0,0.8126695502235359,10
2024-09-24,GOOGL,1,0.7690523069000361,10
2024-09-24,INTC,1,0.4008906308537751,10
2024-09-24,MSFT,0,0.3811142033756714,10
2024-09-24,NVDA,1,0.5260958825129791,10
2024-09-24,PFE,0,0.50692379099365,10
2024-09-24,PYPL,0,0.6002362352123484,10
2024-09-24,ZM,0,0.7263487218192471,10
2024-09-25,AAPL,0,0.8265888977092405,10
2024-09-25,AMZN,0,0.8177410616709837,10
2024-09-25,GOOGL,1,0.7979279091024495,10
2024-09-25,INTC,1,0.10778675716277276,10
2024-09-25,MSFT,0,0.4889796593767804,10
2024-09-25,NVDA,0,0.646963027681925,10
2024-09-25,PFE,0,0.5333414606878036,10
2024-09-25,PYPL,1,0.7331637319984378,10
2024-09-25,ZM,1,0.6986328630357841,10
2024-09-26,AAPL,0,0.7819016629999793,10
2024-09-26,AMZN,0,0.6158095478650963,10
2024-09-26,GOOGL,1,0.32212591581464106,10
2024-09-26,INTC,0,0.1654705891263376,10
2024-09-26,MSFT,0,0.4194392102531336,10
2024-09-26,NVDA,0,0.34438655838242693,10
2024-09-26,PFE,0,0.5447826868778597,10
2024-09-26,PYPL,0,0.43616333452016,10
2024-09-26,ZM,0,0.4842677618998488,10
2024-09-27,AAPL,0,0.5862466641468975,10
2024-09-27,AMZN,0,0.6144005641994478,10
2024-09-27,GOOGL,0,0.267555452309986,10
2024-09-27,INTC,0,0.28709417184470704,10
2024-09-27,MSFT,0,0.27830533898184884,10
2024-09-27,NVDA,0,0.515955593185664,10
2024-09-27,PFE,0,0.5173017785842859,10
2024-09-27,PYPL,0,0.5683000317990569,10
2024-09-27,ZM,0,0.49588510034027056,10
2024-09-30,AAPL,0,0.6471185491323392,10
2024-09-30,AMZN,0,0.46549408086831146,10
2024-09-30,GOOGL,0,0.42443371825952286,10
2024-09-30,INTC,0,0.2144053946458843,10
2024-09-30,MSFT,0,0.4336356260867143,10
2024-09-30,NVDA,0,0.39815030998700984,10
2024-09-30,PFE,0,0.3931582618033488,10
2024-09-30,PYPL,0,0.3771030843383131,10
2024-09-30,ZM,0,0.2464530340399935,10
2024-10-01,AAPL,0,0.7521098575936956,10
2024-10-01,AMZN,0,0.5000593405109496,10
2024-10-01,GOOGL,0,0.2239334947586765,10
2024-10-01,INTC,0,0.2641884088483063,10
2024-10-01,MSFT,0,0.5123947720233722,10
2024-10-01,NVDA,1,0.7138587489525459,10
2024-10-01,PFE,1,0.3067786377201469,10
2024-10-01,PYPL,0,0.5395864770101764,10
2024-10-01,ZM,0,0.5163141446019461,10
2024-10-02,AAPL,0,0.6722734814753331,10
2024-10-02,AMZN,0,0.2779162760079521,10
2024-10-02,GOOGL,0,0.5180392212345136,10
2024-10-02,INTC,0,0.19841005595964298,10
2024-10-02,MSFT,0,0.5570375646202792,10
2024-10-02,NVDA,1,0.609754868570637,10
2024-10-02,PFE,1,0.2746109835320082,10
2024-10-02,PYPL,0,0.3234072174451621,10
2024-10-02,ZM,1,0.349848469450926,10
2024-10-03,AAPL,0,0.7310046231944142,10
2024-10-03,AMZN,1,0.43362170783403237,10
2024-10-03,GOOGL,0,0.4174536320925819,10
2024-10-03,INTC,1,0.1646307928494733,10
2024-10-03,MSFT,0,0.46104096823358276,10
2024-10-03,NVDA,1,0.4651746817433765,10
2024-10-03,PFE,1,0.2232478343511769,10
2024-10-03,PYPL,1,0.25861156375377636,10
2024-10-03,ZM,1,0.29569547513585226,10
2024-10-04,AAPL,0,0.6334848005497763,10
2024-10-04,AMZN,0,0.21854896241353186,10
2024-10-04,GOOGL,0,0.2829402173725022,10
2024-10-04,INTC,0,0.14757028460236402,10
2024-10-04,MSFT,0,0.4644425220048594,10
2024-10-04,NVDA,1,0.46411376634477164,10
2024-10-04,PFE,1,0.2417875832822629,10
2024-10-04,PYPL,1,0.19094949802982825,10
2024-10-04,ZM,0,0.40507435537918274,10
2024-10-07,AAPL,1,0.68295168492327,10
2024-10-07,AMZN,1,0.474347145276397,10
2024-10-07,GOOGL,0,0.7822694479547151,10
2024-10-07,INTC,1,0.38406195657795805,10
2024-10-07,MSFT,1,0.6493367596857659,10
2024-10-07,NVDA,1,0.31067645460082227,10
2024-10-07,PFE,1,0.27024473260089843,10
2024-10-07,PYPL,0,0.34027466717728755,10
2024-10-07,ZM,0,0.31704798344469803,10
2024-10-08,AAPL,1,0.4902818164044869,10
2024-10-08,AMZN,1,0.3583835193311014,10
2024-10-08,GOOGL,0,0.6110033454319831,10
2024-10-08,INTC,0,0.5345652647685447,10
2024-10-08,MSFT,1,0.6294911752681478,10
2024-10-08,NVDA,1,0.30511676250213504,10
2024-10-08,PFE,1,0.31197574255256444,10
2024-10-08,PYPL,0,0.452481404826743,10
2024-10-08,ZM,1,0.5196194291735295,10
2024-10-09,AAPL,0,0.6034605658823504,10
2024-10-09,AMZN,1,0.2731382358682092,10
2024-10-09,GOOGL,1,0.7682497844283257,10
2024-10-09,INTC,0,0.5306272943074571,10
2024-10-09,MSFT,1,0.7587047617800315,10
2024-10-09,NVDA,1,0.1389787217241482,10
2024-10-09,PFE,0,0.3700467077718037,10
2024-10-09,PYPL,0,0.32670743146073983,10
2024-10-09,ZM,0,0.5011020863298922,10
2024-10-10,AAPL,1,0.5909307622129358,10
2024-10-10,AMZN,1,0.29781549049208034,10
2024-10-10,GOOGL,1,0.7833898996641967,10
2024-10-10,INTC,0,0.3390269181078944,10
2024-10-10,MSFT,1,0.6433983106887254,10
2024-10-10,NVDA,1,0.24126453041286666,10
2024-10-10,PFE,0,0.31549692308972654,10
2024-10-10,PYPL,1,0.5326142403795395,10
2024-10-10,ZM,0,0.48413948025271136,10
2024-10-11,AAPL,1,0.6918243443729493,10
2024-10-11,AMZN,0,0.3810598932031381,10
2024-10-11,GOOGL,1,0.7746745589685744,10
2024-10-11,INTC,0,0.4710777876052969,10
2024-10-11,MSFT,1,0.6050573951530728,10
2024-10-11,NVDA,1,0.23427200612570026,10
2024-10-11,PFE,0,0.41538909098196464,10
2024-10-11,PYPL,0,0.3967670425242913,10
2024-10-11,ZM,0,0.40011032190884904,10
2024-10-14,AAPL,0,0.4251553115445655,10
2024-10-14,AMZN,0,0.3416448117362323,10
2024-10-14,GOOGL,0,0.7013965769147357,10
2024-10-14,INTC,0,0.4424706302622933,10
2024-10-14,MSFT,0,0.39120110033452654,10
2024-10-14,NVDA,0,0.19684048548928632,10
2024-10-14,PFE,0,0.20699855315980448,10
2024-10-14,PYPL,0,0.23396382470345134,10
2024-10-14,ZM,1,0.2840992590578869,10
2024-10-15,AAPL,0,0.5216725023502029,10
2024-10-15,AMZN,0,0.13391747873618645,10
2024-10-15,GOOGL,0,0.7919726193982444,10
2024-10-15,INTC,0,0.593254258014678,10
2024-10-15,MSFT,0,0.5886494811790686,10
2024-10-15,NVDA,1,0.20064053591696643,10
2024-10-15,PFE,0,0.1764310171251116,10
2024-10-15,PYPL,1,0.44238377068770157,10
2024-10-15,ZM,1,0.4250921700726945,10
2024-10-16,AAPL,0,0.6786326892076509,10
2024-10-16,AMZN,1,0.3962292126595805,10
2024-10-16,GOOGL,0,0.6556537644329542,10
2024-10-16,INTC,0,0.35114705421539777,10
2024-10-16,MSFT,1,0.5563936737679331,10
2024-10-16,NVDA,1,0.2898196125969177,10
2024-10-16,PFE,0,0.09731621369226301,10
2024-10-16,PYPL,0,0.24505001138863766,10
2024-10-16,ZM,1,0.3282782602162442,10
2024-10-17,AAPL,0,0.41219959322531236,10
2024-10-17,AMZN,0,0.23702864348733474,10
2024-10-17,GOOGL,1,0.8161278402725216,10
2024-10-17,INTC,0,0.41015498779397563,10
2024-10-17,MSFT,1,0.4663008872908046,10
2024-10-17,NVDA,1,0.301543519825548,10
2024-10-17,PFE,0,0.15980952342552804,10
2024-10-17,PYPL,1,0.2669117194437165,10
2024-10-17,ZM,1,0.2815098330532013,10
2024-10-18,AAPL,0,0.4320274917481046,10
2024-10-18,AMZN,0,0.3567066673588477,10
2024-10-18,GOOGL,1,0.8504672081260881,10
2024-10-18,INTC,0,0.49625873836155926,10
2024-10-18,MSFT,1,0.5061330144758642,10
2024-10-18,NVDA,1,0.2496624322628122,10
2024-10-18,PFE,0,0.19046237159584603,10
2024-10-18,PYPL,1,0.28257574557672643,10
2024-10-18,ZM,1,0.10491002360488051,10
2024-10-21,AAPL,0,0.5018800328032633,10
2024-10-21,AMZN,0,0.20780606128883508,10
2024-10-21,GOOGL,0,0.6071709633869123,10
2024-10-21,INTC,0,0.3224479696422017,10
2024-10-21,MSFT,1,0.28251358505288116,10
2024-10-21,NVDA,0,0.23049726516369992,10
2024-10-21,PFE,0,0.23210131880410173,10
2024-10-21,PYPL,1,0.3151963112519448,10
2024-10-21,ZM,1,0.3422727861509051,10
2024-10-22,AAPL,0,0.5278592493800021,10
2024-10-22,AMZN,0,0.3392302975402544,10
2024-10-22,GOOGL,0,0.651507024000376,10
2024-10-22,INTC,0,0.36974785764399876,10
2024-10-22,MSFT,0,0.14486492979674576,10
2024-10-22,NVDA,0,0.331524415959261,10
2024-10-22,PFE,0,0.2095447718484549,10
2024-10-22,PYPL,1,0.1709622032530502,10
2024-10-22,ZM,1,0.14310740302970448,10
2024-10-23,AAPL,0,0.42525493542753984,10
2024-10-23,AMZN,1,0.3453234300268824,10
2024-10-23,GOOGL,1,0.5390449640330462,10
2024-10-23,INTC,1,0.4036971700969021,10
2024-10-23,MSFT,1,0.12718832064948865,10
2024-10-23,NVDA,1,0.37574031322568296,10
2024-10-23,PFE,0,0.12590321566809526,10
2024-10-23,PYPL,1,0.21018165901833502,10
2024-10-23,ZM,1,0.1628408850794322,10
2024-10-24,AAPL,0,0.3476527711302011,10
2024-10-24,AMZN,1,0.354784013877685,10
2024-10-24,GOOGL,1,0.6893645162024233,10
2024-10-24,INTC,1,0.5425909020599526,10
2024-10-24,MSFT,1,0.131560709273441,10
2024-10-24,NVDA,0,0.18414073800062092,10
2024-10-24,PFE,0,0.22312232038958238,10
2024-10-24,PYPL,0,0.17021805541444374,10
2024-10-24,ZM,1,0.12148406761104974,10
2024-10-25,AAPL,0,0.4991475378471092,10
2024-10-25,AMZN,1,0.4659233432400992,10
2024-10-25,GOOGL,1,0.7764632494573179,10
2024-10-25,INTC,0,0.4833620610473815,10
2024-10-25,MSFT,0,0.2941226487287618,10
2024-10-25,NVDA,0,0.44649374592124863,10
2024-10-25,PFE,0,0.521045814887915,10
2024-10-25,PYPL,0,0.5225517564779079,10
2024-10-25,ZM,1,0.35583326774504914,10
2024-10-28,AAPL,0,0.7084203572735925,10
2024-10-28,AMZN,1,0.6346242906441032,10
2024-10-28,GOOGL,1,0.7520497508807753,10
2024-10-28,INTC,0,0.6377418970071954,10
2024-10-28,MSFT,1,0.21761703064331156,10
2024-10-28,NVDA,0,0.5815631505179275,10
2024-10-28,PFE,0,0.5686653170562986,10
2024-10-28,PYPL,0,0.6111360491589339,10
2024-10-28,ZM,1,0.20054319200479878,10
2024-10-29,AAPL,0,0.5593199688746393,10
2024-10-29,AMZN,0,0.6368414141917346,10
2024-10-29,GOOGL,1,0.4069221897844809,10
2024-10-29,INTC,0,0.5592978140106042,10
2024-10-29,MSFT,0,0.1958603747918872,10
2024-10-29,NVDA,0,0.7125977382296299,10
2024-10-29,PFE,0,0.6101870334382147,10
2024-10-29,PYPL,0,0.15701165534430095,10
2024-10-29,ZM,1,0.11171988998866982,10
2024-10-30,AAPL,0,0.28809438818920496,10
2024-10-30,AMZN,0,0.2726103949799893,10
2024-10-30,GOOGL,0,0.09581557561109162,10
2024-10-30,INTC,0,0.47687518652747257,10
2024-10-30,MSFT,0,0.20223305973865066,10
2024-10-30,NVDA,0,0.1255374627995224,10
2024-10-30,PFE,0,0.2473536117038641,10
2024-10-30,PYPL,0,0.1889302918144689,10
2024-10-30,ZM,1,0.12418013244810418,10
2024-10-31,AAPL,0,0.4482308533097405,10
2024-10-31,AMZN,1,0.2877427128001274,10
2024-10-31,GOOGL,0,0.4260070294929128,10
2024-10-31,INTC,1,0.43236159346050734,10
2024-10-31,MSFT,1,0.11371666227577068,10
2024-10-31,NVDA,1,0.31363807719620096,10
2024-10-31,PFE,0,0.3223343623325089,10
2024-10-31,PYPL,0,0.5526717600109236,10
2024-10-31,ZM,1,0.5217517997423777,10
2024-11-01,AAPL,0,0.5013845927362336,10
2024-11-01,AMZN,1,0.12861884500434476,10
2024-11-01,GOOGL,1,0.4757859889142319,10
2024-11-01,INTC,0,0.5586944862945181,10
2024-11-01,MSFT,1,0.2439929716993417,10
2024-11-01,NVDA,1,0.7101001386625219,10
2024-11-01,PFE,0,0.22731475704493162,10
2024-11-01,PYPL,1,0.46564519671608817,10
2024-11-01,ZM,1,0.4185623842844468,10
2024-11-04,AAPL,1,0.23579334919299802,10
2024-11-04,AMZN,1,0.17300511977134997,10
2024-11-04,GOOGL,1,0.4209737364764065,10
2024-11-04,INTC,1,0.4912317076153888,10
2024-11-04,MSFT,1,0.2184490011228025,10
2024-11-04,NVDA,1,0.6615765283563901,10
2024-11-04,PFE,0,0.47461351924218426,10
2024-11-04,PYPL,1,0.5002511956254639,10
2024-11-04,ZM,1,0.2751898072229991,10
2024-11-05,AAPL,1,0.30683124738340317,10
2024-11-05,AMZN,1,0.21785355053779135,10
2024-11-05,GOOGL,1,0.5035081979227972,10
2024-11-05,INTC,1,0.2612849356023118,10
2024-11-05,MSFT,1,0.31198578186276205,10
2024-11-05,NVDA,1,0.6162020028975755,10
2024-11-05,PFE,0,0.38626331751309256,10
2024-11-05,PYPL,1,0.44942555795857314,10
2024-11-05,ZM,1,0.20767627882092146,10
2024-11-06,AAPL,1,0.27600054778690414,10
2024-11-06,AMZN,1,0.24151153368933542,10
2024-11-06,GOOGL,0,0.13775979819909911,10
2024-11-06,INTC,1,0.5279215153787437,10
2024-11-06,MSFT,0,0.5161261035409456,10
2024-11-06,NVDA,0,0.5775522669522287,10
2024-11-06,PFE,0,0.3321987474396114,10
2024-11-06,PYPL,1,0.41741189519027605,10
2024-11-06,ZM,1,0.3072712672970602,10
2024-11-07,AAPL,0,0.3260046219881844,10
2024-11-07,AMZN,0,0.2615020502335086,10
2024-11-07,GOOGL,0,0.14037790134918918,10
2024-11-07,INTC,0,0.7889803358561004,10
2024-11-07,MSFT,0,0.3576901123978291,10
2024-11-07,NVDA,0,0.5912276790201091,10
2024-11-07,PFE,0,0.2563994880491876,10
2024-11-07,PYPL,1,0.327198716399744,10
2024-11-07,ZM,1,0.32556464513501926,10
2024-11-08,AAPL,0,0.1312721640557872,10
2024-11-08,AMZN,0,0.3349420016467533,10
2024-11-08,GOOGL,0,0.3444807215044833,10
2024-11-08,INTC,0,0.7943111996005805,10
2024-11-08,MSFT,0,0.26765154602142266,10
2024-11-08,NVDA,0,0.6406630987895646,10
2024-11-08,PFE,0,0.36725403571608656,10
2024-11-08,PYPL,1,0.4679686653177896,10
2024-11-08,ZM,1,0.1817596386955847,10
2024-11-11,AAPL,1,0.3134840756995586,10
2024-11-11,AMZN,1,0.3108804837248523,10
2024-11-11,GOOGL,0,0.6601971761791758,10
2024-11-11,INTC,0,0.6553637150387157,10
2024-11-11,MSFT,0,0.17841840352269756,10
2024-11-11,NVDA,0,0.6162974085570493,10
2024-11-11,PFE,0,0.41865448848902864,10
2024-11-11,PYPL,0,0.3781666220276041,10
2024-11-11,ZM,0,0.3573155445441113,10
2024-11-12,AAPL,1,0.242142097289635,10
2024-11-12,AMZN,0,0.2141938402132991,10
2024-11-12,GOOGL,0,0.348581673797777,10
2024-11-12,INTC,1,0.7234022780574861,10
2024-11-12,MSFT,0,0.26097021619219146,10
2024-11-12,NVDA,0,0.4943777477705938,10
2024-11-12,PFE,0,0.24916944956308654,10
2024-11-12,PYPL,0,0.49092290770598496,10
2024-11-12,ZM,0,0.45763395507396176,10
2024-11-13,AAPL,1,0.3204125895444989,10
2024-11-13,AMZN,0,0.17452688990718473,10
2024-11-13,GOOGL,0,0.49852198573657863,10
2024-11-13,INTC,0,0.7233233859057594,10
2024-11-13,MSFT,0,0.40232972384935517,10
2024-11-13,NVDA,0,0.49294377535389466,10
2024-11-13,PFE,0,0.316637708586089,10
2024-11-13,PYPL,0,0.439461523518349,10
2024-11-13,ZM,0,0.3076750519661454,10
2024-11-14,AAPL,1,0.23974457604791574,10
2024-11-14,AMZN,0,0.39889721240071957,10
2024-11-14,GOOGL,0,0.5280708458215267,10
2024-11-14,INTC,0,0.7067894001270163,10
2024-11-14,MSFT,0,0.32741598520936294,10
2024-11-14,NVDA,0,0.4754642983313252,10
2024-11-14,PFE,0,0.3664638267801139,10
2024-11-14,PYPL,0,0.5646974353084637,10
2024-11-14,ZM,0,0.7774004519320542,10
2024-11-15,AAPL,1,0.40901050307472586,10
2024-11-15,AMZN,0,0.17331894182570284,10
2024-11-15,GOOGL,0,0.441264890473564,10
2024-11-15,INTC,0,0.7885387879349204,10
2024-11-15,MSFT,1,0.310772418701051,10
2024-11-15,NVDA,0,0.3633736153110904,10
2024-11-15,PFE,1,0.4129898234560129,10
2024-11-15,PYPL,0,0.31032637585524325,10
2024-11-15,ZM,0,0.5616172550654738,10
2024-11-18,AAPL,1,0.14873940372271324,10
2024-11-18,AMZN,0,0.1808469589383182,10
2024-11-18,GOOGL,0,0.3837724420067984,10
2024-11-18,INTC,0,0.716321215377363,10
2024-11-18,MSFT,1,0.2652499839280688,10
2024-11-18,NVDA,1,0.22384384068056726,10
2024-11-18,PFE,1,0.422604852185992,10
2024-11-18,PYPL,0,0.47216394259178085,10
2024-11-18,ZM,1,0.7519261700706183,10
2024-11-19,AAPL,1,0.20971237805541776,10
2024-11-19,AMZN,0,0.19562503241842916,10
2024-11-19,GOOGL,0,0.46452029044550663,10
2024-11-19,INTC,0,0.7862501429008734,10
2024-11-19,MSFT,1,0.30574839401736786,10
2024-11-19,NVDA,0,0.14332736908937813,10
2024-11-19,PFE,1,0.6104715282603472,10
2024-11-19,PYPL,1,0.3902941533801307,10
2024-11-19,ZM,1,0.544837168339787,10
2024-11-20,AAPL,1,0.4379885381312708,10
2024-11-20,AMZN,0,0.3095535650868869,10
2024-11-20,GOOGL,0,0.567939766788072,10
2024-11-20,INTC,1,0.6962729853114041,10
2024-11-20,MSFT,1,0.24158866456429642,10
2024-11-20,NVDA,0,0.4893856908463539,10
2024-11-20,PFE,1,0.7241752805634057,10
2024-11-20,PYPL,1,0.5865552271634326,10
2024-11-20,ZM,1,0.6142979059923207,10
2024-11-21,AAPL,1,0.6813228019899703,10
2024-11-21,AMZN,1,0.2943862649544533,10
2024-11-21,GOOGL,0,0.12031290791541012,10
2024-11-21,INTC,1,0.5676108407426368,10
2024-11-21,MSFT,1,0.3715543151348945,10
2024-11-21,NVDA,0,0.46204801929788064,10
2024-11-21,PFE,1,0.711635012620738,10
2024-11-21,PYPL,1,0.5753457497412311,10
2024-11-21,ZM,1,0.5281278768236259,10
2024-11-22,AAPL,1,0.723829234309246,10
2024-11-22,AMZN,1,0.2778978219971938,10
2024-11-22,GOOGL,1,0.42364825859867383,10
2024-11-22,INTC,1,0.43027178772078867,10
2024-11-22,MSFT,1,0.3882061749709055,10
2024-11-22,NVDA,0,0.41112176790326943,10
2024-11-22,PFE,0,0.6670997153001881,10
2024-11-22,PYPL,0,0.5762240589435131,10
2024-11-22,ZM,1,0.3208996118391591,10
2024-11-25,AAPL,1,0.6962094902432374,10
2024-11-25,AMZN,1,0.10925240734049627,10
2024-11-25,GOOGL,1,0.3017455036659103,10
2024-11-25,INTC,0,0.4233492403104094,10
2024-11-25,MSFT,1,0.2954941119062408,10
2024-11-25,NVDA,0,0.2138920683889279,10
2024-11-25,PFE,0,0.6243586739716954,10
2024-11-25,PYPL,0,0.6062588845483319,10
2024-11-25,ZM,0,0.41086749415628665,10
2024-11-26,AAPL,1,0.5685622344400993,10
2024-11-26,AMZN,1,0.08334390428256507,10
2024-11-26,GOOGL,1,0.3551281719623382,10
2024-11-26,INTC,0,0.6236081423833234,10
2024-11-26,MSFT,0,0.22121465236027366,10
2024-11-26,NVDA,0,0.3917687809163088,10
2024-11-26,PFE,0,0.6455499201524737,10
2024-11-26,PYPL,0,0.6762726268725959,10
2024-11-26,ZM,1,0.3967216095100797,10
2024-11-27,AAPL,1,0.27621458597391324,10
2024-11-27,AMZN,1,0.09417728678231456,10
2024-11-27,GOOGL,1,0.19592631703352026,10
2024-11-27,INTC,1,0.42996287774271497,10
2024-11-27,MSFT,1,0.1829825177965069,10
2024-11-27,NVDA,1,0.5910133618604002,10
2024-11-27,PFE,0,0.41885244222612,10
2024-11-27,PYPL,0,0.5630331499348161,10
2024-11-27,ZM,0,0.4559566666924479,10
2024-11-29,AAPL,1,0.584487367925653,10
2024-11-29,AMZN,1,0.17409288059747072,10
2024-11-29,GOOGL,1,0.20943332880574958,10
2024-11-29,INTC,0,0.2277181487879678,10
2024-11-29,MSFT,1,0.3757802960340509,10
2024-11-29,NVDA,1,0.2561437013928236,10
2024-11-29,PFE,0,0.46417114477302096,10
2024-11-29,PYPL,0,0.6781483191643214,10
2024-11-29,ZM,1,0.5154926754575005,10
2024-12-02,AAPL,1,0.41146628400708546,10
2024-12-02,AMZN,1,0.22142879243930302,10
2024-12-02,GOOGL,1,0.28375636055652725,10
2024-12-02,INTC,0,0.18218005559961326,10
2024-12-02,MSFT,1,0.24868914810673168,10
2024-12-02,NVDA,1,0.3362570915808045,10
2024-12-02,PFE,0,0.5293004451728351,10
2024-12-02,PYPL,0,0.6552692925355039,10
2024-12-02,ZM,1,0.6073785164874396,10
2024-12-03,AAPL,1,0.40207124217613815,10
2024-12-03,AMZN,1,0.35340323264176016,10
2024-12-03,GOOGL,1,0.312061048249521,10
2024-12-03,INTC,0,0.24519363391133886,10
2024-12-03,MSFT,1,0.24705182775746393,10
2024-12-03,NVDA,1,0.27066006614180593,10
2024-12-03,PFE,1,0.5528360094885456,10
2024-12-03,PYPL,1,0.5238169656066448,10
2024-12-03,ZM,1,0.410054545073238,10
2024-12-04,AAPL,1,0.45686598726779676,10
2024-12-04,AMZN,1,0.21073594261004897,10
2024-12-04,GOOGL,1,0.31776256543225906,10
2024-12-04,INTC,0,0.7346235897806715,10
2024-12-04,MSFT,1,0.2758233044001069,10
2024-12-04,NVDA,0,0.2185077850553811,10
2024-12-04,PFE,1,0.3685767707003936,10
2024-12-04,PYPL,1,0.44953792646181046,10
2024-12-04,ZM,1,0.4521395592160385,10
2024-12-05,AAPL,1,0.3534926995129568,10
2024-12-05,AMZN,1,0.2516466476803816,10
2024-12-05,GOOGL,1,0.4799888970734191,10
2024-12-05,INTC,0,0.5430342922437382,10
2024-12-05,MSFT,0,0.22345424208577455,10
2024-12-05,NVDA,0,0.24073571409850428,10
2024-12-05,PFE,0,0.4932350149147794,10
2024-12-05,PYPL,1,0.550483980802746,10
2024-12-05,ZM,1,0.4493078488237207,10
2024-12-06,AAPL,1,0.3656425128068428,10
2024-12-06,AMZN,0,0.23236024709404376,10
2024-12-06,GOOGL,1,0.7344586416339581,10
2024-12-06,INTC,0,0.7754960039147104,10
2024-12-06,MSFT,0,0.27927063518280165,10
2024-12-06,NVDA,0,0.4983294078266156,10
2024-12-06,PFE,0,0.24965167942914968,10
2024-12-06,PYPL,1,0.6158609945860812,10
2024-12-06,ZM,0,0.6520250806811047,10
2024-12-09,AAPL,1,0.3289340432437252,10
2024-12-09,AMZN,0,0.502835965838637,10
2024-12-09,GOOGL,1,0.822774636838502,10
2024-12-09,INTC,0,0.7419113169831039,10
2024-12-09,MSFT,0,0.3111201277664731,10
2024-12-09,NVDA,0,0.4371160852018002,10
2024-12-09,PFE,0,0.303942407550757,10
2024-12-09,PYPL,0,0.772495521182469,10
2024-12-09,ZM,0,0.6735451025579892,10
2024-12-10,AAPL,1,0.43356469979730855,10
2024-12-10,AMZN,0,0.4559923665783582,10
2024-12-10,GOOGL,1,0.26049552640251195,10
2024-12-10,INTC,1,0.855572306523784,10
2024-12-10,MSFT,0,0.3567056923951806,10
2024-12-10,NVDA,0,0.4068881383860848,10
2024-12-10,PFE,1,0.2086888529217974,10
2024-12-10,PYPL,0,0.6858583809700675,10
2024-12-10,ZM,1,0.5695547259419692,10
2024-12-11,AAPL,1,0.5074812533007298,10
2024-12-11,AMZN,0,0.13890642457414315,10
2024-12-11,GOOGL,0,0.2783855815900396,10
2024-12-11,INTC,1,0.701014117927052,10
2024-12-11,MSFT,0,0.15847102378469788,10
2024-12-11,NVDA,0,0.21436383090260475,10
2024-12-11,PFE,1,0.31276075233054085,10
2024-12-11,PYPL,0,0.6890531744365286,10
2024-12-11,ZM,0,0.5135433610408427,10
2024-12-12,AAPL,1,0.37452783539043233,10
2024-12-12,AMZN,0,0.267898695249285,10
2024-12-12,GOOGL,1,0.5406276383515738,10
2024-12-12,INTC,0,0.7098064122829006,10
2024-12-12,MSFT,0,0.20432927080473762,10
2024-12-12,NVDA,0,0.4338011217047784,10
2024-12-12,PFE,1,0.62306928862854,10
2024-12-12,PYPL,0,0.6424104789007264,10
2024-12-12,ZM,0,0.6723712694497147,10
2024-12-13,AAPL,1,0.4333561649999067,10
2024-12-13,AMZN,0,0.3409707201787208,10
2024-12-13,GOOGL,1,0.6143990937752569,10
2024-12-13,INTC,0,0.810748489498556,10
2024-12-13,MSFT,0,0.23159007010357913,10
2024-12-13,NVDA,0,0.5666270604107013,10
2024-12-13,PFE,1,0.5713456350568519,10
2024-12-13,PYPL,0,0.7527149094528289,10
2024-12-13,ZM,0,0.6081646324431649,10
2024-12-16,AAPL,0,0.45152495361074974,10
2024-12-16,AMZN,0,0.12617723466759717,10
2024-12-16,GOOGL,0,0.3049221926035332,10
2024-12-16,INTC,0,0.6918396455894485,10
2024-12-16,MSFT,0,0.1802481170649882,10
2024-12-16,NVDA,0,0.6981388651666645,10
2024-12-16,PFE,1,0.5838157566128209,10
2024-12-16,PYPL,0,0.7398710796163502,10
2024-12-16,ZM,0,0.5582479930930104,10
2024-12-17,AAPL,0,0.4382846897598866,10
2024-12-17,AMZN,0,0.4040185374094172,10
2024-12-17,GOOGL,0,0.615562112425567,10
2024-12-17,INTC,0,0.804025112243642,10
2024-12-17,MSFT,0,0.34748737349884284,10
2024-12-17,NVDA,1,0.7735533979860766,10
2024-12-17,PFE,0,0.23361785587880468,10
2024-12-17,PYPL,0,0.7003756485990382,10
2024-12-17,ZM,0,0.7199596471742148,10
2024-12-18,AAPL,1,0.7023468433107946,10
2024-12-18,AMZN,0,0.11741982045278916,10
2024-12-18,GOOGL,1,0.7202484536256806,10
2024-12-18,INTC,1,0.5774801997614084,10
2024-12-18,MSFT,0,0.21178692856204712,10
2024-12-18,NVDA,1,0.5712382314698453,10
2024-12-18,PFE,1,0.4571165195745383,10
2024-12-18,PYPL,1,0.5514294789263573,10
2024-12-18,ZM,1,0.5587861945317567,10
2024-12-19,AAPL,0,0.33269143191720196,10
2024-12-19,AMZN,0,0.22625271900542304,10
2024-12-19,GOOGL,1,0.5103128413739095,10
2024-12-19,INTC,1,0.6697582936746846,10
2024-12-19,MSFT,0,0.1931741994030288,10
2024-12-19,NVDA,1,0.5976279249868874,10
2024-12-19,PFE,1,0.4589815994540232,10
2024-12-19,PYPL,0,0.5545896800479075,10
2024-12-19,ZM,0,0.4448373625937854,10
2024-12-20,AAPL,0,0.29409929895681225,10
2024-12-20,AMZN,0,0.1790037866323585,10
2024-12-20,GOOGL,1,0.7267199036925999,10
2024-12-20,INTC,1,0.2977343939765244,10
2024-12-20,MSFT,0,0.18026184656195335,10
2024-12-20,NVDA,1,0.624606509488376,10
2024-12-20,PFE,1,0.18152273939716865,10
2024-12-20,PYPL,0,0.5102499239717978,10
2024-12-20,ZM,0,0.5360007435017469,10
2024-12-23,AAPL,0,0.4597992682564819,10
2024-12-23,AMZN,0,0.11712096346082798,10
2024-12-23,GOOGL,0,0.7277925193173964,10
2024-12-23,INTC,0,0.3063556917868988,10
2024-12-23,MSFT,0,0.3387191273908381,10
2024-12-23,NVDA,0,0.5119704286407734,10
2024-12-23,PFE,0,0.2404124242444455,10
2024-12-23,PYPL,0,0.5858914166499235,10
2024-12-23,ZM,0,0.5421044463818705,10
2024-12-24,AAPL,0,0.7407031644445281,10
2024-12-24,AMZN,0,0.1847299572986679,10
2024-12-24,GOOGL,0,0.6957916228787316,10
2024-12-24,INTC,0,0.25419677193512663,10
2024-12-24,MSFT,0,0.39260634518483173,10
2024-12-24,NVDA,0,0.7591128839252047,10
2024-12-24,PFE,0,0.22866723130090902,10
2024-12-24,PYPL,0,0.6309985976591942,10
2024-12-24,ZM,0,0.6707214656903806,10
2024-12-26,AAPL,0,0.8380478870103537,10
2024-12-26,AMZN,0,0.7902491558601502,10
2024-12-26,GOOGL,0,0.7806401945220808,10
2024-12-26,INTC,0,0.23810520002342445,10
2024-12-26,MSFT,0,0.4246040291581728,10
2024-12-26,NVDA,0,0.7306511032803267,10
2024-12-26,PFE,1,0.19240160003377743,10
2024-12-26,PYPL,0,0.5505535062700314,10
2024-12-26,ZM,0,0.6728303599975666,10
2024-12-27,AAPL,0,0.7416972708979198,10
2024-12-27,AMZN,0,0.7055616374818,10
2024-12-27,GOOGL,0,0.5593654110708779,10
2024-12-27,INTC,0,0.24893655294863182,10
2024-12-27,MSFT,0,0.5143539141559271,10
2024-12-27,NVDA,0,0.7040608049680009,10
2024-12-27,PFE,0,0.1351295293548971,10
2024-12-27,PYPL,0,0.6264746628072086,10
2024-12-27,ZM,0,0.5243951384073434,10
2024-12-30,AAPL,0,0.7109391305518951,10
2024-12-30,AMZN,0,0.7248621744943337,10
2024-12-30,GOOGL,0,0.5767576246783978,10
2024-12-30,INTC,1,0.5647405442458113,10
2024-12-30,MSFT,0,0.5821010748807988,10
2024-12-30,NVDA,0,0.6659968835221538,10
2024-12-30,PFE,1,0.2770876790589003,10
2024-12-30,PYPL,1,0.6221352607333096,10
2024-12-30,ZM,0,0.4615487998771254,10
2024-12-31,AAPL,0,0.7819062376455935,10
2024-12-31,AMZN,1,0.7148295295015247,10
2024-12-31,GOOGL,1,0.451414117042472,10
2024-12-31,INTC,1,0.774639512363325,10
2024-12-31,MSFT,0,0.5757486456918985,10
2024-12-31,NVDA,1,0.5654308983906465,10
2024-12-31,PFE,1,0.10241520176517008,10
2024-12-31,PYPL,1,0.5182948886361868,10
2024-12-31,ZM,0,0.334256698290096,10
2025-01-02,AAPL,0,0.42905255961816097,11
2025-01-02,AMZN,1,0.5580835020479353,11
2025-01-02,GOOGL,1,0.16792321015019757,11
2025-01-02,INTC,0,0.49501267080461,11
2025-01-02,MSFT,1,0.42020499533453776,11
2025-01-02,NVDA,1,0.24757318632701336,11
2025-01-02,PFE,1,0.15410756130503936,11
2025-01-02,PYPL,1,0.5401692254412694,11
2025-01-02,ZM,1,0.6515733860475565,11
2025-01-03,AAPL,0,0.40132766206230475,11
2025-01-03,AMZN,0,0.6001727875468071,11
2025-01-03,GOOGL,1,0.17763028521638108,11
2025-01-03,INTC,0,0.5567793314643119,11
2025-01-03,MSFT,0,0.4559010031238004,11
2025-01-03,NVDA,1,0.4287499357906707,11
2025-01-03,PFE,1,0.059835677418026326,11
2025-01-03,PYPL,0,0.5196296436707489,11
2025-01-03,ZM,0,0.6033258092262064,11
2025-01-06,AAPL,0,0.4814352985874592,11
2025-01-06,AMZN,0,0.6077754186450012,11
2025-01-06,GOOGL,0,0.18239913047192233,11
2025-01-06,INTC,0,0.6846684593697917,11
2025-01-06,MSFT,0,0.5987745593176428,11
2025-01-06,NVDA,0,0.7244712062512454,11
2025-01-06,PFE,0,0.10455675913229022,11
2025-01-06,PYPL,0,0.6029570395114896,11
2025-01-06,ZM,0,0.6285297203967308,11
2025-01-07,AAPL,0,0.6737157750915761,11
2025-01-07,AMZN,0,0.8538596800359689,11
2025-01-07,GOOGL,0,0.31337803508018874,11
2025-01-07,INTC,0,0.590015022422281,11
2025-01-07,MSFT,0,0.4640020320861399,11
2025-01-07,NVDA,0,0.6677614471252362,11
2025-01-07,PFE,0,0.3062402075194419,11
2025-01-07,PYPL,0,0.7522006796681583,11
2025-01-07,ZM,0,0.6389658294602589,11
2025-01-08,AAPL,0,0.4255923981209382,11
2025-01-08,AMZN,0,0.5748829143480503,11
2025-01-08,GOOGL,0,0.1856582697837109,11
2025-01-08,INTC,0,0.7452358305853171,11
2025-01-08,MSFT,0,0.3297453814363578,11
2025-01-08,NVDA,0,0.6755436046528194,11
2025-01-08,PFE,0,0.17038939063982333,11
2025-01-08,PYPL,0,0.5173642383925581,11
2025-01-08,ZM,0,0.6492766134244341,11
2025-01-10,AAPL,0,0.7668804248882194,11
2025-01-10,AMZN,1,0.5745008046298505,11
2025-01-10,GOOGL,0,0.26697450244726034,11
2025-01-10,INTC,0,0.7456789495338185,11
2025-01-10,MSFT,0,0.47459550557838204,11
2025-01-10,NVDA,0,0.7382727278891695,11
2025-01-10,PFE,0,0.17583181178411464,11
2025-01-10,PYPL,1,0.5218967501983682,11
2025-01-10,ZM,0,0.5111821795056263,11
2025-01-13,AAPL,0,0.6091716672008977,11
2025-01-13,AMZN,1,0.5603505646318697,11
2025-01-13,GOOGL,1,0.2882464051254837,11
2025-01-13,INTC,0,0.5988988097821513,11
2025-01-13,MSFT,1,0.5543907702744881,11
2025-01-13,NVDA,0,0.6823320735473639,11
2025-01-13,PFE,0,0.19927807442851792,11
2025-01-13,PYPL,1,0.6717908050293251,11
2025-01-13,ZM,0,0.6332586049164113,11
2025-01-14,AAPL,0,0.8611286416335957,11
2025-01-14,AMZN,1,0.6649694800993886,11
2025-01-14,GOOGL,1,0.3912345161734601,11
2025-01-14,INTC,1,0.4995771877860586,11
2025-01-14,MSFT,1,0.5495654456381499,11
2025-01-14,NVDA,1,0.6180505253698393,11
2025-01-14,PFE,0,0.12273339367729189,11
2025-01-14,PYPL,1,0.5202241649937652,11
2025-01-14,ZM,0,0.5483408936140534,11
2025-01-15,AAPL,0,0.6946491622381793,11
2025-01-15,AMZN,1,0.5364028128446385,11
2025-01-15,GOOGL,0,0.230690060040553,11
2025-01-15,INTC,1,0.5557206807224625,11
2025-01-15,MSFT,1,0.4254683120125357,11
2025-01-15,NVDA,0,0.7336995264531132,11
2025-01-15,PFE,1,0.18226797152183138,11
2025-01-15,PYPL,1,0.7123130470614776,11
2025-01-15,ZM,0,0.6186552892824605,11
2025-01-16,AAPL,0,0.6189505714248631,11
2025-01-16,AMZN,1,0.47725567459557144,11
2025-01-16,GOOGL,1,0.2531110085251044,11
2025-01-16,INTC,1,0.7177867830289805,11
2025-01-16,MSFT,1,0.3427822810820172,11
2025-01-16,NVDA,1,0.7515487986672676,11
2025-01-16,PFE,0,0.2173237299696438,11
2025-01-16,PYPL,1,0.52480723406424,11
2025-01-16,ZM,0,0.35151218503003767,11
2025-01-17,AAPL,0,0.6902798366940197,11
2025-01-17,AMZN,1,0.4255329078960149,11
2025-01-17,GOOGL,0,0.29239166831373953,11
2025-01-17,INTC,0,0.5569784559869572,11
2025-01-17,MSFT,1,0.3593696663159441,11
2025-01-17,NVDA,1,0.5941988543037348,11
2025-01-17,PFE,1,0.17897764078211592,11
2025-01-17,PYPL,0,0.609175557350153,11
2025-01-17,ZM,1,0.577659081945059,11
2025-01-21,AAPL,1,0.896814669394367,11
2025-01-21,AMZN,1,0.3538201367660119,11
2025-01-21,GOOGL,0,0.18395895205117777,11
2025-01-21,INTC,0,0.4742519035620352,11
2025-01-21,MSFT,1,0.3108081777744806,11
2025-01-21,NVDA,1,0.6406344316821735,11
2025-01-21,PFE,0,0.2662283677840447,11
2025-01-21,PYPL,0,0.5676215982339512,11
2025-01-21,ZM,0,0.5059604904795798,11
2025-01-22,AAPL,1,0.7361908681452025,11
2025-01-22,AMZN,0,0.6634446454147555,11
2025-01-22,GOOGL,0,0.2316670177920414,11
2025-01-22,INTC,0,0.6565787407666911,11
2025-01-22,MSFT,0,0.2872903924755704,11
2025-01-22,NVDA,0,0.5896838791246956,11
2025-01-22,PFE,1,0.5059809682359512,11
2025-01-22,PYPL,0,0.46905937304480233,11
2025-01-22,ZM,0,0.5170848745020045,11
2025-01-23,AAPL,1,0.7610373874900254,11
2025-01-23,AMZN,0,0.7833965506370698,11
2025-01-23,GOOGL,0,0.27561916370789186,11
2025-01-23,INTC,0,0.7742719101779982,11
2025-01-23,MSFT,0,0.4444368779113749,11
2025-01-23,NVDA,0,0.6779297730460653,11
2025-01-23,PFE,0,0.4344777609126638,11
2025-01-23,PYPL,0,0.6630753534359357,11
2025-01-23,ZM,1,0.6530766238556416,11
2025-01-24,AAPL,1,0.6748769728988145,11
2025-01-24,AMZN,0,0.785944871885317,11
2025-01-24,GOOGL,0,0.5640481935392618,11
2025-01-24,INTC,0,0.7142235136913729,11
2025-01-24,MSFT,0,0.5453510005177077,11
2025-01-24,NVDA,0,0.6140365381891292,11
2025-01-24,PFE,0,0.42858024231639547,11
2025-01-24,PYPL,0,0.7380953868737725,11
2025-01-24,ZM,1,0.6082328843185244,11
2025-01-27,AAPL,1,0.5839717704619396,11
2025-01-27,AMZN,0,0.7047374258982813,11
2025-01-27,GOOGL,1,0.18292601855713633,11
2025-01-27,INTC,0,0.7777544276765995,11
2025-01-27,MSFT,0,0.43579311291486883,11
2025-01-27,NVDA,1,0.22225937372063906,11
2025-01-27,PFE,0,0.21557347745746366,11
2025-01-27,PYPL,0,0.337247168585705,11
2025-01-27,ZM,1,0.4700208862678073,11
2025-01-28,AAPL,0,0.5970375597707064,11
2025-01-28,AMZN,0,0.36944192291697486,11
2025-01-28,GOOGL,0,0.18690589498587387,11
2025-01-28,INTC,0,0.7596444458643575,11
2025-01-28,MSFT,0,0.14424944480928262,11
2025-01-28,NVDA,0,0.44563619518052994,11
2025-01-28,PFE,0,0.10731750444805621,11
2025-01-28,PYPL,0,0.4682207508543655,11
2025-01-28,ZM,0,0.3489118820471795,11
2025-01-29,AAPL,0,0.5498829636747502,11
2025-01-29,AMZN,0,0.49237477109397343,11
2025-01-29,GOOGL,0,0.12275777490239939,11
2025-01-29,INTC,0,0.6926642913844664,11
2025-01-29,MSFT,0,0.1833827109116375,11
2025-01-29,NVDA,0,0.35781607001184085,11
2025-01-29,PFE,0,0.10274921535360186,11
2025-01-29,PYPL,0,0.4899700158840387,11
2025-01-29,ZM,0,0.14771711196388299,11
2025-01-30,AAPL,0,0.41070496081377206,11
2025-01-30,AMZN,0,0.4701457693280725,11
2025-01-30,GOOGL,0,0.1971659195828362,11
2025-01-30,INTC,0,0.6724047840979742,11
2025-01-30,MSFT,0,0.1590145327529661,11
2025-01-30,NVDA,0,0.3251324815185235,11
2025-01-30,PFE,0,0.23678109821228965,11
2025-01-30,PYPL,0,0.2967840587159347,11
2025-01-30,ZM,0,0.16729515873780246,11
2025-01-31,AAPL,0,0.3664946250239504,11
2025-01-31,AMZN,0,0.0637189311378865,11
2025-01-31,GOOGL,0,0.136376273064167,11
2025-01-31,INTC,0,0.6996769379280341,11
2025-01-31,MSFT,0,0.21077615894007842,11
2025-01-31,NVDA,0,0.4605031289868848,11
2025-01-31,PFE,0,0.106012864227999,11
2025-01-31,PYPL,0,0.20152948999202275,11
2025-01-31,ZM,0,0.12838131564485603,11
2025-02-03,AAPL,1,0.7251751758648877,11
2025-02-03,AMZN,0,0.11508866945142451,11
2025-02-03,GOOGL,0,0.1219854772899465,11
2025-02-03,INTC,1,0.7100165418069458,11
2025-02-03,MSFT,0,0.06969356329105454,11
2025-02-03,NVDA,1,0.2794312502772892,11
2025-02-03,PFE,0,0.12353598888253092,11
2025-02-03,PYPL,0,0.37110688815528203,11
2025-02-03,ZM,0,0.2169649404784355,11
2025-02-04,AAPL,1,0.6056392627316585,11
2025-02-04,AMZN,0,0.07780861304590916,11
2025-02-04,GOOGL,0,0.2565023369154221,11
2025-02-04,INTC,1,0.6486032182592059,11
2025-02-04,MSFT,0,0.11682951087890923,11
2025-02-04,NVDA,1,0.3498246442474993,11
2025-02-04,PFE,0,0.15898151972949914,11
2025-02-04,PYPL,0,0.4918711757086719,11
2025-02-04,ZM,0,0.1718289024009949,11
2025-02-05,AAPL,1,0.42360759878626686,11
2025-02-05,AMZN,0,0.7293554257796876,11
2025-02-05,GOOGL,0,0.09501718634684557,11
2025-02-05,INTC,1,0.7006154828483145,11
2025-02-05,MSFT,0,0.0832639561450746,11
2025-02-05,NVDA,1,0.1553894033329033,11
2025-02-05,PFE,0,0.20929062733602824,11
2025-02-05,PYPL,0,0.620864798300939,11
2025-02-05,ZM,0,0.23630522990483172,11
2025-02-06,AAPL,1,0.3736127140957663,11
2025-02-06,AMZN,0,0.3393654128130394,11
2025-02-06,GOOGL,0,0.09063263627836161,11
2025-02-06,INTC,1,0.4800646549690462,11
2025-02-06,MSFT,0,0.0611200019093776,11
2025-02-06,NVDA,1,0.3344810842250361,11
2025-02-06,PFE,0,0.3008996088945623,11
2025-02-06,PYPL,0,0.3019089536190036,11
2025-02-06,ZM,0,0.137507853802424,11
2025-02-07,AAPL,1,0.6185618711280106,11
2025-02-07,AMZN,0,0.5306502254401765,11
2025-02-07,GOOGL,0,0.48268592416662276,11
2025-02-07,INTC,1,0.5245075934170953,11
2025-02-07,MSFT,0,0.10476484803511417,11
2025-02-07,NVDA,1,0.22199922484969853,11
2025-02-07,PFE,0,0.08629587357945404,11
2025-02-07,PYPL,0,0.4315856729050331,11
2025-02-07,ZM,0,0.0614234326156914,11
2025-02-10,AAPL,1,0.2589069073344278,11
2025-02-10,AMZN,0,0.5556698987504396,11
2025-02-10,GOOGL,0,0.32983485868089496,11
2025-02-10,INTC,1,0.40548224640208586,11
2025-02-10,MSFT,0,0.09546707276741917,11
2025-02-10,NVDA,0,0.4839147661718445,11
2025-02-10,PFE,0,0.28324643051914,11
2025-02-10,PYPL,0,0.5538282161702833,11
2025-02-10,ZM,0,0.06977656761871899,11
2025-02-11,AAPL,1,0.5691434524094632,11
2025-02-11,AMZN,0,0.23461442912722758,11
2025-02-11,GOOGL,0,0.2686683603797452,11
2025-02-11,INTC,1,0.7075477598088654,11
2025-02-11,MSFT,0,0.17793459225767333,11
2025-02-11,NVDA,0,0.29073695372346703,11
2025-02-11,PFE,1,0.1680480049327077,11
2025-02-11,PYPL,0,0.7440863847012876,11
2025-02-11,ZM,0,0.46028876072292796,11
2025-02-12,AAPL,1,0.5573459025688006,11
2025-02-12,AMZN,0,0.3646054605580025,11
2025-02-12,GOOGL,0,0.3063137261789541,11
2025-02-12,INTC,1,0.6131446925309201,11
2025-02-12,MSFT,0,0.1316788068573873,11
2025-02-12,NVDA,1,0.2797861110008381,11
2025-02-12,PFE,1,0.22324499949904197,11
2025-02-12,PYPL,0,0.47372158767744693,11
2025-02-12,ZM,0,0.35005492249479503,11
2025-02-13,AAPL,0,0.6750027061216375,11
2025-02-13,AMZN,0,0.2911627896328149,11
2025-02-13,GOOGL,0,0.37536348324786273,11
2025-02-13,INTC,0,0.37465199702395663,11
2025-02-13,MSFT,0,0.14112297974017296,11
2025-02-13,NVDA,1,0.5005368965400645,11
2025-02-13,PFE,0,0.28736854925539945,11
2025-02-13,PYPL,0,0.5808387980883433,11
2025-02-13,ZM,0,0.33093079091630656,11
2025-02-14,AAPL,0,0.5346584935236914,11
2025-02-14,AMZN,0,0.31588664698772106,11
2025-02-14,GOOGL,0,0.2424997441413957,11
2025-02-14,INTC,1,0.44029256320604115,11
2025-02-14,MSFT,0,0.15222406485904125,11
2025-02-14,NVDA,0,0.4966718328788252,11
2025-02-14,PFE,1,0.10319001464763812,11
2025-02-14,PYPL,0,0.4283552559572916,11
2025-02-14,ZM,0,0.4725282057905987,11
2025-02-18,AAPL,0,0.581731515574927,11
2025-02-18,AMZN,0,0.4057783515625083,11
2025-02-18,GOOGL,0,0.3452184281841568,11
2025-02-18,INTC,0,0.19237540249813453,11
2025-02-18,MSFT,0,0.13637820227061642,11
2025-02-18,NVDA,0,0.19144158560646352,11
2025-02-18,PFE,1,0.13692207664822653,11
2025-02-18,PYPL,0,0.48141254031977154,11
2025-02-18,ZM,0,0.27394133952990135,11
2025-02-19,AAPL,0,0.3133855567938189,11
2025-02-19,AMZN,0,0.13179734789025999,11
2025-02-19,GOOGL,0,0.27303876550631706,11
2025-02-19,INTC,0,0.30879122061572645,11
2025-02-19,MSFT,0,0.12625541615219898,11
2025-02-19,NVDA,0,0.13477111409355064,11
2025-02-19,PFE,0,0.18736116696219424,11
2025-02-19,PYPL,0,0.27345212574245853,11
2025-02-19,ZM,0,0.14096670650322884,11
2025-02-20,AAPL,0,0.1534282279861012,11
2025-02-20,AMZN,0,0.35065088170193887,11
2025-02-20,GOOGL,0,0.5273715395273865,11
2025-02-20,INTC,0,0.08879126858585737,11
2025-02-20,MSFT,0,0.04188333573989272,11
2025-02-20,NVDA,0,0.0972726382514064,11
2025-02-20,PFE,0,0.11867175137960037,11
2025-02-20,PYPL,0,0.4673548448850881,11
2025-02-20,ZM,0,0.7345171853671982,11
2025-02-21,AAPL,0,0.25063199874961584,11
2025-02-21,AMZN,0,0.7271424798148539,11
2025-02-21,GOOGL,0,0.633459528741956,11
2025-02-21,INTC,0,0.29385564532353353,11
2025-02-21,MSFT,0,0.1310097509430465,11
2025-02-21,NVDA,0,0.384778414016122,11
2025-02-21,PFE,0,0.24513106452516753,11
2025-02-21,PYPL,0,0.526668628074749,11
2025-02-21,ZM,0,0.4513662411645437,11
2025-02-24,AAPL,0,0.055080859506349784,11
2025-02-24,AMZN,0,0.7610421501131023,11
2025-02-24,GOOGL,0,0.27162453508914014,11
2025-02-24,INTC,0,0.2366616688783723,11
2025-02-24,MSFT,0,0.08944933690718325,11
2025-02-24,NVDA,0,0.5060721554543718,11
2025-02-24,PFE,0,0.19196707731331183,11
2025-02-24,PYPL,0,0.5573075127805176,11
2025-02-24,ZM,0,0.64375841007531,11
2025-02-25,AAPL,0,0.08558926942609484,11
2025-02-25,AMZN,0,0.7521862946073982,11
2025-02-25,GOOGL,0,0.8245645247148041,11
2025-02-25,INTC,1,0.31847769059805,11
2025-02-25,MSFT,0,0.11160643665891942,11
2025-02-25,NVDA,1,0.46162920296087595,11
2025-02-25,PFE,0,0.176104658472349,11
2025-02-25,PYPL,0,0.5294597823604829,11
2025-02-25,ZM,0,0.6394623182686445,11
2025-02-26,AAPL,0,0.38909721878966597,11
2025-02-26,AMZN,0,0.596109437739796,11
2025-02-26,GOOGL,0,0.7683276935798939,11
2025-02-26,INTC,0,0.12408644841187268,11
2025-02-26,MSFT,0,0.32129158798739216,11
2025-02-26,NVDA,0,0.4658349409010712,11
2025-02-26,PFE,0,0.13066968438343854,11
2025-02-26,PYPL,0,0.6784943961294069,11
2025-02-26,ZM,0,0.6397001894526886,11
2025-02-27,AAPL,0,0.2816155531403317,11
2025-02-27,AMZN,0,0.9405183885094958,11
2025-02-27,GOOGL,0,0.8808487037734518,11
2025-02-27,INTC,1,0.2672714122315248,11
2025-02-27,MSFT,0,0.5687691050937276,11
2025-02-27,NVDA,0,0.12596283276541342,11
2025-02-27,PFE,0,0.12562923385007577,11
2025-02-27,PYPL,0,0.5208923973664449,11
2025-02-27,ZM,1,0.778743800090051,11
2025-02-28,AAPL,0,0.2843418861457503,11
2025-02-28,AMZN,0,0.7966676363851154,11
2025-02-28,GOOGL,0,0.5376857417962029,11
2025-02-28,INTC,0,0.11366692893770765,11
2025-02-28,MSFT,0,0.3521849100827622,11
2025-02-28,NVDA,0,0.3843317998250596,11
2025-02-28,PFE,0,0.12473938784305542,11
2025-02-28,PYPL,0,0.6181856606303848,11
2025-02-28,ZM,0,0.43638054289553047,11
2025-03-03,AAPL,0,0.41158997821370924,11
2025-03-03,AMZN,0,0.9198985522914798,11
2025-03-03,GOOGL,0,0.6835648955893097,11
2025-03-03,INTC,0,0.3792866450449523,11
2025-03-03,MSFT,0,0.6278476105156613,11
2025-03-03,NVDA,0,0.21868723394773373,11
2025-03-03,PFE,0,0.12302459605680188,11
2025-03-03,PYPL,0,0.5561243790837673,11
2025-03-03,ZM,0,0.3419531607930646,11
2025-03-04,AAPL,0,0.2337192561754456,11
2025-03-04,AMZN,0,0.8275571868899948,11
2025-03-04,GOOGL,0,0.5490454976097447,11
2025-03-04,INTC,0,0.3120982988707351,11
2025-03-04,MSFT,0,0.6915335473890802,11
2025-03-04,NVDA,0,0.29631326799718116,11
2025-03-04,PFE,1,0.2600846934825108,11
2025-03-04,PYPL,1,0.705843789857556,11
2025-03-04,ZM,0,0.44238913687530573,11
2025-03-05,AAPL,0,0.19995039802551295,11
2025-03-05,AMZN,0,0.6432244090065096,11
2025-03-05,GOOGL,0,0.5833707548090027,11
2025-03-05,INTC,0,0.42177067854491823,11
2025-03-05,MSFT,0,0.7075689249666592,11
2025-03-05,NVDA,0,0.3685141831920834,11
2025-03-05,PFE,0,0.22232556567424114,11
2025-03-05,PYPL,0,0.3858210341284748,11
2025-03-05,ZM,0,0.448208479106204,11
2025-03-06,AAPL,0,0.1900108757403145,11
2025-03-06,AMZN,0,0.7954360904988275,11
2025-03-06,GOOGL,0,0.31276883688195,11
2025-03-06,INTC,0,0.23486595044760947,11
2025-03-06,MSFT,0,0.7113184491382633,11
2025-03-06,NVDA,0,0.32699862857192025,11
2025-03-06,PFE,0,0.20294362597201074,11
2025-03-06,PYPL,1,0.510428247903355,11
2025-03-06,ZM,0,0.6921941755294434,11
2025-03-07,AAPL,0,0.3123243180465782,11
2025-03-07,AMZN,0,0.7055212159327567,11
2025-03-07,GOOGL,0,0.5022525686278426,11
2025-03-07,INTC,0,0.3785354009549055,11
2025-03-07,MSFT,0,0.7000049477579413,11
2025-03-07,NVDA,0,0.5804005922179668,11
2025-03-07,PFE,0,0.19522872781820852,11
2025-03-07,PYPL,0,0.3036496332858754,11
2025-03-07,ZM,0,0.3665299024091216,11
2025-03-10,AAPL,0,0.2497491839101098,11
2025-03-10,AMZN,0,0.8240412907631045,11
2025-03-10,GOOGL,0,0.2242722525120076,11
2025-03-10,INTC,0,0.7293308717786873,11
2025-03-10,MSFT,0,0.7429773500302368,11
2025-03-10,NVDA,1,0.371656708241651,11
2025-03-10,PFE,0,0.09457820124568911,11
2025-03-10,PYPL,0,0.5413132696385434,11
2025-03-10,ZM,1,0.7453001926912998,11
2025-03-11,AAPL,0,0.6233359466113533,11
2025-03-11,AMZN,0,0.6227031527833176,11
2025-03-11,GOOGL,0,0.4979686891020732,11
2025-03-11,INTC,1,0.6275780631460128,11
2025-03-11,MSFT,0,0.5936220651934039,11
2025-03-11,NVDA,1,0.5047853370121379,11
2025-03-11,PFE,0,0.2243381013095975,11
2025-03-11,PYPL,1,0.5701672391525408,11
2025-03-11,ZM,1,0.6191626918026317,11
2025-03-12,AAPL,0,0.7050832188905841,11
2025-03-12,AMZN,0,0.7013080638997908,11
2025-03-12,GOOGL,0,0.5176767764608928,11
2025-03-12,INTC,1,0.16449892482904338,11
2025-03-12,MSFT,0,0.6934179346139476,11
2025-03-12,NVDA,1,0.5785265709737243,11
2025-03-12,PFE,0,0.1488809216414004,11
2025-03-12,PYPL,0,0.5654382256157218,11
2025-03-12,ZM,0,0.4871455300367672,11
2025-03-13,AAPL,1,0.9134598576052068,11
2025-03-13,AMZN,1,0.6162844970028591,11
2025-03-13,GOOGL,0,0.33011740979826176,11
2025-03-13,INTC,1,0.33113125677655136,11
2025-03-13,MSFT,0,0.8052938738346753,11
2025-03-13,NVDA,0,0.4104399041623964,11
2025-03-13,PFE,0,0.07933391026154445,11
2025-03-13,PYPL,1,0.6522603942380302,11
2025-03-13,ZM,1,0.5729566486143224,11
2025-03-14,AAPL,0,0.6032131645366737,11
2025-03-14,AMZN,0,0.6155992226287388,11
2025-03-14,GOOGL,0,0.46445713266306293,11
2025-03-14,INTC,1,0.3677577778602766,11
2025-03-14,MSFT,0,0.6398626669182369,11
2025-03-14,NVDA,0,0.21526175915103377,11
2025-03-14,PFE,0,0.11586677797794633,11
2025-03-14,PYPL,0,0.6579704984013547,11
2025-03-14,ZM,1,0.6277493214883483,11
2025-03-17,AAPL,0,0.5575422706016768,11
2025-03-17,AMZN,0,0.5072345894314189,11
2025-03-17,GOOGL,0,0.09065449608779452,11
2025-03-17,INTC,0,0.2449273205952738,11
2025-03-17,MSFT,0,0.3696626911708273,11
2025-03-17,NVDA,0,0.3370914652472794,11
2025-03-17,PFE,0,0.2139029846651419,11
2025-03-17,PYPL,0,0.37557703640225615,11
2025-03-17,ZM,0,0.32414492745822054,11
2025-03-18,AAPL,1,0.5873368144439319,11
2025-03-18,AMZN,1,0.7024811046819636,11
2025-03-18,GOOGL,1,0.04419776870029348,11
2025-03-18,INTC,0,0.1013361306547819,11
2025-03-18,MSFT,0,0.5720014112146592,11
2025-03-18,NVDA,0,0.48818523266429126,11
2025-03-18,PFE,0,0.20797525858990756,11
2025-03-18,PYPL,0,0.2933035601349795,11
2025-03-18,ZM,0,0.2898847115263051,11
2025-03-19,AAPL,0,0.7909074121336714,11
2025-03-19,AMZN,0,0.6212164453006541,11
2025-03-19,GOOGL,0,0.1251309426120945,11
2025-03-19,INTC,0,0.295406264441701,11
2025-03-19,MSFT,0,0.3016058934590554,11
2025-03-19,NVDA,0,0.23359130296642638,11
2025-03-19,PFE,0,0.10040689995586242,11
2025-03-19,PYPL,0,0.4806820536393275,11
2025-03-19,ZM,0,0.3188564066624115,11
2025-03-20,AAPL,0,0.7127068962561615,11
2025-03-20,AMZN,1,0.720541862701654,11
2025-03-20,GOOGL,0,0.07307882576993911,11
2025-03-20,INTC,0,0.329557697886264,11
2025-03-20,MSFT,0,0.541401639789,11
2025-03-20,NVDA,0,0.4459714391232155,11
2025-03-20,PFE,0,0.2718465961066226,11
2025-03-20,PYPL,0,0.555988745563629,11
2025-03-20,ZM,0,0.5550103017528742,11
2025-03-21,AAPL,0,0.7822317249810243,11
2025-03-21,AMZN,0,0.5936716658269918,11
2025-03-21,GOOGL,0,0.19396903394437898,11
2025-03-21,INTC,0,0.35787900018989544,11
2025-03-21,MSFT,0,0.4694069387402771,11
2025-03-21,NVDA,0,0.48272271709594683,11
2025-03-21,PFE,0,0.29801186413782144,11
2025-03-21,PYPL,0,0.7001677105672902,11
2025-03-21,ZM,0,0.5652385344789259,11
2025-03-24,AAPL,0,0.8085813352388566,11
2025-03-24,AMZN,0,0.6325698823014474,11
2025-03-24,GOOGL,0,0.2365649619143076,11
2025-03-24,INTC,0,0.40733012497852433,11
2025-03-24,MSFT,0,0.6184835106510264,11
2025-03-24,NVDA,0,0.544090263036202,11
2025-03-24,PFE,0,0.28045521415315827,11
2025-03-24,PYPL,0,0.6528704432781215,11
2025-03-24,ZM,0,0.4741509639560312,11
2025-03-25,AAPL,0,0.5139537140019647,11
2025-03-25,AMZN,0,0.6514627430896737,11
2025-03-25,GOOGL,0,0.2211909641074034,11
2025-03-25,INTC,0,0.5117954511798426,11
2025-03-25,MSFT,0,0.4645390451239235,11
2025-03-25,NVDA,0,0.4646506929560842,11
2025-03-25,PFE,0,0.1922696426236403,11
2025-03-25,PYPL,0,0.6148760786465759,11
2025-03-25,ZM,0,0.5637109444047368,11
2025-03-26,AAPL,0,0.557277568611672,11
2025-03-26,AMZN,0,0.6400796322899973,11
2025-03-26,GOOGL,0,0.3213237115010004,11
2025-03-26,INTC,0,0.3947317441578068,11
2025-03-26,MSFT,0,0.46734478171801286,11
2025-03-26,NVDA,0,0.3960271913236697,11
2025-03-26,PFE,0,0.24210104022885195,11
2025-03-26,PYPL,0,0.6921329195280331,11
2025-03-26,ZM,0,0.6284649997615593,11
2025-03-27,AAPL,0,0.5906069089763583,11
2025-03-27,AMZN,0,0.5276484069182557,11
2025-03-27,GOOGL,0,0.2322426851130207,11
2025-03-27,INTC,0,0.28397481872402514,11
2025-03-27,MSFT,0,0.45110257938870113,11
2025-03-27,NVDA,0,0.35951588717950045,11
2025-03-27,PFE,0,0.27628829127975346,11
2025-03-27,PYPL,0,0.5578568282488532,11
2025-03-27,ZM,0,0.49140877695280594,11
2025-03-28,AAPL,0,0.6082856438861542,11
2025-03-28,AMZN,0,0.3496484766257517,11
2025-03-28,GOOGL,0,0.03609704710936945,11
2025-03-28,INTC,0,0.5758136076908518,11
2025-03-28,MSFT,0,0.5647821019475165,11
2025-03-28,NVDA,0,0.3051500859258485,11
2025-03-28,PFE,0,0.13776632188334717,11
2025-03-28,PYPL,0,0.32889857766303054,11
2025-03-28,ZM,0,0.6496824625235862,11
2025-03-31,AAPL,0,0.46338748016932035,11
2025-03-31,AMZN,0,0.41273452753702944,11
2025-03-31,GOOGL,0,0.19007252991482357,11
2025-03-31,INTC,0,0.4411377020997476,11
2025-03-31,MSFT,0,0.4468506011883276,11
2025-03-31,NVDA,0,0.2699146529644728,11
2025-03-31,PFE,0,0.11353188437309647,11
2025-03-31,PYPL,0,0.6470999259826727,11
2025-03-31,ZM,0,0.45502478201585816,11
2025-04-01,AAPL,0,0.39082800713628973,11
2025-04-01,AMZN,0,0.5521877341468289,11
2025-04-01,GOOGL,0,0.22051599097802707,11
2025-04-01,INTC,0,0.43896014176308434,11
2025-04-01,MSFT,0,0.38612397017741856,11
2025-04-01,NVDA,0,0.2961948278868527,11
2025-04-01,PFE,0,0.33927798579366353,11
2025-04-01,PYPL,0,0.5203360914035445,11
2025-04-01,ZM,0,0.5382222938227579,11
2025-04-02,AAPL,0,0.6735588276113721,11
2025-04-02,AMZN,0,0.31041702222197587,11
2025-04-02,GOOGL,0,0.40935137968104063,11
2025-04-02,INTC,0,0.4221183457791016,11
2025-04-02,MSFT,0,0.47730882352770015,11
2025-04-02,NVDA,0,0.5467598596972963,11
2025-04-02,PFE,0,0.15204808736102332,11
2025-04-02,PYPL,0,0.5088588429579772,11
2025-04-02,ZM,0,0.5238687335681289,11
2025-04-03,AAPL,0,0.19285287728042982,11
2025-04-03,AMZN,0,0.3896933448261301,11
2025-04-03,GOOGL,0,0.4192456309805691,11
2025-04-03,INTC,0,0.21731799512679456,11
2025-04-03,MSFT,0,0.5092247200425574,11
2025-04-03,NVDA,0,0.34721649300218965,11
2025-04-03,PFE,0,0.31457205399551236,11
2025-04-03,PYPL,0,0.31621213357427025,11
2025-04-03,ZM,0,0.4688005424435605,11
2025-04-04,AAPL,0,0.36389339278734667,11
2025-04-04,AMZN,0,0.6169051957710472,11
2025-04-04,GOOGL,0,0.32294006607130143,11
2025-04-04,INTC,0,0.6751238227759372,11
2025-04-04,MSFT,0,0.7480244621443669,11
2025-04-04,NVDA,0,0.6680595103621815,11
2025-04-04,PFE,0,0.7755810118594934,11
2025-04-04,PYPL,0,0.4855627370287983,11
2025-04-04,ZM,0,0.6901115630302527,11
2025-04-07,AAPL,0,0.8200522336852811,11
2025-04-07,AMZN,0,0.423389034071293,11
2025-04-07,GOOGL,1,0.44391888512952005,11
2025-04-07,INTC,0,0.7200721289798594,11
2025-04-07,MSFT,1,0.7909730228633779,11
2025-04-07,NVDA,1,0.805065258019534,11
2025-04-07,PFE,0,0.803367170146302,11
2025-04-07,PYPL,0,0.6991043104282628,11
2025-04-07,ZM,0,0.8560099916480816,11
2025-04-08,AAPL,1,0.5970828212519893,11
2025-04-08,AMZN,1,0.7826155460840899,11
2025-04-08,GOOGL,1,0.310591264033154,11
2025-04-08,INTC,1,0.6941980273699754,11
2025-04-08,MSFT,1,0.6892526414503497,11
2025-04-08,NVDA,1,0.3704671205963007,11
2025-04-08,PFE,0,0.837737870420357,11
2025-04-08,PYPL,1,0.7266636830026068,11
2025-04-08,ZM,1,0.41690970464309046,11
2025-04-09,AAPL,0,0.3367734015158903,11
2025-04-09,AMZN,0,0.1082505512586753,11
2025-04-09,GOOGL,0,0.03233412414447705,11
2025-04-09,INTC,0,0.2698510496046568,11
2025-04-09,MSFT,0,0.1286989810572436,11
2025-04-09,NVDA,0,0.3520236337860545,11
2025-04-09,PFE,0,0.33813835709944684,11
2025-04-09,PYPL,0,0.7960210177490927,11
2025-04-09,ZM,0,0.7302995287035591,11
2025-04-10,AAPL,1,0.47456367937034166,11
2025-04-10,AMZN,0,0.16283229568878518,11
2025-04-10,GOOGL,0,0.04079584274283018,11
2025-04-10,INTC,0,0.46861833037676565,11
2025-04-10,MSFT,0,0.14389359786935274,11
2025-04-10,NVDA,0,0.3211624206564671,11
2025-04-10,PFE,1,0.6678813595404525,11
2025-04-10,PYPL,0,0.7677584267044187,11
2025-04-10,ZM,1,0.632561442663128,11
2025-04-11,AAPL,0,0.16675404081317877,11
2025-04-11,AMZN,0,0.18984363473881002,11
2025-04-11,GOOGL,0,0.0292123631173813,11
2025-04-11,INTC,0,0.45713229248476145,11
2025-04-11,MSFT,0,0.06645369955456702,11
2025-04-11,NVDA,0,0.27410337910765664,11
2025-04-11,PFE,1,0.2594360434224316,11
2025-04-11,PYPL,0,0.8374456527410947,11
2025-04-11,ZM,1,0.6646332798060735,11
2025-04-14,AAPL,0,0.21961099787299554,11
2025-04-14,AMZN,0,0.27240922855767624,11
2025-04-14,GOOGL,0,0.0501946975023508,11
2025-04-14,INTC,0,0.20710765869329417,11
2025-04-14,MSFT,0,0.10691130072355162,11
2025-04-14,NVDA,0,0.2472997780224455,11
2025-04-14,PFE,1,0.23586063883143749,11
2025-04-14,PYPL,1,0.7388731877176243,11
2025-04-14,ZM,0,0.6919375126151092,11
2025-04-15,AAPL,0,0.17769988165789083,11
2025-04-15,AMZN,0,0.20888254629579023,11
2025-04-15,GOOGL,0,0.05224884108661871,11
2025-04-15,INTC,0,0.40328062006712506,11
2025-04-15,MSFT,0,0.07832220938597412,11
2025-04-15,NVDA,0,0.1621503456571513,11
2025-04-15,PFE,0,0.3215220810872526,11
2025-04-15,PYPL,1,0.7340141129371398,11
2025-04-15,ZM,1,0.6816113166515468,11
2025-04-16,AAPL,1,0.38170603391318186,11
2025-04-16,AMZN,0,0.44302202603471025,11
2025-04-16,GOOGL,0,0.06549095398995584,11
2025-04-16,INTC,0,0.5708328779557723,11
2025-04-16,MSFT,1,0.3000828889619655,11
2025-04-16,NVDA,0,0.20721921104680532,11
2025-04-16,PFE,1,0.5588830582336399,11
2025-04-16,PYPL,1,0.8230009210987115,11
2025-04-16,ZM,1,0.49354794116477513,11
2025-04-17,AAPL,0,0.1832947355275437,11
2025-04-17,AMZN,1,0.24008786938249185,11
2025-04-17,GOOGL,1,0.027931559872199196,11
2025-04-17,INTC,1,0.36771057414196145,11
2025-04-17,MSFT,1,0.10309528340936715,11
2025-04-17,NVDA,0,0.24574305263975682,11
2025-04-17,PFE,1,0.3588190274218623,11
2025-04-17,PYPL,1,0.8464349231586632,11
2025-04-17,ZM,1,0.7356546395155839,11
2025-04-21,AAPL,1,0.38551685569324445,11
2025-04-21,AMZN,1,0.4799341565256349,11
2025-04-21,GOOGL,1,0.06543545652421195,11
2025-04-21,INTC,1,0.2995926835639032,11
2025-04-21,MSFT,1,0.1753181204652144,11
2025-04-21,NVDA,1,0.29588586040280723,11
2025-04-21,PFE,1,0.30388986660831707,11
2025-04-21,PYPL,1,0.8571086762959098,11
2025-04-21,ZM,1,0.646111605799225,11
2025-04-22,AAPL,0,0.3178759839888434,11
2025-04-22,AMZN,1,0.4154553280403192,11
2025-04-22,GOOGL,1,0.1267950933657699,11
2025-04-22,INTC,1,0.23815429574326671,11
2025-04-22,MSFT,1,0.08110961800757815,11
2025-04-22,NVDA,1,0.3249171273750226,11
2025-04-22,PFE,1,0.29794402780887935,11
2025-04-22,PYPL,1,0.9066127482336692,11
2025-04-22,ZM,1,0.7685327030101473,11
2025-04-23,AAPL,0,0.23596293075600472,11
2025-04-23,AMZN,1,0.13675224189914426,11
2025-04-23,GOOGL,0,0.16530191861573237,11
2025-04-23,INTC,0,0.3613871151695793,11
2025-04-23,MSFT,1,0.0932283778379229,11
2025-04-23,NVDA,1,0.3651519047850573,11
2025-04-23,PFE,1,0.5209323480137571,11
2025-04-23,PYPL,1,0.8566384716861625,11
2025-04-23,ZM,1,0.7410220589450639,11
2025-04-24,AAPL,0,0.250762288458419,11
2025-04-24,AMZN,0,0.2166693092737038,11
2025-04-24,GOOGL,0,0.3419920039979048,11
2025-04-24,INTC,0,0.41977568025029477,11
2025-04-24,MSFT,1,0.112260481878083,11
2025-04-24,NVDA,1,0.6804472315118196,11
2025-04-24,PFE,1,0.3911170442891618,11
2025-04-24,PYPL,1,0.857537017765188,11
2025-04-24,ZM,1,0.8030426948229138,11
2025-04-25,AAPL,0,0.2916487037859035,11
2025-04-25,AMZN,0,0.262662859071093,11
2025-04-25,GOOGL,0,0.4240242995212567,11
2025-04-25,INTC,1,0.6027693806301895,11
2025-04-25,MSFT,1,0.0803319542980094,11
2025-04-25,NVDA,0,0.5695481938368024,11
2025-04-25,PFE,0,0.6960016741757048,11
2025-04-25,PYPL,1,0.7910008782943724,11
2025-04-25,ZM,1,0.7752659837955217,11
2025-04-28,AAPL,0,0.5153412745819874,11
2025-04-28,AMZN,0,0.35132265256662076,11
2025-04-28,GOOGL,0,0.4048992012517843,11
2025-04-28,INTC,0,0.6844390053676306,11
2025-04-28,MSFT,1,0.11724591550767054,11
2025-04-28,NVDA,0,0.5814134595224532,11
2025-04-28,PFE,0,0.656032066055706,11
2025-04-28,PYPL,1,0.6019076502844071,11
2025-04-28,ZM,1,0.6751902440232144,11
2025-04-29,AAPL,0,0.3503845445325108,11
2025-04-29,AMZN,0,0.282457126411454,11
2025-04-29,GOOGL,0,0.21714756446709002,11
2025-04-29,INTC,0,0.44698139304816886,11
2025-04-29,MSFT,1,0.12749684172131706,11
2025-04-29,NVDA,0,0.22105118572563998,11
2025-04-29,PFE,0,0.2946024502304699,11
2025-04-29,PYPL,0,0.4395209139447159,11
2025-04-29,ZM,1,0.06104434223111523,11
2025-04-30,AAPL,0,0.12677926842405476,11
2025-04-30,AMZN,1,0.32714629323881156,11
2025-04-30,GOOGL,0,0.19149623347041062,11
2025-04-30,INTC,1,0.4183542912749237,11
2025-04-30,MSFT,1,0.20323231691949617,11
2025-04-30,NVDA,1,0.46734952237633676,11
2025-04-30,PFE,0,0.3798221530674516,11
2025-04-30,PYPL,1,0.6420825149006054,11
2025-04-30,ZM,1,0.5969498927331812,11
2025-05-01,AAPL,0,0.39426313159914783,11
2025-05-01,AMZN,0,0.4271542964625728,11
2025-05-01,GOOGL,0,0.41842256522746757,11
2025-05-01,INTC,1,0.6922043971008771,11
2025-05-01,MSFT,1,0.12139673362886079,11
2025-05-01,NVDA,1,0.416013882186486,11
2025-05-01,PFE,0,0.4807340479204236,11
2025-05-01,PYPL,1,0.5906212835391612,11
2025-05-01,ZM,1,0.09544894763010574,11
2025-05-02,AAPL,0,0.3347877167489386,11
2025-05-02,AMZN,0,0.34893260674738363,11
2025-05-02,GOOGL,0,0.4830005063656824,11
2025-05-02,INTC,0,0.5335597950513883,11
2025-05-02,MSFT,1,0.3526723885515745,11
2025-05-02,NVDA,0,0.5789085302335728,11
2025-05-02,PFE,0,0.3408187090118707,11
2025-05-02,PYPL,1,0.7291631892188539,11
2025-05-02,ZM,1,0.07766489966685694,11
2025-05-05,AAPL,0,0.47822091711668036,11
2025-05-05,AMZN,1,0.4601467771245276,11
2025-05-05,GOOGL,0,0.3266597093002395,11
2025-05-05,INTC,1,0.6683907359128195,11
2025-05-05,MSFT,1,0.5466366784900349,11
2025-05-05,NVDA,0,0.4096319450390068,11
2025-05-05,PFE,0,0.6802564458074921,11
2025-05-05,PYPL,1,0.7648605174511032,11
2025-05-05,ZM,1,0.16702288798488957,11
2025-05-06,AAPL,0,0.5298621263558932,11
2025-05-06,AMZN,1,0.29537178715347073,11
2025-05-06,GOOGL,0,0.5504661978347328,11
2025-05-06,INTC,1,0.724827134321027,11
2025-05-06,MSFT,1,0.22159189688519687,11
2025-05-06,NVDA,1,0.55243476310061,11
2025-05-06,PFE,1,0.8020174949096112,11
2025-05-06,PYPL,1,0.7392517175345114,11
2025-05-06,ZM,1,0.4910926863395745,11
2025-05-07,AAPL,1,0.5878032551000434,11
2025-05-07,AMZN,1,0.35499859782190096,11
2025-05-07,GOOGL,1,0.5097998452857148,11
2025-05-07,INTC,1,0.5434869927339944,11
2025-05-07,MSFT,1,0.07089246751983926,11
2025-05-07,NVDA,1,0.5766457648557807,11
2025-05-07,PFE,1,0.7423265563658341,11
2025-05-07,PYPL,1,0.1354568854151734,11
2025-05-07,ZM,1,0.1066525445387562,11
2025-05-08,AAPL,1,0.5903393005019497,11
2025-05-08,AMZN,1,0.4467826584496894,11
2025-05-08,GOOGL,1,0.7532322694378023,11
2025-05-08,INTC,1,0.5730788027032186,11
2025-05-08,MSFT,1,0.1152268375057061,11
2025-05-08,NVDA,1,0.541274815948029,11
2025-05-08,PFE,0,0.6975221782176606,11
2025-05-08,PYPL,1,0.34138973980571996,11
2025-05-08,ZM,1,0.1927040980527339,11
2025-05-09,AAPL,1,0.6009715495845944,11
2025-05-09,AMZN,1,0.40062031841387613,11
2025-05-09,GOOGL,1,0.7134136584872779,11
2025-05-09,INTC,1,0.6128324255187646,11
2025-05-09,MSFT,1,0.30395035314842767,11
2025-05-09,NVDA,1,0.6477465870017546,11
2025-05-09,PFE,1,0.6745581454983641,11
2025-05-09,PYPL,1,0.43946261266237824,11
2025-05-09,ZM,1,0.60534319808682,11
2025-05-12,AAPL,0,0.593435919969205,11
2025-05-12,AMZN,0,0.10230262692091888,11
2025-05-12,GOOGL,1,0.6708179724128525,11
2025-05-12,INTC,0,0.582962374053553,11
2025-05-12,MSFT,0,0.04723054287609418,11
2025-05-12,NVDA,1,0.11504726333465676,11
2025-05-12,PFE,0,0.6293723601900251,11
2025-05-12,PYPL,0,0.12503832888564428,11
2025-05-12,ZM,0,0.14193722480318935,11
2025-05-13,AAPL,0,0.5363311529125209,11
2025-05-13,AMZN,0,0.08310749767910255,11
2025-05-13,GOOGL,1,0.7069502325892801,11
2025-05-13,INTC,0,0.6764703345163459,11
2025-05-13,MSFT,0,0.09957466138649268,11
2025-05-13,NVDA,1,0.23110733294880334,11
2025-05-13,PFE,0,0.812788554435089,11
2025-05-13,PYPL,0,0.1084885760593814,11
2025-05-13,ZM,0,0.13998631909697026,11
2025-05-14,AAPL,0,0.49025398544797166,11
2025-05-14,AMZN,0,0.26753515201225864,11
2025-05-14,GOOGL,1,0.6313354468653483,11
2025-05-14,INTC,0,0.7965881904485089,11
2025-05-14,MSFT,0,0.06653096441414577,11
2025-05-14,NVDA,0,0.2529371800668403,11
2025-05-14,PFE,1,0.8289904659172608,11
2025-05-14,PYPL,0,0.04860364279925687,11
2025-05-14,ZM,0,0.17223062044156576,11
2025-05-15,AAPL,0,0.6290683297165731,11
2025-05-15,AMZN,0,0.49783625098813256,11
2025-05-15,GOOGL,1,0.739489267610989,11
2025-05-15,INTC,0,0.629234317352733,11
2025-05-15,MSFT,0,0.06500221489259221,11
2025-05-15,NVDA,0,0.16604825885827698,11
2025-05-15,PFE,0,0.798833902789223,11
2025-05-15,PYPL,0,0.5147564184479748,11
2025-05-15,ZM,0,0.2992915160306535,11
2025-05-16,AAPL,0,0.5928211016970899,11
2025-05-16,AMZN,0,0.5346419203195002,11
2025-05-16,GOOGL,1,0.5836304723854047,11
2025-05-16,INTC,0,0.7142726824723438,11
2025-05-16,MSFT,0,0.21803573135520074,11
2025-05-16,NVDA,0,0.6353933766616509,11
2025-05-16,PFE,1,0.7097774285233222,11
2025-05-16,PYPL,0,0.31161625744717764,11
2025-05-16,ZM,0,0.5412472624650997,11
2025-05-19,AAPL,0,0.6073333839524324,11
2025-05-19,AMZN,0,0.5054425014006355,11
2025-05-19,GOOGL,0,0.631747067696416,11
2025-05-19,INTC,0,0.7316085445152937,11
2025-05-19,MSFT,0,0.15386937094115644,11
2025-05-19,NVDA,0,0.5584705497323859,11
2025-05-19,PFE,1,0.7665060209066723,11
2025-05-19,PYPL,0,0.27629379365821655,11
2025-05-19,ZM,0,0.5413257544254755,11
2025-05-20,AAPL,0,0.695953745458424,11
2025-05-20,AMZN,0,0.43539414926016207,11
2025-05-20,GOOGL,1,0.674705841322401,11
2025-05-20,INTC,0,0.7478114624579245,11
2025-05-20,MSFT,0,0.21559366385106005,11
2025-05-20,NVDA,0,0.5583249966268499,11
2025-05-20,PFE,0,0.775126589541517,11
2025-05-20,PYPL,0,0.19176923541703497,11
2025-05-20,ZM,0,0.6272293092227398,11
2025-05-21,AAPL,0,0.6040962123692087,11
2025-05-21,AMZN,1,0.5945622747364147,11
2025-05-21,GOOGL,1,0.6411742369126958,11
2025-05-21,INTC,0,0.6792894994238514,11
2025-05-21,MSFT,1,0.16076821568697633,11
2025-05-21,NVDA,1,0.6485114989131271,11
2025-05-21,PFE,1,0.8525821596277492,11
2025-05-21,PYPL,0,0.4937175524155881,11
2025-05-21,ZM,0,0.5686262615082466,11
2025-05-22,AAPL,0,0.6853317932603002,11
2025-05-22,AMZN,0,0.6403107234570956,11
2025-05-22,GOOGL,0,0.7352517297283343,11
2025-05-22,INTC,0,0.8445468803683286,11
2025-05-22,MSFT,1,0.15672390310764248,11
2025-05-22,NVDA,0,0.617667558535528,11
2025-05-22,PFE,1,0.7707803592726209,11
2025-05-22,PYPL,0,0.5770883070839973,11
2025-05-22,ZM,0,0.657774400434508,11
2025-05-23,AAPL,1,0.5888426466779991,11
2025-05-23,AMZN,1,0.5659026127779714,11
2025-05-23,GOOGL,1,0.5728336708728149,11
2025-05-23,INTC,0,0.7658058334301368,11
2025-05-23,MSFT,1,0.11338796757746022,11
2025-05-23,NVDA,1,0.6451847331324666,11
2025-05-23,PFE,1,0.8411208691296238,11
2025-05-23,PYPL,1,0.6278436346953112,11
2025-05-23,ZM,1,0.6212904626725184,11
2025-05-27,AAPL,0,0.7739435820938988,11
2025-05-27,AMZN,0,0.6302070612492746,11
2025-05-27,GOOGL,0,0.5242118004254014,11
2025-05-27,INTC,0,0.6131345461673726,11
2025-05-27,MSFT,1,0.10916844249615235,11
2025-05-27,NVDA,1,0.670466720037233,11
2025-05-27,PFE,0,0.7307611737018497,11
2025-05-27,PYPL,0,0.3988956311255178,11
2025-05-27,ZM,1,0.7279740612572116,11
2025-05-28,AAPL,0,0.6376741210672859,11
2025-05-28,AMZN,1,0.7662403019682453,11
2025-05-28,GOOGL,0,0.5903813216344839,11
2025-05-28,INTC,0,0.8272863165772865,11
2025-05-28,MSFT,1,0.4460858095255771,11
2025-05-28,NVDA,1,0.6958221334012594,11
2025-05-28,PFE,1,0.7159975646299329,11
2025-05-28,PYPL,0,0.7187589318568124,11
2025-05-28,ZM,0,0.5302385303797648,11
2025-05-29,AAPL,0,0.6927933106777302,11
2025-05-29,AMZN,0,0.7745606634906631,11
2025-05-29,GOOGL,0,0.500625725864973,11
2025-05-29,INTC,0,0.7913647916883046,11
2025-05-29,MSFT,1,0.43443077084515147,11
2025-05-29,NVDA,0,0.5923128217672647,11
2025-05-29,PFE,1,0.6751216353693126,11
2025-05-29,PYPL,0,0.5973619178945498,11
2025-05-29,ZM,0,0.5814944889472042,11
2025-05-30,AAPL,0,0.7741261428919867,11
2025-05-30,AMZN,1,0.6571010393336225,11
2025-05-30,GOOGL,0,0.3669112154932372,11
2025-05-30,INTC,1,0.6694874842060867,11
2025-05-30,MSFT,1,0.5130790159327214,11
2025-05-30,NVDA,1,0.5462551628890212,11
2025-05-30,PFE,0,0.6749447959267869,11
2025-05-30,PYPL,0,0.6487787047755519,11
2025-05-30,ZM,0,0.5683101058981899,11
2025-06-02,AAPL,0,0.8411978939072331,11
2025-06-02,AMZN,1,0.8205804712495032,11
2025-06-02,GOOGL,0,0.21321103478318185,11
2025-06-02,INTC,0,0.7087706559721937,11
2025-06-02,MSFT,1,0.32600427671611526,11
2025-06-02,NVDA,1,0.5383326869127509,11
2025-06-02,PFE,0,0.6794497895366535,11
2025-06-02,PYPL,1,0.5517011542931526,11
2025-06-02,ZM,0,0.4918095667602196,11
2025-06-03,AAPL,0,0.8305598814069267,11
2025-06-03,AMZN,1,0.7358891735451291,11
2025-06-03,GOOGL,1,0.16963930005360225,11
2025-06-03,INTC,0,0.6791259834257225,11
2025-06-03,MSFT,1,0.180953600427023,11
2025-06-03,NVDA,0,0.5655894442280817,11
2025-06-03,PFE,1,0.6120285976016071,11
2025-06-03,PYPL,1,0.5355931611723501,11
2025-06-03,ZM,0,0.5551211260797109,11
2025-06-04,AAPL,0,0.8124165891037244,11
2025-06-04,AMZN,1,0.6231491256478051,11
2025-06-04,GOOGL,1,0.25388630863138506,11
2025-06-04,INTC,0,0.4722666512271433,11
2025-06-04,MSFT,1,0.20563037597588202,11
2025-06-04,NVDA,0,0.2762896850089517,11
2025-06-04,PFE,1,0.7241345089204106,11
2025-06-04,PYPL,1,0.6554255696107328,11
2025-06-04,ZM,0,0.4476048388199845,11
2025-06-05,AAPL,0,0.6408598072516438,11
2025-06-05,AMZN,1,0.3680431701355082,11
2025-06-05,GOOGL,1,0.09421885031887998,11
2025-06-05,INTC,1,0.46371076023367097,11
2025-06-05,MSFT,1,0.21724991463209883,11
2025-06-05,NVDA,1,0.140891362240409,11
2025-06-05,PFE,1,0.5274778687463302,11
2025-06-05,PYPL,1,0.475198340345176,11
2025-06-05,ZM,0,0.2723130228033204,11
2025-06-06,AAPL,0,0.5228010598870984,11
2025-06-06,AMZN,0,0.36737380782840856,11
2025-06-06,GOOGL,1,0.17240823739935754,11
2025-06-06,INTC,1,0.3840499791622784,11
2025-06-06,MSFT,1,0.23737009214989374,11
2025-06-06,NVDA,1,0.09171549595498667,11
2025-06-06,PFE,1,0.376316747889517,11
2025-06-06,PYPL,0,0.48557756847972205,11
2025-06-06,ZM,0,0.29219436247945063,11
2025-06-09,AAPL,0,0.4743144554553816,11
2025-06-09,AMZN,0,0.5697835343164431,11
2025-06-09,GOOGL,0,0.1888131568903375,11
2025-06-09,INTC,1,0.3493807739806433,11
2025-06-09,MSFT,1,0.1928623285350012,11
2025-06-09,NVDA,1,0.1415734530642501,11
2025-06-09,PFE,1,0.49389670435301,11
2025-06-09,PYPL,0,0.44301997170171603,11
2025-06-09,ZM,0,0.3052476696491848,11
2025-06-10,AAPL,0,0.4634078515214494,11
2025-06-10,AMZN,0,0.5164849554024038,11
2025-06-10,GOOGL,0,0.3818153572330891,11
2025-06-10,INTC,0,0.6491810183518205,11
2025-06-10,MSFT,1,0.497662539438286,11
2025-06-10,NVDA,0,0.5627328980238392,11
2025-06-10,PFE,0,0.5775528214347171,11
2025-06-10,PYPL,0,0.5452416850422243,11
2025-06-10,ZM,0,0.6050605201254671,11
2025-06-11,AAPL,0,0.840553967297336,11
2025-06-11,AMZN,0,0.6713022719979839,11
2025-06-11,GOOGL,0,0.26380580742598475,11
2025-06-11,INTC,0,0.8391747655768589,11
2025-06-11,MSFT,1,0.4872486657419286,11
2025-06-11,NVDA,1,0.7480691343521341,11
2025-06-11,PFE,0,0.8232476704213602,11
2025-06-11,PYPL,0,0.6693477998679949,11
2025-06-11,ZM,0,0.35072967792071635,11
2025-06-12,AAPL,0,0.6454597608058494,11
2025-06-12,AMZN,0,0.724066964248404,11
2025-06-12,GOOGL,0,0.4703625561175656,11
2025-06-12,INTC,0,0.744098233643862,11
2025-06-12,MSFT,1,0.3337292788121441,11
2025-06-12,NVDA,0,0.7870069759952388,11
2025-06-12,PFE,0,0.7272200143417407,11
2025-06-12,PYPL,0,0.43094536113674314,11
2025-06-12,ZM,0,0.539500901428412,11
2025-06-13,AAPL,1,0.731250397342429,11
2025-06-13,AMZN,0,0.7022941274968526,11
2025-06-13,GOOGL,0,0.4464098993354557,11
2025-06-13,INTC,1,0.7037840171555929,11
2025-06-13,MSFT,1,0.46536490530841873,11
2025-06-13,NVDA,1,0.7149986819661848,11
2025-06-13,PFE,0,0.7991380374754987,11
2025-06-13,PYPL,0,0.6622457758143561,11
2025-06-13,ZM,1,0.5631128648161365,11
2025-06-16,AAPL,1,0.7353837642458072,11
2025-06-16,AMZN,0,0.8281386160753834,11
2025-06-16,GOOGL,0,0.5566660260744513,11
2025-06-16,INTC,1,0.6071494860426203,11
2025-06-16,MSFT,1,0.42098806940462025,11
2025-06-16,NVDA,1,0.7683888060626431,11
2025-06-16,PFE,0,0.8008844900922933,11
2025-06-16,PYPL,0,0.44457446958364966,11
2025-06-16,ZM,0,0.5447398407425929,11
2025-06-17,AAPL,1,0.7603242482968003,11
2025-06-17,AMZN,0,0.7842686843688178,11
2025-06-17,GOOGL,0,0.5464769468561398,11
2025-06-17,INTC,1,0.5967203865151721,11
2025-06-17,MSFT,1,0.5067737727951517,11
2025-06-17,NVDA,1,0.7817541549575099,11
2025-06-17,PFE,1,0.7076359296876105,11
2025-06-17,PYPL,0,0.5082252605117762,11
2025-06-17,ZM,0,0.6470926432594285,11
2025-06-18,AAPL,1,0.37434682949239995,11
2025-06-18,AMZN,0,0.61324905064192,11
2025-06-18,GOOGL,0,0.4832136087389143,11
2025-06-18,INTC,0,0.4859513219288678,11
2025-06-18,MSFT,1,0.47246591034127233,11
2025-06-18,NVDA,0,0.6325665566872739,11
2025-06-18,PFE,1,0.7379221530032517,11
2025-06-18,PYPL,1,0.5196470836847433,11
2025-06-18,ZM,0,0.6003479207599183,11
2025-06-20,AAPL,1,0.4013363370119686,11
2025-06-20,AMZN,1,0.6993024585009783,11
2025-06-20,GOOGL,0,0.3302785216909905,11
2025-06-20,INTC,1,0.581299324607941,11
2025-06-20,MSFT,1,0.4266789333726217,11
2025-06-20,NVDA,1,0.7218959077802443,11
2025-06-20,PFE,1,0.7255496407353161,11
2025-06-20,PYPL,1,0.4341550328673016,11
2025-06-20,ZM,0,0.46360207197570413,11
2025-06-23,AAPL,1,0.25892846792718255,11
2025-06-23,AMZN,1,0.7338963811473306,11
2025-06-23,GOOGL,1,0.459761710386356,11
2025-06-23,INTC,1,0.3355509170136022,11
2025-06-23,MSFT,1,0.24700333827575766,11
2025-06-23,NVDA,1,0.41828799070210165,11
2025-06-23,PFE,1,0.4413544109185796,11
2025-06-23,PYPL,1,0.41119295456220234,11
2025-06-23,ZM,0,0.7604445858281883,11
2025-06-24,AAPL,1,0.347641121513345,11
2025-06-24,AMZN,1,0.642946356302902,11
2025-06-24,GOOGL,1,0.5993098497916217,11
2025-06-24,INTC,0,0.7276520870930085,11
2025-06-24,MSFT,0,0.44070335033908226,11
2025-06-24,NVDA,1,0.43299632386455283,11
2025-06-24,PFE,1,0.7604020799256778,11
2025-06-24,PYPL,0,0.3811829902855291,11
2025-06-24,ZM,1,0.40409869185805786,11
2025-06-25,AAPL,1,0.44297674232009643,11
2025-06-25,AMZN,1,0.6718221596858844,11
2025-06-25,GOOGL,1,0.379192098129817,11
2025-06-25,INTC,1,0.6526302416498398,11
2025-06-25,MSFT,1,0.45087735244059124,11
2025-06-25,NVDA,1,0.3028219722985457,11
2025-06-25,PFE,1,0.8053622236874447,11
2025-06-25,PYPL,0,0.520451620688946,11
2025-06-25,ZM,1,0.4315347500012153,11
2025-06-26,AAPL,1,0.45946170746819265,11
2025-06-26,AMZN,1,0.6022825576556996,11
2025-06-26,GOOGL,1,0.6439742400300009,11
2025-06-26,INTC,1,0.6547230557524722,11
2025-06-26,MSFT,0,0.43301888411212464,11
2025-06-26,NVDA,0,0.4338904515599433,11
2025-06-26,PFE,1,0.8136995484854262,11
2025-06-26,PYPL,1,0.4624849220030588,11
2025-06-26,ZM,1,0.5335477733025131,11
2025-06-27,AAPL,1,0.5771693119400328,11
2025-06-27,AMZN,0,0.544181283080463,11
2025-06-27,GOOGL,0,0.6312424106614631,11
2025-06-27,INTC,0,0.5496464157342198,11
2025-06-27,MSFT,1,0.4570391714911665,11
2025-06-27,NVDA,0,0.28791757028042836,11
2025-06-27,PFE,1,0.6042713606391498,11
2025-06-27,PYPL,1,0.47298695645579186,11
2025-06-27,ZM,0,0.527192951944981,11
2025-06-30,AAPL,1,0.5235535975608571,11
2025-06-30,AMZN,1,0.653057695980942,11
2025-06-30,GOOGL,0,0.6165014637797215,11
2025-06-30,INTC,1,0.5320563546080148,11
2025-06-30,MSFT,0,0.35257989712334575,11
2025-06-30,NVDA,0,0.31643660889623026,11
2025-06-30,PFE,1,0.5364553667850702,11
2025-06-30,PYPL,1,0.47366648843201575,11
2025-06-30,ZM,0,0.5444751743533774,11
2025-07-01,AAPL,1,0.22047888279941985,12
2025-07-01,AMZN,1,0.4430667154060243,12
2025-07-01,GOOGL,0,0.7428736370499809,12
2025-07-01,INTC,0,0.5056117234792021,12
2025-07-01,MSFT,1,0.4598089854426832,12
2025-07-01,NVDA,1,0.44857243807896136,12
2025-07-01,PFE,1,0.7958317949844508,12
2025-07-01,PYPL,0,0.5056625758043763,12
2025-07-01,ZM,0,0.5103977848366876,12
2025-07-02,AAPL,0,0.11694071381988412,12
2025-07-02,AMZN,1,0.15192105493707528,12
2025-07-02,GOOGL,0,0.6109415779172568,12
2025-07-02,INTC,1,0.3919193204433281,12
2025-07-02,MSFT,1,0.6449935345125428,12
2025-07-02,NVDA,1,0.45260973485473777,12
2025-07-02,PFE,0,0.6401038944238542,12
2025-07-02,PYPL,0,0.4540375945008184,12
2025-07-02,ZM,0,0.5278862889200292,12
2025-07-03,AAPL,0,0.3221498915699006,12
2025-07-03,AMZN,0,0.4076238326151906,12
2025-07-03,GOOGL,0,0.6089989188196147,12
2025-07-03,INTC,0,0.5550441291139461,12
2025-07-03,MSFT,1,0.577299002557661,12
2025-07-03,NVDA,1,0.4922819559223171,12
2025-07-03,PFE,0,0.6681314405576407,12
2025-07-03,PYPL,0,0.5186542296535919,12
2025-07-03,ZM,0,0.5795003986152216,12
2025-07-07,AAPL,0,0.23710836698824447,12
2025-07-07,AMZN,0,0.20048943598267166,12
2025-07-07,GOOGL,0,0.6242028321327483,12
2025-07-07,INTC,1,0.5771384474896942,12
2025-07-07,MSFT,1,0.5837550644261112,12
2025-07-07,NVDA,1,0.3664768630825708,12
2025-07-07,PFE,1,0.6906555771928513,12
2025-07-07,PYPL,0,0.4551410593494527,12
2025-07-07,ZM,0,0.32191388355837625,12
2025-07-08,AAPL,0,0.14327176550587933,12
2025-07-08,AMZN,1,0.44828808263300074,12
2025-07-08,GOOGL,1,0.7400603998329486,12
2025-07-08,INTC,0,0.6425911813667157,12
2025-07-08,MSFT,1,0.7244593252755732,12
2025-07-08,NVDA,1,0.5528162048632458,12
2025-07-08,PFE,0,0.7556348921659102,12
2025-07-08,PYPL,0,0.5131063354466019,12
2025-07-08,ZM,0,0.4755042205665949,12
2025-07-09,AAPL,0,0.2852152772766141,12
2025-07-09,AMZN,1,0.4305737756599362,12
2025-07-09,GOOGL,1,0.8677727166015493,12
2025-07-09,INTC,0,0.3992615307895795,12
2025-07-09,MSFT,0,0.7152098785223725,12
2025-07-09,NVDA,1,0.38055334202434604,12
2025-07-09,PFE,0,0.4028965924825454,12
2025-07-09,PYPL,0,0.3396564193970623,12
2025-07-09,ZM,0,0.40572038835764845,12
2025-07-10,AAPL,0,0.4086834668158217,12
2025-07-10,AMZN,1,0.18927822148433926,12
2025-07-10,GOOGL,1,0.5682042788039343,12
2025-07-10,INTC,0,0.47852164293934907,12
2025-07-10,MSFT,1,0.7560412796765779,12
2025-07-10,NVDA,1,0.29659984251333377,12
2025-07-10,PFE,0,0.22208675706120243,12
2025-07-10,PYPL,0,0.524291140529115,12
2025-07-10,ZM,0,0.6018485871281792,12
2025-07-11,AAPL,0,0.31397960007244535,12
2025-07-11,AMZN,1,0.4014713426887335,12
2025-07-11,GOOGL,1,0.4611257900642256,12
2025-07-11,INTC,0,0.4331653716172306,12
2025-07-11,MSFT,1,0.7011539980885674,12
2025-07-11,NVDA,0,0.19880628583038276,12
2025-07-11,PFE,0,0.3284935740401718,12
2025-07-11,PYPL,1,0.6339447044595341,12
2025-07-11,ZM,1,0.25859274791811215,12
2025-07-14,AAPL,0,0.5431559413945968,12
2025-07-14,AMZN,1,0.32144827037095786,12
2025-07-14,GOOGL,1,0.6921405562450585,12
2025-07-14,INTC,0,0.34716724516761893,12
2025-07-14,MSFT,1,0.5735687676280392,12
2025-07-14,NVDA,1,0.4950410321478167,12
2025-07-14,PFE,0,0.5160439601681868,12
2025-07-14,PYPL,0,0.5389574315715543,12
2025-07-14,ZM,0,0.4277669631313902,12
2025-07-15,AAPL,0,0.32737035217047894,12
2025-07-15,AMZN,0,0.1546881593876508,12
2025-07-15,GOOGL,1,0.5201008091860579,12
2025-07-15,INTC,0,0.4399245289841945,12
2025-07-15,MSFT,1,0.7488762539621677,12
2025-07-15,NVDA,0,0.3522825635781211,12
2025-07-15,PFE,1,0.6796292489485928,12
2025-07-15,PYPL,1,0.4725823533179949,12
2025-07-15,ZM,0,0.3696119140781657,12
2025-07-16,AAPL,0,0.6636995478037526,12
2025-07-16,AMZN,1,0.25520144071876455,12
2025-07-16,GOOGL,1,0.6939907649992345,12
2025-07-16,INTC,1,0.6274813091954403,12
2025-07-16,MSFT,1,0.7152254083616485,12
2025-07-16,NVDA,0,0.4395495517605559,12
2025-07-16,PFE,1,0.616467451777464,12
2025-07-16,PYPL,1,0.5709327678827301,12
2025-07-16,ZM,0,0.6928259884864296,12
2025-07-17,AAPL,0,0.25095585940587156,12
2025-07-17,AMZN,1,0.2737936004691634,12
2025-07-17,GOOGL,1,0.5567709200365989,12
2025-07-17,INTC,1,0.5074863710987593,12
2025-07-17,MSFT,0,0.6090011455467189,12
2025-07-17,NVDA,0,0.15481681451669133,12
2025-07-17,PFE,1,0.5853857301882354,12
2025-07-17,PYPL,1,0.5835902212690911,12
2025-07-17,ZM,0,0.39589954616161727,12
2025-07-18,AAPL,0,0.44557713811238225,12
2025-07-18,AMZN,1,0.1989400567135724,12
2025-07-18,GOOGL,1,0.29711890571341026,12
2025-07-18,INTC,1,0.48395985987076456,12
2025-07-18,MSFT,0,0.612077959300308,12
2025-07-18,NVDA,0,0.15702788159170422,12
2025-07-18,PFE,1,0.7472654190464859,12
2025-07-18,PYPL,1,0.30385660858114544,12
2025-07-18,ZM,0,0.21543213956855548,12
2025-07-21,AAPL,0,0.4640697717402727,12
2025-07-21,AMZN,1,0.20872596028617674,12
2025-07-21,GOOGL,1,0.10784212612726089,12
2025-07-21,INTC,0,0.4617049996745197,12
2025-07-21,MSFT,0,0.6340466211747066,12
2025-07-21,NVDA,0,0.1603209237564039,12
2025-07-21,PFE,1,0.4390180405974219,12
2025-07-21,PYPL,1,0.1943078190121455,12
2025-07-21,ZM,1,0.1411839839652074,12
2025-07-22,AAPL,0,0.376567091014128,12
2025-07-22,AMZN,1,0.17630488106583853,12
2025-07-22,GOOGL,1,0.21524245056225,12
2025-07-22,INTC,0,0.5709669425630913,12
2025-07-22,MSFT,1,0.48225606431696605,12
2025-07-22,NVDA,1,0.20650616285331783,12
2025-07-22,PFE,0,0.3899445197327457,12
2025-07-22,PYPL,1,0.2095097675249113,12
2025-07-22,ZM,0,0.18538632116155704,12
2025-07-23,AAPL,0,0.15566895521450405,12
2025-07-23,AMZN,1,0.4883112787337935,12
2025-07-23,GOOGL,1,0.24352070623904642,12
2025-07-23,INTC,0,0.6274006678850964,12
2025-07-23,MSFT,1,0.662253056663802,12
2025-07-23,NVDA,1,0.1989999716583695,12
2025-07-23,PFE,0,0.5067162983996121,12
2025-07-23,PYPL,1,0.19317488165080862,12
2025-07-23,ZM,0,0.19350569959993183,12
2025-07-24,AAPL,0,0.1535416461806844,12
2025-07-24,AMZN,0,0.36325843509087724,12
2025-07-24,GOOGL,1,0.18364771154089113,12
2025-07-24,INTC,0,0.45439000487912246,12
2025-07-24,MSFT,1,0.5779589931258322,12
2025-07-24,NVDA,1,0.23011533172081133,12
2025-07-24,PFE,0,0.5367203998695498,12
2025-07-24,PYPL,0,0.2552311205076036,12
2025-07-24,ZM,0,0.15270797071457842,12
2025-07-25,AAPL,0,0.24265862173691888,12
2025-07-25,AMZN,0,0.421230661289409,12
2025-07-25,GOOGL,0,0.1553001377586063,12
2025-07-25,INTC,0,0.3072826655035402,12
2025-07-25,MSFT,1,0.8067996914237568,12
2025-07-25,NVDA,1,0.2871652741399001,12
2025-07-25,PFE,0,0.5371902347559878,12
2025-07-25,PYPL,0,0.42264007417322264,12
2025-07-25,ZM,0,0.4326001769101005,12
2025-07-28,AAPL,0,0.37923877209976237,12
2025-07-28,AMZN,0,0.6536617613965736,12
2025-07-28,GOOGL,0,0.3420027594558857,12
2025-07-28,INTC,0,0.5738665708209942,12
2025-07-28,MSFT,1,0.7467688131512457,12
2025-07-28,NVDA,1,0.20927819240390363,12
2025-07-28,PFE,0,0.5734537698825355,12
2025-07-28,PYPL,0,0.37525819299117075,12
2025-07-28,ZM,0,0.45493326387748373,12
2025-07-29,AAPL,0,0.5022133332501146,12
2025-07-29,AMZN,0,0.5404153203020382,12
2025-07-29,GOOGL,0,0.12442101417904972,12
2025-07-29,INTC,0,0.5467767189471375,12
2025-07-29,MSFT,1,0.6176624991500327,12
2025-07-29,NVDA,1,0.5052631291395782,12
2025-07-29,PFE,0,0.4893399797123832,12
2025-07-29,PYPL,0,0.5284021104537892,12
2025-07-29,ZM,0,0.5763685105821085,12
2025-07-30,AAPL,0,0.5799306066073178,12
2025-07-30,AMZN,0,0.8614817270551934,12
2025-07-30,GOOGL,0,0.37873994158853314,12
2025-07-30,INTC,0,0.635192162630131,12
2025-07-30,MSFT,1,0.67381969733361,12
2025-07-30,NVDA,0,0.44337743676573976,12
2025-07-30,PFE,0,0.6963840208395671,12
2025-07-30,PYPL,0,0.6195968616379167,12
2025-07-30,ZM,0,0.39657513417836027,12
2025-07-31,AAPL,0,0.45183499943467503,12
2025-07-31,AMZN,0,0.6670370357826719,12
2025-07-31,GOOGL,0,0.4891090145892679,12
2025-07-31,INTC,0,0.7271836333748716,12
2025-07-31,MSFT,0,0.4829367896025752,12
2025-07-31,NVDA,0,0.8003693996953563,12
2025-07-31,PFE,1,0.5937708914662829,12
2025-07-31,PYPL,0,0.5865975650989949,12
2025-07-31,ZM,0,0.5416211389924485,12
2025-08-01,AAPL,1,0.5121582583571449,12
2025-08-01,AMZN,1,0.5089182865233983,12
2025-08-01,GOOGL,1,0.26668363539564105,12
2025-08-01,INTC,1,0.7869211398330541,12
2025-08-01,MSFT,0,0.28074244221579564,12
2025-08-01,NVDA,1,0.5281222886525048,12
2025-08-01,PFE,1,0.5406197749324901,12
2025-08-01,PYPL,1,0.39840055686366393,12
2025-08-01,ZM,0,0.5329408471151176,12
2025-08-04,AAPL,1,0.4522237612539196,12
2025-08-04,AMZN,1,0.7925924412037232,12
2025-08-04,GOOGL,1,0.2286308640742407,12
2025-08-04,INTC,1,0.5272760406074738,12
2025-08-04,MSFT,0,0.30792280974393393,12
2025-08-04,NVDA,0,0.36106702572099686,12
2025-08-04,PFE,1,0.6484844393531867,12
2025-08-04,PYPL,0,0.42158964854658904,12
2025-08-04,ZM,0,0.36535179112494665,12
2025-08-05,AAPL,1,0.23104075629485554,12
2025-08-05,AMZN,1,0.4013449050494373,12
2025-08-05,GOOGL,1,0.2928111617569919,12
2025-08-05,INTC,0,0.5508415815879718,12
2025-08-05,MSFT,0,0.2007863612211613,12
2025-08-05,NVDA,0,0.8431043334738016,12
2025-08-05,PFE,0,0.38626733664476337,12
2025-08-05,PYPL,0,0.380774743139328,12
2025-08-05,ZM,0,0.36715097725653956,12
2025-08-06,AAPL,1,0.23075353983093788,12
2025-08-06,AMZN,1,0.13623151752045967,12
2025-08-06,GOOGL,1,0.15757893623574615,12
2025-08-06,INTC,0,0.5590977092733986,12
2025-08-06,MSFT,0,0.16013833949481215,12
2025-08-06,NVDA,0,0.6476132734382345,12
2025-08-06,PFE,1,0.793147273186486,12
2025-08-06,PYPL,0,0.43590826129654536,12
2025-08-06,ZM,0,0.3967230909666022,12
2025-08-07,AAPL,1,0.38025327243290036,12
2025-08-07,AMZN,1,0.3748558234547685,12
2025-08-07,GOOGL,1,0.1754709313790146,12
2025-08-07,INTC,1,0.7181179126332894,12
2025-08-07,MSFT,0,0.12322458252329496,12
2025-08-07,NVDA,0,0.629225632719321,12
2025-08-07,PFE,1,0.6775481415190217,12
2025-08-07,PYPL,0,0.40980526097061765,12
2025-08-07,ZM,0,0.5116354809372402,12
2025-08-08,AAPL,0,0.18828555587439988,12
2025-08-08,AMZN,1,0.24117855935955262,12
2025-08-08,GOOGL,0,0.12350863995296259,12
2025-08-08,INTC,1,0.47375793744296735,12
2025-08-08,MSFT,0,0.15291636693489416,12
2025-08-08,NVDA,0,0.7201617930853987,12
2025-08-08,PFE,1,0.688956820077861,12
2025-08-08,PYPL,1,0.2477502278940456,12
2025-08-08,ZM,0,0.40669011758433293,12
2025-08-11,AAPL,0,0.42100160810945686,12
2025-08-11,AMZN,1,0.4934518378118199,12
2025-08-11,GOOGL,0,0.28366545137460886,12
2025-08-11,INTC,1,0.37044506597813215,12
2025-08-11,MSFT,0,0.19899795538210863,12
2025-08-11,NVDA,0,0.7387287130657894,12
2025-08-11,PFE,1,0.8515960131651191,12
2025-08-11,PYPL,1,0.2984677125933424,12
2025-08-11,ZM,1,0.3467193272919215,12
2025-08-12,AAPL,0,0.5154183618397414,12
2025-08-12,AMZN,1,0.40336998318237083,12
2025-08-12,GOOGL,0,0.40966705022032324,12
2025-08-12,INTC,1,0.34602344557081693,12
2025-08-12,MSFT,0,0.3333226081374038,12
2025-08-12,NVDA,0,0.7731544783432954,12
2025-08-12,PFE,1,0.816668816809419,12
2025-08-12,PYPL,0,0.20767684967561423,12
2025-08-12,ZM,1,0.4265122022581559,12
2025-08-13,AAPL,0,0.2745219026780946,12
2025-08-13,AMZN,1,0.564374088708381,12
2025-08-13,GOOGL,0,0.4562095707882446,12
2025-08-13,INTC,1,0.4873081502237413,12
2025-08-13,MSFT,0,0.18218772286130216,12
2025-08-13,NVDA,0,0.7298794442366617,12
2025-08-13,PFE,0,0.5563784936560612,12
2025-08-13,PYPL,0,0.19294390953696633,12
2025-08-13,ZM,1,0.5132500477965429,12
2025-08-14,AAPL,0,0.13074824268286958,12
2025-08-14,AMZN,0,0.5320144870066604,12
2025-08-14,GOOGL,0,0.43503901341394924,12
2025-08-14,INTC,1,0.5082301799423486,12
2025-08-14,MSFT,0,0.15443481116803429,12
2025-08-14,NVDA,0,0.5516830447543244,12
2025-08-14,PFE,0,0.6723847813481251,12
2025-08-14,PYPL,0,0.2704685073142456,12
2025-08-14,ZM,1,0.6118125492282286,12
2025-08-15,AAPL,0,0.19118890226962673,12
2025-08-15,AMZN,0,0.312265107769361,12
2025-08-15,GOOGL,0,0.41357953165123684,12
2025-08-15,INTC,0,0.4964078138672511,12
2025-08-15,MSFT,0,0.2938841224525429,12
2025-08-15,NVDA,0,0.6109724207976136,12
2025-08-15,PFE,0,0.5134627252879541,12
2025-08-15,PYPL,0,0.2694943987208798,12
2025-08-15,ZM,0,0.6625537842664853,12
2025-08-18,AAPL,0,0.14137311996826832,12
2025-08-18,AMZN,0,0.3994323679105159,12
2025-08-18,GOOGL,0,0.200377958831176,12
2025-08-18,INTC,1,0.4525516719423866,12
2025-08-18,MSFT,0,0.15361259918738945,12
2025-08-18,NVDA,0,0.5808359457371323,12
2025-08-18,PFE,1,0.48148482494516043,12
2025-08-18,PYPL,0,0.5629323721267575,12
2025-08-18,ZM,0,0.6016817953677411,12
2025-08-19,AAPL,0,0.1026630459340551,12
2025-08-19,AMZN,0,0.5340499880371259,12
2025-08-19,GOOGL,0,0.5544917808652505,12
2025-08-19,INTC,0,0.6159797091698965,12
2025-08-19,MSFT,0,0.1254528140999245,12
2025-08-19,NVDA,0,0.5637554019072585,12
2025-08-19,PFE,0,0.5317875173738927,12
2025-08-19,PYPL,0,0.6760259496796106,12
2025-08-19,ZM,1,0.5948256841132806,12
2025-08-20,AAPL,1,0.22817617051078287,12
2025-08-20,AMZN,1,0.5260149836547894,12
2025-08-20,GOOGL,1,0.35321693202666854,12
2025-08-20,INTC,0,0.5431906697960849,12
2025-08-20,MSFT,0,0.11540029920250265,12
2025-08-20,NVDA,0,0.5791749521040773,12
2025-08-20,PFE,0,0.5278337098450921,12
2025-08-20,PYPL,0,0.47342121439512536,12
2025-08-20,ZM,1,0.5309204496921525,12
2025-08-21,AAPL,1,0.10305317628073202,12
2025-08-21,AMZN,1,0.2933309574163343,12
2025-08-21,GOOGL,1,0.18541060675579868,12
2025-08-21,INTC,1,0.44315942546588727,12
2025-08-21,MSFT,0,0.16352639186481685,12
2025-08-21,NVDA,0,0.723132716718281,12
2025-08-21,PFE,0,0.26052303485452905,12
2025-08-21,PYPL,1,0.564098226697761,12
2025-08-21,ZM,1,0.46858549204639427,12
2025-08-22,AAPL,1,0.14281892810086913,12
2025-08-22,AMZN,0,0.546659507958004,12
2025-08-22,GOOGL,1,0.5684469762880178,12
2025-08-22,INTC,0,0.4373341017447183,12
2025-08-22,MSFT,0,0.1633397983745777,12
2025-08-22,NVDA,0,0.5715064819930964,12
2025-08-22,PFE,0,0.26938471414433424,12
2025-08-22,PYPL,0,0.25036828409436257,12
2025-08-22,ZM,0,0.6684330637955943,12
2025-08-25,AAPL,1,0.04970224176168357,12
2025-08-25,AMZN,0,0.3557370602404366,12
2025-08-25,GOOGL,1,0.050450582814144315,12
2025-08-25,INTC,0,0.3867012877296419,12
2025-08-25,MSFT,0,0.07326249416202137,12
2025-08-25,NVDA,0,0.6223131849941332,12
2025-08-25,PFE,0,0.5470146776649493,12
2025-08-25,PYPL,0,0.5683011713868252,12
2025-08-25,ZM,0,0.6243660869513049,12
2025-08-26,AAPL,1,0.11128435282933768,12
2025-08-26,AMZN,0,0.4059450240369478,12
2025-08-26,GOOGL,1,0.1109139103653008,12
2025-08-26,INTC,0,0.5275999635249319,12
2025-08-26,MSFT,0,0.19121222084253595,12
2025-08-26,NVDA,0,0.5293022898982299,12
2025-08-26,PFE,0,0.6374261321108353,12
2025-08-26,PYPL,0,0.6264835168242956,12
2025-08-26,ZM,1,0.6308374731926312,12
2025-08-27,AAPL,0,0.21329361697994115,12
2025-08-27,AMZN,0,0.26325054897291345,12
2025-08-27,GOOGL,1,0.07683813122580961,12
2025-08-27,INTC,0,0.5765769054979559,12
2025-08-27,MSFT,0,0.15146655392686165,12
2025-08-27,NVDA,0,0.5956502902329829,12
2025-08-27,PFE,0,0.19561424882137998,12
2025-08-27,PYPL,0,0.6521666592115287,12
2025-08-27,ZM,1,0.7033806428280494,12
2025-08-28,AAPL,0,0.15667352360968276,12
2025-08-28,AMZN,0,0.11926571914892721,12
2025-08-28,GOOGL,0,0.20853426325120525,12
2025-08-28,INTC,0,0.42670231147590026,12
2025-08-28,MSFT,0,0.1431824333286966,12
2025-08-28,NVDA,0,0.5199423361281215,12
2025-08-28,PFE,0,0.22004584427285678,12
2025-08-28,PYPL,0,0.5423194213729281,12
2025-08-28,ZM,1,0.565154112417999,12
2025-08-29,AAPL,0,0.34993174640879154,12
2025-08-29,AMZN,0,0.552273720152835,12
2025-08-29,GOOGL,0,0.5571045494069539,12
2025-08-29,INTC,0,0.4201244966820515,12
2025-08-29,MSFT,0,0.11524179900383714,12
2025-08-29,NVDA,0,0.7036094784241977,12
2025-08-29,PFE,0,0.17645193584511645,12
2025-08-29,PYPL,0,0.560547105820407,12
2025-08-29,ZM,1,0.512037801170922,12
2025-09-02,AAPL,1,0.480970609620264,12
2025-09-02,AMZN,1,0.880159168119714,12
2025-09-02,GOOGL,1,0.46772953283785806,12
2025-09-02,INTC,0,0.30125910531352834,12
2025-09-02,MSFT,0,0.15619064644892186,12
2025-09-02,NVDA,0,0.5556072872714375,12
2025-09-02,PFE,0,0.1877592639940897,12
2025-09-02,PYPL,0,0.6655766610688176,12
2025-09-02,ZM,1,0.5146170382562946,12
2025-09-03,AAPL,0,0.7702556120017808,12
2025-09-03,AMZN,1,0.7692663521153991,12
2025-09-03,GOOGL,1,0.1886746723415631,12
2025-09-03,INTC,1,0.3266169268968356,12
2025-09-03,MSFT,0,0.19248239698340186,12
2025-09-03,NVDA,0,0.4078352341600294,12
2025-09-03,PFE,0,0.33629262620829947,12
2025-09-03,PYPL,0,0.5764839472774429,12
2025-09-03,ZM,1,0.7577439928923256,12
2025-09-04,AAPL,0,0.46458796435100885,12
2025-09-04,AMZN,0,0.45413235302175,12
2025-09-04,GOOGL,1,0.31972769080554814,12
2025-09-04,INTC,0,0.387017973294848,12
2025-09-04,MSFT,0,0.15236779715267232,12
2025-09-04,NVDA,0,0.39260683121532963,12
2025-09-04,PFE,0,0.22832095195751553,12
2025-09-04,PYPL,0,0.45742737570474884,12
2025-09-04,ZM,1,0.5234508315795922,12
2025-09-05,AAPL,0,0.4877267224810447,12
2025-09-05,AMZN,0,0.7563346856726227,12
2025-09-05,GOOGL,1,0.2263143008181032,12
2025-09-05,INTC,1,0.5698427806167979,12
2025-09-05,MSFT,1,0.10907135120667699,12
2025-09-05,NVDA,1,0.4568096484055521,12
2025-09-05,PFE,0,0.11709718854012778,12
2025-09-05,PYPL,0,0.6138392013760542,12
2025-09-05,ZM,1,0.6439983528932328,12
2025-09-08,AAPL,0,0.6763637036989589,12
2025-09-08,AMZN,0,0.8130282059161347,12
2025-09-08,GOOGL,1,0.19372954876328044,12
2025-09-08,INTC,1,0.6126669822578052,12
2025-09-08,MSFT,1,0.15714650770536345,12
2025-09-08,NVDA,1,0.4547730796468834,12
2025-09-08,PFE,0,0.1995136234742343,12
2025-09-08,PYPL,0,0.6524004027880648,12
2025-09-08,ZM,0,0.6745488690734597,12
2025-09-09,AAPL,0,0.745270002820333,12
2025-09-09,AMZN,0,0.7280515008157672,12
2025-09-09,GOOGL,1,0.15355408454203012,12
2025-09-09,INTC,1,0.6698694332397996,12
2025-09-09,MSFT,1,0.29433813509939305,12
2025-09-09,NVDA,1,0.5384293897818362,12
2025-09-09,PFE,0,0.09867856418051366,12
2025-09-09,PYPL,0,0.5588366075764396,12
2025-09-09,ZM,0,0.3773914852297064,12
2025-09-10,AAPL,1,0.4734111572403912,12
2025-09-10,AMZN,0,0.6407113273166938,12
2025-09-10,GOOGL,1,0.14462253037333028,12
2025-09-10,INTC,0,0.24384998658065424,12
2025-09-10,MSFT,1,0.326864263937231,12
2025-09-10,NVDA,0,0.47033364906526426,12
2025-09-10,PFE,0,0.151194321434033,12
2025-09-10,PYPL,1,0.5997262616035429,12
2025-09-10,ZM,1,0.7008634312151919,12
2025-09-11,AAPL,1,0.5808232523739372,12
2025-09-11,AMZN,0,0.42936617637409397,12
2025-09-11,GOOGL,1,0.21594155133671356,12
2025-09-11,INTC,0,0.6361465901072153,12
2025-09-11,MSFT,1,0.427990000597638,12
2025-09-11,NVDA,0,0.6486394790198851,12
2025-09-11,PFE,0,0.08220212576777881,12
2025-09-11,PYPL,1,0.5839687494710046,12
2025-09-11,ZM,0,0.4780782404114152,12
2025-09-12,AAPL,1,0.30516100552745856,12
2025-09-12,AMZN,0,0.32604180070065436,12
2025-09-12,GOOGL,1,0.22399939293068577,12
2025-09-12,INTC,1,0.544985267019247,12
2025-09-12,MSFT,0,0.4075529124295977,12
2025-09-12,NVDA,0,0.6901330119885306,12
2025-09-12,PFE,1,0.25672837282395367,12
2025-09-12,PYPL,1,0.49066435897518945,12
2025-09-12,ZM,1,0.5027806178267166,12
2025-09-15,AAPL,1,0.3304439712514502,12
2025-09-15,AMZN,0,0.3410952264501862,12
2025-09-15,GOOGL,0,0.15081593068522342,12
2025-09-15,INTC,1,0.5701674445881253,12
2025-09-15,MSFT,0,0.38516502645800926,12
2025-09-15,NVDA,0,0.704202249950795,12
2025-09-15,PFE,1,0.13276260774357268,12
2025-09-15,PYPL,1,0.5331439163084144,12
2025-09-15,ZM,0,0.3440417460515551,12
2025-09-16,AAPL,1,0.37356087017844913,12
2025-09-16,AMZN,0,0.35069459252770196,12
2025-09-16,GOOGL,0,0.18092967823085787,12
2025-09-16,INTC,0,0.48673133292805115,12
2025-09-16,MSFT,1,0.2621357102722387,12
2025-09-16,NVDA,0,0.7666958906582008,12
2025-09-16,PFE,1,0.14256181910753346,12
2025-09-16,PYPL,1,0.716155570306936,12
2025-09-16,ZM,0,0.29720533758287687,12
2025-09-17,AAPL,1,0.33329944008614104,12
2025-09-17,AMZN,0,0.23917583788662983,12
2025-09-17,GOOGL,0,0.3652314971944467,12
2025-09-17,INTC,1,0.3810202213664546,12
2025-09-17,MSFT,1,0.4836079825516749,12
2025-09-17,NVDA,1,0.6149645411742474,12
2025-09-17,PFE,0,0.15010823823761682,12
2025-09-17,PYPL,0,0.5111947371820841,12
2025-09-17,ZM,0,0.45128775416754674,12
2025-09-18,AAPL,1,0.37822346726464506,12
2025-09-18,AMZN,0,0.13923100029958632,12
2025-09-18,GOOGL,0,0.30519806358250157,12
2025-09-18,INTC,0,0.24410604420005116,12
2025-09-18,MSFT,0,0.06420659742591804,12
2025-09-18,NVDA,1,0.5151207788327019,12
2025-09-18,PFE,1,0.35875972101833453,12
2025-09-18,PYPL,1,0.7531526388289953,12
2025-09-18,ZM,0,0.1483273388410509,12
2025-09-19,AAPL,0,0.1748725670837799,12
2025-09-19,AMZN,0,0.18608111509626074,12
2025-09-19,GOOGL,0,0.14498639641631939,12
2025-09-19,INTC,1,0.4240582127591591,12
2025-09-19,MSFT,0,0.1264104396987027,12
2025-09-19,NVDA,1,0.4405812217620292,12
2025-09-19,PFE,1,0.2831488689480839,12
2025-09-19,PYPL,1,0.6404386851997181,12
2025-09-19,ZM,0,0.3223267637520326,12
2025-09-22,AAPL,0,0.0730969596422782,12
2025-09-22,AMZN,0,0.2157138974685768,12
2025-09-22,GOOGL,0,0.20343595612696058,12
2025-09-22,INTC,1,0.4694883778076045,12
2025-09-22,MSFT,0,0.05783738452994841,12
2025-09-22,NVDA,0,0.26057196639023383,12
2025-09-22,PFE,1,0.4734313228575774,12
2025-09-22,PYPL,1,0.48694916530777027,12
2025-09-22,ZM,0,0.064543155511914,12
2025-09-23,AAPL,0,0.22104646787600948,12
2025-09-23,AMZN,0,0.5588818106750861,12
2025-09-23,GOOGL,0,0.1686980223389882,12
2025-09-23,INTC,1,0.16322327328445807,12
2025-09-23,MSFT,0,0.03939960559893826,12
2025-09-23,NVDA,1,0.5958860591546775,12
2025-09-23,PFE,1,0.6067819120393236,12
2025-09-23,PYPL,1,0.26527149091516944,12
2025-09-23,ZM,0,0.07400863290843525,12
2025-09-24,AAPL,0,0.19694432392895359,12
2025-09-24,AMZN,0,0.22617454975110876,12
2025-09-24,GOOGL,0,0.3862174008588884,12
2025-09-24,INTC,1,0.39546520254342005,12
2025-09-24,MSFT,0,0.09461298075102612,12
2025-09-24,NVDA,1,0.37709815510406736,12
2025-09-24,PFE,1,0.7586163048017491,12
2025-09-24,PYPL,1,0.6325179317392909,12
2025-09-24,ZM,0,0.11931650304323467,12
2025-09-25,AAPL,0,0.1624617933825117,12
2025-09-25,AMZN,0,0.38565866825577977,12
2025-09-25,GOOGL,0,0.47142366767134875,12
2025-09-25,INTC,1,0.2985621418527328,12
2025-09-25,MSFT,0,0.04489251883009122,12
2025-09-25,NVDA,1,0.47904038466786064,12
2025-09-25,PFE,1,0.778077633767094,12
2025-09-25,PYPL,1,0.5420988386979914,12
2025-09-25,ZM,0,0.104920787078938,12
2025-09-26,AAPL,0,0.19762811035854613,12
2025-09-26,AMZN,0,0.301537054162118,12
2025-09-26,GOOGL,0,0.41589567062022176,12
2025-09-26,INTC,0,0.07881832111890742,12
2025-09-26,MSFT,0,0.07052893113704885,12
2025-09-26,NVDA,1,0.6248630256055991,12
2025-09-26,PFE,1,0.744579380985302,12
2025-09-26,PYPL,1,0.6857492408306064,12
2025-09-26,ZM,0,0.26267889686603113,12
2025-09-29,AAPL,0,0.33041675494792966,12
2025-09-29,AMZN,0,0.42507553099689704,12
2025-09-29,GOOGL,0,0.2844012969466851,12
2025-09-29,INTC,0,0.2870363728804551,12
2025-09-29,MSFT,0,0.2906675363538099,12
2025-09-29,NVDA,1,0.7553595798475021,12
2025-09-29,PFE,1,0.7968921265950415,12
2025-09-29,PYPL,0,0.6174686579654204,12
2025-09-29,ZM,0,0.4010509852108325,12
2025-09-30,AAPL,0,0.11916247708558679,12
2025-09-30,AMZN,0,0.5623859325651314,12
2025-09-30,GOOGL,0,0.3574348334302603,12
2025-09-30,INTC,1,0.4785261458923209,12
2025-09-30,MSFT,0,0.38562718574797333,12
2025-09-30,NVDA,0,0.5932851769822794,12
2025-09-30,PFE,1,0.7848932181564796,12
2025-09-30,PYPL,1,0.657519345685077,12
2025-09-30,ZM,0,0.3598682241001377,12
2025-10-01,AAPL,0,0.15564063748561635,12
2025-10-01,AMZN,0,0.5607925574500155,12
2025-10-01,GOOGL,0,0.26555740226199814,12
2025-10-01,INTC,1,0.3204197457182523,12
2025-10-01,MSFT,0,0.4268429859893065,12
2025-10-01,NVDA,0,0.5343489020358038,12
2025-10-01,PFE,0,0.46368805460972806,12
2025-10-01,PYPL,1,0.6047805036749018,12
2025-10-01,ZM,0,0.2584244798127446,12
2025-10-02,AAPL,0,0.09649153757425076,12
2025-10-02,AMZN,0,0.49100078104565026,12
2025-10-02,GOOGL,0,0.18424665626461856,12
2025-10-02,INTC,0,0.2577709275692528,12
2025-10-02,MSFT,0,0.0717534666253582,12
2025-10-02,NVDA,0,0.38410596107776845,12
2025-10-02,PFE,0,0.225514825161833,12
2025-10-02,PYPL,1,0.6391578600441385,12
2025-10-02,ZM,0,0.43582072184709364,12
2025-10-03,AAPL,0,0.14054743473572673,12
2025-10-03,AMZN,0,0.42530609980064177,12
2025-10-03,GOOGL,0,0.17115901214196041,12
2025-10-03,INTC,1,0.2739817436512067,12
2025-10-03,MSFT,0,0.21204249328926555,12
2025-10-03,NVDA,0,0.45334385990409665,12
2025-10-03,PFE,0,0.217658026995354,12
2025-10-03,PYPL,1,0.5352091690654548,12
2025-10-03,ZM,0,0.456786810734054,12
2025-10-06,AAPL,0,0.2868313040521421,12
2025-10-06,AMZN,0,0.3659560295813326,12
2025-10-06,GOOGL,0,0.19297008089329773,12
2025-10-06,INTC,1,0.6747670297698545,12
2025-10-06,MSFT,0,0.30159660449631576,12
2025-10-06,NVDA,1,0.4365485177573347,12
2025-10-06,PFE,0,0.4619137322739151,12
2025-10-06,PYPL,1,0.5447928701495914,12
2025-10-06,ZM,0,0.5055589039228647,12
2025-10-07,AAPL,0,0.23393671657353107,12
2025-10-07,AMZN,0,0.757549915055042,12
2025-10-07,GOOGL,0,0.3226596449689514,12
2025-10-07,INTC,0,0.44168738940772356,12
2025-10-07,MSFT,0,0.1309466108601687,12
2025-10-07,NVDA,1,0.39146376834420965,12
2025-10-07,PFE,0,0.4558719951114625,12
2025-10-07,PYPL,0,0.30455508179479823,12
2025-10-07,ZM,1,0.5815848588899721,12
2025-10-08,AAPL,0,0.28078516195732645,12
2025-10-08,AMZN,0,0.6974107412924351,12
2025-10-08,GOOGL,0,0.2681233203277162,12
2025-10-08,INTC,0,0.644752973196896,12
2025-10-08,MSFT,0,0.23008066469303398,12
2025-10-08,NVDA,0,0.33988698737799594,12
2025-10-08,PFE,0,0.19705432606460477,12
2025-10-08,PYPL,0,0.4754564631933424,12
2025-10-08,ZM,0,0.3382259690727432,12
2025-10-09,AAPL,0,0.37296609288977084,12
2025-10-09,AMZN,0,0.7798095635072927,12
2025-10-09,GOOGL,0,0.2811693504165391,12
2025-10-09,INTC,0,0.22892316978440888,12
2025-10-09,MSFT,0,0.2938841224525429,12
2025-10-09,NVDA,0,0.516034782230687,12
2025-10-09,PFE,0,0.2599950888662353,12
2025-10-09,PYPL,0,0.4846576639441198,12
2025-10-09,ZM,0,0.5210425593566689,12
2025-10-10,AAPL,1,0.44873189891351123,12
2025-10-10,AMZN,0,0.08706463918121722,12
2025-10-10,GOOGL,1,0.2570928755707357,12
2025-10-10,INTC,0,0.7328902776094287,12
2025-10-10,MSFT,1,0.11048855481555561,12
2025-10-10,NVDA,0,0.3191455165593814,12
2025-10-10,PFE,0,0.3237975645859291,12
2025-10-10,PYPL,0,0.4634822631734792,12
2025-10-10,ZM,0,0.6782705229391316,12
2025-10-13,AAPL,1,0.32731428336549484,12
2025-10-13,AMZN,0,0.12499009641677686,12
2025-10-13,GOOGL,1,0.342946314680365,12
2025-10-13,INTC,0,0.7842016766728299,12
2025-10-13,MSFT,1,0.19328451454199758,12
2025-10-13,NVDA,0,0.20577297655308524,12
2025-10-13,PFE,0,0.49904116087858424,12
2025-10-13,PYPL,0,0.35486136827690395,12
2025-10-13,ZM,1,0.43641870931986215,12
2025-10-14,AAPL,1,0.38593297356235706,12
2025-10-14,AMZN,0,0.1407899205147028,12
2025-10-14,GOOGL,1,0.33379287521430057,12
2025-10-14,INTC,1,0.4911963064201313,12
2025-10-14,MSFT,1,0.1926118392225075,12
2025-10-14,NVDA,1,0.3175774191628207,12
2025-10-14,PFE,0,0.5549975904770706,12
2025-10-14,PYPL,0,0.30593634447532714,12
2025-10-14,ZM,1,0.3858951738537985,12
2025-10-15,AAPL,1,0.3866946871347467,12
2025-10-15,AMZN,1,0.1199724009266745,12
2025-10-15,GOOGL,0,0.2738075768805394,12
2025-10-15,INTC,0,0.616499006809858,12
2025-10-15,MSFT,1,0.14039340123110572,12
2025-10-15,NVDA,1,0.20886664567436425,12
2025-10-15,PFE,0,0.4018259027840973,12
2025-10-15,PYPL,0,0.3480377751285118,12
2025-10-15,ZM,1,0.4844381664140198,12
2025-10-16,AAPL,1,0.38993112712844413,12
2025-10-16,AMZN,1,0.11631937347386026,12
2025-10-16,GOOGL,0,0.21786031227516595,12
2025-10-16,INTC,1,0.49431928271935616,12
2025-10-16,MSFT,1,0.1431186301611551,12
2025-10-16,NVDA,0,0.21250156374425952,12
2025-10-16,PFE,0,0.5843900069677755,12
2025-10-16,PYPL,1,0.5637662708436181,12
2025-10-16,ZM,1,0.3988518315435283,12
2025-10-17,AAPL,1,0.3675034302878222,12
2025-10-17,AMZN,1,0.17606633262464783,12
2025-10-17,GOOGL,0,0.28751744402344026,12
2025-10-17,INTC,0,0.5449380413069754,12
2025-10-17,MSFT,1,0.21961481560303195,12
2025-10-17,NVDA,0,0.3610453627335755,12
2025-10-17,PFE,0,0.4693145746166927,12
2025-10-17,PYPL,1,0.3488746936533957,12
2025-10-17,ZM,1,0.4950724975148823,12
2025-10-20,AAPL,0,0.43937503813382955,12
2025-10-20,AMZN,1,0.46210054582031546,12
2025-10-20,GOOGL,0,0.4696303632899436,12
2025-10-20,INTC,0,0.6366673186826279,12
2025-10-20,MSFT,1,0.21199268349514244,12
2025-10-20,NVDA,0,0.3155364439736888,12
2025-10-20,PFE,0,0.551699265798847,12
2025-10-20,PYPL,1,0.3050406121515729,12
2025-10-20,ZM,1,0.47414878192197807,12
2025-10-21,AAPL,0,0.46905877149134684,12
2025-10-21,AMZN,0,0.4804138120011147,12
2025-10-21,GOOGL,1,0.4017454829570391,12
2025-10-21,INTC,0,0.6230865689760756,12
2025-10-21,MSFT,1,0.23257567135425633,12
2025-10-21,NVDA,0,0.2892969977360816,12
2025-10-21,PFE,0,0.5388002624358819,12
2025-10-21,PYPL,0,0.3759665267789378,12
2025-10-21,ZM,0,0.5491527220038316,12
2025-10-22,AAPL,1,0.6844887651989516,12
2025-10-22,AMZN,1,0.4373052014558168,12
2025-10-22,GOOGL,1,0.4267707961087599,12
2025-10-22,INTC,1,0.25176807101823884,12
2025-10-22,MSFT,1,0.42661985925812623,12
2025-10-22,NVDA,1,0.24845292398256574,12
2025-10-22,PFE,0,0.678105824512733,12
2025-10-22,PYPL,1,0.4779307520364773,12
2025-10-22,ZM,1,0.5313536092490797,12
2025-10-23,AAPL,1,0.5286930419041402,12
2025-10-23,AMZN,1,0.3719411386472301,12
2025-10-23,GOOGL,1,0.33048605103572176,12
2025-10-23,INTC,1,0.47347613343039135,12
2025-10-23,MSFT,1,0.3727112950282991,12
2025-10-23,NVDA,1,0.4144943507580292,12
2025-10-23,PFE,0,0.7976887576138739,12
2025-10-23,PYPL,1,0.42119956555299765,12
2025-10-23,ZM,1,0.48135994133723975,12
2025-10-24,AAPL,1,0.3480331452716549,12
2025-10-24,AMZN,1,0.3922671539783047,12
2025-10-24,GOOGL,1,0.2887139382540203,12
2025-10-24,INTC,1,0.3733610771952699,12
2025-10-24,MSFT,1,0.37687587182260457,12
2025-10-24,NVDA,1,0.38994231427769205,12
2025-10-24,PFE,0,0.6590460091717373,12
2025-10-24,PYPL,1,0.33103440734857437,12
2025-10-24,ZM,0,0.34479530640568856,12
2025-10-27,AAPL,0,0.2553156040966463,12
2025-10-27,AMZN,0,0.4829127659010957,12
2025-10-27,GOOGL,1,0.20593598074888236,12
2025-10-27,INTC,1,0.580858444890694,12
2025-10-27,MSFT,1,0.44668565338952254,12
2025-10-27,NVDA,1,0.40385427290762355,12
2025-10-27,PFE,0,0.5997333112618171,12
2025-10-27,PYPL,1,0.24681456073274316,12
2025-10-27,ZM,0,0.3266089671512084,12
2025-10-28,AAPL,0,0.22913700820566432,12
2025-10-28,AMZN,0,0.3271475267239499,12
2025-10-28,GOOGL,1,0.27794570421923354,12
2025-10-28,INTC,0,0.43805036653474777,12
2025-10-28,MSFT,0,0.7892674735626477,12
2025-10-28,NVDA,1,0.347616794055938,12
2025-10-28,PFE,1,0.8145908903903433,12
2025-10-28,PYPL,0,0.3662632928468501,12
2025-10-28,ZM,0,0.5046145909444623,12
2025-10-29,AAPL,0,0.46434390623512234,12
2025-10-29,AMZN,0,0.23159086411876278,12
2025-10-29,GOOGL,1,0.25672778961947956,12
2025-10-29,INTC,0,0.6761153711248198,12
2025-10-29,MSFT,0,0.7419764813307957,12
2025-10-29,NVDA,0,0.350244092969071,12
2025-10-29,PFE,1,0.5672592330955143,12
2025-10-29,PYPL,0,0.3993010748361111,12
2025-10-29,ZM,1,0.5418595176866358,12
2025-10-30,AAPL,0,0.5179852864863996,12
2025-10-30,AMZN,1,0.18347635972947116,12
2025-10-30,GOOGL,0,0.36171394682713826,12
2025-10-30,INTC,0,0.3897808060511273,12
2025-10-30,MSFT,0,0.2672191075746453,12
2025-10-30,NVDA,0,0.5252480922977504,12
2025-10-30,PFE,1,0.22422221967179232,12
2025-10-30,PYPL,0,0.6959367681692165,12
2025-10-30,ZM,1,0.5043419395898978,12
2025-10-31,AAPL,0,0.4938263122644134,12
2025-10-31,AMZN,1,0.10786878395724987,12
2025-10-31,GOOGL,0,0.24077966217485897,12
2025-10-31,INTC,0,0.3923022566884793,12
2025-10-31,MSFT,0,0.12181599364966116,12
2025-10-31,NVDA,0,0.10744660658666802,12
2025-10-31,PFE,1,0.22390701060846863,12
2025-10-31,PYPL,0,0.2986114440330137,12
2025-10-31,ZM,0,0.5745622178914727,12
2025-11-03,AAPL,0,0.540148090290715,12
2025-11-03,AMZN,0,0.04935374530622686,12
2025-11-03,GOOGL,0,0.3120814297864481,12
2025-11-03,INTC,0,0.4852828527959293,12
2025-11-03,MSFT,0,0.18053644644831318,12
2025-11-03,NVDA,0,0.06963436351767226,12
2025-11-03,PFE,1,0.3210801473076676,12
2025-11-03,PYPL,0,0.3940684194100063,12
2025-11-03,ZM,0,0.5198240571570794,12
2025-11-04,AAPL,0,0.3708597420254564,12
2025-11-04,AMZN,0,0.4547064829232432,12
2025-11-04,GOOGL,1,0.37678295419348007,12
2025-11-04,INTC,1,0.2501996643945006,12
2025-11-04,MSFT,0,0.1419625643341346,12
2025-11-04,NVDA,0,0.18097718259891088,12
2025-11-04,PFE,1,0.7346814460567985,12
2025-11-04,PYPL,0,0.49709549786075846,12
2025-11-04,ZM,0,0.5032286072238522,12
2025-11-05,AAPL,0,0.3315757827568849,12
2025-11-05,AMZN,0,0.495934737362467,12
2025-11-05,GOOGL,0,0.12172206715504555,12
2025-11-05,INTC,0,0.3580784289388709,12
2025-11-05,MSFT,0,0.11498110551227422,12
2025-11-05,NVDA,0,0.13593132325177235,12
2025-11-05,PFE,1,0.607611335221618,12
2025-11-05,PYPL,0,0.43460784860501156,12
2025-11-05,ZM,0,0.37723245945048184,12
2025-11-06,AAPL,0,0.3900789085816421,12
2025-11-06,AMZN,0,0.6189371614820596,12
2025-11-06,GOOGL,0,0.39104084732544636,12
2025-11-06,INTC,1,0.3694642131832896,12
2025-11-06,MSFT,0,0.08670653678691852,12
2025-11-06,NVDA,0,0.1998571215211623,12
2025-11-06,PFE,1,0.6549207891803758,12
2025-11-06,PYPL,0,0.5564780459576587,12
2025-11-06,ZM,0,0.44491852457725767,12
2025-11-07,AAPL,1,0.4075656438425492,12
2025-11-07,AMZN,0,0.5722449253391622,12
2025-11-07,GOOGL,1,0.55349774308839,12
2025-11-07,INTC,0,0.33547164403696306,12
2025-11-07,MSFT,0,0.16166878071765914,12
2025-11-07,NVDA,1,0.10833478727967516,12
2025-11-07,PFE,1,0.7428833111162018,12
2025-11-07,PYPL,0,0.47721662618021615,12
2025-11-07,ZM,1,0.3110679088339864,12
2025-11-10,AAPL,1,0.2988171822777848,12
2025-11-10,AMZN,0,0.43435664062341217,12
2025-11-10,GOOGL,0,0.11536103933797581,12
2025-11-10,INTC,0,0.2203704922785368,12
2025-11-10,MSFT,0,0.18334152905345014,12
2025-11-10,NVDA,0,0.05686646112430551,12
2025-11-10,PFE,1,0.7804074210583047,12
2025-11-10,PYPL,0,0.46389530780889365,12
2025-11-10,ZM,0,0.36665725571240637,12
2025-11-11,AAPL,0,0.2543505666601484,12
2025-11-11,AMZN,0,0.5087554551115933,12
2025-11-11,GOOGL,0,0.3541385693887824,12
2025-11-11,INTC,0,0.3070724709819679,12
2025-11-11,MSFT,0,0.17595723502440616,12
2025-11-11,NVDA,0,0.28558753946122034,12
2025-11-11,PFE,0,0.42342314302945633,12
2025-11-11,PYPL,0,0.3132409795535656,12
2025-11-11,ZM,0,0.3886629351472967,12
2025-11-12,AAPL,0,0.48274416778594936,12
2025-11-12,AMZN,0,0.6349411199530585,12
2025-11-12,GOOGL,0,0.37023153335189535,12
2025-11-12,INTC,0,0.3177048612859715,12
2025-11-12,MSFT,0,0.16241995610281174,12
2025-11-12,NVDA,0,0.19213489515887297,12
2025-11-12,PFE,0,0.1831557685646787,12
2025-11-12,PYPL,0,0.5208151326836815,12
2025-11-12,ZM,0,0.5058073394741988,12
2025-11-13,AAPL,0,0.45523699313650146,12
2025-11-13,AMZN,0,0.7958900908296171,12
2025-11-13,GOOGL,0,0.4833473449993528,12
2025-11-13,INTC,0,0.242202637374956,12
2025-11-13,MSFT,0,0.09131548886303209,12
2025-11-13,NVDA,0,0.25680743292444874,12
2025-11-13,PFE,0,0.3032126215675263,12
2025-11-13,PYPL,0,0.534339583304581,12
2025-11-13,ZM,0,0.31103961332247904,12
2025-11-14,AAPL,0,0.16416865163586233,12
2025-11-14,AMZN,0,0.4638403839116275,12
2025-11-14,GOOGL,1,0.3577310450586374,12
2025-11-14,INTC,0,0.1993752538406305,12
2025-11-14,MSFT,0,0.16574941267514792,12
2025-11-14,NVDA,0,0.3191265981636549,12
2025-11-14,PFE,0,0.22370014952741205,12
2025-11-14,PYPL,0,0.40855682025626755,12
2025-11-14,ZM,0,0.3612900382568123,12
2025-11-17,AAPL,1,0.3371381854570885,12
2025-11-17,AMZN,0,0.56629027180367,12
2025-11-17,GOOGL,0,0.3157742107966177,12
2025-11-17,INTC,0,0.2048040079109373,12
2025-11-17,MSFT,0,0.1159363119432801,12
2025-11-17,NVDA,0,0.35663848921341135,12
2025-11-17,PFE,0,0.19210841704460704,12
2025-11-17,PYPL,0,0.32261544974740086,12
2025-11-17,ZM,0,0.6877704527172476,12
2025-11-18,AAPL,1,0.39008157022235973,12
2025-11-18,AMZN,0,0.4955045726220126,12
2025-11-18,GOOGL,1,0.37714780927931246,12
2025-11-18,INTC,0,0.17248626412561138,12
2025-11-18,MSFT,0,0.15702367911238657,12
2025-11-18,NVDA,1,0.48203749244216787,12
2025-11-18,PFE,0,0.26206441371504735,12
2025-11-18,PYPL,0,0.38638167692191394,12
2025-11-18,ZM,0,0.5605069061861229,12
2025-11-19,AAPL,1,0.4757179999772068,12
2025-11-19,AMZN,0,0.8268408032126717,12
2025-11-19,GOOGL,1,0.5145681576337885,12
2025-11-19,INTC,0,0.12523481232465675,12
2025-11-19,MSFT,0,0.0852287589229066,12
2025-11-19,NVDA,0,0.33949059280617955,12
2025-11-19,PFE,0,0.26634998257662107,12
2025-11-19,PYPL,0,0.6445759506484569,12
2025-11-19,ZM,0,0.5490248805436764,12
2025-11-20,AAPL,1,0.6460596076684705,12
2025-11-20,AMZN,1,0.6468685203290294,12
2025-11-20,GOOGL,1,0.8107069946670995,12
2025-11-20,INTC,0,0.3362580616691772,12
2025-11-20,MSFT,0,0.08700681478975814,12
2025-11-20,NVDA,0,0.3788762436807902,12
2025-11-20,PFE,1,0.3863613277780931,12
2025-11-20,PYPL,1,0.7712542294258615,12
2025-11-20,ZM,1,0.5398769966633673,12
2025-11-21,AAPL,1,0.8313447191805893,12
2025-11-21,AMZN,1,0.6755891975016124,12
2025-11-21,GOOGL,1,0.6113062089931226,12
2025-11-21,INTC,1,0.3291373222077895,12
2025-11-21,MSFT,1,0.10687799833571575,12
2025-11-21,NVDA,0,0.38521908234381974,12
2025-11-21,PFE,1,0.13372474897317665,12
2025-11-21,PYPL,1,0.3600113757540568,12
2025-11-21,ZM,1,0.4510246227982859,12
2025-11-24,AAPL,1,0.522603216616348,12
2025-11-24,AMZN,1,0.5109979788689915,12
2025-11-24,GOOGL,0,0.7048363037035262,12
2025-11-24,INTC,0,0.4468108538278483,12
2025-11-24,MSFT,0,0.22186259049009108,12
2025-11-24,NVDA,0,0.09322787925018171,12
2025-11-24,PFE,1,0.2361580996718028,12
2025-11-24,PYPL,1,0.6635757660062849,12
2025-11-24,ZM,1,0.4790744504801096,12
2025-11-25,AAPL,0,0.7212599832090336,12
2025-11-25,AMZN,0,0.4845089070152117,12
2025-11-25,GOOGL,0,0.5025944353841381,12
2025-11-25,INTC,1,0.29070420529029545,12
2025-11-25,MSFT,0,0.15176150980531936,12
2025-11-25,NVDA,0,0.2549700462316692,12
2025-11-25,PFE,0,0.3192583270541761,12
2025-11-25,PYPL,0,0.5424553414756534,12
2025-11-25,ZM,0,0.49361115233849523,12
2025-11-26,AAPL,0,0.6692619750228574,12
2025-11-26,AMZN,0,0.3540028250641717,12
2025-11-26,GOOGL,0,0.4585965095899806,12
2025-11-26,INTC,1,0.5244451365296858,12
2025-11-26,MSFT,0,0.19004905698288568,12
2025-11-26,NVDA,0,0.11964244491063722,12
2025-11-26,PFE,0,0.416443532907258,12
2025-11-26,PYPL,0,0.6387084615716425,12
2025-11-26,ZM,1,0.39201263050857815,12
2025-11-28,AAPL,0,0.8174193926783054,12
2025-11-28,AMZN,0,0.5763605433992812,12
2025-11-28,GOOGL,0,0.3950699853299767,12
2025-11-28,INTC,1,0.5556078377850345,12
2025-11-28,MSFT,0,0.12386176213365815,12
2025-11-28,NVDA,1,0.15870869271426052,12
2025-11-28,PFE,0,0.21691580587395742,12
2025-11-28,PYPL,0,0.7109425146469754,12
2025-11-28,ZM,1,0.30846749834571496,12
2025-12-01,AAPL,0,0.6702456690137699,12
2025-12-01,AMZN,0,0.46711277788386163,12
2025-12-01,GOOGL,0,0.5020683905192999,12
2025-12-01,INTC,1,0.5738579020818841,12
2025-12-01,MSFT,0,0.0910712418875252,12
2025-12-01,NVDA,0,0.1396442344639016,12
2025-12-01,PFE,1,0.26174131642464665,12
2025-12-01,PYPL,0,0.7234859600547675,12
2025-12-01,ZM,1,0.3770953193003155,12
2025-12-02,AAPL,0,0.39095287259315004,12
2025-12-02,AMZN,0,0.6621558908550983,12
2025-12-02,GOOGL,0,0.516019216507507,12
2025-12-02,INTC,0,0.46940139717798807,12
2025-12-02,MSFT,0,0.1456258064714701,12
2025-12-02,NVDA,0,0.20551370338827565,12
2025-12-02,PFE,1,0.48585431253107303,12
2025-12-02,PYPL,0,0.6419220627586991,12
2025-12-02,ZM,1,0.41889745481039964,12
2025-12-03,AAPL,0,0.5095824402630121,12
2025-12-03,AMZN,0,0.6248631578290503,12
2025-12-03,GOOGL,0,0.7827659836066643,12
2025-12-03,INTC,0,0.5128037734891908,12
2025-12-03,MSFT,0,0.11513116753427186,12
2025-12-03,NVDA,0,0.2699525298923189,12
2025-12-03,PFE,0,0.28155501199545585,12
2025-12-03,PYPL,0,0.7618364750461397,12
2025-12-03,ZM,1,0.46975342580138374,12
2025-12-04,AAPL,0,0.3614690830593462,12
2025-12-04,AMZN,0,0.6827046056934166,12
2025-12-04,GOOGL,0,0.8084790897387195,12
2025-12-04,INTC,1,0.3378785245958354,12
2025-12-04,MSFT,0,0.15225379807847786,12
2025-12-04,NVDA,0,0.3201655261740365,12
2025-12-04,PFE,0,0.26613207138239003,12
2025-12-04,PYPL,0,0.6644915514997933,12
2025-12-04,ZM,1,0.42469665571750576,12
2025-12-05,AAPL,0,0.3674778190511582,12
2025-12-05,AMZN,0,0.6515297888900248,12
2025-12-05,GOOGL,0,0.5533831277971651,12
2025-12-05,INTC,0,0.48569611080303776,12
2025-12-05,MSFT,0,0.18769313926269168,12
2025-12-05,NVDA,0,0.2608162121533045,12
2025-12-05,PFE,0,0.5463467102910079,12
2025-12-05,PYPL,0,0.6334183771794375,12
2025-12-05,ZM,0,0.4135517574617727,12
2025-12-08,AAPL,0,0.7228213080885052,12
2025-12-08,AMZN,0,0.7888074121947737,12
2025-12-08,GOOGL,0,0.8135885742944774,12
2025-12-08,INTC,0,0.4770327331189818,12
2025-12-08,MSFT,0,0.16621085750138645,12
2025-12-08,NVDA,0,0.37083081605838913,12
2025-12-08,PFE,0,0.6090974239330349,12
2025-12-08,PYPL,0,0.6324903714213723,12
2025-12-08,ZM,0,0.43745894666804,12
2025-12-09,AAPL,0,0.5152465115594488,12
2025-12-09,AMZN,0,0.6628032787049479,12
2025-12-09,GOOGL,0,0.8335379147638232,12
2025-12-09,INTC,0,0.38038090316991985,12
2025-12-09,MSFT,0,0.2557821410750552,12
2025-12-09,NVDA,0,0.34468703923825866,12
2025-12-09,PFE,1,0.4442142675223717,12
2025-12-09,PYPL,0,0.5512932929204533,12
2025-12-09,ZM,1,0.6089740895398059,12
