time,symbol,rank_score,hybrid_score,hybrid_alpha,fold
2020-01-02,AAPL,0.02633145095411255,2.8465214880547824,1.0,1
2020-01-03,AAPL,0.0015192115618804503,0.47522632891875505,1.0,1
2020-01-06,AAPL,0.003134709392655599,1.025804997047779,1.0,1
2020-01-07,AAPL,0.005350869653655234,0.4708417187957401,1.0,1
2020-01-08,AAPL,0.004368368347306117,1.118705626535974,1.0,1
2020-01-09,AAPL,0.0019646128466737946,0.9728285248282619,1.0,1
2020-01-10,AAPL,-0.008116616860865466,0.2014893025428135,1.0,1
2020-01-13,AAPL,0.01086354147204668,1.6202899111663278,1.0,1
2020-01-14,AAPL,-0.009504037539426635,0.1758703484144799,1.0,1
2020-01-15,AAPL,-0.004166073962306768,0.3466085079699057,1.0,1
2020-01-16,AAPL,-0.001962033459410354,0.8020948953971507,1.0,1
2020-01-17,AAPL,-0.00439403083659688,1.3639416687263464,1.0,1
2020-01-21,AAPL,-0.002976518960763546,0.6917265309786775,1.0,1
2020-01-22,AAPL,-0.0002784088387579546,1.0471784279596226,1.0,1
2020-01-23,AAPL,-0.002411390864552942,0.9013449946514498,1.0,1
2020-01-24,AAPL,0.0036844406358828245,1.5004115196312462,1.0,1
2020-01-27,AAPL,0.01409298742762269,1.5426153301403973,1.0,1
2020-01-28,AAPL,0.009554889430143739,1.4382120106984952,1.0,1
2020-01-29,AAPL,0.008029280652874912,1.1790982163814534,1.0,1
2020-01-30,AAPL,0.008142081687616855,1.0940557935891575,1.0,1
2020-01-31,AAPL,0.020563915380069936,0.6936901932082666,1.0,1
2020-02-03,AAPL,0.01209571329195791,0.4552876312560548,1.0,1
2020-02-04,AAPL,0.005428353874994248,-0.12692752585966266,1.0,1
2020-02-05,AAPL,0.013959530143870425,0.6367503111011601,1.0,1
2020-02-06,AAPL,0.002893169720885963,0.007467606881489786,1.0,1
2020-02-07,AAPL,-0.0009403447348097338,-0.5234584991156863,1.0,1
2020-02-10,AAPL,-0.0017010994404027114,-0.6538998401215539,1.0,1
2020-02-11,AAPL,0.006113572923884022,-0.5583915040184009,1.0,1
2020-02-12,AAPL,0.0064434836090099925,-0.02632658814548372,1.0,1
2020-02-13,AAPL,0.00813563568279242,0.06154556673722339,1.0,1
2020-02-14,AAPL,0.004139599977534682,-0.08530059563464854,1.0,1
2020-02-18,AAPL,0.010119060129588695,-0.11812834239019121,1.0,1
2020-02-19,AAPL,0.007395243006996144,-0.14302493087297452,1.0,1
2020-02-20,AAPL,0.00900065810827792,-0.022602321224571176,1.0,1
2020-02-21,AAPL,0.009884486763392222,0.003289606410682211,1.0,1
2020-02-24,AAPL,0.019124429081185067,0.24684489319188774,1.0,1
2020-02-25,AAPL,0.030788415153812195,0.5786514004514111,1.0,1
2020-02-26,AAPL,0.024008559488069434,0.45730435311968753,1.0,1
2020-02-27,AAPL,0.018983515028717583,-0.37398633973014,1.0,1
2020-02-28,AAPL,0.022550691970551113,-0.1557910487280062,1.0,1
2020-03-02,AAPL,0.0032702653034104054,0.25371563954726056,1.0,1
2020-03-03,AAPL,0.01757493223365766,0.522740738290207,1.0,1
2020-03-04,AAPL,-0.0038610695435367377,0.3189944805222555,1.0,1
2020-03-05,AAPL,0.015445469423084569,0.9328982255845584,1.0,1
2020-03-06,AAPL,-0.007283487050347792,-0.23072180754710253,1.0,1
2020-03-09,AAPL,0.0024858320235332525,0.0350637594408591,1.0,1
2020-03-10,AAPL,0.012772317408209624,0.24051364868400643,1.0,1
2020-03-11,AAPL,-0.003937497538330514,-0.12761725198900203,1.0,1
2020-03-12,AAPL,-0.0011426578102718653,-0.16650678909361524,1.0,1
2020-03-13,AAPL,-0.03126569671505097,-0.6579279288117841,1.0,1
2020-03-16,AAPL,3.660489593475247e-05,0.04305942699601978,1.0,1
2020-03-17,AAPL,-0.01926342981937275,0.02260207146096055,1.0,1
2020-03-18,AAPL,-0.0067231964807240325,0.10000436199158236,1.0,1
2020-03-19,AAPL,-0.015238850557809451,0.2971355781929135,1.0,1
2020-03-20,AAPL,-0.0054780301908219625,0.24854036364706322,1.0,1
2020-03-23,AAPL,-0.011388563102560747,0.1852230728982054,1.0,1
2020-03-24,AAPL,-0.029097807527622557,-0.38642775744640157,1.0,1
2020-03-25,AAPL,-0.015918776014367943,0.1537062045841845,1.0,1
2020-03-26,AAPL,0.02351748527202301,1.2264542398913298,1.0,1
2020-03-27,AAPL,0.03801036377440737,0.8247607391926625,1.0,1
2020-03-30,AAPL,-0.03337220939653143,-0.9519098544825166,1.0,1
2020-03-31,AAPL,-0.015246370387577765,-1.0451527486746373,1.0,1
2020-04-01,AAPL,-0.01746284782724908,-0.5893316342352164,1.0,1
2020-04-02,AAPL,-0.023733555835069944,-2.095080079472864,1.0,1
2020-04-03,AAPL,-0.019864778244173927,-1.5851855469365512,1.0,1
2020-04-06,AAPL,0.0023718489980632186,-0.9086446665967327,1.0,1
2020-04-07,AAPL,0.038457383011187986,-0.4803510830086788,1.0,1
2020-04-08,AAPL,0.022230232728780722,-0.7164746049938786,1.0,1
2020-04-09,AAPL,0.028586032716368427,-0.35479773007051263,1.0,1
2020-04-13,AAPL,0.012120970648110472,-0.08029116582737772,1.0,1
2020-04-14,AAPL,-0.0032937376647856928,-0.40148871080237347,1.0,1
2020-04-15,AAPL,0.012843593866451444,-0.011932136717322517,1.0,1
2020-04-16,AAPL,-0.0030889740026664994,0.27644870068573757,1.0,1
2020-04-17,AAPL,0.0011149719590082588,0.13122381314469478,1.0,1
2020-04-20,AAPL,0.009416098865880343,0.35787950108675615,1.0,1
2020-04-21,AAPL,0.0668220990472353,1.1694322200982756,1.0,1
2020-04-22,AAPL,0.014197620526869396,0.06699672299883119,1.0,1
2020-04-23,AAPL,0.019694731166440542,-0.7159890273479378,1.0,1
2020-04-24,AAPL,-0.0016727479572635079,-0.5956673261951995,1.0,1
2020-04-27,AAPL,-0.000715965559147787,-0.1764992459150881,1.0,1
2020-04-28,AAPL,0.007430229142543503,1.0926754641837602,1.0,1
2020-04-29,AAPL,-0.005562138806013616,-0.2364888216665601,1.0,1
2020-04-30,AAPL,0.002384342089755065,0.3112110612120056,1.0,1
2020-05-01,AAPL,0.0019335718037093367,-0.1395783009860475,1.0,1
2020-05-04,AAPL,0.003190526961991299,0.1490577852366936,1.0,1
2020-05-05,AAPL,0.004441839279363404,0.4344029255349875,1.0,1
2020-05-06,AAPL,0.013681351513083731,0.453796515723087,1.0,1
2020-05-07,AAPL,0.008826603817136687,0.2985592508127319,1.0,1
2020-05-08,AAPL,-0.004681642034167569,0.0991473342537931,1.0,1
2020-05-11,AAPL,0.0044930481066476945,0.5691072047812755,1.0,1
2020-05-12,AAPL,0.0027190164612759986,0.23272674420177308,1.0,1
2020-05-13,AAPL,0.01455350303707833,0.9889280700032002,1.0,1
2020-05-14,AAPL,0.013297250582313569,0.8899667141472586,1.0,1
2020-05-15,AAPL,0.01420375854946099,0.9889267195826572,1.0,1
2020-05-18,AAPL,0.013326204244862094,0.8653240063457637,1.0,1
2020-05-19,AAPL,0.008253331452279494,0.7515200500628876,1.0,1
2020-05-20,AAPL,0.0018942629857347164,0.6938458775645148,1.0,1
2020-05-21,AAPL,0.006840151584426013,0.5072729942687535,1.0,1
2020-05-22,AAPL,0.003515365270010878,0.3744826801937278,1.0,1
2020-05-26,AAPL,0.00869144836731721,0.5397061219249999,1.0,1
2020-05-27,AAPL,0.007196348701035839,0.5151783275450258,1.0,1
2020-05-28,AAPL,0.008896219651091537,0.38439596613614857,1.0,1
2020-05-29,AAPL,0.014594969062021757,0.8316683161728513,1.0,1
2020-06-01,AAPL,0.007101495530617948,0.28229923382529987,1.0,1
2020-06-02,AAPL,0.004610630265420456,0.1929077524816738,1.0,1
2020-06-03,AAPL,0.002352907628842195,0.1666682435715398,1.0,1
2020-06-04,AAPL,0.0014797725675652776,0.04005834719310508,1.0,1
2020-06-05,AAPL,-0.007726759271456572,-0.2919438500627623,1.0,1
2020-06-08,AAPL,-0.006590587185974047,-0.592191286546638,1.0,1
2020-06-09,AAPL,-0.00955549834389467,-0.32342010658880394,1.0,1
2020-06-10,AAPL,-0.012944619319622755,-0.5426141500602072,1.0,1
2020-06-11,AAPL,-0.007495618592815295,-0.2364436086895359,1.0,1
2020-06-12,AAPL,-0.00807092321549752,-0.07878354602914611,1.0,1
2020-06-15,AAPL,-0.0007743644393387621,0.5077904539595631,1.0,1
2020-06-16,AAPL,-0.0037175628692971098,0.2888490993628286,1.0,1
2020-06-17,AAPL,-0.007939276487410923,-0.14034704200120618,1.0,1
2020-06-18,AAPL,-0.020027058951351984,-0.3949768150609302,1.0,1
2020-06-19,AAPL,-0.008688448769397134,0.1645205719977499,1.0,1
2020-06-22,AAPL,-0.018884456267192807,-0.3215184494479613,1.0,1
2020-06-23,AAPL,-0.018671688012127777,-0.5548779074232966,1.0,1
2020-06-24,AAPL,-0.005075170282183826,0.06257900113111968,1.0,1
2020-06-25,AAPL,-0.02076386011679562,-0.7963136799081397,1.0,1
2020-06-26,AAPL,0.009116368669894832,1.1157568520203527,1.0,1
2020-06-29,AAPL,-0.0054485199700709,0.336062745476704,1.0,1
2020-06-30,AAPL,-1.3572607315105908e-05,0.5811103221612217,1.0,1
2020-01-02,AMZN,-0.00026004354473477964,-0.7934612067707959,1.0,1
2020-01-03,AMZN,0.00855563897711019,-0.16409225903073962,1.0,1
2020-01-06,AMZN,0.004198005623303128,0.2900869628244645,1.0,1
2020-01-07,AMZN,0.004548486627799362,0.10534545054138805,1.0,1
2020-01-08,AMZN,0.004157403873720837,-0.2559455844673583,1.0,1
2020-01-09,AMZN,0.004914219696866838,-0.05334923314723,1.0,1
2020-01-10,AMZN,0.006022948204065611,-0.14042352103217828,1.0,1
2020-01-13,AMZN,0.008102342948104914,-0.2865707056180099,1.0,1
2020-01-14,AMZN,0.009895832514039492,0.5930349101834563,1.0,1
2020-01-15,AMZN,0.01066874472882329,0.3728002429573046,1.0,1
2020-01-16,AMZN,0.010161295672841433,-0.04533477716585821,1.0,1
2020-01-17,AMZN,0.00950817947137729,-0.43507776797678366,1.0,1
2020-01-21,AMZN,0.006927937429949208,-0.5085687540849098,1.0,1
2020-01-22,AMZN,0.005265465724239168,-0.4992119839503652,1.0,1
2020-01-23,AMZN,0.0051238532846633695,-0.6281400065021722,1.0,1
2020-01-24,AMZN,0.0009070796175040448,-0.9595507990741962,1.0,1
2020-01-27,AMZN,3.360891336534903e-05,-3.194717804586455,1.0,1
2020-01-28,AMZN,-0.00034021165256165194,-2.008526496698864,1.0,1
2020-01-29,AMZN,-0.00017420918934632384,-2.060522187498115,1.0,1
2020-01-30,AMZN,0.0019125694062124988,-1.4783804723052485,1.0,1
2020-01-31,AMZN,-0.013359588618034298,-0.5740282381324362,1.0,1
2020-02-03,AMZN,-0.01504826268349471,-1.0966618944096884,1.0,1
2020-02-04,AMZN,-0.009237318045764076,-1.0182982552023616,1.0,1
2020-02-05,AMZN,-0.009176386848967188,-1.0212012930753502,1.0,1
2020-02-06,AMZN,-0.012369984946731825,-0.9696723581563598,1.0,1
2020-02-07,AMZN,-0.019085988208383545,-1.0794609566027245,1.0,1
2020-02-10,AMZN,-0.026251812628531133,-0.8004508277433182,1.0,1
2020-02-11,AMZN,-0.02748672570256347,-1.279858712039076,1.0,1
2020-02-12,AMZN,-0.027055074444601247,-1.3718501165957582,1.0,1
2020-02-13,AMZN,-0.028350198462784124,-0.88433717239616,1.0,1
2020-02-14,AMZN,-0.0007625933364696295,0.7743542819916793,1.0,1
2020-02-18,AMZN,-0.0008833958569745874,0.4373452651114562,1.0,1
2020-02-19,AMZN,-0.00036471650205200284,0.3094831675121439,1.0,1
2020-02-20,AMZN,-0.009765137095406018,-0.05156823918767217,1.0,1
2020-02-21,AMZN,-0.01137016376450063,-0.05943113088756047,1.0,1
2020-02-24,AMZN,0.00022182826035350682,0.2195261763301072,1.0,1
2020-02-25,AMZN,0.0025087497810448167,0.07312499661541239,1.0,1
2020-02-26,AMZN,0.007159956442623829,0.2234399696596662,1.0,1
2020-02-27,AMZN,0.019029046613138926,0.41392648568258805,1.0,1
2020-02-28,AMZN,0.016324780822298556,0.36259336682374693,1.0,1
2020-03-02,AMZN,0.00089599590565432,0.14248842497037278,1.0,1
2020-03-03,AMZN,0.002753133234907956,-0.11654000548449506,1.0,1
2020-03-04,AMZN,-0.015699745455416237,-0.46536909078132627,1.0,1
2020-03-05,AMZN,-0.012015873021331109,-0.30504008096217794,1.0,1
2020-03-06,AMZN,-0.015393684691979726,-0.4008956969202684,1.0,1
2020-03-09,AMZN,-0.0007759468398761602,0.018092912920282145,1.0,1
2020-03-10,AMZN,-0.02977700364392864,-1.141627521062159,1.0,1
2020-03-11,AMZN,-0.03386744693370857,-1.3776374490317382,1.0,1
2020-03-12,AMZN,-0.02342776524228087,-0.6289019861396032,1.0,1
2020-03-13,AMZN,-0.04088443036445933,-1.1517659759911312,1.0,1
2020-03-16,AMZN,-0.016902185521392846,-0.11768780205197085,1.0,1
2020-03-17,AMZN,-0.04088443036445933,-0.2563172733360146,1.0,1
2020-03-18,AMZN,-0.038286782267624185,-0.4240537159102681,1.0,1
2020-03-19,AMZN,-0.04434679394675121,-0.01686859228653137,1.0,1
2020-03-20,AMZN,-0.045019515656657905,-0.0646504740345315,1.0,1
2020-03-23,AMZN,-0.010002614676983223,1.0015758084222397,1.0,1
2020-03-24,AMZN,-0.002590048360309205,2.3366220392898525,1.0,1
2020-03-25,AMZN,0.01592761623322669,2.5403615179437344,1.0,1
2020-03-26,AMZN,-0.04421319508571816,-0.6610994358763823,1.0,1
2020-03-27,AMZN,0.011938846283519919,0.6157676088138566,1.0,1
2020-03-30,AMZN,-0.02925606182886318,0.2507395101284189,1.0,1
2020-03-31,AMZN,0.004941051892762243,0.951139203951809,1.0,1
2020-04-01,AMZN,0.004309553884171749,1.4577684613453625,1.0,1
2020-04-02,AMZN,0.022039445982643763,1.8512114190498241,1.0,1
2020-04-03,AMZN,0.003257201396016061,1.097004367815934,1.0,1
2020-04-06,AMZN,-0.005276497222262949,0.8542978123979099,1.0,1
2020-04-07,AMZN,0.005473047196442435,0.784013328610324,1.0,1
2020-04-08,AMZN,-0.028439322941832594,0.41221433366484816,1.0,1
2020-04-09,AMZN,-0.050980766220087,-0.9371277309214663,1.0,1
2020-04-13,AMZN,-0.07255423308358612,-0.500837357266321,1.0,1
2020-04-14,AMZN,-0.05667359282212026,-0.9431321338304913,1.0,1
2020-04-15,AMZN,-0.037598252856056356,-0.3654083660534311,1.0,1
2020-04-16,AMZN,-0.0466182349908766,-0.7528748576717136,1.0,1
2020-04-17,AMZN,-0.04812564380408392,-0.8339267237195698,1.0,1
2020-04-20,AMZN,-0.037598252856056356,-0.44473580761637266,1.0,1
2020-04-21,AMZN,-0.03985498511726921,-1.6177523224349333,1.0,1
2020-04-22,AMZN,-0.04045577688560418,0.08013889576552846,1.0,1
2020-04-23,AMZN,-0.029379860132298093,0.6722418949185052,1.0,1
2020-04-24,AMZN,-0.030234490309238464,0.9138640380902807,1.0,1
2020-04-27,AMZN,-0.014218360813112818,0.9274327225279932,1.0,1
2020-04-28,AMZN,-0.006791974694994241,1.0042612954057273,1.0,1
2020-04-29,AMZN,-0.01618097638848397,0.5019864823050948,1.0,1
2020-04-30,AMZN,-0.014620051557672412,0.5886838764779401,1.0,1
2020-05-01,AMZN,0.013821773019062287,0.479783887897728,1.0,1
2020-05-04,AMZN,0.005207063583690592,0.2398518432021849,1.0,1
2020-05-05,AMZN,-0.015828949402322937,0.20565149663001908,1.0,1
2020-05-06,AMZN,0.005653655741804324,0.22332761091439693,1.0,1
2020-05-07,AMZN,0.0036494994064576562,0.19951093879255877,1.0,1
2020-05-08,AMZN,-0.025789991117189492,-0.8434959325153938,1.0,1
2020-05-11,AMZN,-0.016599882763847756,-1.071610577811929,1.0,1
2020-05-12,AMZN,-0.009103374354936442,-0.99179173566277,1.0,1
2020-05-13,AMZN,-0.009592194636085585,-0.8782357211049264,1.0,1
2020-05-14,AMZN,-0.00494141068293241,-1.074975692207453,1.0,1
2020-05-15,AMZN,-0.0071154085486342875,-0.944127869611539,1.0,1
2020-05-18,AMZN,-0.0066537537467425386,-1.5354272260118278,1.0,1
2020-05-19,AMZN,-0.012428991157870786,-1.5457399539999344,1.0,1
2020-05-20,AMZN,-0.010479529719714194,-1.113275900043547,1.0,1
2020-05-21,AMZN,-0.00881210992526248,-1.6838133162917535,1.0,1
2020-05-22,AMZN,-0.0121388837126583,-1.872726318509805,1.0,1
2020-05-26,AMZN,-0.013798171252137748,-1.7060866395531913,1.0,1
2020-05-27,AMZN,-0.0075268843869991265,-1.4821654150923864,1.0,1
2020-05-28,AMZN,-0.009730132255480547,-1.9384275086815745,1.0,1
2020-05-29,AMZN,-0.013770473206359097,-1.7410585188227181,1.0,1
2020-06-01,AMZN,0.007887999449127091,0.09788788439407542,1.0,1
2020-06-02,AMZN,0.007365432744481018,0.070517842417817,1.0,1
2020-06-03,AMZN,0.006384717713298423,0.2290109238271964,1.0,1
2020-06-04,AMZN,0.008164072028463663,0.22763441662079298,1.0,1
2020-06-05,AMZN,0.008469988357755767,0.24602788559637467,1.0,1
2020-06-08,AMZN,0.005410052059459112,0.044107916032321615,1.0,1
2020-06-09,AMZN,-0.00272824181326543,-0.053734278625105006,1.0,1
2020-06-10,AMZN,-0.007787639687066836,-0.2715190351214321,1.0,1
2020-06-11,AMZN,0.0012003852411574287,0.11226474211533184,1.0,1
2020-06-12,AMZN,0.00350001431485596,0.24945588653228182,1.0,1
2020-06-15,AMZN,0.006854376216228096,0.5002436759908607,1.0,1
2020-06-16,AMZN,0.006925638003428208,0.6141642120076072,1.0,1
2020-06-17,AMZN,0.005972176319413117,0.28266482450858316,1.0,1
2020-06-18,AMZN,-0.00365169157709677,0.21420022833386976,1.0,1
2020-06-19,AMZN,-0.0048976700341998355,0.3179517016955103,1.0,1
2020-06-22,AMZN,-0.004373232117041048,0.4308302651376624,1.0,1
2020-06-23,AMZN,-0.005080503602352199,0.36671413057532504,1.0,1
2020-06-24,AMZN,-0.001791186821641561,0.3518940812527237,1.0,1
2020-06-25,AMZN,-0.00737488184188124,0.16642637869104676,1.0,1
2020-06-26,AMZN,0.0037955072535081494,0.7419117755835078,1.0,1
2020-06-29,AMZN,0.009735706914633775,0.6835394668224646,1.0,1
2020-06-30,AMZN,0.005979964011026087,0.7692880989317261,1.0,1
2020-01-02,GOOGL,0.008984148919712833,-0.32670726678895845,1.0,1
2020-01-03,GOOGL,0.021408166239613387,0.4934108745762119,1.0,1
2020-01-06,GOOGL,0.004170199300362447,-0.6367787926832403,1.0,1
2020-01-07,GOOGL,-0.001208348767707681,-1.4322656042256403,1.0,1
2020-01-08,GOOGL,-0.0021480285775822353,-1.7698676328460419,1.0,1
2020-01-09,GOOGL,-0.004343576764688652,-1.7564999810719026,1.0,1
2020-01-10,GOOGL,-0.0020323189765645328,-1.1297634294806989,1.0,1
2020-01-13,GOOGL,0.0068489013786058395,-0.5115113655455765,1.0,1
2020-01-14,GOOGL,0.002738322349704375,-0.19576993752364344,1.0,1
2020-01-15,GOOGL,0.0019447073212131914,-0.3383861043625637,1.0,1
2020-01-16,GOOGL,0.0013911609379250616,-0.3171278627126634,1.0,1
2020-01-17,GOOGL,-0.00571129774116541,-0.04681435404146328,1.0,1
2020-01-21,GOOGL,-0.0005827335050913925,-0.1722833132443753,1.0,1
2020-01-22,GOOGL,0.004357451933407881,0.49489635395328346,1.0,1
2020-01-23,GOOGL,-0.006117886081448615,-0.23555662769805685,1.0,1
2020-01-24,GOOGL,0.003299390501692086,0.7401064531133106,1.0,1
2020-01-27,GOOGL,0.013739983799767331,1.0656239859498162,1.0,1
2020-01-28,GOOGL,0.014536914313779525,1.5287574020451553,1.0,1
2020-01-29,GOOGL,0.013843517148295062,1.4588398988591829,1.0,1
2020-01-30,GOOGL,0.019148496040281977,2.201161630657485,1.0,1
2020-01-31,GOOGL,0.025829823604739205,1.365061438017087,1.0,1
2020-02-03,GOOGL,0.00404565481846844,0.45188918121222243,1.0,1
2020-02-04,GOOGL,0.022736967310102153,0.7262063127222452,1.0,1
2020-02-05,GOOGL,0.026297042017193527,0.836667506404063,1.0,1
2020-02-06,GOOGL,0.020809979681545254,1.0092580147788464,1.0,1
2020-02-07,GOOGL,0.02074600175952402,1.2139910526291562,1.0,1
2020-02-10,GOOGL,0.02093188154972101,0.8256202724624683,1.0,1
2020-02-11,GOOGL,0.018525794834255437,0.8747893970664912,1.0,1
2020-02-12,GOOGL,0.014351687602409364,0.7801815473649394,1.0,1
2020-02-13,GOOGL,0.020248820190509022,0.9032196770282661,1.0,1
2020-02-14,GOOGL,0.007227507066869779,0.28950920051584306,1.0,1
2020-02-18,GOOGL,0.015292805566070197,0.4891435217699096,1.0,1
2020-02-19,GOOGL,0.014954441986440964,0.336720119438361,1.0,1
2020-02-20,GOOGL,0.014901722811991673,0.3543654247040937,1.0,1
2020-02-21,GOOGL,0.024291479778882935,0.803214509243669,1.0,1
2020-02-24,GOOGL,0.02068705552298241,0.49443386029163405,1.0,1
2020-02-25,GOOGL,0.02447908466630068,0.4731054305892405,1.0,1
2020-02-26,GOOGL,0.023045390294551295,0.5890008604180659,1.0,1
2020-02-27,GOOGL,0.03583246201824436,0.5373333183778235,1.0,1
2020-02-28,GOOGL,0.034683270317258125,1.0293681895094973,1.0,1
2020-03-02,GOOGL,0.010293915623166535,0.6647517308917299,1.0,1
2020-03-03,GOOGL,0.021778508420443075,0.47441753277472376,1.0,1
2020-03-04,GOOGL,0.009565868541680267,1.3316032567684906,1.0,1
2020-03-05,GOOGL,0.014615587846644797,0.8668857204114195,1.0,1
2020-03-06,GOOGL,0.01493632237454983,0.833368158719369,1.0,1
2020-03-09,GOOGL,-0.00588990784323684,-0.6430325277240126,1.0,1
2020-03-10,GOOGL,-0.03229314327039246,-1.5710165742421291,1.0,1
2020-03-11,GOOGL,-0.008475540755858544,-0.728003921681332,1.0,1
2020-03-12,GOOGL,0.011771560399890236,0.0009034201231584715,1.0,1
2020-03-13,GOOGL,-0.028577567862027614,-1.025871431104665,1.0,1
2020-03-16,GOOGL,-0.0026964374187774106,-0.27532384627719697,1.0,1
2020-03-17,GOOGL,-0.026330060593452678,-0.6215475660429699,1.0,1
2020-03-18,GOOGL,-0.009504789252768587,-0.30986305475016246,1.0,1
2020-03-19,GOOGL,-0.02466651084262859,-0.25468415964352226,1.0,1
2020-03-20,GOOGL,-0.0054780301908219625,0.18250665373809194,1.0,1
2020-03-23,GOOGL,-0.01642809320611949,0.014510330019988138,1.0,1
2020-03-24,GOOGL,-0.042121463569109625,-1.572257873080714,1.0,1
2020-03-25,GOOGL,-0.029914338634439156,-0.8730399799634573,1.0,1
2020-03-26,GOOGL,-0.03644372606054834,-1.816520749226569,1.0,1
2020-03-27,GOOGL,-0.0354440637832825,-1.764410654710581,1.0,1
2020-03-30,GOOGL,-0.0500383859567781,-1.910814863255462,1.0,1
2020-03-31,GOOGL,-0.02957803729171709,-1.6761047894924685,1.0,1
2020-04-01,GOOGL,-0.02288131195175425,-0.7291058037730752,1.0,1
2020-04-02,GOOGL,-0.026081533880399486,-1.942756156613748,1.0,1
2020-04-03,GOOGL,-0.021505350887142945,-1.5630507272779224,1.0,1
2020-04-06,GOOGL,0.0037625415903745504,-1.0767063715417322,1.0,1
2020-04-07,GOOGL,0.03274817270944006,-0.39093138809656947,1.0,1
2020-04-08,GOOGL,0.011829721323013818,-0.5064760582000907,1.0,1
2020-04-09,GOOGL,0.02572863614468931,-0.3619165928295087,1.0,1
2020-04-13,GOOGL,0.017961594164193108,0.23677216730361217,1.0,1
2020-04-14,GOOGL,-0.0007564929774051156,-0.3555190837543273,1.0,1
2020-04-15,GOOGL,0.012319562809444785,-0.035821827495018055,1.0,1
2020-04-16,GOOGL,-0.012323074685427633,-0.3480243026500359,1.0,1
2020-04-17,GOOGL,-0.014062265326332094,-0.6871112425543174,1.0,1
2020-04-20,GOOGL,-0.009190114377054932,-0.7898062691097264,1.0,1
2020-04-21,GOOGL,0.061451693814059793,0.6169943405073794,1.0,1
2020-04-22,GOOGL,-0.013634462523823563,-1.2429098511998231,1.0,1
2020-04-23,GOOGL,-0.0017316399920320436,-0.7766596055005041,1.0,1
2020-04-24,GOOGL,-0.001675937635288942,-0.542706570473152,1.0,1
2020-04-27,GOOGL,-0.0030363907784421765,-0.24300723877863828,1.0,1
2020-04-28,GOOGL,0.004906653186778137,0.5022855118623212,1.0,1
2020-04-29,GOOGL,-0.0006651563993440427,0.23862164949503767,1.0,1
2020-04-30,GOOGL,-0.010645418559405758,-0.04622878606613312,1.0,1
2020-05-01,GOOGL,-0.0009486815335012421,-0.2621402048203066,1.0,1
2020-05-04,GOOGL,-0.0023508916961854243,-0.1351903670245081,1.0,1
2020-05-05,GOOGL,-0.002998144624456206,0.2985615337190047,1.0,1
2020-05-06,GOOGL,0.01593347194855077,0.30871919828539607,1.0,1
2020-05-07,GOOGL,0.017263357792344263,0.6329650392843734,1.0,1
2020-05-08,GOOGL,0.0064210682132014845,0.4852177492810452,1.0,1
2020-05-11,GOOGL,0.012222497994075045,1.031501499081579,1.0,1
2020-05-12,GOOGL,0.013870492120070816,0.7853237998000079,1.0,1
2020-05-13,GOOGL,0.015861492938172506,0.9351738865845542,1.0,1
2020-05-14,GOOGL,0.02063041385636258,1.2977036510391926,1.0,1
2020-05-15,GOOGL,0.01948263696722856,1.1095697026295652,1.0,1
2020-05-18,GOOGL,0.018539833860651722,0.7053291792838177,1.0,1
2020-05-19,GOOGL,0.017432234708879616,0.9520072837681746,1.0,1
2020-05-20,GOOGL,0.019098138336930248,1.2663591847961817,1.0,1
2020-05-21,GOOGL,0.015828466770597693,0.4786906026131214,1.0,1
2020-05-22,GOOGL,0.012867575243698354,0.683996738306055,1.0,1
2020-05-26,GOOGL,0.012867575243698354,0.683827545826037,1.0,1
2020-05-27,GOOGL,0.008495082254974133,0.6688854984191915,1.0,1
2020-05-28,GOOGL,0.014492918356604817,-0.0818725131711697,1.0,1
2020-05-29,GOOGL,0.013276669462575733,0.5806670290767795,1.0,1
2020-06-01,GOOGL,0.014614772122774969,0.5208808258948565,1.0,1
2020-06-02,GOOGL,0.013927939485627506,0.5587364205691002,1.0,1
2020-06-03,GOOGL,0.008137191226448764,0.3073864505061471,1.0,1
2020-06-04,GOOGL,0.015307777277132855,0.6845973015869987,1.0,1
2020-06-05,GOOGL,0.015284829553850937,0.6946406381697836,1.0,1
2020-06-08,GOOGL,0.01500817715584901,0.5238609020171193,1.0,1
2020-06-09,GOOGL,0.015222060120024299,0.49413279861875603,1.0,1
2020-06-10,GOOGL,0.013299229323025245,0.674942625861049,1.0,1
2020-06-11,GOOGL,0.0261060200272578,1.0458594614786425,1.0,1
2020-06-12,GOOGL,0.02814531883937747,1.2938242393480734,1.0,1
2020-06-15,GOOGL,0.0280005868873972,1.2479085173196203,1.0,1
2020-06-16,GOOGL,0.022023381145540012,1.2190819256907313,1.0,1
2020-06-17,GOOGL,0.02480333598419683,1.1632032147663816,1.0,1
2020-06-18,GOOGL,0.020173853945747944,1.1916395656064322,1.0,1
2020-06-19,GOOGL,0.020292901225255466,1.2601541718096771,1.0,1
2020-06-22,GOOGL,0.018831753572312315,1.2119091644033673,1.0,1
2020-06-23,GOOGL,0.019474608887707835,1.5866338675966596,1.0,1
2020-06-24,GOOGL,0.022949667736515342,1.8178841295116812,1.0,1
2020-06-25,GOOGL,0.020190081933540778,1.5006826713927213,1.0,1
2020-06-26,GOOGL,0.015774253314145333,0.551152556459982,1.0,1
2020-06-29,GOOGL,0.016947287094322756,-0.12617785291439199,1.0,1
2020-06-30,GOOGL,0.01759052877816105,0.019698364047831207,1.0,1
2020-01-02,INTC,-0.0003164007892145045,-0.5715521924744988,1.0,1
2020-01-03,INTC,0.010037239380553871,0.12959917158428302,1.0,1
2020-01-06,INTC,0.010846594820460026,0.2665748150185548,1.0,1
2020-01-07,INTC,0.016912763054278187,0.1430007232923981,1.0,1
2020-01-08,INTC,0.015602764157154371,-0.04790403463289816,1.0,1
2020-01-09,INTC,0.00798020200890878,-0.7382772983014549,1.0,1
2020-01-10,INTC,0.011177068923529808,-0.684498347868223,1.0,1
2020-01-13,INTC,0.010669513747652735,-0.7619713110702537,1.0,1
2020-01-14,INTC,0.00559180684345103,-0.6691543017024608,1.0,1
2020-01-15,INTC,0.005264562183318815,-0.8593829924929195,1.0,1
2020-01-16,INTC,0.005299254688023536,-0.7189407783232367,1.0,1
2020-01-17,INTC,0.005264562183318815,-0.8088049052299859,1.0,1
2020-01-21,INTC,0.0057036156149566026,-0.9496535457443942,1.0,1
2020-01-22,INTC,0.00018757263182886763,-0.8000198720999975,1.0,1
2020-01-23,INTC,0.00568127236218418,-0.013602505704812473,1.0,1
2020-01-24,INTC,-0.003719580113882777,0.5632332040279024,1.0,1
2020-01-27,INTC,0.008188800234893606,1.5096630042046015,1.0,1
2020-01-28,INTC,0.0026197974633698803,1.0737687911710418,1.0,1
2020-01-29,INTC,0.008890462813425957,1.2946553702690062,1.0,1
2020-01-30,INTC,0.003607307445914773,0.6501428562873881,1.0,1
2020-01-31,INTC,0.01760083021316347,0.9933061521236385,1.0,1
2020-02-03,INTC,0.013740608787233894,0.9417148123858295,1.0,1
2020-02-04,INTC,0.012615447329947058,0.833618076428493,1.0,1
2020-02-05,INTC,0.005554248896735672,1.0758986501516383,1.0,1
2020-02-06,INTC,0.002092935973423414,1.061775705543454,1.0,1
2020-02-07,INTC,0.007641087085163951,1.3200269054951377,1.0,1
2020-02-10,INTC,0.007067276466364694,1.0364707626648584,1.0,1
2020-02-11,INTC,0.007774809932217033,1.3019519721994426,1.0,1
2020-02-12,INTC,0.004435435180995069,0.9985695796340069,1.0,1
2020-02-13,INTC,0.005299515467706969,1.1963402849328106,1.0,1
2020-02-14,INTC,-0.0006670673146880175,0.7380961108098263,1.0,1
2020-02-18,INTC,0.007691114284748975,0.7152379790009717,1.0,1
2020-02-19,INTC,0.013416839888056241,0.8805091359262944,1.0,1
2020-02-20,INTC,0.008755901463112134,0.22999882506951463,1.0,1
2020-02-21,INTC,0.010684110407265638,0.3195128061638677,1.0,1
2020-02-24,INTC,-0.000372172627764793,-0.8412919833220981,1.0,1
2020-02-25,INTC,0.005747909084322929,-0.6250519839657197,1.0,1
2020-02-26,INTC,0.010607438686136122,-0.5246859678477744,1.0,1
2020-02-27,INTC,0.008008839228362362,-0.791087176018641,1.0,1
2020-02-28,INTC,0.004716051489527925,-1.313680795497843,1.0,1
2020-03-02,INTC,-0.004509981059043342,-0.4994875972675847,1.0,1
2020-03-03,INTC,-0.0006238109450205652,-0.8245293046528915,1.0,1
2020-03-04,INTC,-0.009719862388448242,-0.45804255970302815,1.0,1
2020-03-05,INTC,-0.02811686158777544,-1.6513249049277192,1.0,1
2020-03-06,INTC,-0.025090479491196412,-1.5657311458290901,1.0,1
2020-03-09,INTC,-0.02471352717114502,-2.3610085552972113,1.0,1
2020-03-10,INTC,-0.028127652209089683,-1.707318879214514,1.0,1
2020-03-11,INTC,-0.006040858795251795,-0.8886734181669967,1.0,1
2020-03-12,INTC,-0.0016900782770225622,-0.6888742780308434,1.0,1
2020-03-13,INTC,-0.03876549862548425,-1.2841841258532558,1.0,1
2020-03-16,INTC,-0.016894754148404023,-0.9271038894645459,1.0,1
2020-03-17,INTC,-0.03641539346654327,-0.7524404028195375,1.0,1
2020-03-18,INTC,-0.018830439701512748,-0.6682945640803915,1.0,1
2020-03-19,INTC,-0.02818699244518498,-0.5898890771530045,1.0,1
2020-03-20,INTC,-0.02076189904872902,-0.29132523016237816,1.0,1
2020-03-23,INTC,-0.05116806552670023,-0.6422812006356965,1.0,1
2020-03-24,INTC,-0.03993876061660936,-0.9597849085928909,1.0,1
2020-03-25,INTC,-0.03753894154815457,-0.8070355088755452,1.0,1
2020-03-26,INTC,-0.0073545046741912215,0.4390317731749449,1.0,1
2020-03-27,INTC,0.033047670632872526,0.8806525709882773,1.0,1
2020-03-30,INTC,-0.01286998310910254,0.685431002453799,1.0,1
2020-03-31,INTC,0.03933764210925988,1.7799137922455497,1.0,1
2020-04-01,INTC,-0.013172420780193192,0.27346907456856495,1.0,1
2020-04-02,INTC,0.01800392974124058,1.0307506636388681,1.0,1
2020-04-03,INTC,0.0014193713301285486,0.681813636331523,1.0,1
2020-04-06,INTC,-0.012265859781747858,1.2942665994794536,1.0,1
2020-04-07,INTC,0.007297267517837606,1.1266883768626605,1.0,1
2020-04-08,INTC,-0.007311479728648708,1.405820090722543,1.0,1
2020-04-09,INTC,0.02965496333903052,2.3762957785912024,1.0,1
2020-04-13,INTC,0.0028626410163796944,0.5507951716743806,1.0,1
2020-04-14,INTC,0.0023745645189068333,1.6573465566153704,1.0,1
2020-04-15,INTC,0.038798767725383224,1.5470250617888803,1.0,1
2020-04-16,INTC,-0.0003339401687543705,1.5295247378876755,1.0,1
2020-04-17,INTC,0.007546318958334989,2.629694410012587,1.0,1
2020-04-20,INTC,0.02843402137522782,2.26502826254208,1.0,1
2020-04-21,INTC,0.06480592723135571,0.5980283525772381,1.0,1
2020-04-22,INTC,0.021165171242581462,1.0439890612868632,1.0,1
2020-04-23,INTC,0.05634323399017581,1.20672265084777,1.0,1
2020-04-24,INTC,0.05273670044046468,0.909188461034383,1.0,1
2020-04-27,INTC,0.03699144120560231,1.196230538462908,1.0,1
2020-04-28,INTC,0.0012853988793419945,-0.18279729016959545,1.0,1
2020-04-29,INTC,0.01939632409586246,0.7622196515652141,1.0,1
2020-04-30,INTC,0.015124609025927842,0.04823464041564807,1.0,1
2020-05-01,INTC,0.04939480388630108,-0.23856519658021358,1.0,1
2020-05-04,INTC,0.04446082321590588,0.06928660314293822,1.0,1
2020-05-05,INTC,-0.0017523501841252803,-1.7778224647339487,1.0,1
2020-05-06,INTC,0.013540390399225244,-1.1566881088896515,1.0,1
2020-05-07,INTC,0.015085066718929533,-0.4990107704453731,1.0,1
2020-05-08,INTC,-0.002131724271648236,-0.9155744777442072,1.0,1
2020-05-11,INTC,0.0028525076551563855,-0.8722052900225454,1.0,1
2020-05-12,INTC,0.0073276631958049815,-0.8885937037315954,1.0,1
2020-05-13,INTC,0.00577132181008952,-0.46774124469673495,1.0,1
2020-05-14,INTC,-0.0004695171399641784,-0.9452527518036536,1.0,1
2020-05-15,INTC,-0.0009607124497794213,-1.032254551055898,1.0,1
2020-05-18,INTC,0.004779129441006159,-0.8729415469701584,1.0,1
2020-05-19,INTC,0.006478055451162952,-0.22413822292354613,1.0,1
2020-05-20,INTC,0.003864771334986724,-0.29550591319290254,1.0,1
2020-05-21,INTC,0.007659548541344931,-0.4634339424166562,1.0,1
2020-05-22,INTC,0.006879756822905682,-0.23034645110664664,1.0,1
2020-05-26,INTC,0.006303589355583564,-0.3966122128983787,1.0,1
2020-05-27,INTC,0.007733664562209816,-0.15676592201015635,1.0,1
2020-05-28,INTC,0.014382246401249141,-0.8388372867102765,1.0,1
2020-05-29,INTC,0.006493017485632863,0.08025178041294523,1.0,1
2020-06-01,INTC,0.013277961718453007,0.4040058024500456,1.0,1
2020-06-02,INTC,0.007776901330897203,0.15785133848305383,1.0,1
2020-06-03,INTC,0.011156511426328626,0.4272944797050038,1.0,1
2020-06-04,INTC,0.005602518903205722,0.20384140156958658,1.0,1
2020-06-05,INTC,0.0049824225043260595,0.4197884889405628,1.0,1
2020-06-08,INTC,0.005838283223222579,0.13183055844439953,1.0,1
2020-06-09,INTC,0.009773854609188412,0.3298979439570303,1.0,1
2020-06-10,INTC,0.00929460076025682,0.6534689462760178,1.0,1
2020-06-11,INTC,0.007150646298295961,0.012572978959772996,1.0,1
2020-06-12,INTC,0.0063944467842803904,-0.15723058140638652,1.0,1
2020-06-15,INTC,0.004735448180569842,0.1128293720038146,1.0,1
2020-06-16,INTC,0.004151031962675118,0.028983535363490243,1.0,1
2020-06-17,INTC,0.0029829345998398653,-0.4770709541960316,1.0,1
2020-06-18,INTC,0.001950192154658512,-0.28438516620843424,1.0,1
2020-06-19,INTC,0.005230723352811804,0.011427245587514845,1.0,1
2020-06-22,INTC,0.005822522378065775,0.09426770761954328,1.0,1
2020-06-23,INTC,0.002805339976533281,-0.016865015474203715,1.0,1
2020-06-24,INTC,0.00011330869206511642,-0.49613308136929046,1.0,1
2020-06-25,INTC,0.008833575030308568,0.35662158900209096,1.0,1
2020-06-26,INTC,0.014330228671922346,0.24699473933014215,1.0,1
2020-06-29,INTC,0.004024361965133701,-1.1109284877854955,1.0,1
2020-06-30,INTC,0.008322206772005271,-0.6730659464332305,1.0,1
2020-01-02,MSFT,0.014574360206753423,0.451130928662631,1.0,1
2020-01-03,MSFT,0.015419131825314222,0.39287860248944695,1.0,1
2020-01-06,MSFT,0.015503908953751804,0.46586160019009826,1.0,1
2020-01-07,MSFT,0.013359301623445395,-0.16030065399548177,1.0,1
2020-01-08,MSFT,0.009825299690736347,-0.27224678388275425,1.0,1
2020-01-09,MSFT,0.010488212041179942,0.050306819633387845,1.0,1
2020-01-10,MSFT,0.009015738767203617,-0.18348341904430737,1.0,1
2020-01-13,MSFT,0.008483030495401696,-0.4126634404511248,1.0,1
2020-01-14,MSFT,0.009284308874914809,0.23268995616454013,1.0,1
2020-01-15,MSFT,0.008454957599895967,0.08589280027380769,1.0,1
2020-01-16,MSFT,0.007989108888898065,0.42668349212542667,1.0,1
2020-01-17,MSFT,0.001129715760983772,0.07698170751522311,1.0,1
2020-01-21,MSFT,0.007439362710840227,-0.059432400204063235,1.0,1
2020-01-22,MSFT,0.007063518359138807,-0.42268503860429213,1.0,1
2020-01-23,MSFT,0.008483030495401696,-0.0460660833627603,1.0,1
2020-01-24,MSFT,0.006616588182389977,0.5334620384265885,1.0,1
2020-01-27,MSFT,0.008181524770401872,-0.6251356867747125,1.0,1
2020-01-28,MSFT,0.00704359391432804,-0.038296663086239774,1.0,1
2020-01-29,MSFT,0.0054504856143686945,-0.09479220131608997,1.0,1
2020-01-30,MSFT,-0.005211825076841631,-0.7945626722368055,1.0,1
2020-01-31,MSFT,0.004860616137974581,0.4847938248493311,1.0,1
2020-02-03,MSFT,3.548768145330376e-05,0.2860540138270549,1.0,1
2020-02-04,MSFT,-0.007077889763970391,-0.03659404923764986,1.0,1
2020-02-05,MSFT,-0.00547023440679298,0.32432992402598143,1.0,1
2020-02-06,MSFT,-0.008534521383146504,0.3194080705798389,1.0,1
2020-02-07,MSFT,-0.009450285182900546,0.24097018390044767,1.0,1
2020-02-10,MSFT,-0.01593073339985917,0.24283644874961485,1.0,1
2020-02-11,MSFT,-0.0013470923944789205,0.5332030502380269,1.0,1
2020-02-12,MSFT,-0.0017183479560740561,0.47952456657991815,1.0,1
2020-02-13,MSFT,0.003107569191889239,0.7526632229715815,1.0,1
2020-02-14,MSFT,0.0027796948441068097,0.770944242057161,1.0,1
2020-02-18,MSFT,0.003408642226237207,0.43908075817179026,1.0,1
2020-02-19,MSFT,0.00409351798691484,0.4313392673381262,1.0,1
2020-02-20,MSFT,0.004772258554302238,0.5023935193601832,1.0,1
2020-02-21,MSFT,0.008850709309332029,0.6196546537028444,1.0,1
2020-02-24,MSFT,0.007918843313012017,0.32693379469080713,1.0,1
2020-02-25,MSFT,0.006372306370447445,0.0366638389551122,1.0,1
2020-02-26,MSFT,0.004940065413272406,-0.10846469376351743,1.0,1
2020-02-27,MSFT,0.02292646969424859,0.23577739692875863,1.0,1
2020-02-28,MSFT,0.01560785748740986,-0.0596785875874227,1.0,1
2020-03-02,MSFT,-0.013790472950014749,-0.46698133933190755,1.0,1
2020-03-03,MSFT,0.01625424789909494,0.5016901155401405,1.0,1
2020-03-04,MSFT,-0.019666618280670286,-0.8553589095825533,1.0,1
2020-03-05,MSFT,-0.019507887104654505,-0.7806042062569467,1.0,1
2020-03-06,MSFT,-0.04735553600833786,-2.3700856947050895,1.0,1
2020-03-09,MSFT,0.00045837902054197315,-0.18123553368178963,1.0,1
2020-03-10,MSFT,-0.03200684680319097,-1.478548636493191,1.0,1
2020-03-11,MSFT,-0.00275508156427567,-0.2718856723363541,1.0,1
2020-03-12,MSFT,0.00370910376554637,-0.06531377894393126,1.0,1
2020-03-13,MSFT,-0.03252883947176973,-0.6002030569360387,1.0,1
2020-03-16,MSFT,-0.002524303345484833,-0.10573686951043462,1.0,1
2020-03-17,MSFT,-0.024189664931485135,-0.18077143523943678,1.0,1
2020-03-18,MSFT,-0.0038299806703094913,0.11343498525664525,1.0,1
2020-03-19,MSFT,-0.027727415717010838,-0.08889920405354862,1.0,1
2020-03-20,MSFT,-0.0023137398193233856,0.5371371435722944,1.0,1
2020-03-23,MSFT,-0.025987248854242976,-0.01903391804287119,1.0,1
2020-03-24,MSFT,-0.028870962863263846,-0.1790123644523476,1.0,1
2020-03-25,MSFT,-0.03945521817965267,-0.8771947076856148,1.0,1
2020-03-26,MSFT,-0.021580395165508526,-0.2208471208376331,1.0,1
2020-03-27,MSFT,0.02359251519988806,0.4965019382657115,1.0,1
2020-03-30,MSFT,-0.030282398189161525,-0.3125608219781857,1.0,1
2020-03-31,MSFT,0.00306930586717227,0.33762343374003884,1.0,1
2020-04-01,MSFT,-0.012047582794097922,0.37079159196406575,1.0,1
2020-04-02,MSFT,0.04123464435160404,1.363707978486655,1.0,1
2020-04-03,MSFT,0.004076577693045678,0.5880058140694522,1.0,1
2020-04-06,MSFT,-0.016504487999355208,0.3442230074956801,1.0,1
2020-04-07,MSFT,-0.0124149585020617,-0.5242850211161258,1.0,1
2020-04-08,MSFT,-0.025015329910350808,-0.29651867718378655,1.0,1
2020-04-09,MSFT,0.000920739390707533,0.3611397469899129,1.0,1
2020-04-13,MSFT,-0.010797402245786637,-0.23049794933371975,1.0,1
2020-04-14,MSFT,-0.012844036703342299,0.206362729301512,1.0,1
2020-04-15,MSFT,-0.005457792315190571,-0.21706608917227607,1.0,1
2020-04-16,MSFT,-0.03924464090966028,-0.8550894065896519,1.0,1
2020-04-17,MSFT,-0.03877285716929092,-0.5240600743467947,1.0,1
2020-04-20,MSFT,-0.03862439169190774,-0.7807022157756389,1.0,1
2020-04-21,MSFT,0.044686360589486065,0.8714656769543649,1.0,1
2020-04-22,MSFT,-0.005516112771109803,0.43560450332246825,1.0,1
2020-04-23,MSFT,0.023101482733357298,0.3518868430653496,1.0,1
2020-04-24,MSFT,-0.0075963344845545785,-0.3823969669166341,1.0,1
2020-04-27,MSFT,-0.0009138244986119146,0.11483874340521927,1.0,1
2020-04-28,MSFT,-0.013366008879096291,-1.776127002960168,1.0,1
2020-04-29,MSFT,-0.023403066997938482,-0.9377965586356567,1.0,1
2020-04-30,MSFT,-0.024984892808975274,-0.9051236331138359,1.0,1
2020-05-01,MSFT,-0.012904168139122804,-1.5567409372957925,1.0,1
2020-05-04,MSFT,-0.019508476060627538,-1.4872514225815434,1.0,1
2020-05-05,MSFT,-0.018889237090253887,-0.9380227136878287,1.0,1
2020-05-06,MSFT,-0.003406329352105087,-0.7677655745252918,1.0,1
2020-05-07,MSFT,-0.005877910867579675,-0.6302685529626767,1.0,1
2020-05-08,MSFT,-0.01499467272573631,-0.8169716198610605,1.0,1
2020-05-11,MSFT,-0.015598052175915969,-0.8281831758477622,1.0,1
2020-05-12,MSFT,-0.003492863626002581,-0.49986583313762767,1.0,1
2020-05-13,MSFT,0.002943245272619749,-0.01665710725936026,1.0,1
2020-05-14,MSFT,-0.003129257809613729,-0.7006743931173233,1.0,1
2020-05-15,MSFT,-0.005187416208500772,-0.7301706185955666,1.0,1
2020-05-18,MSFT,-0.006536086469372469,-1.0829403221602738,1.0,1
2020-05-19,MSFT,0.0043570130883117016,-0.17710250892432977,1.0,1
2020-05-20,MSFT,-0.0012170957848123632,-0.4069146837078593,1.0,1
2020-05-21,MSFT,0.0015240201956310236,-0.604926903254138,1.0,1
2020-05-22,MSFT,0.0020786618648674965,-0.5440043651074797,1.0,1
2020-05-26,MSFT,0.003290069467476119,-0.6280012497488126,1.0,1
2020-05-27,MSFT,0.010027389782064177,-0.21862503848191195,1.0,1
2020-05-28,MSFT,0.007868613294063338,-0.8639205688196968,1.0,1
2020-05-29,MSFT,0.004017092494312937,-0.3174308625069305,1.0,1
2020-06-01,MSFT,0.007812180672261371,-0.10316533190212729,1.0,1
2020-06-02,MSFT,0.007425392088243888,-0.1362148926869261,1.0,1
2020-06-03,MSFT,0.005169803553970491,-0.06774290235917246,1.0,1
2020-06-04,MSFT,0.0054293941859351255,-0.23760389049112518,1.0,1
2020-06-05,MSFT,0.005011017937961941,-0.2309485886246232,1.0,1
2020-06-08,MSFT,0.004797134973786651,-0.3554815698258515,1.0,1
2020-06-09,MSFT,0.003290855097144652,-0.44896596704135394,1.0,1
2020-06-10,MSFT,-0.006965953223727435,-0.5873312198989423,1.0,1
2020-06-11,MSFT,0.010161617993474098,0.2145437191818763,1.0,1
2020-06-12,MSFT,0.005553348048098119,0.15006867139249508,1.0,1
2020-06-15,MSFT,0.004915012595101709,0.1466012983101994,1.0,1
2020-06-16,MSFT,0.004142222377540929,0.2885676472320162,1.0,1
2020-06-17,MSFT,0.004196768264207975,0.04500204764542798,1.0,1
2020-06-18,MSFT,-0.005585678803132755,0.07148317241609312,1.0,1
2020-06-19,MSFT,-0.006242114308520377,0.03428977973655789,1.0,1
2020-06-22,MSFT,-0.008613423875618436,0.062295749340729734,1.0,1
2020-06-23,MSFT,-0.010921176365845286,-0.22364048211570614,1.0,1
2020-06-24,MSFT,-0.008133255532779918,-0.41041243946578077,1.0,1
2020-06-25,MSFT,-0.01011091242765796,-0.23831981472898214,1.0,1
2020-06-26,MSFT,-0.004691620278044854,0.0522087416996746,1.0,1
2020-06-29,MSFT,-0.0035903701580768475,0.020916246237160818,1.0,1
2020-06-30,MSFT,-0.00679714201807936,-0.05883994080586158,1.0,1
2020-01-02,NVDA,0.0004917876200319519,0.7424128351408834,1.0,1
2020-01-03,NVDA,0.001114480611890614,0.26567195116942344,1.0,1
2020-01-06,NVDA,-0.0046938973286114,0.5390165404858495,1.0,1
2020-01-07,NVDA,-0.007705463936872704,-0.11764169312763206,1.0,1
2020-01-08,NVDA,-0.0017619150271335135,0.42526756222943873,1.0,1
2020-01-09,NVDA,-0.003288043452442746,0.06671825554164701,1.0,1
2020-01-10,NVDA,-0.008803657520858847,-0.3446044194266763,1.0,1
2020-01-13,NVDA,-0.014844849384601342,-1.371345811035288,1.0,1
2020-01-14,NVDA,-0.016887592354010838,-1.4120402717922222,1.0,1
2020-01-15,NVDA,-0.013914499303424024,-1.0876184461637166,1.0,1
2020-01-16,NVDA,-0.016187740679247754,-1.4821537932224893,1.0,1
2020-01-17,NVDA,-0.020091921705774042,-1.2845595032019226,1.0,1
2020-01-21,NVDA,0.0045223717688520635,-0.8244341131704047,1.0,1
2020-01-22,NVDA,-0.006234759899998836,-1.9314282100366813,1.0,1
2020-01-23,NVDA,-0.017521092454713588,-2.6186078853126804,1.0,1
2020-01-24,NVDA,-0.0070082574291449,-2.555520845007923,1.0,1
2020-01-27,NVDA,0.011207527504181549,-0.6619285385755496,1.0,1
2020-01-28,NVDA,-0.010786079449397183,-2.150146341425898,1.0,1
2020-01-29,NVDA,-0.007437146895921335,-2.0230919145741852,1.0,1
2020-01-30,NVDA,-0.0038598216517082874,-1.6066512876567811,1.0,1
2020-01-31,NVDA,-0.03130335890488386,-3.256229398882206,1.0,1
2020-02-03,NVDA,-0.029145917010938355,-2.633422655039479,1.0,1
2020-02-04,NVDA,-0.020765398575708565,-2.389998313560263,1.0,1
2020-02-05,NVDA,-0.021255590896399505,-2.20285473908401,1.0,1
2020-02-06,NVDA,-0.02309319046235253,-2.1875328519663353,1.0,1
2020-02-07,NVDA,-0.019929950902113486,-1.9838334766690908,1.0,1
2020-02-10,NVDA,-0.03298824020850288,-1.9072705582854579,1.0,1
2020-02-11,NVDA,-0.014210061474768453,-1.3271897974014533,1.0,1
2020-02-12,NVDA,-0.010945137464516572,-0.7513725689698215,1.0,1
2020-02-13,NVDA,-0.01736751861944153,-0.84293140360803,1.0,1
2020-02-14,NVDA,-0.020800434253158806,-0.2891546974841732,1.0,1
2020-02-18,NVDA,-0.015554623323585082,-0.36682902097005177,1.0,1
2020-02-19,NVDA,-0.02165830695358723,-0.04375638714313079,1.0,1
2020-02-20,NVDA,-0.0372936643770815,-0.7744438498959111,1.0,1
2020-02-21,NVDA,-0.03708399973666617,-0.9052740555797442,1.0,1
2020-02-24,NVDA,-0.00557544297689057,0.023859011679873032,1.0,1
2020-02-25,NVDA,0.007496430081355499,0.35265410661508345,1.0,1
2020-02-26,NVDA,-0.003969848755877683,-0.3853643656828161,1.0,1
2020-02-27,NVDA,0.012009310620783642,0.21639069655135845,1.0,1
2020-02-28,NVDA,0.0018577058118912568,-0.02416415296183927,1.0,1
2020-03-02,NVDA,-0.007173402971583823,0.770252502487965,1.0,1
2020-03-03,NVDA,0.0002640880858919138,0.8166681873949371,1.0,1
2020-03-04,NVDA,-0.025185210219958516,0.1227048584377598,1.0,1
2020-03-05,NVDA,-0.011864991434176521,0.5284768481587114,1.0,1
2020-03-06,NVDA,0.01152082111775259,1.8214338279112106,1.0,1
2020-03-09,NVDA,0.012462759006180654,1.7052118535811664,1.0,1
2020-03-10,NVDA,-0.004024794794350204,0.5908072924982676,1.0,1
2020-03-11,NVDA,0.004100403523779449,0.5987407713351831,1.0,1
2020-03-12,NVDA,-0.07888411520496627,-1.9361801599243769,1.0,1
2020-03-13,NVDA,-0.043746104835390244,-0.7352911706781043,1.0,1
2020-03-16,NVDA,-0.08569586856497073,-2.662366648282045,1.0,1
2020-03-17,NVDA,-0.09686960222089479,-2.707438482448375,1.0,1
2020-03-18,NVDA,-0.08637093955875515,-3.3989832581912385,1.0,1
2020-03-19,NVDA,-0.09866869570639823,-3.212019382757984,1.0,1
2020-03-20,NVDA,-0.11425538875120853,-2.9986983957647535,1.0,1
2020-03-23,NVDA,-0.13253700801865548,-2.844284034868319,1.0,1
2020-03-24,NVDA,-0.05304960947102273,-1.2808805007877129,1.0,1
2020-03-25,NVDA,-0.048588502609649774,-0.9704084256788164,1.0,1
2020-03-26,NVDA,-0.046843500109918584,-0.9556586500122249,1.0,1
2020-03-27,NVDA,-0.04149413889041982,-1.3589120156901933,1.0,1
2020-03-30,NVDA,-0.05020834489132413,-1.0328450496456338,1.0,1
2020-03-31,NVDA,-0.046443893611931825,-1.2500534742893015,1.0,1
2020-04-01,NVDA,-0.10521666294424131,-2.6247671379922863,1.0,1
2020-04-02,NVDA,-0.03260471588578157,-0.7376026028025934,1.0,1
2020-04-03,NVDA,-0.035603344061533405,-1.3275474316500993,1.0,1
2020-04-06,NVDA,-0.0455832885592258,-0.5324421396273247,1.0,1
2020-04-07,NVDA,-0.019262750625316297,-1.1119128512003336,1.0,1
2020-04-08,NVDA,-0.04696264153581991,-0.8327337337512044,1.0,1
2020-04-09,NVDA,-0.0324233962228231,-0.3458837896669553,1.0,1
2020-04-13,NVDA,-0.04696264153581991,-0.6102307432612415,1.0,1
2020-04-14,NVDA,-0.03208938402260058,1.0829838431689902,1.0,1
2020-04-15,NVDA,-0.02478241371763134,0.30893058195243017,1.0,1
2020-04-16,NVDA,-0.03835211528764093,1.0311863872599314,1.0,1
2020-04-17,NVDA,-0.03618835961643579,1.2687081698695795,1.0,1
2020-04-20,NVDA,-0.031205121793082755,1.1341802501361147,1.0,1
2020-04-21,NVDA,0.014604557710927994,0.30445032454540455,1.0,1
2020-04-22,NVDA,-0.031275304426805,-1.1794024000126286,1.0,1
2020-04-23,NVDA,-0.0035800091465372167,-0.7924900461269173,1.0,1
2020-04-24,NVDA,-0.010400918548451796,-0.34409205596972237,1.0,1
2020-04-27,NVDA,-0.030841040289606093,-0.8692773134462443,1.0,1
2020-04-28,NVDA,-0.022154978130835914,-2.096142376901765,1.0,1
2020-04-29,NVDA,-0.030854107235919213,-1.1024611923619354,1.0,1
2020-04-30,NVDA,-0.004257799483952522,-0.05466276376353979,1.0,1
2020-05-01,NVDA,0.01430164650923579,-0.8001834940650322,1.0,1
2020-05-04,NVDA,-0.0006005643610700075,-0.2718809304464117,1.0,1
2020-05-05,NVDA,-0.04733057255720523,-1.8347548680772292,1.0,1
2020-05-06,NVDA,-0.03843417978602597,-1.8962378823876387,1.0,1
2020-05-07,NVDA,-0.041521751812901256,-2.042469423848932,1.0,1
2020-05-08,NVDA,-0.04395423528913105,-1.4524460649938082,1.0,1
2020-05-11,NVDA,-0.04294376440312547,-1.6024661497290997,1.0,1
2020-05-12,NVDA,-0.037459439077751316,-1.6667306391309058,1.0,1
2020-05-13,NVDA,-0.044198394797384896,-1.879216661763579,1.0,1
2020-05-14,NVDA,-0.038523533319837475,-2.160812585346717,1.0,1
2020-05-15,NVDA,-0.04372332307917039,-1.5257181214816766,1.0,1
2020-05-18,NVDA,-0.03787241897660444,-1.0604578023931777,1.0,1
2020-05-19,NVDA,-0.03600542135700338,-0.5608387348504393,1.0,1
2020-05-20,NVDA,-0.03436453796885071,-0.3934170707000988,1.0,1
2020-05-21,NVDA,-0.03378069016128308,-0.7748972612849359,1.0,1
2020-05-22,NVDA,-0.03435450078008233,-0.6170879179793429,1.0,1
2020-05-26,NVDA,-0.02995493953108433,-0.5043603728185446,1.0,1
2020-05-27,NVDA,-0.03124965611851843,-1.0809370506391445,1.0,1
2020-05-28,NVDA,-0.008138684776104516,-0.0675981080782414,1.0,1
2020-05-29,NVDA,-0.013107427027410691,0.159828637883489,1.0,1
2020-06-01,NVDA,-0.031176914455735637,-0.9923008533945379,1.0,1
2020-06-02,NVDA,-0.034840906521184406,-1.0856140317743486,1.0,1
2020-06-03,NVDA,-0.03590264846752599,-1.2820844242461975,1.0,1
2020-06-04,NVDA,-0.03590264846752599,-1.4216869615751486,1.0,1
2020-06-05,NVDA,-0.03760461332781393,-1.360887155610707,1.0,1
2020-06-08,NVDA,-0.037365247479256326,-2.080779713097303,1.0,1
2020-06-09,NVDA,-0.03865875959656406,-1.7616153519640458,1.0,1
2020-06-10,NVDA,-0.03573476367851407,-1.519634147952896,1.0,1
2020-06-11,NVDA,-0.030553930938179954,-1.084975584971621,1.0,1
2020-06-12,NVDA,-0.04044994931480052,-1.5716556129510928,1.0,1
2020-06-15,NVDA,-0.04308658538489058,-1.7721310594472348,1.0,1
2020-06-16,NVDA,-0.041490628131219495,-2.2540019182121225,1.0,1
2020-06-17,NVDA,-0.038767415378358795,-2.440200921637442,1.0,1
2020-06-18,NVDA,-0.043591171168650335,-2.222552589403551,1.0,1
2020-06-19,NVDA,-0.04170943716239261,-2.133498635365127,1.0,1
2020-06-22,NVDA,-0.04135834845744117,-2.027064986020185,1.0,1
2020-06-23,NVDA,-0.02083900209079665,-1.1057652101878037,1.0,1
2020-06-24,NVDA,-0.009980121119202547,-0.5875500690581269,1.0,1
2020-06-25,NVDA,-0.012741790253448524,-0.35703655291714687,1.0,1
2020-06-26,NVDA,-0.03249073959392198,-1.834424181096046,1.0,1
2020-06-29,NVDA,-0.03725350338316963,-2.0950257469801206,1.0,1
2020-06-30,NVDA,-0.03837861907656668,-1.9642150058538614,1.0,1
2020-01-02,PFE,0.031243006825931823,0.943617298255493,1.0,1
2020-01-03,PFE,0.03233102052542965,1.3534313512316145,1.0,1
2020-01-06,PFE,0.03251939412333653,0.979133382820784,1.0,1
2020-01-07,PFE,0.02780163507254606,0.6024831925257099,1.0,1
2020-01-08,PFE,0.02975196866552298,0.7921414620766207,1.0,1
2020-01-09,PFE,0.029973340076144352,0.6298007261114771,1.0,1
2020-01-10,PFE,0.029900170548783165,0.9094516693735366,1.0,1
2020-01-13,PFE,0.02990116017607617,0.669134496595619,1.0,1
2020-01-14,PFE,0.005506921899345035,-0.2792169084613007,1.0,1
2020-01-15,PFE,0.018355495022577984,0.7967622970203933,1.0,1
2020-01-16,PFE,0.01661322226962852,0.4517298154551076,1.0,1
2020-01-17,PFE,0.029144942945958967,0.8197518130465127,1.0,1
2020-01-21,PFE,0.03059466354348093,1.2451492486967919,1.0,1
2020-01-22,PFE,0.030204552307192527,1.1167445752337646,1.0,1
2020-01-23,PFE,0.017700162399260776,0.12109515197622756,1.0,1
2020-01-24,PFE,0.005816526292380104,-0.4595760871715524,1.0,1
2020-01-27,PFE,0.005126981651041412,-1.2007746203520158,1.0,1
2020-01-28,PFE,0.00802600747259057,-1.4027986348655623,1.0,1
2020-01-29,PFE,0.0074421863478100515,-1.8363282766819238,1.0,1
2020-01-30,PFE,0.007153028833238238,-1.8902141280109974,1.0,1
2020-01-31,PFE,0.008691753287674341,-1.5664602316357,1.0,1
2020-02-03,PFE,0.006396821543447652,-0.6434249430186546,1.0,1
2020-02-04,PFE,0.009651761143067929,-1.05883146768101,1.0,1
2020-02-05,PFE,0.009933008095174951,-0.8874792624954033,1.0,1
2020-02-06,PFE,0.009545291921127897,-0.8016217560813903,1.0,1
2020-02-07,PFE,0.004780184862943708,-0.7711500587780404,1.0,1
2020-02-10,PFE,0.010160888786022124,-0.914288043444285,1.0,1
2020-02-11,PFE,0.005139553277552611,-1.103968934285569,1.0,1
2020-02-12,PFE,0.008210912524485636,-1.1440836593528707,1.0,1
2020-02-13,PFE,0.012576450622924942,-1.2838106334421877,1.0,1
2020-02-14,PFE,0.012873144181392729,-0.929246328816832,1.0,1
2020-02-18,PFE,0.010919787245448167,-0.9431027574812033,1.0,1
2020-02-19,PFE,0.006722494303925303,-1.0599361010866002,1.0,1
2020-02-20,PFE,0.008375844472903718,-0.8182096776443071,1.0,1
2020-02-21,PFE,-0.0093419818119925,-1.611282041434244,1.0,1
2020-02-24,PFE,0.00597999613429753,-0.7108789128027422,1.0,1
2020-02-25,PFE,0.0051082850916133165,-0.9594179552200246,1.0,1
2020-02-26,PFE,0.019913861208487607,0.19106930103373987,1.0,1
2020-02-27,PFE,0.020932799487453833,0.03277572704136894,1.0,1
2020-02-28,PFE,0.020747751365059824,0.0445360004226687,1.0,1
2020-03-02,PFE,-0.018420526596741395,-1.1918376747037192,1.0,1
2020-03-03,PFE,-0.006270190558768934,-0.8195189353376992,1.0,1
2020-03-04,PFE,-0.011574526771872939,-0.1506329274231321,1.0,1
2020-03-05,PFE,-0.004171088015810927,0.0166580749522805,1.0,1
2020-03-06,PFE,-0.004163651512383976,0.09978128341578646,1.0,1
2020-03-09,PFE,-0.020662153329981007,-1.3038035378381034,1.0,1
2020-03-10,PFE,0.0007671381077842781,0.08377307467645169,1.0,1
2020-03-11,PFE,-0.04719493456408727,-1.9004504516866705,1.0,1
2020-03-12,PFE,-0.04875379499694055,-1.1587813079692602,1.0,1
2020-03-13,PFE,-0.04064532944295219,-0.6800649195160495,1.0,1
2020-03-16,PFE,-0.03080894242784857,-0.2637801309877478,1.0,1
2020-03-17,PFE,-0.03882169455809042,0.16435493533367873,1.0,1
2020-03-18,PFE,0.009909901034657465,1.5508028650831638,1.0,1
2020-03-19,PFE,-0.03744928599260166,0.06333447805480572,1.0,1
2020-03-20,PFE,-0.03603543393600418,-0.182352875487308,1.0,1
2020-03-23,PFE,-0.041318053785770976,-0.31131806085942254,1.0,1
2020-03-24,PFE,-0.04369953518022336,-1.226133111325696,1.0,1
2020-03-25,PFE,-0.04662245723973149,-1.2854332600376068,1.0,1
2020-03-26,PFE,0.0030517477854415534,0.25379466700654285,1.0,1
2020-03-27,PFE,0.018278087692852288,0.34291143427918125,1.0,1
2020-03-30,PFE,-0.0006578222699927915,1.1493183345118423,1.0,1
2020-03-31,PFE,0.012943126965855383,0.6495917767123602,1.0,1
2020-04-01,PFE,-0.048385274452474446,-0.8392697683204591,1.0,1
2020-04-02,PFE,-0.0004525102309770588,0.056542258122230904,1.0,1
2020-04-03,PFE,-0.013375655329392328,0.001162984253613275,1.0,1
2020-04-06,PFE,-0.013033692033100347,-0.7336239812493197,1.0,1
2020-04-07,PFE,0.009883854150128362,-0.4669581769684581,1.0,1
2020-04-08,PFE,-0.013354497810360253,0.07577278998054862,1.0,1
2020-04-09,PFE,0.0007390345305775025,0.2216155277045759,1.0,1
2020-04-13,PFE,-0.012412039195801887,0.030212995069229004,1.0,1
2020-04-14,PFE,-0.00886230944140526,-0.4068975056128092,1.0,1
2020-04-15,PFE,-0.01696685549679639,-1.2480233385881723,1.0,1
2020-04-16,PFE,-0.026252215491243326,-1.5637382898004537,1.0,1
2020-04-17,PFE,-0.019450298467499898,-0.09057807672475374,1.0,1
2020-04-20,PFE,-0.0004501146337636076,0.4165813228442755,1.0,1
2020-04-21,PFE,0.020391036665011696,0.32221336954698776,1.0,1
2020-04-22,PFE,0.0018999760948743667,1.9577732910963217,1.0,1
2020-04-23,PFE,0.0006052043783512192,0.9224297554933064,1.0,1
2020-04-24,PFE,0.0039005563202700586,1.1531061898209425,1.0,1
2020-04-27,PFE,-0.0003172563960366899,1.3228804617066503,1.0,1
2020-04-28,PFE,-0.003397702160105332,1.0669970187500666,1.0,1
2020-04-29,PFE,-0.0017986033742101045,0.36485212721309457,1.0,1
2020-04-30,PFE,-0.0075613833489128045,-0.09384666059687413,1.0,1
2020-05-01,PFE,-0.004445715639877969,-0.9192676171659554,1.0,1
2020-05-04,PFE,0.004501370454518804,-1.031977811940261,1.0,1
2020-05-05,PFE,0.00047678927892838444,-0.0019657070120233933,1.0,1
2020-05-06,PFE,-0.004429148314301501,-0.47574484414935997,1.0,1
2020-05-07,PFE,0.008518803159475535,-0.23058754778202972,1.0,1
2020-05-08,PFE,8.231744156821525e-05,-0.6881601834083552,1.0,1
2020-05-11,PFE,0.004368421412701955,-0.09206184445375198,1.0,1
2020-05-12,PFE,0.0017159764275597486,-0.4094276114793022,1.0,1
2020-05-13,PFE,0.002127293920241729,-0.11534159939377892,1.0,1
2020-05-14,PFE,-0.000491457613663703,-0.08614894676206662,1.0,1
2020-05-15,PFE,-0.0005042891985571442,-0.39490571577155864,1.0,1
2020-05-18,PFE,0.008267106847399536,-0.18884225764881074,1.0,1
2020-05-19,PFE,0.008267106847399536,-0.18834381008125356,1.0,1
2020-05-20,PFE,0.008408513671298927,-0.11219692834351946,1.0,1
2020-05-21,PFE,0.00922011419117664,-0.6889297704348973,1.0,1
2020-05-22,PFE,0.004744853975868448,-0.8349615445758518,1.0,1
2020-05-26,PFE,0.002150687340231008,-1.3975600669664328,1.0,1
2020-05-27,PFE,0.001989523882278128,-1.5611334733236628,1.0,1
2020-05-28,PFE,0.004743703095565985,-1.216178600972432,1.0,1
2020-05-29,PFE,0.005600117102956968,-0.3812079575486912,1.0,1
2020-06-01,PFE,0.007006617449942494,-0.7809738809302451,1.0,1
2020-06-02,PFE,0.009985402511966703,-0.45736348966043017,1.0,1
2020-06-03,PFE,0.007459792444315159,-0.40198558730337375,1.0,1
2020-06-04,PFE,0.006086314110449227,-0.6394138596706238,1.0,1
2020-06-05,PFE,0.0035417195551427894,-0.8106667241697374,1.0,1
2020-06-08,PFE,0.012807790149057736,-0.21545578082243766,1.0,1
2020-06-09,PFE,0.00790624455656893,-1.0394168978495468,1.0,1
2020-06-10,PFE,0.0014867090353785474,-1.0725731957123794,1.0,1
2020-06-11,PFE,0.006399107523482373,-1.2172784038288098,1.0,1
2020-06-12,PFE,-0.00016520695442630997,-1.5298975121432339,1.0,1
2020-06-15,PFE,-0.018578826566049048,-2.1610956648857447,1.0,1
2020-06-16,PFE,-0.018723627283935527,-2.0194740061051197,1.0,1
2020-06-17,PFE,0.003570464795863165,-1.3360424693141553,1.0,1
2020-06-18,PFE,0.007759841665602504,-0.4685283575048975,1.0,1
2020-06-19,PFE,-0.01290061888848184,-1.5183275959129214,1.0,1
2020-06-22,PFE,-0.0007895103183923642,-0.7886171419347167,1.0,1
2020-06-23,PFE,-0.0035106504113423167,-0.9518992634137433,1.0,1
2020-06-24,PFE,-0.004609164900432542,-1.2350138156235295,1.0,1
2020-06-25,PFE,-0.008091054485671208,-1.3518313557395842,1.0,1
2020-06-26,PFE,-0.00842147899051727,-1.5493577320264609,1.0,1
2020-06-29,PFE,0.006869331835248136,-1.194929537179692,1.0,1
2020-06-30,PFE,0.011769603480520467,-1.0948380008078793,1.0,1
2020-01-02,PYPL,0.008233092576107076,-0.5332440364283366,1.0,1
2020-01-03,PYPL,0.011800311657172395,-0.3870906715566724,1.0,1
2020-01-06,PYPL,0.009943837503094152,-0.16219907273890816,1.0,1
2020-01-07,PYPL,0.008376728368568695,-0.34728445142982534,1.0,1
2020-01-08,PYPL,0.004141518805970551,-0.35588795181694177,1.0,1
2020-01-09,PYPL,0.008691672058998451,0.17537453760379623,1.0,1
2020-01-10,PYPL,0.0032765328816205482,-0.5183382091557087,1.0,1
2020-01-13,PYPL,0.0006191594504430791,-0.6369969863779217,1.0,1
2020-01-14,PYPL,-0.0008908189844051816,-0.5370880618903713,1.0,1
2020-01-15,PYPL,0.006826795217065799,-0.09253150049450315,1.0,1
2020-01-16,PYPL,0.008047282507437515,0.15830120808452225,1.0,1
2020-01-17,PYPL,0.006653498661495391,0.27389470675296823,1.0,1
2020-01-21,PYPL,0.008605835803656295,-0.01719291279452817,1.0,1
2020-01-22,PYPL,0.007952817848724234,-0.09081161456021417,1.0,1
2020-01-23,PYPL,0.007631362172243353,0.6887293540759519,1.0,1
2020-01-24,PYPL,0.002182984307006626,0.15619897413727074,1.0,1
2020-01-27,PYPL,0.004430455704998874,-0.45773816039011406,1.0,1
2020-01-28,PYPL,0.002872676870570696,-0.054004937431062716,1.0,1
2020-01-29,PYPL,0.0028032136461472053,-0.16866536518941427,1.0,1
2020-01-30,PYPL,0.004863628078901138,0.2736315323453728,1.0,1
2020-01-31,PYPL,0.009523683510584002,0.023718388137761698,1.0,1
2020-02-03,PYPL,0.007955620277742275,0.5318040485071258,1.0,1
2020-02-04,PYPL,0.007360137069752251,0.40774390082643464,1.0,1
2020-02-05,PYPL,0.007289387384414011,0.4112852774121443,1.0,1
2020-02-06,PYPL,0.00734433443279195,0.3358975639865679,1.0,1
2020-02-07,PYPL,0.001905191411507805,-0.018896312216092614,1.0,1
2020-02-10,PYPL,0.006750859225491009,0.13205428338150305,1.0,1
2020-02-11,PYPL,0.0074838908190570765,-0.18024593389066512,1.0,1
2020-02-12,PYPL,0.004490944652508132,-0.375761519921543,1.0,1
2020-02-13,PYPL,0.004448194312116228,-0.1306673206646895,1.0,1
2020-02-14,PYPL,-0.007113899409742981,-0.48405253221987876,1.0,1
2020-02-18,PYPL,0.0011184815858890466,-0.3407549161404656,1.0,1
2020-02-19,PYPL,-0.003212488530806291,-0.45915640370783956,1.0,1
2020-02-20,PYPL,0.0062784274953316425,0.18648725467165328,1.0,1
2020-02-21,PYPL,0.007272910175510182,0.10307891131747615,1.0,1
2020-02-24,PYPL,0.012510891813645078,0.28095302295010754,1.0,1
2020-02-25,PYPL,0.016442875349229235,0.035996553808447684,1.0,1
2020-02-26,PYPL,0.0028708907298287184,-0.7431369983706744,1.0,1
2020-02-27,PYPL,0.011744104624781223,-0.28253157780787636,1.0,1
2020-02-28,PYPL,0.01598057069245292,-0.13900913390401798,1.0,1
2020-03-02,PYPL,-0.00012075847195956659,0.1846265834012753,1.0,1
2020-03-03,PYPL,-0.006848874391700339,-0.6591265819243377,1.0,1
2020-03-04,PYPL,-0.013807127986614166,-0.3524266282186064,1.0,1
2020-03-05,PYPL,-0.010969598535728002,-0.2862270960970802,1.0,1
2020-03-06,PYPL,-0.006768951532136554,0.030795801871196987,1.0,1
2020-03-09,PYPL,-0.014608738302045685,-1.0694339616360744,1.0,1
2020-03-10,PYPL,0.012679934694207709,0.46207059481066226,1.0,1
2020-03-11,PYPL,0.000641038510142846,0.13635057766995326,1.0,1
2020-03-12,PYPL,0.00418189025236868,0.3293582041703079,1.0,1
2020-03-13,PYPL,0.027622755394865525,1.5540821563287721,1.0,1
2020-03-16,PYPL,-0.007559066553676403,-0.10520146703101989,1.0,1
2020-03-17,PYPL,-0.02545688044009238,-0.09880822124261554,1.0,1
2020-03-18,PYPL,-0.005675292703884241,-0.027457378567216528,1.0,1
2020-03-19,PYPL,-0.01697551947014972,0.24140717429195457,1.0,1
2020-03-20,PYPL,-0.006014036491443161,0.1962491844193418,1.0,1
2020-03-23,PYPL,-0.011216665813122998,0.1084638439160367,1.0,1
2020-03-24,PYPL,-0.021445982224692572,0.3523927393256049,1.0,1
2020-03-25,PYPL,-0.03438548178527513,-0.5262004830370253,1.0,1
2020-03-26,PYPL,-0.0014940140130093229,0.08694067797885452,1.0,1
2020-03-27,PYPL,-0.033542845350309866,-1.508064736329488,1.0,1
2020-03-30,PYPL,-0.052996931789881414,-1.8332015454228803,1.0,1
2020-03-31,PYPL,-0.020400194972436014,-1.297563503212279,1.0,1
2020-04-01,PYPL,-0.022542747565616816,-0.7625161600182059,1.0,1
2020-04-02,PYPL,-0.028078546394712568,-2.2606740873310947,1.0,1
2020-04-03,PYPL,-0.03117230197110723,-2.04611098916114,1.0,1
2020-04-06,PYPL,-0.04262940935856462,-1.9437219372465464,1.0,1
2020-04-07,PYPL,-0.006399863027885323,-1.8829282189393342,1.0,1
2020-04-08,PYPL,-0.03327055920439716,-1.6522993108696928,1.0,1
2020-04-09,PYPL,-0.009808120174176153,-1.4819125481997797,1.0,1
2020-04-13,PYPL,-0.04401345011884291,-2.047434005545966,1.0,1
2020-04-14,PYPL,-0.048474610224757964,-2.338574980109818,1.0,1
2020-04-15,PYPL,-0.03667252318190844,-2.185592721610152,1.0,1
2020-04-16,PYPL,-0.020802848347061115,-0.5299810245998858,1.0,1
2020-04-17,PYPL,-0.047418656275471475,-1.7452142565341582,1.0,1
2020-04-20,PYPL,-0.03576790101106144,-0.4010766502199655,1.0,1
2020-04-21,PYPL,0.041481230253569576,1.0159521939302296,1.0,1
2020-04-22,PYPL,-0.04056972164370509,-0.7358214279467885,1.0,1
2020-04-23,PYPL,-0.018895350824966895,-0.3537427299845274,1.0,1
2020-04-24,PYPL,-0.04034345889551464,-0.1783844628335216,1.0,1
2020-04-27,PYPL,-0.04986753371681273,0.1149432493487188,1.0,1
2020-04-28,PYPL,-0.005039754742311111,1.5211610957333885,1.0,1
2020-04-29,PYPL,-0.04770615200995183,0.36645404124182224,1.0,1
2020-04-30,PYPL,-0.04986753371681273,0.049929664103261384,1.0,1
2020-05-01,PYPL,0.0076626861081044405,1.7582699857776545,1.0,1
2020-05-04,PYPL,-0.003645603047193006,1.4551797327690306,1.0,1
2020-05-05,PYPL,-0.03840204171456425,0.6386704500021774,1.0,1
2020-05-06,PYPL,-0.027898102111212582,0.048912732787092184,1.0,1
2020-05-07,PYPL,-0.03462561213463063,0.33377858928246185,1.0,1
2020-05-08,PYPL,-0.021257585924905023,1.475890239759563,1.0,1
2020-05-11,PYPL,-0.02187783514265756,1.3000185611519048,1.0,1
2020-05-12,PYPL,-0.021257585924905023,1.2471532643134022,1.0,1
2020-05-13,PYPL,-0.018961585898798747,1.7115837070910966,1.0,1
2020-05-14,PYPL,0.006344289733990715,2.866984880093326,1.0,1
2020-05-15,PYPL,0.0011217798676029396,2.3282410417088397,1.0,1
2020-05-18,PYPL,0.00226655317465747,1.9804163639450811,1.0,1
2020-05-19,PYPL,-0.006047895356807779,1.6026763553689793,1.0,1
2020-05-20,PYPL,-0.027112924792446255,0.6275340488739403,1.0,1
2020-05-21,PYPL,0.02946718182034351,3.01434223542395,1.0,1
2020-05-22,PYPL,0.00715893390441798,1.970180356047322,1.0,1
2020-05-26,PYPL,0.0280729265748579,2.5981114239840224,1.0,1
2020-05-27,PYPL,0.014913763338924607,2.2678497377687226,1.0,1
2020-05-28,PYPL,0.006701796364779569,1.6288818905565783,1.0,1
2020-05-29,PYPL,-0.03530607163527581,-0.8546409437619917,1.0,1
2020-06-01,PYPL,-0.01982985195625756,-0.14050810307722794,1.0,1
2020-06-02,PYPL,-0.034790763582702965,-0.6618005531044179,1.0,1
2020-06-03,PYPL,-0.032585641941640216,-0.7909845232854952,1.0,1
2020-06-04,PYPL,-0.022871120494249924,-0.45496347673117166,1.0,1
2020-06-05,PYPL,0.0023283852424943467,0.04548181768288584,1.0,1
2020-06-08,PYPL,0.0027147979531668845,0.02282214024122431,1.0,1
2020-06-09,PYPL,0.0003050678072652036,0.26357267536339923,1.0,1
2020-06-10,PYPL,-0.0052412588388934065,0.000435461311130432,1.0,1
2020-06-11,PYPL,0.011921585852478081,0.531448665511375,1.0,1
2020-06-12,PYPL,0.006512716685445275,0.4923940345670132,1.0,1
2020-06-15,PYPL,-0.0033312906390944507,0.13466746051898018,1.0,1
2020-06-16,PYPL,-0.004606407919818912,0.1447992729724547,1.0,1
2020-06-17,PYPL,-0.008921533165510948,-0.16311188295081136,1.0,1
2020-06-18,PYPL,-0.012910520198483348,0.07882467592516113,1.0,1
2020-06-19,PYPL,-0.01019365066821044,0.11056083786612464,1.0,1
2020-06-22,PYPL,-0.021606485753424245,-0.45632759732393646,1.0,1
2020-06-23,PYPL,-0.019359895260661533,-0.5080970530251844,1.0,1
2020-06-24,PYPL,-0.014104566911936596,-0.6041597314702978,1.0,1
2020-06-25,PYPL,-0.02091536981701333,-0.7439496948132135,1.0,1
2020-06-26,PYPL,-0.020434961561493374,-0.7000356131822699,1.0,1
2020-06-29,PYPL,-0.003882564772140283,0.04903247537715383,1.0,1
2020-06-30,PYPL,-0.01439129479973121,-0.39963813405838994,1.0,1
2020-01-02,ZM,-0.00461790276990373,-2.7587178476512006,1.0,1
2020-01-03,ZM,0.0037799450345544824,-2.5590353493823224,1.0,1
2020-01-06,ZM,-0.009307239708929967,-2.76750043296538,1.0,1
2020-01-07,ZM,-0.0019598435309202936,0.7358213176233425,1.0,1
2020-01-08,ZM,0.0056793733517827094,0.36573733680395976,1.0,1
2020-01-09,ZM,0.00505396134572799,0.653097648802017,1.0,1
2020-01-10,ZM,0.010650129351768078,1.8901703740914413,1.0,1
2020-01-13,ZM,0.008155672659988369,1.6916352123362286,1.0,1
2020-01-14,ZM,0.004458174820032559,2.091674266607522,1.0,1
2020-01-15,ZM,-0.011097159889417403,0.7758551952922923,1.0,1
2020-01-16,ZM,-0.009951789329977517,0.7247478003620413,1.0,1
2020-01-17,ZM,-0.014343225968317918,0.04068663440910569,1.0,1
2020-01-21,ZM,-0.0024491469274089852,0.5946892595672062,1.0,1
2020-01-22,ZM,0.0023011392445691898,1.0853373621048799,1.0,1
2020-01-23,ZM,0.006479289414341457,1.8308036078768521,1.0,1
2020-01-24,ZM,0.0013745696159590047,0.4812355419173539,1.0,1
2020-01-27,ZM,0.02081899142840427,2.022392490384031,1.0,1
2020-01-28,ZM,0.014821418455353412,1.6130348695929353,1.0,1
2020-01-29,ZM,0.017584688938951272,2.250806459750085,1.0,1
2020-01-30,ZM,0.012727746927085348,1.5508167473304284,1.0,1
2020-01-31,ZM,0.008271220926589131,1.8361478723142568,1.0,1
2020-02-03,ZM,-0.011404517039154169,1.7067598052795345,1.0,1
2020-02-04,ZM,0.01180590511699848,2.6630813215637748,1.0,1
2020-02-05,ZM,-0.013570829710072728,0.826603625559776,1.0,1
2020-02-06,ZM,-0.008178122118670405,1.2250200044338888,1.0,1
2020-02-07,ZM,-0.007822359236806204,1.6018111613568928,1.0,1
2020-02-10,ZM,0.00310006925309519,2.03892750233617,1.0,1
2020-02-11,ZM,0.0022578473181522098,1.7397104621312036,1.0,1
2020-02-12,ZM,-0.0009917368139235327,1.4111187594066128,1.0,1
2020-02-13,ZM,-0.013518118003599821,0.22797777844118527,1.0,1
2020-02-14,ZM,-0.03318371544660019,-0.7851496812189778,1.0,1
2020-02-18,ZM,-0.02515007441205091,-0.31199248707221594,1.0,1
2020-02-19,ZM,-0.03587092060463809,-0.2521778674043793,1.0,1
2020-02-20,ZM,-0.036221164699992814,0.3935790641470167,1.0,1
2020-02-21,ZM,-0.03396779202417204,0.727236741063009,1.0,1
2020-02-24,ZM,-0.052305876344193244,-0.04037986300957641,1.0,1
2020-02-25,ZM,-0.04956513053378005,0.03427361215103675,1.0,1
2020-02-26,ZM,-0.029713050972639567,0.30083754143362285,1.0,1
2020-02-27,ZM,-0.05593579463058743,0.011401468974759243,1.0,1
2020-02-28,ZM,-0.021509729860235176,0.25582616192321606,1.0,1
2020-03-02,ZM,-0.047644919023661934,0.14247173000460744,1.0,1
2020-03-03,ZM,-0.04667577375983396,0.10419825339941502,1.0,1
2020-03-04,ZM,-0.03943613354657495,0.5085275199801405,1.0,1
2020-03-05,ZM,-0.046902036508024415,0.6782774191369536,1.0,1
2020-03-06,ZM,-0.024166187197541114,1.7820552730839871,1.0,1
2020-03-09,ZM,0.013838591652670141,3.8001455902348837,1.0,1
2020-03-10,ZM,0.06116882115977158,4.521347000342605,1.0,1
2020-03-11,ZM,0.04746403314906075,4.559176815886957,1.0,1
2020-03-12,ZM,0.05965264148947589,4.314296675808164,1.0,1
2020-03-13,ZM,0.050328525620865844,4.581226452562257,1.0,1
2020-03-16,ZM,0.05966702926324399,4.41414122660894,1.0,1
2020-03-17,ZM,0.036695870300061245,4.4303663743343105,1.0,1
2020-03-18,ZM,0.004878096574537947,3.0644097591678854,1.0,1
2020-03-19,ZM,-0.0015735229275309816,3.5604831853549164,1.0,1
2020-03-20,ZM,-0.035800960580613134,2.372593630072179,1.0,1
2020-03-23,ZM,-0.04056972164370509,2.50714415914984,1.0,1
2020-03-24,ZM,-0.025208863586441962,2.9154817370703086,1.0,1
2020-03-25,ZM,-0.027177686868106614,2.645244642750147,1.0,1
2020-03-26,ZM,-0.03603114416951648,1.6479045979011353,1.0,1
2020-03-27,ZM,-0.039926599530001196,1.4707931151905729,1.0,1
2020-03-30,ZM,0.003108404594666899,3.9558432876906187,1.0,1
2020-03-31,ZM,-0.030202551421962334,1.5506063090189275,1.0,1
2020-04-01,ZM,0.012977515370853619,3.442961376461249,1.0,1
2020-04-02,ZM,0.06526937080889496,2.733900606922723,1.0,1
2020-04-03,ZM,0.0495114342426632,4.153907892555191,1.0,1
2020-04-06,ZM,0.07682992647508373,2.702351676888613,1.0,1
2020-04-07,ZM,0.07822896282329782,2.9466650338565157,1.0,1
2020-04-08,ZM,0.05662608542717675,2.1106951706307138,1.0,1
2020-04-09,ZM,0.028241217359666834,0.5225873384025302,1.0,1
2020-04-13,ZM,0.012418068733624835,2.6515108871874045,1.0,1
2020-04-14,ZM,0.00946702565350481,1.4989192850239452,1.0,1
2020-04-15,ZM,0.00413665426799175,2.2078888358950617,1.0,1
2020-04-16,ZM,-0.004015947546140788,1.2125480554783967,1.0,1
2020-04-17,ZM,-0.02036392869274642,-0.14873601914726906,1.0,1
2020-04-20,ZM,-0.01974367947499388,-1.7573483938875238,1.0,1
2020-04-21,ZM,0.0009830399189506465,-3.2807841557249473,1.0,1
2020-04-22,ZM,0.006518372828266818,-0.4263687953107731,1.0,1
2020-04-23,ZM,-0.03532917684024378,-0.5143997353650448,1.0,1
2020-04-24,ZM,-0.025845636705326074,-0.9329113065573773,1.0,1
2020-04-27,ZM,-0.03442075541902824,-2.387541917311521,1.0,1
2020-04-28,ZM,-0.0041837210869682265,-1.1323137159037344,1.0,1
2020-04-29,ZM,0.050751267692863464,0.04261262084389017,1.0,1
2020-04-30,ZM,0.07501227482290951,0.10180260133152608,1.0,1
2020-05-01,ZM,0.0680602290775562,1.6784218772379635,1.0,1
2020-05-04,ZM,0.05221261309784189,1.0129245676418754,1.0,1
2020-05-05,ZM,0.062267305937603844,2.9752793476248414,1.0,1
2020-05-06,ZM,0.0372138004515372,3.2616803522419695,1.0,1
2020-05-07,ZM,0.009148751844879656,1.937522476866885,1.0,1
2020-05-08,ZM,0.03062275091739492,2.6563929552284247,1.0,1
2020-05-11,ZM,0.009181615683230396,1.565899772850329,1.0,1
2020-05-12,ZM,0.030964442304565236,2.1912057148270185,1.0,1
2020-05-13,ZM,-0.012905293363877175,-0.2784933294604705,1.0,1
2020-05-14,ZM,-0.008447941595116125,-0.08679087604256402,1.0,1
2020-05-15,ZM,-0.013156253353497167,0.20043941259517706,1.0,1
2020-05-18,ZM,0.026179556802012262,1.1895396056095853,1.0,1
2020-05-19,ZM,-0.021819314221813827,-0.610040458420539,1.0,1
2020-05-20,ZM,-0.016307301813905228,-0.26642861524671063,1.0,1
2020-05-21,ZM,0.028305684685718493,0.2156953613765552,1.0,1
2020-05-22,ZM,0.02475862612626726,1.0704668227320222,1.0,1
2020-05-26,ZM,0.050266737805819556,0.8109754502502999,1.0,1
2020-05-27,ZM,0.04546545550681577,1.0477133358143211,1.0,1
2020-05-28,ZM,0.058644330618814695,2.993556729740664,1.0,1
2020-05-29,ZM,-0.004193509781840229,1.6419225190942666,1.0,1
2020-06-01,ZM,-0.02674593362583969,0.7118744227398606,1.0,1
2020-06-02,ZM,-0.018758880575513635,1.3609796132744778,1.0,1
2020-06-03,ZM,-0.02265433593599836,1.412437339584352,1.0,1
2020-06-04,ZM,-0.012976363370153994,1.597536721497585,1.0,1
2020-06-05,ZM,-0.01817817251341531,1.2885074880782235,1.0,1
2020-06-08,ZM,0.0012094344858197762,2.5212868335571663,1.0,1
2020-06-09,ZM,0.0071917693500209955,2.5395491841296707,1.0,1
2020-06-10,ZM,0.0024143245894663757,2.6648247152976605,1.0,1
2020-06-11,ZM,-0.031195911325970563,0.6220080302429682,1.0,1
2020-06-12,ZM,-0.021758445307233063,1.1518244206899961,1.0,1
2020-06-15,ZM,-0.026274149885470336,1.283185946229941,1.0,1
2020-06-16,ZM,-0.018758880575513635,1.6890302316881145,1.0,1
2020-06-17,ZM,0.015438665709841018,3.065903183179253,1.0,1
2020-06-18,ZM,-0.016307301813905228,1.814295285896257,1.0,1
2020-06-19,ZM,-0.0182474929330651,1.7529219225849142,1.0,1
2020-06-22,ZM,-0.018941800730601803,1.7942252882254968,1.0,1
2020-06-23,ZM,-0.02002046414507433,1.4077969334679525,1.0,1
2020-06-24,ZM,-0.018941800730601803,1.1009119250915012,1.0,1
2020-06-25,ZM,-0.01920216505001602,1.4637204590212067,1.0,1
2020-06-26,ZM,-0.018321551512849265,1.3757928612111177,1.0,1
2020-06-29,ZM,0.03662962763809655,3.4375106909462163,1.0,1
2020-06-30,ZM,0.024982653029785855,2.8205002428184445,1.0,1
2020-07-01,AAPL,0.004159237334793367,0.7003850975182178,-0.5,2
2020-07-02,AAPL,0.004901720456891445,0.5035334492366328,-0.5,2
2020-07-06,AAPL,-0.00323570892690498,0.6627027766094973,-0.5,2
2020-07-07,AAPL,-0.004257481052647789,0.7203906568120538,-0.5,2
2020-07-08,AAPL,-0.009423422902340876,0.5894345676443253,-0.5,2
2020-07-09,AAPL,-0.012594569526335822,0.6865282068194738,-0.5,2
2020-07-10,AAPL,-0.012471346453179686,0.5897718008275245,-0.5,2
2020-07-13,AAPL,-0.004914857501964414,0.7973835390379302,-0.5,2
2020-07-14,AAPL,-0.011206980186043455,1.1757746754881473,-0.5,2
2020-07-15,AAPL,-0.006222704620763172,1.1417740831980834,-0.5,2
2020-07-16,AAPL,-0.005733437162413157,1.310014449377046,-0.5,2
2020-07-17,AAPL,-0.005915309315684547,1.3716598797134676,-0.5,2
2020-07-20,AAPL,-0.005408706593126926,1.0601543515258671,-0.5,2
2020-07-21,AAPL,0.0018408010289087454,0.7755471143431711,-0.5,2
2020-07-22,AAPL,0.0012657544333834667,0.19991755522217353,-0.5,2
2020-07-23,AAPL,0.02680829411835219,-0.32162259290694145,-0.5,2
2020-07-24,AAPL,0.007319398105782654,0.2208454172051687,-0.5,2
2020-07-27,AAPL,0.01673146584452675,0.18918456295343603,-0.5,2
2020-07-28,AAPL,0.011779832910543494,0.14496316456304814,-0.5,2
2020-07-29,AAPL,0.011709509120593037,0.22076729458647013,-0.5,2
2020-07-30,AAPL,0.001986457034222266,0.4654269363439436,-0.5,2
2020-07-31,AAPL,-0.023622614624253517,1.8318942223562473,-0.5,2
2020-08-03,AAPL,-0.030402155678376546,1.983444803199473,-0.5,2
2020-08-04,AAPL,-0.03510999941294938,2.0033021111601363,-0.5,2
2020-08-05,AAPL,-0.025381968754209894,1.7395933291583918,-0.5,2
2020-08-06,AAPL,0.00667324249780754,1.5211292808779597,-0.5,2
2020-08-07,AAPL,-0.012153617854257207,1.7921210363782087,-0.5,2
2020-08-10,AAPL,0.01729861119149855,1.4034286684485526,-0.5,2
2020-08-11,AAPL,0.018845262330576307,1.3633956146644681,-0.5,2
2020-08-12,AAPL,0.014909423052509047,1.2560867736982981,-0.5,2
2020-08-13,AAPL,0.03951095074397552,1.2052131727007733,-0.5,2
2020-08-14,AAPL,0.04201559340377773,1.2869104523620007,-0.5,2
2020-08-17,AAPL,0.008961829300032942,1.3761444578457025,-0.5,2
2020-08-18,AAPL,0.040748071441185224,1.0272448986991947,-0.5,2
2020-08-19,AAPL,0.03764243946979683,1.306972302937104,-0.5,2
2020-08-20,AAPL,0.015660612752095796,1.5785968228029426,-0.5,2
2020-08-21,AAPL,0.013197073235096597,2.1092202756501615,-0.5,2
2020-08-24,AAPL,0.013082297605054345,2.2920084232532933,-0.5,2
2020-08-25,AAPL,0.00731195890735817,2.167892025925296,-0.5,2
2020-08-26,AAPL,-0.0034832709592406913,2.3028283421177003,-0.5,2
2020-08-27,AAPL,-0.007621988237081055,2.2802898175022923,-0.5,2
2020-08-28,AAPL,-0.01306826888569623,1.233564750596107,-0.5,2
2020-08-31,AAPL,-0.008376110430569402,1.3649474949873488,-0.5,2
2020-09-01,AAPL,0.0002540333583181359,0.9296507734066157,-0.5,2
2020-09-02,AAPL,0.026273909660828893,0.4493752484040914,-0.5,2
2020-09-03,AAPL,0.050499107233084886,-0.08573787564877695,-0.5,2
2020-09-04,AAPL,0.03451154342855832,0.5357603750133443,-0.5,2
2020-09-08,AAPL,0.07026743499539824,-0.46027067773141483,-0.5,2
2020-09-09,AAPL,0.056142300571431034,-0.012695307708706582,-0.5,2
2020-09-10,AAPL,0.07358874760785385,-0.3215946494455242,-0.5,2
2020-09-11,AAPL,0.06087608013092022,-0.18187735917371767,-0.5,2
2020-09-14,AAPL,0.05718361807054776,-0.36111426961637444,-0.5,2
2020-09-15,AAPL,0.042332134558372564,0.04441449163893574,-0.5,2
2020-09-16,AAPL,0.05854895924716964,-0.2568024159153344,-0.5,2
2020-09-17,AAPL,0.04988653749274302,-0.5708101166986201,-0.5,2
2020-09-18,AAPL,0.00946651219528442,0.07279956648839603,-0.5,2
2020-09-21,AAPL,-0.025111270335063655,0.49189836556363875,-0.5,2
2020-09-22,AAPL,0.001761104335617654,0.052255475128413775,-0.5,2
2020-09-23,AAPL,-0.013512232697769556,0.3719873570393806,-0.5,2
2020-09-24,AAPL,-0.04936865158649282,0.47113826868188313,-0.5,2
2020-09-25,AAPL,-0.006071555211555214,0.3185362379091087,-0.5,2
2020-09-28,AAPL,0.017244314355134762,-0.2409737016335707,-0.5,2
2020-09-29,AAPL,0.009437598869456054,-0.2614536214404886,-0.5,2
2020-09-30,AAPL,-0.05292102782628086,-0.4939413461656804,-0.5,2
2020-10-01,AAPL,-0.029677311983872825,-0.23928388631449793,-0.5,2
2020-10-02,AAPL,-0.008197076238643275,-0.09229228806858586,-0.5,2
2020-10-05,AAPL,-0.005850006792064048,-0.3107321233443875,-0.5,2
2020-10-06,AAPL,-0.00197147993536453,-0.07542041867872257,-0.5,2
2020-10-07,AAPL,-0.005362441879150699,-0.26367775242207797,-0.5,2
2020-10-08,AAPL,-0.003618650919525808,-0.19958803412244874,-0.5,2
2020-10-09,AAPL,-0.015376536280450409,-0.004491684083016645,-0.5,2
2020-10-12,AAPL,-0.02624907603547919,0.661164230470371,-0.5,2
2020-10-13,AAPL,-0.018559649825489622,-0.044205512905433786,-0.5,2
2020-10-14,AAPL,-0.021302299514180122,0.26584295422029214,-0.5,2
2020-10-15,AAPL,-0.025621558484897024,0.36713841124095814,-0.5,2
2020-10-16,AAPL,-0.01587472670700619,0.3207255083811108,-0.5,2
2020-10-19,AAPL,0.028937413467976927,-0.7334510524115195,-0.5,2
2020-10-20,AAPL,-0.005507519749855617,0.08488294592926104,-0.5,2
2020-10-21,AAPL,-0.0002776968406685721,0.38788803126249954,-0.5,2
2020-10-22,AAPL,0.0080390233222504,-0.23310422340840808,-0.5,2
2020-10-23,AAPL,-0.0015317654539356773,-0.10442839041472135,-0.5,2
2020-10-26,AAPL,-0.007491982475148963,0.21399360155568975,-0.5,2
2020-10-27,AAPL,-0.006470632967445524,0.3236722148209549,-0.5,2
2020-10-28,AAPL,0.0025225090116166304,0.12734644605146092,-0.5,2
2020-10-29,AAPL,-0.014815328289234831,0.833235358463219,-0.5,2
2020-10-30,AAPL,0.021036910359919718,0.03587224926774582,-0.5,2
2020-11-02,AAPL,0.011304410266480974,-0.08147459797652981,-0.5,2
2020-11-03,AAPL,0.0001322790173453143,0.36581031396181346,-0.5,2
2020-11-04,AAPL,-0.019445661547291205,0.3555550604553648,-0.5,2
2020-11-05,AAPL,-0.020288726215771095,0.520071916767141,-0.5,2
2020-11-06,AAPL,-0.024599967356103817,0.5226519608983055,-0.5,2
2020-11-09,AAPL,-0.019733439364607933,0.3075571053799798,-0.5,2
2020-11-10,AAPL,0.026470727626456435,0.8090525589022517,-0.5,2
2020-11-11,AAPL,0.019563302842253435,1.0143041192400504,-0.5,2
2020-11-12,AAPL,0.030703199525847633,0.8387793154348155,-0.5,2
2020-11-13,AAPL,0.029531196147906866,0.9495401496250364,-0.5,2
2020-11-16,AAPL,0.021059680995096326,0.8335456560015866,-0.5,2
2020-11-17,AAPL,-0.01603592741618379,0.9443604876455836,-0.5,2
2020-11-18,AAPL,-0.01141813448743153,1.0148096935171917,-0.5,2
2020-11-19,AAPL,-0.014075214965467875,1.0954277944978614,-0.5,2
2020-11-20,AAPL,-0.005555489184311377,1.3533455627421276,-0.5,2
2020-11-23,AAPL,0.003106061845512693,0.4381747600162846,-0.5,2
2020-11-24,AAPL,-0.007150169571587581,0.4247130969326738,-0.5,2
2020-11-25,AAPL,-0.006236052329398917,0.3634553169161226,-0.5,2
2020-11-27,AAPL,-0.007911499621814597,-0.22890284781199316,-0.5,2
2020-11-30,AAPL,-0.0038699331818170123,0.5839043273187072,-0.5,2
2020-12-01,AAPL,-0.010466290267792014,0.9872297798250157,-0.5,2
2020-12-02,AAPL,-0.011276518732698974,0.8269550768782677,-0.5,2
2020-12-03,AAPL,-0.00831454347639855,0.9245740017969677,-0.5,2
2020-12-04,AAPL,-0.006424288488493464,0.5737127627094161,-0.5,2
2020-12-07,AAPL,-0.0075086939267925345,0.8068674398264922,-0.5,2
2020-12-08,AAPL,0.0006780946019995253,0.5721483311332262,-0.5,2
2020-12-09,AAPL,0.0015142051725427833,0.1713533995431151,-0.5,2
2020-12-10,AAPL,0.0032423202220924286,0.3514977109474768,-0.5,2
2020-12-11,AAPL,0.004046236298664537,0.2451266097379823,-0.5,2
2020-12-14,AAPL,0.004224897718008045,0.10731973005116613,-0.5,2
2020-12-15,AAPL,-0.009356729934943839,0.79946068815497,-0.5,2
2020-12-16,AAPL,-0.007536803870678911,0.7493127053610955,-0.5,2
2020-12-17,AAPL,-0.009072535828410576,0.9591524301732661,-0.5,2
2020-12-18,AAPL,-0.010251337265000831,0.8655754010806957,-0.5,2
2020-12-21,AAPL,-0.01198625489126243,1.1866272338958765,-0.5,2
2020-12-22,AAPL,-0.006343949158166241,1.8877473137344118,-0.5,2
2020-12-23,AAPL,-0.0027114747124617577,1.8204548175651663,-0.5,2
2020-12-24,AAPL,0.0008096787236770581,1.9233385596036858,-0.5,2
2020-12-28,AAPL,-0.020917342312173567,2.0805266429384117,-0.5,2
2020-12-29,AAPL,-0.006295453355436074,1.789353265197564,-0.5,2
2020-12-30,AAPL,-0.0020059798642486763,2.0015128557757356,-0.5,2
2020-12-31,AAPL,-0.0022411119825323073,1.6012472152420576,-0.5,2
2020-07-01,AMZN,-0.030121134291343433,2.118152536144575,-0.5,2
2020-07-02,AMZN,-0.028817933264905345,1.9023906780589321,-0.5,2
2020-07-06,AMZN,-0.019208367687274564,2.0882762466240017,-0.5,2
2020-07-07,AMZN,-0.017607302046258686,1.7806439092485915,-0.5,2
2020-07-08,AMZN,-0.02293241892636699,1.6699400017338362,-0.5,2
2020-07-09,AMZN,-0.008203982484043096,1.633101216386885,-0.5,2
2020-07-10,AMZN,-0.02508341922610389,2.106147708577713,-0.5,2
2020-07-13,AMZN,0.00013052067121431922,2.0079063914592354,-0.5,2
2020-07-14,AMZN,-0.006634181950768019,2.1810089210246844,-0.5,2
2020-07-15,AMZN,-0.008379860820233943,1.9790431355369102,-0.5,2
2020-07-16,AMZN,0.0006391313498929124,2.0326627437997833,-0.5,2
2020-07-17,AMZN,0.017852328661238877,1.3687820390956529,-0.5,2
2020-07-20,AMZN,0.030270062119500358,1.5684681296973508,-0.5,2
2020-07-21,AMZN,0.02964160147280253,1.7341885591558834,-0.5,2
2020-07-22,AMZN,0.04272244080272195,0.4220535137937548,-0.5,2
2020-07-23,AMZN,0.057884328870958804,-0.2868581210719192,-0.5,2
2020-07-24,AMZN,0.038924139809630984,0.29369564036795515,-0.5,2
2020-07-27,AMZN,0.055094171618129115,0.016940293445925403,-0.5,2
2020-07-28,AMZN,0.04749615338650277,0.06411380457884164,-0.5,2
2020-07-29,AMZN,0.03477164659560715,0.08002805960869042,-0.5,2
2020-07-30,AMZN,0.026679578416686035,-0.12964150242911926,-0.5,2
2020-07-31,AMZN,0.018215536617536523,0.15380650434128196,-0.5,2
2020-08-03,AMZN,0.03287052673316482,-0.8782268016751754,-0.5,2
2020-08-04,AMZN,0.02754404044087193,-0.5252877180219234,-0.5,2
2020-08-05,AMZN,0.02348823255598869,-0.4502542460151691,-0.5,2
2020-08-06,AMZN,0.02272469377983511,-0.6091521568362442,-0.5,2
2020-08-07,AMZN,0.026312492607971406,-0.7051662749234103,-0.5,2
2020-08-10,AMZN,0.027829497618338684,-0.4629087462886886,-0.5,2
2020-08-11,AMZN,0.031269524399989534,-0.1467681158572831,-0.5,2
2020-08-12,AMZN,0.024468340160337786,0.04685018188263909,-0.5,2
2020-08-13,AMZN,0.02873766046610042,0.014132641344241983,-0.5,2
2020-08-14,AMZN,0.03460725106556507,0.12575944506624945,-0.5,2
2020-08-17,AMZN,0.03675939479575371,-0.5422940276315518,-0.5,2
2020-08-18,AMZN,0.02497900836176145,-0.0005489961433486658,-0.5,2
2020-08-19,AMZN,0.0361056267291202,0.10201024756982521,-0.5,2
2020-08-20,AMZN,0.03268311207371226,0.06854613615689498,-0.5,2
2020-08-21,AMZN,0.03554406204312697,-0.33295433111578054,-0.5,2
2020-08-24,AMZN,0.03304013346614947,-0.2896958698029446,-0.5,2
2020-08-25,AMZN,0.03882492171063937,-0.21072367741922043,-0.5,2
2020-08-26,AMZN,0.031115408987294164,0.06330403636232755,-0.5,2
2020-08-27,AMZN,0.035264681249163814,-0.031773921655903495,-0.5,2
2020-08-28,AMZN,0.03427905923222342,-0.4760681477337743,-0.5,2
2020-08-31,AMZN,0.031304591033636954,0.0382557377036893,-0.5,2
2020-09-01,AMZN,0.03300946893169165,-0.713072155030801,-0.5,2
2020-09-02,AMZN,0.039428483798026055,-0.5870702953358462,-0.5,2
2020-09-03,AMZN,0.05417030425060733,-0.4014475045625872,-0.5,2
2020-09-04,AMZN,0.05581789376159542,-0.3274212509739063,-0.5,2
2020-09-08,AMZN,0.07357504286904373,-0.560905107747186,-0.5,2
2020-09-09,AMZN,0.07398846087661161,-0.6421640132419909,-0.5,2
2020-09-10,AMZN,0.07870694467677443,-0.4591378906857607,-0.5,2
2020-09-11,AMZN,0.07848464355707228,-0.6892420251119767,-0.5,2
2020-09-14,AMZN,0.06661443387474503,-0.8612609963551797,-0.5,2
2020-09-15,AMZN,0.05310660219023643,-0.4768234422381204,-0.5,2
2020-09-16,AMZN,0.06900277944749295,-0.7784766437374976,-0.5,2
2020-09-17,AMZN,0.07717933309059759,-1.2565186867987737,-0.5,2
2020-09-18,AMZN,0.05389123793383964,-0.9906954821148901,-0.5,2
2020-09-21,AMZN,0.05486149821325102,-1.0731872632811386,-0.5,2
2020-09-22,AMZN,0.027353705718928895,-0.5123009209743554,-0.5,2
2020-09-23,AMZN,0.05422258623456013,-0.9249369571991148,-0.5,2
2020-09-24,AMZN,0.01846282714498149,-0.5053527332121353,-0.5,2
2020-09-25,AMZN,0.02289401449572215,-0.6058989156066257,-0.5,2
2020-09-28,AMZN,0.01917805127110471,-0.2527754663117464,-0.5,2
2020-09-29,AMZN,0.02605574914049715,-0.41548081836891615,-0.5,2
2020-09-30,AMZN,0.01904906255328114,-0.8280590551900919,-0.5,2
2020-10-01,AMZN,0.020388573203722893,-0.4449481531705699,-0.5,2
2020-10-02,AMZN,0.030336044612157637,-0.5222677753692974,-0.5,2
2020-10-05,AMZN,0.0227243354147722,-0.5028154159922738,-0.5,2
2020-10-06,AMZN,0.04261481296227621,-0.6948568201277816,-0.5,2
2020-10-07,AMZN,0.025840821856820413,-0.5735019378550857,-0.5,2
2020-10-08,AMZN,0.02733186731888423,-0.6383006702643662,-0.5,2
2020-10-09,AMZN,0.02272469377983511,-0.2939033165103312,-0.5,2
2020-10-12,AMZN,0.02261188921532481,0.20255608340096207,-0.5,2
2020-10-13,AMZN,0.022639782395289722,0.06391577416070834,-0.5,2
2020-10-14,AMZN,0.02593936162652143,-0.008582411473481972,-0.5,2
2020-10-15,AMZN,0.027010969788925334,0.014828644590024977,-0.5,2
2020-10-16,AMZN,0.028404844014944676,-0.23173095934847948,-0.5,2
2020-10-19,AMZN,0.06014791000590691,-0.7640271878186045,-0.5,2
2020-10-20,AMZN,0.05557764336197658,-1.6035224231115262,-0.5,2
2020-10-21,AMZN,0.047251335505706545,-0.6991504212500381,-0.5,2
2020-10-22,AMZN,0.050074681538842834,-1.6319406186366143,-0.5,2
2020-10-23,AMZN,0.042772949794600196,-0.7147405736753645,-0.5,2
2020-10-26,AMZN,0.039950364414413596,-0.47793976850043385,-0.5,2
2020-10-27,AMZN,0.036371511728957334,-0.3835320616625071,-0.5,2
2020-10-28,AMZN,0.04566343159743713,0.06491059753723771,-0.5,2
2020-10-29,AMZN,0.029132824790841706,0.20654698392530058,-0.5,2
2020-10-30,AMZN,0.057876903966225884,-0.40511353112926357,-0.5,2
2020-11-02,AMZN,0.05974777882271621,-0.7177411020506744,-0.5,2
2020-11-03,AMZN,0.060586373293305254,-0.3861281005278116,-0.5,2
2020-11-04,AMZN,0.02081526989176108,-0.004053172183438017,-0.5,2
2020-11-05,AMZN,0.015110355631462671,0.10063204736540296,-0.5,2
2020-11-06,AMZN,0.02042381720550272,-0.28683993336480995,-0.5,2
2020-11-09,AMZN,0.03078491227558582,-0.49261151765222416,-0.5,2
2020-11-10,AMZN,0.05173215374421437,-0.3926835849431581,-0.5,2
2020-11-11,AMZN,0.06678223363820454,-0.8285374093044382,-0.5,2
2020-11-12,AMZN,0.0660183034578962,-0.48579580884602946,-0.5,2
2020-11-13,AMZN,0.05332456261213522,0.04846996145422378,-0.5,2
2020-11-16,AMZN,0.03720962867762394,0.014743072394384084,-0.5,2
2020-11-17,AMZN,0.022984620557416624,-0.02068225101333261,-0.5,2
2020-11-18,AMZN,0.03331032612691334,-0.004064456332354832,-0.5,2
2020-11-19,AMZN,0.030473604880495567,0.06417879334480997,-0.5,2
2020-11-20,AMZN,0.03752818827342018,-0.20998934398280322,-0.5,2
2020-11-23,AMZN,0.03530049849485936,-0.3773980397829636,-0.5,2
2020-11-24,AMZN,0.023690935208353477,-0.42227465530382513,-0.5,2
2020-11-25,AMZN,0.0258652046021074,-0.4623935860473515,-0.5,2
2020-11-27,AMZN,0.02695694037036326,-0.8869324795611724,-0.5,2
2020-11-30,AMZN,0.03229633518316012,-1.0340718462679235,-0.5,2
2020-12-01,AMZN,0.024620097153248685,-0.061212591152843984,-0.5,2
2020-12-02,AMZN,0.024468712095642307,-0.30189106972134594,-0.5,2
2020-12-03,AMZN,0.03197929609155159,-0.7078464833108133,-0.5,2
2020-12-04,AMZN,0.039063142073730205,-0.7824117220541551,-0.5,2
2020-12-07,AMZN,0.03489155791448247,-0.6381820912671416,-0.5,2
2020-12-08,AMZN,0.0508019296965774,-0.9854010446568863,-0.5,2
2020-12-09,AMZN,0.06259063871291022,-0.9856723487814525,-0.5,2
2020-12-10,AMZN,0.059801219071935564,-1.0025436151772946,-0.5,2
2020-12-11,AMZN,0.05656520987958335,-0.752365896418534,-0.5,2
2020-12-14,AMZN,0.054132969205754146,-0.6541021038108223,-0.5,2
2020-12-15,AMZN,0.05411083084438328,-0.7611482996178864,-0.5,2
2020-12-16,AMZN,0.05109820942181025,-0.57302351423108,-0.5,2
2020-12-17,AMZN,0.047595504064560284,-0.48085129080897265,-0.5,2
2020-12-18,AMZN,0.05225297575860065,-0.4509470510469773,-0.5,2
2020-12-21,AMZN,0.04876306437488119,-0.4237466394588868,-0.5,2
2020-12-22,AMZN,0.05196997614756979,-0.49590769310652594,-0.5,2
2020-12-23,AMZN,0.05232358224700022,-0.36947755963576046,-0.5,2
2020-12-24,AMZN,0.051089358382395665,-0.5438559337467829,-0.5,2
2020-12-28,AMZN,0.04647222923802257,-0.08809346784118802,-0.5,2
2020-12-29,AMZN,0.04783698438498027,0.09476138450355903,-0.5,2
2020-12-30,AMZN,0.05037079729586221,-0.22681449926730035,-0.5,2
2020-12-31,AMZN,0.053847619178711524,-0.3264971305770889,-0.5,2
2020-07-01,GOOGL,0.01796372889755692,-1.024079165387326,-0.5,2
2020-07-02,GOOGL,0.013863187193370253,-0.6537074602089161,-0.5,2
2020-07-06,GOOGL,0.009825148820469712,-0.5189186093743635,-0.5,2
2020-07-07,GOOGL,0.014813226509065332,-0.6803476156128082,-0.5,2
2020-07-08,GOOGL,0.014853712475028195,-0.8163143742743162,-0.5,2
2020-07-09,GOOGL,0.010276337089219269,-0.5114436905247566,-0.5,2
2020-07-10,GOOGL,0.006191038287933863,-0.34871026597991667,-0.5,2
2020-07-13,GOOGL,0.009345210939252009,-0.3148490567521828,-0.5,2
2020-07-14,GOOGL,0.010298260569292426,-0.3847229085939179,-0.5,2
2020-07-15,GOOGL,0.00809829247282734,-0.3455125646902113,-0.5,2
2020-07-16,GOOGL,0.008184840353615148,-0.15030321981174202,-0.5,2
2020-07-17,GOOGL,0.011492089913411595,0.11271194292537288,-0.5,2
2020-07-20,GOOGL,0.012803449396786657,-0.06282221829234327,-0.5,2
2020-07-21,GOOGL,0.016097620994208174,0.22168850999502834,-0.5,2
2020-07-22,GOOGL,0.016758690617139336,-0.010069798285971224,-0.5,2
2020-07-23,GOOGL,0.019862369895819867,0.333798230737412,-0.5,2
2020-07-24,GOOGL,0.022139640883143283,0.19810166639848084,-0.5,2
2020-07-27,GOOGL,0.016356621455575485,0.7172662483020829,-0.5,2
2020-07-28,GOOGL,0.019596863273468407,0.3942062311031489,-0.5,2
2020-07-29,GOOGL,0.018979472512011687,0.30689523156560267,-0.5,2
2020-07-30,GOOGL,0.011894300324311493,0.3136337926073876,-0.5,2
2020-07-31,GOOGL,0.014211148631756126,-0.4989694674136703,-0.5,2
2020-08-03,GOOGL,0.01359479397307502,-0.7036731570082957,-0.5,2
2020-08-04,GOOGL,0.013922968657877796,-0.813706441862377,-0.5,2
2020-08-05,GOOGL,0.011010719192170232,-0.7356969938055458,-0.5,2
2020-08-06,GOOGL,0.010912924412753445,-0.47726032106851096,-0.5,2
2020-08-07,GOOGL,0.011970181466610585,-0.4858834145021782,-0.5,2
2020-08-10,GOOGL,0.01239664038583436,-0.36125310057849636,-0.5,2
2020-08-11,GOOGL,0.011970181466610585,-0.07242418920450797,-0.5,2
2020-08-12,GOOGL,0.012508868432288637,-0.3121683592185396,-0.5,2
2020-08-13,GOOGL,0.013887236073011731,-0.3154195768486551,-0.5,2
2020-08-14,GOOGL,0.011974192805756982,-0.2841576517975948,-0.5,2
2020-08-17,GOOGL,0.0080602596597991,-0.3529097313022189,-0.5,2
2020-08-18,GOOGL,0.006851266876873857,-0.2861151807974499,-0.5,2
2020-08-19,GOOGL,0.010363917392554257,-0.199441758210962,-0.5,2
2020-08-20,GOOGL,0.005896141067045488,-0.13805911113945674,-0.5,2
2020-08-21,GOOGL,0.005925887994372275,-0.44432027793125395,-0.5,2
2020-08-24,GOOGL,0.007647746052233804,-0.46159902048945833,-0.5,2
2020-08-25,GOOGL,0.010322246700131626,-0.3198605884577653,-0.5,2
2020-08-26,GOOGL,0.006658500764635523,-0.22520599812647688,-0.5,2
2020-08-27,GOOGL,0.006638231299852137,-0.3467277668412544,-0.5,2
2020-08-28,GOOGL,0.005769600576288132,0.11536753393007287,-0.5,2
2020-08-31,GOOGL,0.007356231161171689,0.15353763363232098,-0.5,2
2020-09-01,GOOGL,0.0075505085738276755,0.21164855328970464,-0.5,2
2020-09-02,GOOGL,0.022257290144111336,0.394009684644902,-0.5,2
2020-09-03,GOOGL,0.043687790818716876,0.3887740350202602,-0.5,2
2020-09-04,GOOGL,0.04504486962519133,0.0435713565293564,-0.5,2
2020-09-08,GOOGL,0.056520757947671044,0.07035445377179605,-0.5,2
2020-09-09,GOOGL,0.062161924494951115,-0.33307186876063943,-0.5,2
2020-09-10,GOOGL,0.06343641371650476,-0.011493515059665449,-0.5,2
2020-09-11,GOOGL,0.06697980191952675,-0.24487330101300211,-0.5,2
2020-09-14,GOOGL,0.06599305784102659,-0.7553418265937701,-0.5,2
2020-09-15,GOOGL,0.04962068867216604,-0.22455136668233927,-0.5,2
2020-09-16,GOOGL,0.05742061152722065,-0.2169555951895114,-0.5,2
2020-09-17,GOOGL,0.025235949985589277,-0.052497308431449896,-0.5,2
2020-09-18,GOOGL,0.03868413817620568,-0.5141210310758061,-0.5,2
2020-09-21,GOOGL,0.03161687339417524,-0.5699875360953572,-0.5,2
2020-09-22,GOOGL,0.024509618298907458,-0.5195390457038023,-0.5,2
2020-09-23,GOOGL,0.0255462342494433,-0.385303103643279,-0.5,2
2020-09-24,GOOGL,0.025365462039604544,-0.6678006393899668,-0.5,2
2020-09-25,GOOGL,0.028070558905780217,-0.8849622993307013,-0.5,2
2020-09-28,GOOGL,0.019430679232689665,-0.44838696841027653,-0.5,2
2020-09-29,GOOGL,0.02510391991298542,-0.4663907717383405,-0.5,2
2020-09-30,GOOGL,0.012965579570042485,-0.9880823375452692,-0.5,2
2020-10-01,GOOGL,0.007072264909334686,-0.8773247622884953,-0.5,2
2020-10-02,GOOGL,0.010796334974093168,-0.6510268831516918,-0.5,2
2020-10-05,GOOGL,0.012585210198664853,-0.705467800045932,-0.5,2
2020-10-06,GOOGL,0.011734576168803357,-0.6222162077084461,-0.5,2
2020-10-07,GOOGL,0.010977569923345702,-0.835297381855468,-0.5,2
2020-10-08,GOOGL,0.011959973291539683,-0.8614331930431158,-0.5,2
2020-10-09,GOOGL,0.006470215642350396,-0.8020585053953969,-0.5,2
2020-10-12,GOOGL,0.006383328176051375,-0.6738625470200554,-0.5,2
2020-10-13,GOOGL,0.008327804994918569,-0.7034963367338077,-0.5,2
2020-10-14,GOOGL,0.008508250231398845,-0.6856601317414173,-0.5,2
2020-10-15,GOOGL,0.009398061009597315,-0.5524444756680349,-0.5,2
2020-10-16,GOOGL,0.005502999866153958,-0.3999195397880147,-0.5,2
2020-10-19,GOOGL,0.011181893975390819,-0.05072413161957595,-0.5,2
2020-10-20,GOOGL,0.008654208890449853,0.44501750942415946,-0.5,2
2020-10-21,GOOGL,0.006210435867011927,1.051913326780064,-0.5,2
2020-10-22,GOOGL,0.008732344552537656,1.6367839518535716,-0.5,2
2020-10-23,GOOGL,0.004026843159561432,2.181840063658029,-0.5,2
2020-10-26,GOOGL,0.013961821678068134,1.5259718922070724,-0.5,2
2020-10-27,GOOGL,0.010448238911414554,0.8910960661106763,-0.5,2
2020-10-28,GOOGL,0.039409263700471854,0.5649832748521131,-0.5,2
2020-10-29,GOOGL,0.026678960215628128,1.1368087616943665,-0.5,2
2020-10-30,GOOGL,0.01184626370062638,2.560769779862312,-0.5,2
2020-11-02,GOOGL,0.009814258611417373,2.500120911975714,-0.5,2
2020-11-03,GOOGL,0.010866093150926565,2.4457071799071137,-0.5,2
2020-11-04,GOOGL,0.03249944384769257,2.0107021715003564,-0.5,2
2020-11-05,GOOGL,0.01749026853953206,1.8202900131937407,-0.5,2
2020-11-06,GOOGL,-0.002156300221768527,2.1103468140805846,-0.5,2
2020-11-09,GOOGL,-0.0044908830433375985,2.1371964439406543,-0.5,2
2020-11-10,GOOGL,0.03237965952811229,2.002835513508692,-0.5,2
2020-11-11,GOOGL,0.03378223722966231,2.0730333929891565,-0.5,2
2020-11-12,GOOGL,0.03811605840803933,2.0441359015766825,-0.5,2
2020-11-13,GOOGL,0.041088375144001196,1.8099144115423254,-0.5,2
2020-11-16,GOOGL,0.027786370048855268,1.643234819127295,-0.5,2
2020-11-17,GOOGL,-0.010238837479383691,1.9386664612360587,-0.5,2
2020-11-18,GOOGL,-0.0014629137399154825,1.7906044471155425,-0.5,2
2020-11-19,GOOGL,-0.0013687330307964574,1.6686574607073428,-0.5,2
2020-11-20,GOOGL,-0.001590801204028002,2.00707444269015,-0.5,2
2020-11-23,GOOGL,0.0049167290781930665,1.846469386825592,-0.5,2
2020-11-24,GOOGL,0.000374516496971686,1.642780147792145,-0.5,2
2020-11-25,GOOGL,0.007823352047714482,1.6250279742585372,-0.5,2
2020-11-27,GOOGL,0.011726616458715792,1.763085019641933,-0.5,2
2020-11-30,GOOGL,0.008449499732929295,0.22251976466051102,-0.5,2
2020-12-01,GOOGL,0.001080162909589172,0.5705546771372446,-0.5,2
2020-12-02,GOOGL,0.004466005706607076,0.5785509542017375,-0.5,2
2020-12-03,GOOGL,0.01847224089219241,0.17628092695723077,-0.5,2
2020-12-04,GOOGL,0.01763319732832673,0.3012318397440298,-0.5,2
2020-12-07,GOOGL,0.006489035703016788,0.5040587620413743,-0.5,2
2020-12-08,GOOGL,0.005347222787370802,-0.0666185405280168,-0.5,2
2020-12-09,GOOGL,0.009775299649179154,-0.39861048508400077,-0.5,2
2020-12-10,GOOGL,0.012383131897469273,-0.05469487981904672,-0.5,2
2020-12-11,GOOGL,0.010112140429577313,0.057609381241882474,-0.5,2
2020-12-14,GOOGL,0.014134396517419923,-0.503644733332085,-0.5,2
2020-12-15,GOOGL,0.009276366001904533,-0.5641231789334018,-0.5,2
2020-12-16,GOOGL,0.00884203708349836,-0.5457354041779581,-0.5,2
2020-12-17,GOOGL,0.012112506581537981,-0.4571803615426704,-0.5,2
2020-12-18,GOOGL,0.011142648854501115,-0.4967222438252845,-0.5,2
2020-12-21,GOOGL,0.007155461929961485,-0.22747468278256255,-0.5,2
2020-12-22,GOOGL,0.020200346299475452,-0.4560501382771814,-0.5,2
2020-12-23,GOOGL,0.018058083327674022,-0.4265747342435571,-0.5,2
2020-12-24,GOOGL,0.010811267111869262,-0.06809811396336196,-0.5,2
2020-12-28,GOOGL,0.007213208096806794,0.16428691314141966,-0.5,2
2020-12-29,GOOGL,0.006884531585984984,0.3840481216006707,-0.5,2
2020-12-30,GOOGL,0.0057445817662646085,0.01309251355390817,-0.5,2
2020-12-31,GOOGL,0.00596175704718056,0.08294758998422802,-0.5,2
2020-07-01,INTC,0.0013859826955929001,-1.163214198485181,-0.5,2
2020-07-02,INTC,0.0035244609218518684,-1.368522959408083,-0.5,2
2020-07-06,INTC,0.004435652058764204,-1.4010164933825395,-0.5,2
2020-07-07,INTC,0.0023991284576337325,-1.3065106153022903,-0.5,2
2020-07-08,INTC,-0.00039757572613494856,-1.2167148703288482,-0.5,2
2020-07-09,INTC,0.001840353118564172,-1.3781219591346134,-0.5,2
2020-07-10,INTC,0.018112166619694642,-1.7579859962405986,-0.5,2
2020-07-13,INTC,0.02044760725706382,-1.7307110379958415,-0.5,2
2020-07-14,INTC,0.01709961889184233,-2.0440648547959754,-0.5,2
2020-07-15,INTC,0.017714674755657668,-1.9384808685621557,-0.5,2
2020-07-16,INTC,0.017987969383311517,-1.7614318945403373,-0.5,2
2020-07-17,INTC,0.01715117819179876,-1.4078904137215962,-0.5,2
2020-07-20,INTC,0.017004282900147768,-1.763500997211615,-0.5,2
2020-07-21,INTC,0.022336615934248807,-1.319671104649096,-0.5,2
2020-07-22,INTC,0.015186441844537824,-0.9515421495162825,-0.5,2
2020-07-23,INTC,0.022893077177799048,-0.3522052737821851,-0.5,2
2020-07-24,INTC,0.00022576094993235623,-1.3434204355740285,-0.5,2
2020-07-27,INTC,-0.003818212039004947,-1.5578321229343741,-0.5,2
2020-07-28,INTC,-0.00848077900136167,-1.2131998536018762,-0.5,2
2020-07-29,INTC,-0.012163985578127307,-1.2861587324337105,-0.5,2
2020-07-30,INTC,-0.02552671567573198,-1.2298996895388352,-0.5,2
2020-07-31,INTC,-0.025256451617910295,-1.3974514118040908,-0.5,2
2020-08-03,INTC,-0.02364430489936838,-1.504667846618562,-0.5,2
2020-08-04,INTC,-0.021298594671091537,-1.538792644399491,-0.5,2
2020-08-05,INTC,-0.023173355608923064,-1.460374395171967,-0.5,2
2020-08-06,INTC,0.004684780365656791,-1.7501605785634229,-0.5,2
2020-08-07,INTC,-0.001964611870765899,-1.5698681093695785,-0.5,2
2020-08-10,INTC,-0.00022662902633324705,-1.4801920441149445,-0.5,2
2020-08-11,INTC,0.0017610180951387346,-1.4058694516884167,-0.5,2
2020-08-12,INTC,-0.025055304222519517,-1.192149941053657,-0.5,2
2020-08-13,INTC,-0.03455556432769863,-1.4183718841584438,-0.5,2
2020-08-14,INTC,-0.012085037720949616,-1.6264716223853535,-0.5,2
2020-08-17,INTC,-0.007195815857335,-1.5753355248792924,-0.5,2
2020-08-18,INTC,-0.04189904317952057,-1.4319934222263573,-0.5,2
2020-08-19,INTC,-0.02206202701265242,-1.526136815276859,-0.5,2
2020-08-20,INTC,-0.016725369398651393,-1.581014426024141,-0.5,2
2020-08-21,INTC,0.005036589558853482,-0.9940790040213761,-0.5,2
2020-08-24,INTC,0.00699032244703232,-0.8222694125980468,-0.5,2
2020-08-25,INTC,0.007019224229640418,-0.7981467738592637,-0.5,2
2020-08-26,INTC,0.008435180258720995,-0.6375627663680783,-0.5,2
2020-08-27,INTC,0.008559410219369401,-0.5921874119578525,-0.5,2
2020-08-28,INTC,0.009289342453299447,-0.4002199869609029,-0.5,2
2020-08-31,INTC,0.006985273219629104,-0.2881730021296652,-0.5,2
2020-09-01,INTC,0.008476811419219996,-0.19498582498403755,-0.5,2
2020-09-02,INTC,0.021271662029468747,-0.07061012288240376,-0.5,2
2020-09-03,INTC,0.03800332061177512,0.33782387057404306,-0.5,2
2020-09-04,INTC,0.01830780171696644,0.613851999242169,-0.5,2
2020-09-08,INTC,0.02621978069633769,0.802466022020571,-0.5,2
2020-09-09,INTC,0.029234065548908398,0.6602134174233878,-0.5,2
2020-09-10,INTC,0.03273547849349734,0.7273530265093214,-0.5,2
2020-09-11,INTC,0.03835807642156389,0.7637728065944008,-0.5,2
2020-09-14,INTC,0.038955416867135,0.4744610616676493,-0.5,2
2020-09-15,INTC,0.03325614686183626,0.4830597701682504,-0.5,2
2020-09-16,INTC,0.03325614686183626,0.8046665951419736,-0.5,2
2020-09-17,INTC,0.0037750717224993096,0.7791453758536966,-0.5,2
2020-09-18,INTC,0.004667284835434383,0.7531870295412681,-0.5,2
2020-09-21,INTC,0.007953309325113282,0.3537736321579109,-0.5,2
2020-09-22,INTC,0.0018570127877678404,0.5287331251461628,-0.5,2
2020-09-23,INTC,0.015952041368886435,0.22325409444538213,-0.5,2
2020-09-24,INTC,0.006180283160452163,0.1990228327664151,-0.5,2
2020-09-25,INTC,0.00844593987796659,0.2762339467515365,-0.5,2
2020-09-28,INTC,0.005291640639000039,0.5784260748635798,-0.5,2
2020-09-29,INTC,0.008211852659806954,0.47538013427292375,-0.5,2
2020-09-30,INTC,0.0068287737247014445,1.3370711772759771,-0.5,2
2020-10-01,INTC,0.006260209072564427,0.7727582894977375,-0.5,2
2020-10-02,INTC,0.009691208936901726,0.44034048221344974,-0.5,2
2020-10-05,INTC,0.0072979146750925365,0.1823660651842029,-0.5,2
2020-10-06,INTC,0.019061766852787577,0.07866453626319268,-0.5,2
2020-10-07,INTC,0.01188368304732307,0.4973374418633728,-0.5,2
2020-10-08,INTC,0.0022032620725974225,0.6581593019179613,-0.5,2
2020-10-09,INTC,0.0009004159279276574,0.14254315051300054,-0.5,2
2020-10-12,INTC,0.004031700332655232,0.25746857084257546,-0.5,2
2020-10-13,INTC,0.003633288909733094,0.08432878530088414,-0.5,2
2020-10-14,INTC,0.00551202898082798,-0.2400140998468249,-0.5,2
2020-10-15,INTC,0.005673257624800367,-0.23131757626055088,-0.5,2
2020-10-16,INTC,0.000746570366194035,-0.27314277925651265,-0.5,2
2020-10-19,INTC,-0.004201486953009296,0.8206002469788096,-0.5,2
2020-10-20,INTC,-0.005508012832718351,0.9194207816992293,-0.5,2
2020-10-21,INTC,-0.010090962178398548,0.5866268056823017,-0.5,2
2020-10-22,INTC,-0.010757387350609727,0.9902998099997693,-0.5,2
2020-10-23,INTC,-0.016767669623786566,-1.1046603454830017,-0.5,2
2020-10-26,INTC,-0.01068089661569512,-1.5794095998935378,-0.5,2
2020-10-27,INTC,-0.01100276003089316,-1.4212573024456545,-0.5,2
2020-10-28,INTC,-0.01721846037735371,-1.1220596559985414,-0.5,2
2020-10-29,INTC,0.0012228707608462274,-2.0145790378691277,-0.5,2
2020-10-30,INTC,-0.005902248356097818,-1.0825175330513825,-0.5,2
2020-11-02,INTC,-0.003786175406532507,-1.019378167465749,-0.5,2
2020-11-03,INTC,0.00529360085201021,-1.1590872023866419,-0.5,2
2020-11-04,INTC,-0.006299254675312387,-1.385336109847391,-0.5,2
2020-11-05,INTC,-0.010861520349995539,-1.6760396123587102,-0.5,2
2020-11-06,INTC,-0.007731286381685914,-1.7001377330508263,-0.5,2
2020-11-09,INTC,-0.005363422108660791,-0.7376974457940153,-0.5,2
2020-11-10,INTC,0.04752875782501274,-0.5796707021160682,-0.5,2
2020-11-11,INTC,0.04298580712686152,-0.8758738463586738,-0.5,2
2020-11-12,INTC,0.03276234621201999,-0.7409060742042819,-0.5,2
2020-11-13,INTC,0.029638341542065773,-0.42308910132365374,-0.5,2
2020-11-16,INTC,0.012596175401148095,-0.4597807181932224,-0.5,2
2020-11-17,INTC,-0.029255673042862338,-0.31982831387264987,-0.5,2
2020-11-18,INTC,-0.025286023407361722,-0.5322124169594462,-0.5,2
2020-11-19,INTC,-0.030875490166285526,-0.5702503980990965,-0.5,2
2020-11-20,INTC,0.016977835134460034,-0.22941685558726663,-0.5,2
2020-11-23,INTC,0.015093829692866559,0.29548011259598006,-0.5,2
2020-11-24,INTC,0.01406216594364234,0.7178587183751524,-0.5,2
2020-11-25,INTC,0.011762863877754734,0.45079603119427814,-0.5,2
2020-11-27,INTC,0.007080504120190929,0.7651377461990441,-0.5,2
2020-11-30,INTC,0.004885511060222621,0.6045378264920764,-0.5,2
2020-12-01,INTC,0.004635197723521524,0.7606121971545972,-0.5,2
2020-12-02,INTC,0.005963504356337732,0.6992903301647332,-0.5,2
2020-12-03,INTC,-0.004552432619590123,1.4372850498615921,-0.5,2
2020-12-04,INTC,-0.0056610816141681695,1.6074585052975001,-0.5,2
2020-12-07,INTC,0.012610557300870833,1.0743665047257605,-0.5,2
2020-12-08,INTC,0.007279058197475507,1.0631402271806905,-0.5,2
2020-12-09,INTC,0.006964314468326503,1.0301492077986039,-0.5,2
2020-12-10,INTC,0.004395098303282208,1.1136468730880502,-0.5,2
2020-12-11,INTC,0.01147558936925288,1.1718222917884091,-0.5,2
2020-12-14,INTC,0.004834620234863666,1.4651451545668261,-0.5,2
2020-12-15,INTC,0.004173854479744007,1.209061461462828,-0.5,2
2020-12-16,INTC,0.005487866521347954,1.3475343737936154,-0.5,2
2020-12-17,INTC,0.00689085359328858,1.1267554064349405,-0.5,2
2020-12-18,INTC,0.012706288691502218,0.2252175522909631,-0.5,2
2020-12-21,INTC,0.0168568344845953,-0.10334470739659832,-0.5,2
2020-12-22,INTC,0.012260829630233205,-0.2518542194644978,-0.5,2
2020-12-23,INTC,0.005121855002382274,-0.1154046194852838,-0.5,2
2020-12-24,INTC,0.005610075527913731,0.22040052755755904,-0.5,2
2020-12-28,INTC,0.0019449003020247382,0.23206671686707037,-0.5,2
2020-12-29,INTC,-0.0027269657167430087,0.7265356741363727,-0.5,2
2020-12-30,INTC,0.001380025753288941,0.3584567559509009,-0.5,2
2020-12-31,INTC,0.0011871712735855276,0.6200421760501751,-0.5,2
2020-07-01,MSFT,0.02541870000763237,-0.06260340928486535,-0.5,2
2020-07-02,MSFT,0.02881047323502821,-0.18926848599468565,-0.5,2
2020-07-06,MSFT,0.025260191220653955,-0.233832371819136,-0.5,2
2020-07-07,MSFT,0.03141755566031831,-0.5144174956486748,-0.5,2
2020-07-08,MSFT,0.02363957466827761,-0.3747106010263391,-0.5,2
2020-07-09,MSFT,0.027496199298996465,-0.5859573006146231,-0.5,2
2020-07-10,MSFT,0.0412802155889177,-0.6244237391720225,-0.5,2
2020-07-13,MSFT,0.04158542556732175,-0.5284864052834054,-0.5,2
2020-07-14,MSFT,0.0369216797093439,-0.5044712988797165,-0.5,2
2020-07-15,MSFT,0.04913076054902471,-0.5961663781585749,-0.5,2
2020-07-16,MSFT,0.05600531505879013,-0.8317362380019795,-0.5,2
2020-07-17,MSFT,0.05535809421908133,-1.372868513660676,-0.5,2
2020-07-20,MSFT,0.03863167113183778,-1.101395694279672,-0.5,2
2020-07-21,MSFT,0.04022684114725189,-1.096747596540574,-0.5,2
2020-07-22,MSFT,0.04165025393099899,-0.9719669780398492,-0.5,2
2020-07-23,MSFT,0.04470549344502409,-0.995233597675,-0.5,2
2020-07-24,MSFT,0.0366856618306423,-0.6632867924712113,-0.5,2
2020-07-27,MSFT,0.0434170832215559,-0.7340708705804797,-0.5,2
2020-07-28,MSFT,0.0437135594036012,-0.8774837594334948,-0.5,2
2020-07-29,MSFT,0.04184501204235277,-1.0192392895313587,-0.5,2
2020-07-30,MSFT,0.035975797304825245,-1.0044874708267877,-0.5,2
2020-07-31,MSFT,0.029853368843885803,-1.046910637924629,-0.5,2
2020-08-03,MSFT,0.019392560988397665,-0.4723612316824648,-0.5,2
2020-08-04,MSFT,0.027384400230994237,-0.7372790181321093,-0.5,2
2020-08-05,MSFT,0.030519326919054506,-0.9947751076373065,-0.5,2
2020-08-06,MSFT,0.025077941553656377,-0.7137412791504867,-0.5,2
2020-08-07,MSFT,0.024070607882543314,-0.6072693531946953,-0.5,2
2020-08-10,MSFT,0.039640685673077276,-0.8047290347135632,-0.5,2
2020-08-11,MSFT,0.0386073974853459,-0.499113016034867,-0.5,2
2020-08-12,MSFT,0.027571984890987382,-0.44855691349162674,-0.5,2
2020-08-13,MSFT,0.03603924462306738,-0.3483803761164581,-0.5,2
2020-08-14,MSFT,0.030977437130617808,-0.14509194493391175,-0.5,2
2020-08-17,MSFT,0.03698410591505266,-0.5607584679286404,-0.5,2
2020-08-18,MSFT,0.03524402448173619,-0.48105313511523545,-0.5,2
2020-08-19,MSFT,0.039192928859940565,-0.4452697551163687,-0.5,2
2020-08-20,MSFT,0.04217227532748421,-0.3586686092517481,-0.5,2
2020-08-21,MSFT,0.04022742770608641,-0.6501754766369521,-0.5,2
2020-08-24,MSFT,0.0358898277559984,-0.6242962321933444,-0.5,2
2020-08-25,MSFT,0.03458299612280816,-0.5344190273845103,-0.5,2
2020-08-26,MSFT,0.030524620336335257,-0.3911394047154066,-0.5,2
2020-08-27,MSFT,0.031468764111942,0.00047660654469592646,-0.5,2
2020-08-28,MSFT,0.027776242393558442,0.14572448085362588,-0.5,2
2020-08-31,MSFT,0.032508158553907006,-0.7560144311476509,-0.5,2
2020-09-01,MSFT,0.034718142737175,-0.9841029018515717,-0.5,2
2020-09-02,MSFT,0.0380501626585664,-0.602405643194201,-0.5,2
2020-09-03,MSFT,0.06382675682056162,-1.1447972109269242,-0.5,2
2020-09-04,MSFT,0.06686867586545768,-0.8046828520338607,-0.5,2
2020-09-08,MSFT,0.07226061143848211,-0.6988255505304197,-0.5,2
2020-09-09,MSFT,0.07341746323147269,-0.7132004815122496,-0.5,2
2020-09-10,MSFT,0.07632669073730199,-0.48996955560571026,-0.5,2
2020-09-11,MSFT,0.07100071855137159,-0.4775080604348386,-0.5,2
2020-09-14,MSFT,0.06419834917983926,-0.7546691881158725,-0.5,2
2020-09-15,MSFT,0.05280045056758373,-0.44540701634920016,-0.5,2
2020-09-16,MSFT,0.06688939858787991,-0.4718732038575578,-0.5,2
2020-09-17,MSFT,0.037474744399187646,-0.2590214641395624,-0.5,2
2020-09-18,MSFT,0.0520066961790381,-0.754139018834801,-0.5,2
2020-09-21,MSFT,0.03381724946467758,-0.4276889818508677,-0.5,2
2020-09-22,MSFT,0.02277921396524251,-0.2806897168456498,-0.5,2
2020-09-23,MSFT,0.052876139349138436,-0.7851125281675806,-0.5,2
2020-09-24,MSFT,0.025742865504558822,-0.43666497680939065,-0.5,2
2020-09-25,MSFT,0.018229548645179262,-0.422178757375194,-0.5,2
2020-09-28,MSFT,0.018187656575628257,-0.29855781746373744,-0.5,2
2020-09-29,MSFT,0.02867073944452209,-0.4195297497078327,-0.5,2
2020-09-30,MSFT,0.022815891884092394,-0.44897775322966404,-0.5,2
2020-10-01,MSFT,0.02077279500343257,-0.3872497856628295,-0.5,2
2020-10-02,MSFT,0.03180117643821946,-0.3452561359143702,-0.5,2
2020-10-05,MSFT,0.023134412772942432,-0.4096459775225603,-0.5,2
2020-10-06,MSFT,0.039017497851484034,-0.40374214238469863,-0.5,2
2020-10-07,MSFT,0.03313635924312676,-0.4630720953733896,-0.5,2
2020-10-08,MSFT,0.036094729707346736,-0.4894030138628245,-0.5,2
2020-10-09,MSFT,0.03449022097534463,-0.3849164140718252,-0.5,2
2020-10-12,MSFT,0.03390158236289596,-0.5467301381782294,-0.5,2
2020-10-13,MSFT,0.032355724705952105,-0.3560826172943159,-0.5,2
2020-10-14,MSFT,0.03438442578553937,-0.31269088881525275,-0.5,2
2020-10-15,MSFT,0.036388644535302495,-0.3987621241732085,-0.5,2
2020-10-16,MSFT,0.03565351044487587,-0.47578727907495266,-0.5,2
2020-10-19,MSFT,0.0463074362167405,-1.0013148504987819,-0.5,2
2020-10-20,MSFT,0.043516935520212255,-1.1712516665707682,-0.5,2
2020-10-21,MSFT,0.048853285466799845,-0.5207663904705999,-0.5,2
2020-10-22,MSFT,0.04684685052927668,-1.3867278328173835,-0.5,2
2020-10-23,MSFT,0.04703581547163947,-0.6837494359268992,-0.5,2
2020-10-26,MSFT,0.04742014791830103,-0.7644485691640652,-0.5,2
2020-10-27,MSFT,0.04260390238140126,-0.7625178614688972,-0.5,2
2020-10-28,MSFT,0.05023139574569433,-0.6232280166883273,-0.5,2
2020-10-29,MSFT,0.042154442752037974,-0.6234845757749253,-0.5,2
2020-10-30,MSFT,0.06805225579549824,-0.39615636447382174,-0.5,2
2020-11-02,MSFT,0.0605674659633098,-0.372408234533793,-0.5,2
2020-11-03,MSFT,0.06084457473443877,-0.11950317992795734,-0.5,2
2020-11-04,MSFT,0.0260354045690187,0.12861365696980848,-0.5,2
2020-11-05,MSFT,0.01772084176972867,0.2930373535234925,-0.5,2
2020-11-06,MSFT,0.023398712716219038,0.04639643428730131,-0.5,2
2020-11-09,MSFT,0.02254323024845983,0.37096148500331344,-0.5,2
2020-11-10,MSFT,0.05172589398958115,0.18288568048538556,-0.5,2
2020-11-11,MSFT,0.04053398565730272,0.3856186609966518,-0.5,2
2020-11-12,MSFT,0.05215673408862237,0.3090028512849489,-0.5,2
2020-11-13,MSFT,0.05012609944533171,0.3706054945410657,-0.5,2
2020-11-16,MSFT,0.019880154314204,0.6613018228375385,-0.5,2
2020-11-17,MSFT,0.02161709343428388,0.22249919199681772,-0.5,2
2020-11-18,MSFT,0.03953059915332109,0.017461408311567728,-0.5,2
2020-11-19,MSFT,0.03155175787009692,0.15613385334155588,-0.5,2
2020-11-20,MSFT,0.04323753287334066,-0.1512320256581708,-0.5,2
2020-11-23,MSFT,0.04565641245581559,0.007049640956969611,-0.5,2
2020-11-24,MSFT,0.027102325193736676,0.1888168573534405,-0.5,2
2020-11-25,MSFT,0.04067562374106228,-0.043915297124847985,-0.5,2
2020-11-27,MSFT,0.03934634705942239,-0.05775982588551041,-0.5,2
2020-11-30,MSFT,0.04185442157930626,-0.7233634014165605,-0.5,2
2020-12-01,MSFT,0.04054528145426436,-0.20636162740177832,-0.5,2
2020-12-02,MSFT,0.03510480056598908,-0.46782779098976845,-0.5,2
2020-12-03,MSFT,0.038247535729905906,-0.7081866977798434,-0.5,2
2020-12-04,MSFT,0.06172040119212322,-0.9920186248270476,-0.5,2
2020-12-07,MSFT,0.05512702176000488,-0.8841930321196891,-0.5,2
2020-12-08,MSFT,0.04966177684204633,-1.2324988422165926,-0.5,2
2020-12-09,MSFT,0.05823093146639302,-1.2289939985318197,-0.5,2
2020-12-10,MSFT,0.05671828386415962,-1.166216323582155,-0.5,2
2020-12-11,MSFT,0.05370291487084411,-0.837650750596211,-0.5,2
2020-12-14,MSFT,0.053941037935421564,-0.9135811455560767,-0.5,2
2020-12-15,MSFT,0.05465003194180422,-1.1386049739504103,-0.5,2
2020-12-16,MSFT,0.049498746065855755,-0.6761820641310867,-0.5,2
2020-12-17,MSFT,0.046337227410946535,-0.4928158380165373,-0.5,2
2020-12-18,MSFT,0.05128672086132533,-0.41454676578570016,-0.5,2
2020-12-21,MSFT,0.04588593026161755,-0.09792730831220176,-0.5,2
2020-12-22,MSFT,0.04737602399539894,-0.05738182810045969,-0.5,2
2020-12-23,MSFT,0.04828296944641323,-0.1657061662307112,-0.5,2
2020-12-24,MSFT,0.04806418629977791,0.0432376597548485,-0.5,2
2020-12-28,MSFT,0.04884855989157594,0.02670928415703655,-0.5,2
2020-12-29,MSFT,0.050305669804989225,0.03845249054697769,-0.5,2
2020-12-30,MSFT,0.05200848899598982,-0.19254488347844428,-0.5,2
2020-12-31,MSFT,0.051973731999409335,-0.1027431394578332,-0.5,2
2020-07-01,NVDA,0.01354872985231616,0.06924465179943487,-0.5,2
2020-07-02,NVDA,0.013108359629116542,-0.05974289595561531,-0.5,2
2020-07-06,NVDA,0.011079001146691745,-0.0006783953958140222,-0.5,2
2020-07-07,NVDA,0.010616884155204395,0.28234157099703294,-0.5,2
2020-07-08,NVDA,0.008196251361392856,0.19338094102722214,-0.5,2
2020-07-09,NVDA,-0.0019880566366367253,0.6820447166789364,-0.5,2
2020-07-10,NVDA,0.02225847969931379,0.3202048584960052,-0.5,2
2020-07-13,NVDA,0.029364757137248988,0.04819920452248902,-0.5,2
2020-07-14,NVDA,0.0012689093243959525,0.8544088828222325,-0.5,2
2020-07-15,NVDA,0.012530559105840352,1.1381318298662815,-0.5,2
2020-07-16,NVDA,0.018569382572365806,0.8684383534697149,-0.5,2
2020-07-17,NVDA,0.010552298556883239,1.2975022698341692,-0.5,2
2020-07-20,NVDA,0.008826169058232091,0.86760378155504,-0.5,2
2020-07-21,NVDA,0.012146198590930656,0.5792384699607085,-0.5,2
2020-07-22,NVDA,0.012539793925317726,0.7839990968273896,-0.5,2
2020-07-23,NVDA,0.017132439621925007,1.0376532510993164,-0.5,2
2020-07-24,NVDA,0.015423538589881259,0.69296540850786,-0.5,2
2020-07-27,NVDA,0.007822904701315492,1.0638838193342806,-0.5,2
2020-07-28,NVDA,0.019143560410212195,0.7598152398005364,-0.5,2
2020-07-29,NVDA,0.009827518890217574,0.8269622833106058,-0.5,2
2020-07-30,NVDA,0.011581256696889431,0.7887378457626384,-0.5,2
2020-07-31,NVDA,0.009410421743431457,0.45362971653279366,-0.5,2
2020-08-03,NVDA,0.007039943368830828,0.6735281467497468,-0.5,2
2020-08-04,NVDA,0.008826169058232091,0.7385334645260989,-0.5,2
2020-08-05,NVDA,0.008944445871740054,0.503246580076038,-0.5,2
2020-08-06,NVDA,-0.0024389450520803458,0.7382926723015109,-0.5,2
2020-08-07,NVDA,0.0065056376928591874,0.5007956918826617,-0.5,2
2020-08-10,NVDA,0.0011583319616871718,1.0579961914905704,-0.5,2
2020-08-11,NVDA,0.014557443000563679,0.6036817788599667,-0.5,2
2020-08-12,NVDA,0.0001987360689935316,1.113320441832621,-0.5,2
2020-08-13,NVDA,0.007968198805164854,0.9450918577140199,-0.5,2
2020-08-14,NVDA,0.008410841351926518,1.090367768762679,-0.5,2
2020-08-17,NVDA,-0.006825237581809833,1.6626569149011479,-0.5,2
2020-08-18,NVDA,0.012427973005761726,1.2803501089068532,-0.5,2
2020-08-19,NVDA,0.00791120579288771,1.359674282086557,-0.5,2
2020-08-20,NVDA,0.02521550035652885,0.8769279520363434,-0.5,2
2020-08-21,NVDA,0.0072488282556431366,1.2855277185639906,-0.5,2
2020-08-24,NVDA,0.019872344909291288,1.1726940588263493,-0.5,2
2020-08-25,NVDA,0.014069678441278766,1.2577858094498815,-0.5,2
2020-08-26,NVDA,0.020858605179504622,0.9836594931939134,-0.5,2
2020-08-27,NVDA,0.01556784803548983,0.921327004902857,-0.5,2
2020-08-28,NVDA,0.0037800636847038134,1.875727660902505,-0.5,2
2020-08-31,NVDA,0.02321646610940884,1.3924892847610715,-0.5,2
2020-09-01,NVDA,0.01944861881839533,0.2871839495725785,-0.5,2
2020-09-02,NVDA,0.019435937317477288,1.1429166890807947,-0.5,2
2020-09-03,NVDA,0.0650775018348077,-0.17827473728242516,-0.5,2
2020-09-04,NVDA,0.09072993503049814,-0.5776654995287361,-0.5,2
2020-09-08,NVDA,0.08763953136569314,-0.507548096419378,-0.5,2
2020-09-09,NVDA,0.07412838247372601,-0.13893526378873217,-0.5,2
2020-09-10,NVDA,0.10173647932981049,-0.7316197702442799,-0.5,2
2020-09-11,NVDA,0.09681106780342451,-0.8745727954393989,-0.5,2
2020-09-14,NVDA,0.06418867232834638,-0.16777649775211462,-0.5,2
2020-09-15,NVDA,0.07528808923227524,-1.032348470212332,-0.5,2
2020-09-16,NVDA,0.09404679960621315,-0.9150552538070484,-0.5,2
2020-09-17,NVDA,0.04619373872694556,-0.10416433992894078,-0.5,2
2020-09-18,NVDA,0.046590056102087975,-0.2688060602173802,-0.5,2
2020-09-21,NVDA,0.04019353574152095,-0.3999879743347467,-0.5,2
2020-09-22,NVDA,0.04313108970498049,-0.8145758226544684,-0.5,2
2020-09-23,NVDA,0.03652615590534515,-0.3477847215360754,-0.5,2
2020-09-24,NVDA,0.032900290478680955,-0.33576351459481435,-0.5,2
2020-09-25,NVDA,0.019194098178336956,-0.049817323146741026,-0.5,2
2020-09-28,NVDA,0.04016897764669429,-0.6882179777189771,-0.5,2
2020-09-29,NVDA,0.04300616307438478,-0.275676364327083,-0.5,2
2020-09-30,NVDA,0.02776276990192907,0.38216845295084667,-0.5,2
2020-10-01,NVDA,0.034826146850026905,-0.13408946900268265,-0.5,2
2020-10-02,NVDA,0.0411874582820501,0.06267066098418017,-0.5,2
2020-10-05,NVDA,0.008275447806473034,0.6061562614100748,-0.5,2
2020-10-06,NVDA,0.01628275947623414,0.924440660519982,-0.5,2
2020-10-07,NVDA,0.0016326888394580185,1.0034039001142547,-0.5,2
2020-10-08,NVDA,0.00591652757000695,1.0236065198872644,-0.5,2
2020-10-09,NVDA,0.00927165682417631,0.7515701517741792,-0.5,2
2020-10-12,NVDA,0.009744717759614998,0.38652379557140715,-0.5,2
2020-10-13,NVDA,0.009524938351872951,0.28483031649897994,-0.5,2
2020-10-14,NVDA,0.012062947534905045,0.6020381524705031,-0.5,2
2020-10-15,NVDA,0.013563264357923044,0.28347077161802475,-0.5,2
2020-10-16,NVDA,0.013147666437752302,0.30531845441107136,-0.5,2
2020-10-19,NVDA,0.0263259975705411,-0.18395458185961455,-0.5,2
2020-10-20,NVDA,0.03347757746044459,0.9426533633475656,-0.5,2
2020-10-21,NVDA,0.03100216424923671,0.6026934625508352,-0.5,2
2020-10-22,NVDA,0.022959611122042263,-0.13707698046199132,-0.5,2
2020-10-23,NVDA,0.014068515448960754,0.27338031763226167,-0.5,2
2020-10-26,NVDA,0.0040184462199675105,0.1471531364921618,-0.5,2
2020-10-27,NVDA,0.007035769314878394,-0.1312438045691507,-0.5,2
2020-10-28,NVDA,0.014954982374981371,-0.48541630350611636,-0.5,2
2020-10-29,NVDA,0.0067130932751594315,-0.10662011381903785,-0.5,2
2020-10-30,NVDA,0.023513769795705228,-0.06171215640095781,-0.5,2
2020-11-02,NVDA,0.016185495811548666,-0.33586759408051614,-0.5,2
2020-11-03,NVDA,0.003695480178772137,-0.08202778317634923,-0.5,2
2020-11-04,NVDA,0.0020741751475031674,-0.06591171631847387,-0.5,2
2020-11-05,NVDA,0.010566010842558713,-0.05105211019519362,-0.5,2
2020-11-06,NVDA,0.005967125864312917,0.5935145623267895,-0.5,2
2020-11-09,NVDA,0.0363608529046362,-0.07798536260022414,-0.5,2
2020-11-10,NVDA,0.046676253560318806,-0.1582585702868603,-0.5,2
2020-11-11,NVDA,0.05395335829918138,-0.2804313981154696,-0.5,2
2020-11-12,NVDA,0.07647153174504509,-0.3732920435502403,-0.5,2
2020-11-13,NVDA,0.07883217440104466,-0.4164458676712124,-0.5,2
2020-11-16,NVDA,0.055607327568899946,-0.1603277848527786,-0.5,2
2020-11-17,NVDA,0.05717391650364738,-0.43975230340902716,-0.5,2
2020-11-18,NVDA,0.05818098136834552,-0.16292232945794244,-0.5,2
2020-11-19,NVDA,0.061694054261953984,-0.052207210447621666,-0.5,2
2020-11-20,NVDA,0.059658379187281174,-0.6055639502546256,-0.5,2
2020-11-23,NVDA,0.04289615126153187,0.004488402702293615,-0.5,2
2020-11-24,NVDA,0.0379881596399756,-0.3855505431073403,-0.5,2
2020-11-25,NVDA,0.02628203839048205,0.011868556143988462,-0.5,2
2020-11-27,NVDA,0.02425435228817441,-0.48187821972272993,-0.5,2
2020-11-30,NVDA,0.02456872130665796,-0.3323086083571186,-0.5,2
2020-12-01,NVDA,0.02414619193444269,-0.1510110628493388,-0.5,2
2020-12-02,NVDA,0.023357167618882055,-0.41303611239990856,-0.5,2
2020-12-03,NVDA,0.00930751957817088,-0.4614885296515037,-0.5,2
2020-12-04,NVDA,0.00981532298355925,-0.32706864516876966,-0.5,2
2020-12-07,NVDA,0.01025356292238317,-0.4369249299093103,-0.5,2
2020-12-08,NVDA,0.010088522592897662,-0.8133484327755627,-0.5,2
2020-12-09,NVDA,-0.0025467712315918514,-0.4440721730995303,-0.5,2
2020-12-10,NVDA,0.006800014002585458,-0.6374681552126007,-0.5,2
2020-12-11,NVDA,0.012996498140776816,-0.6358753838171465,-0.5,2
2020-12-14,NVDA,0.008152777770943781,-0.24367718020313794,-0.5,2
2020-12-15,NVDA,-0.0026116061733864934,-0.4960504807371337,-0.5,2
2020-12-16,NVDA,0.0003963775439833885,-0.589610961655229,-0.5,2
2020-12-17,NVDA,0.0005287817614721036,-0.3571953269935238,-0.5,2
2020-12-18,NVDA,-0.000436337903348207,-0.2695615218222123,-0.5,2
2020-12-21,NVDA,0.007958819915253663,0.001151963931386557,-0.5,2
2020-12-22,NVDA,0.00475300273766068,-0.03326060413383791,-0.5,2
2020-12-23,NVDA,0.004339563601735984,0.06547753951696295,-0.5,2
2020-12-24,NVDA,0.003554671197783814,0.034599633793529205,-0.5,2
2020-12-28,NVDA,0.009315866833676401,-0.0315842459069712,-0.5,2
2020-12-29,NVDA,0.014993133251269126,-0.07829661462471665,-0.5,2
2020-12-30,NVDA,0.007099225026013225,0.20300616350573578,-0.5,2
2020-12-31,NVDA,0.010342734938433228,0.029876587270336263,-0.5,2
2020-07-01,PFE,0.002722419273135366,-1.3884855347101017,-0.5,2
2020-07-02,PFE,0.005613693802846387,-1.2335482594209295,-0.5,2
2020-07-06,PFE,0.0040972922456311315,-1.088194403221959,-0.5,2
2020-07-07,PFE,0.003487401064596914,-1.2128739529361943,-0.5,2
2020-07-08,PFE,0.0034642740304193552,-1.3220912641731026,-0.5,2
2020-07-09,PFE,0.0015797845812764672,-1.21234894503832,-0.5,2
2020-07-10,PFE,-0.001353533733598693,-1.088306483646818,-0.5,2
2020-07-13,PFE,-0.01578116007860691,-0.1706259452425053,-0.5,2
2020-07-14,PFE,-0.013751522883127186,-0.030155634739871706,-0.5,2
2020-07-15,PFE,-0.01259944511608369,0.453019805478472,-0.5,2
2020-07-16,PFE,-0.012658185702369469,0.6066893318592248,-0.5,2
2020-07-17,PFE,-0.01057476003477638,1.3512264594649634,-0.5,2
2020-07-20,PFE,-0.013189968607506972,0.56475073573105,-0.5,2
2020-07-21,PFE,-0.013189968607506972,1.7553997382924114,-0.5,2
2020-07-22,PFE,-0.021126253717992045,2.9595512931717254,-0.5,2
2020-07-23,PFE,0.007276132480845281,2.906422939159641,-0.5,2
2020-07-24,PFE,-0.015762675544037805,2.5562058226256252,-0.5,2
2020-07-27,PFE,-0.01639401712488754,1.9262371015248467,-0.5,2
2020-07-28,PFE,0.01547578793417831,1.7408327806286519,-0.5,2
2020-07-29,PFE,0.011041554261087624,1.7022044058361645,-0.5,2
2020-07-30,PFE,-0.006089236466239947,1.693828750823645,-0.5,2
2020-07-31,PFE,-0.013821884029011517,1.216925363949723,-0.5,2
2020-08-03,PFE,-0.005702155460718795,0.9997033026631627,-0.5,2
2020-08-04,PFE,-0.023479666826979186,1.4012324413657815,-0.5,2
2020-08-05,PFE,-0.02276828135399404,1.6432681642443274,-0.5,2
2020-08-06,PFE,-0.023386443136330367,2.0667742343960773,-0.5,2
2020-08-07,PFE,-0.024883498286901815,2.0011025149843626,-0.5,2
2020-08-10,PFE,-0.02497735975508045,1.536954794694338,-0.5,2
2020-08-11,PFE,-0.021660278113338472,1.5951907192985142,-0.5,2
2020-08-12,PFE,-0.020901781496570793,1.1248153436310655,-0.5,2
2020-08-13,PFE,-0.02428881832225163,0.8627391558375028,-0.5,2
2020-08-14,PFE,-0.02413531245163877,0.7697766628777996,-0.5,2
2020-08-17,PFE,-0.025183494588859427,0.9361715308404066,-0.5,2
2020-08-18,PFE,-0.02423798848898302,0.5385182327799567,-0.5,2
2020-08-19,PFE,-0.011943841482176263,0.1585359626103386,-0.5,2
2020-08-20,PFE,-0.013038538568389019,-0.09536335640993743,-0.5,2
2020-08-21,PFE,-0.01373879298993675,-0.26458879120880563,-0.5,2
2020-08-24,PFE,-0.01362626294796489,-0.15569388837165332,-0.5,2
2020-08-25,PFE,-0.010408202106001702,-0.7543329668305986,-0.5,2
2020-08-26,PFE,-0.011613185253079627,-1.0047851624148272,-0.5,2
2020-08-27,PFE,-0.01007575884377937,-1.0332953861280516,-0.5,2
2020-08-28,PFE,-0.010258398594531188,-1.2301617778650629,-0.5,2
2020-08-31,PFE,-0.008183744587585414,-1.0625226191695079,-0.5,2
2020-09-01,PFE,0.006318743037697986,-0.4832827732633371,-0.5,2
2020-09-02,PFE,0.03006223820903364,-1.025478931934389,-0.5,2
2020-09-03,PFE,0.04589956453772682,-0.6735124016490566,-0.5,2
2020-09-04,PFE,0.051738135355845254,-0.8869619982837621,-0.5,2
2020-09-08,PFE,0.061049605109982794,-0.6447985758769669,-0.5,2
2020-09-09,PFE,0.04952553049941658,-0.3250517030911323,-0.5,2
2020-09-10,PFE,0.06764807614051693,-0.5137575814296501,-0.5,2
2020-09-11,PFE,0.06352833239457449,-0.4197817669208176,-0.5,2
2020-09-14,PFE,0.038422049269787324,0.3225942143288528,-0.5,2
2020-09-15,PFE,0.03649415577259294,0.037678907322878485,-0.5,2
2020-09-16,PFE,0.03636175155510423,0.2729302756490778,-0.5,2
2020-09-17,PFE,0.003995147818375348,0.34976729307025034,-0.5,2
2020-09-18,PFE,0.004581559970169062,0.4041531112128838,-0.5,2
2020-09-21,PFE,0.011718560835594196,-0.08163551496990851,-0.5,2
2020-09-22,PFE,0.00634070891692681,0.08077359136699536,-0.5,2
2020-09-23,PFE,0.007079825175885268,0.22604285746091363,-0.5,2
2020-09-24,PFE,0.006224893734949965,-0.03409945732350306,-0.5,2
2020-09-25,PFE,0.005576190111079896,0.1407301000960547,-0.5,2
2020-09-28,PFE,0.009085646098451139,0.19471222017625223,-0.5,2
2020-09-29,PFE,0.01115867040220525,0.13794666745326536,-0.5,2
2020-09-30,PFE,0.005069794162365042,0.952038513232139,-0.5,2
2020-10-01,PFE,0.005725303442996589,0.5058071645886785,-0.5,2
2020-10-02,PFE,0.005752066907574775,0.36095983090808015,-0.5,2
2020-10-05,PFE,0.005787429910555872,0.005713129132107475,-0.5,2
2020-10-06,PFE,0.005997182531268219,-0.13023722437759677,-0.5,2
2020-10-07,PFE,0.0013299985506725364,-0.015386399958610963,-0.5,2
2020-10-08,PFE,-0.0050007906450485,0.07581906442965536,-0.5,2
2020-10-09,PFE,-0.005208921853392284,-0.40070623224174917,-0.5,2
2020-10-12,PFE,-0.00719755590700606,-1.098731027775066,-0.5,2
2020-10-13,PFE,-0.006992155449554874,-0.8288483283622066,-0.5,2
2020-10-14,PFE,-0.006956182783372423,-0.9944001605273916,-0.5,2
2020-10-15,PFE,-0.004443653775352883,-1.0374452724455943,-0.5,2
2020-10-16,PFE,-0.01060518591656259,-0.8929308512975196,-0.5,2
2020-10-19,PFE,-0.011772554598208824,0.001999012847730519,-0.5,2
2020-10-20,PFE,-0.0120362866846197,-0.5925881555061066,-0.5,2
2020-10-21,PFE,-0.01121320515126624,-0.7999720951832399,-0.5,2
2020-10-22,PFE,-0.013064019059424298,-0.5352323429628317,-0.5,2
2020-10-23,PFE,-0.002775335275017157,0.6683574934387775,-0.5,2
2020-10-26,PFE,-0.0027371292417995947,0.9530526134875732,-0.5,2
2020-10-27,PFE,-0.007612534753893327,0.5337185640440536,-0.5,2
2020-10-28,PFE,-0.01873455897157761,0.5707272283372369,-0.5,2
2020-10-29,PFE,-0.023794131339145003,0.6847935366923066,-0.5,2
2020-10-30,PFE,-0.006191137141168471,0.6573998173767401,-0.5,2
2020-11-02,PFE,-0.022362026229618095,1.2469212223673782,-0.5,2
2020-11-03,PFE,-0.02267727517490777,1.0359300053975227,-0.5,2
2020-11-04,PFE,-0.010663457830266525,0.5316911343795006,-0.5,2
2020-11-05,PFE,-0.012370038350010883,-0.051359146550333856,-0.5,2
2020-11-06,PFE,-0.011792212098923659,0.10580059645479184,-0.5,2
2020-11-09,PFE,-0.011965607522209924,1.6888682828030837,-0.5,2
2020-11-10,PFE,0.023510998537593003,1.7459572902493417,-0.5,2
2020-11-11,PFE,0.027303198667084416,1.5560213077330487,-0.5,2
2020-11-12,PFE,0.024388677740423585,1.4725157075103086,-0.5,2
2020-11-13,PFE,0.02693797878039837,1.2137758519744477,-0.5,2
2020-11-16,PFE,0.001240653741577457,0.909614742855338,-0.5,2
2020-11-17,PFE,-0.008726801902114096,0.8913013370580138,-0.5,2
2020-11-18,PFE,-0.009624504109854938,1.3239673469476738,-0.5,2
2020-11-19,PFE,-0.010262382632301661,1.0792782560415786,-0.5,2
2020-11-20,PFE,-0.00953941510735092,1.442575063190814,-0.5,2
2020-11-23,PFE,-0.007150720396520871,1.0773396819968268,-0.5,2
2020-11-24,PFE,-0.007116166436110115,1.0208216161437988,-0.5,2
2020-11-25,PFE,-0.008875818475855274,1.0017894746862452,-0.5,2
2020-11-27,PFE,-0.009756871575849433,1.5983509265365112,-0.5,2
2020-11-30,PFE,-0.005671452324963288,1.9207457310762968,-0.5,2
2020-12-01,PFE,-0.004955598552587119,1.2938314553182781,-0.5,2
2020-12-02,PFE,0.008525341021652057,1.5991801046752614,-0.5,2
2020-12-03,PFE,-0.00654939586933653,1.6860355376796676,-0.5,2
2020-12-04,PFE,-0.012005695640890778,1.9834498368267708,-0.5,2
2020-12-07,PFE,0.009657903487464252,1.918005403418914,-0.5,2
2020-12-08,PFE,-0.007937488205472711,1.7435471077836662,-0.5,2
2020-12-09,PFE,-0.016098903220916862,1.9669082697881886,-0.5,2
2020-12-10,PFE,-0.01520755874486184,2.2168899915823674,-0.5,2
2020-12-11,PFE,-0.012938538150502724,2.1025144703385847,-0.5,2
2020-12-14,PFE,0.012973802206294918,0.7567776491247294,-0.5,2
2020-12-15,PFE,0.018805340635027753,0.9808271557291443,-0.5,2
2020-12-16,PFE,0.02272282154644949,0.04454184894400014,-0.5,2
2020-12-17,PFE,0.04313936260554477,-0.352832790384932,-0.5,2
2020-12-18,PFE,0.03633732752523455,-0.06869803886456047,-0.5,2
2020-12-21,PFE,0.017575669433804567,-0.14824489286842957,-0.5,2
2020-12-22,PFE,0.016709518713802177,-0.2792701534025852,-0.5,2
2020-12-23,PFE,0.013978036442139321,0.16809237550280046,-0.5,2
2020-12-24,PFE,0.013813850303544307,0.3274935463839911,-0.5,2
2020-12-28,PFE,0.013623467001510507,0.043207923519184926,-0.5,2
2020-12-29,PFE,0.01879234264570275,-0.13490131159007576,-0.5,2
2020-12-30,PFE,0.02040017088964243,-0.8387272152923863,-0.5,2
2020-12-31,PFE,0.0063775539307346675,-0.5874991806583479,-0.5,2
2020-07-01,PYPL,0.022290598929057603,0.33537806126818426,-0.5,2
2020-07-02,PYPL,0.028157685978116055,0.01603511196978763,-0.5,2
2020-07-06,PYPL,0.032766212966307794,-0.43016574991269907,-0.5,2
2020-07-07,PYPL,0.02542774666112286,-0.05383038336257051,-0.5,2
2020-07-08,PYPL,0.01948612057150284,0.06602071579556773,-0.5,2
2020-07-09,PYPL,0.027130810870907074,-0.04150427431835957,-0.5,2
2020-07-10,PYPL,0.031374010351252216,-0.18207329075600348,-0.5,2
2020-07-13,PYPL,0.05019368025475202,-0.6856186752640014,-0.5,2
2020-07-14,PYPL,0.03632643632200866,-0.6421426082509247,-0.5,2
2020-07-15,PYPL,0.05630985886142167,-0.8792208231607642,-0.5,2
2020-07-16,PYPL,0.05859039220044588,-1.1710513854463742,-0.5,2
2020-07-17,PYPL,0.04314086738966409,-1.0838378450858714,-0.5,2
2020-07-20,PYPL,0.02848881548941394,-0.7282871137053902,-0.5,2
2020-07-21,PYPL,0.03996793697197415,-1.3014118751874542,-0.5,2
2020-07-22,PYPL,0.03515454778605511,-1.139172940439909,-0.5,2
2020-07-23,PYPL,0.04089692498257101,-0.6976780158284033,-0.5,2
2020-07-24,PYPL,0.03618517107089033,-0.7018430518164027,-0.5,2
2020-07-27,PYPL,0.02535049134519027,-0.3146060578930435,-0.5,2
2020-07-28,PYPL,0.028850886182038498,-0.16448281969476744,-0.5,2
2020-07-29,PYPL,0.018374042426848022,0.18752842405789402,-0.5,2
2020-07-30,PYPL,0.01862528418596933,0.3228948551689344,-0.5,2
2020-07-31,PYPL,0.013924496659243448,0.36285927300479787,-0.5,2
2020-08-03,PYPL,0.015652534846948556,0.46874054860073044,-0.5,2
2020-08-04,PYPL,0.01958124919125427,0.2867520784630678,-0.5,2
2020-08-05,PYPL,0.016203154992367377,0.4705515846880249,-0.5,2
2020-08-06,PYPL,0.027395576175397868,0.2046672923030181,-0.5,2
2020-08-07,PYPL,0.025741155385461935,0.4107087009825226,-0.5,2
2020-08-10,PYPL,0.031990509539729955,0.5414341111308261,-0.5,2
2020-08-11,PYPL,0.03880612347684307,0.7056850130749229,-0.5,2
2020-08-12,PYPL,0.039539852594381975,0.38922532865800336,-0.5,2
2020-08-13,PYPL,0.04390651847889648,0.6272135862468187,-0.5,2
2020-08-14,PYPL,0.044426620543209484,0.37228610079284497,-0.5,2
2020-08-17,PYPL,0.0326102707134748,0.41856158762817874,-0.5,2
2020-08-18,PYPL,0.037402656599269286,0.3216165845583252,-0.5,2
2020-08-19,PYPL,0.038747130635197226,0.3086988988170613,-0.5,2
2020-08-20,PYPL,0.03325144183365027,0.3378610866349551,-0.5,2
2020-08-21,PYPL,0.034828184997764626,0.10028493401822078,-0.5,2
2020-08-24,PYPL,0.030311850721701724,0.0733731848991633,-0.5,2
2020-08-25,PYPL,0.022342526133305618,0.23080784306729776,-0.5,2
2020-08-26,PYPL,0.029565522110646537,-0.2299334794644929,-0.5,2
2020-08-27,PYPL,0.03704540167370499,-0.5881609591445588,-0.5,2
2020-08-28,PYPL,0.033897847690357454,-0.8808112650518842,-0.5,2
2020-08-31,PYPL,0.03508847552168235,-0.8797132585562546,-0.5,2
2020-09-01,PYPL,0.034195031418069996,-1.0082330154904162,-0.5,2
2020-09-02,PYPL,0.037440256103901635,-0.880720600462321,-0.5,2
2020-09-03,PYPL,0.04256096692138176,-0.12432583573616462,-0.5,2
2020-09-04,PYPL,0.059425608854949394,-0.9353619572205291,-0.5,2
2020-09-08,PYPL,0.06450037446451191,-0.5639700175020035,-0.5,2
2020-09-09,PYPL,0.07427830251736184,-0.7954949149509989,-0.5,2
2020-09-10,PYPL,0.07746386092809351,-0.4755996293429652,-0.5,2
2020-09-11,PYPL,0.06914183262042632,-0.5593270514305049,-0.5,2
2020-09-14,PYPL,0.06350638723780219,-0.7662187680674521,-0.5,2
2020-09-15,PYPL,0.05384693465625126,-0.7457290079953133,-0.5,2
2020-09-16,PYPL,0.07179674498322651,-0.8504135543003055,-0.5,2
2020-09-17,PYPL,0.05903761009263215,-0.961476907580469,-0.5,2
2020-09-18,PYPL,0.052004559243080485,-0.9865114197057061,-0.5,2
2020-09-21,PYPL,0.03182291191183417,-0.47298152499915,-0.5,2
2020-09-22,PYPL,0.024330812314855055,-0.4270658470559472,-0.5,2
2020-09-23,PYPL,0.03376661212108834,-0.4756031034071995,-0.5,2
2020-09-24,PYPL,0.02001637897913987,-0.4500043706524146,-0.5,2
2020-09-25,PYPL,0.018227275680577217,-0.4254134827066296,-0.5,2
2020-09-28,PYPL,0.026311946464188444,-0.4609827257797107,-0.5,2
2020-09-29,PYPL,0.025239944654021403,-0.15456168548280308,-0.5,2
2020-09-30,PYPL,0.02730640984949836,-0.2137828000317354,-0.5,2
2020-10-01,PYPL,0.0278836798334879,-0.2480424432656939,-0.5,2
2020-10-02,PYPL,0.032252886690714494,-0.46468797889868724,-0.5,2
2020-10-05,PYPL,0.023302650387925748,-0.018275005301314484,-0.5,2
2020-10-06,PYPL,0.03072706459128297,-0.19985358776885656,-0.5,2
2020-10-07,PYPL,0.02605376275729353,-0.32219595806942064,-0.5,2
2020-10-08,PYPL,0.030193169558154043,-0.541028228252625,-0.5,2
2020-10-09,PYPL,0.028748521116974506,-0.1541721935783377,-0.5,2
2020-10-12,PYPL,0.02868532638125753,-0.4430602931836184,-0.5,2
2020-10-13,PYPL,0.01996773824983622,0.4321114284423223,-0.5,2
2020-10-14,PYPL,0.028005369737552212,0.43878545928126733,-0.5,2
2020-10-15,PYPL,0.02728716816854363,0.5509472458713255,-0.5,2
2020-10-16,PYPL,0.02367198238738926,0.6146126748278103,-0.5,2
2020-10-19,PYPL,0.03467605596742649,-0.07800827223488342,-0.5,2
2020-10-20,PYPL,0.040213246835344024,0.6802187860722196,-0.5,2
2020-10-21,PYPL,0.022526877329019424,1.909311092256828,-0.5,2
2020-10-22,PYPL,0.03649248492232752,0.7715057805480313,-0.5,2
2020-10-23,PYPL,0.02782491005288745,0.6340629015040787,-0.5,2
2020-10-26,PYPL,0.04351749441540657,-0.20971320837311752,-0.5,2
2020-10-27,PYPL,0.03465894918789804,-0.5482145987109345,-0.5,2
2020-10-28,PYPL,0.05865677756547167,-0.5789806452055885,-0.5,2
2020-10-29,PYPL,0.03957400655654669,-0.09790709743008297,-0.5,2
2020-10-30,PYPL,0.0478750446755818,-0.2758759633176301,-0.5,2
2020-11-02,PYPL,0.035926147199291,-0.12980100350445462,-0.5,2
2020-11-03,PYPL,0.05350775984067917,-0.9236290358492654,-0.5,2
2020-11-04,PYPL,0.03204578406081254,-0.3445948767542055,-0.5,2
2020-11-05,PYPL,0.02429111977660507,0.19272935068798439,-0.5,2
2020-11-06,PYPL,0.03326707839613584,-0.22232775857567721,-0.5,2
2020-11-09,PYPL,0.08131407252010883,-1.0064839065485622,-0.5,2
2020-11-10,PYPL,0.07343816755831205,-0.8253191730093437,-0.5,2
2020-11-11,PYPL,0.06768928039693327,-0.720301570506205,-0.5,2
2020-11-12,PYPL,0.09374914143761662,-1.0643612309578514,-0.5,2
2020-11-13,PYPL,0.08381525928689262,-0.8664957756176226,-0.5,2
2020-11-16,PYPL,0.05333527373742259,-0.4431081111608141,-0.5,2
2020-11-17,PYPL,0.06690818342664705,-0.8701041674956228,-0.5,2
2020-11-18,PYPL,0.07577574117969345,-1.48322847737891,-0.5,2
2020-11-19,PYPL,0.08914880697242605,-1.1369170411012415,-0.5,2
2020-11-20,PYPL,0.09055032931891965,-1.2985775488171365,-0.5,2
2020-11-23,PYPL,0.10840817062180447,-0.6496399227072773,-0.5,2
2020-11-24,PYPL,0.12574512536052024,-0.7659126296627254,-0.5,2
2020-11-25,PYPL,0.12925724005700615,-0.42641522500251516,-0.5,2
2020-11-27,PYPL,0.14234266561921163,-0.668053109195391,-0.5,2
2020-11-30,PYPL,0.1544685189170021,0.37311798374087246,-0.5,2
2020-12-01,PYPL,0.1544685189170021,-0.17704832683906724,-0.5,2
2020-12-02,PYPL,0.14007258650442966,0.029753403477529528,-0.5,2
2020-12-03,PYPL,0.027946100404811772,0.6840001881289987,-0.5,2
2020-12-04,PYPL,0.027241111075068852,0.454631767043703,-0.5,2
2020-12-07,PYPL,0.029222287221040092,0.5430318384988316,-0.5,2
2020-12-08,PYPL,0.0309679626579862,1.5858041391176347,-0.5,2
2020-12-09,PYPL,0.03551949249339281,1.5629127203974844,-0.5,2
2020-12-10,PYPL,0.03889733538362656,1.187366948949074,-0.5,2
2020-12-11,PYPL,0.04085159658198335,1.1227807170422048,-0.5,2
2020-12-14,PYPL,0.03470378978928913,2.04535562084924,-0.5,2
2020-12-15,PYPL,0.03516028233574471,1.813188830340239,-0.5,2
2020-12-16,PYPL,0.03393397700273213,2.0667843172099354,-0.5,2
2020-12-17,PYPL,0.02683057663910235,2.2170505035065076,-0.5,2
2020-12-18,PYPL,0.02909090707487859,2.5194209904941194,-0.5,2
2020-12-21,PYPL,0.027553992313896387,2.2889345029355685,-0.5,2
2020-12-22,PYPL,0.03259310862800459,1.9114467667466746,-0.5,2
2020-12-23,PYPL,0.022799399588523516,1.7895695598765742,-0.5,2
2020-12-24,PYPL,0.03289853603578862,1.1275342604599246,-0.5,2
2020-12-28,PYPL,0.03444439369273248,0.8208020460756695,-0.5,2
2020-12-29,PYPL,0.045127754908277216,0.4146831089846122,-0.5,2
2020-12-30,PYPL,0.045624218338379666,0.6018069750350304,-0.5,2
2020-12-31,PYPL,0.03902825751236982,0.9664247095767222,-0.5,2
2020-07-01,ZM,0.03005906503873036,0.4152219611370628,-0.5,2
2020-07-02,ZM,0.025172454132640135,1.082830821722876,-0.5,2
2020-07-06,ZM,0.0263598355841052,0.9218269998730115,-0.5,2
2020-07-07,ZM,0.0248539089981918,0.9846039258048598,-0.5,2
2020-07-08,ZM,0.020403656411851913,1.2110548836016553,-0.5,2
2020-07-09,ZM,0.02461377509068077,0.7277020297453781,-0.5,2
2020-07-10,ZM,0.018259474502332534,0.9853754078941179,-0.5,2
2020-07-13,ZM,0.0451406698671803,0.5768019855182814,-0.5,2
2020-07-14,ZM,0.03093238407727209,-0.6056351740746573,-0.5,2
2020-07-15,ZM,0.04866479669512109,-0.9525882195080402,-0.5,2
2020-07-16,ZM,0.06000879293041263,-0.9032821407053355,-0.5,2
2020-07-17,ZM,0.053381395070635905,-1.637285818565482,-0.5,2
2020-07-20,ZM,0.0287658846317496,-0.40497097502028656,-0.5,2
2020-07-21,ZM,0.04637112971142262,-1.3482318153700774,-0.5,2
2020-07-22,ZM,0.042334498287562077,-1.292769592733031,-0.5,2
2020-07-23,ZM,0.04351742571016781,-1.62427681973192,-0.5,2
2020-07-24,ZM,0.0349805405743362,-1.2532636752434476,-0.5,2
2020-07-27,ZM,0.04314468267234925,-1.307002974152674,-0.5,2
2020-07-28,ZM,0.04138938879386884,-0.8487647879440892,-0.5,2
2020-07-29,ZM,0.03954103391501193,-1.018987677000358,-0.5,2
2020-07-30,ZM,0.032213377968633175,-1.2204935179118062,-0.5,2
2020-07-31,ZM,0.022161275267446653,-1.075783563042454,-0.5,2
2020-08-03,ZM,0.02307103055712558,-0.5664877642286152,-0.5,2
2020-08-04,ZM,0.029205180833596713,-0.8147542730991841,-0.5,2
2020-08-05,ZM,0.028648473873368132,-0.7155589155367938,-0.5,2
2020-08-06,ZM,0.029655070421253663,-0.9805491442599009,-0.5,2
2020-08-07,ZM,0.03294058169152137,-1.3365407922378933,-0.5,2
2020-08-10,ZM,0.04815900347370107,-1.430730840068594,-0.5,2
2020-08-11,ZM,0.08386095660576474,-2.1437783531127974,-0.5,2
2020-08-12,ZM,0.07128844630765523,-1.9774228559388036,-0.5,2
2020-08-13,ZM,0.1237812968422143,-1.5722185767197991,-0.5,2
2020-08-14,ZM,0.1278281116107083,-1.5893792107447136,-0.5,2
2020-08-17,ZM,0.09034199285854616,-1.3622367394737327,-0.5,2
2020-08-18,ZM,0.11945746199339398,-0.9680190906619385,-0.5,2
2020-08-19,ZM,0.14620025341526727,-1.0650433654166975,-0.5,2
2020-08-20,ZM,0.13857712040105827,-0.6888264948058532,-0.5,2
2020-08-21,ZM,0.15458654007473205,-0.8089150473182037,-0.5,2
2020-08-24,ZM,0.14970977289235923,-1.184521243523359,-0.5,2
2020-08-25,ZM,0.14266794202804275,-1.0390026444911171,-0.5,2
2020-08-26,ZM,0.15941950746972586,-0.8611650605846581,-0.5,2
2020-08-27,ZM,0.17480703102120088,-0.6099479832222239,-0.5,2
2020-08-28,ZM,0.1748846029415535,-0.3831232486706869,-0.5,2
2020-08-31,ZM,0.15899168900088964,0.03719315991864791,-0.5,2
2020-09-01,ZM,0.03415012457137064,1.9551933943512636,-0.5,2
2020-09-02,ZM,0.0627565443478001,1.1799839716793732,-0.5,2
2020-09-03,ZM,0.0634223251741675,1.8814976602116318,-0.5,2
2020-09-04,ZM,0.0580042103445255,2.3389098272559252,-0.5,2
2020-09-08,ZM,0.0644413645395531,2.5634975500149983,-0.5,2
2020-09-09,ZM,0.07128348838486832,2.300400135631064,-0.5,2
2020-09-10,ZM,0.08613714420099176,2.2758195653042343,-0.5,2
2020-09-11,ZM,0.06596929146329504,2.6834095529298523,-0.5,2
2020-09-14,ZM,0.05091809289570074,2.869326270504261,-0.5,2
2020-09-15,ZM,0.05713569384115965,2.3597061343472387,-0.5,2
2020-09-16,ZM,0.0691043455681612,2.411979796016204,-0.5,2
2020-09-17,ZM,0.06868557566307551,2.075576154653869,-0.5,2
2020-09-18,ZM,0.04790067435571346,2.2841333047060357,-0.5,2
2020-09-21,ZM,0.04790067435571346,2.179796797809619,-0.5,2
2020-09-22,ZM,0.04656172717491883,1.892409161592651,-0.5,2
2020-09-23,ZM,0.05523748014836917,2.097456105007574,-0.5,2
2020-09-24,ZM,0.07108558156919506,1.7595245905339258,-0.5,2
2020-09-25,ZM,0.04667982221176462,1.6527704934091916,-0.5,2
2020-09-28,ZM,0.05397142986170185,1.6167563622781869,-0.5,2
2020-09-29,ZM,0.0939388666591665,1.3797662093392744,-0.5,2
2020-09-30,ZM,0.09497551680049396,0.3015651487034785,-0.5,2
2020-10-01,ZM,0.1534473596352182,1.052373045618353,-0.5,2
2020-10-02,ZM,0.1700596228858883,1.2115600872969219,-0.5,2
2020-10-05,ZM,0.17284554216183823,1.152700866480083,-0.5,2
2020-10-06,ZM,0.15574321517760922,1.123221204262928,-0.5,2
2020-10-07,ZM,0.17988454415310276,0.9723901835564248,-0.5,2
2020-10-08,ZM,0.14168567208645738,0.9721682533104998,-0.5,2
2020-10-09,ZM,0.14077319688006773,1.1461350435934772,-0.5,2
2020-10-12,ZM,0.059868213069102616,1.2546713258716526,-0.5,2
2020-10-13,ZM,0.13549601399899347,1.0674464908928698,-0.5,2
2020-10-14,ZM,0.16070634852799867,0.9346811264323063,-0.5,2
2020-10-15,ZM,0.14734577733240414,1.0035843752270555,-0.5,2
2020-10-16,ZM,0.14600530514287477,1.0328547711454876,-0.5,2
2020-10-19,ZM,0.05297669194162118,1.988880816616441,-0.5,2
2020-10-20,ZM,0.13525551133767053,0.29516885871596665,-0.5,2
2020-10-21,ZM,0.15430522270868827,-2.5185438116286516,-0.5,2
2020-10-22,ZM,0.04908006927828042,0.5254924558858552,-0.5,2
2020-10-23,ZM,0.05988450433988816,-1.150062030733159,-0.5,2
2020-10-26,ZM,0.059343680388575744,0.19133990218865782,-0.5,2
2020-10-27,ZM,0.02490714677437959,1.498278783881459,-0.5,2
2020-10-28,ZM,0.0443655764331484,1.4817170746205255,-0.5,2
2020-10-29,ZM,0.05843221339681047,-0.018793815882019116,-0.5,2
2020-10-30,ZM,0.08165198190190621,-1.0326662981337422,-0.5,2
2020-11-02,ZM,0.07853736972978152,-1.0903714347313753,-0.5,2
2020-11-03,ZM,0.07728978502772105,-1.1770721973984246,-0.5,2
2020-11-04,ZM,0.10462881327184659,-1.2266661482015209,-0.5,2
2020-11-05,ZM,0.10263270840585208,-1.1483098124335238,-0.5,2
2020-11-06,ZM,0.08460147204818454,-1.1694049430564593,-0.5,2
2020-11-09,ZM,0.11626326681933062,-2.189805084532006,-0.5,2
2020-11-10,ZM,0.10141370289356193,-2.7847990127902413,-0.5,2
2020-11-11,ZM,0.07293803194063485,-2.323833256674119,-0.5,2
2020-11-12,ZM,0.07293803194063485,-2.000078618248353,-0.5,2
2020-11-13,ZM,0.08785442810970322,-2.6862751245246113,-0.5,2
2020-11-16,ZM,0.08000518808114157,-2.999223499009327,-0.5,2
2020-11-17,ZM,0.040156307288017196,-2.3464604421458413,-0.5,2
2020-11-18,ZM,0.04659111629817874,-1.9644152157633212,-0.5,2
2020-11-19,ZM,0.06140945257789844,-2.3043015082851883,-0.5,2
2020-11-20,ZM,0.054762177219213,-2.308215344323089,-0.5,2
2020-11-23,ZM,0.05743910736216515,-2.641964022603705,-0.5,2
2020-11-24,ZM,0.040557473568604785,-2.4212526085233197,-0.5,2
2020-11-25,ZM,0.05468647586217171,-2.5202132450244568,-0.5,2
2020-11-27,ZM,0.06405533872828093,-1.8030472102006918,-0.5,2
2020-11-30,ZM,0.07794963242746823,-1.6150817772468595,-0.5,2
2020-12-01,ZM,0.10906538398066101,-3.016594501192108,-0.5,2
2020-12-02,ZM,0.08892024289955988,-2.550974896286506,-0.5,2
2020-12-03,ZM,0.08744412431110293,-3.030653993682296,-0.5,2
2020-12-04,ZM,0.0995288574774628,-2.8189857195714474,-0.5,2
2020-12-07,ZM,0.10103293245315009,-2.887029895215232,-0.5,2
2020-12-08,ZM,0.0974779468606465,-1.8667729450381596,-0.5,2
2020-12-09,ZM,0.1284289118114873,-1.6739745920305884,-0.5,2
2020-12-10,ZM,0.10873212231960062,-2.0084785507758705,-0.5,2
2020-12-11,ZM,0.11446603885993727,-2.473961439317172,-0.5,2
2020-12-14,ZM,0.13906188768934558,-2.0595929916898403,-0.5,2
2020-12-15,ZM,0.1366829657439803,-1.8426112024483494,-0.5,2
2020-12-16,ZM,0.1146308743857949,-1.8236213011132927,-0.5,2
2020-12-17,ZM,0.09930308954363554,-2.1620827323680762,-0.5,2
2020-12-18,ZM,0.1192394545230352,-1.9097383225210434,-0.5,2
2020-12-21,ZM,0.10229205826674832,-2.475975469944153,-0.5,2
2020-12-22,ZM,0.0981915467171019,-2.2254694439959986,-0.5,2
2020-12-23,ZM,0.11511648769365328,-2.766431212866191,-0.5,2
2020-12-24,ZM,0.0977092957189773,-3.0646501398433936,-0.5,2
2020-12-28,ZM,0.10114577985925607,-3.2479218129506338,-0.5,2
2020-12-29,ZM,0.07968381748979607,-3.2346361187549633,-0.5,2
2020-12-30,ZM,0.02728230132640851,-1.9197886657831797,-0.5,2
2020-12-31,ZM,0.03958053971680794,-2.2837988274302496,-0.5,2
2021-01-04,AAPL,0.022576244117518268,4.443791544428056,2.0,3
2021-01-05,AAPL,0.03381416387855632,5.316674368848835,2.0,3
2021-01-06,AAPL,0.013648095921462185,2.618364557554654,2.0,3
2021-01-07,AAPL,0.02137197463967236,3.864609988028686,2.0,3
2021-01-08,AAPL,0.027424982347441618,3.7567823899975137,2.0,3
2021-01-11,AAPL,0.01766422334587558,3.304674280164975,2.0,3
2021-01-12,AAPL,0.02404369185488474,3.6410043936478353,2.0,3
2021-01-13,AAPL,0.020160312710230145,3.354220416775637,2.0,3
2021-01-14,AAPL,0.014414617996918138,0.27854291996521036,2.0,3
2021-01-15,AAPL,0.010571973214945952,0.5016980099030242,2.0,3
2021-01-19,AAPL,0.00456428578617311,-0.1773098978150677,2.0,3
2021-01-20,AAPL,0.005220392975363491,0.2714571298397487,2.0,3
2021-01-21,AAPL,0.018767709990798517,1.1339418709800322,2.0,3
2021-01-22,AAPL,0.022637318587669403,0.7810641858356456,2.0,3
2021-01-25,AAPL,0.026100071748124076,1.94210568336569,2.0,3
2021-01-26,AAPL,0.025587794507167947,1.3270881699303572,2.0,3
2021-01-27,AAPL,0.015450374703241372,0.6808389476232835,2.0,3
2021-01-28,AAPL,0.021486074329920227,0.7566677290897734,2.0,3
2021-01-29,AAPL,0.016454538428166698,-0.17219287627139046,2.0,3
2021-02-01,AAPL,0.02107061020624102,0.5648336435737533,2.0,3
2021-02-02,AAPL,0.023793407985627832,0.9331854988732554,2.0,3
2021-02-03,AAPL,0.022461781892884183,0.891772659526616,2.0,3
2021-02-04,AAPL,0.03075124514499162,1.3254973395802416,2.0,3
2021-02-05,AAPL,0.020844070353178555,0.7031097343316307,2.0,3
2021-02-08,AAPL,0.018410571497533963,0.4952818867920591,2.0,3
2021-02-09,AAPL,0.028515748113715066,0.7454048025261445,2.0,3
2021-02-10,AAPL,0.025166912973012177,0.5347613481665859,2.0,3
2021-02-11,AAPL,0.012748052361994623,1.1158530640239097,2.0,3
2021-02-12,AAPL,0.019581065870899802,1.4873607646676308,2.0,3
2021-02-16,AAPL,0.026430716181666643,1.6452940746251636,2.0,3
2021-02-17,AAPL,0.017488628237778303,1.265714635138296,2.0,3
2021-02-18,AAPL,0.014844252953395686,0.7969508191078798,2.0,3
2021-02-19,AAPL,0.009276102144232178,0.25836219120097415,2.0,3
2021-02-22,AAPL,0.03097127592698022,0.7507454768550259,2.0,3
2021-02-23,AAPL,0.022572895444688074,0.29456601152363593,2.0,3
2021-02-24,AAPL,0.024510929620535284,0.8881456129728429,2.0,3
2021-02-25,AAPL,0.026022805539080204,0.4167517825063449,2.0,3
2021-02-26,AAPL,0.031236222515394735,1.1337718875008966,2.0,3
2021-03-01,AAPL,0.0126510379319344,-0.33595733902449654,2.0,3
2021-03-02,AAPL,0.020390459411472023,-0.09615908694266517,2.0,3
2021-03-03,AAPL,0.024269879427659374,1.1030605421732331,2.0,3
2021-03-04,AAPL,0.024135735388434446,-0.3466885668447227,2.0,3
2021-03-05,AAPL,0.018938183650447585,1.859088819980986,2.0,3
2021-03-08,AAPL,0.019773385329403547,0.9423976118652438,2.0,3
2021-03-09,AAPL,0.0051585674887519115,-0.4310412131915139,2.0,3
2021-03-10,AAPL,0.021828633988584624,1.170486632514646,2.0,3
2021-03-11,AAPL,-0.0033020674425070493,-0.16063341835800998,2.0,3
2021-03-12,AAPL,-0.00030767314289354986,0.33802116915071084,2.0,3
2021-03-15,AAPL,-0.007538971364507956,0.4004413623622741,2.0,3
2021-03-16,AAPL,-0.007384148036975785,0.018785046012659262,2.0,3
2021-03-17,AAPL,-0.004640938217639342,-0.6428965326311561,2.0,3
2021-03-18,AAPL,0.0065176281359705344,0.422551257275295,2.0,3
2021-03-19,AAPL,-0.0019604123393303766,0.13051256149469673,2.0,3
2021-03-22,AAPL,0.004565229664261901,-0.10356862534024687,2.0,3
2021-03-23,AAPL,0.003457226932778017,-0.5707353935124901,2.0,3
2021-03-24,AAPL,-0.0006945043974228904,-0.4689090324417445,2.0,3
2021-03-25,AAPL,-0.005407144788795742,-0.7059557247987296,2.0,3
2021-03-26,AAPL,-0.0051934170887647365,-0.4688205195032677,2.0,3
2021-03-29,AAPL,0.0061896860676583735,-0.8686907468084161,2.0,3
2021-03-30,AAPL,0.0025618228377946566,-1.329332355912895,2.0,3
2021-03-31,AAPL,-0.0034995993016944506,-1.3390956648648003,2.0,3
2021-04-01,AAPL,-0.0007575912830903664,-0.48879132007603343,2.0,3
2021-04-05,AAPL,-0.0041886943356278395,-0.6880014894649542,2.0,3
2021-04-06,AAPL,0.00854956000227952,-0.1593927237680701,2.0,3
2021-04-07,AAPL,0.007840713370985413,1.3737809757872683,2.0,3
2021-04-08,AAPL,0.01309734881978455,2.123945755846093,2.0,3
2021-04-09,AAPL,-0.0021821685762480484,1.6933428086539652,2.0,3
2021-04-12,AAPL,0.0022542030903653656,0.7959352957511122,2.0,3
2021-04-13,AAPL,-0.0011994310926024775,0.8097325592192868,2.0,3
2021-04-14,AAPL,0.0012014276874232586,0.525369636323456,2.0,3
2021-04-15,AAPL,0.0006307210950012682,0.9064390746691255,2.0,3
2021-04-16,AAPL,0.005865934315001911,1.5696788113988898,2.0,3
2021-04-19,AAPL,0.0038685333700053852,1.834618143529557,2.0,3
2021-04-20,AAPL,0.011133662160226846,2.051016220336457,2.0,3
2021-04-21,AAPL,0.012401577614127019,2.418531316069201,2.0,3
2021-04-22,AAPL,0.028348874891377433,2.7401428833984767,2.0,3
2021-04-23,AAPL,0.030484860374720868,2.859750482029078,2.0,3
2021-04-26,AAPL,0.033405518898146164,3.2068666974111952,2.0,3
2021-04-27,AAPL,0.031752633892423304,3.247387492192251,2.0,3
2021-04-28,AAPL,0.030689881646708685,3.2206141556291397,2.0,3
2021-04-29,AAPL,0.03105718778898099,3.8218290774958916,2.0,3
2021-04-30,AAPL,0.034622848025892064,4.298203627280442,2.0,3
2021-05-03,AAPL,0.028305493417558614,3.67983786229553,2.0,3
2021-05-04,AAPL,0.015535890860284967,2.9399595215783054,2.0,3
2021-05-05,AAPL,0.020418484631615885,2.5942833567824732,2.0,3
2021-05-06,AAPL,0.010651180693368968,1.434821847511856,2.0,3
2021-05-07,AAPL,0.006337249197167895,1.2835314820033985,2.0,3
2021-05-10,AAPL,0.007394004111354591,1.1278103744416483,2.0,3
2021-05-11,AAPL,0.014984559500237877,1.712984659811613,2.0,3
2021-05-12,AAPL,0.021223695966197623,2.498032300340759,2.0,3
2021-05-13,AAPL,0.02420154023123935,2.961090767514149,2.0,3
2021-05-14,AAPL,0.015084262015756859,1.867988480325461,2.0,3
2021-05-17,AAPL,0.011873095854764655,1.3797876670648366,2.0,3
2021-05-18,AAPL,0.01664636683760879,1.7779970473004423,2.0,3
2021-05-19,AAPL,0.012865210473950825,1.5776112146474133,2.0,3
2021-05-20,AAPL,0.0031567050561294,0.6926925836227447,2.0,3
2021-05-21,AAPL,0.007150718273165508,0.3423539600822516,2.0,3
2021-05-24,AAPL,0.004334974604357751,0.22106200422020472,2.0,3
2021-05-25,AAPL,0.003781016275041885,0.08020940996721881,2.0,3
2021-05-26,AAPL,0.0034852317294749146,0.002157360485084192,2.0,3
2021-05-27,AAPL,0.007453740817938252,-0.2752483046569514,2.0,3
2021-05-28,AAPL,0.003997174168774508,-0.08735453931433756,2.0,3
2021-06-01,AAPL,0.006172628327564439,-0.17137494260623387,2.0,3
2021-06-02,AAPL,0.012422081036772429,0.4127756567956151,2.0,3
2021-06-03,AAPL,0.01204519933820549,0.0936572063998512,2.0,3
2021-06-04,AAPL,0.0074938229164049665,0.0929246867750374,2.0,3
2021-06-07,AAPL,0.006488066670152609,0.30056244624298833,2.0,3
2021-06-08,AAPL,0.008938366796845601,0.40876735274367737,2.0,3
2021-06-09,AAPL,0.013050687735795905,0.640203716865304,2.0,3
2021-06-10,AAPL,0.0141470672567713,0.8233072425088708,2.0,3
2021-06-11,AAPL,0.01352666561013662,0.7129487467003465,2.0,3
2021-06-14,AAPL,0.009325359182285846,0.8188718249200717,2.0,3
2021-06-15,AAPL,0.013003027998424782,0.9827424637430533,2.0,3
2021-06-16,AAPL,0.017631625418084926,1.2474459937348374,2.0,3
2021-06-17,AAPL,0.019812652974903474,1.397308127707092,2.0,3
2021-06-18,AAPL,0.012247476070071112,0.8840346474550103,2.0,3
2021-06-21,AAPL,0.024138438983041185,1.5059024561724148,2.0,3
2021-06-22,AAPL,0.01878362632556733,1.593790779775965,2.0,3
2021-06-23,AAPL,0.014578795933406241,1.3197753184959713,2.0,3
2021-06-24,AAPL,0.017317398048212508,1.2898569381155107,2.0,3
2021-06-25,AAPL,0.029679034983873084,2.020394246791755,2.0,3
2021-06-28,AAPL,0.02212171718994291,1.5677927117836086,2.0,3
2021-06-29,AAPL,0.02197378480203455,1.8431315463603457,2.0,3
2021-06-30,AAPL,0.023408469669168836,2.181369091287481,2.0,3
2021-01-04,AMZN,-0.009440468906382553,-0.9925030871373322,2.0,3
2021-01-05,AMZN,-0.0036283194759952632,0.012962687153367625,2.0,3
2021-01-06,AMZN,-0.0018640485286134504,-0.45865812244468496,2.0,3
2021-01-07,AMZN,-0.0027902805961753092,0.033961587447516026,2.0,3
2021-01-08,AMZN,0.003781914986146313,0.7382920433783047,2.0,3
2021-01-11,AMZN,-0.00045562571685167565,0.14274605037756583,2.0,3
2021-01-12,AMZN,-0.0015502727513848108,-0.06843811008018552,2.0,3
2021-01-13,AMZN,-0.0040666818133777635,0.041358983810138916,2.0,3
2021-01-14,AMZN,-0.0029403073719353576,-1.2775733183454938,2.0,3
2021-01-15,AMZN,-0.0042067518942976185,-1.641248570024349,2.0,3
2021-01-19,AMZN,-0.006870726348265023,-1.3250244880995177,2.0,3
2021-01-20,AMZN,-0.023672376277440933,-1.759347877939012,2.0,3
2021-01-21,AMZN,-0.013606590576222202,-1.5030613016116354,2.0,3
2021-01-22,AMZN,-0.016285493931896627,-1.7568270998907505,2.0,3
2021-01-25,AMZN,-0.0119047320124384,-1.1394247030684828,2.0,3
2021-01-26,AMZN,-0.01352881072343604,-1.7936930197250895,2.0,3
2021-01-27,AMZN,-0.0033150167006595023,-1.2444149622296936,2.0,3
2021-01-28,AMZN,-0.01297203504054646,-1.7222814501707928,2.0,3
2021-01-29,AMZN,-0.013330035344583544,-1.8165302598513944,2.0,3
2021-02-01,AMZN,-0.01790618986180874,-1.1139606382972236,2.0,3
2021-02-02,AMZN,-0.010655228866173181,-0.2600313227279539,2.0,3
2021-02-03,AMZN,-0.014164692401690373,-0.7055926025736194,2.0,3
2021-02-04,AMZN,-0.009320970036553751,-0.7269959713316763,2.0,3
2021-02-05,AMZN,-0.01242798901037289,-0.4493070099461771,2.0,3
2021-02-08,AMZN,-0.005861768267500626,-0.4960258784146959,2.0,3
2021-02-09,AMZN,-0.0005091650870465696,-0.2386711857229239,2.0,3
2021-02-10,AMZN,-0.005610836449156372,-0.7655608479822215,2.0,3
2021-02-11,AMZN,-0.007325682938965462,-0.19580751218013592,2.0,3
2021-02-12,AMZN,-0.008064960053820094,-0.16162528931492648,2.0,3
2021-02-16,AMZN,-0.003075181811431093,0.08451332763662822,2.0,3
2021-02-17,AMZN,-0.008617576009755315,-0.03595106378692542,2.0,3
2021-02-18,AMZN,-0.004897874015638038,0.2142067596366246,2.0,3
2021-02-19,AMZN,-0.010030601391564836,-0.3262112194484681,2.0,3
2021-02-22,AMZN,-0.012422758571034353,-1.8326931025747757,2.0,3
2021-02-23,AMZN,-0.00922691495794115,-2.8960904377150065,2.0,3
2021-02-24,AMZN,-0.009387000831630578,-1.3008386722747085,2.0,3
2021-02-25,AMZN,0.010383551086028215,-0.9443496577358024,2.0,3
2021-02-26,AMZN,-0.002737490941354364,-1.7137735295761187,2.0,3
2021-03-01,AMZN,-0.008137481874199654,-1.2965066869490833,2.0,3
2021-03-02,AMZN,0.002457627450733049,-1.275351566209134,2.0,3
2021-03-03,AMZN,0.01949316019495446,0.3397511041364989,2.0,3
2021-03-04,AMZN,0.01691823388398874,-0.9446405828071889,2.0,3
2021-03-05,AMZN,0.013739404632174605,1.2134559635822724,2.0,3
2021-03-08,AMZN,0.020487737405868695,1.374214479293496,2.0,3
2021-03-09,AMZN,0.008523682614860301,0.38451823269894414,2.0,3
2021-03-10,AMZN,0.024579321091189845,2.071171867502848,2.0,3
2021-03-11,AMZN,-0.0007925520800241915,0.6662304075726142,2.0,3
2021-03-12,AMZN,0.003842646225575088,1.5513927183574405,2.0,3
2021-03-15,AMZN,-0.0022630579343718336,1.3731385299217391,2.0,3
2021-03-16,AMZN,0.012104614770655787,2.202108778486642,2.0,3
2021-03-17,AMZN,0.02721475019383452,2.7893531993484033,2.0,3
2021-03-18,AMZN,0.026633966359028018,2.4913088387070434,2.0,3
2021-03-19,AMZN,0.01806753040138609,1.864507255326755,2.0,3
2021-03-22,AMZN,0.02033877440168967,1.1289707424486495,2.0,3
2021-03-23,AMZN,0.020555862662365112,0.27126685251047405,2.0,3
2021-03-24,AMZN,0.022280024556516263,0.9029250165565286,2.0,3
2021-03-25,AMZN,0.02453025311957833,0.7420002747638232,2.0,3
2021-03-26,AMZN,0.01987436254307476,0.4462188620794942,2.0,3
2021-03-29,AMZN,0.019237522915093744,1.4513428874507515,2.0,3
2021-03-30,AMZN,0.02219447051495597,1.6603395007705284,2.0,3
2021-03-31,AMZN,0.01792581819532441,0.9784140478405211,2.0,3
2021-04-01,AMZN,0.021019318425959315,1.6095999939067718,2.0,3
2021-04-05,AMZN,0.021252080950031813,1.5482224805659075,2.0,3
2021-04-06,AMZN,0.02145969593672519,0.5647686393734979,2.0,3
2021-04-07,AMZN,0.024678129151240364,3.175989536738306,2.0,3
2021-04-08,AMZN,0.00011185888465127622,1.1097465124667976,2.0,3
2021-04-09,AMZN,-0.012045152831001224,0.5898656605131485,2.0,3
2021-04-12,AMZN,-0.013472354560806605,-0.2611881542400881,2.0,3
2021-04-13,AMZN,-0.0125922480312145,0.3382380103499751,2.0,3
2021-04-14,AMZN,0.0066284209125290145,1.5156201291959854,2.0,3
2021-04-15,AMZN,0.004398978108448239,1.144289602932358,2.0,3
2021-04-16,AMZN,-0.012113455351302644,0.5382469191942906,2.0,3
2021-04-19,AMZN,-0.0068816135854699485,0.5167778357255799,2.0,3
2021-04-20,AMZN,0.004410936508821405,1.3030894631216405,2.0,3
2021-04-21,AMZN,-0.007714952743450734,0.34256585541750384,2.0,3
2021-04-22,AMZN,0.00019027277820596452,0.10533924348854085,2.0,3
2021-04-23,AMZN,-0.006920601680579279,0.35183448400155815,2.0,3
2021-04-26,AMZN,-0.014361250610790974,0.5965465194078645,2.0,3
2021-04-27,AMZN,-0.017635411641626325,0.30017230153862706,2.0,3
2021-04-28,AMZN,-0.02009466653467966,0.13269299832822296,2.0,3
2021-04-29,AMZN,-0.025843772970543254,-0.5447878811677274,2.0,3
2021-04-30,AMZN,-0.023245918808956045,-0.7797722060475808,2.0,3
2021-05-03,AMZN,9.86079751917699e-05,0.4102787665309156,2.0,3
2021-05-04,AMZN,0.0028873964084521306,0.18297709310292054,2.0,3
2021-05-05,AMZN,0.0026316888294048153,-0.5403963990832731,2.0,3
2021-05-06,AMZN,0.0015232199280147615,-0.2528901131938797,2.0,3
2021-05-07,AMZN,-0.0025884841785522705,-0.7880649901743947,2.0,3
2021-05-10,AMZN,0.0015815245157101985,-0.23255817264380985,2.0,3
2021-05-11,AMZN,-0.006828706585048978,-0.7935797077560816,2.0,3
2021-05-12,AMZN,-0.003604216530398167,-0.8802214312714908,2.0,3
2021-05-13,AMZN,-4.7629513428660035e-05,-0.7464640666822479,2.0,3
2021-05-14,AMZN,0.00027324438661824107,-0.06994421483924015,2.0,3
2021-05-17,AMZN,-0.008438287986731057,-0.5977267310928402,2.0,3
2021-05-18,AMZN,3.5498725639494366e-05,0.03099561129431161,2.0,3
2021-05-19,AMZN,0.0011014208090834045,0.5441037832215325,2.0,3
2021-05-20,AMZN,-0.0038504736625939004,0.05243577701964389,2.0,3
2021-05-21,AMZN,-0.0008971902002242683,-0.1712971875535061,2.0,3
2021-05-24,AMZN,-0.006819450974722839,-0.8940023976795681,2.0,3
2021-05-25,AMZN,-0.009102061000740912,-1.2112581802689877,2.0,3
2021-05-26,AMZN,-0.013948696601957187,-2.190355788568379,2.0,3
2021-05-27,AMZN,-0.013226396381054764,-2.5355900095309076,2.0,3
2021-05-28,AMZN,-0.014419631543583167,-1.6871121351605114,2.0,3
2021-06-01,AMZN,-0.014881976743025861,-1.4543205731996647,2.0,3
2021-06-02,AMZN,-0.013076606524639359,-1.1483723545193532,2.0,3
2021-06-03,AMZN,-0.0004377971380441041,-0.6590830231052043,2.0,3
2021-06-04,AMZN,-0.0008115812742084616,-0.38555847206357574,2.0,3
2021-06-07,AMZN,-0.0022909216193073606,-0.14537996860729951,2.0,3
2021-06-08,AMZN,0.0007292420420557404,0.22695258205435037,2.0,3
2021-06-09,AMZN,0.0012950419998464327,0.056511191056058174,2.0,3
2021-06-10,AMZN,-0.016432457974884088,-0.36445104270596257,2.0,3
2021-06-11,AMZN,-0.017797693683597893,-0.3049190621783081,2.0,3
2021-06-14,AMZN,-0.018684804950817483,-0.3624295391823684,2.0,3
2021-06-15,AMZN,-0.01691504712086354,-0.47237325822773185,2.0,3
2021-06-16,AMZN,-0.01755436912669683,-0.31120604294364257,2.0,3
2021-06-17,AMZN,-0.020721551919670535,-0.5681517926988382,2.0,3
2021-06-18,AMZN,-0.016411154137596116,0.034509906252506904,2.0,3
2021-06-21,AMZN,-0.009102934527948624,0.06266425392289304,2.0,3
2021-06-22,AMZN,-0.017129500234830414,0.1480714052168906,2.0,3
2021-06-23,AMZN,-0.006236306463683435,0.5245088437523187,2.0,3
2021-06-24,AMZN,-7.644832481695394e-05,0.47772720950756187,2.0,3
2021-06-25,AMZN,0.00426266696314986,0.510152790381468,2.0,3
2021-06-28,AMZN,0.000565277326999178,0.46536532237258194,2.0,3
2021-06-29,AMZN,0.0011452780293902676,0.6084586287537228,2.0,3
2021-06-30,AMZN,0.0025849096939007197,0.7137563195968006,2.0,3
2021-01-04,GOOGL,0.007343027129327625,0.6293638703732778,2.0,3
2021-01-05,GOOGL,0.006949538849914095,0.30719031056484847,2.0,3
2021-01-06,GOOGL,0.00706034850527025,0.3639287392185761,2.0,3
2021-01-07,GOOGL,0.003017981020561466,0.5960689944402907,2.0,3
2021-01-08,GOOGL,0.009158869271765407,1.0837607985602218,2.0,3
2021-01-11,GOOGL,0.007275076645487514,1.1256284687591684,2.0,3
2021-01-12,GOOGL,0.004826183533620315,0.36323417591040713,2.0,3
2021-01-13,GOOGL,0.004791227634235925,0.7990200123538792,2.0,3
2021-01-14,GOOGL,0.010215200012187765,-0.38536859878317886,2.0,3
2021-01-15,GOOGL,0.013383369260436696,0.5740384266416967,2.0,3
2021-01-19,GOOGL,0.006385827594905106,0.4784445007252378,2.0,3
2021-01-20,GOOGL,0.008801035476584826,1.0419309975473015,2.0,3
2021-01-21,GOOGL,0.010750158761691072,0.7181273490104959,2.0,3
2021-01-22,GOOGL,0.010176006741197566,0.6434079867736959,2.0,3
2021-01-25,GOOGL,0.013564428622546863,1.333410402311328,2.0,3
2021-01-26,GOOGL,0.01498142388216089,0.9275451927998944,2.0,3
2021-01-27,GOOGL,0.01929078711803544,0.576430657492173,2.0,3
2021-01-28,GOOGL,0.016309211375718585,1.2554089592631514,2.0,3
2021-01-29,GOOGL,0.019535688966018445,1.2370013850717123,2.0,3
2021-02-01,GOOGL,0.010908050645798592,1.3147924871461472,2.0,3
2021-02-02,GOOGL,0.015886192884749666,1.781029155788859,2.0,3
2021-02-03,GOOGL,0.0038249336230663294,2.2422684953234477,2.0,3
2021-02-04,GOOGL,0.00828765614802638,1.7879967885624437,2.0,3
2021-02-05,GOOGL,0.006294287309941421,1.6799633181315823,2.0,3
2021-02-08,GOOGL,0.0008604494370665761,1.3195043476191584,2.0,3
2021-02-09,GOOGL,0.015665226496980676,1.5406860733604733,2.0,3
2021-02-10,GOOGL,0.014035474626542904,1.787698779201488,2.0,3
2021-02-11,GOOGL,0.004250223917842816,2.498223516604561,2.0,3
2021-02-12,GOOGL,0.00828685131419243,2.6259864376278736,2.0,3
2021-02-16,GOOGL,0.006510909492452964,2.3197951200593483,2.0,3
2021-02-17,GOOGL,0.004240609306361776,2.460678721891167,2.0,3
2021-02-18,GOOGL,0.010806750634323873,2.4498297388349943,2.0,3
2021-02-19,GOOGL,0.007405735513210153,2.3509956856284804,2.0,3
2021-02-22,GOOGL,0.017595686612303343,2.4032379416530834,2.0,3
2021-02-23,GOOGL,0.013506580607491998,1.7477487338978746,2.0,3
2021-02-24,GOOGL,0.012859409530533578,2.1739230208731675,2.0,3
2021-02-25,GOOGL,0.020888971335042382,2.3941457269160384,2.0,3
2021-02-26,GOOGL,0.021845584731500257,2.761414850291269,2.0,3
2021-03-01,GOOGL,0.011985574213660378,1.586053158465977,2.0,3
2021-03-02,GOOGL,0.012576354511282826,1.5642925653368307,2.0,3
2021-03-03,GOOGL,0.016034720881790497,2.384447141206129,2.0,3
2021-03-04,GOOGL,0.006623211182413066,0.19584315709336464,2.0,3
2021-03-05,GOOGL,0.01062717812402581,2.58833680763315,2.0,3
2021-03-08,GOOGL,0.006091761523695707,0.34713997172792344,2.0,3
2021-03-09,GOOGL,0.0035645109445057443,0.6794200931674269,2.0,3
2021-03-10,GOOGL,0.021487425298559373,2.285319269947865,2.0,3
2021-03-11,GOOGL,0.0028337967774367022,1.7590762500545414,2.0,3
2021-03-12,GOOGL,0.008048521071531796,2.5589634920550512,2.0,3
2021-03-15,GOOGL,-0.0004202204168172254,2.125718897559084,2.0,3
2021-03-16,GOOGL,0.0008632454323269773,1.3876425387520128,2.0,3
2021-03-17,GOOGL,0.000653283364768818,0.2745615922959028,2.0,3
2021-03-18,GOOGL,0.008490274295931036,0.9757242456617834,2.0,3
2021-03-19,GOOGL,-0.0008996288555942597,0.7733552984411414,2.0,3
2021-03-22,GOOGL,0.00012078284989537936,-0.3361936577713363,2.0,3
2021-03-23,GOOGL,0.00483713988456558,-0.21405130743442047,2.0,3
2021-03-24,GOOGL,0.0012021442673221883,-0.14455664288312736,2.0,3
2021-03-25,GOOGL,0.0025579250729976526,-0.1275693323005514,2.0,3
2021-03-26,GOOGL,-0.003269358088044627,-0.35912207731357704,2.0,3
2021-03-29,GOOGL,-8.118784582682607e-05,-1.4498218187423664,2.0,3
2021-03-30,GOOGL,-0.0009539914093772893,-1.3455259247145048,2.0,3
2021-03-31,GOOGL,0.0008451453788510957,-0.44246287473644275,2.0,3
2021-04-01,GOOGL,-0.003062686772821393,-0.15194243033585167,2.0,3
2021-04-05,GOOGL,-0.006502221044611223,-0.3437866448804158,2.0,3
2021-04-06,GOOGL,0.005650040580153198,0.09499258609041465,2.0,3
2021-04-07,GOOGL,0.004503038520659163,1.8937669626382831,2.0,3
2021-04-08,GOOGL,0.01055302510963607,2.3635108354736296,2.0,3
2021-04-09,GOOGL,0.01020623509963645,2.7598678869446696,2.0,3
2021-04-12,GOOGL,0.02253594921604021,2.5010904999601187,2.0,3
2021-04-13,GOOGL,0.019738280592161327,2.4921686962877727,2.0,3
2021-04-14,GOOGL,0.02076754479380225,2.677068558636215,2.0,3
2021-04-15,GOOGL,0.018710144041854993,2.374841703805141,2.0,3
2021-04-16,GOOGL,0.019886892917974696,2.7301664403410624,2.0,3
2021-04-19,GOOGL,0.013731319735606307,2.7466738160202713,2.0,3
2021-04-20,GOOGL,0.015422329773331292,3.1516077402672,2.0,3
2021-04-21,GOOGL,0.012261861976718231,2.8089950676452737,2.0,3
2021-04-22,GOOGL,0.019477334891921338,2.292777808422759,2.0,3
2021-04-23,GOOGL,0.010528989353307303,1.9069963981946814,2.0,3
2021-04-26,GOOGL,0.0035949773907855693,1.8919596859237195,2.0,3
2021-04-27,GOOGL,0.0062345082464433975,1.856444097898301,2.0,3
2021-04-28,GOOGL,-0.002594294499834287,1.52283865560566,2.0,3
2021-04-29,GOOGL,-0.002204003588972309,1.9140184738315549,2.0,3
2021-04-30,GOOGL,0.007771837177420853,2.28252471085867,2.0,3
2021-05-03,GOOGL,0.006803968558499927,1.2683419395200923,2.0,3
2021-05-04,GOOGL,0.007667976906625812,1.543367660029807,2.0,3
2021-05-05,GOOGL,0.013330598745492344,1.8199650681761286,2.0,3
2021-05-06,GOOGL,0.011550138254453767,2.191297803579499,2.0,3
2021-05-07,GOOGL,0.005812665163518601,1.943708728175763,2.0,3
2021-05-10,GOOGL,0.010817635945625716,2.4925844554234,2.0,3
2021-05-11,GOOGL,0.009100897536737746,2.0216782834482796,2.0,3
2021-05-12,GOOGL,0.0077912160902518434,1.2895863943320645,2.0,3
2021-05-13,GOOGL,0.0010144400391977248,-0.0486740641862341,2.0,3
2021-05-14,GOOGL,0.008233484508409314,1.8434115813748218,2.0,3
2021-05-17,GOOGL,0.0015985195005894944,1.3120230329760365,2.0,3
2021-05-18,GOOGL,0.003156601226231572,0.9940261975615042,2.0,3
2021-05-19,GOOGL,-0.0012686887933454107,1.0422953432439548,2.0,3
2021-05-20,GOOGL,-0.0023738479414571107,1.276335123015144,2.0,3
2021-05-21,GOOGL,-0.000285895865886058,0.9942739452907854,2.0,3
2021-05-24,GOOGL,-0.0004753409659315692,1.8163352428964163,2.0,3
2021-05-25,GOOGL,-0.0024391774732095126,1.8322880551394765,2.0,3
2021-05-26,GOOGL,-0.0009312884553448631,1.5361478695447297,2.0,3
2021-05-27,GOOGL,3.752908956690798e-05,0.5462256170306858,2.0,3
2021-05-28,GOOGL,0.0013347810277970122,0.9083546817978749,2.0,3
2021-06-01,GOOGL,0.003559089056391965,1.2456021335522969,2.0,3
2021-06-02,GOOGL,0.009379513128975525,1.008090622961012,2.0,3
2021-06-03,GOOGL,0.011827064703957084,0.8173759455686046,2.0,3
2021-06-04,GOOGL,0.0048250268819080705,0.5798302635975993,2.0,3
2021-06-07,GOOGL,0.002037929415911833,0.7104884263485505,2.0,3
2021-06-08,GOOGL,0.008563735886152085,0.9458013245175745,2.0,3
2021-06-09,GOOGL,0.009284495751380477,1.1943300540332078,2.0,3
2021-06-10,GOOGL,0.004366016605643257,1.2979054076290273,2.0,3
2021-06-11,GOOGL,0.009376341564030881,1.2057539448926218,2.0,3
2021-06-14,GOOGL,0.006737680583233321,1.2695590247747464,2.0,3
2021-06-15,GOOGL,0.009393142688322182,1.2116461470977558,2.0,3
2021-06-16,GOOGL,0.011169031486131346,1.2307434343326884,2.0,3
2021-06-17,GOOGL,0.02098058173624664,1.6078224168437028,2.0,3
2021-06-18,GOOGL,0.021540026546092567,1.5035026607827668,2.0,3
2021-06-21,GOOGL,0.02641478507341112,1.7173439019905923,2.0,3
2021-06-22,GOOGL,0.015242618138987436,1.1795989318744442,2.0,3
2021-06-23,GOOGL,0.01707044104067475,1.1997996428767865,2.0,3
2021-06-24,GOOGL,0.016726877108239616,0.9613799641519659,2.0,3
2021-06-25,GOOGL,0.016995399350840712,0.998161848222053,2.0,3
2021-06-28,GOOGL,0.021512872656457387,0.9832493277971017,2.0,3
2021-06-29,GOOGL,0.01387839644718568,0.6246588276922403,2.0,3
2021-06-30,GOOGL,0.01508520524196245,0.8777939525425942,2.0,3
2021-01-04,INTC,-6.292399613596252e-05,-0.03297293289215206,2.0,3
2021-01-05,INTC,0.0032957329103588773,0.16572836758421877,2.0,3
2021-01-06,INTC,0.005952041913672513,1.2345517293820265,2.0,3
2021-01-07,INTC,-0.003147805269310262,0.40616117112508454,2.0,3
2021-01-08,INTC,0.0017884618329511,0.6233252423000634,2.0,3
2021-01-11,INTC,0.0006340104731419947,0.5732977332744345,2.0,3
2021-01-12,INTC,-0.01728278328398043,-0.9410649018180279,2.0,3
2021-01-13,INTC,-0.03122871448073668,-0.7492434364105143,2.0,3
2021-01-14,INTC,0.014242626478138579,2.5430597353012585,2.0,3
2021-01-15,INTC,-0.022388880272153328,-0.4224474547073065,2.0,3
2021-01-19,INTC,-0.034365864979822115,0.2273985970787833,2.0,3
2021-01-20,INTC,-0.0268036564797597,0.6157932864017466,2.0,3
2021-01-21,INTC,0.004867524572092546,2.525510127034001,2.0,3
2021-01-22,INTC,0.08687893910976495,6.538385288892002,2.0,3
2021-01-25,INTC,0.07688022113854198,6.451792405799564,2.0,3
2021-01-26,INTC,0.06110300815306713,5.132651642643191,2.0,3
2021-01-27,INTC,0.09902355516763885,6.375919801292989,2.0,3
2021-01-28,INTC,0.08108428277935836,5.960066232649559,2.0,3
2021-01-29,INTC,0.09009333098114315,6.284109715209541,2.0,3
2021-02-01,INTC,0.0692115353066374,5.300477338411078,2.0,3
2021-02-02,INTC,0.07004408897078981,5.105836158022413,2.0,3
2021-02-03,INTC,0.07389866901888884,4.880004217054239,2.0,3
2021-02-04,INTC,0.0720002013367619,4.0786993038929396,2.0,3
2021-02-05,INTC,0.07950336564010568,3.9184057316927885,2.0,3
2021-02-08,INTC,0.07633260322782438,4.542077188270678,2.0,3
2021-02-09,INTC,0.08379058246455322,3.6295757006895926,2.0,3
2021-02-10,INTC,0.08354460325870734,3.70248471463989,2.0,3
2021-02-11,INTC,-0.01627677993722448,-0.27208567818353724,2.0,3
2021-02-12,INTC,-0.020212943537249818,-0.8511211545310162,2.0,3
2021-02-16,INTC,-0.015472454197324577,-0.19692127412952315,2.0,3
2021-02-17,INTC,-0.013057142603689382,-0.16913085448343726,2.0,3
2021-02-18,INTC,-0.015439984097799866,0.14242199898748478,2.0,3
2021-02-19,INTC,-0.005479803668314961,0.363346523560012,2.0,3
2021-02-22,INTC,0.013300000173107321,1.9442778819297315,2.0,3
2021-02-23,INTC,0.005709126145318636,0.966136857957665,2.0,3
2021-02-24,INTC,-0.006882988368549379,1.079018557309783,2.0,3
2021-02-25,INTC,0.012773553197598372,1.444921605418141,2.0,3
2021-02-26,INTC,0.007823827309425107,1.2080580665516387,2.0,3
2021-03-01,INTC,-0.009163407078266904,0.5538907350745932,2.0,3
2021-03-02,INTC,-0.0037244244617917906,0.5460234628775208,2.0,3
2021-03-03,INTC,0.010268784297381471,1.6281772539355757,2.0,3
2021-03-04,INTC,-0.0013544499841795334,0.1869604461927008,2.0,3
2021-03-05,INTC,-0.006925806163051217,-0.24135157414279362,2.0,3
2021-03-08,INTC,-0.003778528093267035,-0.21630739951811395,2.0,3
2021-03-09,INTC,-0.011171269494686211,0.36504293981080593,2.0,3
2021-03-10,INTC,0.012130363203550496,1.8583899905225043,2.0,3
2021-03-11,INTC,-0.00713764022407898,1.7486152999776348,2.0,3
2021-03-12,INTC,-0.005937867324026864,1.3334684230850062,2.0,3
2021-03-15,INTC,-0.0074696375212386385,1.9087960087908207,2.0,3
2021-03-16,INTC,-0.009460151282313875,0.7590332865107432,2.0,3
2021-03-17,INTC,-0.009748539604602723,0.0582018478526527,2.0,3
2021-03-18,INTC,-0.005476514054946518,0.19583530136201066,2.0,3
2021-03-19,INTC,-0.004778970824330025,0.99499398165786,2.0,3
2021-03-22,INTC,-0.013194806004783418,-0.1967552224713809,2.0,3
2021-03-23,INTC,0.0007741218529576143,0.4530248668009462,2.0,3
2021-03-24,INTC,0.002670529811825101,0.012580312174467367,2.0,3
2021-03-25,INTC,0.0022061878881465056,0.16653079543056215,2.0,3
2021-03-26,INTC,-0.020602133806436662,-0.1850908397261144,2.0,3
2021-03-29,INTC,0.00016420622460696561,-1.027610408005292,2.0,3
2021-03-30,INTC,-0.00763345992230649,-1.5482461233529363,2.0,3
2021-03-31,INTC,-0.00951713696715631,-0.26999548975113763,2.0,3
2021-04-01,INTC,-0.00878428293732561,0.7218865540766791,2.0,3
2021-04-05,INTC,-0.00860393587547188,0.3692791827167805,2.0,3
2021-04-06,INTC,-0.0010240064532089004,-0.3090663375430963,2.0,3
2021-04-07,INTC,-0.0012543693375680063,0.5736671894567369,2.0,3
2021-04-08,INTC,0.006269199977436775,1.47171244394584,2.0,3
2021-04-09,INTC,0.006032177351832242,2.298817141869829,2.0,3
2021-04-12,INTC,0.017468954052270946,1.2895013231898862,2.0,3
2021-04-13,INTC,0.0025773501185951757,0.0280369770564719,2.0,3
2021-04-14,INTC,0.0039433890967428544,-0.44529542805893796,2.0,3
2021-04-15,INTC,-0.001518511279343566,-0.5879263395870932,2.0,3
2021-04-16,INTC,0.011236682313890837,0.4631608588673435,2.0,3
2021-04-19,INTC,-0.00182302660889891,-0.602612872953643,2.0,3
2021-04-20,INTC,-0.005091091496023908,-1.4569254658671091,2.0,3
2021-04-21,INTC,0.00757012127793849,0.6857112178161393,2.0,3
2021-04-22,INTC,0.007138505624259952,-0.7327982410744803,2.0,3
2021-04-23,INTC,-0.0067826215654284575,-1.6677000954944456,2.0,3
2021-04-26,INTC,-0.004356651743831695,-1.3974924607788193,2.0,3
2021-04-27,INTC,0.0010561959877242427,-1.1844966964390546,2.0,3
2021-04-28,INTC,0.0017026772028583164,-1.214948944603464,2.0,3
2021-04-29,INTC,0.002513056681670755,-0.8898774055704388,2.0,3
2021-04-30,INTC,0.004670739700486573,-1.1497725840300477,2.0,3
2021-05-03,INTC,0.010083552364404745,-1.1484445031221,2.0,3
2021-05-04,INTC,0.009475914465753604,-0.5537923420090687,2.0,3
2021-05-05,INTC,0.010638462210402719,-1.1021246772491013,2.0,3
2021-05-06,INTC,0.010206167351366868,-0.487990639388997,2.0,3
2021-05-07,INTC,0.007395380635037034,-0.32320449181488975,2.0,3
2021-05-10,INTC,0.010620276328935746,0.12290927599149004,2.0,3
2021-05-11,INTC,0.01198486248570398,0.018784138297885944,2.0,3
2021-05-12,INTC,0.01051728155829322,-0.3812387182486424,2.0,3
2021-05-13,INTC,0.005443866549101787,-1.2274900624589142,2.0,3
2021-05-14,INTC,-0.004877113150079898,-2.3154983958875057,2.0,3
2021-05-17,INTC,-0.010282350404574701,-2.782651810502555,2.0,3
2021-05-18,INTC,-0.0033723350940234446,-2.4117673435457867,2.0,3
2021-05-19,INTC,-0.00022479057835009093,-1.6471526298442014,2.0,3
2021-05-20,INTC,-0.0019730898388097507,-1.6228430218275165,2.0,3
2021-05-21,INTC,-0.006809088996567991,-1.2000860194597425,2.0,3
2021-05-24,INTC,-0.0005338306943877647,0.49911467077393357,2.0,3
2021-05-25,INTC,-0.000230477799091129,0.8047769497938454,2.0,3
2021-05-26,INTC,0.001530390215708432,1.2816581548462587,2.0,3
2021-05-27,INTC,0.0016663451911239314,0.9969500994643592,2.0,3
2021-05-28,INTC,0.001443752412850876,0.8606677261920769,2.0,3
2021-06-01,INTC,0.0013362680872189652,0.7394304311113931,2.0,3
2021-06-02,INTC,0.00624999244047716,0.6411538003438303,2.0,3
2021-06-03,INTC,0.009677623852983108,0.3766393151979198,2.0,3
2021-06-04,INTC,0.007664916838358065,0.4804245938113587,2.0,3
2021-06-07,INTC,0.0014989644978143574,0.29581042854603024,2.0,3
2021-06-08,INTC,0.006690098921778217,0.5086152919320404,2.0,3
2021-06-09,INTC,0.015350238293544202,1.1748892381563432,2.0,3
2021-06-10,INTC,0.008928034650947698,1.0824731025633452,2.0,3
2021-06-11,INTC,0.01144300477749737,1.1155495073677009,2.0,3
2021-06-14,INTC,0.007526369346449395,1.040485630231911,2.0,3
2021-06-15,INTC,0.007678938174759481,0.9667056038473418,2.0,3
2021-06-16,INTC,0.010770914507359059,0.9218873094003999,2.0,3
2021-06-17,INTC,0.009929932395826492,0.6267435399376177,2.0,3
2021-06-18,INTC,0.004153860570635452,0.1818047820669254,2.0,3
2021-06-21,INTC,0.004644899671009926,-0.26694748273730795,2.0,3
2021-06-22,INTC,0.0006673803786995895,-0.2830107010617642,2.0,3
2021-06-23,INTC,0.0005498510274849937,-0.4157428024438852,2.0,3
2021-06-24,INTC,0.004728199042342551,-0.230023179711892,2.0,3
2021-06-25,INTC,-0.0005724298624930279,-0.8483757234174191,2.0,3
2021-06-28,INTC,0.005203771565513538,-0.16634837535435143,2.0,3
2021-06-29,INTC,0.0029992008203029263,-0.2178307066021259,2.0,3
2021-06-30,INTC,-0.00010875325919211809,-0.6081316203830018,2.0,3
2021-01-04,MSFT,0.0062284520668904435,1.520303777564477,2.0,3
2021-01-05,MSFT,0.005596368384874836,1.0986515156819499,2.0,3
2021-01-06,MSFT,0.022980908049712846,3.708422704932641,2.0,3
2021-01-07,MSFT,0.011652135184239482,2.0926638298370954,2.0,3
2021-01-08,MSFT,-0.004854119038070968,0.04766988804540928,2.0,3
2021-01-11,MSFT,-0.007430231084652884,-0.4946863944318574,2.0,3
2021-01-12,MSFT,0.013986873511785559,1.84109103132825,2.0,3
2021-01-13,MSFT,0.005824713742120748,1.0789476966847042,2.0,3
2021-01-14,MSFT,0.023010599551622674,0.7228609375930708,2.0,3
2021-01-15,MSFT,0.021374315061731992,1.1313642472093126,2.0,3
2021-01-19,MSFT,0.018317741943048298,0.4863562389236701,2.0,3
2021-01-20,MSFT,-0.012589251800104813,-1.0021387743545906,2.0,3
2021-01-21,MSFT,-0.008437527343821888,-1.3083743915851807,2.0,3
2021-01-22,MSFT,-0.0054611244603517675,-1.3662254107629361,2.0,3
2021-01-25,MSFT,-0.030818277037872276,-2.1062701652052365,2.0,3
2021-01-26,MSFT,-0.03229632942286286,-3.0769776621841896,2.0,3
2021-01-27,MSFT,-0.03506066481566521,-1.6527590558216767,2.0,3
2021-01-28,MSFT,-0.040549133380818655,-1.2414702224452645,2.0,3
2021-01-29,MSFT,-0.026567158892060398,-1.0959947967242012,2.0,3
2021-02-01,MSFT,-0.045519655534198795,-1.5720868454448094,2.0,3
2021-02-02,MSFT,-0.04879917069225583,-1.2324147967037842,2.0,3
2021-02-03,MSFT,-0.05362750390303821,-1.3462377472919433,2.0,3
2021-02-04,MSFT,-0.049719232995983444,-1.41454274632249,2.0,3
2021-02-05,MSFT,-0.051341736702816,-1.4040594758116836,2.0,3
2021-02-08,MSFT,-0.05026689876153053,-1.6570728181626015,2.0,3
2021-02-09,MSFT,-0.05190228156042879,-1.4781234370162721,2.0,3
2021-02-10,MSFT,-0.04491064233818518,-1.539183428414185,2.0,3
2021-02-11,MSFT,-0.04229356542961774,-1.2221131906135885,2.0,3
2021-02-12,MSFT,-0.04832751172744469,-1.3484864578662394,2.0,3
2021-02-16,MSFT,-0.03476144041717398,-0.688975507547854,2.0,3
2021-02-17,MSFT,-0.03765945937221853,-1.0781208858632385,2.0,3
2021-02-18,MSFT,-0.03167337223689824,-0.2936235596004677,2.0,3
2021-02-19,MSFT,-0.01547461047497801,0.6403168434083332,2.0,3
2021-02-22,MSFT,-0.0008613587974704626,0.23031955956183597,2.0,3
2021-02-23,MSFT,0.013915167849108805,0.9016722739390661,2.0,3
2021-02-24,MSFT,0.014452006285698985,1.453010526705114,2.0,3
2021-02-25,MSFT,0.02915062037016842,2.317431558914566,2.0,3
2021-02-26,MSFT,0.01753121057761381,0.776479243313627,2.0,3
2021-03-01,MSFT,-0.0037923155745548266,-0.5552861792151134,2.0,3
2021-03-02,MSFT,0.007437929775112692,-0.26767880186999393,2.0,3
2021-03-03,MSFT,0.01390093630713939,0.7004013055232938,2.0,3
2021-03-04,MSFT,0.01998942950427975,0.13787033834355658,2.0,3
2021-03-05,MSFT,0.009719304561836895,1.448800463283678,2.0,3
2021-03-08,MSFT,0.014472115545683872,1.2470622403199914,2.0,3
2021-03-09,MSFT,0.0018926654573113073,0.3555644622669548,2.0,3
2021-03-10,MSFT,0.015312105105609822,1.0992587643659553,2.0,3
2021-03-11,MSFT,0.00053430730955795,1.1915800983351534,2.0,3
2021-03-12,MSFT,0.0027813961683177475,1.648489723438598,2.0,3
2021-03-15,MSFT,0.0024370352951709148,2.2248238620634058,2.0,3
2021-03-16,MSFT,0.001425884654619966,1.3506402878119717,2.0,3
2021-03-17,MSFT,-0.004671353840413241,-0.449505579088699,2.0,3
2021-03-18,MSFT,0.012385936534402713,1.2716383675848817,2.0,3
2021-03-19,MSFT,0.009328570408129415,1.344716810829461,2.0,3
2021-03-22,MSFT,-0.003071116361022858,-0.359430306431448,2.0,3
2021-03-23,MSFT,-0.004091941996143761,-0.09516312483337486,2.0,3
2021-03-24,MSFT,6.392973133202511e-05,0.18112408217292775,2.0,3
2021-03-25,MSFT,0.004211172729084432,0.060181132036921325,2.0,3
2021-03-26,MSFT,-0.003957762347080127,-0.15941540755181993,2.0,3
2021-03-29,MSFT,0.013463382068975675,0.7073717298323621,2.0,3
2021-03-30,MSFT,0.014567957649549781,0.7072661038724342,2.0,3
2021-03-31,MSFT,-0.015926508639332655,-1.5013416522281386,2.0,3
2021-04-01,MSFT,-0.0436780126370349,-2.1746577758976597,2.0,3
2021-04-05,MSFT,-0.04325373988459751,-1.959006173600398,2.0,3
2021-04-06,MSFT,-0.049775957489250476,-2.5025534314290616,2.0,3
2021-04-07,MSFT,-0.04020484073048579,-2.69263355038905,2.0,3
2021-04-08,MSFT,-0.05693129953968828,-2.4013382768470097,2.0,3
2021-04-09,MSFT,-0.045914870465092836,-2.8358590213879578,2.0,3
2021-04-12,MSFT,-0.038050801816193004,-2.260131061690058,2.0,3
2021-04-13,MSFT,-0.05375657456407514,-2.573728660480467,2.0,3
2021-04-14,MSFT,-0.03001734323477749,-1.661263202162887,2.0,3
2021-04-15,MSFT,-0.05073772378235209,-2.1787495880561347,2.0,3
2021-04-16,MSFT,-0.051829216348981494,-1.9464299938150733,2.0,3
2021-04-19,MSFT,-0.04898256744115523,-2.5678607915954084,2.0,3
2021-04-20,MSFT,-0.047620851849975034,-3.2872630575652333,2.0,3
2021-04-21,MSFT,-0.0523346363851895,-3.2812480649794815,2.0,3
2021-04-22,MSFT,-0.025015749438190363,-1.3116210089841283,2.0,3
2021-04-23,MSFT,-0.03762188026538903,-1.1141098425516978,2.0,3
2021-04-26,MSFT,-0.036170879743599386,-0.7581471496623106,2.0,3
2021-04-27,MSFT,-0.03732304498038838,-0.8631220313664751,2.0,3
2021-04-28,MSFT,-0.00803909832706477,0.505144935031331,2.0,3
2021-04-29,MSFT,-0.006529726007410958,0.4117848755718583,2.0,3
2021-04-30,MSFT,-0.004675471308541507,0.15493364477433158,2.0,3
2021-05-03,MSFT,0.01061595447046729,1.0648769416993653,2.0,3
2021-05-04,MSFT,0.014221050483901888,2.442220134107746,2.0,3
2021-05-05,MSFT,0.024836545823958358,3.1443463688995266,2.0,3
2021-05-06,MSFT,0.019547719705422538,3.047321117036507,2.0,3
2021-05-07,MSFT,0.009043384383830276,1.9776212657763903,2.0,3
2021-05-10,MSFT,0.016900630256559163,2.7442196914644414,2.0,3
2021-05-11,MSFT,0.0216804127007374,2.7423330500549024,2.0,3
2021-05-12,MSFT,0.024402727474471603,3.0107226616989204,2.0,3
2021-05-13,MSFT,0.02484542117479593,3.1389815932308505,2.0,3
2021-05-14,MSFT,0.01661983076219947,2.0643679191031987,2.0,3
2021-05-17,MSFT,0.022434504740203146,2.9431967952463345,2.0,3
2021-05-18,MSFT,0.01689624952026132,1.8508367612252843,2.0,3
2021-05-19,MSFT,0.010822498290926953,1.2848060010947966,2.0,3
2021-05-20,MSFT,0.011551855281766076,1.7438540443653705,2.0,3
2021-05-21,MSFT,0.015977053936245537,1.7732308075150889,2.0,3
2021-05-24,MSFT,0.009221768961329846,1.2415647784102433,2.0,3
2021-05-25,MSFT,-0.0003859151198573218,0.08977699573537878,2.0,3
2021-05-26,MSFT,-0.003897732856771162,0.5466555164350636,2.0,3
2021-05-27,MSFT,0.01167443323702602,1.7135942539926015,2.0,3
2021-05-28,MSFT,0.008509304183262808,1.1547540233054547,2.0,3
2021-06-01,MSFT,0.014322787500594514,1.3595718200064089,2.0,3
2021-06-02,MSFT,0.004015708050417576,0.2482519888968625,2.0,3
2021-06-03,MSFT,0.0036577811980845823,0.010496332755423832,2.0,3
2021-06-04,MSFT,-0.006195284292360808,-0.23081188349508186,2.0,3
2021-06-07,MSFT,-0.0062487090872476,0.06821962165024786,2.0,3
2021-06-08,MSFT,-0.009836055920166372,-0.35691525094058285,2.0,3
2021-06-09,MSFT,-0.0240174487061397,-1.2439313152074016,2.0,3
2021-06-10,MSFT,-0.030992563990901157,-0.940471082606189,2.0,3
2021-06-11,MSFT,-0.02778693875791856,-0.7024104462261933,2.0,3
2021-06-14,MSFT,-0.03372422106868994,-1.1608801595821991,2.0,3
2021-06-15,MSFT,-0.030162601770264467,-0.8948060667492423,2.0,3
2021-06-16,MSFT,-0.03186828466882745,-0.9583292983963165,2.0,3
2021-06-17,MSFT,-0.03605497161003781,-1.460456546761041,2.0,3
2021-06-18,MSFT,-0.0213187985145544,-0.4239942947735694,2.0,3
2021-06-21,MSFT,-0.032399245841225006,-1.251296694973626,2.0,3
2021-06-22,MSFT,-0.04075607599936074,-1.3169687743150724,2.0,3
2021-06-23,MSFT,-0.036404714133258256,-1.280938630080195,2.0,3
2021-06-24,MSFT,-0.033356265449733725,-1.138913994087491,2.0,3
2021-06-25,MSFT,-0.021725256131464844,-0.7800029618207165,2.0,3
2021-06-28,MSFT,-0.03209967035460648,-0.8363734423197843,2.0,3
2021-06-29,MSFT,-0.0536963519763697,-1.4942413650521775,2.0,3
2021-06-30,MSFT,-0.04877301708676403,-1.4174415927087272,2.0,3
2021-01-04,NVDA,-0.00391965918269634,-0.5170379295525583,2.0,3
2021-01-05,NVDA,-0.0023752117024928602,-0.2801877650752042,2.0,3
2021-01-06,NVDA,0.009289668348159127,0.4219127877358386,2.0,3
2021-01-07,NVDA,0.00640884511651145,1.2789327868262332,2.0,3
2021-01-08,NVDA,0.008884985729299993,1.2499134142613246,2.0,3
2021-01-11,NVDA,0.016510441050711464,3.182291709611449,2.0,3
2021-01-12,NVDA,0.008890777982628516,1.642514382602562,2.0,3
2021-01-13,NVDA,0.009217496499677865,1.4958954722023483,2.0,3
2021-01-14,NVDA,0.00774694968912875,-0.4941701431156244,2.0,3
2021-01-15,NVDA,0.002639885393032598,-0.7178962580343506,2.0,3
2021-01-19,NVDA,0.006402278751131492,-0.36486170019094877,2.0,3
2021-01-20,NVDA,0.014619296591251423,0.4252396410528854,2.0,3
2021-01-21,NVDA,-0.002951825651784615,-0.6618744644780551,2.0,3
2021-01-22,NVDA,0.004227948824843314,-0.5265440270656937,2.0,3
2021-01-25,NVDA,0.004414243435842659,0.025138195323005347,2.0,3
2021-01-26,NVDA,0.0031303529537153327,-0.9924271136651973,2.0,3
2021-01-27,NVDA,0.01753671708566483,0.023337023632062193,2.0,3
2021-01-28,NVDA,-0.0021932142760283276,-0.5395253268951613,2.0,3
2021-01-29,NVDA,-0.0067335238479187915,-1.2617625341063334,2.0,3
2021-02-01,NVDA,-0.002250914805077192,-0.5533537499473316,2.0,3
2021-02-02,NVDA,-0.005336989243615163,-0.4951425983874376,2.0,3
2021-02-03,NVDA,-0.005458123785296244,-0.5760962105361919,2.0,3
2021-02-04,NVDA,0.0034425445852167527,0.11804266803410962,2.0,3
2021-02-05,NVDA,0.0018801248828398476,-0.3753625043792742,2.0,3
2021-02-08,NVDA,-0.006976807444998128,0.027444868853816112,2.0,3
2021-02-09,NVDA,0.00282934908090193,-0.2607916448978904,2.0,3
2021-02-10,NVDA,-0.026199134248834563,-1.1520139981556388,2.0,3
2021-02-11,NVDA,-0.011944019771916014,0.6607554933981918,2.0,3
2021-02-12,NVDA,-0.015901137778550168,0.3486204870650926,2.0,3
2021-02-16,NVDA,-0.014464794735743906,0.8809627009178919,2.0,3
2021-02-17,NVDA,-0.005434098463155011,1.260016446343169,2.0,3
2021-02-18,NVDA,-0.005597842267975649,1.4086563442512934,2.0,3
2021-02-19,NVDA,-0.0043494708577297035,1.2746715848576904,2.0,3
2021-02-22,NVDA,0.015264221996220784,1.6262311168688468,2.0,3
2021-02-23,NVDA,0.01350889015217473,1.0708211879191185,2.0,3
2021-02-24,NVDA,-0.0039343138366854866,0.5625146376670602,2.0,3
2021-02-25,NVDA,-0.0004931953318989135,-1.676330336894413,2.0,3
2021-02-26,NVDA,0.006745659595743186,0.5730768931806934,2.0,3
2021-03-01,NVDA,-0.008854376466054104,-0.3203387558461271,2.0,3
2021-03-02,NVDA,0.00036568821307768183,-0.21675818344646702,2.0,3
2021-03-03,NVDA,-0.003077172187255905,-1.2390835808982328,2.0,3
2021-03-04,NVDA,-0.0023518080079778353,-2.232380528441053,2.0,3
2021-03-05,NVDA,-0.007514857069326751,-2.2659106666185362,2.0,3
2021-03-08,NVDA,-0.005641050924739708,-2.4478625796348767,2.0,3
2021-03-09,NVDA,-0.02816184736538788,-3.8019112224578393,2.0,3
2021-03-10,NVDA,-0.008434369667332582,-3.264234276908658,2.0,3
2021-03-11,NVDA,-0.050848762553896136,-4.710242216104101,2.0,3
2021-03-12,NVDA,-0.03426367524452761,-4.978939370866749,2.0,3
2021-03-15,NVDA,-0.04025781647436026,-4.126828189680425,2.0,3
2021-03-16,NVDA,-0.04467308237919761,-4.87592736976649,2.0,3
2021-03-17,NVDA,-0.013290414613217222,-2.2605094272085857,2.0,3
2021-03-18,NVDA,-0.024261085397162863,-3.8261491053561976,2.0,3
2021-03-19,NVDA,-0.042201729548160476,-3.57651077221194,2.0,3
2021-03-22,NVDA,-0.013586123862993836,-2.320175449886978,2.0,3
2021-03-23,NVDA,0.02214014497931326,-0.6680324502285475,2.0,3
2021-03-24,NVDA,0.015251439016917206,-0.840267440345708,2.0,3
2021-03-25,NVDA,0.01580502896401704,-0.5854759465266736,2.0,3
2021-03-26,NVDA,0.009219871238497174,-0.7307322998923675,2.0,3
2021-03-29,NVDA,0.01920366154422552,1.0152607108730805,2.0,3
2021-03-30,NVDA,0.023496933909077235,1.4674243113412386,2.0,3
2021-03-31,NVDA,0.013257203406118398,0.9148272423836179,2.0,3
2021-04-01,NVDA,-0.0058937544679293985,1.1087083892467622,2.0,3
2021-04-05,NVDA,0.002697568749679831,1.5895488478074473,2.0,3
2021-04-06,NVDA,0.009797622124469002,2.5447835466186897,2.0,3
2021-04-07,NVDA,0.0009812459613971949,2.220730095027468,2.0,3
2021-04-08,NVDA,-0.005041301320914114,2.2765569755040667,2.0,3
2021-04-09,NVDA,-0.007199061526897095,1.4958204755032134,2.0,3
2021-04-12,NVDA,0.026242886880917516,4.104698248801062,2.0,3
2021-04-13,NVDA,0.026378632428210466,4.499308817550471,2.0,3
2021-04-14,NVDA,0.020688956574198798,4.133567063100385,2.0,3
2021-04-15,NVDA,0.017926861940525653,4.017965873261211,2.0,3
2021-04-16,NVDA,-0.014212961487450795,2.323884055175863,2.0,3
2021-04-19,NVDA,0.00697125790880136,3.218268900232249,2.0,3
2021-04-20,NVDA,0.0028748007977172597,2.4084124837091734,2.0,3
2021-04-21,NVDA,-0.01653133981812737,1.1169228670211342,2.0,3
2021-04-22,NVDA,0.007582411256551728,2.831672017758538,2.0,3
2021-04-23,NVDA,0.00834036103363164,3.009450124521285,2.0,3
2021-04-26,NVDA,-0.0035225167578024573,2.275456679628211,2.0,3
2021-04-27,NVDA,-0.012092189916080902,1.5842438157600238,2.0,3
2021-04-28,NVDA,-0.010709016332838687,1.4078545785411536,2.0,3
2021-04-29,NVDA,-0.010849203643988354,1.039487492378623,2.0,3
2021-04-30,NVDA,-0.010983416574476029,0.23385381375345693,2.0,3
2021-05-03,NVDA,-0.0074627985458659485,-0.2937683889075071,2.0,3
2021-05-04,NVDA,-0.003451972566152152,-1.1867548470947809,2.0,3
2021-05-05,NVDA,-0.0044147735287623675,-1.4095241062368382,2.0,3
2021-05-06,NVDA,-0.006480375202755823,-1.6496920342847798,2.0,3
2021-05-07,NVDA,-0.008440913273366218,-1.3621546994149505,2.0,3
2021-05-10,NVDA,-0.017858118633253827,-3.6959825044980086,2.0,3
2021-05-11,NVDA,-0.020861984686621468,-3.035912866905429,2.0,3
2021-05-12,NVDA,-0.010118365173349615,-2.481583619714827,2.0,3
2021-05-13,NVDA,-0.011021606908734065,-3.6416712066954684,2.0,3
2021-05-14,NVDA,-0.01630716188248514,-3.1277332470940653,2.0,3
2021-05-17,NVDA,-0.01201075342292678,-2.0387171957166026,2.0,3
2021-05-18,NVDA,-0.010477558162741644,-2.4796830378165327,2.0,3
2021-05-19,NVDA,-0.00611446234045359,-1.5072902587104213,2.0,3
2021-05-20,NVDA,-0.01111134077147358,-0.9177769174382386,2.0,3
2021-05-21,NVDA,-0.005466596227546716,-0.18278499449448793,2.0,3
2021-05-24,NVDA,-0.004600205706784302,0.955861326667562,2.0,3
2021-05-25,NVDA,-0.008003558071166181,0.7674384813021082,2.0,3
2021-05-26,NVDA,-0.008558525912619604,1.3416373135828341,2.0,3
2021-05-27,NVDA,-0.0017521053621346303,1.1246855545540875,2.0,3
2021-05-28,NVDA,-0.0240115586336159,1.132190850759891,2.0,3
2021-06-01,NVDA,-0.018768900416527724,1.3054731110370996,2.0,3
2021-06-02,NVDA,0.019180219882128008,3.881289326905711,2.0,3
2021-06-03,NVDA,0.025238019305047515,4.214440723186647,2.0,3
2021-06-04,NVDA,0.023001151142660436,3.8273431810406464,2.0,3
2021-06-07,NVDA,-0.004419219407563003,2.3902169309876955,2.0,3
2021-06-08,NVDA,0.0005826982465446417,2.5802273056489162,2.0,3
2021-06-09,NVDA,-0.003948065311279641,2.7361931120044107,2.0,3
2021-06-10,NVDA,-0.007888573213636537,2.649049777563079,2.0,3
2021-06-11,NVDA,-0.016538181714607893,2.0930677459320486,2.0,3
2021-06-14,NVDA,-0.009753440621044092,2.5890810531923596,2.0,3
2021-06-15,NVDA,-0.0019411165191324333,2.994234540187289,2.0,3
2021-06-16,NVDA,-0.00966037147852169,2.6378671080964815,2.0,3
2021-06-17,NVDA,-0.008011066011306302,2.5499958447999367,2.0,3
2021-06-18,NVDA,-0.006044948371674952,2.6751270898224435,2.0,3
2021-06-21,NVDA,0.008985005237390138,2.947908688919579,2.0,3
2021-06-22,NVDA,0.005108699469595131,2.9806842880030313,2.0,3
2021-06-23,NVDA,0.006517124243809113,2.956040442954394,2.0,3
2021-06-24,NVDA,0.005860983145812242,3.003107042628504,2.0,3
2021-06-25,NVDA,0.0053068974631225235,2.8447433329212743,2.0,3
2021-06-28,NVDA,0.0029183315283833736,2.7317034489393532,2.0,3
2021-06-29,NVDA,0.0007439336358512643,2.5641840151411777,2.0,3
2021-06-30,NVDA,-0.00498895910646079,2.0909408372657015,2.0,3
2021-01-04,PFE,0.009277273526619598,0.46020126433835706,2.0,3
2021-01-05,PFE,-0.0004774499800220165,-1.0729559860334954,2.0,3
2021-01-06,PFE,-0.00022132185208896215,-1.697403734774079,2.0,3
2021-01-07,PFE,-0.00863809686323151,-2.2404992544653206,2.0,3
2021-01-08,PFE,-0.008005354834579634,-2.1144780677623585,2.0,3
2021-01-11,PFE,-0.008262663148667517,-2.2508690272053764,2.0,3
2021-01-12,PFE,-0.004795219285336047,-1.8118094529552966,2.0,3
2021-01-13,PFE,-0.009318890835654,-1.3451929310597646,2.0,3
2021-01-14,PFE,-0.008358493959538192,-2.2224060298343558,2.0,3
2021-01-15,PFE,-0.00951144851019699,-1.9543901079469412,2.0,3
2021-01-19,PFE,-0.006898559784664381,-1.3015604093765756,2.0,3
2021-01-20,PFE,-0.005529401873492992,-1.2542381169919241,2.0,3
2021-01-21,PFE,-0.005964514509977853,-1.4275210016409186,2.0,3
2021-01-22,PFE,-0.008820955431581274,-1.7306093113546233,2.0,3
2021-01-25,PFE,-0.008200855981904537,-1.5983483049008522,2.0,3
2021-01-26,PFE,-0.00876460036432827,-2.3267447786200828,2.0,3
2021-01-27,PFE,-0.0048575921818012156,-1.3153720021556663,2.0,3
2021-01-28,PFE,-0.009640448255041673,-1.4872713500759809,2.0,3
2021-01-29,PFE,-0.009187398318429806,-1.3867351612957504,2.0,3
2021-02-01,PFE,0.002116562167021835,-0.8949888755032003,2.0,3
2021-02-02,PFE,0.006814133920707133,-1.231620279023483,2.0,3
2021-02-03,PFE,0.004958875326574457,-0.9524521516849572,2.0,3
2021-02-04,PFE,0.003720546263899409,-1.5704131034986109,2.0,3
2021-02-05,PFE,0.003720546263899409,-1.08446828613666,2.0,3
2021-02-08,PFE,0.005482005577066391,-1.2631670643893633,2.0,3
2021-02-09,PFE,-0.00021390615157199178,-1.4791769165172532,2.0,3
2021-02-10,PFE,-0.0007001865980330625,-1.821307751031987,2.0,3
2021-02-11,PFE,0.006065046528296193,-0.3730547437576506,2.0,3
2021-02-12,PFE,0.008066117464679265,-0.27582585706050167,2.0,3
2021-02-16,PFE,0.008281340323628227,-0.2913584764886803,2.0,3
2021-02-17,PFE,-7.396534477067424e-07,-0.7422326525625282,2.0,3
2021-02-18,PFE,0.0035911991590212924,-0.18525055544982383,2.0,3
2021-02-19,PFE,0.006366586533246199,0.15894415829057884,2.0,3
2021-02-22,PFE,0.009541262318030513,-0.35436179057404926,2.0,3
2021-02-23,PFE,0.010255535876014153,-0.895188344615206,2.0,3
2021-02-24,PFE,0.00915676548562587,-0.05564997695153773,2.0,3
2021-02-25,PFE,-0.0024303522955297723,-2.904378957971482,2.0,3
2021-02-26,PFE,0.0022233243058500727,-1.4441351319257856,2.0,3
2021-03-01,PFE,-0.0075621494839151,-1.7811476260729853,2.0,3
2021-03-02,PFE,0.0028741287437287696,-1.11037519331665,2.0,3
2021-03-03,PFE,-0.016010943638265808,-2.044591871768319,2.0,3
2021-03-04,PFE,-0.016083815287127618,-1.8729135547349516,2.0,3
2021-03-05,PFE,-0.016204602104307946,-2.591751104475065,2.0,3
2021-03-08,PFE,-0.015934599241475264,-2.3574209078838493,2.0,3
2021-03-09,PFE,-0.016204602104307946,-1.044510317875449,2.0,3
2021-03-10,PFE,-0.005621543737879971,-1.3975747337827502,2.0,3
2021-03-11,PFE,-0.014827194244106444,0.06899735430243692,2.0,3
2021-03-12,PFE,-0.01450890830479226,-0.1199007302473456,2.0,3
2021-03-15,PFE,-0.014728468418839688,0.8445686372072159,2.0,3
2021-03-16,PFE,-0.014616081489647778,0.1473287066294402,2.0,3
2021-03-17,PFE,-0.01665666809098741,-1.1335417148251172,2.0,3
2021-03-18,PFE,-0.010387527034493397,-0.3537789968463383,2.0,3
2021-03-19,PFE,-0.010210473674442085,0.8383916491351255,2.0,3
2021-03-22,PFE,-0.009905386004261734,-0.3266479175095076,2.0,3
2021-03-23,PFE,-0.001923103158733709,0.415948422852232,2.0,3
2021-03-24,PFE,-0.006246005535240295,0.5594792628982339,2.0,3
2021-03-25,PFE,-0.006246005535240295,0.22213839735630225,2.0,3
2021-03-26,PFE,-0.008887040860974521,0.5410717680291831,2.0,3
2021-03-29,PFE,-0.008490427386875787,-1.7472581518759434,2.0,3
2021-03-30,PFE,-0.00787010550659802,-1.0864323460654803,2.0,3
2021-03-31,PFE,-0.005454506053382798,-0.2938400009704726,2.0,3
2021-04-01,PFE,-0.009331797980955972,-0.24000997810935343,2.0,3
2021-04-05,PFE,-0.007047179009287455,-0.4435245741058991,2.0,3
2021-04-06,PFE,1.5016305345309967e-05,-1.3576639201311878,2.0,3
2021-04-07,PFE,-0.004699512944571362,-0.030072034284293836,2.0,3
2021-04-08,PFE,-0.0057596652001304085,-0.3521043505762049,2.0,3
2021-04-09,PFE,-0.005479927939433911,0.7568679840675723,2.0,3
2021-04-12,PFE,-0.004359357833225353,-0.10213894383266715,2.0,3
2021-04-13,PFE,-0.003781503013224206,0.04137659218771261,2.0,3
2021-04-14,PFE,-0.00566326667704336,-0.3387543025665131,2.0,3
2021-04-15,PFE,-0.007789947184128903,-0.05628312878770603,2.0,3
2021-04-16,PFE,-0.006225556558712773,0.25658985167323456,2.0,3
2021-04-19,PFE,-0.0060059964446653475,0.5753943746092275,2.0,3
2021-04-20,PFE,-0.007358414811995293,0.3785879822102136,2.0,3
2021-04-21,PFE,-0.008042485855854486,1.0138298191648774,2.0,3
2021-04-22,PFE,-0.00743540952947367,-0.17350186642412319,2.0,3
2021-04-23,PFE,-0.009987419348952182,-0.018347803235246984,2.0,3
2021-04-26,PFE,-0.008591543544705144,0.3158201537884542,2.0,3
2021-04-27,PFE,-0.004134197635746888,0.3655125185221762,2.0,3
2021-04-28,PFE,-0.003221870674397709,0.537894700477688,2.0,3
2021-04-29,PFE,-0.0087434362011666,0.15578650567295144,2.0,3
2021-04-30,PFE,-0.00786323985259728,0.20730676499381456,2.0,3
2021-05-03,PFE,-0.009039193684251217,0.056611693623543013,2.0,3
2021-05-04,PFE,-0.008916291238167609,-1.4244720140633582,2.0,3
2021-05-05,PFE,-0.008747699250692796,-0.8893055648749773,2.0,3
2021-05-06,PFE,0.007769272607820766,2.2837329149570316,2.0,3
2021-05-07,PFE,0.005379335737384608,2.6411933577594744,2.0,3
2021-05-10,PFE,0.006690950447295739,2.765635654452831,2.0,3
2021-05-11,PFE,0.011925248584100009,3.296790538792203,2.0,3
2021-05-12,PFE,0.0068680038073470505,2.575718795295389,2.0,3
2021-05-13,PFE,0.007332166093827453,2.2934934900050408,2.0,3
2021-05-14,PFE,0.00917579247340202,2.8636480849977435,2.0,3
2021-05-17,PFE,0.008621254183087373,3.058195399921974,2.0,3
2021-05-18,PFE,0.00964828462690442,2.881704833051031,2.0,3
2021-05-19,PFE,0.00812144217732254,2.8156160374990558,2.0,3
2021-05-20,PFE,0.008866564259727342,3.4502501598726534,2.0,3
2021-05-21,PFE,0.00901913308803743,3.62083447303272,2.0,3
2021-05-24,PFE,0.01192885902498466,3.7521299396070416,2.0,3
2021-05-25,PFE,0.020094014216410112,4.532908486565674,2.0,3
2021-05-26,PFE,0.016148193680360415,3.5687602991816707,2.0,3
2021-05-27,PFE,0.01796540540634844,3.0002952872918494,2.0,3
2021-05-28,PFE,0.017314533550119405,2.1439712979139443,2.0,3
2021-06-01,PFE,0.014358970386489749,1.1864773458474254,2.0,3
2021-06-02,PFE,0.011571968683099605,0.37375939028028593,2.0,3
2021-06-03,PFE,0.013920808474871944,0.5109919422797807,2.0,3
2021-06-04,PFE,0.009332993284656135,0.5204428397276516,2.0,3
2021-06-07,PFE,0.01248936060545537,0.8661595598594266,2.0,3
2021-06-08,PFE,0.013773251932141906,0.3937796670796161,2.0,3
2021-06-09,PFE,0.009874822022178034,0.4797900416460946,2.0,3
2021-06-10,PFE,0.0019056270769827381,0.14127217705913764,2.0,3
2021-06-11,PFE,0.010771227524707825,0.42090439365769594,2.0,3
2021-06-14,PFE,0.011407252599115842,0.5433910395511503,2.0,3
2021-06-15,PFE,0.010003055920135619,0.34577510594162986,2.0,3
2021-06-16,PFE,0.014434539063016553,0.35962118026755996,2.0,3
2021-06-17,PFE,0.016628435346862116,0.5784491504753277,2.0,3
2021-06-18,PFE,0.015603378810123214,0.43518519484860496,2.0,3
2021-06-21,PFE,0.011111363463700473,-0.0494757905448906,2.0,3
2021-06-22,PFE,0.008772338250900437,0.3088706193630262,2.0,3
2021-06-23,PFE,0.012488690217385669,0.4576627095225936,2.0,3
2021-06-24,PFE,0.015509816694968724,0.6027317221823292,2.0,3
2021-06-25,PFE,0.012921660584332676,0.4069810758178013,2.0,3
2021-06-28,PFE,0.012433704703710273,0.1950172859637127,2.0,3
2021-06-29,PFE,0.01251034717399778,0.4238825923828906,2.0,3
2021-06-30,PFE,0.01239966243235031,0.4642133777612565,2.0,3
2021-01-04,PYPL,-0.016338278847939463,-0.747605921224479,2.0,3
2021-01-05,PYPL,-0.024494018481640133,-1.5511645825788334,2.0,3
2021-01-06,PYPL,-0.013207353665660122,-1.6698466587356133,2.0,3
2021-01-07,PYPL,-0.03192543938714199,-2.6681478098513525,2.0,3
2021-01-08,PYPL,-0.04650528844582305,-2.573935315608744,2.0,3
2021-01-11,PYPL,-0.025874544271381684,-2.268696608246825,2.0,3
2021-01-12,PYPL,-0.03249313798563323,-2.167461924037447,2.0,3
2021-01-13,PYPL,-0.047074869791862796,-2.520837237168334,2.0,3
2021-01-14,PYPL,-0.03813889726835732,-2.390748181830067,2.0,3
2021-01-15,PYPL,-0.009098604029728329,-0.6198652270546324,2.0,3
2021-01-19,PYPL,-0.043215030711299264,-1.9151691747022026,2.0,3
2021-01-20,PYPL,-0.02802305088206992,-1.86135422493071,2.0,3
2021-01-21,PYPL,-0.03441788854299431,-2.876946355985101,2.0,3
2021-01-22,PYPL,-0.03461456947375271,-2.6884090673045145,2.0,3
2021-01-25,PYPL,-0.02137263714074343,-1.6513104340444726,2.0,3
2021-01-26,PYPL,0.007714842601283643,-1.127288311625741,2.0,3
2021-01-27,PYPL,0.009993459265075185,-0.8269298447062927,2.0,3
2021-01-28,PYPL,-0.00979955868863883,-0.4909670924737969,2.0,3
2021-01-29,PYPL,0.025952461600941317,0.7695442668373531,2.0,3
2021-02-01,PYPL,-0.024763260399126824,-1.3445282110596075,2.0,3
2021-02-02,PYPL,-0.04738129459152582,-1.6245743712695877,2.0,3
2021-02-03,PYPL,-0.04890541723970727,-1.717369625104399,2.0,3
2021-02-04,PYPL,-0.052360265161670784,-0.8303573266727435,2.0,3
2021-02-05,PYPL,-0.06328893646613462,-1.4407797996906266,2.0,3
2021-02-08,PYPL,-0.06070754211391843,-1.3289375767294356,2.0,3
2021-02-09,PYPL,-0.037114321091285,-0.19372768909969007,2.0,3
2021-02-10,PYPL,0.011654541250221449,1.5789052389604596,2.0,3
2021-02-11,PYPL,-0.008163667806447474,1.3376167349484582,2.0,3
2021-02-12,PYPL,-0.002234758214243644,2.2661100922284936,2.0,3
2021-02-16,PYPL,-0.03912537940684437,0.34598224048996173,2.0,3
2021-02-17,PYPL,-0.009151380186543828,1.7511508929735198,2.0,3
2021-02-18,PYPL,-0.08399892187625979,-1.7553030059396628,2.0,3
2021-02-19,PYPL,-0.09040567459228248,-2.26017285614531,2.0,3
2021-02-22,PYPL,-0.04982728961613434,-2.9891448781597574,2.0,3
2021-02-23,PYPL,-0.020816274115284847,-3.171402395164403,2.0,3
2021-02-24,PYPL,-0.05113811412667732,-3.3090066236548057,2.0,3
2021-02-25,PYPL,-0.007961906136724737,-2.004093059570042,2.0,3
2021-02-26,PYPL,-0.032851132451153044,-3.252433724997016,2.0,3
2021-03-01,PYPL,-0.07183974692564603,-2.4174873024736536,2.0,3
2021-03-02,PYPL,-0.06189603286345709,-2.550872967651527,2.0,3
2021-03-03,PYPL,-0.030449067267494752,-2.969710183420278,2.0,3
2021-03-04,PYPL,0.06261929200697289,4.070091892067848,2.0,3
2021-03-05,PYPL,-0.0006440155366822897,-1.5282211299781019,2.0,3
2021-03-08,PYPL,0.030632739470351066,2.2693135055929647,2.0,3
2021-03-09,PYPL,0.026253860141258578,1.1894851522709966,2.0,3
2021-03-10,PYPL,0.020155047881415516,0.572973625821973,2.0,3
2021-03-11,PYPL,0.029647607383909088,2.752132209606157,2.0,3
2021-03-12,PYPL,0.00842025503374051,1.3192262711609448,2.0,3
2021-03-15,PYPL,-0.002344502986356213,0.040565677277043966,2.0,3
2021-03-16,PYPL,0.017816061222705536,1.516795764167979,2.0,3
2021-03-17,PYPL,0.03634572755462434,2.6265139423211488,2.0,3
2021-03-18,PYPL,0.02959769373872806,1.8590600430347761,2.0,3
2021-03-19,PYPL,0.04237033445476404,2.3597511163550235,2.0,3
2021-03-22,PYPL,0.06701498462086464,3.7193251843719457,2.0,3
2021-03-23,PYPL,0.14214561486177082,4.116002975190505,2.0,3
2021-03-24,PYPL,0.11213960949165062,3.9812531448053847,2.0,3
2021-03-25,PYPL,0.11840179110618419,4.059701699740027,2.0,3
2021-03-26,PYPL,0.12633593158775253,4.264542632757414,2.0,3
2021-03-29,PYPL,0.027082904914906426,1.4771396886494457,2.0,3
2021-03-30,PYPL,0.02528844465366974,0.5929760123700858,2.0,3
2021-03-31,PYPL,0.013861168128878535,-1.0959890826673975,2.0,3
2021-04-01,PYPL,-0.03901610771461643,-2.578204819564933,2.0,3
2021-04-05,PYPL,-0.040278298063135924,-2.358714586046391,2.0,3
2021-04-06,PYPL,-0.06080816792171426,-2.259786577640947,2.0,3
2021-04-07,PYPL,-0.041770888840235776,-3.0668554010076763,2.0,3
2021-04-08,PYPL,-0.0673304907610176,-3.017365869540695,2.0,3
2021-04-09,PYPL,-0.04320974876360959,-3.0404952696265446,2.0,3
2021-04-12,PYPL,-0.04939838970507531,-3.288853458239606,2.0,3
2021-04-13,PYPL,-0.049090265400559066,-2.232076957740092,2.0,3
2021-04-14,PYPL,-0.046532243931675016,-3.136109448357128,2.0,3
2021-04-15,PYPL,-0.07173253282498164,-3.620739938181349,2.0,3
2021-04-16,PYPL,-0.04905370925646086,-1.7373038452520597,2.0,3
2021-04-19,PYPL,-0.05249150747364246,-3.06067054467281,2.0,3
2021-04-20,PYPL,-0.03366365515394671,-2.1567564861340527,2.0,3
2021-04-21,PYPL,-0.03258981743042461,-1.6625094332816877,2.0,3
2021-04-22,PYPL,-0.025623873540822215,-0.7751345244190057,2.0,3
2021-04-23,PYPL,-0.03500543970710155,-0.78800441631333,2.0,3
2021-04-26,PYPL,-0.06820744335258047,-2.2956092534382617,2.0,3
2021-04-27,PYPL,-0.06530135635049551,-2.2272637025683233,2.0,3
2021-04-28,PYPL,-0.07071662136381641,-2.9904560191097915,2.0,3
2021-04-29,PYPL,-0.05345782936571413,-3.0878372961389697,2.0,3
2021-04-30,PYPL,-0.03604258856360672,-2.5422973150692174,2.0,3
2021-05-03,PYPL,-0.035181752566870235,-3.869542034040061,2.0,3
2021-05-04,PYPL,7.944528098705083e-05,-1.0362300129903632,2.0,3
2021-05-05,PYPL,0.0022248864148988862,-1.0215263917800834,2.0,3
2021-05-06,PYPL,-0.012055741233941238,-3.5618893753559444,2.0,3
2021-05-07,PYPL,-0.01784832981556426,-4.5914783576302005,2.0,3
2021-05-10,PYPL,-0.01082035537656466,-2.9471476896308877,2.0,3
2021-05-11,PYPL,-0.016980382416746372,-2.7099477337583986,2.0,3
2021-05-12,PYPL,-0.015339515729540202,-3.2764154195415767,2.0,3
2021-05-13,PYPL,0.011940501854627614,0.3592235120137641,2.0,3
2021-05-14,PYPL,0.013813621423623244,1.0011089934332247,2.0,3
2021-05-17,PYPL,0.007519636989066498,0.2844917399806325,2.0,3
2021-05-18,PYPL,0.013296949108559462,0.8621308716732249,2.0,3
2021-05-19,PYPL,0.006149365289687618,0.3694495800342954,2.0,3
2021-05-20,PYPL,-0.002191897185150486,-0.24348998489642346,2.0,3
2021-05-21,PYPL,0.004229046889593441,0.11300523971650733,2.0,3
2021-05-24,PYPL,-0.01878303623157738,-2.4479142761744033,2.0,3
2021-05-25,PYPL,-0.019064646931158287,-2.137522032514001,2.0,3
2021-05-26,PYPL,-0.013690054884994534,-1.458638739771433,2.0,3
2021-05-27,PYPL,-0.00875997020176435,-0.8854527317384076,2.0,3
2021-05-28,PYPL,-0.016178317727884577,-0.41332429698197126,2.0,3
2021-06-01,PYPL,-0.01388252049527646,-0.3345779272412119,2.0,3
2021-06-02,PYPL,-0.04014399740462937,-1.5880163658465083,2.0,3
2021-06-03,PYPL,-0.02696086878928328,-1.4960457233159392,2.0,3
2021-06-04,PYPL,-0.0349263863468708,-1.3401993436270918,2.0,3
2021-06-07,PYPL,-0.02887725241358982,-0.9728936806215894,2.0,3
2021-06-08,PYPL,-0.03877122157549987,-1.332460794984678,2.0,3
2021-06-09,PYPL,-0.028953093083053192,-1.1115531583209333,2.0,3
2021-06-10,PYPL,-0.04854540112633245,-1.3212180746741011,2.0,3
2021-06-11,PYPL,-0.0588878504202584,-1.480958958161495,2.0,3
2021-06-14,PYPL,-0.057856459025037776,-1.6722724684577608,2.0,3
2021-06-15,PYPL,-0.06889373965374525,-2.2150998675085876,2.0,3
2021-06-16,PYPL,-0.059758295465885736,-1.8018867020242821,2.0,3
2021-06-17,PYPL,-0.08036970751322339,-3.226471962416551,2.0,3
2021-06-18,PYPL,-0.07694017407818785,-2.294542866148121,2.0,3
2021-06-21,PYPL,-0.06983592650136017,-2.472640633595608,2.0,3
2021-06-22,PYPL,-0.07755423189146222,-2.4066207163403224,2.0,3
2021-06-23,PYPL,-0.08051366468479451,-2.7856570262884595,2.0,3
2021-06-24,PYPL,-0.08047608557796501,-2.687949759429412,2.0,3
2021-06-25,PYPL,-0.06894846049225321,-2.6714507756586063,2.0,3
2021-06-28,PYPL,-0.08047608557796501,-2.2082676675113877,2.0,3
2021-06-29,PYPL,-0.07259454762106335,-1.9319405609642781,2.0,3
2021-06-30,PYPL,-0.06968912333108106,-2.2381409082629173,2.0,3
2021-01-04,ZM,-0.021795059680667077,-4.763540585897647,2.0,3
2021-01-05,ZM,-0.019573652610610337,-3.996898916145687,2.0,3
2021-01-06,ZM,-0.012442464949337168,-4.52127200286936,2.0,3
2021-01-07,ZM,-0.013594703333313477,-3.363751293388233,2.0,3
2021-01-08,ZM,-0.01778121766001113,-2.811330393171734,2.0,3
2021-01-11,ZM,-0.010624903610794016,-3.3143862123035333,2.0,3
2021-01-12,ZM,-0.010012369144352521,-2.4990695945980974,2.0,3
2021-01-13,ZM,-0.014982879378194513,-2.1541689771880956,2.0,3
2021-01-14,ZM,0.06389170603727273,3.2258026790491803,2.0,3
2021-01-15,ZM,0.04478978667152175,3.1487469340135466,2.0,3
2021-01-19,ZM,0.07999651518562405,3.8917263334566212,2.0,3
2021-01-20,ZM,0.07803246177575562,3.5226579393745556,2.0,3
2021-01-21,ZM,0.06585352991145735,3.4001981682763613,2.0,3
2021-01-22,ZM,0.036353075225316216,0.10575745487717603,2.0,3
2021-01-25,ZM,-0.0461280733972721,-3.2570930795805433,2.0,3
2021-01-26,ZM,0.05931538125976923,1.9298458804468566,2.0,3
2021-01-27,ZM,-0.06543508048563056,-2.617050565127178,2.0,3
2021-01-28,ZM,-0.06835943548067185,-2.4906274789414877,2.0,3
2021-01-29,ZM,-0.05955641628657936,-2.5574397388695362,2.0,3
2021-02-01,ZM,-0.06793503006781738,-1.7011851488788061,2.0,3
2021-02-02,ZM,-0.08422355559648274,-2.9762674445722825,2.0,3
2021-02-03,ZM,-0.0652093128005959,-2.7162970347131923,2.0,3
2021-02-04,ZM,-0.07857470092426172,-2.767926952244215,2.0,3
2021-02-05,ZM,-0.08954194444785615,-1.5475017081915794,2.0,3
2021-02-08,ZM,-0.07114589869396502,-1.6391049538396152,2.0,3
2021-02-09,ZM,-0.11662359256265217,-2.2651757033221793,2.0,3
2021-02-10,ZM,-0.08493131146548857,-2.325784055384392,2.0,3
2021-02-11,ZM,-0.0897563310372969,-3.5493876842402075,2.0,3
2021-02-12,ZM,-0.09160401505290588,-4.091019022816405,2.0,3
2021-02-16,ZM,-0.09950080616741744,-4.099292205562935,2.0,3
2021-02-17,ZM,-0.08400167410238944,-4.712125239650023,2.0,3
2021-02-18,ZM,-0.07781895324307554,-2.7778885398283233,2.0,3
2021-02-19,ZM,-0.07760333483381872,-2.46025291135229,2.0,3
2021-02-22,ZM,-0.023650465116020383,-1.7786122055599405,2.0,3
2021-02-23,ZM,0.0245132841974919,1.9817361122572559,2.0,3
2021-02-24,ZM,-0.02122153371933524,-1.4911170826469162,2.0,3
2021-02-25,ZM,0.020252928826598623,0.9559013384166506,2.0,3
2021-02-26,ZM,0.00869659731634543,-0.04245855433920387,2.0,3
2021-03-01,ZM,0.07561292911138247,4.566779996040889,2.0,3
2021-03-02,ZM,0.06981102170430088,3.4068797712220853,2.0,3
2021-03-03,ZM,0.01969142264275883,0.09754828911209867,2.0,3
2021-03-04,ZM,0.036776617575735485,0.8058573991304478,2.0,3
2021-03-05,ZM,0.007159336846229905,-0.48244757926559,2.0,3
2021-03-08,ZM,0.013352639195650483,-1.1585369217627788,2.0,3
2021-03-09,ZM,0.04146352071451497,2.3034318733096733,2.0,3
2021-03-10,ZM,-0.008695220207509237,-4.395791139984384,2.0,3
2021-03-11,ZM,-0.027320461337629734,-3.3157559853864282,2.0,3
2021-03-12,ZM,-0.020679239627314768,-3.650721696133658,2.0,3
2021-03-15,ZM,-0.03793682287205355,-4.791224785501157,2.0,3
2021-03-16,ZM,-0.012637650795622643,-2.5064070386049573,2.0,3
2021-03-17,ZM,0.007432627524243096,-1.2621773280645494,2.0,3
2021-03-18,ZM,-0.007658413215563863,-3.036189951423254,2.0,3
2021-03-19,ZM,-0.04483223361155335,-4.729717901028121,2.0,3
2021-03-22,ZM,0.014479158298202675,-1.2055247474096964,2.0,3
2021-03-23,ZM,-0.03167174332708198,-3.708260841345325,2.0,3
2021-03-24,ZM,-0.03845081597102002,-4.183628702936962,2.0,3
2021-03-25,ZM,-0.02389356721679328,-3.831551295701683,2.0,3
2021-03-26,ZM,-0.024729365054565015,-3.3486521188789444,2.0,3
2021-03-29,ZM,0.027607586709798976,0.4422661086263773,2.0,3
2021-03-30,ZM,0.03143970199954555,0.881530821691531,2.0,3
2021-03-31,ZM,0.07065932257873526,3.04948347499425,2.0,3
2021-04-01,ZM,0.06801292337962388,2.1934113867536182,2.0,3
2021-04-05,ZM,0.08178192289800167,2.285982957007923,2.0,3
2021-04-06,ZM,0.10566494964460182,3.38391821842976,2.0,3
2021-04-07,ZM,-0.02098436156324994,-3.448373773967042,2.0,3
2021-04-08,ZM,-0.040440311060552125,-3.574664026272517,2.0,3
2021-04-09,ZM,-0.025734471127689815,-3.7182276665378957,2.0,3
2021-04-12,ZM,-0.013912998529769443,-2.7789137496997585,2.0,3
2021-04-13,ZM,-0.036162516922880805,-3.403056034431132,2.0,3
2021-04-14,ZM,-0.027247769289292227,-3.2702030061105734,2.0,3
2021-04-15,ZM,-0.022987699770554967,-1.9998372600555527,2.0,3
2021-04-16,ZM,-0.06628252469419571,-4.197993097583552,2.0,3
2021-04-19,ZM,-0.025845856832109677,-2.6605888608950234,2.0,3
2021-04-20,ZM,-0.018973490112716904,-2.3917688800782892,2.0,3
2021-04-21,ZM,-0.02941563968504802,-3.442798644872959,2.0,3
2021-04-22,ZM,-0.06054991896053979,-4.976876312166577,2.0,3
2021-04-23,ZM,-0.08146474599659739,-4.539869331151883,2.0,3
2021-04-26,ZM,-0.07930753655862234,-3.8354008722800534,2.0,3
2021-04-27,ZM,-0.06728898910394371,-3.078877795537527,2.0,3
2021-04-28,ZM,-0.05628089563135699,-3.1216350598999405,2.0,3
2021-04-29,ZM,-0.034315945017983254,-2.820403842073744,2.0,3
2021-04-30,ZM,-0.025382542997566503,-2.704980456513869,2.0,3
2021-05-03,ZM,-0.0036499602247792575,-1.1681922775997773,2.0,3
2021-05-04,ZM,-0.004023553956184161,-2.907275192661208,2.0,3
2021-05-05,ZM,-0.003094602387993061,-2.595717654633856,2.0,3
2021-05-06,ZM,-0.004512391558384722,-3.0047115208612922,2.0,3
2021-05-07,ZM,0.0012769695641102483,-0.7811522946805902,2.0,3
2021-05-10,ZM,-0.006841275886562503,-2.377471085001105,2.0,3
2021-05-11,ZM,-0.01818487549714514,-3.253130361984973,2.0,3
2021-05-12,ZM,-0.00715149589758028,-2.3546009628905953,2.0,3
2021-05-13,ZM,-0.009715860867375343,-3.0884899627409403,2.0,3
2021-05-14,ZM,-0.02965743841107619,-4.127349201413638,2.0,3
2021-05-17,ZM,-0.028559746364525195,-3.558598897877817,2.0,3
2021-05-18,ZM,-0.024927386796711543,-3.5062409407434787,2.0,3
2021-05-19,ZM,-0.035322803190685995,-4.479439071186426,2.0,3
2021-05-20,ZM,-0.036710791738857274,-4.431457763733378,2.0,3
2021-05-21,ZM,-0.03254570772152797,-5.2895302241296145,2.0,3
2021-05-24,ZM,-0.0440377935134344,-5.14415128872143,2.0,3
2021-05-25,ZM,-0.0416149453929844,-4.758618165720713,2.0,3
2021-05-26,ZM,-0.04848026828986333,-4.6280219857358285,2.0,3
2021-05-27,ZM,-0.05479380601483864,-3.6854597664073174,2.0,3
2021-05-28,ZM,-0.09016350968916685,-4.0121476085124215,2.0,3
2021-06-01,ZM,-0.07560851222641694,-3.8762813985075133,2.0,3
2021-06-02,ZM,-0.08493002063166773,-3.8289320658174555,2.0,3
2021-06-03,ZM,-0.06705308417508882,-3.8684727189670842,2.0,3
2021-06-04,ZM,-0.09848926731948261,-3.5443958657665444,2.0,3
2021-06-07,ZM,-0.10134177425625115,-3.513183764406051,2.0,3
2021-06-08,ZM,-0.09635679814532815,-3.3747674780509147,2.0,3
2021-06-09,ZM,-0.08868097371682908,-3.9264328802330835,2.0,3
2021-06-10,ZM,-0.10397053415163057,-3.3678675073372073,2.0,3
2021-06-11,ZM,-0.12331025689745899,-3.0599358719844156,2.0,3
2021-06-14,ZM,-0.09987429843664689,-3.065806405447911,2.0,3
2021-06-15,ZM,-0.09406623891194513,-2.9188246683315096,2.0,3
2021-06-16,ZM,-0.10326169535470037,-3.326142982467723,2.0,3
2021-06-17,ZM,-0.06023837036402844,-1.5052387778872467,2.0,3
2021-06-18,ZM,-0.09738837127763451,-2.9956271203065694,2.0,3
2021-06-21,ZM,-0.07372996100498283,-2.193458699154047,2.0,3
2021-06-22,ZM,-0.0868211968290784,-2.204415832516199,2.0,3
2021-06-23,ZM,-0.07908406279664912,-1.9754484987895249,2.0,3
2021-06-24,ZM,-0.07851786213187444,-2.277915943357075,2.0,3
2021-06-25,ZM,-0.07135928086755695,-2.4806038332376095,2.0,3
2021-06-28,ZM,-0.10619268447063782,-2.7321386116708357,2.0,3
2021-06-29,ZM,-0.10468104663721704,-2.4203029777117964,2.0,3
2021-06-30,ZM,-0.08571379863484296,-2.0643594570991883,2.0,3
2021-07-01,AAPL,0.0037269537300809925,0.1945245408342986,0.0,4
2021-07-02,AAPL,-0.0030271096901197366,0.39689294004695386,0.0,4
2021-07-06,AAPL,-0.0030063879614997072,0.4314413913875574,0.0,4
2021-07-07,AAPL,-0.005507099111035776,0.6491860798785356,0.0,4
2021-07-08,AAPL,-0.0038773629709102646,0.5747657656933363,0.0,4
2021-07-09,AAPL,-0.006813373037901007,1.0668546265701686,0.0,4
2021-07-12,AAPL,0.00167513498903903,1.0277512238948328,0.0,4
2021-07-13,AAPL,0.003951913134892019,1.0615008499805152,0.0,4
2021-07-14,AAPL,-0.001862913631919046,1.4228425019400268,0.0,4
2021-07-15,AAPL,-0.004070778832243416,1.5790481382402595,0.0,4
2021-07-16,AAPL,0.0017271930603739273,1.6350376811582994,0.0,4
2021-07-19,AAPL,0.004662967769116228,1.5340307846559158,0.0,4
2021-07-20,AAPL,0.001214908616237724,1.7268814598612994,0.0,4
2021-07-21,AAPL,0.004462472749282489,1.3589650238361846,0.0,4
2021-07-22,AAPL,0.004519506804274869,1.3720318373211506,0.0,4
2021-07-23,AAPL,0.010007753426972797,1.2327218904075326,0.0,4
2021-07-26,AAPL,0.005650078901551403,1.2564770972305188,0.0,4
2021-07-27,AAPL,0.008188038684602663,1.0237730887146848,0.0,4
2021-07-28,AAPL,0.010728727521273915,0.49088119933959967,0.0,4
2021-07-29,AAPL,0.014453635182211919,0.5433454371635895,0.0,4
2021-07-30,AAPL,0.012339987446761994,0.7950874725460282,0.0,4
2021-08-02,AAPL,0.01137541877512302,0.5700744258542487,0.0,4
2021-08-03,AAPL,0.009519132460659208,0.41205531643715104,0.0,4
2021-08-04,AAPL,0.009157712621344596,0.10440739149273523,0.0,4
2021-08-05,AAPL,0.011123177667290575,0.024892287887388488,0.0,4
2021-08-06,AAPL,0.010650557027774205,-0.019887587987856968,0.0,4
2021-08-09,AAPL,0.010965910902339712,0.05275257213814708,0.0,4
2021-08-10,AAPL,0.012684691831689562,-0.0545271815257616,0.0,4
2021-08-11,AAPL,0.008985036945886251,-0.2432587462627306,0.0,4
2021-08-12,AAPL,0.009623936665013145,-0.17608772316280338,0.0,4
2021-08-13,AAPL,0.010096643304949523,-0.12798037972084336,0.0,4
2021-08-16,AAPL,0.00956316095527486,0.22878475882059252,0.0,4
2021-08-17,AAPL,0.015930170773516487,0.0741036449441328,0.0,4
2021-08-18,AAPL,0.01736361305689665,0.10023330057343975,0.0,4
2021-08-19,AAPL,0.017910559538668137,0.09441405485560252,0.0,4
2021-08-20,AAPL,0.017275161658438145,-0.026654291927607043,0.0,4
2021-08-23,AAPL,0.018272605381826002,-0.08148850192670273,0.0,4
2021-08-24,AAPL,0.018924690942105197,-0.0513432621659723,0.0,4
2021-08-25,AAPL,0.01666279143988296,0.12212031607561309,0.0,4
2021-08-26,AAPL,0.01775290637607805,0.046881527289512566,0.0,4
2021-08-27,AAPL,0.019352722371474205,-0.21530577406847595,0.0,4
2021-08-30,AAPL,0.01608484229830761,0.10402485836802418,0.0,4
2021-08-31,AAPL,0.022602234966991597,0.14698831366396067,0.0,4
2021-09-01,AAPL,0.030431305686715072,0.2526671416962067,0.0,4
2021-09-02,AAPL,0.026766152714319934,0.40402883866902795,0.0,4
2021-09-03,AAPL,0.0246680513922613,0.39275512509013516,0.0,4
2021-09-07,AAPL,0.02876357934969738,0.5469831998532099,0.0,4
2021-09-08,AAPL,0.021374097259633965,0.5262719056300269,0.0,4
2021-09-09,AAPL,0.0286902190474,0.4420245382943513,0.0,4
2021-09-10,AAPL,0.03478307515412743,-0.08544533607622871,0.0,4
2021-09-13,AAPL,0.030942780805324296,0.05748298868476525,0.0,4
2021-09-14,AAPL,0.02219907296959196,-0.15901827879694752,0.0,4
2021-09-15,AAPL,0.02634343366498852,-0.17802165779754617,0.0,4
2021-09-16,AAPL,0.034400364313421035,-0.06009378894771874,0.0,4
2021-09-17,AAPL,0.024964549582690447,-0.1359589403100048,0.0,4
2021-09-20,AAPL,0.01455743821983129,-0.11876377371898592,0.0,4
2021-09-21,AAPL,0.01644543615991194,0.08822939521832436,0.0,4
2021-09-22,AAPL,0.015185653872193656,0.16623843281223039,0.0,4
2021-09-23,AAPL,0.013774071615565086,0.21513951047384408,0.0,4
2021-09-24,AAPL,0.015401998368136664,0.24656255538736274,0.0,4
2021-09-27,AAPL,0.01739830108432582,0.27149827430089446,0.0,4
2021-09-28,AAPL,0.018231310289233665,0.12227918736077158,0.0,4
2021-09-29,AAPL,0.014636221879321518,0.2510873889457717,0.0,4
2021-09-30,AAPL,0.015087438542165247,-0.13627866105161143,0.0,4
2021-10-01,AAPL,0.014389659813803642,-0.4311458171712054,0.0,4
2021-10-04,AAPL,0.005024947800404367,-0.25099217202691987,0.0,4
2021-10-05,AAPL,0.007512760097420219,-0.4426027069825302,0.0,4
2021-10-06,AAPL,0.007838143652798954,-0.42963288092943575,0.0,4
2021-10-07,AAPL,0.005496412868235975,-0.3779288883581092,0.0,4
2021-10-08,AAPL,0.006590680876748869,0.2682606230993894,0.0,4
2021-10-11,AAPL,0.006934178609090767,0.31122859111296913,0.0,4
2021-10-12,AAPL,0.005473602984048597,0.6157094298182073,0.0,4
2021-10-13,AAPL,0.008483631970260601,0.13612794496691688,0.0,4
2021-10-14,AAPL,0.004310929830895007,0.05331094286716478,0.0,4
2021-10-15,AAPL,0.005974327985495566,0.3230316756793749,0.0,4
2021-10-18,AAPL,0.009030214226019807,0.32328213637378284,0.0,4
2021-10-19,AAPL,0.006679461856402091,0.511107299841782,0.0,4
2021-10-20,AAPL,0.007115613073814779,0.7175661740960392,0.0,4
2021-10-21,AAPL,0.00689063758458811,0.47284885214801187,0.0,4
2021-10-22,AAPL,0.00691888585430525,0.61633973813691,0.0,4
2021-10-25,AAPL,0.016546898662020706,0.5529317215661146,0.0,4
2021-10-26,AAPL,0.009269142503604944,0.23797597909578763,0.0,4
2021-10-27,AAPL,0.018962044664776596,0.04780277057626241,0.0,4
2021-10-28,AAPL,0.016025445550255733,0.2859105475430376,0.0,4
2021-10-29,AAPL,0.0151472799059622,0.07746075107547934,0.0,4
2021-11-01,AAPL,0.0151472799059622,0.038407757393301996,0.0,4
2021-11-02,AAPL,0.015360841843698302,-0.006891741581521742,0.0,4
2021-11-03,AAPL,0.02236551426005827,0.007837128686398128,0.0,4
2021-11-04,AAPL,0.023522954511296386,-0.13254321963590893,0.0,4
2021-11-05,AAPL,0.030352575657217856,-0.1681693538678096,0.0,4
2021-11-08,AAPL,0.030328390921568242,-0.26319817344807866,0.0,4
2021-11-09,AAPL,0.03301579708098268,-0.14012105663644978,0.0,4
2021-11-10,AAPL,0.02913950393770826,-0.09677506900329766,0.0,4
2021-11-11,AAPL,0.030829662309999933,-0.112990356888047,0.0,4
2021-11-12,AAPL,0.030465200421589733,-0.10159647954126168,0.0,4
2021-11-15,AAPL,0.023947925635875607,-0.13878026887845077,0.0,4
2021-11-16,AAPL,0.02213201706269677,-0.1707077659040781,0.0,4
2021-11-17,AAPL,0.01848689241323466,-0.1013951748712666,0.0,4
2021-11-18,AAPL,0.023121915233069765,-0.016266364391071916,0.0,4
2021-11-19,AAPL,0.027389317930154984,-0.00219637538180282,0.0,4
2021-11-22,AAPL,0.031710195290397244,0.13123562265494595,0.0,4
2021-11-23,AAPL,0.031710195290397244,0.2896779294748761,0.0,4
2021-11-24,AAPL,0.030536866964442487,0.29619777551407395,0.0,4
2021-11-26,AAPL,0.04309834462933468,0.059431256033227325,0.0,4
2021-11-29,AAPL,0.041441215387965726,0.24961052319131372,0.0,4
2021-11-30,AAPL,0.03340758854526514,0.4993246002592763,0.0,4
2021-12-01,AAPL,0.03295557627919615,0.6066249101769109,0.0,4
2021-12-02,AAPL,0.038890172695956904,0.526847752917511,0.0,4
2021-12-03,AAPL,0.0371217035930268,0.6725596801774227,0.0,4
2021-12-06,AAPL,0.03263468580686386,1.1366183693304794,0.0,4
2021-12-07,AAPL,0.010929955933403065,1.2421084503362128,0.0,4
2021-12-08,AAPL,0.0014179402213667994,1.4692162378423514,0.0,4
2021-12-09,AAPL,-0.0017554287730258498,1.594952130234075,0.0,4
2021-12-10,AAPL,-0.030580777325965935,1.7792898729560735,0.0,4
2021-12-13,AAPL,-0.004397234078892472,1.541163475018893,0.0,4
2021-12-14,AAPL,0.002381059891915624,1.456924016473643,0.0,4
2021-12-15,AAPL,-0.0017929163826717967,1.3239982115835858,0.0,4
2021-12-16,AAPL,-0.0023250786285386386,1.0207728914507022,0.0,4
2021-12-17,AAPL,-0.008953777799900992,1.0914147144773816,0.0,4
2021-12-20,AAPL,-0.008163434949873653,0.8192249560575178,0.0,4
2021-12-21,AAPL,0.0006288179692421224,0.942987987544718,0.0,4
2021-12-22,AAPL,-0.004829030801180477,0.9736917196264598,0.0,4
2021-12-23,AAPL,-0.004470661075127543,1.0296567359020627,0.0,4
2021-12-27,AAPL,-0.01439848492763481,1.4824607291268574,0.0,4
2021-12-28,AAPL,-0.008267886372055923,1.3316182195704944,0.0,4
2021-12-29,AAPL,-0.017849562526285282,1.0568489662241252,0.0,4
2021-12-30,AAPL,-0.0031781087153021897,1.069408042566063,0.0,4
2021-12-31,AAPL,-0.007822088840791575,1.1470614934924999,0.0,4
2021-07-01,AMZN,0.01929771452532671,-0.26834258463790434,0.0,4
2021-07-02,AMZN,0.0028239124151228667,0.11873036717239152,0.0,4
2021-07-06,AMZN,-0.006761055632726342,0.7366195747621864,0.0,4
2021-07-07,AMZN,0.00031730324356349664,0.5248150469925976,0.0,4
2021-07-08,AMZN,0.001757628374497818,0.7243136102128515,0.0,4
2021-07-09,AMZN,0.0008235423537391747,0.4788649300816078,0.0,4
2021-07-12,AMZN,-0.0017711826385539016,0.6470470488252004,0.0,4
2021-07-13,AMZN,0.01218927218113659,0.48764359186691175,0.0,4
2021-07-14,AMZN,0.013852125613248955,0.36887580964094124,0.0,4
2021-07-15,AMZN,0.029399565119130246,0.14760080867876624,0.0,4
2021-07-16,AMZN,0.03145049375099951,-0.04984632974272859,0.0,4
2021-07-19,AMZN,0.0293070300302583,-0.16198939491075592,0.0,4
2021-07-20,AMZN,0.023533769405972252,0.040708009103529896,0.0,4
2021-07-21,AMZN,0.024368994036210637,-0.1931344163625318,0.0,4
2021-07-22,AMZN,0.01625908210471556,-0.1027096831146438,0.0,4
2021-07-23,AMZN,0.01495133137922414,0.2998532575206848,0.0,4
2021-07-26,AMZN,-0.0011332808628021333,0.6219931443806689,0.0,4
2021-07-27,AMZN,0.0046278822877173975,0.45730714728266714,0.0,4
2021-07-28,AMZN,0.002899348259965195,0.3342015097363169,0.0,4
2021-07-29,AMZN,0.00997009212796242,0.24743205187789824,0.0,4
2021-07-30,AMZN,0.014284360060212145,-0.7410399154927914,0.0,4
2021-08-02,AMZN,0.020596111086262574,-0.8335225456391706,0.0,4
2021-08-03,AMZN,0.024581629681894326,-1.032661198676162,0.0,4
2021-08-04,AMZN,0.025678721440985326,-1.3389085707066606,0.0,4
2021-08-05,AMZN,0.009453639348577559,-1.6094099937544548,0.0,4
2021-08-06,AMZN,0.011853018566615196,-1.4682696254669103,0.0,4
2021-08-09,AMZN,0.015939110587174007,-1.3324529342918412,0.0,4
2021-08-10,AMZN,0.017680269146589097,-1.0579682201151788,0.0,4
2021-08-11,AMZN,0.019593080744526325,-1.2951170360197362,0.0,4
2021-08-12,AMZN,0.015864420812334266,-1.291999184933664,0.0,4
2021-08-13,AMZN,0.014019387949371062,-1.1849489362754395,0.0,4
2021-08-16,AMZN,0.012203539615116242,-1.1939092624570717,0.0,4
2021-08-17,AMZN,0.014306585167133078,-1.1115910999099103,0.0,4
2021-08-18,AMZN,0.014019387949371062,-1.0540251403831036,0.0,4
2021-08-19,AMZN,0.024911277102475978,-1.1821282407823033,0.0,4
2021-08-20,AMZN,0.02315647957189141,-1.3224796131721928,0.0,4
2021-08-23,AMZN,-0.010013628301782323,-1.2167542049076412,0.0,4
2021-08-24,AMZN,-0.015074070856578727,-1.2637485086568527,0.0,4
2021-08-25,AMZN,-0.022347950173598172,-1.2590420633442854,0.0,4
2021-08-26,AMZN,-0.026915185837040913,-1.126901289442178,0.0,4
2021-08-27,AMZN,-0.017131650598970826,-0.4080462477392273,0.0,4
2021-08-30,AMZN,-0.02091660950874124,-0.3284615641822448,0.0,4
2021-08-31,AMZN,-0.018961417153546527,0.13872191218822266,0.0,4
2021-09-01,AMZN,-0.006290563094457734,0.23158152345369104,0.0,4
2021-09-02,AMZN,-0.0063856166336379505,0.2029588072113974,0.0,4
2021-09-03,AMZN,-0.009282926565954006,0.2259456370055083,0.0,4
2021-09-07,AMZN,-0.00764275994384368,0.31196593013149443,0.0,4
2021-09-08,AMZN,0.0010332318673221485,0.4883220893237059,0.0,4
2021-09-09,AMZN,0.0011557769323940668,0.46662179648592383,0.0,4
2021-09-10,AMZN,0.007606700322546254,0.5351969154246906,0.0,4
2021-09-13,AMZN,0.012357458216250498,0.6213671226504159,0.0,4
2021-09-14,AMZN,0.02645177688938464,0.5885557680063078,0.0,4
2021-09-15,AMZN,0.022622983563570204,0.5982610442722627,0.0,4
2021-09-16,AMZN,0.00998739178486778,0.6410149538176034,0.0,4
2021-09-17,AMZN,0.00819301073847678,1.0118402368714379,0.0,4
2021-09-20,AMZN,0.011137286267909578,1.1513941925529105,0.0,4
2021-09-21,AMZN,0.015380285805693707,1.1054518260908326,0.0,4
2021-09-22,AMZN,0.012116653523352549,0.9141959024594659,0.0,4
2021-09-23,AMZN,0.014053709258797974,0.9125362731704952,0.0,4
2021-09-24,AMZN,0.007434553591086118,0.7554473494088845,0.0,4
2021-09-27,AMZN,0.007362935289075241,0.8633619722688441,0.0,4
2021-09-28,AMZN,0.007003373419824406,0.7412405908481141,0.0,4
2021-09-29,AMZN,0.013940902260420574,0.595866885898722,0.0,4
2021-09-30,AMZN,0.013940902260420574,0.4763857751616396,0.0,4
2021-10-01,AMZN,0.014427980920726937,0.24851719771880984,0.0,4
2021-10-04,AMZN,0.015820914753506846,0.11817092444350234,0.0,4
2021-10-05,AMZN,0.014140783702964921,-0.050521345700386966,0.0,4
2021-10-06,AMZN,0.014140783702964921,-0.1970064652409589,0.0,4
2021-10-07,AMZN,0.0020154694944810206,0.032160993182835544,0.0,4
2021-10-08,AMZN,0.00037737477853995156,0.03878709056620201,0.0,4
2021-10-11,AMZN,0.00022812101120676015,-0.13528493509473108,0.0,4
2021-10-12,AMZN,-0.00466791628867004,0.018281113761843056,0.0,4
2021-10-13,AMZN,-0.0019493982319309273,0.10270952707975603,0.0,4
2021-10-14,AMZN,-0.005625319518874269,-0.9488976618187518,0.0,4
2021-10-15,AMZN,-0.016813501112991253,0.0831080704528115,0.0,4
2021-10-18,AMZN,-0.01955755117378055,0.3738049390109536,0.0,4
2021-10-19,AMZN,-0.01938289312518558,0.274700095524404,0.0,4
2021-10-20,AMZN,-0.017035988541136513,0.249676563029917,0.0,4
2021-10-21,AMZN,-0.018577075750798262,0.22539373068794882,0.0,4
2021-10-22,AMZN,-0.0069290792076466,-0.05764391958744019,0.0,4
2021-10-25,AMZN,-0.005589453574078329,-0.2604674527295285,0.0,4
2021-10-26,AMZN,-0.007290428599246343,-0.14844693842651713,0.0,4
2021-10-27,AMZN,-0.0038924621118098714,-0.09984705794954252,0.0,4
2021-10-28,AMZN,-0.004944560749197122,-0.005061736833712053,0.0,4
2021-10-29,AMZN,-0.014912508158890263,-0.13402721678089521,0.0,4
2021-11-01,AMZN,-0.012025791290619117,-0.21425516295210115,0.0,4
2021-11-02,AMZN,-0.005837186876983967,-0.29687420959753996,0.0,4
2021-11-03,AMZN,-0.008979643104978497,-0.2400464526888365,0.0,4
2021-11-04,AMZN,-0.012551482003160981,-0.13691738508732126,0.0,4
2021-11-05,AMZN,-0.0032538877381093323,-0.10477743194221653,0.0,4
2021-11-08,AMZN,0.003134699206679411,-0.14452173521313175,0.0,4
2021-11-09,AMZN,-0.009805884914102633,0.048577192838152636,0.0,4
2021-11-10,AMZN,0.014133681296773457,-0.04403798389153276,0.0,4
2021-11-11,AMZN,0.00948709884699972,0.009750845472216104,0.0,4
2021-11-12,AMZN,0.014756381228114544,-0.11884765932648195,0.0,4
2021-11-15,AMZN,0.013363946365097506,-0.11622125781232193,0.0,4
2021-11-16,AMZN,0.01458331093951649,-0.0992471560332667,0.0,4
2021-11-17,AMZN,0.01652725903973632,-0.04074066715788591,0.0,4
2021-11-18,AMZN,0.006924307385623569,0.09016986269385542,0.0,4
2021-11-19,AMZN,0.00873693991293073,0.11327029035290218,0.0,4
2021-11-22,AMZN,0.031546079084056676,0.08069415657826152,0.0,4
2021-11-23,AMZN,0.021776547638599136,0.16313562417826571,0.0,4
2021-11-24,AMZN,0.020232631689670495,0.10255580851276766,0.0,4
2021-11-26,AMZN,0.034626962828406445,-0.01552585966376024,0.0,4
2021-11-29,AMZN,0.024862511424455305,0.15755632440349374,0.0,4
2021-11-30,AMZN,0.027144444769425718,0.18399687117330132,0.0,4
2021-12-01,AMZN,0.03291615331681659,0.24999719833925588,0.0,4
2021-12-02,AMZN,0.03291615331681659,0.13420278928332827,0.0,4
2021-12-03,AMZN,0.025228340629657786,0.06916632034771558,0.0,4
2021-12-06,AMZN,0.022490365646215756,0.15888626004785622,0.0,4
2021-12-07,AMZN,0.02571531428191821,0.2244610924794027,0.0,4
2021-12-08,AMZN,0.026983517555503114,-0.12511026115993723,0.0,4
2021-12-09,AMZN,0.032815292458215,0.023272796620737196,0.0,4
2021-12-10,AMZN,0.03322577003559076,-0.04983969525296777,0.0,4
2021-12-13,AMZN,0.02775930852631512,-0.10022509100302669,0.0,4
2021-12-14,AMZN,0.031142041015535103,-0.08125289795856806,0.0,4
2021-12-15,AMZN,0.02933031658580003,-0.08030060381089148,0.0,4
2021-12-16,AMZN,0.02756619900181917,-0.18513783051156604,0.0,4
2021-12-17,AMZN,0.022076177260984403,-0.3810912948053048,0.0,4
2021-12-20,AMZN,0.023892025595239223,-0.4079370858783915,0.0,4
2021-12-21,AMZN,0.017928801607646965,-0.3406506716020134,0.0,4
2021-12-22,AMZN,0.0161604210831233,-0.7493982448086801,0.0,4
2021-12-23,AMZN,0.015204783587196399,-0.6646280323712533,0.0,4
2021-12-27,AMZN,0.007686989504826198,-0.6526360647818362,0.0,4
2021-12-28,AMZN,0.0064528302669727,-0.4737341126281201,0.0,4
2021-12-29,AMZN,-0.003442966512666356,-0.5367888710273316,0.0,4
2021-12-30,AMZN,-0.005115554095044895,-0.8929930169256463,0.0,4
2021-12-31,AMZN,-0.004804553747581543,-0.7119697218389114,0.0,4
2021-07-01,GOOGL,0.017383053256774625,-0.7320030338924227,0.0,4
2021-07-02,GOOGL,0.014460040437420826,-0.6874826452879588,0.0,4
2021-07-06,GOOGL,0.014625507414656411,-0.676030289663127,0.0,4
2021-07-07,GOOGL,0.012943188007057299,-0.6575414097991468,0.0,4
2021-07-08,GOOGL,0.015988159701921526,-0.6796908191110701,0.0,4
2021-07-09,GOOGL,0.013948497716396419,-0.6807442944139983,0.0,4
2021-07-12,GOOGL,0.014862653867182487,-0.4189409928397846,0.0,4
2021-07-13,GOOGL,0.015528069163914191,-0.4231222889903967,0.0,4
2021-07-14,GOOGL,0.013163270944475723,-0.17461409667872269,0.0,4
2021-07-15,GOOGL,0.015944674285244827,-0.06683502704569923,0.0,4
2021-07-16,GOOGL,0.012206222248407598,0.3148644744104629,0.0,4
2021-07-19,GOOGL,0.017180665017197817,0.2787720005095832,0.0,4
2021-07-20,GOOGL,0.0155149278565666,0.07859481061784138,0.0,4
2021-07-21,GOOGL,0.014945460187135558,0.3013328215714659,0.0,4
2021-07-22,GOOGL,0.009970094293204864,0.22439639109598336,0.0,4
2021-07-23,GOOGL,0.004695233665182862,0.7482532121909835,0.0,4
2021-07-26,GOOGL,0.006535908796567444,0.7499999161324694,0.0,4
2021-07-27,GOOGL,0.006571855520987169,0.8262530581076005,0.0,4
2021-07-28,GOOGL,-0.0011067206442999834,1.2228386243386218,0.0,4
2021-07-29,GOOGL,-0.003579313597628701,1.3949127314424241,0.0,4
2021-07-30,GOOGL,-3.42347489424706e-05,1.4164588271639742,0.0,4
2021-08-02,GOOGL,0.002540221282625241,1.140045204843005,0.0,4
2021-08-03,GOOGL,0.0017381337860904059,0.853381436523622,0.0,4
2021-08-04,GOOGL,0.004547102015938792,0.7925761076588522,0.0,4
2021-08-05,GOOGL,0.001967116945515547,0.8688552212260326,0.0,4
2021-08-06,GOOGL,0.0008806605696219522,0.9452851487897074,0.0,4
2021-08-09,GOOGL,0.0012173929142190755,0.8529080268684222,0.0,4
2021-08-10,GOOGL,0.0021036555497556827,0.6923974730922128,0.0,4
2021-08-11,GOOGL,0.0020303653388240215,0.784963968369087,0.0,4
2021-08-12,GOOGL,0.0024090486507069675,0.7208231406446758,0.0,4
2021-08-13,GOOGL,0.0018718650847786842,0.5675908806615149,0.0,4
2021-08-16,GOOGL,0.0014737785241671576,0.7395884833126395,0.0,4
2021-08-17,GOOGL,0.002909116976107231,0.5958502832332988,0.0,4
2021-08-18,GOOGL,0.01231083236814474,0.6394996509199884,0.0,4
2021-08-19,GOOGL,0.012596841368025902,0.6651802795233167,0.0,4
2021-08-20,GOOGL,0.010910275830760222,0.3308675340130875,0.0,4
2021-08-23,GOOGL,0.008504491767721707,0.2718222509551563,0.0,4
2021-08-24,GOOGL,0.008115600688107736,0.5033151149643825,0.0,4
2021-08-25,GOOGL,0.004956303980958171,0.3497777720776213,0.0,4
2021-08-26,GOOGL,0.005354106477845898,0.3878980802623686,0.0,4
2021-08-27,GOOGL,0.006596788111319694,0.46831244931733995,0.0,4
2021-08-30,GOOGL,0.007810207587156451,0.40127791313192357,0.0,4
2021-08-31,GOOGL,0.009879959275731334,0.49999859583662853,0.0,4
2021-09-01,GOOGL,0.02269908490426451,0.5698970243641642,0.0,4
2021-09-02,GOOGL,0.017381622974354208,0.45544308495597896,0.0,4
2021-09-03,GOOGL,0.018111013539757387,0.42506917064399513,0.0,4
2021-09-07,GOOGL,0.010347116611810524,0.35082745502512397,0.0,4
2021-09-08,GOOGL,0.010937781204857293,0.36973349848880455,0.0,4
2021-09-09,GOOGL,0.009771842662347601,0.4060342200907314,0.0,4
2021-09-10,GOOGL,0.010948235947909368,0.2436074610323498,0.0,4
2021-09-13,GOOGL,0.01118228754392512,0.426128294006974,0.0,4
2021-09-14,GOOGL,0.011777504799117827,0.4159219485564249,0.0,4
2021-09-15,GOOGL,0.010846073702885371,0.44966308374877073,0.0,4
2021-09-16,GOOGL,0.011915519509068953,0.3587894146776886,0.0,4
2021-09-17,GOOGL,0.010137697711306251,0.3976267946368766,0.0,4
2021-09-20,GOOGL,0.00511190669891077,0.557986273734038,0.0,4
2021-09-21,GOOGL,0.0022686862892243743,0.6257320454950736,0.0,4
2021-09-22,GOOGL,0.0036323895231089405,0.45300113695292965,0.0,4
2021-09-23,GOOGL,0.006305689478879594,0.27979550553240834,0.0,4
2021-09-24,GOOGL,0.010836422899755017,0.37884485010301017,0.0,4
2021-09-27,GOOGL,0.0076461705451782835,0.29264593587114723,0.0,4
2021-09-28,GOOGL,0.006170465517083873,0.3067768046471181,0.0,4
2021-09-29,GOOGL,0.002184278115544975,-0.15403043542713646,0.0,4
2021-09-30,GOOGL,0.0007460955804430593,-0.40729568514524095,0.0,4
2021-10-01,GOOGL,0.0029066867913332857,0.4169037572045103,0.0,4
2021-10-04,GOOGL,0.00023040007068863335,0.4245940526550583,0.0,4
2021-10-05,GOOGL,0.001286163825718159,0.5148166227193285,0.0,4
2021-10-06,GOOGL,0.002120558322714962,0.5664821241974571,0.0,4
2021-10-07,GOOGL,4.848027010545094e-05,0.5408362870209489,0.0,4
2021-10-08,GOOGL,0.005429681552284091,0.9389764187902541,0.0,4
2021-10-11,GOOGL,0.0025263334195802394,0.901397322066589,0.0,4
2021-10-12,GOOGL,0.0021746647114379582,0.6945844109991451,0.0,4
2021-10-13,GOOGL,0.008460370946331426,0.5220224471804201,0.0,4
2021-10-14,GOOGL,0.0020068442587290467,0.8811117888069885,0.0,4
2021-10-15,GOOGL,0.006866742129618864,0.7416892246703045,0.0,4
2021-10-18,GOOGL,0.007582726474729905,0.4316634972696199,0.0,4
2021-10-19,GOOGL,0.00420508710997392,0.2805071989844998,0.0,4
2021-10-20,GOOGL,0.011548090706323556,0.25798695338203437,0.0,4
2021-10-21,GOOGL,0.008442024848023637,0.20912419734067927,0.0,4
2021-10-22,GOOGL,0.010333193517580313,-0.17061698184309246,0.0,4
2021-10-25,GOOGL,0.012722722667254754,-0.27093804046137093,0.0,4
2021-10-26,GOOGL,0.009918158207296105,-0.06363151348344637,0.0,4
2021-10-27,GOOGL,0.006622923693697799,0.5187867211671129,0.0,4
2021-10-28,GOOGL,0.01358603485482752,0.41436592185141036,0.0,4
2021-10-29,GOOGL,0.003433402687157037,0.3917161296902528,0.0,4
2021-11-01,GOOGL,0.006233693205853827,0.06359439781245307,0.0,4
2021-11-02,GOOGL,0.003934145832937394,0.04359299059977868,0.0,4
2021-11-03,GOOGL,0.007903153276343548,-0.001993738534112196,0.0,4
2021-11-04,GOOGL,0.0073254251948534155,-0.057625671638384564,0.0,4
2021-11-05,GOOGL,0.018478877119149542,-0.13813725027089807,0.0,4
2021-11-08,GOOGL,0.021144630461095347,-0.1560762748070987,0.0,4
2021-11-09,GOOGL,0.025190200658218025,-0.006340511860595682,0.0,4
2021-11-10,GOOGL,0.020976152375124426,-0.04289361689152626,0.0,4
2021-11-11,GOOGL,0.02403714521311748,-0.09858621479707763,0.0,4
2021-11-12,GOOGL,0.030118489031761134,-0.017469742373386547,0.0,4
2021-11-15,GOOGL,0.0299539453800153,-0.04839441358162648,0.0,4
2021-11-16,GOOGL,0.026869980063104742,-0.07217796938247309,0.0,4
2021-11-17,GOOGL,0.019957753041343746,-0.007999839475646543,0.0,4
2021-11-18,GOOGL,0.0209768255379357,-0.025677990173274167,0.0,4
2021-11-19,GOOGL,0.0279834856790943,0.004647248369746532,0.0,4
2021-11-22,GOOGL,0.026613735124018306,0.015320702269144108,0.0,4
2021-11-23,GOOGL,0.0245845401125633,0.08337514929211409,0.0,4
2021-11-24,GOOGL,0.022157026957600235,-0.2154559467130727,0.0,4
2021-11-26,GOOGL,0.02182713874269144,-0.26785190308278845,0.0,4
2021-11-29,GOOGL,0.02149028596052699,-0.2858809796422033,0.0,4
2021-11-30,GOOGL,0.021139107806765412,-0.21096167119190679,0.0,4
2021-12-01,GOOGL,0.0222325780667497,-0.16137852570401737,0.0,4
2021-12-02,GOOGL,0.023612226833657175,-0.10409274400740486,0.0,4
2021-12-03,GOOGL,0.023272113569474468,-0.035838391683873275,0.0,4
2021-12-06,GOOGL,0.02081849577965458,0.05821077505567002,0.0,4
2021-12-07,GOOGL,0.018198418352767854,0.05234697140765541,0.0,4
2021-12-08,GOOGL,0.01992184774215387,-0.03509515217040525,0.0,4
2021-12-09,GOOGL,0.02638807639539454,0.12444024637999988,0.0,4
2021-12-10,GOOGL,0.024797981462279867,0.1438007219710508,0.0,4
2021-12-13,GOOGL,0.02308301560840054,0.04679462797051155,0.0,4
2021-12-14,GOOGL,0.023391524678745036,0.03384654984766782,0.0,4
2021-12-15,GOOGL,0.028900237726369953,-0.0041080869562992095,0.0,4
2021-12-16,GOOGL,0.023875714411529525,-0.015411998291528548,0.0,4
2021-12-17,GOOGL,0.01264655602900372,-0.14900631337305523,0.0,4
2021-12-20,GOOGL,0.013612379068363744,-0.06094700713326242,0.0,4
2021-12-21,GOOGL,0.01471537425811976,-0.056523308418626905,0.0,4
2021-12-22,GOOGL,0.01672560140675804,-0.11503002791338889,0.0,4
2021-12-23,GOOGL,0.015305193265623867,-0.029192156806374745,0.0,4
2021-12-27,GOOGL,0.018396173059533043,0.19307449519709796,0.0,4
2021-12-28,GOOGL,0.01925548108772838,0.08404961554872535,0.0,4
2021-12-29,GOOGL,0.016954229346520855,0.37242210782534224,0.0,4
2021-12-30,GOOGL,0.017993880133215623,0.20421910070968222,0.0,4
2021-12-31,GOOGL,0.01261321058435325,-0.009956886587581308,0.0,4
2021-07-01,INTC,0.0033766257062422633,-1.3758909869399705,0.0,4
2021-07-02,INTC,0.0023638335163096713,-1.6403936001584773,0.0,4
2021-07-06,INTC,0.006305494678558971,-1.6495534320567697,0.0,4
2021-07-07,INTC,0.006305494678558971,-1.7643315657429213,0.0,4
2021-07-08,INTC,0.0026754560297109894,-1.6312127981395939,0.0,4
2021-07-09,INTC,0.0044382081506071066,-1.4850852127445062,0.0,4
2021-07-12,INTC,0.004364522043741713,-1.4567648324708804,0.0,4
2021-07-13,INTC,0.004648184686869491,-1.6441091349745032,0.0,4
2021-07-14,INTC,0.0047047960996727724,-1.554531163836646,0.0,4
2021-07-15,INTC,0.005097834396197086,-1.473205593237071,0.0,4
2021-07-16,INTC,0.004474809995597714,-1.2724247793754546,0.0,4
2021-07-19,INTC,0.005715761049186898,-0.9989277254892357,0.0,4
2021-07-20,INTC,0.002663471140508815,-1.0598155138869565,0.0,4
2021-07-21,INTC,0.012790731994323718,-0.5982686019908179,0.0,4
2021-07-22,INTC,0.0066739638482293485,-0.7362432324360829,0.0,4
2021-07-23,INTC,-0.0005343276529780039,-1.7086507753098223,0.0,4
2021-07-26,INTC,0.000610753449979094,-1.7149222768260841,0.0,4
2021-07-27,INTC,-0.0020986993544368625,-1.5554942566783312,0.0,4
2021-07-28,INTC,-0.002906276700878088,-1.402809172738659,0.0,4
2021-07-29,INTC,-0.0030900327989778456,-1.3233570494959552,0.0,4
2021-07-30,INTC,-0.012349351689601796,-0.9088462021173209,0.0,4
2021-08-02,INTC,-0.009095903513131826,-0.8820056035512932,0.0,4
2021-08-03,INTC,-0.005279712794282197,-0.4632123226381472,0.0,4
2021-08-04,INTC,-0.0048046739095769665,-0.601392699919697,0.0,4
2021-08-05,INTC,-0.0022042813942706116,-0.6108563196668426,0.0,4
2021-08-06,INTC,-0.002323059365240624,-0.5410755602520056,0.0,4
2021-08-09,INTC,0.0013445028342962129,-0.5992019430156008,0.0,4
2021-08-10,INTC,-0.0009278919159192902,-0.5304220030736391,0.0,4
2021-08-11,INTC,-0.0010860255457527013,-0.4319968939193764,0.0,4
2021-08-12,INTC,0.0020543456083428886,-0.6330744844720422,0.0,4
2021-08-13,INTC,-2.273691942501493e-05,-0.564972158536855,0.0,4
2021-08-16,INTC,0.005124482315596226,-0.5999678208325236,0.0,4
2021-08-17,INTC,0.004732074204337843,-0.5985738817220825,0.0,4
2021-08-18,INTC,-0.0015131670917116432,-0.6404087475541266,0.0,4
2021-08-19,INTC,-0.002524608996340633,-0.49606245289797496,0.0,4
2021-08-20,INTC,0.003845484584200725,-0.1449085029958235,0.0,4
2021-08-23,INTC,0.004777493989480878,-0.2638150622673075,0.0,4
2021-08-24,INTC,-1.7376622248387846e-06,-0.07932115657769626,0.0,4
2021-08-25,INTC,0.0040987628031782216,0.07078381535559976,0.0,4
2021-08-26,INTC,0.002248016629954563,-0.18866002964641782,0.0,4
2021-08-27,INTC,0.004040181820165911,-0.36496080369826206,0.0,4
2021-08-30,INTC,0.004650086840170063,-0.5816857668215089,0.0,4
2021-08-31,INTC,0.005355321730016557,-0.10915332011145257,0.0,4
2021-09-01,INTC,-0.002668513392948911,-0.0817171620052011,0.0,4
2021-09-02,INTC,-0.00859072842224672,-0.07836664283498915,0.0,4
2021-09-03,INTC,-0.005438327942224171,-0.26690968932697984,0.0,4
2021-09-07,INTC,-0.0046589208099624265,-0.2896681110550167,0.0,4
2021-09-08,INTC,0.0047206177572535184,-0.22708625134273544,0.0,4
2021-09-09,INTC,0.0020042362117228935,-0.39747491784120614,0.0,4
2021-09-10,INTC,-0.0003547013476754917,-0.02206593048265825,0.0,4
2021-09-13,INTC,0.0030060543146830155,0.36076961082222464,0.0,4
2021-09-14,INTC,0.0038845662928661357,0.2908121239459125,0.0,4
2021-09-15,INTC,0.0037297091742691793,0.3454228860900325,0.0,4
2021-09-16,INTC,0.005070067451116653,0.26601991490594523,0.0,4
2021-09-17,INTC,0.006569657424122045,0.35923114640600046,0.0,4
2021-09-20,INTC,0.00442528821071182,0.6978788280384295,0.0,4
2021-09-21,INTC,0.0030826290581802357,0.6325116824400665,0.0,4
2021-09-22,INTC,0.012284813526737581,0.4712339226405093,0.0,4
2021-09-23,INTC,0.0110464341486184,0.4348033103653662,0.0,4
2021-09-24,INTC,0.005936734514163468,0.584423015233449,0.0,4
2021-09-27,INTC,0.006909522245523644,0.8252331477858973,0.0,4
2021-09-28,INTC,0.005498279166819837,1.2086740626775798,0.0,4
2021-09-29,INTC,0.0033054425156557707,1.8679652438610361,0.0,4
2021-09-30,INTC,0.005918400342085764,2.2832110681535407,0.0,4
2021-10-01,INTC,0.0025800634186394313,2.1280880115130953,0.0,4
2021-10-04,INTC,0.0030826290581802357,2.0912674714529116,0.0,4
2021-10-05,INTC,-0.0028377015975337323,1.940153942906821,0.0,4
2021-10-06,INTC,-0.0008258688154108167,1.762335686221028,0.0,4
2021-10-07,INTC,0.004034682821353789,1.5695423163801734,0.0,4
2021-10-08,INTC,0.0037405269991248537,1.0849613108939271,0.0,4
2021-10-11,INTC,0.003552149270103711,0.7845087817340883,0.0,4
2021-10-12,INTC,0.0014008897698860776,0.6801311646424364,0.0,4
2021-10-13,INTC,0.003481194058629396,0.2778821773144763,0.0,4
2021-10-14,INTC,0.006578587616375889,0.8891113644350414,0.0,4
2021-10-15,INTC,0.0037067025568099177,0.7299269627969595,0.0,4
2021-10-18,INTC,0.004807353605120924,0.40097217012893915,0.0,4
2021-10-19,INTC,-0.0013801227957191296,0.7475248484076572,0.0,4
2021-10-20,INTC,-0.003526237749567747,1.1333893497943293,0.0,4
2021-10-21,INTC,0.003969443935299437,0.837857418863002,0.0,4
2021-10-22,INTC,-0.03678988332702108,-1.1400053606805016,0.0,4
2021-10-25,INTC,-0.04226477099189489,-1.4736917615902962,0.0,4
2021-10-26,INTC,-0.03041939136477194,-1.5546882589606597,0.0,4
2021-10-27,INTC,-0.02863773636953338,-1.450572144176524,0.0,4
2021-10-28,INTC,-0.027139782208813728,-1.474528153850069,0.0,4
2021-10-29,INTC,-0.039563806600309094,-1.215191091506656,0.0,4
2021-11-01,INTC,-0.039388725952938575,-1.1596702870054871,0.0,4
2021-11-02,INTC,-0.03017717894651587,-1.1695348826965484,0.0,4
2021-11-03,INTC,-0.030744019103282068,-1.1150966808655134,0.0,4
2021-11-04,INTC,-0.030004722890894224,-0.9098545410916528,0.0,4
2021-11-05,INTC,-0.03313322715517668,-0.8578942909779497,0.0,4
2021-11-08,INTC,-0.032069658180507866,-0.7646425951195149,0.0,4
2021-11-09,INTC,-0.030428042480796842,-0.578703315768642,0.0,4
2021-11-10,INTC,-0.027098181179585103,-0.5289068199319087,0.0,4
2021-11-11,INTC,-0.011748725427570848,-0.5884231316919,0.0,4
2021-11-12,INTC,-0.012204398789597766,-0.7155282820545694,0.0,4
2021-11-15,INTC,-0.012262933978497979,-0.7214860616954356,0.0,4
2021-11-16,INTC,-0.014133693031382793,-0.7519319941403136,0.0,4
2021-11-17,INTC,-0.006804304448696043,-0.8538770046406483,0.0,4
2021-11-18,INTC,-0.008362341026670436,-0.9707567051803387,0.0,4
2021-11-19,INTC,-0.0016466739918225574,-0.40643918814507535,0.0,4
2021-11-22,INTC,-0.0018898379445557595,-0.2619835905172714,0.0,4
2021-11-23,INTC,-0.007956149439430878,-0.04478945651991709,0.0,4
2021-11-24,INTC,-0.003868159258461662,0.050824234484624566,0.0,4
2021-11-26,INTC,-0.002206051599981884,0.013272660220307084,0.0,4
2021-11-29,INTC,-0.008761459487305487,-0.01587364697255655,0.0,4
2021-11-30,INTC,-0.007314646961150666,-0.14722854629945842,0.0,4
2021-12-01,INTC,-0.008492291961279295,-0.09268828214537776,0.0,4
2021-12-02,INTC,-0.0030125793690213704,-0.02213228459479149,0.0,4
2021-12-03,INTC,-0.007293362600490603,0.09369323748167843,0.0,4
2021-12-06,INTC,-0.008905493383029105,0.38439525583102563,0.0,4
2021-12-07,INTC,-0.0056385133872218305,0.30357179741729695,0.0,4
2021-12-08,INTC,-0.0050373095196403,0.1069293723383685,0.0,4
2021-12-09,INTC,-0.00503988136940502,-0.02841271433390203,0.0,4
2021-12-10,INTC,-0.007681343559797679,0.02710093765584712,0.0,4
2021-12-13,INTC,-0.0019616606090175964,0.14871528923487878,0.0,4
2021-12-14,INTC,-0.001307716839882341,0.16887189324645982,0.0,4
2021-12-15,INTC,0.0006924725660580709,0.06926120330690962,0.0,4
2021-12-16,INTC,-0.0059635191678345245,0.240955739383487,0.0,4
2021-12-17,INTC,-0.005058324865041869,0.5068056661920959,0.0,4
2021-12-20,INTC,-0.002887202223457651,0.35878585442512423,0.0,4
2021-12-21,INTC,-0.004841805444754434,0.3510976392324578,0.0,4
2021-12-22,INTC,-0.009800571498405108,0.32326873020028746,0.0,4
2021-12-23,INTC,-0.01106360655372344,0.2982529735756342,0.0,4
2021-12-27,INTC,-0.013042956923474373,0.4812537361341854,0.0,4
2021-12-28,INTC,-0.011473815156994615,0.39053014876546516,0.0,4
2021-12-29,INTC,-0.012372907537201203,0.6364844738398354,0.0,4
2021-12-30,INTC,-0.00478086214936073,0.7445374727121445,0.0,4
2021-12-31,INTC,-0.004138759858866835,0.43262351514754016,0.0,4
2021-07-01,MSFT,0.006462921707721275,0.11588261123296695,0.0,4
2021-07-02,MSFT,0.0015412862737542792,0.31928728368964476,0.0,4
2021-07-06,MSFT,0.027487934565067648,-0.055659913345402774,0.0,4
2021-07-07,MSFT,0.027487934565067648,0.15782355302747753,0.0,4
2021-07-08,MSFT,0.03187209368577736,0.10856130274554601,0.0,4
2021-07-09,MSFT,0.03580214418928278,0.0426109020160476,0.0,4
2021-07-12,MSFT,0.03292228701280566,0.07080674687923189,0.0,4
2021-07-13,MSFT,0.02920348393307286,0.3788823911007765,0.0,4
2021-07-14,MSFT,0.016927914911270107,0.45738768951593156,0.0,4
2021-07-15,MSFT,0.018737124712444302,0.6761631157870889,0.0,4
2021-07-16,MSFT,0.028474397312805887,0.9598958347973312,0.0,4
2021-07-19,MSFT,0.014686032631449164,0.9801838363537984,0.0,4
2021-07-20,MSFT,0.025867150017750043,0.7383327944741581,0.0,4
2021-07-21,MSFT,0.02079256721359845,0.728287601648261,0.0,4
2021-07-22,MSFT,0.03119016771501122,0.8949351784637626,0.0,4
2021-07-23,MSFT,0.004583901398823263,0.7540322633182862,0.0,4
2021-07-26,MSFT,0.00615588026498413,0.6813964181683329,0.0,4
2021-07-27,MSFT,0.017389683078617886,0.6671184360081762,0.0,4
2021-07-28,MSFT,0.004867403089528762,0.3603522725259692,0.0,4
2021-07-29,MSFT,0.014582270150425862,0.4421744341298772,0.0,4
2021-07-30,MSFT,0.027252049188476783,0.5715856090881951,0.0,4
2021-08-02,MSFT,0.03132291736233367,0.35529870904293964,0.0,4
2021-08-03,MSFT,0.018822901812730226,0.3701815402727838,0.0,4
2021-08-04,MSFT,0.028235478082298766,0.1977253018128482,0.0,4
2021-08-05,MSFT,0.0070739825707764065,0.25206951310912745,0.0,4
2021-08-06,MSFT,0.0046905823942218206,0.4154180058706331,0.0,4
2021-08-09,MSFT,0.004473694886301959,0.38358815229119064,0.0,4
2021-08-10,MSFT,0.015978706030935805,0.13150332878569784,0.0,4
2021-08-11,MSFT,0.02001272690239949,0.20490549551702952,0.0,4
2021-08-12,MSFT,0.013312122644513615,0.14246311098053543,0.0,4
2021-08-13,MSFT,0.017486129942810763,0.11998830042877716,0.0,4
2021-08-16,MSFT,0.018287749942710443,0.23997677086052854,0.0,4
2021-08-17,MSFT,0.020078310393492144,0.2694418450302669,0.0,4
2021-08-18,MSFT,0.017528436492690688,0.3709653926222761,0.0,4
2021-08-19,MSFT,0.021608710188998577,0.487041357926016,0.0,4
2021-08-20,MSFT,0.018893092159040063,0.5351957410069389,0.0,4
2021-08-23,MSFT,0.020447107984510157,0.37444165327007684,0.0,4
2021-08-24,MSFT,0.019816674079474742,0.3610218185672398,0.0,4
2021-08-25,MSFT,0.020373326109252837,0.5069868258379857,0.0,4
2021-08-26,MSFT,0.019128763983390536,0.4410915825673422,0.0,4
2021-08-27,MSFT,0.025294249318561876,0.25898015380674055,0.0,4
2021-08-30,MSFT,0.01891923295002723,0.33251742380817884,0.0,4
2021-08-31,MSFT,0.02041100392207749,0.36440649538617903,0.0,4
2021-09-01,MSFT,0.021270836896113095,0.3974031593595644,0.0,4
2021-09-02,MSFT,0.017809371538266977,0.3628172008836706,0.0,4
2021-09-03,MSFT,0.005030880748288816,0.252445416516032,0.0,4
2021-09-07,MSFT,0.014197307582088039,0.23866491214852545,0.0,4
2021-09-08,MSFT,0.01023181385075132,0.3672342867826343,0.0,4
2021-09-09,MSFT,0.01816367735360932,0.22110899362253164,0.0,4
2021-09-10,MSFT,0.03519617435487565,0.18697263929067676,0.0,4
2021-09-13,MSFT,0.03389915212051834,0.21576654017455757,0.0,4
2021-09-14,MSFT,0.01643884412164113,0.28999410930527025,0.0,4
2021-09-15,MSFT,0.0070739825707764065,0.30585151680047623,0.0,4
2021-09-16,MSFT,0.009716086505883568,0.2588750277481165,0.0,4
2021-09-17,MSFT,0.01844222833906885,0.051737633781004516,0.0,4
2021-09-20,MSFT,0.04158168658325067,-0.08290516422383837,0.0,4
2021-09-21,MSFT,0.03603939687957885,0.23697845580254592,0.0,4
2021-09-22,MSFT,0.03339548978112521,0.3521437608486195,0.0,4
2021-09-23,MSFT,0.033398378243398016,0.24869969424731395,0.0,4
2021-09-24,MSFT,0.02058903848796838,0.3158868112515503,0.0,4
2021-09-27,MSFT,0.022450139010810475,0.32097865477357956,0.0,4
2021-09-28,MSFT,0.043681014663439155,0.2260861010027787,0.0,4
2021-09-29,MSFT,0.03534609301919459,0.2526866198595149,0.0,4
2021-09-30,MSFT,0.04161462518236538,0.09580411599087245,0.0,4
2021-10-01,MSFT,0.038532663970905705,0.6608002665908118,0.0,4
2021-10-04,MSFT,0.04266181017394489,0.6709261575072767,0.0,4
2021-10-05,MSFT,0.023550738704597986,0.9501569434864118,0.0,4
2021-10-06,MSFT,0.021967447191878542,1.0179145206292715,0.0,4
2021-10-07,MSFT,0.018105544540406516,1.047285867906891,0.0,4
2021-10-08,MSFT,0.017701333193196563,1.0371903472030977,0.0,4
2021-10-11,MSFT,0.019832744804629186,1.3142081106994523,0.0,4
2021-10-12,MSFT,0.038777923029988594,1.5286894001471452,0.0,4
2021-10-13,MSFT,0.03752722911202523,1.585213612444215,0.0,4
2021-10-14,MSFT,0.03492275639774807,1.3291743679536232,0.0,4
2021-10-15,MSFT,0.0318963065278438,1.0945110629284212,0.0,4
2021-10-18,MSFT,0.02281840144320026,0.8347332326005954,0.0,4
2021-10-19,MSFT,0.023803316181051273,0.790718645316374,0.0,4
2021-10-20,MSFT,0.025250929516470875,0.9400909755376049,0.0,4
2021-10-21,MSFT,0.024093670045033735,0.8562333629654924,0.0,4
2021-10-22,MSFT,0.017878646633526105,0.9809157006345426,0.0,4
2021-10-25,MSFT,0.0162271780974124,0.9796748721958777,0.0,4
2021-10-26,MSFT,-0.002411909562694578,0.7091922996250233,0.0,4
2021-10-27,MSFT,0.002621591800136032,1.0250937380171783,0.0,4
2021-10-28,MSFT,0.009732577282223147,1.0094898870192752,0.0,4
2021-10-29,MSFT,0.008811877388368626,0.9703871693588069,0.0,4
2021-11-01,MSFT,0.010033872453559687,0.8112907902187187,0.0,4
2021-11-02,MSFT,0.01365357581573778,0.7504598827113388,0.0,4
2021-11-03,MSFT,0.014517147294977101,0.6198726811774693,0.0,4
2021-11-04,MSFT,0.01365357581573778,0.44159939567843737,0.0,4
2021-11-05,MSFT,0.007001470630597767,0.3432930284107892,0.0,4
2021-11-08,MSFT,0.011097912489328699,0.2786643545020316,0.0,4
2021-11-09,MSFT,0.007915064451358254,0.3025595851669028,0.0,4
2021-11-10,MSFT,0.024437006125776223,0.28749575115037895,0.0,4
2021-11-11,MSFT,0.024397957841779002,0.26221057945619886,0.0,4
2021-11-12,MSFT,0.006017693784204101,0.29946417876478676,0.0,4
2021-11-15,MSFT,0.01012726701585427,0.2830202093242734,0.0,4
2021-11-16,MSFT,0.009392202203166866,0.3574205772447779,0.0,4
2021-11-17,MSFT,0.007211079170356404,0.38574006259530214,0.0,4
2021-11-18,MSFT,0.006612582541045279,0.23065782966062756,0.0,4
2021-11-19,MSFT,-0.038925879475595664,0.16634549831717874,0.0,4
2021-11-22,MSFT,-0.04699813167385622,0.24477672341474652,0.0,4
2021-11-23,MSFT,-0.046253923957699734,0.33743553572789725,0.0,4
2021-11-24,MSFT,-0.021164497371122873,0.05791459520878418,0.0,4
2021-11-26,MSFT,-0.006990360481224583,-0.006704889428101289,0.0,4
2021-11-29,MSFT,-0.009922245770271542,-0.07982705524098203,0.0,4
2021-11-30,MSFT,-0.009867527758225988,-0.11417544633601974,0.0,4
2021-12-01,MSFT,-0.012805284120984932,-0.0268436299817097,0.0,4
2021-12-02,MSFT,-0.011375831949460971,-0.027229793431810943,0.0,4
2021-12-03,MSFT,-0.0030065841797659765,-0.010778405744059177,0.0,4
2021-12-06,MSFT,-0.0054182578306160726,0.14606574997552937,0.0,4
2021-12-07,MSFT,-0.024971274992245742,0.11192290828082321,0.0,4
2021-12-08,MSFT,-0.024971274992245742,-0.00042321339700462777,0.0,4
2021-12-09,MSFT,-0.023929341800439426,0.09675238110145135,0.0,4
2021-12-10,MSFT,-0.019175911047063173,0.28376954033268564,0.0,4
2021-12-13,MSFT,-0.017078008750151287,0.2737185225192724,0.0,4
2021-12-14,MSFT,-0.0005032376892357266,0.1032390327601047,0.0,4
2021-12-15,MSFT,-0.021892607413387465,-0.023023178434575065,0.0,4
2021-12-16,MSFT,-0.0016925303390083303,-0.13980992066970852,0.0,4
2021-12-17,MSFT,0.0012655053365009834,-0.12246717228956415,0.0,4
2021-12-20,MSFT,-0.003107319624694452,-0.21364821179581028,0.0,4
2021-12-21,MSFT,-0.01643306337905871,-0.24388921998808086,0.0,4
2021-12-22,MSFT,-0.011401623992297168,-0.343753549200607,0.0,4
2021-12-23,MSFT,-0.021418362066156774,-0.22006049191996777,0.0,4
2021-12-27,MSFT,-0.03394621342862615,0.17521852696585088,0.0,4
2021-12-28,MSFT,-0.017980108888114726,0.1490200203052909,0.0,4
2021-12-29,MSFT,-0.021297200627707815,0.3834927751670559,0.0,4
2021-12-30,MSFT,-0.023772043574899794,0.04059529351005623,0.0,4
2021-12-31,MSFT,-0.011509781556782393,0.11262537783303997,0.0,4
2021-07-01,NVDA,0.01245113901791242,1.287489174561763,0.0,4
2021-07-02,NVDA,0.015565295876977686,1.2953384991247372,0.0,4
2021-07-06,NVDA,0.020293835523957242,1.1036045647614774,0.0,4
2021-07-07,NVDA,0.023429536462174952,1.0524268703601622,0.0,4
2021-07-08,NVDA,0.022984942551928525,0.8575714774759452,0.0,4
2021-07-09,NVDA,0.023837868321754444,1.0668264153119718,0.0,4
2021-07-12,NVDA,0.023616128263240072,1.2872363691635254,0.0,4
2021-07-13,NVDA,0.034992586524953385,1.2104067264630163,0.0,4
2021-07-14,NVDA,0.036347588214117016,0.8288286335493266,0.0,4
2021-07-15,NVDA,0.03840490010421208,0.17849464349791747,0.0,4
2021-07-16,NVDA,0.0393331728171089,-1.0379403947756558,0.0,4
2021-07-19,NVDA,0.03916439618541771,-0.40090305151867345,0.0,4
2021-07-20,NVDA,0.03593847365814454,-0.5479074865985891,0.0,4
2021-07-21,NVDA,0.04027556745760994,-0.07013971024613083,0.0,4
2021-07-22,NVDA,0.04014870202451236,-0.35326611850647693,0.0,4
2021-07-23,NVDA,0.040635608385376276,-0.4310512593454151,0.0,4
2021-07-26,NVDA,0.03584865317228294,-0.8624481371124662,0.0,4
2021-07-27,NVDA,0.04487587115847589,-0.9896272887754891,0.0,4
2021-07-28,NVDA,0.044032093075507164,-0.8316750839432011,0.0,4
2021-07-29,NVDA,0.04163440723920441,-0.8613976785853463,0.0,4
2021-07-30,NVDA,0.043403864902713925,-0.8164625614228885,0.0,4
2021-08-02,NVDA,0.04527828130775637,-0.5994449469568081,0.0,4
2021-08-03,NVDA,0.04611632257113459,-0.540221781757379,0.0,4
2021-08-04,NVDA,0.04142438575406341,-0.17726234303407587,0.0,4
2021-08-05,NVDA,0.03716521904801679,0.16193131965719734,0.0,4
2021-08-06,NVDA,0.04220486526077148,0.07476649277655874,0.0,4
2021-08-09,NVDA,0.042310511129805134,-0.228647966485214,0.0,4
2021-08-10,NVDA,0.04190669476120849,-0.22544230603391854,0.0,4
2021-08-11,NVDA,0.039242527569270255,-0.07772464151336171,0.0,4
2021-08-12,NVDA,0.03650319881229166,0.3579911045763858,0.0,4
2021-08-13,NVDA,0.023844319472880612,0.8567208344495129,0.0,4
2021-08-16,NVDA,0.026145555656669147,0.22730795214649555,0.0,4
2021-08-17,NVDA,0.029136454592433077,0.23239906853299594,0.0,4
2021-08-18,NVDA,0.038937900028721155,-0.1720016472644227,0.0,4
2021-08-19,NVDA,0.03061662466540118,0.1927309252652339,0.0,4
2021-08-20,NVDA,0.035354146648861405,0.6564890802728021,0.0,4
2021-08-23,NVDA,0.03252858985761841,1.128239838497548,0.0,4
2021-08-24,NVDA,0.037376695243652364,1.2084947486346076,0.0,4
2021-08-25,NVDA,0.03680059583012893,1.4800132451663608,0.0,4
2021-08-26,NVDA,0.037942401393733255,1.401225524981085,0.0,4
2021-08-27,NVDA,0.027382573307868276,1.7639922890691784,0.0,4
2021-08-30,NVDA,0.02754424015390858,1.638613650555558,0.0,4
2021-08-31,NVDA,0.00952840401921353,1.136275902690928,0.0,4
2021-09-01,NVDA,0.01840795896237969,0.8613178336633205,0.0,4
2021-09-02,NVDA,0.024716125107511876,0.7857739433862705,0.0,4
2021-09-03,NVDA,0.02422054747332009,1.0788791319588442,0.0,4
2021-09-07,NVDA,0.024973595338991083,1.0101864099469642,0.0,4
2021-09-08,NVDA,0.026169793815414413,1.1047127546226574,0.0,4
2021-09-09,NVDA,0.028200861896036346,1.278524983382726,0.0,4
2021-09-10,NVDA,0.03360279279187912,1.5275898383164959,0.0,4
2021-09-13,NVDA,0.030457829326695537,1.2023010027481196,0.0,4
2021-09-14,NVDA,0.0317536910256945,1.3780804037053354,0.0,4
2021-09-15,NVDA,0.02397328977154861,1.3394634899387396,0.0,4
2021-09-16,NVDA,0.023619595381558778,1.3964644444612004,0.0,4
2021-09-17,NVDA,0.038628204576839235,1.267506445577055,0.0,4
2021-09-20,NVDA,0.04475749139368792,0.6344020039507908,0.0,4
2021-09-21,NVDA,0.0457521375213363,0.23816688769314856,0.0,4
2021-09-22,NVDA,0.03492200740441377,0.6709942516652588,0.0,4
2021-09-23,NVDA,0.03100893573067132,0.5598760310344524,0.0,4
2021-09-24,NVDA,0.030483311078537443,0.31446524929320374,0.0,4
2021-09-27,NVDA,0.03686229956840042,-0.05455044966153723,0.0,4
2021-09-28,NVDA,0.05226753344070243,-0.08668835907487696,0.0,4
2021-09-29,NVDA,0.05763580665845797,-0.5508993847155885,0.0,4
2021-09-30,NVDA,0.058450302220943405,-0.3105434881120901,0.0,4
2021-10-01,NVDA,0.052469293309233306,-0.5093439076332738,0.0,4
2021-10-04,NVDA,0.048831343656092846,-1.1624160627407139,0.0,4
2021-10-05,NVDA,0.061227919903847315,-0.40023138928318286,0.0,4
2021-10-06,NVDA,0.05100327260495661,-0.1644471672593494,0.0,4
2021-10-07,NVDA,0.04310808680010743,0.08898870648067136,0.0,4
2021-10-08,NVDA,0.05229151402658996,-0.392696385362607,0.0,4
2021-10-11,NVDA,0.05445216445082799,-0.2692356058203194,0.0,4
2021-10-12,NVDA,0.05271594477181079,-0.48471745343542333,0.0,4
2021-10-13,NVDA,0.0551205383393351,-0.31488781641985103,0.0,4
2021-10-14,NVDA,0.04180910778035413,0.624213660692331,0.0,4
2021-10-15,NVDA,0.04015211193729472,0.5467074858963128,0.0,4
2021-10-18,NVDA,0.04078343902652367,1.0619165949225446,0.0,4
2021-10-19,NVDA,0.03474121081358893,0.9100342020871643,0.0,4
2021-10-20,NVDA,0.03730898192495851,0.14280401056668002,0.0,4
2021-10-21,NVDA,0.042922119582263954,0.3002471605394213,0.0,4
2021-10-22,NVDA,0.032163011929179364,0.9182822709776465,0.0,4
2021-10-25,NVDA,0.02851362737253762,1.357050046180165,0.0,4
2021-10-26,NVDA,0.006743109667611979,1.8465147146198644,0.0,4
2021-10-27,NVDA,-0.01188423442207786,1.5742904908574764,0.0,4
2021-10-28,NVDA,-0.019588640390314056,1.5445848244524267,0.0,4
2021-10-29,NVDA,-0.01802866108323613,1.7582202565890228,0.0,4
2021-11-01,NVDA,-0.024430564384570783,2.022699706582993,0.0,4
2021-11-02,NVDA,-0.002696029310675425,1.8991281091854788,0.0,4
2021-11-03,NVDA,0.00572291535896453,1.844596524568807,0.0,4
2021-11-04,NVDA,-0.007124598787658923,2.232318651906497,0.0,4
2021-11-05,NVDA,-0.004628830304710338,2.1974607328030755,0.0,4
2021-11-08,NVDA,-0.013194118787591726,2.3363334144215013,0.0,4
2021-11-09,NVDA,-0.0110191367666621,2.1670959996410533,0.0,4
2021-11-10,NVDA,0.0018193998540910633,2.0017639388903783,0.0,4
2021-11-11,NVDA,-0.012077582798972426,1.9159144654722797,0.0,4
2021-11-12,NVDA,-0.013381675274113634,1.9268023756334163,0.0,4
2021-11-15,NVDA,-0.033303974490516634,1.865682017118755,0.0,4
2021-11-16,NVDA,-0.03732221733606998,1.9336612153951998,0.0,4
2021-11-17,NVDA,0.0014811451375345457,1.7998614496461116,0.0,4
2021-11-18,NVDA,0.09012532668430683,1.9477874144168486,0.0,4
2021-11-19,NVDA,0.09039367019312694,2.0425582673525056,0.0,4
2021-11-22,NVDA,0.12539157338151657,1.8012946052114058,0.0,4
2021-11-23,NVDA,0.11356797309036708,1.4438800535297978,0.0,4
2021-11-24,NVDA,0.054036749971352875,1.6960978581405313,0.0,4
2021-11-26,NVDA,0.08731028786399823,1.465422163321586,0.0,4
2021-11-29,NVDA,0.06499735375757223,1.6706526510889985,0.0,4
2021-11-30,NVDA,0.06868513492349036,1.3918143085754504,0.0,4
2021-12-01,NVDA,0.09865741205794516,1.1434216958157948,0.0,4
2021-12-02,NVDA,0.08117763688475314,1.263945036839677,0.0,4
2021-12-03,NVDA,0.04753375077424773,0.40619553689309523,0.0,4
2021-12-06,NVDA,0.03513662680744694,0.45291053790498964,0.0,4
2021-12-07,NVDA,0.03184788425628575,0.5661153109331247,0.0,4
2021-12-08,NVDA,0.031149646218615615,0.3565169738399503,0.0,4
2021-12-09,NVDA,0.05145829123241511,0.3270267392683915,0.0,4
2021-12-10,NVDA,0.03273546362158509,-0.03381773311251377,0.0,4
2021-12-13,NVDA,0.00904314918583509,-0.37643868551039256,0.0,4
2021-12-14,NVDA,0.0252673804922527,-0.1542701462890745,0.0,4
2021-12-15,NVDA,0.014119561522005901,0.1192122707424011,0.0,4
2021-12-16,NVDA,0.008910350364143598,-0.05371886178258539,0.0,4
2021-12-17,NVDA,-0.005363756961987847,-0.759759482655409,0.0,4
2021-12-20,NVDA,-0.028972419250019664,-0.9737438772629349,0.0,4
2021-12-21,NVDA,-0.0251107615505843,-0.8109022465855054,0.0,4
2021-12-22,NVDA,-0.010105210266880413,-1.1298340310093418,0.0,4
2021-12-23,NVDA,-0.004148835947326259,-1.2803852613601903,0.0,4
2021-12-27,NVDA,0.020823340265543076,-0.48661999154291824,0.0,4
2021-12-28,NVDA,0.012723448359393657,-1.033075036606493,0.0,4
2021-12-29,NVDA,0.02397830987158354,-1.155157734756482,0.0,4
2021-12-30,NVDA,0.042676771214783214,-1.628388352904513,0.0,4
2021-12-31,NVDA,0.049081454529822086,-1.5990326896344245,0.0,4
2021-07-01,PFE,-0.008863356086072766,-1.1138161229083148,0.0,4
2021-07-02,PFE,-0.004178265883035018,-1.2168248179896002,0.0,4
2021-07-06,PFE,-0.005431230048994916,-1.2891234578188178,0.0,4
2021-07-07,PFE,-0.004732665048968107,-1.2918011329258756,0.0,4
2021-07-08,PFE,-0.006915551425029929,-1.4293767675039555,0.0,4
2021-07-09,PFE,-0.008225710455621905,-1.5154096253916403,0.0,4
2021-07-12,PFE,-0.004384301573604235,-1.3011577565466144,0.0,4
2021-07-13,PFE,-0.005765201731039244,-1.1923160805991229,0.0,4
2021-07-14,PFE,-0.004038730602382062,-0.9713481882896879,0.0,4
2021-07-15,PFE,-0.006741627266563619,-0.6479130778610256,0.0,4
2021-07-16,PFE,-0.00708727754019165,-0.091668843444309,0.0,4
2021-07-19,PFE,-0.007579216237507316,0.21766049785360495,0.0,4
2021-07-20,PFE,-0.005416919792928877,0.20483617020660708,0.0,4
2021-07-21,PFE,-0.007621443402744545,0.12591228940551996,0.0,4
2021-07-22,PFE,-0.005733919298777636,0.482173935775259,0.0,4
2021-07-23,PFE,-0.006997904538335105,0.35853876760843095,0.0,4
2021-07-26,PFE,-0.0049922876957245715,0.3183872514791813,0.0,4
2021-07-27,PFE,-0.006968295161908181,0.8224398213225863,0.0,4
2021-07-28,PFE,-0.004170340463119405,1.1964891941771973,0.0,4
2021-07-29,PFE,-0.004001198620726658,1.228555450435539,0.0,4
2021-07-30,PFE,-0.01584254044043961,1.2789170221828916,0.0,4
2021-08-02,PFE,-0.014432424269903425,1.7560509167624874,0.0,4
2021-08-03,PFE,-0.013365168180958996,2.0200520210548953,0.0,4
2021-08-04,PFE,-0.007396167676517181,1.9903395568893836,0.0,4
2021-08-05,PFE,-0.010253288297608278,1.791037272311011,0.0,4
2021-08-06,PFE,-0.004825386726000749,1.8297645657454447,0.0,4
2021-08-09,PFE,-0.005876225917757029,1.931827046246873,0.0,4
2021-08-10,PFE,-0.01927427052408131,2.245943109814662,0.0,4
2021-08-11,PFE,-0.002459658835943018,2.105475211148648,0.0,4
2021-08-12,PFE,-0.009607576875334645,2.0054246682675942,0.0,4
2021-08-13,PFE,-0.008448126675369963,1.9401547291202457,0.0,4
2021-08-16,PFE,-0.006998614925637409,2.0119295716282757,0.0,4
2021-08-17,PFE,-0.010311956852507246,2.1189856955230035,0.0,4
2021-08-18,PFE,-0.006448736480844422,2.152777533072674,0.0,4
2021-08-19,PFE,-0.007772394802757681,2.00632432823046,0.0,4
2021-08-20,PFE,-0.00614260311180344,1.8610495344378453,0.0,4
2021-08-23,PFE,-0.010042246681871356,1.7430699180114615,0.0,4
2021-08-24,PFE,-0.00691848123046519,1.4856330408904608,0.0,4
2021-08-25,PFE,-0.007142277599203914,1.0562636832621262,0.0,4
2021-08-26,PFE,-0.008010072091145539,1.2115254132114186,0.0,4
2021-08-27,PFE,0.016327880967294484,0.7452608666358055,0.0,4
2021-08-30,PFE,0.019861938727374424,0.26387106664782933,0.0,4
2021-08-31,PFE,0.027012864110523123,-0.08857177360486672,0.0,4
2021-09-01,PFE,0.02140249403459757,0.06760122217540075,0.0,4
2021-09-02,PFE,0.016550190004617063,0.33683019947614135,0.0,4
2021-09-03,PFE,0.014306594818844831,0.220515813350257,0.0,4
2021-09-07,PFE,0.017389780134250625,-0.03700289249585967,0.0,4
2021-09-08,PFE,0.012277433517113533,-0.5193778247542665,0.0,4
2021-09-09,PFE,0.013661018973676052,-0.30600630066824724,0.0,4
2021-09-10,PFE,0.013502984468855787,-0.5291703584278621,0.0,4
2021-09-13,PFE,0.01252452190198066,-0.9540544412149485,0.0,4
2021-09-14,PFE,0.012022498932284876,-0.9110807923537723,0.0,4
2021-09-15,PFE,0.017421702057007243,-1.1923431634559456,0.0,4
2021-09-16,PFE,0.018681270685712133,-1.161396671426811,0.0,4
2021-09-17,PFE,0.003718624215295551,-1.3559227985936453,0.0,4
2021-09-20,PFE,0.0003095163276302784,-0.9847773303945592,0.0,4
2021-09-21,PFE,0.0013668884464831223,-1.124871396453456,0.0,4
2021-09-22,PFE,0.0003095163276302784,-0.8752595014755333,0.0,4
2021-09-23,PFE,-0.0002430380031825304,-0.6934450316537832,0.0,4
2021-09-24,PFE,-0.002306878939926804,-0.6884088929269989,0.0,4
2021-09-27,PFE,0.003194779709977149,-0.39383659030794826,0.0,4
2021-09-28,PFE,0.0006098971637405372,0.029538439512615755,0.0,4
2021-09-29,PFE,0.0003095163276302784,0.3885478758913487,0.0,4
2021-09-30,PFE,0.0008970943815025529,0.10146891660921196,0.0,4
2021-10-01,PFE,0.0006098971637405372,-0.842105171954966,0.0,4
2021-10-04,PFE,0.0006098971637405372,-0.15763831345106075,0.0,4
2021-10-05,PFE,0.0004767977085555757,-0.33658901359555915,0.0,4
2021-10-06,PFE,0.0004767977085555757,-0.7154331228639301,0.0,4
2021-10-07,PFE,-0.007590566463683765,-0.4126281859921583,0.0,4
2021-10-08,PFE,0.00017569480854918914,-0.3033344029572722,0.0,4
2021-10-11,PFE,0.0020804636427583577,-0.010045847334302471,0.0,4
2021-10-12,PFE,0.003194779709977149,-0.20273370143580477,0.0,4
2021-10-13,PFE,0.004452541222550511,-0.9733748508045913,0.0,4
2021-10-14,PFE,0.0003095163276302784,-1.3934729700556825,0.0,4
2021-10-15,PFE,0.0006098971637405372,-1.2428563747182646,0.0,4
2021-10-18,PFE,0.0016462612875670101,-2.125544704203292,0.0,4
2021-10-19,PFE,-0.014486625336545754,-2.1143171700670633,0.0,4
2021-10-20,PFE,-0.007597367094788568,-1.0626141437260388,0.0,4
2021-10-21,PFE,-0.010983363747380962,-0.4815498328082085,0.0,4
2021-10-22,PFE,-0.010580085856091385,0.09212378700374221,0.0,4
2021-10-25,PFE,-0.011130771585514,0.0035652082801037855,0.0,4
2021-10-26,PFE,-0.009742509008623059,-0.21697844637722016,0.0,4
2021-10-27,PFE,-0.011842864455403074,-0.5135528351840722,0.0,4
2021-10-28,PFE,-0.011618149479381829,-0.4577970299660081,0.0,4
2021-10-29,PFE,-0.01226790561534018,-0.21038537093987913,0.0,4
2021-11-01,PFE,-0.011867373942895363,-0.30977193556171173,0.0,4
2021-11-02,PFE,-0.010716617268763497,0.0836268332122203,0.0,4
2021-11-03,PFE,-0.005597675385756331,0.006187270737078227,0.0,4
2021-11-04,PFE,-0.011887670278899358,-0.25423186234693973,0.0,4
2021-11-05,PFE,-0.023414880937780137,0.4422530006148452,0.0,4
2021-11-08,PFE,-0.022080648836793296,0.36159990443271234,0.0,4
2021-11-09,PFE,-0.018134281265191073,0.2642241861226106,0.0,4
2021-11-10,PFE,-0.034863598713086724,0.7446940396339371,0.0,4
2021-11-11,PFE,-0.009519342777296014,0.9069842493961647,0.0,4
2021-11-12,PFE,-0.03199536393107681,0.8870203340939723,0.0,4
2021-11-15,PFE,-0.031941344660915014,1.011325604285911,0.0,4
2021-11-16,PFE,-0.024916981065765374,0.9001306724752471,0.0,4
2021-11-17,PFE,-0.03622315353004058,0.992405969932018,0.0,4
2021-11-18,PFE,-0.012532607291197945,0.868473138772168,0.0,4
2021-11-19,PFE,-0.022030225397026117,0.5835102802106005,0.0,4
2021-11-22,PFE,-0.020348742473210536,0.7668172740270075,0.0,4
2021-11-23,PFE,-0.020148870690682906,0.8637297748073122,0.0,4
2021-11-24,PFE,-0.015315547062952241,0.8928667438027512,0.0,4
2021-11-26,PFE,-0.024367372762688765,1.4561327741811556,0.0,4
2021-11-29,PFE,-0.007380196879996366,1.0824683785535558,0.0,4
2021-11-30,PFE,-0.002474518658226337,1.2574228994039087,0.0,4
2021-12-01,PFE,-0.004760054442516427,1.278186883316153,0.0,4
2021-12-02,PFE,0.0008999420168401839,1.1805112001686175,0.0,4
2021-12-03,PFE,0.00498458342128851,1.6749187106768422,0.0,4
2021-12-06,PFE,0.01930255642037587,0.8588192880029885,0.0,4
2021-12-07,PFE,0.013449328299188951,0.7038339807389679,0.0,4
2021-12-08,PFE,0.016478566967085793,0.795731643275715,0.0,4
2021-12-09,PFE,0.01671216115089248,0.5657842709422534,0.0,4
2021-12-10,PFE,0.01924796156502994,0.44477951066501953,0.0,4
2021-12-13,PFE,0.00040490059082567823,1.058191524375558,0.0,4
2021-12-14,PFE,-0.007567216686733749,1.1353604017388206,0.0,4
2021-12-15,PFE,-0.014963904982958968,1.31097339291047,0.0,4
2021-12-16,PFE,-0.02859538796782255,1.5986048349586375,0.0,4
2021-12-17,PFE,-0.00717070847472398,1.7458582580738486,0.0,4
2021-12-20,PFE,-0.004520869216412585,2.0088564396393283,0.0,4
2021-12-21,PFE,-0.0028612690362514563,1.7648520570015678,0.0,4
2021-12-22,PFE,-0.02299466744859824,1.9823965215892378,0.0,4
2021-12-23,PFE,-0.006001822404117601,1.85931620878489,0.0,4
2021-12-27,PFE,-0.005647546039547064,0.8515604926865242,0.0,4
2021-12-28,PFE,-0.003794381384037465,1.1986563218851385,0.0,4
2021-12-29,PFE,0.0001142007082832037,0.8776461174880134,0.0,4
2021-12-30,PFE,0.0031578718404960777,0.8103504137279017,0.0,4
2021-12-31,PFE,-0.0003914384859846561,1.6184012554344085,0.0,4
2021-07-01,PYPL,0.017722315141839657,0.32984911339136336,0.0,4
2021-07-02,PYPL,0.0018701284696646362,0.2577765924463247,0.0,4
2021-07-06,PYPL,0.005919894051503981,0.3586580531692678,0.0,4
2021-07-07,PYPL,0.0013545336962363735,0.4737177017884983,0.0,4
2021-07-08,PYPL,0.0024936269055445717,0.4692676164213146,0.0,4
2021-07-09,PYPL,0.004368042913395551,0.5329870340039347,0.0,4
2021-07-12,PYPL,0.006804493784717217,0.7285202117960613,0.0,4
2021-07-13,PYPL,0.004677541397856654,0.6587643421360927,0.0,4
2021-07-14,PYPL,0.0018701284696646362,0.6719431044799512,0.0,4
2021-07-15,PYPL,0.002575192048699814,0.8812399560365785,0.0,4
2021-07-16,PYPL,0.026868556982152077,0.6353313296113187,0.0,4
2021-07-19,PYPL,0.029425089420155252,0.35413395098778333,0.0,4
2021-07-20,PYPL,0.025007052100799856,0.4818955593885369,0.0,4
2021-07-21,PYPL,0.01354931973472206,0.542806967685985,0.0,4
2021-07-22,PYPL,0.017750662171637226,0.2861642041478065,0.0,4
2021-07-23,PYPL,0.018010657113188503,0.1612870976854736,0.0,4
2021-07-26,PYPL,0.007524727865896821,0.05303269140413667,0.0,4
2021-07-27,PYPL,0.016309416339777665,-0.01097776393364787,0.0,4
2021-07-28,PYPL,0.008410754440695868,0.019197963589532057,0.0,4
2021-07-29,PYPL,0.040335504934396575,-1.0620985220561607,0.0,4
2021-07-30,PYPL,0.04723103502643217,-1.0031049762313387,0.0,4
2021-08-02,PYPL,0.06298169173352405,-1.0683407500320967,0.0,4
2021-08-03,PYPL,0.06008739202055221,-0.8097153705328656,0.0,4
2021-08-04,PYPL,0.05713065640439047,-1.0781289129371459,0.0,4
2021-08-05,PYPL,0.045851504125723204,-0.9859092748398596,0.0,4
2021-08-06,PYPL,0.03240636472378032,-1.046609937473934,0.0,4
2021-08-09,PYPL,0.03879457094497869,-1.0966444321167323,0.0,4
2021-08-10,PYPL,0.042010069868385104,-0.9767795425555141,0.0,4
2021-08-11,PYPL,0.03984449037907256,-0.9879998930189443,0.0,4
2021-08-12,PYPL,0.04304436322239364,-1.0993146248530339,0.0,4
2021-08-13,PYPL,0.040878783733081084,-1.0631701083070701,0.0,4
2021-08-16,PYPL,0.03955608580223143,-1.0399141477456344,0.0,4
2021-08-17,PYPL,0.03986512241948672,-1.09002785088916,0.0,4
2021-08-18,PYPL,0.04016493577490224,-1.0742789145836917,0.0,4
2021-08-19,PYPL,0.035038948042372994,-1.0310519804147948,0.0,4
2021-08-20,PYPL,0.027008819612841926,-1.2220252470950808,0.0,4
2021-08-23,PYPL,0.027164052662261816,-1.0322440932897352,0.0,4
2021-08-24,PYPL,0.03399091209875284,-1.0572903446757742,0.0,4
2021-08-25,PYPL,0.0282265250028643,-1.1307647365656022,0.0,4
2021-08-26,PYPL,0.02391598989679518,-0.5597700911970972,0.0,4
2021-08-27,PYPL,0.02219664139471158,-0.35821836364859183,0.0,4
2021-08-30,PYPL,0.01871245886170415,0.27696161868997676,0.0,4
2021-08-31,PYPL,0.019834333756704733,0.3846901261758447,0.0,4
2021-09-01,PYPL,0.024278799777972655,0.265646519839854,0.0,4
2021-09-02,PYPL,0.03222176617701145,0.11993214222100183,0.0,4
2021-09-03,PYPL,0.02300180785865298,0.16888036960062527,0.0,4
2021-09-07,PYPL,0.01660101949109318,0.3561805167037588,0.0,4
2021-09-08,PYPL,0.02693424763374363,0.2576597576978006,0.0,4
2021-09-09,PYPL,0.020536680538577393,0.2211146773894339,0.0,4
2021-09-10,PYPL,0.027210534743211764,0.3511653154400142,0.0,4
2021-09-13,PYPL,0.030445841948226422,0.26690002338357977,0.0,4
2021-09-14,PYPL,0.024907195282971806,0.22921926888236002,0.0,4
2021-09-15,PYPL,0.014457448897463329,0.3033663604110642,0.0,4
2021-09-16,PYPL,0.013420250967698194,0.28497082900398285,0.0,4
2021-09-17,PYPL,0.02768202629698255,0.18915255570201558,0.0,4
2021-09-20,PYPL,0.032866047006706055,0.2475022833306193,0.0,4
2021-09-21,PYPL,0.04163921438698033,0.31881896479955835,0.0,4
2021-09-22,PYPL,0.035592218368119675,0.15909850967932615,0.0,4
2021-09-23,PYPL,0.031079982973153536,0.44989047896265094,0.0,4
2021-09-24,PYPL,0.018154085135404615,0.5282982665525375,0.0,4
2021-09-27,PYPL,0.027102450081542693,0.33279453742901055,0.0,4
2021-09-28,PYPL,0.040906927215547846,-0.13923136082099802,0.0,4
2021-09-29,PYPL,0.04616330968617361,-1.1913115498045268,0.0,4
2021-09-30,PYPL,0.0491810438708702,-0.8950950863267858,0.0,4
2021-10-01,PYPL,0.03948336531810508,-0.48425979967657073,0.0,4
2021-10-04,PYPL,0.044833074895525744,-0.725657667790271,0.0,4
2021-10-05,PYPL,0.03669028808832142,-0.7482312789033626,0.0,4
2021-10-06,PYPL,0.023550738704597986,-0.18469959056530746,0.0,4
2021-10-07,PYPL,0.021662587273085274,-0.6401964058978941,0.0,4
2021-10-08,PYPL,0.035411721757878566,-0.6376641124877728,0.0,4
2021-10-11,PYPL,0.021417277526975757,-0.9680367255219685,0.0,4
2021-10-12,PYPL,0.03662126286058669,-1.4524231197643336,0.0,4
2021-10-13,PYPL,0.04238408789658858,-1.9267430437778221,0.0,4
2021-10-14,PYPL,0.035371286701904946,-1.1660468809089986,0.0,4
2021-10-15,PYPL,0.03895305857833156,-0.37191449248599057,0.0,4
2021-10-18,PYPL,0.044918735566821265,-0.31861339852966164,0.0,4
2021-10-19,PYPL,0.04590365030467227,-0.45344851361420385,0.0,4
2021-10-20,PYPL,0.030064272871147504,-1.9668612035585449,0.0,4
2021-10-21,PYPL,0.058940883456937175,-2.4340310038379473,0.0,4
2021-10-22,PYPL,0.07112816990967342,-1.9809663494147642,0.0,4
2021-10-25,PYPL,0.08072466865340547,-1.489410407856067,0.0,4
2021-10-26,PYPL,0.08285030253886452,-1.1836141463988799,0.0,4
2021-10-27,PYPL,0.08606751024043123,-1.3301985578227087,0.0,4
2021-10-28,PYPL,0.07291118739373864,-1.3969635042887933,0.0,4
2021-10-29,PYPL,0.05176184443558696,-1.499838433274451,0.0,4
2021-11-01,PYPL,0.05215008761272051,-1.3240562693574525,0.0,4
2021-11-02,PYPL,-0.011411630899629517,-1.5222906047623481,0.0,4
2021-11-03,PYPL,-0.013237555957942184,-1.6291666618066305,0.0,4
2021-11-04,PYPL,-0.007218643659748189,-1.3627986973112827,0.0,4
2021-11-05,PYPL,-0.005813565086832765,-1.4022013476671875,0.0,4
2021-11-08,PYPL,-0.009781444236899558,-1.1953785719559424,0.0,4
2021-11-09,PYPL,-0.012523628622526234,-1.6070842262023413,0.0,4
2021-11-10,PYPL,-0.015912896009743223,-1.5899257629203962,0.0,4
2021-11-11,PYPL,0.0003213126415091977,-1.6142716311355714,0.0,4
2021-11-12,PYPL,-0.007273490778559124,-1.6003796587394956,0.0,4
2021-11-15,PYPL,-0.008743881289293858,-1.6066811312106015,0.0,4
2021-11-16,PYPL,-0.053286140788853985,-1.5556995630260506,0.0,4
2021-11-17,PYPL,-0.016442767382594325,-1.5981707299271095,0.0,4
2021-11-18,PYPL,0.0019354585690853187,-1.3710155196735863,0.0,4
2021-11-19,PYPL,0.006258622830949382,-1.5269908796251337,0.0,4
2021-11-22,PYPL,0.00403988974941194,-1.6681251751985957,0.0,4
2021-11-23,PYPL,0.0032444155251802166,-1.4755074645090749,0.0,4
2021-11-24,PYPL,0.0040415948001368985,-1.3279212966625644,0.0,4
2021-11-26,PYPL,-0.0009543039882806406,-1.361882871143736,0.0,4
2021-11-29,PYPL,-0.003325960521574434,-1.3659416247596337,0.0,4
2021-11-30,PYPL,0.014036183410318002,-1.3096981478143102,0.0,4
2021-12-01,PYPL,0.015872385704303014,-1.2739228679015293,0.0,4
2021-12-02,PYPL,-0.0022007534026412924,-1.061366281509539,0.0,4
2021-12-03,PYPL,0.009965592863689303,-0.9637141878211282,0.0,4
2021-12-06,PYPL,0.009285078248563757,-1.1179720931385313,0.0,4
2021-12-07,PYPL,-0.00041608761193617924,-1.1841317689438586,0.0,4
2021-12-08,PYPL,-0.008905941058459092,-0.34684437016288466,0.0,4
2021-12-09,PYPL,0.007407301507423468,-0.5310656767658777,0.0,4
2021-12-10,PYPL,0.005444478942592267,-0.5348147100887932,0.0,4
2021-12-13,PYPL,0.006729781296369398,-0.6269893104793178,0.0,4
2021-12-14,PYPL,0.006961528321263716,-0.6340178955346701,0.0,4
2021-12-15,PYPL,0.010001569025916975,-0.7200372432316715,0.0,4
2021-12-16,PYPL,0.012919246156161931,-0.443737461024878,0.0,4
2021-12-17,PYPL,0.012966209949066953,-0.30314147109674167,0.0,4
2021-12-20,PYPL,0.013095698380939956,-0.12134888346655155,0.0,4
2021-12-21,PYPL,0.0049396520752987,0.13068176375729024,0.0,4
2021-12-22,PYPL,0.009086661168558656,0.07930360690730455,0.0,4
2021-12-23,PYPL,0.005293329224274182,0.12417088331840856,0.0,4
2021-12-27,PYPL,0.004306562472652504,-0.01586773470052423,0.0,4
2021-12-28,PYPL,0.0004100732691426855,0.16645502483177052,0.0,4
2021-12-29,PYPL,-0.0019029797962140608,0.29222677181185547,0.0,4
2021-12-30,PYPL,-0.0019609933817354196,0.8489909162037479,0.0,4
2021-12-31,PYPL,0.01800535157806648,-0.10024387030306194,0.0,4
2021-07-01,ZM,-0.04634259466434938,1.5623072883582207,0.0,4
2021-07-02,ZM,-0.04039833052185653,1.156675380955985,0.0,4
2021-07-06,ZM,-0.04213484792682425,1.0400435088036277,0.0,4
2021-07-07,ZM,-0.040986513547462564,0.855704856420672,0.0,4
2021-07-08,ZM,-0.09768960831371677,1.0058006122056264,0.0,4
2021-07-09,ZM,-0.09688347996199731,0.4930952245664135,0.0,4
2021-07-12,ZM,-0.08233520388741486,-0.584498018701573,0.0,4
2021-07-13,ZM,-0.08015129708505564,-0.5376503969832896,0.0,4
2021-07-14,ZM,-0.06191260854826708,-1.0493842903211201,0.0,4
2021-07-15,ZM,-0.06374400795063674,-1.2745929640968148,0.0,4
2021-07-16,ZM,-0.06747632658910006,-1.0932489726392642,0.0,4
2021-07-19,ZM,-0.041583819594253245,-1.8029608984420207,0.0,4
2021-07-20,ZM,-0.04571837815174963,-1.6635258031664262,0.0,4
2021-07-21,ZM,0.02044319420729292,-2.195761975547936,0.0,4
2021-07-22,ZM,-0.018747254239320266,-2.067482512746759,0.0,4
2021-07-23,ZM,0.003116179046241289,-1.414984454076154,0.0,4
2021-07-26,ZM,-0.02036135199930294,-1.1039161048567578,0.0,4
2021-07-27,ZM,-0.011464955008006662,-1.2407922420482473,0.0,4
2021-07-28,ZM,-0.006385385959592825,-1.3894765070253772,0.0,4
2021-07-29,ZM,-0.012406214715405647,-0.6095668549118658,0.0,4
2021-07-30,ZM,-0.007363088906150399,-0.5925952757167496,0.0,4
2021-08-02,ZM,-0.01016160526506672,-0.43815541032331173,0.0,4
2021-08-03,ZM,-0.006354805410324248,-0.8098596406838983,0.0,4
2021-08-04,ZM,-0.018013237404641006,0.1106441687437604,0.0,4
2021-08-05,ZM,-0.02254125466358561,0.10738997407040014,0.0,4
2021-08-06,ZM,-0.03300154027110869,-0.18939150200163712,0.0,4
2021-08-09,ZM,-0.024935899834038232,0.035871478364755224,0.0,4
2021-08-10,ZM,-0.0314619571006521,-0.22470465838856055,0.0,4
2021-08-11,ZM,-0.012367460619591276,-0.05924746430061548,0.0,4
2021-08-12,ZM,-0.018778877086671655,-0.02622600704764767,0.0,4
2021-08-13,ZM,-0.02278476947083553,-0.5433831618198425,0.0,4
2021-08-16,ZM,-0.023488268659740127,-0.6137963057333014,0.0,4
2021-08-17,ZM,-0.01981361442134334,-0.49058770474254515,0.0,4
2021-08-18,ZM,-0.00254623433576957,-0.32276142740303365,0.0,4
2021-08-19,ZM,0.0184291583585051,-0.7364482717055555,0.0,4
2021-08-20,ZM,-0.006767066636964334,-0.6675342345399697,0.0,4
2021-08-23,ZM,0.0008946950264734368,-0.923271798342856,0.0,4
2021-08-24,ZM,0.014009916703940625,-1.106761450980395,0.0,4
2021-08-25,ZM,0.010788080748459541,-1.196138857865419,0.0,4
2021-08-26,ZM,-0.008554027189934007,-1.6132907180260339,0.0,4
2021-08-27,ZM,-0.007790970476977589,-1.8900145696745074,0.0,4
2021-08-30,ZM,-0.009859866542875717,-2.107119200197737,0.0,4
2021-08-31,ZM,0.051274566702209534,-2.4733562522254444,0.0,4
2021-09-01,ZM,0.07090439346284187,-2.5643972625470006,0.0,4
2021-09-02,ZM,0.09458867993057983,-2.5894175739684995,0.0,4
2021-09-03,ZM,0.09458867993057983,-2.4975809748384172,0.0,4
2021-09-07,ZM,0.09432419939747022,-2.4881374202582003,0.0,4
2021-09-08,ZM,0.06370421752049177,-2.367470216448628,0.0,4
2021-09-09,ZM,0.05934427020794661,-2.3319479907562446,0.0,4
2021-09-10,ZM,0.05934427020794661,-2.2078505445174783,0.0,4
2021-09-13,ZM,0.0893216358646569,-2.196661141255688,0.0,4
2021-09-14,ZM,0.09437093698034067,-2.122484551250891,0.0,4
2021-09-15,ZM,0.08117185362688635,-1.971663560007854,0.0,4
2021-09-16,ZM,0.08712634100920198,-1.9846441242400077,0.0,4
2021-09-17,ZM,0.08088871268411747,-1.7852130740707401,0.0,4
2021-09-20,ZM,0.08870803722217337,-2.102717313269405,0.0,4
2021-09-21,ZM,0.07153052344483757,-2.1210178610860937,0.0,4
2021-09-22,ZM,0.06452776895266124,-2.3116464155828065,0.0,4
2021-09-23,ZM,0.06371601264364406,-2.407295772132748,0.0,4
2021-09-24,ZM,0.08572800152084185,-2.435519204302999,0.0,4
2021-09-27,ZM,0.0789689846434555,-2.458125482459888,0.0,4
2021-09-28,ZM,0.0789225258875528,-2.4086754661531025,0.0,4
2021-09-29,ZM,0.05022189605648223,-1.4599126445091422,0.0,4
2021-09-30,ZM,0.04038884711876718,-1.2076569552795362,0.0,4
2021-10-01,ZM,0.041910184375369856,-1.1874545365912113,0.0,4
2021-10-04,ZM,0.03958554774247829,-1.008254390049785,0.0,4
2021-10-05,ZM,0.043063626653906104,-1.4269517746475386,0.0,4
2021-10-06,ZM,0.043383298177488296,-1.6555131041887763,0.0,4
2021-10-07,ZM,0.040625494406323556,-1.8480606907233588,0.0,4
2021-10-08,ZM,0.0437520603687025,-2.0344808897452182,0.0,4
2021-10-11,ZM,0.04402639717050712,-1.928739691841777,0.0,4
2021-10-12,ZM,0.034569577095395036,-1.397521244733216,0.0,4
2021-10-13,ZM,0.037685939589226496,0.5910500020164794,0.0,4
2021-10-14,ZM,0.03681556272730233,-0.26850461197171693,0.0,4
2021-10-15,ZM,0.024879191126655962,-1.9042036152199284,0.0,4
2021-10-18,ZM,0.036481037376365655,-0.9822144675734822,0.0,4
2021-10-19,ZM,0.033336389070126975,-0.9468266064806139,0.0,4
2021-10-20,ZM,0.03278723973907748,-0.4120386791220213,0.0,4
2021-10-21,ZM,0.03195285036200216,0.013876114101600272,0.0,4
2021-10-22,ZM,0.03543837208996135,0.7415711147729575,0.0,4
2021-10-25,ZM,0.016791364788198294,0.6012858144150016,0.0,4
2021-10-26,ZM,0.013825748000300156,0.37367631030604803,0.0,4
2021-10-27,ZM,0.029649440558638156,0.22819687451481777,0.0,4
2021-10-28,ZM,0.01498925813394216,0.07999924407243252,0.0,4
2021-10-29,ZM,0.03238448683320366,-0.13834219421168015,0.0,4
2021-11-01,ZM,0.014353127301854758,0.07176100286928604,0.0,4
2021-11-02,ZM,-0.010169806306196806,0.21878362292914108,0.0,4
2021-11-03,ZM,0.004495013017435446,0.5078099287253397,0.0,4
2021-11-04,ZM,0.0052905588201501595,0.18005332952655534,0.0,4
2021-11-05,ZM,0.014151032293990418,-0.31182708710264867,0.0,4
2021-11-08,ZM,0.028211859009182473,-0.45278032281247904,0.0,4
2021-11-09,ZM,0.028211859009182473,-0.4502078533006909,0.0,4
2021-11-10,ZM,0.048195782594055006,-0.7314144770360332,0.0,4
2021-11-11,ZM,0.05551998174707938,-0.6805888052842635,0.0,4
2021-11-12,ZM,0.04296578387836985,-0.5594650664569802,0.0,4
2021-11-15,ZM,0.018588106221364996,-0.5284646975505028,0.0,4
2021-11-16,ZM,0.018684747376442705,-0.5414480166290427,0.0,4
2021-11-17,ZM,0.021911373715904063,-0.5758240661008748,0.0,4
2021-11-18,ZM,0.02207387646061438,-0.7533716661252284,0.0,4
2021-11-19,ZM,0.04296679450841309,-0.9747051414509211,0.0,4
2021-11-22,ZM,0.05586283412502649,-1.1100303184396447,0.0,4
2021-11-23,ZM,0.09131521211909772,-1.660937145981271,0.0,4
2021-11-24,ZM,0.020818279281453467,-1.553079772287896,0.0,4
2021-11-26,ZM,0.04692596962151372,-1.3422933304378901,0.0,4
2021-11-29,ZM,0.04901301630463573,-1.4127645706219862,0.0,4
2021-11-30,ZM,0.05188348000159498,-1.5504948677702417,0.0,4
2021-12-01,ZM,0.030946310694689505,-1.7233973819154806,0.0,4
2021-12-02,ZM,0.03557277816757037,-1.8906856756655874,0.0,4
2021-12-03,ZM,0.05287784774125768,-1.9062025003276934,0.0,4
2021-12-06,ZM,0.0331100685197721,-2.077934143010008,0.0,4
2021-12-07,ZM,0.02199310243122781,-2.0202287426496253,0.0,4
2021-12-08,ZM,0.025336299757293953,-2.220921230406154,0.0,4
2021-12-09,ZM,0.05253646906262848,-2.1727501734471284,0.0,4
2021-12-10,ZM,0.033499556458282,-2.0602684451264017,0.0,4
2021-12-13,ZM,0.0377279489530582,-1.9649303521263768,0.0,4
2021-12-14,ZM,0.05334446357150855,-2.028700954284383,0.0,4
2021-12-15,ZM,0.025579121406362062,-1.9959759661099292,0.0,4
2021-12-16,ZM,0.03861601946830358,-2.02251739351256,0.0,4
2021-12-17,ZM,0.008641875923686163,-1.6286129045232511,0.0,4
2021-12-20,ZM,0.03940584172397527,-1.4092421845850196,0.0,4
2021-12-21,ZM,0.04135752107365289,-1.7376540009418076,0.0,4
2021-12-22,ZM,0.09987002624992689,-1.020644725391272,0.0,4
2021-12-23,ZM,0.1356851680748454,-1.1171308591232096,0.0,4
2021-12-27,ZM,0.010592887499696951,-2.028444189085237,0.0,4
2021-12-28,ZM,-0.0059836186011002195,-1.8135202016722722,0.0,4
2021-12-29,ZM,-0.014193843522291152,-1.9271746065724138,0.0,4
2021-12-30,ZM,-0.012759889947752921,-1.1967198695994372,0.0,4
2021-12-31,ZM,0.0001776030969683385,-0.8895084735435091,0.0,4
2022-01-03,AAPL,-0.01741113953526523,1.5863552229549402,0.5,5
2022-01-04,AAPL,-0.020310566291156698,1.1470764326120928,0.5,5
2022-01-05,AAPL,-0.0014121657247268805,0.6307820066916308,0.5,5
2022-01-06,AAPL,0.0037260553027758016,0.4006659891497202,0.5,5
2022-01-07,AAPL,-0.0008183488282212805,0.2181592691919217,0.5,5
2022-01-10,AAPL,0.005464684997345148,-0.09576483253692833,0.5,5
2022-01-11,AAPL,0.0004634819875843062,0.16035179403465155,0.5,5
2022-01-12,AAPL,-0.0042206825213649745,0.15033859981474376,0.5,5
2022-01-13,AAPL,-0.002658664858372329,0.32846274674831905,0.5,5
2022-01-14,AAPL,-0.0029253176571233394,0.7950336891691914,0.5,5
2022-01-18,AAPL,-0.005673764114182362,0.5506562682605065,0.5,5
2022-01-19,AAPL,-0.005018268077067803,0.4958946984747358,0.5,5
2022-01-20,AAPL,0.01177410686700377,0.8047992887981802,0.5,5
2022-01-21,AAPL,0.009779618455265548,0.8051340373300848,0.5,5
2022-01-24,AAPL,0.011795674929231309,0.8540270394811594,0.5,5
2022-01-25,AAPL,0.01281765789955145,0.6662488304610755,0.5,5
2022-01-26,AAPL,0.011494766830711423,0.6598173571758207,0.5,5
2022-01-27,AAPL,0.011512397291385708,0.7347912349475939,0.5,5
2022-01-28,AAPL,0.01223330742463554,1.271950776755986,0.5,5
2022-01-31,AAPL,0.00035628624853809303,1.4748320218756283,0.5,5
2022-02-01,AAPL,-0.0010245012401546361,0.9073220030578281,0.5,5
2022-02-02,AAPL,-0.0025821831184871663,0.444324765666615,0.5,5
2022-02-03,AAPL,0.013507235937695844,0.39249086902839,0.5,5
2022-02-04,AAPL,0.01466012411014529,0.41840625243645974,0.5,5
2022-02-07,AAPL,0.016422361331697728,0.3948378070228198,0.5,5
2022-02-08,AAPL,0.009028802585624834,0.4774757338378111,0.5,5
2022-02-09,AAPL,0.008084700886674017,0.4031036296708275,0.5,5
2022-02-10,AAPL,0.028308152979075744,0.4957568534134657,0.5,5
2022-02-11,AAPL,0.02586080544804765,0.47740833708654695,0.5,5
2022-02-14,AAPL,0.010613710296937756,0.5373078031999061,0.5,5
2022-02-15,AAPL,0.011444597610021708,0.5801288291578867,0.5,5
2022-02-16,AAPL,0.007941322925317037,0.49701729444787096,0.5,5
2022-02-17,AAPL,0.005716441765793539,0.4281905322893185,0.5,5
2022-02-18,AAPL,0.00016949317228762747,0.4530273078583127,0.5,5
2022-02-22,AAPL,-0.0035016585230613732,0.5570895630412108,0.5,5
2022-02-23,AAPL,-0.0021699881891298852,0.3084544363391978,0.5,5
2022-02-24,AAPL,-0.007081738473924193,0.22358799751785757,0.5,5
2022-02-25,AAPL,-0.0020692352417006703,0.15615437562034146,0.5,5
2022-02-28,AAPL,-0.0006188658166183052,-0.11987676338083728,0.5,5
2022-03-01,AAPL,0.004618131261735062,0.02328889061643713,0.5,5
2022-03-02,AAPL,-0.0016338615857202038,0.12277611272878791,0.5,5
2022-03-03,AAPL,-0.002145302636954763,0.2059396721421523,0.5,5
2022-03-04,AAPL,-0.0006488094014578604,-0.10688707979869533,0.5,5
2022-03-07,AAPL,0.00016551900925343896,0.24134124593633421,0.5,5
2022-03-08,AAPL,-0.0024444929903379596,0.3830871085015175,0.5,5
2022-03-09,AAPL,-0.003082310050153081,0.14319201534552728,0.5,5
2022-03-10,AAPL,0.0009518497531270809,-0.0736988615020937,0.5,5
2022-03-11,AAPL,0.0015843058536725767,0.03242774247339644,0.5,5
2022-03-14,AAPL,0.0009663787540845304,-0.10479066771510867,0.5,5
2022-03-15,AAPL,-0.00017983478430349316,-0.24241982219939573,0.5,5
2022-03-16,AAPL,0.009678964474154299,-0.29554552937084366,0.5,5
2022-03-17,AAPL,0.0009744694420665309,-0.5979241367421219,0.5,5
2022-03-18,AAPL,-0.0012145905103309285,-1.043792377876402,0.5,5
2022-03-21,AAPL,-0.000607071150499486,-1.2090105348693838,0.5,5
2022-03-22,AAPL,-0.0034116429597897333,-1.0597541654503808,0.5,5
2022-03-23,AAPL,-0.007770461209050598,-0.8052552765568994,0.5,5
2022-03-24,AAPL,-0.01599189321558598,-0.5785834109417068,0.5,5
2022-03-25,AAPL,-0.002404169616055979,-0.23830218395251196,0.5,5
2022-03-28,AAPL,-0.0054064817129402636,-0.285876932691037,0.5,5
2022-03-29,AAPL,-0.016060084520722093,-0.6298569328588839,0.5,5
2022-03-30,AAPL,-0.002666196271973625,-0.4843183553305868,0.5,5
2022-03-31,AAPL,-0.001153426296497743,-0.8607739909187775,0.5,5
2022-04-01,AAPL,0.008044195506501305,-0.6391342761920953,0.5,5
2022-04-04,AAPL,0.011496729391600378,-0.44253928892947597,0.5,5
2022-04-05,AAPL,0.017706563418114538,-0.4107675903327868,0.5,5
2022-04-06,AAPL,0.027417839029952373,-0.20638843328058656,0.5,5
2022-04-07,AAPL,0.007416513392216277,0.09880884918151801,0.5,5
2022-04-08,AAPL,0.005701193264709996,0.34548012868250744,0.5,5
2022-04-11,AAPL,0.009024509918554913,0.5531002831206163,0.5,5
2022-04-12,AAPL,0.00160205403649893,0.9565877555785427,0.5,5
2022-04-13,AAPL,0.0028118421071593068,1.1777728811616226,0.5,5
2022-04-14,AAPL,-0.0026968231247083653,1.2314351892459305,0.5,5
2022-04-18,AAPL,-0.00387720992055904,1.0840565764008416,0.5,5
2022-04-19,AAPL,-0.0030394999059808513,0.9484328784911674,0.5,5
2022-04-20,AAPL,-0.0019829734917009437,0.8651932840756895,0.5,5
2022-04-21,AAPL,-0.0018517264982415005,0.8788725423515744,0.5,5
2022-04-22,AAPL,0.0005761220437235703,0.8006788931189659,0.5,5
2022-04-25,AAPL,-0.0012766177653111693,0.579302232749967,0.5,5
2022-04-26,AAPL,-0.0006802872835983784,0.4669671018104274,0.5,5
2022-04-27,AAPL,-0.00028892425208009077,0.49929832644341393,0.5,5
2022-04-28,AAPL,-0.0030363163981514613,0.503991014087094,0.5,5
2022-04-29,AAPL,0.029573018457868982,0.4890649134969698,0.5,5
2022-05-02,AAPL,0.012147640366555818,0.3268691150333333,0.5,5
2022-05-03,AAPL,0.012823998154278066,0.3531037803239208,0.5,5
2022-05-04,AAPL,0.0032553708625391586,0.526082477850276,0.5,5
2022-05-05,AAPL,0.02351179404055544,0.35213183543068777,0.5,5
2022-05-06,AAPL,0.008706949425893808,0.5823174388522263,0.5,5
2022-05-09,AAPL,0.027394544415527054,0.5261245972401016,0.5,5
2022-05-10,AAPL,0.011305950481336341,0.5794162429592683,0.5,5
2022-05-11,AAPL,0.03128800397507598,0.25736504659043435,0.5,5
2022-05-12,AAPL,0.015469508728482653,0.22009014786555822,0.5,5
2022-05-13,AAPL,0.00450054706664445,0.1277375105035488,0.5,5
2022-05-16,AAPL,0.014237718247333076,0.056326089263821905,0.5,5
2022-05-17,AAPL,0.017764199719009277,0.17529070006055153,0.5,5
2022-05-18,AAPL,0.027230728275997203,-0.24865633188365313,0.5,5
2022-05-19,AAPL,0.026202896003171113,-0.7139875097356999,0.5,5
2022-05-20,AAPL,0.01668314883945995,-0.7281624137413004,0.5,5
2022-05-23,AAPL,0.02374341972300729,-0.19711460683135634,0.5,5
2022-05-24,AAPL,0.009438834686265371,-0.41063169793353727,0.5,5
2022-05-25,AAPL,0.004904389377910179,-0.5425968440489214,0.5,5
2022-05-26,AAPL,-0.0010069805892225238,-0.8633935148358676,0.5,5
2022-05-27,AAPL,0.005470012734476162,-1.2375814171156496,0.5,5
2022-05-31,AAPL,0.0055766232648800885,-1.0366656580854225,0.5,5
2022-06-01,AAPL,0.004923501333863763,-1.3192088566521627,0.5,5
2022-06-02,AAPL,-0.0013374669631753924,-1.9110595363061442,0.5,5
2022-06-03,AAPL,0.0017118007916467474,-1.836245714045841,0.5,5
2022-06-06,AAPL,0.0012368563827306542,-1.758494477958989,0.5,5
2022-06-07,AAPL,-0.009733105307803152,-1.7475854383608151,0.5,5
2022-06-08,AAPL,-0.004139080878727719,-1.393117375892944,0.5,5
2022-06-09,AAPL,0.0058598202559146835,-1.152900851570857,0.5,5
2022-06-10,AAPL,0.0026207103602883704,-1.0978901973915904,0.5,5
2022-06-13,AAPL,-0.006185140057072168,-1.069837669223519,0.5,5
2022-06-14,AAPL,-0.0036773989987446912,-0.9756647561906414,0.5,5
2022-06-15,AAPL,0.004440484010590636,-1.010844012196112,0.5,5
2022-06-16,AAPL,0.012746785044140776,-0.7803119033230419,0.5,5
2022-06-17,AAPL,0.0013959702143799134,-0.554602146232751,0.5,5
2022-06-21,AAPL,-0.004045499225863941,-0.5482331721840813,0.5,5
2022-06-22,AAPL,-0.0011640316281832886,-0.7871338734222774,0.5,5
2022-06-23,AAPL,-0.004877006928575712,-0.6619295605611162,0.5,5
2022-06-24,AAPL,-0.008877333073467003,-0.7345818954839872,0.5,5
2022-06-27,AAPL,-0.006331841950426032,-0.5544948792845315,0.5,5
2022-06-28,AAPL,-0.011845120722741425,-0.7283817370685053,0.5,5
2022-06-29,AAPL,-0.0055523177504433795,-0.374149159112732,0.5,5
2022-06-30,AAPL,-0.008442793525037812,-0.4484756712667808,0.5,5
2022-01-03,AMZN,-0.001943461859453502,-0.6148261121616363,0.5,5
2022-01-04,AMZN,0.0015741397713498085,-0.8178484533762209,0.5,5
2022-01-05,AMZN,-0.005175654707116175,-0.8206705819484896,0.5,5
2022-01-06,AMZN,0.003054134582518007,-0.5219874560156595,0.5,5
2022-01-07,AMZN,-0.0050940799693063804,-0.7379985061398816,0.5,5
2022-01-10,AMZN,-0.004311214413166447,-0.6334294025518092,0.5,5
2022-01-11,AMZN,-0.001935867246762021,-0.2715470604010999,0.5,5
2022-01-12,AMZN,-0.0040076148157923925,-0.42671337211717947,0.5,5
2022-01-13,AMZN,-0.0010257702388415703,-0.1165376029654699,0.5,5
2022-01-14,AMZN,-0.0024856534793529276,0.10084731195710828,0.5,5
2022-01-18,AMZN,-0.005109442641489895,-0.1815631509296799,0.5,5
2022-01-19,AMZN,-0.004137886970823203,-0.041591340095532746,0.5,5
2022-01-20,AMZN,0.0013823396106746298,-0.517038397637007,0.5,5
2022-01-21,AMZN,0.00101485369728196,-0.7426184091459244,0.5,5
2022-01-24,AMZN,0.00108924778684602,-0.5535900135930378,0.5,5
2022-01-25,AMZN,0.0031141448255179414,-0.4458223798462403,0.5,5
2022-01-26,AMZN,-0.0018987472839287296,-0.7481236523056496,0.5,5
2022-01-27,AMZN,-0.0012141868607896864,-0.5320064867148102,0.5,5
2022-01-28,AMZN,0.008110599119430644,-0.28927586848730347,0.5,5
2022-01-31,AMZN,-0.0062343462495367645,-0.6041769949203826,0.5,5
2022-02-01,AMZN,-0.00048539534393974703,-0.5712517846198513,0.5,5
2022-02-02,AMZN,-0.006673917835088036,-0.3741292280005851,0.5,5
2022-02-03,AMZN,0.03603736842456335,-0.580039977803341,0.5,5
2022-02-04,AMZN,0.06568672787930903,1.2010341127179534,0.5,5
2022-02-07,AMZN,0.08925050893325062,1.3074481092117223,0.5,5
2022-02-08,AMZN,0.08887054916371896,1.649804409562046,0.5,5
2022-02-09,AMZN,0.0904679290487665,1.4379705196240016,0.5,5
2022-02-10,AMZN,0.10131902456193222,1.4784459612261691,0.5,5
2022-02-11,AMZN,0.11892095683591997,1.4538943062938694,0.5,5
2022-02-14,AMZN,0.08915585759847401,1.4498494176366221,0.5,5
2022-02-15,AMZN,0.090925265229376,1.3581220016823048,0.5,5
2022-02-16,AMZN,0.10738675074531007,1.3941591899629457,0.5,5
2022-02-17,AMZN,0.10585472467954285,1.5905852603920523,0.5,5
2022-02-18,AMZN,0.1293143966056674,2.2458008288188474,0.5,5
2022-02-22,AMZN,0.11644926821177824,2.186519899599215,0.5,5
2022-02-23,AMZN,0.11270755679747585,2.008673962078267,0.5,5
2022-02-24,AMZN,0.10479401817432017,2.232396312456708,0.5,5
2022-02-25,AMZN,0.09711336211589852,2.1244309632675153,0.5,5
2022-02-28,AMZN,0.09770074983090588,2.175999250726914,0.5,5
2022-03-01,AMZN,0.08608328133638098,2.053088282611206,0.5,5
2022-03-02,AMZN,0.08230850015041913,1.9306390208951445,0.5,5
2022-03-03,AMZN,0.0706971664984023,2.0069318483709617,0.5,5
2022-03-04,AMZN,0.086889604441876,2.6147994883617804,0.5,5
2022-03-07,AMZN,0.011580763695442208,-0.09971061832545386,0.5,5
2022-03-08,AMZN,0.007060102898826511,-0.14758352114287265,0.5,5
2022-03-09,AMZN,0.008596593805975668,-0.6060505905832326,0.5,5
2022-03-10,AMZN,0.020495732186836767,0.5918977759407814,0.5,5
2022-03-11,AMZN,0.014172179520548002,0.4358095947698253,0.5,5
2022-03-14,AMZN,0.004597352286635607,0.2889304292375955,0.5,5
2022-03-15,AMZN,0.01267090868771918,0.32554355606034724,0.5,5
2022-03-16,AMZN,0.015356258493432265,0.39795657585386623,0.5,5
2022-03-17,AMZN,0.016737653201244793,0.4237211706118885,0.5,5
2022-03-18,AMZN,0.011788178065013541,0.07971761002251883,0.5,5
2022-03-21,AMZN,0.019585325379570685,0.0315640086981198,0.5,5
2022-03-22,AMZN,0.02259747615538366,0.359985482265304,0.5,5
2022-03-23,AMZN,-0.005010566426092751,0.4485320135242816,0.5,5
2022-03-24,AMZN,-0.0006577581404293194,-0.25182135518600535,0.5,5
2022-03-25,AMZN,-0.009006683039675514,-0.12943312563992493,0.5,5
2022-03-28,AMZN,0.001629403508515581,0.2624887028536359,0.5,5
2022-03-29,AMZN,-0.006145804583670923,-0.139065442806096,0.5,5
2022-03-30,AMZN,-0.0074800778620067515,0.11776951330742358,0.5,5
2022-03-31,AMZN,0.0024291862008364654,0.28889468544103697,0.5,5
2022-04-01,AMZN,0.0005218975812153207,0.30392911791353716,0.5,5
2022-04-04,AMZN,-0.008283163405892954,0.337516834694477,0.5,5
2022-04-05,AMZN,0.005654670945260291,0.745400815348962,0.5,5
2022-04-06,AMZN,-0.003506820425669405,1.2389365338693157,0.5,5
2022-04-07,AMZN,-0.001684824516935315,-0.29601609529294637,0.5,5
2022-04-08,AMZN,-0.01928255915118601,-0.8549221935920988,0.5,5
2022-04-11,AMZN,-0.007839288676343887,-0.3719227780699675,0.5,5
2022-04-12,AMZN,-0.005384522221402732,-0.30807540837307656,0.5,5
2022-04-13,AMZN,-0.003394173019297348,0.05202520124224075,0.5,5
2022-04-14,AMZN,-0.002102645404083112,-0.07692702220400496,0.5,5
2022-04-18,AMZN,-0.005460232347109678,0.0601358926296075,0.5,5
2022-04-19,AMZN,-0.005317850502196818,0.2799671752530036,0.5,5
2022-04-20,AMZN,-0.006042646233523052,-0.09562675722011271,0.5,5
2022-04-21,AMZN,-0.004204335335814682,-0.14537155799512733,0.5,5
2022-04-22,AMZN,-0.00882602296866057,-0.06559967107894343,0.5,5
2022-04-25,AMZN,-0.015607630869657083,-0.3634762598480431,0.5,5
2022-04-26,AMZN,-0.0005084887276250535,-0.3458451992773207,0.5,5
2022-04-27,AMZN,-0.004679380677055196,-0.15665431338447833,0.5,5
2022-04-28,AMZN,-0.0027338500160685197,-0.1367754234472127,0.5,5
2022-04-29,AMZN,0.0702230159309799,-0.5099561059418236,0.5,5
2022-05-02,AMZN,0.043726438501187445,-1.01700429608118,0.5,5
2022-05-03,AMZN,0.037616044584481804,-1.032769624429396,0.5,5
2022-05-04,AMZN,0.03186006958776461,-1.27822485048048,0.5,5
2022-05-05,AMZN,0.07416375735881114,-1.2472796206405647,0.5,5
2022-05-06,AMZN,0.039382901186158774,-1.366962610047626,0.5,5
2022-05-09,AMZN,0.08719730446824614,-1.0641166006549658,0.5,5
2022-05-10,AMZN,0.051228665076696885,-1.2771380828479573,0.5,5
2022-05-11,AMZN,0.07675414562789555,-1.1508636733467221,0.5,5
2022-05-12,AMZN,0.011435337445144108,-1.3200161656499982,0.5,5
2022-05-13,AMZN,0.006022763818023886,-1.746465469235062,0.5,5
2022-05-16,AMZN,0.04836140614765989,-1.4559072451021928,0.5,5
2022-05-17,AMZN,0.02612187486588814,-1.4607779972644708,0.5,5
2022-05-18,AMZN,0.07106872503368372,-1.4312872894783057,0.5,5
2022-05-19,AMZN,0.03621408784343772,-1.835176478515391,0.5,5
2022-05-20,AMZN,0.03622328438051051,-1.6840111040186616,0.5,5
2022-05-23,AMZN,0.033028451995459264,-1.6218090558470657,0.5,5
2022-05-24,AMZN,0.039038036069340046,-1.674704480383876,0.5,5
2022-05-25,AMZN,0.003596260438065894,-1.9636641191875959,0.5,5
2022-05-26,AMZN,0.008778367724478738,-1.808577495618722,0.5,5
2022-05-27,AMZN,0.04995428196813766,-0.8147905512831879,0.5,5
2022-05-31,AMZN,0.049437890937545144,-0.07233299625676687,0.5,5
2022-06-01,AMZN,0.06785826243988527,0.4746240291645376,0.5,5
2022-06-02,AMZN,0.07047404794414171,1.0762559729697472,0.5,5
2022-06-03,AMZN,0.02923443169351283,0.5576210511176598,0.5,5
2022-06-06,AMZN,0.022887585806075045,0.6821222474284796,0.5,5
2022-06-07,AMZN,0.0007236720809497257,0.2455326900852669,0.5,5
2022-06-08,AMZN,0.0008116258065132423,0.198779453875988,0.5,5
2022-06-09,AMZN,0.018517028999067865,0.1582770157726426,0.5,5
2022-06-10,AMZN,0.07535505576913276,0.12739635878232325,0.5,5
2022-06-13,AMZN,0.07952933790971448,0.015907066684655108,0.5,5
2022-06-14,AMZN,0.06860274670379896,-0.14132406169555023,0.5,5
2022-06-15,AMZN,0.07307189694209162,0.02885435388161739,0.5,5
2022-06-16,AMZN,0.014646576196930284,-0.35586257770654317,0.5,5
2022-06-17,AMZN,0.0027877267042032768,-0.20860252145764788,0.5,5
2022-06-21,AMZN,-0.0031729811788368412,-0.33262611040269374,0.5,5
2022-06-22,AMZN,-0.0010127343220526345,-0.22482558039156994,0.5,5
2022-06-23,AMZN,-0.010229660809682788,0.17685199859650497,0.5,5
2022-06-24,AMZN,-0.010728807711944862,0.17256072324822525,0.5,5
2022-06-27,AMZN,-0.01417178380317452,-0.19609645267127745,0.5,5
2022-06-28,AMZN,0.03982644800823078,0.48050172569139116,0.5,5
2022-06-29,AMZN,-0.003543079695174679,-0.7377288210786654,0.5,5
2022-06-30,AMZN,-0.00857152531626862,-1.1425015264973493,0.5,5
2022-01-03,GOOGL,0.010678799789489135,0.14158565387072003,0.5,5
2022-01-04,GOOGL,0.012888218694191983,0.30392311910490777,0.5,5
2022-01-05,GOOGL,0.005085966004994105,-0.43294214553493077,0.5,5
2022-01-06,GOOGL,0.0025917924663223612,-0.488806319051845,0.5,5
2022-01-07,GOOGL,0.0005479524360517665,-0.6804553314996423,0.5,5
2022-01-10,GOOGL,0.003515333162299124,-0.48182096002601954,0.5,5
2022-01-11,GOOGL,-0.00017739401775979812,-0.5316089952372572,0.5,5
2022-01-12,GOOGL,0.0013903991067066015,-0.16128471448898232,0.5,5
2022-01-13,GOOGL,-0.001118892830521778,0.14443698586358056,0.5,5
2022-01-14,GOOGL,0.0014540667884023724,0.2931370868861204,0.5,5
2022-01-18,GOOGL,0.00448701534906664,0.4544998544404232,0.5,5
2022-01-19,GOOGL,-0.00017553703387663698,0.3209774124821634,0.5,5
2022-01-20,GOOGL,0.0016510474854451445,0.05789854886831336,0.5,5
2022-01-21,GOOGL,0.00499160757626107,0.16156787096101632,0.5,5
2022-01-24,GOOGL,0.0015153757226919011,0.13501447659164573,0.5,5
2022-01-25,GOOGL,0.007975242290310573,0.14683611252175838,0.5,5
2022-01-26,GOOGL,0.004440207201479398,0.31682816113784096,0.5,5
2022-01-27,GOOGL,0.002817042355632834,0.3560180227866114,0.5,5
2022-01-28,GOOGL,0.0062949057932584,0.4631481821358459,0.5,5
2022-01-31,GOOGL,0.00580947680196796,0.6893251260705843,0.5,5
2022-02-01,GOOGL,0.0027278622074326376,0.8489942982697205,0.5,5
2022-02-02,GOOGL,-0.008723056303944847,0.8314440362846256,0.5,5
2022-02-03,GOOGL,0.031207098029235925,1.048581030564455,0.5,5
2022-02-04,GOOGL,0.010658443537190112,0.6412510907123209,0.5,5
2022-02-07,GOOGL,0.02671052271741498,0.7112213114138424,0.5,5
2022-02-08,GOOGL,0.011426133866068004,0.4171934429231601,0.5,5
2022-02-09,GOOGL,0.009359954753005596,0.4677944326707609,0.5,5
2022-02-10,GOOGL,0.024254409714143436,0.4153790439652019,0.5,5
2022-02-11,GOOGL,0.032025409760074834,0.4502368182144304,0.5,5
2022-02-14,GOOGL,0.00427177059037544,0.396231416239734,0.5,5
2022-02-15,GOOGL,0.0033188812637664467,0.3420660389820077,0.5,5
2022-02-16,GOOGL,0.0032731014767801354,0.290758109369711,0.5,5
2022-02-17,GOOGL,0.0050133562874487385,0.16903475846499594,0.5,5
2022-02-18,GOOGL,0.002764777895690229,0.24820463027036682,0.5,5
2022-02-22,GOOGL,-0.011928795219927754,0.25385197863468767,0.5,5
2022-02-23,GOOGL,-0.010565101716810282,0.21856200067592302,0.5,5
2022-02-24,GOOGL,-0.011021479539679115,0.2220977752776523,0.5,5
2022-02-25,GOOGL,-0.0072848289093848636,0.12443065231335015,0.5,5
2022-02-28,GOOGL,-0.0021398595152957115,0.2098764995310547,0.5,5
2022-03-01,GOOGL,-0.011249626220121876,0.19816028415658304,0.5,5
2022-03-02,GOOGL,-0.004229335539307663,0.24713588346927035,0.5,5
2022-03-03,GOOGL,-0.0004957760927633397,-0.265615043670591,0.5,5
2022-03-04,GOOGL,0.006708709691107504,-0.25312703094660133,0.5,5
2022-03-07,GOOGL,0.0037952692231332423,-0.1828152499254254,0.5,5
2022-03-08,GOOGL,-0.001767146974402478,0.34420514905917576,0.5,5
2022-03-09,GOOGL,-0.004829890378266091,0.466939695218312,0.5,5
2022-03-10,GOOGL,0.005159257096439807,0.4648459604411181,0.5,5
2022-03-11,GOOGL,0.00396144342033748,0.47775255653858256,0.5,5
2022-03-14,GOOGL,-0.00777101668844459,0.18977652766703398,0.5,5
2022-03-15,GOOGL,-0.008638122249809754,-0.038544503935109886,0.5,5
2022-03-16,GOOGL,-0.0020774025174073473,0.08880808653455496,0.5,5
2022-03-17,GOOGL,-0.0013417083865585673,-0.10139017400189307,0.5,5
2022-03-18,GOOGL,-0.0024646796839780257,-0.2757072069017012,0.5,5
2022-03-21,GOOGL,-0.0005955042330866077,-0.3737641705437943,0.5,5
2022-03-22,GOOGL,-0.016930978669578736,-0.37035241659704843,0.5,5
2022-03-23,GOOGL,-0.004994781518107333,-0.3920098281372327,0.5,5
2022-03-24,GOOGL,0.0029273471403754294,-0.40885604799750924,0.5,5
2022-03-25,GOOGL,-0.00124631622745438,-0.3203922091448504,0.5,5
2022-03-28,GOOGL,-0.003679850804273595,-0.4743052299263053,0.5,5
2022-03-29,GOOGL,-0.005845840734158516,-1.1468833886064556,0.5,5
2022-03-30,GOOGL,0.0031531949902931598,-0.7406303502353677,0.5,5
2022-03-31,GOOGL,0.008918265872646906,-1.028030788055031,0.5,5
2022-04-01,GOOGL,0.007629453302589726,-0.7499916766795296,0.5,5
2022-04-04,GOOGL,0.0022083297413867313,-0.48657404371540314,0.5,5
2022-04-05,GOOGL,0.009419457839435263,-0.610094141088175,0.5,5
2022-04-06,GOOGL,0.015029482765976916,-1.071204317678674,0.5,5
2022-04-07,GOOGL,0.011470069963830116,-1.260583650250423,0.5,5
2022-04-08,GOOGL,0.0049690012670933125,-1.2982586340635338,0.5,5
2022-04-11,GOOGL,0.005501605100390944,-1.0792928737453735,0.5,5
2022-04-12,GOOGL,0.0024758008948318313,-0.8862791953335123,0.5,5
2022-04-13,GOOGL,0.002954949582025269,-0.6296849201049761,0.5,5
2022-04-14,GOOGL,0.005996165169464552,-0.2899885369381303,0.5,5
2022-04-18,GOOGL,0.0025615396329790496,0.02911167027961914,0.5,5
2022-04-19,GOOGL,0.002268141305278181,0.1275833688895198,0.5,5
2022-04-20,GOOGL,0.0026770172690113686,-0.04008245279628653,0.5,5
2022-04-21,GOOGL,0.005084186482125196,0.12290440230244203,0.5,5
2022-04-22,GOOGL,0.010323673541811762,0.06229870760938852,0.5,5
2022-04-25,GOOGL,0.003407104325261762,-0.15563838235687272,0.5,5
2022-04-26,GOOGL,0.008450752363336205,0.009031226700260908,0.5,5
2022-04-27,GOOGL,0.005110595773110494,-0.1585950516800913,0.5,5
2022-04-28,GOOGL,-0.009676267088110806,-0.6700628018665842,0.5,5
2022-04-29,GOOGL,0.03409152681103969,-0.39958968604953315,0.5,5
2022-05-02,GOOGL,0.01625424747192985,-0.545945173610703,0.5,5
2022-05-03,GOOGL,0.01614534806891729,-0.42096233711096753,0.5,5
2022-05-04,GOOGL,0.010471762410783831,-0.3342491475959601,0.5,5
2022-05-05,GOOGL,0.03325345905790596,-0.26369758842424607,0.5,5
2022-05-06,GOOGL,0.01885619523745973,-0.07679594371334597,0.5,5
2022-05-09,GOOGL,0.03781602326323501,0.03806710889601053,0.5,5
2022-05-10,GOOGL,0.014777332914949752,0.12735068729233204,0.5,5
2022-05-11,GOOGL,0.017010205326493,0.27424202647300316,0.5,5
2022-05-12,GOOGL,0.006463212713321699,0.43115722077153457,0.5,5
2022-05-13,GOOGL,-0.004931148511110502,0.35639522731683687,0.5,5
2022-05-16,GOOGL,0.015602153379872169,0.22594859805279877,0.5,5
2022-05-17,GOOGL,0.011305448171570578,0.13092357534673407,0.5,5
2022-05-18,GOOGL,0.03766977368547648,0.2116636713513853,0.5,5
2022-05-19,GOOGL,0.016021445869463018,-0.13351665023230613,0.5,5
2022-05-20,GOOGL,0.01538543038808283,-0.1123865564349193,0.5,5
2022-05-23,GOOGL,0.014249456341968284,-0.052401749792344215,0.5,5
2022-05-24,GOOGL,0.011547000624636171,-0.422632552302749,0.5,5
2022-05-25,GOOGL,0.0007189145609647416,-0.31373868586520937,0.5,5
2022-05-26,GOOGL,0.0007207315640871128,-0.49366415257783813,0.5,5
2022-05-27,GOOGL,-0.0024967288546166298,-0.8564342703730005,0.5,5
2022-05-31,GOOGL,-0.0025610742589314297,-0.5415719462811245,0.5,5
2022-06-01,GOOGL,-0.00620507946081495,-0.7659752714761938,0.5,5
2022-06-02,GOOGL,-0.004962049012451697,-0.9109822436178628,0.5,5
2022-06-03,GOOGL,0.0011692248074955311,-0.9021930022361805,0.5,5
2022-06-06,GOOGL,-0.006819574953860758,-0.691776889711223,0.5,5
2022-06-07,GOOGL,-0.004812373881223697,-0.9155763551795959,0.5,5
2022-06-08,GOOGL,-0.006638172846887396,-0.7566039731486213,0.5,5
2022-06-09,GOOGL,-0.0023591997997241734,-0.8750344325543413,0.5,5
2022-06-10,GOOGL,0.003208704049843329,-0.873029976933573,0.5,5
2022-06-13,GOOGL,0.003466229488664577,-0.6711754437323408,0.5,5
2022-06-14,GOOGL,0.01227825424650579,-0.60371638376986,0.5,5
2022-06-15,GOOGL,0.012268922136648463,-0.5975254159887752,0.5,5
2022-06-16,GOOGL,0.023783582624608505,-0.4408673817477222,0.5,5
2022-06-17,GOOGL,0.00035957620348094684,-0.43683737737062184,0.5,5
2022-06-21,GOOGL,-0.0036781474911719747,-0.21308463344374065,0.5,5
2022-06-22,GOOGL,-0.0013530277729375255,-0.33803286561766327,0.5,5
2022-06-23,GOOGL,-0.011476055928121221,-0.0406272613399728,0.5,5
2022-06-24,GOOGL,-0.006669934001547343,0.517351396972898,0.5,5
2022-06-27,GOOGL,-0.005979125443620223,0.7126403287094698,0.5,5
2022-06-28,GOOGL,-0.004993036059527773,0.6140994486249455,0.5,5
2022-06-29,GOOGL,-0.0006375221206343692,0.3555185232903125,0.5,5
2022-06-30,GOOGL,-0.001651401969939468,0.22413776126803325,0.5,5
2022-01-03,INTC,-0.01966142134861741,0.5151809171428131,0.5,5
2022-01-04,INTC,-0.013838760491195728,0.26241697208573406,0.5,5
2022-01-05,INTC,-0.014483934614642379,0.2282149556581461,0.5,5
2022-01-06,INTC,-0.011745763141959926,0.9798290025484275,0.5,5
2022-01-07,INTC,-0.013082056205397792,1.0688810607996038,0.5,5
2022-01-10,INTC,-0.02226651912304079,1.3395240622714515,0.5,5
2022-01-11,INTC,-0.02159659735611024,1.8053352337464776,0.5,5
2022-01-12,INTC,-0.019610886154514555,1.9535427119377937,0.5,5
2022-01-13,INTC,-0.020110317000619438,1.8523319274952859,0.5,5
2022-01-14,INTC,-0.02072219963804722,1.7628778634818285,0.5,5
2022-01-18,INTC,-0.0120708008995676,1.5138340540386694,0.5,5
2022-01-19,INTC,-0.011021110023046512,1.6239312824257697,0.5,5
2022-01-20,INTC,0.005616195378740621,1.6063940554139067,0.5,5
2022-01-21,INTC,0.004381493382958708,1.8798551385231144,0.5,5
2022-01-24,INTC,-0.0033362121730520877,1.7960933004363486,0.5,5
2022-01-25,INTC,-0.010855784444600673,1.2911900234444653,0.5,5
2022-01-26,INTC,-0.011949801633462927,1.3294187231762034,0.5,5
2022-01-27,INTC,-0.02422688880722658,0.19269898688150178,0.5,5
2022-01-28,INTC,-0.021360732233087487,-0.32120190348958166,0.5,5
2022-01-31,INTC,-0.018834636266560168,-0.12548334940268413,0.5,5
2022-02-01,INTC,-0.01344548866940778,-0.40985129815128,0.5,5
2022-02-02,INTC,-0.01881942782430709,-0.18546605038126768,0.5,5
2022-02-03,INTC,0.02028682215151275,-0.32696633924102086,0.5,5
2022-02-04,INTC,0.008529046341517956,-0.622683164358043,0.5,5
2022-02-07,INTC,0.00854437312886852,-0.5162050456601821,0.5,5
2022-02-08,INTC,0.009046060127311541,-0.6292227546661446,0.5,5
2022-02-09,INTC,0.008031334914974085,-0.5317533557687125,0.5,5
2022-02-10,INTC,0.01409227184370779,-0.6493004294176392,0.5,5
2022-02-11,INTC,0.025782772970392748,-0.5356745604463454,0.5,5
2022-02-14,INTC,0.005525041058613028,-0.6536650544391132,0.5,5
2022-02-15,INTC,0.00024034845735118233,-0.7020496283003952,0.5,5
2022-02-16,INTC,0.003959149572205676,-0.575148637063142,0.5,5
2022-02-17,INTC,0.005561487832519621,-0.3693113936357988,0.5,5
2022-02-18,INTC,0.014821908076719294,-0.583460400229525,0.5,5
2022-02-22,INTC,-0.001716815657990952,-0.6045362059875848,0.5,5
2022-02-23,INTC,0.02372854013398242,-0.318499120759049,0.5,5
2022-02-24,INTC,0.03060527832872709,-0.14603596197758223,0.5,5
2022-02-25,INTC,0.026479780815072167,0.2857483036214872,0.5,5
2022-02-28,INTC,0.02343148033125513,0.549494549124316,0.5,5
2022-03-01,INTC,0.020908980178025834,0.5608104436903609,0.5,5
2022-03-02,INTC,0.022805796413862666,0.9190789986819774,0.5,5
2022-03-03,INTC,0.027635312634755518,1.1156209465725149,0.5,5
2022-03-04,INTC,0.02807393060274602,1.0710229405657266,0.5,5
2022-03-07,INTC,0.028301412659491786,1.8429329216150219,0.5,5
2022-03-08,INTC,0.028126306955499995,2.277071278947753,0.5,5
2022-03-09,INTC,0.03258794898698542,1.5246322845488423,0.5,5
2022-03-10,INTC,0.035375990106098806,1.278042673477298,0.5,5
2022-03-11,INTC,0.03434150469627849,1.0471875006384153,0.5,5
2022-03-14,INTC,0.03967747207855526,1.0017497164321454,0.5,5
2022-03-15,INTC,0.03980605198464992,0.7539895384656425,0.5,5
2022-03-16,INTC,0.034926240369970114,0.5409050896002716,0.5,5
2022-03-17,INTC,0.028930457573811196,0.358265542289923,0.5,5
2022-03-18,INTC,0.028396262578940613,-0.3878252019782056,0.5,5
2022-03-21,INTC,0.022675761922247715,-0.03213969617529318,0.5,5
2022-03-22,INTC,0.016011733824043754,0.046788919746827126,0.5,5
2022-03-23,INTC,0.023753247505334373,-0.15515905498046362,0.5,5
2022-03-24,INTC,0.006788846546541902,0.15482139754162869,0.5,5
2022-03-25,INTC,0.009151669635198827,0.2721400053453825,0.5,5
2022-03-28,INTC,0.01075762642557226,0.09383023207949459,0.5,5
2022-03-29,INTC,0.009071957627539554,-0.1018697623561378,0.5,5
2022-03-30,INTC,-0.010028044404214535,-0.9104535435676318,0.5,5
2022-03-31,INTC,-0.0005159470557508613,-1.2101317097570379,0.5,5
2022-04-01,INTC,0.003053648137598469,-1.9355223923174716,0.5,5
2022-04-04,INTC,-0.0011997196110439038,-1.6211150982040463,0.5,5
2022-04-05,INTC,0.004670932899174629,-1.9847829454750736,0.5,5
2022-04-06,INTC,0.004991691143432535,-1.7758125670527765,0.5,5
2022-04-07,INTC,-0.0031273874431653765,-1.6292534633260114,0.5,5
2022-04-08,INTC,-0.0025417952951658548,-1.4120235155419942,0.5,5
2022-04-11,INTC,-0.006064545012252176,-0.6872847620409991,0.5,5
2022-04-12,INTC,-0.010419117413168477,-0.09263146541291661,0.5,5
2022-04-13,INTC,-0.008204670564516058,-0.19093941684660506,0.5,5
2022-04-14,INTC,-0.012204097099589035,-0.18830595568369424,0.5,5
2022-04-18,INTC,-0.009368823266656584,0.5944761344842663,0.5,5
2022-04-19,INTC,-0.013324261363360627,0.5670025706594563,0.5,5
2022-04-20,INTC,-0.012845220534245035,0.5175657455160764,0.5,5
2022-04-21,INTC,-0.00983575345285279,0.6767717372806461,0.5,5
2022-04-22,INTC,-0.005672457996521714,0.2694098151177173,0.5,5
2022-04-25,INTC,0.01609495668625571,0.6627048085877548,0.5,5
2022-04-26,INTC,0.023197325567115432,0.8568834041341149,0.5,5
2022-04-27,INTC,0.025772446958004132,0.7748220329295824,0.5,5
2022-04-28,INTC,0.032314333758456715,0.8780897425786771,0.5,5
2022-04-29,INTC,0.05496006202747282,0.6150257727588557,0.5,5
2022-05-02,INTC,0.044144101280592415,1.1693943487869907,0.5,5
2022-05-03,INTC,0.043584291029873795,1.0593796089312926,0.5,5
2022-05-04,INTC,0.037277913268491426,1.2361617061660122,0.5,5
2022-05-05,INTC,0.05380046496386635,1.1476277944090942,0.5,5
2022-05-06,INTC,0.03927993430213821,1.1997952696307757,0.5,5
2022-05-09,INTC,0.04968316770115261,1.1010274825954547,0.5,5
2022-05-10,INTC,0.03968857311226562,1.0938217345949799,0.5,5
2022-05-11,INTC,0.049178531268540264,0.9778668586579362,0.5,5
2022-05-12,INTC,0.02857876507532985,1.163293546891024,0.5,5
2022-05-13,INTC,0.028843063250319833,1.2682306739725988,0.5,5
2022-05-16,INTC,0.038999163413872676,0.8569777131967293,0.5,5
2022-05-17,INTC,0.03716523720102888,0.8406447155594186,0.5,5
2022-05-18,INTC,0.05024199661249436,0.5000266251527828,0.5,5
2022-05-19,INTC,0.042330765508802354,0.2406009128525143,0.5,5
2022-05-20,INTC,0.040178559667485535,0.029703497944460602,0.5,5
2022-05-23,INTC,0.040191967135622446,0.25309107710445156,0.5,5
2022-05-24,INTC,0.028919578936020505,0.08626868123918237,0.5,5
2022-05-25,INTC,0.028054174324841207,0.30843581514429147,0.5,5
2022-05-26,INTC,0.027991308728759795,0.5483720723192388,0.5,5
2022-05-27,INTC,0.02939362951904056,0.4273845569934822,0.5,5
2022-05-31,INTC,0.03064192843318393,0.252183670994167,0.5,5
2022-06-01,INTC,0.030356629356482392,0.07375897679356802,0.5,5
2022-06-02,INTC,0.026915089752736616,-0.19022003973620416,0.5,5
2022-06-03,INTC,0.026013424327638365,-0.8250355262695231,0.5,5
2022-06-06,INTC,0.033284995524339375,-0.7736744290996149,0.5,5
2022-06-07,INTC,0.02475231888674282,-0.9848674593926462,0.5,5
2022-06-08,INTC,0.03370746309318872,-1.2093825613072642,0.5,5
2022-06-09,INTC,0.024034561018171013,-1.367276661050262,0.5,5
2022-06-10,INTC,0.02484899643693326,-1.3565480011968627,0.5,5
2022-06-13,INTC,0.03626538590156175,-1.1518481590776553,0.5,5
2022-06-14,INTC,0.03914713314355303,-0.8849727656257382,0.5,5
2022-06-15,INTC,0.03434886459570863,-1.0018963701038588,0.5,5
2022-06-16,INTC,0.03581858261766583,-0.9118786457493873,0.5,5
2022-06-17,INTC,0.035292063530280936,-0.9073993293061342,0.5,5
2022-06-21,INTC,0.02717577272399879,-0.8450486289189238,0.5,5
2022-06-22,INTC,0.0324101389726297,-0.7386255274295433,0.5,5
2022-06-23,INTC,0.02567328242271913,-1.0874777123912822,0.5,5
2022-06-24,INTC,0.026252779612424757,-1.2004693958355612,0.5,5
2022-06-27,INTC,0.025826235450207364,-1.4202156339198948,0.5,5
2022-06-28,INTC,0.026814782147992766,-1.0708454992662642,0.5,5
2022-06-29,INTC,0.02827227125748317,-1.043551664408869,0.5,5
2022-06-30,INTC,0.02591994489100188,-0.9137065860657718,0.5,5
2022-01-03,MSFT,-0.013096279989823092,-0.2711580877844382,0.5,5
2022-01-04,MSFT,-0.0122512880937256,-0.5035695747293947,0.5,5
2022-01-05,MSFT,-0.0009135205265313143,-0.5016932569421697,0.5,5
2022-01-06,MSFT,0.013449723657183653,-0.07490713359523254,0.5,5
2022-01-07,MSFT,0.019197379740080314,0.02311001114521638,0.5,5
2022-01-10,MSFT,0.019150670444131955,-0.45314355052206823,0.5,5
2022-01-11,MSFT,0.016098931372465947,-0.6807890367894656,0.5,5
2022-01-12,MSFT,0.014136757869471724,-0.06322059555493098,0.5,5
2022-01-13,MSFT,0.01924187824600649,0.14177874384861344,0.5,5
2022-01-14,MSFT,0.013311122607638316,0.4374097196209309,0.5,5
2022-01-18,MSFT,0.019871944804649308,0.6278913362149199,0.5,5
2022-01-19,MSFT,0.016752913340836013,0.76342208888581,0.5,5
2022-01-20,MSFT,0.024221275015315964,0.9131472223931624,0.5,5
2022-01-21,MSFT,0.021494443054270385,0.7756264575398704,0.5,5
2022-01-24,MSFT,0.017587475123620796,0.5708040982728082,0.5,5
2022-01-25,MSFT,0.021116345950975165,0.3106149701070378,0.5,5
2022-01-26,MSFT,0.010306391406119744,0.34926180428077713,0.5,5
2022-01-27,MSFT,0.008764957345472462,0.49923159378304405,0.5,5
2022-01-28,MSFT,0.008752025298663415,0.4948814871315688,0.5,5
2022-01-31,MSFT,0.0059317656716827444,0.5016386888933506,0.5,5
2022-02-01,MSFT,0.00396759947892711,0.33742374370539807,0.5,5
2022-02-02,MSFT,0.0037132787133820813,0.26003889338108144,0.5,5
2022-02-03,MSFT,0.030839010436441862,0.29125100921248215,0.5,5
2022-02-04,MSFT,0.0068451478151360275,0.006640127517790528,0.5,5
2022-02-07,MSFT,0.004133370127475935,-0.14885352685576492,0.5,5
2022-02-08,MSFT,0.0005082258341787792,-0.08180464352060446,0.5,5
2022-02-09,MSFT,-0.0020485015079134273,0.06769436882050506,0.5,5
2022-02-10,MSFT,0.017840017483440003,0.033127200999933715,0.5,5
2022-02-11,MSFT,-0.00723766871089313,-0.08950832602870684,0.5,5
2022-02-14,MSFT,-0.015250671403081796,-0.07722950468196355,0.5,5
2022-02-15,MSFT,-0.01650119355189542,-0.030709797181472098,0.5,5
2022-02-16,MSFT,-0.019266031453652643,-0.19295730334033256,0.5,5
2022-02-17,MSFT,-0.011577040885968453,-0.2443436977683076,0.5,5
2022-02-18,MSFT,-0.021187938750307594,-0.22537503552579463,0.5,5
2022-02-22,MSFT,-0.019822924595738103,0.0038746502554035667,0.5,5
2022-02-23,MSFT,-0.0208591501799932,-0.16109822894902154,0.5,5
2022-02-24,MSFT,-0.028610270677866954,-0.2582200592539369,0.5,5
2022-02-25,MSFT,-0.01890285733119415,-0.433783222578057,0.5,5
2022-02-28,MSFT,-0.015954940667367225,-0.3473987953321426,0.5,5
2022-03-01,MSFT,-0.009056610054893516,-0.08997717122183008,0.5,5
2022-03-02,MSFT,-0.015129749545439048,0.03584768294629759,0.5,5
2022-03-03,MSFT,-0.0106494955706873,0.038701849140569955,0.5,5
2022-03-04,MSFT,-0.01038515374670537,-0.0464444509282278,0.5,5
2022-03-07,MSFT,-0.017514270652686195,-0.3587539157388588,0.5,5
2022-03-08,MSFT,-0.030507807150636366,-0.422905514659598,0.5,5
2022-03-09,MSFT,-0.031033986443264747,-0.19858892255477123,0.5,5
2022-03-10,MSFT,-0.026649526873192064,-0.5814216182555365,0.5,5
2022-03-11,MSFT,-0.0581457448215683,-0.7551105652875665,0.5,5
2022-03-14,MSFT,-0.05750770833232669,-0.7132094787417878,0.5,5
2022-03-15,MSFT,-0.04006333655975771,-0.40082435924636306,0.5,5
2022-03-16,MSFT,-0.03998567016662959,-0.45337195140072245,0.5,5
2022-03-17,MSFT,-0.05704936206929336,-0.6313456713253198,0.5,5
2022-03-18,MSFT,-0.03820421867712784,-0.5348179325414875,0.5,5
2022-03-21,MSFT,-0.024714580302353104,-0.6659495251905676,0.5,5
2022-03-22,MSFT,-0.03161368457869922,-0.857342970426294,0.5,5
2022-03-23,MSFT,-0.014614672253771945,-0.7750215179558217,0.5,5
2022-03-24,MSFT,-0.003482920496239855,-0.95500630737689,0.5,5
2022-03-25,MSFT,0.004461498727233091,-0.7481460725527758,0.5,5
2022-03-28,MSFT,-0.006730680209364112,-0.6026819767746663,0.5,5
2022-03-29,MSFT,-0.0034015888368511714,-1.0162505540123399,0.5,5
2022-03-30,MSFT,0.0010524633912502841,-0.9827553951027195,0.5,5
2022-03-31,MSFT,0.0055897873670949965,-0.9864257790257454,0.5,5
2022-04-01,MSFT,0.0010410881841025022,-0.7201233660873413,0.5,5
2022-04-04,MSFT,-0.0007893734616604515,-0.5613356943031281,0.5,5
2022-04-05,MSFT,-0.010970481887809042,-0.6051597345303172,0.5,5
2022-04-06,MSFT,-0.005989770335327771,-1.047658244514108,0.5,5
2022-04-07,MSFT,-0.01109540564834766,-0.8900457851822012,0.5,5
2022-04-08,MSFT,-0.007041859246265745,-0.7059308074214623,0.5,5
2022-04-11,MSFT,-0.0197782165445309,-1.202441433536425,0.5,5
2022-04-12,MSFT,-0.012303212231487158,-1.232842340927213,0.5,5
2022-04-13,MSFT,-0.015466783282700701,-0.9351210070722724,0.5,5
2022-04-14,MSFT,-0.0041385549981157455,-0.4639573664132409,0.5,5
2022-04-18,MSFT,-0.01736174079770223,-0.36585028762268695,0.5,5
2022-04-19,MSFT,-0.007524384466575763,-0.2495165156145557,0.5,5
2022-04-20,MSFT,-0.00328151121662547,0.11827552666035884,0.5,5
2022-04-21,MSFT,-0.018583657121074498,-0.25859817331442014,0.5,5
2022-04-22,MSFT,-0.01451432165539541,-0.004884676075528338,0.5,5
2022-04-25,MSFT,-0.0248253859707361,-0.07531983470686887,0.5,5
2022-04-26,MSFT,-0.026704865717813962,-0.35703598977082646,0.5,5
2022-04-27,MSFT,-0.06502657419769874,-0.18894879743409998,0.5,5
2022-04-28,MSFT,-0.05245156289650065,-0.16256696783880498,0.5,5
2022-04-29,MSFT,-0.014648014620166754,-0.2357716518335381,0.5,5
2022-05-02,MSFT,-0.03198674662434878,-0.1783570354099604,0.5,5
2022-05-03,MSFT,-0.0325649243749696,-0.3115033978810149,0.5,5
2022-05-04,MSFT,-0.046290074350551706,-0.36732928517168284,0.5,5
2022-05-05,MSFT,-0.017906253998950305,0.002347476220285416,0.5,5
2022-05-06,MSFT,-0.045161852004399705,-0.03777134603994159,0.5,5
2022-05-09,MSFT,-0.03396728963474064,-0.20254789646207172,0.5,5
2022-05-10,MSFT,-0.06197847840611905,-0.10226524748630106,0.5,5
2022-05-11,MSFT,-0.06424376728351425,-0.1272256772896062,0.5,5
2022-05-12,MSFT,-0.09738136482669568,-0.4909554422147091,0.5,5
2022-05-13,MSFT,-0.1058044771894545,-0.3473965488841122,0.5,5
2022-05-16,MSFT,-0.0777417957697538,-0.2597084815421671,0.5,5
2022-05-17,MSFT,-0.07500894391735573,-0.478007559109514,0.5,5
2022-05-18,MSFT,-0.05627974932789309,-0.6500284094525377,0.5,5
2022-05-19,MSFT,-0.0698069134078713,-0.8498552117206399,0.5,5
2022-05-20,MSFT,-0.07024381198806179,-0.7668783464742698,0.5,5
2022-05-23,MSFT,-0.05919110846912098,-0.8424414493842305,0.5,5
2022-05-24,MSFT,-0.07727223979281618,-0.6707468118740099,0.5,5
2022-05-25,MSFT,-0.06069939278669041,-1.3035187522587384,0.5,5
2022-05-26,MSFT,-0.01711646442637496,-0.8721169340404236,0.5,5
2022-05-27,MSFT,-0.01728262677258143,-1.0812669460777555,0.5,5
2022-05-31,MSFT,-0.025461630710024184,-1.1649290301010684,0.5,5
2022-06-01,MSFT,0.015342164831208763,-0.4855247845376208,0.5,5
2022-06-02,MSFT,0.02692614815811342,-0.6569978769222011,0.5,5
2022-06-03,MSFT,0.030502818648787546,-0.7278048207068204,0.5,5
2022-06-06,MSFT,0.0350104934954134,-0.7272606950224664,0.5,5
2022-06-07,MSFT,0.036242600137692885,-0.5980031677946744,0.5,5
2022-06-08,MSFT,0.03750847776585796,-0.4880023570252091,0.5,5
2022-06-09,MSFT,0.03597536983296574,-0.47519205934422054,0.5,5
2022-06-10,MSFT,0.03771897875041631,-0.5018630056906395,0.5,5
2022-06-13,MSFT,0.008859370289655893,-0.42061287145961185,0.5,5
2022-06-14,MSFT,0.026080388095929736,-0.4175344256574561,0.5,5
2022-06-15,MSFT,0.03278064972041253,-0.32696191915994405,0.5,5
2022-06-16,MSFT,0.025060078956780998,-0.2755482219811105,0.5,5
2022-06-17,MSFT,0.02640416767114441,-0.015271209185031262,0.5,5
2022-06-21,MSFT,0.020040466309562757,-0.05671753803400397,0.5,5
2022-06-22,MSFT,0.013677512783159401,-0.34863181278108313,0.5,5
2022-06-23,MSFT,0.014208839042942113,-0.2898810360121505,0.5,5
2022-06-24,MSFT,0.027354510998834534,0.008860516993168005,0.5,5
2022-06-27,MSFT,0.025011522876439284,0.08862833033477333,0.5,5
2022-06-28,MSFT,0.0008004605796056748,-0.1757242547533877,0.5,5
2022-06-29,MSFT,0.03561419050679125,0.7093583351531458,0.5,5
2022-06-30,MSFT,0.025581167864815114,0.4876312582340851,0.5,5
2022-01-03,NVDA,0.004961055176842287,-0.9377805951260411,0.5,5
2022-01-04,NVDA,0.007212384791246859,-0.6960725917004813,0.5,5
2022-01-05,NVDA,0.03719796186871233,-0.5932072308100766,0.5,5
2022-01-06,NVDA,0.034986762667750165,-0.3347751276875568,0.5,5
2022-01-07,NVDA,0.03679611212280512,-0.3224744016576476,0.5,5
2022-01-10,NVDA,0.04206401814942996,-0.129600844781666,0.5,5
2022-01-11,NVDA,-0.028216761517627715,-0.674288449375749,0.5,5
2022-01-12,NVDA,-0.029041129869946485,-0.9198952821032025,0.5,5
2022-01-13,NVDA,-0.02109523800324176,-1.6242713192171403,0.5,5
2022-01-14,NVDA,-0.0277409483283534,-0.748039876175752,0.5,5
2022-01-18,NVDA,-0.01565638595728204,-0.5624451055108964,0.5,5
2022-01-19,NVDA,-0.01792330153694802,-0.8664843731699415,0.5,5
2022-01-20,NVDA,0.015864200842617644,-0.7517008190654609,0.5,5
2022-01-21,NVDA,0.01552877864316681,-0.7001209170029887,0.5,5
2022-01-24,NVDA,0.021804563711967328,-0.7387839909889374,0.5,5
2022-01-25,NVDA,0.04133591639566527,-0.7572434450371788,0.5,5
2022-01-26,NVDA,0.03184009678688485,-0.5151152339219376,0.5,5
2022-01-27,NVDA,0.030917958090844553,-0.8649768092435849,0.5,5
2022-01-28,NVDA,0.03253938129203598,-0.6077571007033481,0.5,5
2022-01-31,NVDA,0.009743059959645889,-1.2156870025641515,0.5,5
2022-02-01,NVDA,0.029306858397164712,-0.8210760370320107,0.5,5
2022-02-02,NVDA,0.03495364231841931,-0.2936353846069286,0.5,5
2022-02-03,NVDA,0.06285055849829263,-0.04929731115715558,0.5,5
2022-02-04,NVDA,0.04824365624779827,-0.03971967131457549,0.5,5
2022-02-07,NVDA,0.04733978772451598,0.08679519636379955,0.5,5
2022-02-08,NVDA,0.04356988048398192,0.16734811885391565,0.5,5
2022-02-09,NVDA,0.02130071116368185,0.20154862001186075,0.5,5
2022-02-10,NVDA,0.0418196612956465,0.15653705860715988,0.5,5
2022-02-11,NVDA,0.05395109122059013,0.10621925069141018,0.5,5
2022-02-14,NVDA,0.01696649303753405,-0.10781711548636572,0.5,5
2022-02-15,NVDA,-0.012064693066639145,0.29577561317675016,0.5,5
2022-02-16,NVDA,0.0024127485117456625,0.5762956345345109,0.5,5
2022-02-17,NVDA,0.032670544503843456,0.6599888624394746,0.5,5
2022-02-18,NVDA,0.0200533477229703,0.5331270629101291,0.5,5
2022-02-22,NVDA,-0.00015830913515013135,0.4628803464927932,0.5,5
2022-02-23,NVDA,0.037986316949449275,0.8137942942664533,0.5,5
2022-02-24,NVDA,0.008684813721599408,0.6062736280455651,0.5,5
2022-02-25,NVDA,0.002279897062924061,0.7314862172800178,0.5,5
2022-02-28,NVDA,0.0057645688138031805,0.7891061641851023,0.5,5
2022-03-01,NVDA,0.013107198787716406,0.36391145802650293,0.5,5
2022-03-02,NVDA,-0.0045409219043172485,0.2830898515964813,0.5,5
2022-03-03,NVDA,0.006371536584745744,0.28348561257162586,0.5,5
2022-03-04,NVDA,0.0097522114866134,0.2237899372386871,0.5,5
2022-03-07,NVDA,0.04896035848436035,0.9703816312138419,0.5,5
2022-03-08,NVDA,0.013206961360245338,0.16306485944458438,0.5,5
2022-03-09,NVDA,0.002729469188988505,0.04562973199825898,0.5,5
2022-03-10,NVDA,0.013216187083723721,-0.3385263618711749,0.5,5
2022-03-11,NVDA,0.020745402714787975,-0.07164055898452293,0.5,5
2022-03-14,NVDA,0.018545369954219716,0.19386728444906728,0.5,5
2022-03-15,NVDA,0.003926273684047359,0.13085313176675856,0.5,5
2022-03-16,NVDA,0.0024738131938081167,-0.3993290816429771,0.5,5
2022-03-17,NVDA,0.01117620014724022,-0.42300329674840637,0.5,5
2022-03-18,NVDA,-0.005726905002240316,0.42353589529238134,0.5,5
2022-03-21,NVDA,0.031087977428647093,1.2377086277881943,0.5,5
2022-03-22,NVDA,0.03254914319999148,1.0583333582371905,0.5,5
2022-03-23,NVDA,0.008228290315362465,0.9007421968964975,0.5,5
2022-03-24,NVDA,0.027223682690866377,1.486817266611611,0.5,5
2022-03-25,NVDA,0.043035919736556114,1.5065618182124978,0.5,5
2022-03-28,NVDA,0.03121728678571733,1.3031293540003268,0.5,5
2022-03-29,NVDA,0.03584586782340303,1.9452779262558224,0.5,5
2022-03-30,NVDA,0.04301011094350527,1.7552728203803178,0.5,5
2022-03-31,NVDA,0.021311996558043365,1.5049404232015167,0.5,5
2022-04-01,NVDA,0.027939072942887246,1.3340811945597895,0.5,5
2022-04-04,NVDA,0.003881623878651809,1.164699726823964,0.5,5
2022-04-05,NVDA,0.037299579445886265,1.1821628933536883,0.5,5
2022-04-06,NVDA,0.017470798898868795,-0.21550875112246676,0.5,5
2022-04-07,NVDA,-0.0008839975648450524,-0.43368619084163595,0.5,5
2022-04-08,NVDA,0.03231906228449857,-0.4689201446321801,0.5,5
2022-04-11,NVDA,0.03521931329363406,-0.6191077205016362,0.5,5
2022-04-12,NVDA,0.020677968417016915,-1.6659484693642967,0.5,5
2022-04-13,NVDA,0.011297749629575936,-1.7955047911165054,0.5,5
2022-04-14,NVDA,0.015166882639800145,-1.932448375844231,0.5,5
2022-04-18,NVDA,0.045978559374408326,-1.1966682457990236,0.5,5
2022-04-19,NVDA,0.026484725776604642,-1.2230477099715056,0.5,5
2022-04-20,NVDA,0.029068453771080947,-0.5810517960455099,0.5,5
2022-04-21,NVDA,0.025414016694280304,-0.69049908146471,0.5,5
2022-04-22,NVDA,0.04065623491358629,-0.8769079227313537,0.5,5
2022-04-25,NVDA,0.044636128166531876,-1.1865711447983998,0.5,5
2022-04-26,NVDA,0.06070762589203475,-0.9695806116015574,0.5,5
2022-04-27,NVDA,0.06207396587915528,-0.9560442404775015,0.5,5
2022-04-28,NVDA,0.0442778967270703,-1.4354054820677657,0.5,5
2022-04-29,NVDA,0.05514189511023584,-1.7105514461879754,0.5,5
2022-05-02,NVDA,0.027504669499065004,-1.6401615478591056,0.5,5
2022-05-03,NVDA,0.029161333256662,-1.4022310648207812,0.5,5
2022-05-04,NVDA,0.019314116446930662,-1.2537383892967646,0.5,5
2022-05-05,NVDA,0.05309376865041792,-1.0273836824102154,0.5,5
2022-05-06,NVDA,0.03512287688077386,-0.8778288710017623,0.5,5
2022-05-09,NVDA,0.08034994042984522,-0.7998231941368588,0.5,5
2022-05-10,NVDA,0.04202227259851552,-0.4908793124148951,0.5,5
2022-05-11,NVDA,0.07912171544092296,-0.3541475997752507,0.5,5
2022-05-12,NVDA,0.052694763680309356,-0.46979836767386596,0.5,5
2022-05-13,NVDA,0.03858221643808067,-0.31336581773636585,0.5,5
2022-05-16,NVDA,0.05493100777387628,-0.6061764868849977,0.5,5
2022-05-17,NVDA,0.03278818039137901,-0.4326072020409341,0.5,5
2022-05-18,NVDA,0.057743329148268435,-0.530572383264212,0.5,5
2022-05-19,NVDA,0.040450842501258674,-0.29469066498226076,0.5,5
2022-05-20,NVDA,0.0688872774600892,-0.20090383056263394,0.5,5
2022-05-23,NVDA,0.039777016859415475,-0.3007330176119632,0.5,5
2022-05-24,NVDA,0.05614815843093755,-0.27924797368642185,0.5,5
2022-05-25,NVDA,0.004721838911711881,-0.2903277665208543,0.5,5
2022-05-26,NVDA,0.008179396467924075,-0.36364909861911054,0.5,5
2022-05-27,NVDA,0.015141458421576026,-0.07474402645129312,0.5,5
2022-05-31,NVDA,0.013771410482544197,-0.7042016598563123,0.5,5
2022-06-01,NVDA,0.027265289586010058,-0.9808685222690385,0.5,5
2022-06-02,NVDA,0.0028207876787081747,-0.7510455330480713,0.5,5
2022-06-03,NVDA,0.03544438343858098,-0.3737112111237131,0.5,5
2022-06-06,NVDA,0.00880053207896978,-0.5997433550440808,0.5,5
2022-06-07,NVDA,0.021704761331281883,0.2905043178248217,0.5,5
2022-06-08,NVDA,0.011942709465509882,-0.21273089736836928,0.5,5
2022-06-09,NVDA,0.030068561700471553,0.0997833952667492,0.5,5
2022-06-10,NVDA,0.046814368454796494,0.11236838505838612,0.5,5
2022-06-13,NVDA,0.06349388391275823,-0.6364962262266853,0.5,5
2022-06-14,NVDA,0.0443932134207745,-0.44282055787853414,0.5,5
2022-06-15,NVDA,0.03381564750468,-0.6495884555462091,0.5,5
2022-06-16,NVDA,0.046325704090209696,-0.4358852503292145,0.5,5
2022-06-17,NVDA,0.027063656424215158,-0.5277946364957145,0.5,5
2022-06-21,NVDA,0.01366435421214474,-0.2550196110529317,0.5,5
2022-06-22,NVDA,0.022879746214383313,-0.23109131717142742,0.5,5
2022-06-23,NVDA,0.005282726869470079,-0.3379879821749426,0.5,5
2022-06-24,NVDA,0.004788654877624925,-0.4926484522066643,0.5,5
2022-06-27,NVDA,0.016030805282030013,-0.7717264015484069,0.5,5
2022-06-28,NVDA,0.03518303815387719,-0.8836069803686879,0.5,5
2022-06-29,NVDA,0.018479348429086568,-1.3251387742109457,0.5,5
2022-06-30,NVDA,0.020775645633637364,-1.307027476179055,0.5,5
2022-01-03,PFE,0.019834419428656658,0.9488244426832639,0.5,5
2022-01-04,PFE,0.024339425794764988,1.9032148947044631,0.5,5
2022-01-05,PFE,0.014712266350401671,1.9805338817561544,0.5,5
2022-01-06,PFE,0.013163062561154041,2.0282356931727765,0.5,5
2022-01-07,PFE,0.022049529126697394,2.130346812115182,0.5,5
2022-01-10,PFE,0.02028718582411537,1.8339511994577031,0.5,5
2022-01-11,PFE,0.028177530424468213,1.3687286563363423,0.5,5
2022-01-12,PFE,0.027160971066889476,1.294874326135424,0.5,5
2022-01-13,PFE,0.02760697851756345,0.9282992630859324,0.5,5
2022-01-14,PFE,0.025650779830223618,-0.1456393249138671,0.5,5
2022-01-18,PFE,0.024266065760759476,0.4442563695173665,0.5,5
2022-01-19,PFE,0.027434214089027176,0.17908227372036023,0.5,5
2022-01-20,PFE,0.022427704717389668,0.7698779151920365,0.5,5
2022-01-21,PFE,0.02419024860801186,0.8537787716122411,0.5,5
2022-01-24,PFE,0.026974760733984592,0.7537133481688614,0.5,5
2022-01-25,PFE,0.022242824742163287,0.9580387586562411,0.5,5
2022-01-26,PFE,0.020429458063546957,1.2347873808860559,0.5,5
2022-01-27,PFE,0.02177296355370567,1.7007455624672865,0.5,5
2022-01-28,PFE,0.022430218893124815,1.357352005040494,0.5,5
2022-01-31,PFE,0.020616808830172365,0.6325845032365361,0.5,5
2022-02-01,PFE,0.018952303886418612,1.3860071320673832,0.5,5
2022-02-02,PFE,0.018952303886418612,0.8368248556445523,0.5,5
2022-02-03,PFE,0.03416304434680199,0.46027709763407465,0.5,5
2022-02-04,PFE,0.035881329023969274,0.6261918360981121,0.5,5
2022-02-07,PFE,0.03631525018811882,0.3919418488901651,0.5,5
2022-02-08,PFE,0.04854574127338556,0.33700008450704605,0.5,5
2022-02-09,PFE,0.036712635912699174,0.060250391626568145,0.5,5
2022-02-10,PFE,0.038925505634053836,-0.09759357422052875,0.5,5
2022-02-11,PFE,0.040499310217634685,0.11401893907025737,0.5,5
2022-02-14,PFE,0.024343198491111565,0.11587566904710722,0.5,5
2022-02-15,PFE,0.02436861662158602,-0.05693643644173782,0.5,5
2022-02-16,PFE,0.020006698839219753,-0.17450751643837648,0.5,5
2022-02-17,PFE,0.02498521172427272,-0.2025634853480933,0.5,5
2022-02-18,PFE,0.02101367619225971,-0.10083359435905735,0.5,5
2022-02-22,PFE,0.01788569347657127,0.1223804378385343,0.5,5
2022-02-23,PFE,0.021210858295298906,-0.21849642648376233,0.5,5
2022-02-24,PFE,0.025817243853187823,-0.5006064218530247,0.5,5
2022-02-25,PFE,0.024643979175010204,-0.58910860481346,0.5,5
2022-02-28,PFE,0.02559168793031364,-0.6149469066239354,0.5,5
2022-03-01,PFE,0.025572453193624063,-0.14987849681884707,0.5,5
2022-03-02,PFE,0.020468125787548502,0.07873767269414343,0.5,5
2022-03-03,PFE,0.021253494173852586,-0.05552293919330738,0.5,5
2022-03-04,PFE,0.01903582656849583,-0.16559909606672946,0.5,5
2022-03-07,PFE,0.02400721927088948,0.6427246951473589,0.5,5
2022-03-08,PFE,0.021514736700484628,0.717017484418415,0.5,5
2022-03-09,PFE,0.023066582194529704,0.8508689063794366,0.5,5
2022-03-10,PFE,0.02386832910581656,1.2141337348762962,0.5,5
2022-03-11,PFE,0.02422832875857547,1.4494204512872313,0.5,5
2022-03-14,PFE,0.020959672961742365,1.6405885159039855,0.5,5
2022-03-15,PFE,0.02185250126290005,1.523236639999388,0.5,5
2022-03-16,PFE,0.017097938550429608,1.3588187710855244,0.5,5
2022-03-17,PFE,0.01037390689654856,1.5953428288522165,0.5,5
2022-03-18,PFE,0.006812955244735782,1.0340809521611547,0.5,5
2022-03-21,PFE,0.014373599756684514,0.8673171114105462,0.5,5
2022-03-22,PFE,0.008473322027031169,0.5170991488574854,0.5,5
2022-03-23,PFE,0.02242798550304101,0.4438178014511712,0.5,5
2022-03-24,PFE,0.021240624737219937,0.8537969388977359,0.5,5
2022-03-25,PFE,0.02055403918817659,0.6789875756858683,0.5,5
2022-03-28,PFE,0.018731209907988662,0.8855213594324455,0.5,5
2022-03-29,PFE,0.01955576050845293,0.6249675919690184,0.5,5
2022-03-30,PFE,0.01551815318939571,0.451717971716587,0.5,5
2022-03-31,PFE,0.0236338219492178,0.04845677477455908,0.5,5
2022-04-01,PFE,0.02497580891961028,-0.6315901315510924,0.5,5
2022-04-04,PFE,0.022929878767641732,-0.8717595263424056,0.5,5
2022-04-05,PFE,0.01787737143858799,-0.8563397582196164,0.5,5
2022-04-06,PFE,0.012133033518582144,0.23873891043797055,0.5,5
2022-04-07,PFE,0.011272478602321499,0.9878566105405638,0.5,5
2022-04-08,PFE,0.014584260060947108,0.4306777311948038,0.5,5
2022-04-11,PFE,0.02514185515401541,-0.6476055687013772,0.5,5
2022-04-12,PFE,0.02782529178289202,0.06941409349959088,0.5,5
2022-04-13,PFE,0.02610863817346547,0.3730262643101989,0.5,5
2022-04-14,PFE,0.031540315144838765,0.8662859265586664,0.5,5
2022-04-18,PFE,0.030267511203271424,0.700539261811989,0.5,5
2022-04-19,PFE,0.022381856658568604,0.3268235000953141,0.5,5
2022-04-20,PFE,0.02014626748868146,0.9256033771406849,0.5,5
2022-04-21,PFE,0.019358094925782384,1.148423121853749,0.5,5
2022-04-22,PFE,0.01793828956492683,1.1531951045577162,0.5,5
2022-04-25,PFE,0.028144865265974983,1.2031372723482088,0.5,5
2022-04-26,PFE,0.01877466186818541,1.2020458806590932,0.5,5
2022-04-27,PFE,0.017454968932948168,1.4397223768293905,0.5,5
2022-04-28,PFE,0.018177533176603238,1.342048559284305,0.5,5
2022-04-29,PFE,0.04479136059038486,1.2516523062431417,0.5,5
2022-05-02,PFE,0.03714751942993473,1.0987970630775012,0.5,5
2022-05-03,PFE,0.03409825797621874,1.5016872971101791,0.5,5
2022-05-04,PFE,0.031744655567548845,1.1845699625950405,0.5,5
2022-05-05,PFE,0.04840850246154967,0.7156026452200239,0.5,5
2022-05-06,PFE,0.03579452312164167,0.5578841383529867,0.5,5
2022-05-09,PFE,0.03597672814041685,0.45974914395777977,0.5,5
2022-05-10,PFE,0.03179074393218231,0.6327461191595003,0.5,5
2022-05-11,PFE,0.03761570771287555,0.8984763538646562,0.5,5
2022-05-12,PFE,0.02310162018119315,1.4849528359449853,0.5,5
2022-05-13,PFE,0.03210862455814804,1.1070383727959403,0.5,5
2022-05-16,PFE,0.03244687733710524,1.4294949977801974,0.5,5
2022-05-17,PFE,0.03244687733710524,1.8245177657772134,0.5,5
2022-05-18,PFE,0.03485960543056295,1.8421080630489746,0.5,5
2022-05-19,PFE,0.02994467076439699,1.8804634373912035,0.5,5
2022-05-20,PFE,0.018778681217583068,1.939419260705797,0.5,5
2022-05-23,PFE,0.010461630389736062,1.8818399297737614,0.5,5
2022-05-24,PFE,0.01090379365436813,1.7559875062135462,0.5,5
2022-05-25,PFE,0.008788371121195722,1.6299562543084565,0.5,5
2022-05-26,PFE,0.019929716046180282,1.8711336195382178,0.5,5
2022-05-27,PFE,0.016616291697756334,1.4030963505848917,0.5,5
2022-05-31,PFE,0.01470684656464232,2.1040513859561725,0.5,5
2022-06-01,PFE,0.030727312848618946,1.7183059978285273,0.5,5
2022-06-02,PFE,0.028481450285121987,1.9247943996018582,0.5,5
2022-06-03,PFE,0.01883717083245543,1.4168263102992116,0.5,5
2022-06-06,PFE,0.021499118768791528,0.7781431152864811,0.5,5
2022-06-07,PFE,0.01465361873278513,0.2398633384091254,0.5,5
2022-06-08,PFE,0.015925820145637662,0.11709426475997714,0.5,5
2022-06-09,PFE,0.03237027539976177,-0.1596961241186479,0.5,5
2022-06-10,PFE,0.020558862650420198,-0.6620952723463922,0.5,5
2022-06-13,PFE,0.02200075098266807,0.1552919805038781,0.5,5
2022-06-14,PFE,0.02135086594131897,-0.373892778913874,0.5,5
2022-06-15,PFE,0.02501391680421252,-0.4258021467502862,0.5,5
2022-06-16,PFE,0.025302310287661292,-0.47472671267862676,0.5,5
2022-06-17,PFE,0.02474204828665743,-0.6496535224992916,0.5,5
2022-06-21,PFE,0.020725271949002776,-0.8362273285150746,0.5,5
2022-06-22,PFE,0.017917197364495586,-0.6439142816503869,0.5,5
2022-06-23,PFE,0.018611804967320126,-0.7984711950060058,0.5,5
2022-06-24,PFE,0.023825376301536413,-0.7233427711590685,0.5,5
2022-06-27,PFE,0.027540823645569718,-0.37018759587749006,0.5,5
2022-06-28,PFE,0.020362795711988093,0.2151577457292324,0.5,5
2022-06-29,PFE,0.02444586433521326,0.5392150148986414,0.5,5
2022-06-30,PFE,0.02611901032964764,1.3646539650576128,0.5,5
2022-01-03,PYPL,-0.022545891128067885,-0.04114155816384463,0.5,5
2022-01-04,PYPL,-0.016690282504471146,-0.028726756211793325,0.5,5
2022-01-05,PYPL,-0.00045747333128337846,0.03716589594167041,0.5,5
2022-01-06,PYPL,-0.017257208942886557,-0.29658766865142083,0.5,5
2022-01-07,PYPL,-0.005341795675734024,-0.02264266285121766,0.5,5
2022-01-10,PYPL,0.0059293819907257775,0.08149077842701746,0.5,5
2022-01-11,PYPL,-0.01701966264691962,0.3011889288326026,0.5,5
2022-01-12,PYPL,-0.015878658335937847,-0.2723973963593851,0.5,5
2022-01-13,PYPL,-0.018043270656225966,-0.28559394735978794,0.5,5
2022-01-14,PYPL,-0.02876793445810324,-0.8360302007352051,0.5,5
2022-01-18,PYPL,-0.020238816581196535,-0.6428093834779474,0.5,5
2022-01-19,PYPL,-0.024895025023154306,-0.4913482727802122,0.5,5
2022-01-20,PYPL,-0.011060957883551024,-0.6727539885224079,0.5,5
2022-01-21,PYPL,-0.017485101359611843,-1.2025893183986838,0.5,5
2022-01-24,PYPL,-0.02353845543998931,-1.3366222307126923,0.5,5
2022-01-25,PYPL,-0.011707582109541214,-0.8888977225892227,0.5,5
2022-01-26,PYPL,-0.020502184737154164,-1.1677849784189753,0.5,5
2022-01-27,PYPL,-0.009689020429946989,-0.6934840926334516,0.5,5
2022-01-28,PYPL,-0.00029259966538990127,-0.5930002156959215,0.5,5
2022-01-31,PYPL,-0.0035522348169910014,-0.185566100126288,0.5,5
2022-02-01,PYPL,-0.0013820690105542997,-0.30424978695872396,0.5,5
2022-02-02,PYPL,0.1353607460427459,-0.8633515812228494,0.5,5
2022-02-03,PYPL,0.1353607460427459,-0.9229429694424809,0.5,5
2022-02-04,PYPL,0.06253274231502455,-1.477426717089703,0.5,5
2022-02-07,PYPL,0.09059627414566339,-1.5123724071461968,0.5,5
2022-02-08,PYPL,0.0655816962744462,-1.7470074434325102,0.5,5
2022-02-09,PYPL,0.05178072851971501,-2.0439759381697127,0.5,5
2022-02-10,PYPL,0.07200561238380787,-2.0325320151857715,0.5,5
2022-02-11,PYPL,0.07625181101931361,-2.089903729748253,0.5,5
2022-02-14,PYPL,0.035277859375706086,-2.3629864629803055,0.5,5
2022-02-15,PYPL,0.023746100425108736,-2.4155897324155378,0.5,5
2022-02-16,PYPL,0.05865220332977515,-2.044853386950561,0.5,5
2022-02-17,PYPL,0.06827915342704823,-1.941831719634585,0.5,5
2022-02-18,PYPL,0.04818469476455979,-2.0003429579224163,0.5,5
2022-02-22,PYPL,0.025371169476428316,-2.082260457367441,0.5,5
2022-02-23,PYPL,0.04828254970159907,-1.945348769594796,0.5,5
2022-02-24,PYPL,0.01709494169884132,-2.2232461311581186,0.5,5
2022-02-25,PYPL,0.02316509036431638,-2.1453863923440206,0.5,5
2022-02-28,PYPL,0.004698161079854444,-2.434747198779542,0.5,5
2022-03-01,PYPL,0.028997066418648194,-2.0999273041955355,0.5,5
2022-03-02,PYPL,-0.0008458929977874637,-2.46862487225176,0.5,5
2022-03-03,PYPL,-0.007971986321865257,-2.092994674969015,0.5,5
2022-03-04,PYPL,-0.00610516395601182,-1.8631777248082042,0.5,5
2022-03-07,PYPL,0.015905546198963724,-1.5856443496983075,0.5,5
2022-03-08,PYPL,-0.003119055725318442,-1.5986984325761355,0.5,5
2022-03-09,PYPL,0.05095124974192151,-0.1382105654127911,0.5,5
2022-03-10,PYPL,0.017153596822001318,-0.7856260007953266,0.5,5
2022-03-11,PYPL,0.011561315782774643,-0.7123512960206669,0.5,5
2022-03-14,PYPL,0.012081877873504527,-0.4380159181646826,0.5,5
2022-03-15,PYPL,0.0501223022441655,0.3096773406625877,0.5,5
2022-03-16,PYPL,0.0746983984197006,0.8729431476220519,0.5,5
2022-03-17,PYPL,0.09382226467151303,1.665962645864128,0.5,5
2022-03-18,PYPL,0.14626209268525267,2.5858953912459173,0.5,5
2022-03-21,PYPL,0.16617092298811098,2.0998433925482507,0.5,5
2022-03-22,PYPL,0.14207913159355576,2.2896421594295386,0.5,5
2022-03-23,PYPL,0.1408272464469201,2.096699714142476,0.5,5
2022-03-24,PYPL,0.13633891644838483,1.5722057143173658,0.5,5
2022-03-25,PYPL,0.1482940138793852,0.7183569768029925,0.5,5
2022-03-28,PYPL,0.14577303978693618,0.9682089922267129,0.5,5
2022-03-29,PYPL,0.2006197347705253,1.6965451112877876,0.5,5
2022-03-30,PYPL,0.16740732581455,2.0401032092480937,0.5,5
2022-03-31,PYPL,0.16473492285926344,2.560287626326045,0.5,5
2022-04-01,PYPL,0.1512788151892328,2.560177587643053,0.5,5
2022-04-04,PYPL,-0.0011456046577376154,1.2961717614576347,0.5,5
2022-04-05,PYPL,0.02196539966453691,1.4493744328431266,0.5,5
2022-04-06,PYPL,0.058565304796574305,1.7437009713560125,0.5,5
2022-04-07,PYPL,0.0007556915756821416,1.4523424709706607,0.5,5
2022-04-08,PYPL,0.009241241151356194,1.5670296758755589,0.5,5
2022-04-11,PYPL,3.64808456540775e-05,1.1212186703213232,0.5,5
2022-04-12,PYPL,0.0015924157109232302,0.8861130606685844,0.5,5
2022-04-13,PYPL,-0.0005959406362935813,-0.6990141902914793,0.5,5
2022-04-14,PYPL,0.0037800402195079423,-1.045210984823497,0.5,5
2022-04-18,PYPL,-0.004056069477078288,-1.6157096869063614,0.5,5
2022-04-19,PYPL,-0.007381877675946427,-1.1225239421723523,0.5,5
2022-04-20,PYPL,0.008578979035198005,-1.4034912330767098,0.5,5
2022-04-21,PYPL,0.003692115237082652,-1.57186268559214,0.5,5
2022-04-22,PYPL,0.006235495139593789,-1.3331572643628413,0.5,5
2022-04-25,PYPL,0.01800173133553688,-1.105352981011601,0.5,5
2022-04-26,PYPL,0.01767736647775832,-1.2157363995303623,0.5,5
2022-04-27,PYPL,0.010218227642129093,-1.2993552994140671,0.5,5
2022-04-28,PYPL,0.06720084858730134,-0.31914800344799465,0.5,5
2022-04-29,PYPL,0.0915223516333634,-0.201405232563715,0.5,5
2022-05-02,PYPL,0.07433162747859545,-0.2584029172927923,0.5,5
2022-05-03,PYPL,0.07607381857207215,-0.39029121008118006,0.5,5
2022-05-04,PYPL,0.06970069351398911,-0.49079083680157853,0.5,5
2022-05-05,PYPL,0.11822442138446464,-0.3662669858384312,0.5,5
2022-05-06,PYPL,0.11566211984803476,-0.6062070342509509,0.5,5
2022-05-09,PYPL,0.10231212157630232,-0.7698931397931689,0.5,5
2022-05-10,PYPL,0.0812012796398813,-0.9834075475912986,0.5,5
2022-05-11,PYPL,0.09465253042252957,-1.029780441953603,0.5,5
2022-05-12,PYPL,0.051315231540649556,-0.7048159762271569,0.5,5
2022-05-13,PYPL,0.05500403554712743,-0.9687546737969062,0.5,5
2022-05-16,PYPL,0.059658641128633,-0.8001741770564464,0.5,5
2022-05-17,PYPL,0.056898758406227386,-0.672267193353264,0.5,5
2022-05-18,PYPL,0.08000485910626982,-0.005669371023433678,0.5,5
2022-05-19,PYPL,0.06932504072160493,0.7507789563475333,0.5,5
2022-05-20,PYPL,0.08442622812362915,0.8082590624506916,0.5,5
2022-05-23,PYPL,0.05021884521168882,0.6721078935555482,0.5,5
2022-05-24,PYPL,0.07338644309749352,0.7646230541115359,0.5,5
2022-05-25,PYPL,0.04606303070199229,0.9345171537993446,0.5,5
2022-05-26,PYPL,0.04023851890186262,0.2096932503072395,0.5,5
2022-05-27,PYPL,0.06387143385412901,0.09643155915189583,0.5,5
2022-05-31,PYPL,0.05658193501294357,-0.6253076602003336,0.5,5
2022-06-01,PYPL,0.07415029900548441,-0.7931504750727576,0.5,5
2022-06-02,PYPL,0.029070344570863042,-0.5482099018565377,0.5,5
2022-06-03,PYPL,0.057073245408101075,0.18365281894709226,0.5,5
2022-06-06,PYPL,-0.0008767945689624738,0.12209348067645992,0.5,5
2022-06-07,PYPL,0.0209182764842698,0.24949616659187618,0.5,5
2022-06-08,PYPL,0.02260671210748917,0.4038293255573482,0.5,5
2022-06-09,PYPL,0.013514070171933765,0.2712937621553019,0.5,5
2022-06-10,PYPL,0.0996959530982265,0.7342154542215664,0.5,5
2022-06-13,PYPL,0.07800789791840405,0.28161639315900666,0.5,5
2022-06-14,PYPL,0.08211065800546247,0.0967759257233434,0.5,5
2022-06-15,PYPL,0.08627182582456132,0.34500475687153276,0.5,5
2022-06-16,PYPL,0.07230766646749058,-0.137838802114025,0.5,5
2022-06-17,PYPL,0.0736526519896239,-0.22923618076079955,0.5,5
2022-06-21,PYPL,0.06525562224562853,-0.3779014663573801,0.5,5
2022-06-22,PYPL,0.05890608836818727,-0.25948498495990585,0.5,5
2022-06-23,PYPL,0.05839983451117036,-0.2560285853280467,0.5,5
2022-06-24,PYPL,0.028134011304579112,-0.5481855118003437,0.5,5
2022-06-27,PYPL,0.04367025655108563,-0.3535692537112474,0.5,5
2022-06-28,PYPL,0.03788912355411662,-0.9383266971157416,0.5,5
2022-06-29,PYPL,0.04457121121186104,-0.7431452025979819,0.5,5
2022-06-30,PYPL,0.04205337645294712,-0.6549141603498341,0.5,5
2022-01-03,ZM,-0.0217589098121555,-1.3270398834157775,0.5,5
2022-01-04,ZM,-0.014453526661415868,-1.5704140424893072,0.5,5
2022-01-05,ZM,0.006892622063525181,-0.528183524811935,0.5,5
2022-01-06,ZM,-0.02721310170801051,-1.69166697986921,0.5,5
2022-01-07,ZM,-0.028579823120787405,-1.6769262511035348,0.5,5
2022-01-10,ZM,-0.03941427316196776,-1.4612064497376807,0.5,5
2022-01-11,ZM,-0.03622688380904877,-1.4773710711465018,0.5,5
2022-01-12,ZM,-0.016907410001428324,-1.555244277264281,0.5,5
2022-01-13,ZM,-0.017705727918243232,-1.368906797499333,0.5,5
2022-01-14,ZM,-0.01831831505652715,-1.6595962692903552,0.5,5
2022-01-18,ZM,-0.0090064764136129,-2.204320242553362,0.5,5
2022-01-19,ZM,-0.008075857239663389,-1.983883769943152,0.5,5
2022-01-20,ZM,-0.0016708273772009369,-2.2106238254407224,0.5,5
2022-01-21,ZM,-0.003191357145394336,-1.8306336314187308,0.5,5
2022-01-24,ZM,-0.00618237548866553,-1.4806560276561584,0.5,5
2022-01-25,ZM,-0.003738426830676233,-1.2809651477179362,0.5,5
2022-01-26,ZM,-0.0039585071535842,-1.4590895620101367,0.5,5
2022-01-27,ZM,0.004069541469912201,-1.3930180122741906,0.5,5
2022-01-28,ZM,0.0048787995065255885,-1.7760973626877403,0.5,5
2022-01-31,ZM,0.007910339717065673,-1.1674668930625927,0.5,5
2022-02-01,ZM,0.0015067041108207764,-1.3733182703384628,0.5,5
2022-02-02,ZM,0.035969036738813416,-0.6560503067652435,0.5,5
2022-02-03,ZM,0.0969309347752725,-0.3133534087954034,0.5,5
2022-02-04,ZM,0.033064181538996026,-0.7536938667203152,0.5,5
2022-02-07,ZM,0.04276301102522555,-0.7148132932402043,0.5,5
2022-02-08,ZM,0.04531492016843482,-0.5907869480647195,0.5,5
2022-02-09,ZM,0.06370853489417548,-0.06263266848609805,0.5,5
2022-02-10,ZM,0.08456932722760124,0.20017990061200913,0.5,5
2022-02-11,ZM,0.07536379133492284,0.1133089648667911,0.5,5
2022-02-14,ZM,0.08212975027489224,0.7024338314643783,0.5,5
2022-02-15,ZM,0.07204115968960288,0.6291931113401936,0.5,5
2022-02-16,ZM,0.09343416613434741,0.22923661547737367,0.5,5
2022-02-17,ZM,0.08374573928660274,-0.0897491171990582,0.5,5
2022-02-18,ZM,0.02395629516833894,-0.5701478418208625,0.5,5
2022-02-22,ZM,-0.0007533138792232485,-0.8998002125068182,0.5,5
2022-02-23,ZM,0.02986174614681823,-0.7060421475732124,0.5,5
2022-02-24,ZM,0.033396749120657224,-0.15624713905512058,0.5,5
2022-02-25,ZM,0.03561470028449884,-0.2539722923671748,0.5,5
2022-02-28,ZM,0.020406365208883778,-0.207506799450929,0.5,5
2022-03-01,ZM,0.018436593441432562,-0.859476386864877,0.5,5
2022-03-02,ZM,1.4959386516958017e-05,-1.148680350760343,0.5,5
2022-03-03,ZM,0.03786236126152351,-1.2365472709649112,0.5,5
2022-03-04,ZM,0.0263069960583108,-1.474376983617735,0.5,5
2022-03-07,ZM,0.01736392369004622,-1.4704563602245126,0.5,5
2022-03-08,ZM,0.00011019912565318605,-1.7152584119928371,0.5,5
2022-03-09,ZM,0.005447689475883368,-2.0884125549395818,0.5,5
2022-03-10,ZM,0.02907643819124682,-1.7696473023113624,0.5,5
2022-03-11,ZM,0.026332472716398707,-1.9034954254146939,0.5,5
2022-03-14,ZM,0.017885607718036475,-2.058896409068249,0.5,5
2022-03-15,ZM,0.009633996177125974,-2.3615115215738545,0.5,5
2022-03-16,ZM,0.03131763306377357,-2.111185108281726,0.5,5
2022-03-17,ZM,-0.002987492756795537,-2.289628908800415,0.5,5
2022-03-18,ZM,0.01607773670812384,-1.881087129424176,0.5,5
2022-03-21,ZM,0.030227619285817818,-1.9555692136660716,0.5,5
2022-03-22,ZM,0.03782462591259876,-1.984399516062624,0.5,5
2022-03-23,ZM,0.06778193352436696,-1.7623460483840092,0.5,5
2022-03-24,ZM,0.04439723704403414,-1.8733741958662298,0.5,5
2022-03-25,ZM,0.07541748759799105,-1.7397727847566782,0.5,5
2022-03-28,ZM,0.03434887920694854,-2.1503145012006075,0.5,5
2022-03-29,ZM,0.06526974035197902,-1.232864548872716,0.5,5
2022-03-30,ZM,0.08188953031639841,-1.2467058704161165,0.5,5
2022-03-31,ZM,0.09523259714415547,-0.31721724198656565,0.5,5
2022-04-01,ZM,0.09651830769916613,0.4781739427111506,0.5,5
2022-04-04,ZM,0.08396710652229451,1.184935328518384,0.5,5
2022-04-05,ZM,0.11084902570377726,1.0902060281001922,0.5,5
2022-04-06,ZM,0.10310991754737621,1.0951958979853125,0.5,5
2022-04-07,ZM,0.10534461050701027,1.9705772542004745,0.5,5
2022-04-08,ZM,0.10188426888127547,2.396867759498398,0.5,5
2022-04-11,ZM,0.11685790858125786,2.9333361831538385,0.5,5
2022-04-12,ZM,0.0951153108533773,2.273661969664297,0.5,5
2022-04-13,ZM,0.07192459375954639,2.6474399787177756,0.5,5
2022-04-14,ZM,0.07274654699616112,1.8991171261022017,0.5,5
2022-04-18,ZM,0.07407624115303213,0.7099086847217475,0.5,5
2022-04-19,ZM,0.01031966260494144,0.34527867436995274,0.5,5
2022-04-20,ZM,0.01484222030692321,-0.30638569425419104,0.5,5
2022-04-21,ZM,0.01151284830104026,-0.16064030542201396,0.5,5
2022-04-22,ZM,0.005826496636318425,-0.005032986155119542,0.5,5
2022-04-25,ZM,0.011635025025588561,0.44121428903585524,0.5,5
2022-04-26,ZM,0.02562540208541862,0.3532705868761711,0.5,5
2022-04-27,ZM,0.03994846812982587,0.04575496618785352,0.5,5
2022-04-28,ZM,0.03527416656728233,-0.0001706372817150692,0.5,5
2022-04-29,ZM,0.08292648581850262,0.7015311300776197,0.5,5
2022-05-02,ZM,0.07452934368733849,1.044810443355917,0.5,5
2022-05-03,ZM,0.07840890694642194,0.6435869479579471,0.5,5
2022-05-04,ZM,0.06858243703763901,0.7775183627351355,0.5,5
2022-05-05,ZM,0.09356080384335597,0.6869181260333683,0.5,5
2022-05-06,ZM,0.09408582375370363,0.6255689582176397,0.5,5
2022-05-09,ZM,0.11109658592195212,0.7114124983577171,0.5,5
2022-05-10,ZM,0.09702872318322132,0.42035540633437146,0.5,5
2022-05-11,ZM,0.11950992439314305,0.2540671067791504,0.5,5
2022-05-12,ZM,0.0569607017315149,-0.31390779970737254,0.5,5
2022-05-13,ZM,0.09103376023837566,0.5165807250635222,0.5,5
2022-05-16,ZM,0.11624453854130298,0.5532189922922561,0.5,5
2022-05-17,ZM,0.07601522514961218,0.07228319502426417,0.5,5
2022-05-18,ZM,0.10538629381557783,0.3124154255490008,0.5,5
2022-05-19,ZM,0.0969383303596496,0.9553832085950469,0.5,5
2022-05-20,ZM,0.1206832544271013,0.7149604301308361,0.5,5
2022-05-23,ZM,0.05773041267400849,0.20746097903319938,0.5,5
2022-05-24,ZM,0.06256345739234208,0.8510842746163305,0.5,5
2022-05-25,ZM,0.030206527361063464,1.540936944629226,0.5,5
2022-05-26,ZM,0.0298269597977218,1.772202253527266,0.5,5
2022-05-27,ZM,0.05642285923586618,2.1379047445706174,0.5,5
2022-05-31,ZM,0.10829201516675001,1.788773893830689,0.5,5
2022-06-01,ZM,0.09756450709275431,2.078038906221141,0.5,5
2022-06-02,ZM,0.08165642586883583,1.9674647589154164,0.5,5
2022-06-03,ZM,0.1622146959516808,2.5068900940181145,0.5,5
2022-06-06,ZM,0.17629901296379238,2.9685910034449545,0.5,5
2022-06-07,ZM,0.1499343000304336,3.220635907816642,0.5,5
2022-06-08,ZM,0.1519714807526103,3.3401341205490938,0.5,5
2022-06-09,ZM,0.19148049226353486,3.5007459554436346,0.5,5
2022-06-10,ZM,0.1852829897261473,3.5174462554967825,0.5,5
2022-06-13,ZM,0.17215986132719982,3.4971549293722726,0.5,5
2022-06-14,ZM,0.16437235936912747,3.7431498040083104,0.5,5
2022-06-15,ZM,0.13877649118986565,3.6387592089920355,0.5,5
2022-06-16,ZM,0.15831428945412718,3.8129194956296715,0.5,5
2022-06-17,ZM,0.11529389527383574,3.529396923307992,0.5,5
2022-06-21,ZM,0.1022815809109953,3.4648584889088307,0.5,5
2022-06-22,ZM,0.09661650550183072,3.571740243423857,0.5,5
2022-06-23,ZM,0.10218195184684367,3.295551334217011,0.5,5
2022-06-24,ZM,0.0843661323346999,3.0004553892713335,0.5,5
2022-06-27,ZM,0.09114502834160784,2.865021557968605,0.5,5
2022-06-28,ZM,0.07088457886579454,2.4871262485270176,0.5,5
2022-06-29,ZM,0.07563364017370211,2.619621748067095,0.5,5
2022-06-30,ZM,0.08386159626979875,2.3902024357990603,0.5,5
2022-07-01,AAPL,-0.006897156404855478,-0.27459224140193395,0.5,6
2022-07-05,AAPL,-0.007073706730154647,0.09625220835782888,0.5,6
2022-07-06,AAPL,-0.007138458450697557,0.21072644918833078,0.5,6
2022-07-07,AAPL,-0.007617743258191028,0.3154896347831842,0.5,6
2022-07-08,AAPL,-0.01079167986050615,0.2864727055428695,0.5,6
2022-07-11,AAPL,-0.009272761781905793,0.29633441794860704,0.5,6
2022-07-12,AAPL,-0.0055571548613621785,0.8772186916605826,0.5,6
2022-07-13,AAPL,-0.0010535006691112067,1.0111304427729915,0.5,6
2022-07-14,AAPL,-0.0065031085431158505,0.9684789417002418,0.5,6
2022-07-15,AAPL,-0.004055027588180964,1.2367235566840251,0.5,6
2022-07-18,AAPL,-0.0038226119495210456,1.3664865507705262,0.5,6
2022-07-19,AAPL,-0.00895426714450701,1.1914581671096283,0.5,6
2022-07-20,AAPL,-0.0017002271847153443,1.041561875547179,0.5,6
2022-07-21,AAPL,-0.008926356904735339,0.9856309734641433,0.5,6
2022-07-22,AAPL,-0.001976957621464729,1.1024061540391574,0.5,6
2022-07-25,AAPL,0.005190478898513809,1.345598366133009,0.5,6
2022-07-26,AAPL,0.004491386122453947,1.2735928744673384,0.5,6
2022-07-27,AAPL,-0.002400857349322741,0.5445728888664467,0.5,6
2022-07-28,AAPL,0.008908334025849694,0.3686234929626609,0.5,6
2022-07-29,AAPL,0.003818271565405496,0.35865348819697507,0.5,6
2022-08-01,AAPL,0.0120173109183419,0.24119457320398355,0.5,6
2022-08-02,AAPL,0.008142458285620295,0.3382802836040216,0.5,6
2022-08-03,AAPL,0.0005425254803317546,0.21528658454834962,0.5,6
2022-08-04,AAPL,0.007820835016534767,0.21149961264291237,0.5,6
2022-08-05,AAPL,0.011688346984235319,0.2760458764026824,0.5,6
2022-08-08,AAPL,0.005560011457852664,0.08446859474167309,0.5,6
2022-08-09,AAPL,-0.001690669790019579,-0.0013457690748723272,0.5,6
2022-08-10,AAPL,-0.013343401738841252,-0.25352060873498766,0.5,6
2022-08-11,AAPL,0.00012270976580591985,-0.2387535264374498,0.5,6
2022-08-12,AAPL,-0.01130545117179128,-0.18508142788232707,0.5,6
2022-08-15,AAPL,-0.013063326992205866,-0.011265254878958963,0.5,6
2022-08-16,AAPL,-0.0091448550360244,0.125823234452271,0.5,6
2022-08-17,AAPL,-0.012661823459777474,0.504248404340466,0.5,6
2022-08-18,AAPL,-0.004790714434845564,0.5165343288771076,0.5,6
2022-08-19,AAPL,-0.00108652344165719,0.4722039816428858,0.5,6
2022-08-22,AAPL,-0.006238203451305003,0.6255281500008667,0.5,6
2022-08-23,AAPL,-0.006238203451305003,0.23463058286198085,0.5,6
2022-08-24,AAPL,0.0030982597079177773,0.48071598433450086,0.5,6
2022-08-25,AAPL,-0.002499241346308754,0.37793621866642146,0.5,6
2022-08-26,AAPL,0.0014239327209714912,0.3973434997332228,0.5,6
2022-08-29,AAPL,-5.000746068287062e-05,0.4929751080341555,0.5,6
2022-08-30,AAPL,0.004728950902916841,0.7810110894474103,0.5,6
2022-08-31,AAPL,0.002775073359749706,0.8063752346056313,0.5,6
2022-09-01,AAPL,-0.0016996039919017583,0.7581503891475917,0.5,6
2022-09-02,AAPL,-0.005740079551286126,0.62492594477451,0.5,6
2022-09-06,AAPL,-0.007933129156305244,0.5505241228369129,0.5,6
2022-09-07,AAPL,-0.00538458954628415,0.35938175855564225,0.5,6
2022-09-08,AAPL,0.0006162763878648596,0.24431481150912307,0.5,6
2022-09-09,AAPL,-0.013495226226864712,-0.010894573825900533,0.5,6
2022-09-12,AAPL,-0.006794510540781321,0.48160310441033816,0.5,6
2022-09-13,AAPL,-0.011122128901392305,0.25355195284352666,0.5,6
2022-09-14,AAPL,-0.01624100348915272,-0.011977182133344422,0.5,6
2022-09-15,AAPL,-0.008499481088014176,-0.0748797328724144,0.5,6
2022-09-16,AAPL,-0.013798028089197998,-0.0654770822205698,0.5,6
2022-09-19,AAPL,-0.01914580046959865,-0.015055372754948781,0.5,6
2022-09-20,AAPL,0.0032136885365640837,0.7062159830585983,0.5,6
2022-09-21,AAPL,0.005165164688339954,0.6250129613800656,0.5,6
2022-09-22,AAPL,-0.00581435035556017,0.7634677877251013,0.5,6
2022-09-23,AAPL,-0.004650734140795342,0.5717277422043201,0.5,6
2022-09-26,AAPL,-0.0010720925348404486,0.8419710151565825,0.5,6
2022-09-27,AAPL,0.004343271865673196,1.2145805768574316,0.5,6
2022-09-28,AAPL,-0.00041547494756001666,0.7004566578543616,0.5,6
2022-09-29,AAPL,-0.017909470356343247,-0.3296398640047925,0.5,6
2022-09-30,AAPL,-0.013291402074951013,-0.5352650712557325,0.5,6
2022-10-03,AAPL,-0.0201767625012773,-0.6359705897709511,0.5,6
2022-10-04,AAPL,-0.01895068513359697,-1.0549932219310838,0.5,6
2022-10-05,AAPL,-0.012421111296809811,-0.7054062388604534,0.5,6
2022-10-06,AAPL,-0.01684160335341792,-0.33711007494248973,0.5,6
2022-10-07,AAPL,-0.022650313048563905,-0.1442789566111877,0.5,6
2022-10-10,AAPL,-0.011110435983294068,-0.06283268264772107,0.5,6
2022-10-11,AAPL,-0.00024201820987676165,0.043084779166957105,0.5,6
2022-10-12,AAPL,-0.009624845254130727,-0.4702616079528737,0.5,6
2022-10-13,AAPL,-0.01711238541473311,-0.02048224552004624,0.5,6
2022-10-14,AAPL,-0.02175330430239735,0.06393820597215943,0.5,6
2022-10-17,AAPL,-0.016330295756662838,-0.7728408876200079,0.5,6
2022-10-18,AAPL,-0.006856847316401858,-1.3024622764599427,0.5,6
2022-10-19,AAPL,-0.009009780473624909,-0.9984772906374195,0.5,6
2022-10-20,AAPL,-0.00940716074016639,-1.2455607246568674,0.5,6
2022-10-21,AAPL,-0.009482789262542982,-1.1612835537943769,0.5,6
2022-10-24,AAPL,-0.009069000188666463,-1.4666954467508388,0.5,6
2022-10-25,AAPL,-0.010370249887666128,-1.7761180402443257,0.5,6
2022-10-26,AAPL,-0.011026942169137202,-0.4646664902974254,0.5,6
2022-10-27,AAPL,-0.004908064665479106,-0.32694933633766887,0.5,6
2022-10-28,AAPL,-0.01715335299241658,0.15443559395491624,0.5,6
2022-10-31,AAPL,0.0024370923158795656,0.1870065111875655,0.5,6
2022-11-01,AAPL,-0.0033671469683940946,0.1281040154048571,0.5,6
2022-11-02,AAPL,-0.00674484484650862,0.034869472726945405,0.5,6
2022-11-03,AAPL,-0.008834068592078076,-0.3803788948274865,0.5,6
2022-11-04,AAPL,-0.002680494012266157,-0.25759157171924807,0.5,6
2022-11-07,AAPL,-0.0022712013895419287,-0.40862851331669015,0.5,6
2022-11-08,AAPL,0.0017097147973414155,-0.11817166134669249,0.5,6
2022-11-09,AAPL,-0.009330220509502853,-0.3968846528813586,0.5,6
2022-11-10,AAPL,-0.01549617301410955,-0.8630792322685072,0.5,6
2022-11-11,AAPL,-0.0009089704175927346,-0.8914799784247964,0.5,6
2022-11-14,AAPL,-0.002635294763503362,-0.7076777867501335,0.5,6
2022-11-15,AAPL,-0.003416781295783817,-0.7328769030804195,0.5,6
2022-11-16,AAPL,-0.0009441089154218004,-0.6954894565705447,0.5,6
2022-11-17,AAPL,-0.0007534565674906748,-0.4622406694061442,0.5,6
2022-11-18,AAPL,-0.004300920454141908,-0.4349109384798231,0.5,6
2022-11-21,AAPL,-6.881112978210173e-05,-0.382105429492925,0.5,6
2022-11-22,AAPL,-0.00332504876510239,-0.37791928162929567,0.5,6
2022-11-23,AAPL,-0.003864432386710426,-0.45306017835761714,0.5,6
2022-11-25,AAPL,-0.006228558606357352,-0.200241019619799,0.5,6
2022-11-28,AAPL,-0.013180788671966932,-0.8816771993998964,0.5,6
2022-11-29,AAPL,-0.02096189858087884,-1.1043046160015813,0.5,6
2022-11-30,AAPL,-0.018492204313338,-1.0019957006416673,0.5,6
2022-12-01,AAPL,-0.005003401743762221,-0.9538472326781132,0.5,6
2022-12-02,AAPL,-0.012004646618046042,-0.5272230087988697,0.5,6
2022-12-05,AAPL,-0.012327774360672946,-0.16576669458883783,0.5,6
2022-12-06,AAPL,-0.0202495082205695,-0.181339327008156,0.5,6
2022-12-07,AAPL,-0.030172574176134455,-0.48890318873762006,0.5,6
2022-12-08,AAPL,-0.027868965297130573,-0.5137127373661733,0.5,6
2022-12-09,AAPL,-0.003433083029018647,-0.25447861451666615,0.5,6
2022-12-12,AAPL,0.003913480271187546,-0.04189003339412577,0.5,6
2022-12-13,AAPL,0.006722386315576098,0.016490779728012626,0.5,6
2022-12-14,AAPL,-0.004198985975503114,-0.19551771025604164,0.5,6
2022-12-15,AAPL,-0.008995575311919772,-0.6262947792763779,0.5,6
2022-12-16,AAPL,-0.01262516476501903,-0.9000031292270585,0.5,6
2022-12-19,AAPL,-0.002669135702975223,-0.8710149199062351,0.5,6
2022-12-20,AAPL,-0.005510026381537738,-0.9249572277617936,0.5,6
2022-12-21,AAPL,-0.007674630044152444,-0.9617333933258743,0.5,6
2022-12-22,AAPL,-0.009076290281068655,-0.8892923013022469,0.5,6
2022-12-23,AAPL,-0.004236279676099476,-0.7457769493477581,0.5,6
2022-12-27,AAPL,-0.007390782358973783,-0.569480809047607,0.5,6
2022-12-28,AAPL,-0.00800241008858236,-0.7075310462276252,0.5,6
2022-12-29,AAPL,3.2577471801306895e-05,-0.7560153163531946,0.5,6
2022-12-30,AAPL,-0.0048631168244649674,-0.928217402137979,0.5,6
2022-07-01,AMZN,-0.00844556863351775,-0.8390604641317533,0.5,6
2022-07-05,AMZN,-0.025819509480487227,-0.6798589413508391,0.5,6
2022-07-06,AMZN,-0.014032989966364538,-0.6283811947821414,0.5,6
2022-07-07,AMZN,-0.019299582322810725,-0.3526828734424248,0.5,6
2022-07-08,AMZN,-0.012148952916947823,-0.2975418990967121,0.5,6
2022-07-11,AMZN,-0.006295423769878393,-0.3938058636590941,0.5,6
2022-07-12,AMZN,0.004246023795432487,-0.026274944600969352,0.5,6
2022-07-13,AMZN,-0.0009120274230211201,0.2811451446255915,0.5,6
2022-07-14,AMZN,-0.00434575491448027,0.45714877354610267,0.5,6
2022-07-15,AMZN,-0.00725084728411212,0.36320201921447437,0.5,6
2022-07-18,AMZN,0.004214411619699796,0.8911161524819077,0.5,6
2022-07-19,AMZN,-0.013077173079419637,0.5544722875230762,0.5,6
2022-07-20,AMZN,-0.024448777382071216,0.7337445743725635,0.5,6
2022-07-21,AMZN,-0.0282804610059866,0.5483508961541911,0.5,6
2022-07-22,AMZN,-0.0205751616856583,0.23611293298504488,0.5,6
2022-07-25,AMZN,-0.010827847336261232,0.5138620392926438,0.5,6
2022-07-26,AMZN,-0.012167090777590369,0.1297674401554904,0.5,6
2022-07-27,AMZN,-0.020151116590493956,0.1621852422803145,0.5,6
2022-07-28,AMZN,0.010036956920761932,0.28687587679852744,0.5,6
2022-07-29,AMZN,-0.01070242741516168,0.8774793225329109,0.5,6
2022-08-01,AMZN,0.01656872455223313,0.8910375484418281,0.5,6
2022-08-02,AMZN,-0.0038640707484330987,0.6550856215120504,0.5,6
2022-08-03,AMZN,-0.017975827465977482,0.42598316890844745,0.5,6
2022-08-04,AMZN,-0.006971617132913128,0.7061687474396904,0.5,6
2022-08-05,AMZN,0.0009439649541445966,0.8257796362450393,0.5,6
2022-08-08,AMZN,0.0039055770571743706,0.8451445515472321,0.5,6
2022-08-09,AMZN,0.01841178570192513,1.149575893240256,0.5,6
2022-08-10,AMZN,-0.015590732809175974,0.6452047934087444,0.5,6
2022-08-11,AMZN,0.020833418819961657,0.8855798072056361,0.5,6
2022-08-12,AMZN,-0.005032010605064475,0.7524692624431332,0.5,6
2022-08-15,AMZN,-0.002565136726632164,0.7018219064013198,0.5,6
2022-08-16,AMZN,-0.01704025821382293,0.700142385647015,0.5,6
2022-08-17,AMZN,-0.024026824381512487,0.5593429949260591,0.5,6
2022-08-18,AMZN,-0.01761389822367717,0.6040792661413876,0.5,6
2022-08-19,AMZN,-0.008200368947072895,0.5583107487926737,0.5,6
2022-08-22,AMZN,-0.025711801144304616,0.3943815070314245,0.5,6
2022-08-23,AMZN,-0.032472752375483895,0.44849588217166003,0.5,6
2022-08-24,AMZN,-0.0036988827598680844,0.6677170675917063,0.5,6
2022-08-25,AMZN,-0.011087366484149753,0.5812823456781134,0.5,6
2022-08-26,AMZN,0.004300104995337526,-0.044019503243242,0.5,6
2022-08-29,AMZN,0.0006900117373955517,-0.006217314411061825,0.5,6
2022-08-30,AMZN,0.003636526942191249,0.34216248155813545,0.5,6
2022-08-31,AMZN,-0.0031269547447448894,0.2132920676887099,0.5,6
2022-09-01,AMZN,-0.003444929678502345,0.10488121221325805,0.5,6
2022-09-02,AMZN,-0.013915399291402415,0.08119577774160647,0.5,6
2022-09-06,AMZN,-0.01250204192840603,0.08903624768679325,0.5,6
2022-09-07,AMZN,0.000931997041761051,0.41426452277905634,0.5,6
2022-09-08,AMZN,-0.0017671127613684266,0.16550467182308992,0.5,6
2022-09-09,AMZN,0.0012982661814447366,0.4299333252494638,0.5,6
2022-09-12,AMZN,0.00022256263970592272,0.643185082820116,0.5,6
2022-09-13,AMZN,-0.016504407859788735,0.13113860749285838,0.5,6
2022-09-14,AMZN,-0.006843068934836291,0.08715345931517315,0.5,6
2022-09-15,AMZN,-0.006506483508537929,0.17849387084476748,0.5,6
2022-09-16,AMZN,-0.02242175965616896,-0.22600703139150963,0.5,6
2022-09-19,AMZN,-0.018610865761484588,0.01168571975717586,0.5,6
2022-09-20,AMZN,-0.027348179281253823,-0.05924390034793536,0.5,6
2022-09-21,AMZN,-0.02798409423825605,-0.4867112497719668,0.5,6
2022-09-22,AMZN,-0.0345249771211218,-0.5886962653979472,0.5,6
2022-09-23,AMZN,-0.02983528417727178,-0.849113211858066,0.5,6
2022-09-26,AMZN,-0.02778383896991093,-0.8415669977535981,0.5,6
2022-09-27,AMZN,-0.029695830227312182,-1.12662737330617,0.5,6
2022-09-28,AMZN,-0.03605195806380776,-0.7790899460957615,0.5,6
2022-09-29,AMZN,-0.01986898853898047,-0.3816753320781678,0.5,6
2022-09-30,AMZN,-0.01689282443601282,-0.3462608471052438,0.5,6
2022-10-03,AMZN,-0.02162965939164076,-0.8444931512787746,0.5,6
2022-10-04,AMZN,-0.031730137141134214,-0.7926241526931153,0.5,6
2022-10-05,AMZN,-0.01707554616407642,-0.9780929403685288,0.5,6
2022-10-06,AMZN,-0.021898486666973634,-0.9243827232101876,0.5,6
2022-10-07,AMZN,-0.025749729097761596,-0.9913510433963238,0.5,6
2022-10-10,AMZN,-0.019199854025902015,-1.0434583254849445,0.5,6
2022-10-11,AMZN,-0.015251416276212624,-0.8923791167807028,0.5,6
2022-10-12,AMZN,-0.013925483315058848,-0.9635229663379328,0.5,6
2022-10-13,AMZN,-0.0070319664926385495,-1.4886894345630137,0.5,6
2022-10-14,AMZN,-0.02991998589177253,-1.5446528203351813,0.5,6
2022-10-17,AMZN,-0.020661057787119484,-1.0833002529743305,0.5,6
2022-10-18,AMZN,-0.0018407409247981218,-0.38998216830929056,0.5,6
2022-10-19,AMZN,-0.008380236722602047,-0.08356641891100952,0.5,6
2022-10-20,AMZN,-0.013614303233812906,-0.2701693346139742,0.5,6
2022-10-21,AMZN,-0.02313723522816099,0.3554087037084547,0.5,6
2022-10-24,AMZN,-0.017262252814996933,-0.13918472552314215,0.5,6
2022-10-25,AMZN,-0.01001834127149717,-0.4137403281621776,0.5,6
2022-10-26,AMZN,-0.020871173600946057,-1.013615202847395,0.5,6
2022-10-27,AMZN,-0.003000262286875088,-1.1624293277308064,0.5,6
2022-10-28,AMZN,0.029594498458202115,-1.3452065424443573,0.5,6
2022-10-31,AMZN,0.02691700050923805,-1.6054315094727163,0.5,6
2022-11-01,AMZN,0.03500887713205318,-1.5263162473321932,0.5,6
2022-11-02,AMZN,0.031916386979479586,-1.4683568285054125,0.5,6
2022-11-03,AMZN,0.03071678862152564,-1.2234158629476877,0.5,6
2022-11-04,AMZN,0.01272856465379673,-1.3456669754376047,0.5,6
2022-11-07,AMZN,0.009914468974292313,-1.4966694161312326,0.5,6
2022-11-08,AMZN,0.009397442300355828,-1.3972514088706545,0.5,6
2022-11-09,AMZN,-0.0033572972634875278,-1.901000642774462,0.5,6
2022-11-10,AMZN,0.029323951961220653,-1.5670315404723074,0.5,6
2022-11-11,AMZN,0.027322628135415927,-1.4572994019736516,0.5,6
2022-11-14,AMZN,0.03135571877137394,-1.526592993812559,0.5,6
2022-11-15,AMZN,0.023670577999813005,-1.6444902910405002,0.5,6
2022-11-16,AMZN,0.03433217696707101,-1.7677354755433157,0.5,6
2022-11-17,AMZN,0.03748736631124815,-1.7306435848312434,0.5,6
2022-11-18,AMZN,0.05420857212096747,-1.7222227791115423,0.5,6
2022-11-21,AMZN,0.0586216055180833,-1.426820208195737,0.5,6
2022-11-22,AMZN,0.05390041067110532,-1.2671395973588628,0.5,6
2022-11-23,AMZN,0.04695041864153031,-1.0609984507518484,0.5,6
2022-11-25,AMZN,0.0519940320429444,-0.8324325837795536,0.5,6
2022-11-28,AMZN,0.0655136800618689,0.010590320106532713,0.5,6
2022-11-29,AMZN,0.06446353749249421,-0.023267530406062775,0.5,6
2022-11-30,AMZN,0.041202144114774894,-0.037145972237616676,0.5,6
2022-12-01,AMZN,0.019888164755838215,-0.2723388307848151,0.5,6
2022-12-02,AMZN,-0.006393764054561018,-0.5419870626511747,0.5,6
2022-12-05,AMZN,-0.01839661531081368,-1.0502659296673325,0.5,6
2022-12-06,AMZN,-0.008974413045866015,-0.6262600559600143,0.5,6
2022-12-07,AMZN,0.009196079020334936,-0.18529861500148379,0.5,6
2022-12-08,AMZN,-0.01713150264264399,-0.4450843318173542,0.5,6
2022-12-09,AMZN,-0.003065710275580419,-0.801752649093247,0.5,6
2022-12-12,AMZN,0.0032385926317038192,-0.7310064171382405,0.5,6
2022-12-13,AMZN,0.0018119926279785334,-0.5209789010675684,0.5,6
2022-12-14,AMZN,-0.00901466858579654,-0.5547615194318857,0.5,6
2022-12-15,AMZN,0.00017559393654050588,-0.5120820775985979,0.5,6
2022-12-16,AMZN,-0.002403360512719553,-0.35326215447322473,0.5,6
2022-12-19,AMZN,0.0032709495630550713,-0.4733725825568472,0.5,6
2022-12-20,AMZN,0.0012601916508673105,-0.4482930388929335,0.5,6
2022-12-21,AMZN,-0.0037309158160342714,-0.4392521161094224,0.5,6
2022-12-22,AMZN,-0.007128995626533437,-0.6243217100952857,0.5,6
2022-12-23,AMZN,-0.01138041939700899,-0.49055094320236536,0.5,6
2022-12-27,AMZN,-0.02611647514039539,-1.204609280400538,0.5,6
2022-12-28,AMZN,-0.02589176880196309,-1.1647842190850168,0.5,6
2022-12-29,AMZN,-0.010594531721259189,-1.0402366354781771,0.5,6
2022-12-30,AMZN,-0.003110464894744556,-0.8158132255040962,0.5,6
2022-07-01,GOOGL,-0.0031523629001424876,-0.11736289844496989,0.5,6
2022-07-05,GOOGL,0.0012225926611347997,0.3819993040943291,0.5,6
2022-07-06,GOOGL,0.007979427397298764,0.47125670399619224,0.5,6
2022-07-07,GOOGL,-0.002589016493788354,0.7775255610960788,0.5,6
2022-07-08,GOOGL,-0.008890969380219249,0.6589167087033261,0.5,6
2022-07-11,GOOGL,-0.007460539174869298,0.21429072099175506,0.5,6
2022-07-12,GOOGL,-0.0015308022566325504,0.33736258818217635,0.5,6
2022-07-13,GOOGL,-0.002827535684044126,-0.10999319709356276,0.5,6
2022-07-14,GOOGL,-0.0052737585725861754,-0.2710374222429803,0.5,6
2022-07-15,GOOGL,-0.010720647240613326,-0.2458919761821498,0.5,6
2022-07-18,GOOGL,-0.006686867002722044,-0.555600304980652,0.5,6
2022-07-19,GOOGL,-0.007964473884668153,-0.1871441537895125,0.5,6
2022-07-20,GOOGL,0.0025840490709657504,-0.6561578994900035,0.5,6
2022-07-21,GOOGL,0.0007737414679145592,-0.7742932868096573,0.5,6
2022-07-22,GOOGL,-0.014802525618563388,-1.4702252915387175,0.5,6
2022-07-25,GOOGL,-0.01944163290442799,-1.5082076401143965,0.5,6
2022-07-26,GOOGL,-0.016645784284769954,-1.507316777688958,0.5,6
2022-07-27,GOOGL,0.002242987260722677,-1.035725168275376,0.5,6
2022-07-28,GOOGL,0.010838830728085103,-0.9498012416286727,0.5,6
2022-07-29,GOOGL,0.012256472230036222,-0.5451298079977389,0.5,6
2022-08-01,GOOGL,0.010406053109967454,-0.6498804499002528,0.5,6
2022-08-02,GOOGL,0.0020509521016701003,-0.6780235314216037,0.5,6
2022-08-03,GOOGL,0.0011247023209152852,-0.7245199362160334,0.5,6
2022-08-04,GOOGL,0.005915702643000164,-0.8082778715646476,0.5,6
2022-08-05,GOOGL,0.00021567030088346522,-0.8931313182934496,0.5,6
2022-08-08,GOOGL,-0.003338919416116504,-0.9210302035061102,0.5,6
2022-08-09,GOOGL,-0.0035809463192461024,-0.8323705228062293,0.5,6
2022-08-10,GOOGL,-0.008304349664302513,-0.8491370486193885,0.5,6
2022-08-11,GOOGL,-0.006426171998503148,-0.7089354751859789,0.5,6
2022-08-12,GOOGL,-0.018271986124241527,-0.692077618262325,0.5,6
2022-08-15,GOOGL,-0.020342955510785056,-0.5411110004660561,0.5,6
2022-08-16,GOOGL,-0.014207597227504632,-0.561597897684405,0.5,6
2022-08-17,GOOGL,-0.009910632151079922,-0.31014600285417604,0.5,6
2022-08-18,GOOGL,-0.011399798606808705,-0.2252828636134469,0.5,6
2022-08-19,GOOGL,0.0007765395897136766,0.194518557131727,0.5,6
2022-08-22,GOOGL,-0.00828977075551977,0.22892153925628658,0.5,6
2022-08-23,GOOGL,-0.007376911546293037,0.07289583302313046,0.5,6
2022-08-24,GOOGL,0.010427719543875131,0.044506619074663606,0.5,6
2022-08-25,GOOGL,0.00928859629947642,0.05104616056502631,0.5,6
2022-08-26,GOOGL,0.013920482552216137,-0.10785902473518533,0.5,6
2022-08-29,GOOGL,0.009403263646314976,0.10762394781033152,0.5,6
2022-08-30,GOOGL,0.013117615130392373,0.34904005582351083,0.5,6
2022-08-31,GOOGL,0.004196778279916344,0.43584806498577106,0.5,6
2022-09-01,GOOGL,0.0032719209671196454,0.5742976807731521,0.5,6
2022-09-02,GOOGL,-0.008127843646848274,0.3215019136779803,0.5,6
2022-09-06,GOOGL,-0.005135633897222144,0.29734805326739544,0.5,6
2022-09-07,GOOGL,0.0008498049384142436,0.3991783130980358,0.5,6
2022-09-08,GOOGL,0.006731466584242372,0.268216181615239,0.5,6
2022-09-09,GOOGL,-0.0002517479671407834,0.18500499058808978,0.5,6
2022-09-12,GOOGL,0.009549794832442756,0.3217816653916612,0.5,6
2022-09-13,GOOGL,-0.020174213193703636,-0.2763002920601454,0.5,6
2022-09-14,GOOGL,0.005506273554676939,0.07613032997250958,0.5,6
2022-09-15,GOOGL,0.01467917173861522,0.4169862934780543,0.5,6
2022-09-16,GOOGL,-0.005820676821816894,-0.01075673375337366,0.5,6
2022-09-19,GOOGL,0.0013486854190233898,0.08170604319258944,0.5,6
2022-09-20,GOOGL,0.000930969874207899,-0.09508681088674012,0.5,6
2022-09-21,GOOGL,0.0047354774798741735,-0.1724562082467602,0.5,6
2022-09-22,GOOGL,-0.017454531112830973,-0.04638143881120976,0.5,6
2022-09-23,GOOGL,-0.003901859441211626,0.014939425355077682,0.5,6
2022-09-26,GOOGL,0.005899612900334624,0.5589665425332355,0.5,6
2022-09-27,GOOGL,0.004382461855263117,0.3322630298915631,0.5,6
2022-09-28,GOOGL,-0.0029461226375353676,0.17998532871619194,0.5,6
2022-09-29,GOOGL,0.011443974505139507,0.14779721479450192,0.5,6
2022-09-30,GOOGL,0.01389559551575395,-0.20474089001466977,0.5,6
2022-10-03,GOOGL,0.007259551828885264,-0.12697207526113136,0.5,6
2022-10-04,GOOGL,0.0031436515047500394,-0.3708659110513691,0.5,6
2022-10-05,GOOGL,0.00839293502067194,-0.7650778654450261,0.5,6
2022-10-06,GOOGL,0.007900465874900743,-0.07096562628713235,0.5,6
2022-10-07,GOOGL,0.004641015294139219,0.3170501729758165,0.5,6
2022-10-10,GOOGL,0.007815433069163144,1.0253229759040459,0.5,6
2022-10-11,GOOGL,0.015076979714440763,1.3499505029960404,0.5,6
2022-10-12,GOOGL,0.0126903426602607,1.1766707198369062,0.5,6
2022-10-13,GOOGL,0.0175559913378686,1.3957557757180292,0.5,6
2022-10-14,GOOGL,0.015966555816782375,1.2147298547149488,0.5,6
2022-10-17,GOOGL,0.0054960544354259264,0.855005329878019,0.5,6
2022-10-18,GOOGL,0.01279524235609645,0.8604351123906187,0.5,6
2022-10-19,GOOGL,0.006592031132732083,1.0342176615559693,0.5,6
2022-10-20,GOOGL,0.00676476005317195,0.49097369057547563,0.5,6
2022-10-21,GOOGL,0.010716017729814616,0.44546496485764964,0.5,6
2022-10-24,GOOGL,0.006475630077495277,0.38719924895066843,0.5,6
2022-10-25,GOOGL,0.00606950536038962,0.324469616583738,0.5,6
2022-10-26,GOOGL,0.016223843386647282,-1.0033028668775579,0.5,6
2022-10-27,GOOGL,0.015541266454611425,-0.9951941888151048,0.5,6
2022-10-28,GOOGL,0.008639365066518174,-0.7146521345682185,0.5,6
2022-10-31,GOOGL,0.04415723711881511,-0.21330830168629977,0.5,6
2022-11-01,GOOGL,0.07551813519001241,0.17904470135591655,0.5,6
2022-11-02,GOOGL,0.030474805269568864,-0.5441789029284174,0.5,6
2022-11-03,GOOGL,0.024024061093979768,-0.7032094746894525,0.5,6
2022-11-04,GOOGL,0.022282346827565375,-0.4969727347085339,0.5,6
2022-11-07,GOOGL,0.02017024792282583,-0.4278455611764797,0.5,6
2022-11-08,GOOGL,0.012608916922147701,-0.48470677649103133,0.5,6
2022-11-09,GOOGL,-0.0010266893277784954,-0.8434548596487186,0.5,6
2022-11-10,GOOGL,0.07457993856795248,-0.24313688291484314,0.5,6
2022-11-11,GOOGL,0.07901471958636136,-0.3678687511462312,0.5,6
2022-11-14,GOOGL,0.07481127849654892,-0.3367610399064842,0.5,6
2022-11-15,GOOGL,0.08535746777644708,0.038635279204930484,0.5,6
2022-11-16,GOOGL,0.10048976297483772,0.14006893717484403,0.5,6
2022-11-17,GOOGL,0.0944618876116525,0.2795068643549985,0.5,6
2022-11-18,GOOGL,0.10529828664445319,0.316467914639061,0.5,6
2022-11-21,GOOGL,0.08408458244686591,0.2546306326425998,0.5,6
2022-11-22,GOOGL,0.08667238844696808,0.3705868581529624,0.5,6
2022-11-23,GOOGL,0.02348026466108911,0.19013747364497346,0.5,6
2022-11-25,GOOGL,0.003948610982584804,0.20877658514505698,0.5,6
2022-11-28,GOOGL,0.002174361927356396,0.12247728375703892,0.5,6
2022-11-29,GOOGL,0.002174361927356396,0.11446887275529125,0.5,6
2022-11-30,GOOGL,-0.005625088374998193,0.43635684161188326,0.5,6
2022-12-01,GOOGL,0.02516343140073293,1.0821077614107961,0.5,6
2022-12-02,GOOGL,0.03406619933292462,1.622608276302985,0.5,6
2022-12-05,GOOGL,0.0014245223161227488,1.27682635949785,0.5,6
2022-12-06,GOOGL,-0.006323485328853616,1.0443756667648803,0.5,6
2022-12-07,GOOGL,-0.012522126827866452,0.6115300524675609,0.5,6
2022-12-08,GOOGL,-0.020702250540713882,-0.21201528873401082,0.5,6
2022-12-09,GOOGL,0.005386328030807042,0.12438779030612201,0.5,6
2022-12-12,GOOGL,0.008728767707110771,0.07105161905567801,0.5,6
2022-12-13,GOOGL,0.006281165099426431,0.20013471751665715,0.5,6
2022-12-14,GOOGL,-0.0015667986650719037,-0.041892095251360575,0.5,6
2022-12-15,GOOGL,0.00013875471791489295,-0.43121461879224166,0.5,6
2022-12-16,GOOGL,-0.003464818594964425,-0.46718110774049804,0.5,6
2022-12-19,GOOGL,-0.0021989923343108137,-0.4986894558588604,0.5,6
2022-12-20,GOOGL,0.0008520134884033742,-0.3313545037327972,0.5,6
2022-12-21,GOOGL,-0.006229658847446513,-0.6092640452757481,0.5,6
2022-12-22,GOOGL,-0.005763787202010965,-0.5814498961500305,0.5,6
2022-12-23,GOOGL,0.006968457259576634,-0.11370453043929951,0.5,6
2022-12-27,GOOGL,-0.007194654278958221,-0.4131520427375282,0.5,6
2022-12-28,GOOGL,-0.005262070304210841,-0.44822980590407147,0.5,6
2022-12-29,GOOGL,0.0030123078999802896,-0.6907086400545042,0.5,6
2022-12-30,GOOGL,0.014154671076565376,-0.583656766192159,0.5,6
2022-07-01,INTC,0.02954268239707144,-0.6212040321797985,0.5,6
2022-07-05,INTC,0.016494051903232533,-0.96800681745424,0.5,6
2022-07-06,INTC,0.018479296860471603,-0.8856307200926172,0.5,6
2022-07-07,INTC,0.015630314308802344,-0.7711454275141219,0.5,6
2022-07-08,INTC,0.028064840965645235,-0.16341373244936275,0.5,6
2022-07-11,INTC,0.027549473949860747,-0.21459203166322288,0.5,6
2022-07-12,INTC,0.014114546668773275,-0.576611836205062,0.5,6
2022-07-13,INTC,0.021820862075417967,-0.7596170206121313,0.5,6
2022-07-14,INTC,0.028037073376793745,-0.17034532469023972,0.5,6
2022-07-15,INTC,0.03172706033250701,0.2573123443956545,0.5,6
2022-07-18,INTC,0.03185063234035997,0.2425528641465572,0.5,6
2022-07-19,INTC,-0.0018080196126833079,0.33345370745044783,0.5,6
2022-07-20,INTC,0.016331404621359506,0.4672487860617458,0.5,6
2022-07-21,INTC,0.010816366866269175,0.3907235239471655,0.5,6
2022-07-22,INTC,0.02809406119395545,0.926953456826257,0.5,6
2022-07-25,INTC,0.03276462122796699,0.8246968423139156,0.5,6
2022-07-26,INTC,0.029463029881687402,0.8887791149053847,0.5,6
2022-07-27,INTC,0.021447899335233944,-0.14330204563048676,0.5,6
2022-07-28,INTC,0.026992505292058922,-0.2611827745774071,0.5,6
2022-07-29,INTC,0.02530357364791586,-1.202086298907843,0.5,6
2022-08-01,INTC,0.022264676432700303,-0.8505554499924647,0.5,6
2022-08-02,INTC,0.024765613320182307,-0.7498567042001462,0.5,6
2022-08-03,INTC,0.024494711688486347,-0.7765718831555956,0.5,6
2022-08-04,INTC,0.022956945736008063,-0.9727542115676336,0.5,6
2022-08-05,INTC,0.0195973552616908,-0.9823456523900196,0.5,6
2022-08-08,INTC,0.011674298230472079,-1.140063098852739,0.5,6
2022-08-09,INTC,0.023167044150346306,-1.223233342889313,0.5,6
2022-08-10,INTC,0.025395446688122814,-1.3141606391196001,0.5,6
2022-08-11,INTC,0.03191969647974052,-1.1419251485141635,0.5,6
2022-08-12,INTC,0.020993795501585998,-1.4517761771574822,0.5,6
2022-08-15,INTC,0.02035048912858212,-1.5394256323994988,0.5,6
2022-08-16,INTC,0.02133289150378248,-1.5974309895138286,0.5,6
2022-08-17,INTC,0.0254104404390769,-1.4820436375819226,0.5,6
2022-08-18,INTC,0.038138597900463034,-1.3012019584421588,0.5,6
2022-08-19,INTC,0.02309185128441953,-1.4162553713544836,0.5,6
2022-08-22,INTC,0.01960986071454989,-1.4302820949184645,0.5,6
2022-08-23,INTC,0.023126854831114405,-1.1793532093339467,0.5,6
2022-08-24,INTC,0.029938608339690455,-0.9593965676408548,0.5,6
2022-08-25,INTC,0.026051387844091122,-0.856485237494281,0.5,6
2022-08-26,INTC,0.03936233343644519,0.14311948297798952,0.5,6
2022-08-29,INTC,0.03921741341025034,0.10567562773690237,0.5,6
2022-08-30,INTC,0.04993014833530063,0.49904954283324676,0.5,6
2022-08-31,INTC,0.032205346932345134,0.4804343102633787,0.5,6
2022-09-01,INTC,0.034498926252500735,0.740256996121045,0.5,6
2022-09-02,INTC,0.035248926667773614,0.7322915270957664,0.5,6
2022-09-06,INTC,-0.010889540943639515,-0.4133429105372565,0.5,6
2022-09-07,INTC,-0.03568518762367054,-1.09212635820738,0.5,6
2022-09-08,INTC,-0.03224825719709327,-0.8888023854944418,0.5,6
2022-09-09,INTC,-0.03641190726866053,-1.0755868590159323,0.5,6
2022-09-12,INTC,-0.040153384076482695,-1.2258177327193716,0.5,6
2022-09-13,INTC,-0.027391623422614603,-0.9361991170762476,0.5,6
2022-09-14,INTC,-0.019693614427565405,-1.130263323690708,0.5,6
2022-09-15,INTC,-0.030488636844653975,-1.5275233564957253,0.5,6
2022-09-16,INTC,-0.032531557970983095,-1.2256971302216686,0.5,6
2022-09-19,INTC,-0.036795838898818115,-1.3124565197570819,0.5,6
2022-09-20,INTC,-0.03398924478417059,-1.0851570302797184,0.5,6
2022-09-21,INTC,-0.0345171992983787,-1.4117652552806006,0.5,6
2022-09-22,INTC,-0.027471420210235707,-1.137824347167117,0.5,6
2022-09-23,INTC,-0.025185433819769374,-1.342609454647747,0.5,6
2022-09-26,INTC,-0.020284093384503477,-1.794592501186572,0.5,6
2022-09-27,INTC,-0.01324401739036473,-1.672651099540438,0.5,6
2022-09-28,INTC,-0.016205126218909204,-1.6105674174845332,0.5,6
2022-09-29,INTC,-0.017057535921748385,-1.8133975150348896,0.5,6
2022-09-30,INTC,0.006414764607585181,-1.928380977608545,0.5,6
2022-10-03,INTC,0.001026079767790682,-1.9318959118794834,0.5,6
2022-10-04,INTC,-0.0013412469652330785,-1.8747300315850277,0.5,6
2022-10-05,INTC,-3.860521454901095e-05,-1.9143428530662854,0.5,6
2022-10-06,INTC,0.0009835517931276346,-1.9215511819128348,0.5,6
2022-10-07,INTC,-0.004848053074285649,-1.7700469916263635,0.5,6
2022-10-10,INTC,0.01346512877012854,-1.57328424709109,0.5,6
2022-10-11,INTC,0.016258228092002974,-1.5800167780597814,0.5,6
2022-10-12,INTC,0.020359660873113243,-0.8314250777267527,0.5,6
2022-10-13,INTC,0.0034432076424176167,-0.4492626951032429,0.5,6
2022-10-14,INTC,0.022578385445840704,-0.18387791302001727,0.5,6
2022-10-17,INTC,0.019894012232456737,-0.8441624092635214,0.5,6
2022-10-18,INTC,0.025877684056315353,-1.3037727306384086,0.5,6
2022-10-19,INTC,0.02341258051821705,-1.004604905697431,0.5,6
2022-10-20,INTC,0.019105986741628393,-0.9497866463360932,0.5,6
2022-10-21,INTC,0.00631677751519001,-0.7960814598995036,0.5,6
2022-10-24,INTC,0.005729236291542386,-0.7150483762483769,0.5,6
2022-10-25,INTC,0.008641650450756154,-1.0426228224800802,0.5,6
2022-10-26,INTC,0.008053422693703296,0.028999732006846617,0.5,6
2022-10-27,INTC,0.003391007367104768,-0.458344157112078,0.5,6
2022-10-28,INTC,-0.029017916412357687,-0.1144117136573064,0.5,6
2022-10-31,INTC,0.003408455312421749,-0.06997620334363047,0.5,6
2022-11-01,INTC,0.010511565626578982,0.2948100109231823,0.5,6
2022-11-02,INTC,0.005643160190341667,0.29711452045856257,0.5,6
2022-11-03,INTC,0.0014868300467391897,0.32176412001772264,0.5,6
2022-11-04,INTC,-0.034726073890383145,-0.1146711528965384,0.5,6
2022-11-07,INTC,-0.0368865811312718,-0.2481418165942718,0.5,6
2022-11-08,INTC,-0.04203942065780252,-0.22858995757333989,0.5,6
2022-11-09,INTC,-0.041813889616222275,-0.13262596521670378,0.5,6
2022-11-10,INTC,-0.03228354032747246,-0.2174523214928309,0.5,6
2022-11-11,INTC,-0.002799187504238921,-0.1936279162792114,0.5,6
2022-11-14,INTC,-0.03406201581874081,-0.2503789586460161,0.5,6
2022-11-15,INTC,-0.030732756806392716,-0.07165376554250824,0.5,6
2022-11-16,INTC,-0.036966800245470825,-0.22448677983814092,0.5,6
2022-11-17,INTC,-0.032406469906918374,-0.044266911269336684,0.5,6
2022-11-18,INTC,-0.03173734606271177,0.011677307016751959,0.5,6
2022-11-21,INTC,-0.03784488497896567,-0.16502518663571175,0.5,6
2022-11-22,INTC,-0.03367381859894043,0.10383794311223049,0.5,6
2022-11-23,INTC,-0.03894709699371207,-0.3710728187470147,0.5,6
2022-11-25,INTC,-0.07369652767367765,-0.31199183484914605,0.5,6
2022-11-28,INTC,-0.04283904390402142,-0.46397311285144427,0.5,6
2022-11-29,INTC,-0.040049789643680736,-0.28479299959824333,0.5,6
2022-11-30,INTC,-0.05240766684534307,-0.5965216045002782,0.5,6
2022-12-01,INTC,-0.04631704120360962,-1.1039860243994228,0.5,6
2022-12-02,INTC,-0.06289030916059493,-1.224596898038078,0.5,6
2022-12-05,INTC,-0.0481680559684785,-1.3311000503207122,0.5,6
2022-12-06,INTC,-0.04536745091940128,-1.0758248522145593,0.5,6
2022-12-07,INTC,-0.047379936425631444,-1.0012083469069588,0.5,6
2022-12-08,INTC,-0.05134980085349995,-1.184848084852074,0.5,6
2022-12-09,INTC,-0.04749084887512971,-1.1586189667565001,0.5,6
2022-12-12,INTC,-0.04343149728198444,-1.1152266040172645,0.5,6
2022-12-13,INTC,-0.041044160354483494,-1.268887363557857,0.5,6
2022-12-14,INTC,-0.042459445775441314,-1.1935464678064682,0.5,6
2022-12-15,INTC,-0.032678122809314605,-1.0683679986491552,0.5,6
2022-12-16,INTC,-0.03021881461158686,-1.1021648366861627,0.5,6
2022-12-19,INTC,-0.024877487433670565,-0.9856861175196012,0.5,6
2022-12-20,INTC,-0.02356366715724405,-1.0121793878407903,0.5,6
2022-12-21,INTC,-0.024644546379711123,-1.3151852490149685,0.5,6
2022-12-22,INTC,-0.018179228995902727,-1.0540348095698664,0.5,6
2022-12-23,INTC,-0.024438374089498387,-1.1238740619289678,0.5,6
2022-12-27,INTC,-0.0018415960487214453,-0.45522330381236376,0.5,6
2022-12-28,INTC,-0.0018784509153533919,-0.7787372388207249,0.5,6
2022-12-29,INTC,0.0028615776522234585,-0.7748645770677307,0.5,6
2022-12-30,INTC,0.00046111704544938594,-0.6021856273372304,0.5,6
2022-07-01,MSFT,0.04723862378148583,1.3623572539465152,0.5,6
2022-07-05,MSFT,0.04723862378148583,0.8786039177357021,0.5,6
2022-07-06,MSFT,0.05004332418302236,1.2204874459588861,0.5,6
2022-07-07,MSFT,0.04702310561836093,1.0991382114238073,0.5,6
2022-07-08,MSFT,0.04843317011613333,1.0891221406653977,0.5,6
2022-07-11,MSFT,0.04869857440740032,1.1427284854594069,0.5,6
2022-07-12,MSFT,0.04244369661211251,0.9265593242092877,0.5,6
2022-07-13,MSFT,0.04647349770736485,0.8781891180011703,0.5,6
2022-07-14,MSFT,0.039781099005137176,0.7548230260594841,0.5,6
2022-07-15,MSFT,0.02566977365537608,0.4519603007804148,0.5,6
2022-07-18,MSFT,0.023922868457214818,0.13185386928857787,0.5,6
2022-07-19,MSFT,0.0340888961617189,0.27516860191388537,0.5,6
2022-07-20,MSFT,0.033722999103841377,0.05009773615192775,0.5,6
2022-07-21,MSFT,0.02917906075484319,0.1071743474005592,0.5,6
2022-07-22,MSFT,-0.0018773942767380187,-0.4794399739960653,0.5,6
2022-07-25,MSFT,-0.006689896756655761,-0.4932667433677299,0.5,6
2022-07-26,MSFT,0.02357457347698539,-0.05917339845853958,0.5,6
2022-07-27,MSFT,0.02825709926647755,-0.26094066481497186,0.5,6
2022-07-28,MSFT,0.031084839169001628,-0.2554803774442975,0.5,6
2022-07-29,MSFT,0.03435583488062175,-0.10272803280274316,0.5,6
2022-08-01,MSFT,0.03517856378506382,-0.273244273207408,0.5,6
2022-08-02,MSFT,0.03550854273868707,-0.10627704945884817,0.5,6
2022-08-03,MSFT,0.0183688428609794,-0.3146486442118809,0.5,6
2022-08-04,MSFT,0.01922751504488299,-0.20426497675133753,0.5,6
2022-08-05,MSFT,0.018143388477771766,-0.1528347709625638,0.5,6
2022-08-08,MSFT,0.0009296347165937557,-0.5435061899972313,0.5,6
2022-08-09,MSFT,-0.0036127190596407462,-0.16330902256257498,0.5,6
2022-08-10,MSFT,-0.007718331493434159,-0.3420085043703951,0.5,6
2022-08-11,MSFT,-0.013357567582176641,-0.4246951307455863,0.5,6
2022-08-12,MSFT,-0.01765378702617945,-0.3190614979109343,0.5,6
2022-08-15,MSFT,-0.05993391347501661,-0.6082008503947087,0.5,6
2022-08-16,MSFT,-0.05866462274033633,-0.4410857452189352,0.5,6
2022-08-17,MSFT,-0.07008606957961823,-0.17683150043695717,0.5,6
2022-08-18,MSFT,-0.06975733472910318,-0.21726450961818095,0.5,6
2022-08-19,MSFT,-0.06017632368361673,-0.1988611691833453,0.5,6
2022-08-22,MSFT,-0.06647923609260668,-0.40852029227247355,0.5,6
2022-08-23,MSFT,-0.036141959942732456,-0.05903743724760663,0.5,6
2022-08-24,MSFT,-0.0128418171021325,-0.24088222174429225,0.5,6
2022-08-25,MSFT,-0.01317218939573789,-0.5067376930783611,0.5,6
2022-08-26,MSFT,-0.01574727801958822,-0.5984003222741691,0.5,6
2022-08-29,MSFT,-0.02377308847763566,-0.564422352162177,0.5,6
2022-08-30,MSFT,-0.03548935425909854,-0.3516713031524474,0.5,6
2022-08-31,MSFT,-0.054089184097252475,-0.40137707527798816,0.5,6
2022-09-01,MSFT,-0.05314096431054773,-0.557501343252581,0.5,6
2022-09-02,MSFT,-0.05591272372141395,-0.6747386822533947,0.5,6
2022-09-06,MSFT,-0.03588356404108101,-0.346162735669727,0.5,6
2022-09-07,MSFT,-0.005034888819621268,-0.032112617663325765,0.5,6
2022-09-08,MSFT,0.0043395944384323,0.10819489910261608,0.5,6
2022-09-09,MSFT,0.003060943317765164,0.14182038878183523,0.5,6
2022-09-12,MSFT,0.0051806246578426475,0.2857323063649276,0.5,6
2022-09-13,MSFT,-0.003780729654099353,0.07717945166733872,0.5,6
2022-09-14,MSFT,0.008813901299783284,0.158178679820029,0.5,6
2022-09-15,MSFT,0.007386623684960286,-0.01851803995508862,0.5,6
2022-09-16,MSFT,0.030985773955420064,0.6707789411548107,0.5,6
2022-09-19,MSFT,0.033190248764635485,0.34711152658291033,0.5,6
2022-09-20,MSFT,0.03255293911347748,0.21344125234657071,0.5,6
2022-09-21,MSFT,0.04068208497217189,0.32536732277603797,0.5,6
2022-09-22,MSFT,0.0026775489208776208,0.40825397424936555,0.5,6
2022-09-23,MSFT,0.007695195694053881,0.3842780369687243,0.5,6
2022-09-26,MSFT,0.006045873174848186,0.4963249746206111,0.5,6
2022-09-27,MSFT,-0.00795120841635884,-0.128771129834573,0.5,6
2022-09-28,MSFT,-0.005339751011644175,0.08216754923641068,0.5,6
2022-09-29,MSFT,0.01855344303083434,0.4437288578954484,0.5,6
2022-09-30,MSFT,-0.02616468164935761,-0.2128765348418071,0.5,6
2022-10-03,MSFT,-0.01764391276980041,0.27420819893863624,0.5,6
2022-10-04,MSFT,-0.019740852321235566,0.269474540579522,0.5,6
2022-10-05,MSFT,-0.004505608231960178,0.5093707710676296,0.5,6
2022-10-06,MSFT,-0.0034187082127741302,0.3456001144181007,0.5,6
2022-10-07,MSFT,-0.02464411386652231,-0.29159852203942177,0.5,6
2022-10-10,MSFT,0.006695446559109607,0.26910054979196457,0.5,6
2022-10-11,MSFT,0.0009155955594475726,-0.2816051536800129,0.5,6
2022-10-12,MSFT,0.001756626820616115,-0.15948341159461815,0.5,6
2022-10-13,MSFT,0.007899915042801053,0.9576655419085213,0.5,6
2022-10-14,MSFT,-0.0033461588739674025,0.7765515487525374,0.5,6
2022-10-17,MSFT,-0.0012819718803891637,0.786264193405256,0.5,6
2022-10-18,MSFT,0.007409167538377505,0.48274121950757176,0.5,6
2022-10-19,MSFT,-0.0034590850176549346,0.4951846267481434,0.5,6
2022-10-20,MSFT,0.00047015102188720573,-0.0686032790282551,0.5,6
2022-10-21,MSFT,0.0013874484616360101,0.07538474143738297,0.5,6
2022-10-24,MSFT,-0.0025508567040180056,0.138998359188446,0.5,6
2022-10-25,MSFT,-0.0026441925073060245,-0.12506383213825845,0.5,6
2022-10-26,MSFT,0.00563129573605902,-0.9667592975124528,0.5,6
2022-10-27,MSFT,0.010899769273612301,-0.9811701244550118,0.5,6
2022-10-28,MSFT,0.008220220354933553,-0.6498276402749769,0.5,6
2022-10-31,MSFT,0.015712843375484814,-0.8845282876545856,0.5,6
2022-11-01,MSFT,0.009019799764500104,-0.8126177643329536,0.5,6
2022-11-02,MSFT,0.006345527500421977,-0.7713357353036147,0.5,6
2022-11-03,MSFT,0.011438993013629087,-0.6235177978159128,0.5,6
2022-11-04,MSFT,0.005428841508209972,-0.3941934525028217,0.5,6
2022-11-07,MSFT,0.013092641286808154,0.034136512118150414,0.5,6
2022-11-08,MSFT,-0.008565156664518252,-0.32437064986444497,0.5,6
2022-11-09,MSFT,0.007023456569585451,0.08620227461559189,0.5,6
2022-11-10,MSFT,0.004228526634044087,-0.524113810908239,0.5,6
2022-11-11,MSFT,0.005702467745697536,-0.816919282715977,0.5,6
2022-11-14,MSFT,0.012705406569968741,-0.6977849117135402,0.5,6
2022-11-15,MSFT,0.011322149474238371,-0.7334529031771662,0.5,6
2022-11-16,MSFT,0.008694794214877573,-0.6680609914591827,0.5,6
2022-11-17,MSFT,0.013418003368136491,-0.47810032871669583,0.5,6
2022-11-18,MSFT,0.014931804593262541,-0.45459983081192223,0.5,6
2022-11-21,MSFT,0.008974023990196285,-0.3460294236632543,0.5,6
2022-11-22,MSFT,0.006569384731059647,-0.3011934010237314,0.5,6
2022-11-23,MSFT,-0.0041145991844031985,-0.012935183075423629,0.5,6
2022-11-25,MSFT,-0.010341364386039118,0.30628917261560007,0.5,6
2022-11-28,MSFT,0.00021410794818349288,0.436948416275261,0.5,6
2022-11-29,MSFT,0.0014518676387700663,0.421471759320343,0.5,6
2022-11-30,MSFT,-0.021065229992349426,0.26754681013806086,0.5,6
2022-12-01,MSFT,-0.001942477034887182,0.46597230586011296,0.5,6
2022-12-02,MSFT,-0.0037721084634609312,0.8469552636155497,0.5,6
2022-12-05,MSFT,-0.006992235014402727,0.8813180784173484,0.5,6
2022-12-06,MSFT,-0.001151434499669365,0.9400174462149293,0.5,6
2022-12-07,MSFT,0.03760232634346615,1.515210610030247,0.5,6
2022-12-08,MSFT,0.048689973531548136,1.2949165416492345,0.5,6
2022-12-09,MSFT,0.057234077642072625,1.216515612168195,0.5,6
2022-12-12,MSFT,0.0616441880714028,1.593785870286736,0.5,6
2022-12-13,MSFT,0.056024009880984674,1.8710277994063378,0.5,6
2022-12-14,MSFT,0.0390264140436261,1.6250213919945178,0.5,6
2022-12-15,MSFT,0.05655190130094824,1.7402120166253388,0.5,6
2022-12-16,MSFT,0.058619667182242825,1.6214361016588108,0.5,6
2022-12-19,MSFT,0.0657144261008435,1.5894425648990864,0.5,6
2022-12-20,MSFT,0.04222087365412224,1.305908781543358,0.5,6
2022-12-21,MSFT,0.03312246162059984,1.280338757388058,0.5,6
2022-12-22,MSFT,0.01891621930361152,0.9588631570886669,0.5,6
2022-12-23,MSFT,0.022571210505510596,1.0036031152905085,0.5,6
2022-12-27,MSFT,0.022280988767341043,1.3753728099101978,0.5,6
2022-12-28,MSFT,0.014722478133641996,1.3086267012969037,0.5,6
2022-12-29,MSFT,0.04453628567319924,1.4778714190336375,0.5,6
2022-12-30,MSFT,0.04839822315654024,1.5989684441432614,0.5,6
2022-07-01,NVDA,0.04019550733498766,-1.15087246875744,0.5,6
2022-07-05,NVDA,0.047282721104657525,-1.0278286525440188,0.5,6
2022-07-06,NVDA,0.04454635788038578,-1.0640363428624475,0.5,6
2022-07-07,NVDA,-0.006003170772877332,-1.576766851814948,0.5,6
2022-07-08,NVDA,-0.007764770925245737,-1.691557732511513,0.5,6
2022-07-11,NVDA,0.002192786767985179,-1.943528809216418,0.5,6
2022-07-12,NVDA,0.037597189047573046,-1.0720513109949092,0.5,6
2022-07-13,NVDA,0.055378026550441654,-0.3491719409709977,0.5,6
2022-07-14,NVDA,0.05411649959624067,0.02633871634752105,0.5,6
2022-07-15,NVDA,0.05817269393324817,0.06638845927825199,0.5,6
2022-07-18,NVDA,0.05377002030117924,0.5240379254882022,0.5,6
2022-07-19,NVDA,0.027895694566706934,0.5324973053708475,0.5,6
2022-07-20,NVDA,0.022176707174368954,0.5588947726954153,0.5,6
2022-07-21,NVDA,0.017736680071624714,0.7945003312651787,0.5,6
2022-07-22,NVDA,0.023755718886131223,1.0977731004623041,0.5,6
2022-07-25,NVDA,0.05546505445642576,0.8886560238444965,0.5,6
2022-07-26,NVDA,0.055396109336365254,1.0010113663222948,0.5,6
2022-07-27,NVDA,0.00798091170961085,0.3193752301035482,0.5,6
2022-07-28,NVDA,0.013995210751525477,0.7550826886718824,0.5,6
2022-07-29,NVDA,0.017448984088882673,0.580346913589253,0.5,6
2022-08-01,NVDA,0.014588510703013991,1.1506390783186151,0.5,6
2022-08-02,NVDA,0.004221236737357719,1.2049094960036377,0.5,6
2022-08-03,NVDA,0.012715629179690045,0.9699947024548011,0.5,6
2022-08-04,NVDA,0.008965032540044628,0.7940760262005757,0.5,6
2022-08-05,NVDA,0.0007758812789402952,0.6802633869980255,0.5,6
2022-08-08,NVDA,-0.003475794815981085,0.23471246992551256,0.5,6
2022-08-09,NVDA,0.00046811088158390054,0.023318269533276037,0.5,6
2022-08-10,NVDA,0.03279760466168194,0.45330998729438987,0.5,6
2022-08-11,NVDA,-0.0010118565506099899,-0.043193711467092055,0.5,6
2022-08-12,NVDA,0.019815254380060904,0.3777889183798073,0.5,6
2022-08-15,NVDA,0.022753340564720385,0.31697697007224995,0.5,6
2022-08-16,NVDA,0.02238755713537246,0.08228580767351956,0.5,6
2022-08-17,NVDA,0.05988114185871011,0.01964886155865142,0.5,6
2022-08-18,NVDA,0.053065313207304766,0.16147571675878536,0.5,6
2022-08-19,NVDA,0.033995573495663844,-0.08350947531544545,0.5,6
2022-08-22,NVDA,0.03053675833738352,0.08186772661046604,0.5,6
2022-08-23,NVDA,0.06015829882190774,0.3201650179549006,0.5,6
2022-08-24,NVDA,0.060128575632922975,0.7577994418092447,0.5,6
2022-08-25,NVDA,0.0549153701649691,0.7522263835395429,0.5,6
2022-08-26,NVDA,0.048377454175031934,-0.09168265176002,0.5,6
2022-08-29,NVDA,0.03866378265805879,-0.43910793059460157,0.5,6
2022-08-30,NVDA,0.039209532123731676,-0.5285741763343363,0.5,6
2022-08-31,NVDA,0.04043292979879676,-0.4431506987422583,0.5,6
2022-09-01,NVDA,0.021685965631965974,-1.2834965436763852,0.5,6
2022-09-02,NVDA,0.01604438493772253,-1.374204482662142,0.5,6
2022-09-06,NVDA,0.05253846812821174,-0.37145512117587454,0.5,6
2022-09-07,NVDA,0.03843027061784164,-0.6057851122298492,0.5,6
2022-09-08,NVDA,0.06972741470762601,-0.18942455381452095,0.5,6
2022-09-09,NVDA,0.06261900626313267,-0.40145154808817607,0.5,6
2022-09-12,NVDA,0.048583002454429924,-0.6332653816789129,0.5,6
2022-09-13,NVDA,0.028447482172387774,-1.2279314070630871,0.5,6
2022-09-14,NVDA,0.0380047395435936,-1.1058550738071515,0.5,6
2022-09-15,NVDA,0.031218563081010953,-1.078523313573386,0.5,6
2022-09-16,NVDA,0.02861789440429593,-1.1722004777333437,0.5,6
2022-09-19,NVDA,0.04084110503418429,-0.9668189614855472,0.5,6
2022-09-20,NVDA,0.07010357504380006,-0.6874571653030018,0.5,6
2022-09-21,NVDA,0.0361560619470742,-1.2961808641159407,0.5,6
2022-09-22,NVDA,0.01728738485160237,-1.4376137377422566,0.5,6
2022-09-23,NVDA,0.04514097124215358,-1.0655453509944022,0.5,6
2022-09-26,NVDA,0.014294822759355433,-1.471989148442168,0.5,6
2022-09-27,NVDA,0.01610437307349125,-1.1105339263915872,0.5,6
2022-09-28,NVDA,0.021509051166455836,-0.870954571981807,0.5,6
2022-09-29,NVDA,0.052614435517834075,-0.7227701644530885,0.5,6
2022-09-30,NVDA,0.07568446665626781,0.7372678349294169,0.5,6
2022-10-03,NVDA,0.06387276688157369,0.9826718773441643,0.5,6
2022-10-04,NVDA,0.04835371162709553,1.531717794023366,0.5,6
2022-10-05,NVDA,0.06612214854617585,1.8145735719308216,0.5,6
2022-10-06,NVDA,0.06919641459417677,1.1531456459444338,0.5,6
2022-10-07,NVDA,0.0778605272319718,0.06966960041645587,0.5,6
2022-10-10,NVDA,0.07441807924400236,-0.3012965235743714,0.5,6
2022-10-11,NVDA,0.09772740854652523,0.6691622868655583,0.5,6
2022-10-12,NVDA,0.09963487735692121,0.5658756744018981,0.5,6
2022-10-13,NVDA,0.08314168060147378,1.1961114160457877,0.5,6
2022-10-14,NVDA,0.08136724691005665,-0.3111397499885016,0.5,6
2022-10-17,NVDA,0.07713808650449154,-0.16987280637142899,0.5,6
2022-10-18,NVDA,0.09456279905635734,0.14443431332783851,0.5,6
2022-10-19,NVDA,0.0797714836009403,-0.11277001340263326,0.5,6
2022-10-20,NVDA,0.06849597361319297,0.9728987282758195,0.5,6
2022-10-21,NVDA,0.05531868573996525,0.6695309944991308,0.5,6
2022-10-24,NVDA,0.07542894809176388,1.1743261079245042,0.5,6
2022-10-25,NVDA,0.05689017039346138,1.0778312160437862,0.5,6
2022-10-26,NVDA,0.07169766320804814,1.4319359306269803,0.5,6
2022-10-27,NVDA,0.0504878717095963,2.34519636343632,0.5,6
2022-10-28,NVDA,0.028628675277987153,1.4030151777241877,0.5,6
2022-10-31,NVDA,0.04804037987648646,1.415890176406798,0.5,6
2022-11-01,NVDA,0.05250930366776253,1.1654507131067724,0.5,6
2022-11-02,NVDA,0.07012686533567691,1.6764896138774108,0.5,6
2022-11-03,NVDA,0.059967727603981044,1.876529077325692,0.5,6
2022-11-04,NVDA,0.017192466645560872,1.580267238697247,0.5,6
2022-11-07,NVDA,0.022018594809986653,1.970203340017954,0.5,6
2022-11-08,NVDA,0.015882624192854685,2.1299365683261513,0.5,6
2022-11-09,NVDA,0.04699317668671902,2.4844736228182422,0.5,6
2022-11-10,NVDA,0.060834217926948854,2.435553610746257,0.5,6
2022-11-11,NVDA,0.04372605001405351,2.2379377803314293,0.5,6
2022-11-14,NVDA,0.07983330326367107,2.6292636955856317,0.5,6
2022-11-15,NVDA,0.06134631788884174,2.4445970444376615,0.5,6
2022-11-16,NVDA,0.07582774762766392,2.3843679425512603,0.5,6
2022-11-17,NVDA,0.03437213493906199,1.811879595658366,0.5,6
2022-11-18,NVDA,0.015272504766279416,1.5011872264764834,0.5,6
2022-11-21,NVDA,-0.009016018199233615,1.3598721182861646,0.5,6
2022-11-22,NVDA,0.0017579741989931005,1.397722204524389,0.5,6
2022-11-23,NVDA,0.03657054816362419,2.2150760901247213,0.5,6
2022-11-25,NVDA,0.001740234479538995,1.617012771107127,0.5,6
2022-11-28,NVDA,-0.04208946420540523,1.1514401099418858,0.5,6
2022-11-29,NVDA,-0.028774661367055816,1.1998970508228546,0.5,6
2022-11-30,NVDA,0.005264099678383196,1.8618525680492295,0.5,6
2022-12-01,NVDA,0.011998688450510228,2.130468481422516,0.5,6
2022-12-02,NVDA,0.007304025051984834,1.6616621057579288,0.5,6
2022-12-05,NVDA,-0.006696792048754668,1.3921360658284905,0.5,6
2022-12-06,NVDA,-0.01357154622735082,1.1656467116865978,0.5,6
2022-12-07,NVDA,-0.018717576211267763,1.0059420540942314,0.5,6
2022-12-08,NVDA,-0.00589816795766462,2.104375630620421,0.5,6
2022-12-09,NVDA,0.029718651813693386,1.5984505915972116,0.5,6
2022-12-12,NVDA,0.03035530009774849,1.5364067385284805,0.5,6
2022-12-13,NVDA,0.004774778983745919,1.3319583344769967,0.5,6
2022-12-14,NVDA,0.053665197195421135,1.832065607138299,0.5,6
2022-12-15,NVDA,0.030592849950502744,1.578968691595865,0.5,6
2022-12-16,NVDA,0.054255000968219495,2.0472654124006904,0.5,6
2022-12-19,NVDA,0.05785728609816741,2.111061739743959,0.5,6
2022-12-20,NVDA,0.0595058860825949,2.283866944755336,0.5,6
2022-12-21,NVDA,0.06206659174080184,2.3122841994124004,0.5,6
2022-12-22,NVDA,0.07163684620410886,1.3993051472490596,0.5,6
2022-12-23,NVDA,0.0692792390357142,1.326842218024125,0.5,6
2022-12-27,NVDA,0.07612410896815731,0.6208470046435723,0.5,6
2022-12-28,NVDA,0.07057884533375818,0.7518583352705357,0.5,6
2022-12-29,NVDA,0.060958774107901875,0.23041243995942173,0.5,6
2022-12-30,NVDA,0.06287154984839109,-0.01593156551098529,0.5,6
2022-07-01,PFE,0.022843470598365917,1.3083408169657251,0.5,6
2022-07-05,PFE,0.0242369625406538,0.5156097292157267,0.5,6
2022-07-06,PFE,0.019468184893171453,0.759161025652159,0.5,6
2022-07-07,PFE,0.017723415246778812,0.7507832164539647,0.5,6
2022-07-08,PFE,0.02465184935886086,0.8084218778295111,0.5,6
2022-07-11,PFE,0.02402946803570618,0.9969816397155243,0.5,6
2022-07-12,PFE,0.024753339621560035,1.177907589776561,0.5,6
2022-07-13,PFE,0.023603134313783518,1.1130467821359158,0.5,6
2022-07-14,PFE,0.029055833965238483,1.0278454651609923,0.5,6
2022-07-15,PFE,0.028426697831309994,1.2101565662548217,0.5,6
2022-07-18,PFE,0.025963585605853576,0.7324523711095082,0.5,6
2022-07-19,PFE,0.008392953480574509,0.7646558590714821,0.5,6
2022-07-20,PFE,0.01903668008895424,0.19699175755801224,0.5,6
2022-07-21,PFE,0.014948944272936889,-0.24074187721890788,0.5,6
2022-07-22,PFE,0.01305468714972813,0.1630778505145188,0.5,6
2022-07-25,PFE,0.01540488238085394,0.3924254719466649,0.5,6
2022-07-26,PFE,0.010592466598852678,0.5023686764621887,0.5,6
2022-07-27,PFE,0.010006530991037169,-0.7472399532481668,0.5,6
2022-07-28,PFE,0.01734915719274163,-1.12244948863145,0.5,6
2022-07-29,PFE,0.025708258313541864,-1.195702257780855,0.5,6
2022-08-01,PFE,0.024322261236958638,-1.1755028641847518,0.5,6
2022-08-02,PFE,0.019263184896822598,-0.9025611756583648,0.5,6
2022-08-03,PFE,0.025556153097151427,-1.0143059175975369,0.5,6
2022-08-04,PFE,0.023864207963268682,-0.9896150698053104,0.5,6
2022-08-05,PFE,0.023041764108267998,-0.9940981834165349,0.5,6
2022-08-08,PFE,0.0221029751596548,-1.1413778449824847,0.5,6
2022-08-09,PFE,0.023014830550799562,-1.024370562957013,0.5,6
2022-08-10,PFE,0.025719048320025716,-1.225241576379654,0.5,6
2022-08-11,PFE,0.021385751532004508,-1.2942855649219165,0.5,6
2022-08-12,PFE,0.014374637742236573,-1.2700330055494127,0.5,6
2022-08-15,PFE,0.013984737566055297,-1.282499970719702,0.5,6
2022-08-16,PFE,0.014271038260404472,-1.0826939579445685,0.5,6
2022-08-17,PFE,0.026523277731393388,-0.6986176576295446,0.5,6
2022-08-18,PFE,0.023565700872453604,-0.859301596215984,0.5,6
2022-08-19,PFE,0.025416668879348864,-0.8226194126106461,0.5,6
2022-08-22,PFE,0.02853664979217642,-0.46586441130114215,0.5,6
2022-08-23,PFE,0.027893375018062973,-0.8049243491117893,0.5,6
2022-08-24,PFE,0.031056151810258358,-0.30243508497568505,0.5,6
2022-08-25,PFE,0.028157346822199756,-0.28070619264005925,0.5,6
2022-08-26,PFE,0.035112663091589655,0.04386160024910407,0.5,6
2022-08-29,PFE,0.04057001702833147,0.297200844534303,0.5,6
2022-08-30,PFE,0.03701890857871943,0.4862636128425131,0.5,6
2022-08-31,PFE,0.03108401461628652,0.7686138504139355,0.5,6
2022-09-01,PFE,0.027823332084439448,1.0993509687324896,0.5,6
2022-09-02,PFE,0.03162354316274395,1.1524891443567051,0.5,6
2022-09-06,PFE,0.03125408348866094,1.1321758924895935,0.5,6
2022-09-07,PFE,0.02727193680588862,0.8236107060622717,0.5,6
2022-09-08,PFE,0.02262310310066414,1.0139255871949167,0.5,6
2022-09-09,PFE,0.022366932625955082,1.3702288710664559,0.5,6
2022-09-12,PFE,0.007620188139472509,0.8345644251028698,0.5,6
2022-09-13,PFE,0.02883555640901267,1.3969039416585671,0.5,6
2022-09-14,PFE,0.028313172000218288,1.301422611393646,0.5,6
2022-09-15,PFE,0.018496999883764933,1.4237374368451245,0.5,6
2022-09-16,PFE,0.01726554324199412,1.6877845722235894,0.5,6
2022-09-19,PFE,0.020650025488162013,1.0840288735377748,0.5,6
2022-09-20,PFE,0.01976519879829451,0.6533123358692488,0.5,6
2022-09-21,PFE,0.02095827343565863,0.8256829738102733,0.5,6
2022-09-22,PFE,0.005709803723803647,1.524421889557785,0.5,6
2022-09-23,PFE,0.004053030421017461,1.3058677210421725,0.5,6
2022-09-26,PFE,0.0034949665152798903,1.2610388135299195,0.5,6
2022-09-27,PFE,0.0026493197036735637,1.3892418199748675,0.5,6
2022-09-28,PFE,0.005014102100315502,1.3311346196424805,0.5,6
2022-09-29,PFE,0.01871473819485291,1.7261931426220656,0.5,6
2022-09-30,PFE,0.007687739770389575,1.485442487791197,0.5,6
2022-10-03,PFE,0.018074567957907343,1.7785492787359927,0.5,6
2022-10-04,PFE,0.01828074808003818,0.6652951615937703,0.5,6
2022-10-05,PFE,0.017045508942790787,0.5766063738395335,0.5,6
2022-10-06,PFE,0.02051875648247662,-0.5195132438621353,0.5,6
2022-10-07,PFE,0.023198562251313865,0.41349498411850183,0.5,6
2022-10-10,PFE,0.02166292984822217,0.9955716526295242,0.5,6
2022-10-11,PFE,0.025843898747416875,0.5849928241993861,0.5,6
2022-10-12,PFE,0.025570013662732288,0.7208399915300452,0.5,6
2022-10-13,PFE,0.018257700798215083,0.4728017140060611,0.5,6
2022-10-14,PFE,0.022151824085715328,1.076478685747789,0.5,6
2022-10-17,PFE,0.018822469043692572,0.8202065841589717,0.5,6
2022-10-18,PFE,0.019137846684448574,0.6966654184789689,0.5,6
2022-10-19,PFE,0.019506260275089223,0.6959212565549412,0.5,6
2022-10-20,PFE,0.01905345414147783,-0.13872548541044114,0.5,6
2022-10-21,PFE,0.015420788366314359,0.4303234757814712,0.5,6
2022-10-24,PFE,0.021982641884640927,0.49996161894241514,0.5,6
2022-10-25,PFE,0.03320127304527174,-0.23972986699180499,0.5,6
2022-10-26,PFE,0.01793437577333281,0.9530398720113952,0.5,6
2022-10-27,PFE,0.023303603783283246,0.8183601835339633,0.5,6
2022-10-28,PFE,0.017350100841545733,0.4457098590223614,0.5,6
2022-10-31,PFE,0.04127041347532399,0.9322503383861087,0.5,6
2022-11-01,PFE,0.015421018842274564,0.9869600106669119,0.5,6
2022-11-02,PFE,0.036324183459500746,1.656523956721734,0.5,6
2022-11-03,PFE,0.0210988707599528,1.502945535387084,0.5,6
2022-11-04,PFE,0.027057315054897026,1.4661705445915167,0.5,6
2022-11-07,PFE,0.017928567789152545,1.2159640928644246,0.5,6
2022-11-08,PFE,0.012477757141344166,1.1522508757769148,0.5,6
2022-11-09,PFE,0.018878506715353363,1.303532891167106,0.5,6
2022-11-10,PFE,0.024704289908150844,0.3392563009712263,0.5,6
2022-11-11,PFE,0.02439221239064256,-0.2951787375893298,0.5,6
2022-11-14,PFE,0.009690647200070299,0.11265313832631635,0.5,6
2022-11-15,PFE,0.021833929848798395,0.04657860623060127,0.5,6
2022-11-16,PFE,0.026910226327694377,0.3065212037986857,0.5,6
2022-11-17,PFE,0.023190514751797488,0.5024772964762974,0.5,6
2022-11-18,PFE,0.0224638738372691,0.31833799507680227,0.5,6
2022-11-21,PFE,0.026178912453569698,0.5955759236396059,0.5,6
2022-11-22,PFE,0.017068042486390923,0.6503949344428154,0.5,6
2022-11-23,PFE,0.026446688731749886,0.48076494425568145,0.5,6
2022-11-25,PFE,0.01753532631014078,0.6349816295838858,0.5,6
2022-11-28,PFE,0.030084773977426225,1.1525500903267463,0.5,6
2022-11-29,PFE,0.02721407584779724,1.1575392589593112,0.5,6
2022-11-30,PFE,0.027514340288169216,0.3007166508023556,0.5,6
2022-12-01,PFE,0.01593751237795234,0.21280573775369588,0.5,6
2022-12-02,PFE,0.02128395259233517,0.3294182623154446,0.5,6
2022-12-05,PFE,0.029740397057846174,1.0160966958955788,0.5,6
2022-12-06,PFE,0.032845084260712344,1.4485995276359502,0.5,6
2022-12-07,PFE,0.029740734157404195,1.2455801597522322,0.5,6
2022-12-08,PFE,0.015361352837746301,0.7932963530956767,0.5,6
2022-12-09,PFE,0.019369039527957262,1.5828749933932067,0.5,6
2022-12-12,PFE,0.021700791462623773,1.5999636765169445,0.5,6
2022-12-13,PFE,0.020045153483354405,1.2939984965961715,0.5,6
2022-12-14,PFE,-0.000446447754409753,1.4611840231042759,0.5,6
2022-12-15,PFE,0.017272081040542373,1.8021531084666864,0.5,6
2022-12-16,PFE,0.029700106764005505,1.7072953037604304,0.5,6
2022-12-19,PFE,0.03128803097192497,1.790723790455407,0.5,6
2022-12-20,PFE,0.01856139215469281,1.7041339449519222,0.5,6
2022-12-21,PFE,0.01515120188028833,1.7892450386077772,0.5,6
2022-12-22,PFE,0.02051295202837011,2.456684307089682,0.5,6
2022-12-23,PFE,0.012593903430838882,2.3423369619332597,0.5,6
2022-12-27,PFE,0.014453900109371191,2.2028070035409506,0.5,6
2022-12-28,PFE,0.009843106599569188,2.212242984478504,0.5,6
2022-12-29,PFE,0.008336094364548434,2.2795034362243887,0.5,6
2022-12-30,PFE,0.011243231150015225,2.152518647972243,0.5,6
2022-07-01,PYPL,0.017218725403828954,-0.9475198109666046,0.5,6
2022-07-05,PYPL,0.059165681932343464,-0.19490127311829086,0.5,6
2022-07-06,PYPL,0.04814248782991215,-0.5561779797085602,0.5,6
2022-07-07,PYPL,0.053163163281217715,-0.6222131792615517,0.5,6
2022-07-08,PYPL,0.052930611261966555,-0.9551858612246589,0.5,6
2022-07-11,PYPL,0.039462391731837146,-1.2736796793454357,0.5,6
2022-07-12,PYPL,0.036072715030303265,-0.9031889913636482,0.5,6
2022-07-13,PYPL,-0.0022708716063845873,-1.6038903088306777,0.5,6
2022-07-14,PYPL,-0.00785399105974433,-1.4445397692660145,0.5,6
2022-07-15,PYPL,-0.006377905080190334,-0.8204406173322788,0.5,6
2022-07-18,PYPL,-0.004918637774730383,-0.29839817867075685,0.5,6
2022-07-19,PYPL,-0.0029577972051560695,-0.03640653718657502,0.5,6
2022-07-20,PYPL,0.0003869038993706624,0.7791179597391403,0.5,6
2022-07-21,PYPL,0.004739203337296836,1.0320203155934649,0.5,6
2022-07-22,PYPL,0.0032635801935421626,1.0029205089888737,0.5,6
2022-07-25,PYPL,-0.003940409461698538,0.782717847980289,0.5,6
2022-07-26,PYPL,-9.391914089071135e-05,0.37922789510708915,0.5,6
2022-07-27,PYPL,0.13229235191606037,2.861155349909158,0.5,6
2022-07-28,PYPL,0.16590835001971127,2.829034653430047,0.5,6
2022-07-29,PYPL,0.15312354797552388,2.3437949031414482,0.5,6
2022-08-01,PYPL,0.15706116320547311,2.379259915919606,0.5,6
2022-08-02,PYPL,0.1459553546370245,2.312603005692636,0.5,6
2022-08-03,PYPL,0.1240346561082896,2.8376767170231627,0.5,6
2022-08-04,PYPL,0.12824703671409338,2.785944186461635,0.5,6
2022-08-05,PYPL,0.12138570018673173,2.8126107086555243,0.5,6
2022-08-08,PYPL,0.13737707794996676,3.178598303885778,0.5,6
2022-08-09,PYPL,0.16791698975893868,2.9849457113099573,0.5,6
2022-08-10,PYPL,0.13118489974513248,2.9134197463458587,0.5,6
2022-08-11,PYPL,0.14566260946156723,3.2208696291773276,0.5,6
2022-08-12,PYPL,0.1722920587110936,3.045735115363169,0.5,6
2022-08-15,PYPL,0.15345626127914228,2.905478887435412,0.5,6
2022-08-16,PYPL,0.16131146613801697,2.88736372013779,0.5,6
2022-08-17,PYPL,0.17188288734452647,2.726002003084089,0.5,6
2022-08-18,PYPL,0.1659711853156532,2.6337974202933445,0.5,6
2022-08-19,PYPL,0.14718688662834897,2.6064394063152516,0.5,6
2022-08-22,PYPL,0.06434198010253578,2.0889679451763703,0.5,6
2022-08-23,PYPL,0.14975637664315056,2.358134870735184,0.5,6
2022-08-24,PYPL,0.012157026140357389,0.8110374194887329,0.5,6
2022-08-25,PYPL,0.01028479488633762,1.0559781743721404,0.5,6
2022-08-26,PYPL,0.01683447082681262,1.5075487802362602,0.5,6
2022-08-29,PYPL,0.02079784457590494,1.502327511271734,0.5,6
2022-08-30,PYPL,-0.0026542154340756375,1.0078904595609568,0.5,6
2022-08-31,PYPL,-0.005055266560015943,0.7580447114407516,0.5,6
2022-09-01,PYPL,-0.0020261894227686424,0.7680761510964844,0.5,6
2022-09-02,PYPL,-0.0020261894227686424,0.8404965083866297,0.5,6
2022-09-06,PYPL,-0.002079662904242884,0.8274367084022294,0.5,6
2022-09-07,PYPL,-0.008895134136638309,1.0875366860968363,0.5,6
2022-09-08,PYPL,0.005244679600731524,1.0582896105091473,0.5,6
2022-09-09,PYPL,0.0040083674965367315,0.7853748823247121,0.5,6
2022-09-12,PYPL,-0.0068263793033027775,0.6951421678997802,0.5,6
2022-09-13,PYPL,0.014236605452046872,1.2230776312621985,0.5,6
2022-09-14,PYPL,0.010654628049196401,1.2622850274435566,0.5,6
2022-09-15,PYPL,-0.0004218564378446081,1.3658895221549618,0.5,6
2022-09-16,PYPL,0.005199853596646871,1.335066523088393,0.5,6
2022-09-19,PYPL,0.006838415940147717,1.6516927061677775,0.5,6
2022-09-20,PYPL,0.005064474076135618,1.37828017702104,0.5,6
2022-09-21,PYPL,-0.006949835575573504,1.402661399476444,0.5,6
2022-09-22,PYPL,-0.027679887343595333,0.5134107127158658,0.5,6
2022-09-23,PYPL,-0.005607649801364823,0.7666830518397649,0.5,6
2022-09-26,PYPL,-0.007828405711841728,0.3787148377454391,0.5,6
2022-09-27,PYPL,0.001104974377226699,0.8241396610929655,0.5,6
2022-09-28,PYPL,-0.03157327758527153,0.7368455460207586,0.5,6
2022-09-29,PYPL,-0.020388149455097548,0.4296578505405912,0.5,6
2022-09-30,PYPL,-0.03514560456284268,0.5701246998162743,0.5,6
2022-10-03,PYPL,-0.02114412647093634,0.7605039259696897,0.5,6
2022-10-04,PYPL,-0.011437149134189025,1.5250852128656862,0.5,6
2022-10-05,PYPL,-0.009662452622981854,1.2914462419360544,0.5,6
2022-10-06,PYPL,-0.006780548607298589,1.1859067275147437,0.5,6
2022-10-07,PYPL,-0.008198918659090794,1.3016073367794274,0.5,6
2022-10-10,PYPL,-0.014180844011331822,0.08576113060977791,0.5,6
2022-10-11,PYPL,-0.016356002925294735,-1.3029567606171122,0.5,6
2022-10-12,PYPL,-0.01664160192755758,-1.6976786093984573,0.5,6
2022-10-13,PYPL,-0.014378647088899807,-2.2804900389970166,0.5,6
2022-10-14,PYPL,-0.020364802275217756,-1.6652337392782277,0.5,6
2022-10-17,PYPL,0.04729260903922624,-0.5801028062074525,0.5,6
2022-10-18,PYPL,0.03750385388874826,-0.2525927327728372,0.5,6
2022-10-19,PYPL,0.012200918371024218,-0.8639209404907638,0.5,6
2022-10-20,PYPL,-0.01673495645381529,-0.6971817933733118,0.5,6
2022-10-21,PYPL,-0.016694991154798427,-1.675024689931682,0.5,6
2022-10-24,PYPL,-0.014111888074834423,-1.6263240510469879,0.5,6
2022-10-25,PYPL,0.068060638463824,0.5177941681973957,0.5,6
2022-10-26,PYPL,-0.0009605094153046415,-0.8221790168783167,0.5,6
2022-10-27,PYPL,0.005958428385150747,-0.583446476851323,0.5,6
2022-10-28,PYPL,0.03160546299319636,-0.22383070558178464,0.5,6
2022-10-31,PYPL,0.03149501407166805,-0.5392262015575157,0.5,6
2022-11-01,PYPL,0.008319656404429561,-1.0431330648556483,0.5,6
2022-11-02,PYPL,-0.0001633989367538243,-1.2647581927345688,0.5,6
2022-11-03,PYPL,0.016515416268003496,-0.9882328189357731,0.5,6
2022-11-04,PYPL,0.03759173003171155,-0.45663662963868823,0.5,6
2022-11-07,PYPL,0.0005695373063427462,-0.857947832429856,0.5,6
2022-11-08,PYPL,-0.013953923599308913,-0.7552835557500034,0.5,6
2022-11-09,PYPL,0.001809409398775079,-0.4494483179536609,0.5,6
2022-11-10,PYPL,0.05961195421772211,0.20764252599669145,0.5,6
2022-11-11,PYPL,0.0709330840521999,0.42151010694777935,0.5,6
2022-11-14,PYPL,0.06303000511998322,0.21750142260087516,0.5,6
2022-11-15,PYPL,0.05960022995851785,0.1886360027512804,0.5,6
2022-11-16,PYPL,0.05784072256014495,-0.0583291718259179,0.5,6
2022-11-17,PYPL,0.06994874054621385,0.1543420657765081,0.5,6
2022-11-18,PYPL,0.07732687446758726,0.38431236006619507,0.5,6
2022-11-21,PYPL,0.03226402857163709,-0.14936365922305472,0.5,6
2022-11-22,PYPL,0.04093410789991461,-0.4961511288375329,0.5,6
2022-11-23,PYPL,0.055344526083353655,-0.1930708842841461,0.5,6
2022-11-25,PYPL,0.028262440155132608,-0.571033981808407,0.5,6
2022-11-28,PYPL,0.030413284917317446,-0.27797392228698065,0.5,6
2022-11-29,PYPL,0.026281912081665776,-0.32404211348728257,0.5,6
2022-11-30,PYPL,0.04288955248839886,-0.5273563150976104,0.5,6
2022-12-01,PYPL,0.01832483403794553,-0.7866118273683227,0.5,6
2022-12-02,PYPL,0.006531885098382472,-1.0681862848661374,0.5,6
2022-12-05,PYPL,0.0006253202072243882,-0.8622524119635684,0.5,6
2022-12-06,PYPL,-0.015116765975386996,-1.3670385248647656,0.5,6
2022-12-07,PYPL,-0.014283935685875219,-1.4995362141896376,0.5,6
2022-12-08,PYPL,-0.013259369990110762,-1.6460119523395387,0.5,6
2022-12-09,PYPL,-0.010283005283336458,-1.8073239537395165,0.5,6
2022-12-12,PYPL,0.011468767282588105,-1.4726172908701316,0.5,6
2022-12-13,PYPL,0.015386448546883785,-1.4792950915087268,0.5,6
2022-12-14,PYPL,0.004421705793408606,-1.4352629131350811,0.5,6
2022-12-15,PYPL,0.018338486561454564,-1.2130393742654402,0.5,6
2022-12-16,PYPL,0.014029678222405844,-1.3865820605264418,0.5,6
2022-12-19,PYPL,0.011144795250977805,-1.3487005754472166,0.5,6
2022-12-20,PYPL,0.018237325873520456,-1.0020455891621591,0.5,6
2022-12-21,PYPL,0.013716328078578924,-1.1104509056927745,0.5,6
2022-12-22,PYPL,0.023449035409071988,-0.704134415048072,0.5,6
2022-12-23,PYPL,0.013289368149464412,-0.9171427907977914,0.5,6
2022-12-27,PYPL,0.018710935098828565,-1.0137179539980052,0.5,6
2022-12-28,PYPL,0.011217984214739758,-0.818959170470316,0.5,6
2022-12-29,PYPL,0.0014032180973445629,-0.25827425704777185,0.5,6
2022-12-30,PYPL,0.009383469495623343,0.03531397345373785,0.5,6
2022-07-01,ZM,0.023689321373660817,1.27991384497026,0.5,6
2022-07-05,ZM,-0.0408609524520128,0.9981305250638018,0.5,6
2022-07-06,ZM,-0.05029511575251548,0.4725946126501981,0.5,6
2022-07-07,ZM,-0.06370901593100167,0.37987170827601124,0.5,6
2022-07-08,ZM,-0.054611697463137904,0.2647657925411433,0.5,6
2022-07-11,ZM,0.06335194128580039,1.1752711197688777,0.5,6
2022-07-12,ZM,-0.02363509027698697,-0.7409211106640183,0.5,6
2022-07-13,ZM,0.04253563098262772,-0.46083902002830046,0.5,6
2022-07-14,ZM,0.03151061736865904,-1.3487124066151066,0.5,6
2022-07-15,ZM,-0.024661988263043656,-2.5194106530932134,0.5,6
2022-07-18,ZM,-0.05017797682550571,-3.034501249633871,0.5,6
2022-07-19,ZM,-0.07167049309802571,-3.4281552374632787,0.5,6
2022-07-20,ZM,-0.07070442290613128,-3.1714995626359803,0.5,6
2022-07-21,ZM,-0.05394515814975985,-2.843365223796138,0.5,6
2022-07-22,ZM,-0.025957643066880077,-2.579578738281374,0.5,6
2022-07-25,ZM,-0.05498907647736497,-2.7464822080288926,0.5,6
2022-07-26,ZM,-0.021744902728409024,-2.608257191272288,0.5,6
2022-07-27,ZM,0.02374897022866402,-1.700080879190466,0.5,6
2022-07-28,ZM,0.03150794785344365,-1.6507028295812904,0.5,6
2022-07-29,ZM,0.040348047442248555,-1.114628229971407,0.5,6
2022-08-01,ZM,-0.007577804904508306,-1.7129480785991555,0.5,6
2022-08-02,ZM,-0.03901857582552964,-2.0741599460733826,0.5,6
2022-08-03,ZM,-0.0370942116027093,-1.6188947917537142,0.5,6
2022-08-04,ZM,-0.01769410887822002,-1.5227764430558846,0.5,6
2022-08-05,ZM,-0.03675957332217998,-1.5722896832387045,0.5,6
2022-08-08,ZM,-0.003186406852515725,-0.5969465827616312,0.5,6
2022-08-09,ZM,0.026181453705484997,-0.9132106537934872,0.5,6
2022-08-10,ZM,0.04480071043659178,-0.02786614982496624,0.5,6
2022-08-11,ZM,0.015693224557536207,-0.254660879110776,0.5,6
2022-08-12,ZM,0.02544662831429618,-0.25796356942362764,0.5,6
2022-08-15,ZM,0.026817603567235816,0.058224944949943624,0.5,6
2022-08-16,ZM,0.04039533383560135,-0.11280655754885774,0.5,6
2022-08-17,ZM,-0.008191969088519992,-1.1416034654066642,0.5,6
2022-08-18,ZM,-0.0018286660115773836,-1.3128358041808548,0.5,6
2022-08-19,ZM,0.00934618855723982,-1.3102272654186173,0.5,6
2022-08-22,ZM,0.0067023285721426705,-1.1150000695833335,0.5,6
2022-08-23,ZM,0.05865590758287097,-1.3910071910535136,0.5,6
2022-08-24,ZM,0.04254169251681716,-1.2590626579380166,0.5,6
2022-08-25,ZM,0.0472322454253829,-1.1745401596085439,0.5,6
2022-08-26,ZM,0.06104375460979969,-1.2499118611839597,0.5,6
2022-08-29,ZM,0.03992025915755851,-1.4960554422195864,0.5,6
2022-08-30,ZM,-0.02182291699636719,-2.585171762578989,0.5,6
2022-08-31,ZM,-0.02345054476313521,-2.618080465377931,0.5,6
2022-09-01,ZM,-0.024523089004624816,-2.2040155111550535,0.5,6
2022-09-02,ZM,0.0033773017298354044,-1.7039576511176622,0.5,6
2022-09-06,ZM,0.014946064743507525,-1.7655602573000635,0.5,6
2022-09-07,ZM,0.025023542970299465,-1.3539478984912867,0.5,6
2022-09-08,ZM,0.021086607394299055,-1.7802188224451692,0.5,6
2022-09-09,ZM,0.032738834246931726,-1.424429477080548,0.5,6
2022-09-12,ZM,0.01728779115353239,-1.4029256375914092,0.5,6
2022-09-13,ZM,0.057883875112694286,-0.6414207687250086,0.5,6
2022-09-14,ZM,0.04197664034228298,-0.6370745283137118,0.5,6
2022-09-15,ZM,0.01001590137940692,-0.6856626804262924,0.5,6
2022-09-16,ZM,0.0031263761790727637,-0.9934915811463293,0.5,6
2022-09-19,ZM,0.018250325562274673,-0.88189401524065,0.5,6
2022-09-20,ZM,0.03188718595679406,-1.0243048414780613,0.5,6
2022-09-21,ZM,-0.03405586220618669,0.188388919972445,0.5,6
2022-09-22,ZM,-0.0217358494292445,0.0009614248704146178,0.5,6
2022-09-23,ZM,-0.00962195139882928,0.2137720400901559,0.5,6
2022-09-26,ZM,0.0011452754937287635,0.5711324637965483,0.5,6
2022-09-27,ZM,-0.009244762846460464,0.2783584412559412,0.5,6
2022-09-28,ZM,-0.010104349079965425,0.23002223409189954,0.5,6
2022-09-29,ZM,0.004618448741346922,0.5001058097183316,0.5,6
2022-09-30,ZM,-0.005898487046670476,0.434689298289113,0.5,6
2022-10-03,ZM,-0.0010111311389382272,-0.2566015527981435,0.5,6
2022-10-04,ZM,-0.004182351639007796,0.10164060819825059,0.5,6
2022-10-05,ZM,-0.004179656643687101,0.1709229389662534,0.5,6
2022-10-06,ZM,-0.0026242094690757615,1.088870362337501,0.5,6
2022-10-07,ZM,-0.004581569588776824,1.0954534193830932,0.5,6
2022-10-10,ZM,-0.005172982826582526,0.6051154698628174,0.5,6
2022-10-11,ZM,0.01092805138267515,1.4097674159096674,0.5,6
2022-10-12,ZM,0.007716252663699151,1.658985287241786,0.5,6
2022-10-13,ZM,0.010995013696884368,0.2165899665049202,0.5,6
2022-10-14,ZM,0.011624400401350791,0.5732059274344946,0.5,6
2022-10-17,ZM,-0.0015539247970474776,0.9888030549944953,0.5,6
2022-10-18,ZM,-0.0009542065231284448,1.064533844475481,0.5,6
2022-10-19,ZM,-0.006709492137720797,0.8380160242802037,0.5,6
2022-10-20,ZM,-0.013731191089964978,1.906154844567648,0.5,6
2022-10-21,ZM,-0.009708549468778919,1.6562768233414735,0.5,6
2022-10-24,ZM,-0.009542176242573981,1.7467672645633119,0.5,6
2022-10-25,ZM,-0.011267530784343041,1.6771798891917276,0.5,6
2022-10-26,ZM,-0.0061749683410636524,1.8565473397679255,0.5,6
2022-10-27,ZM,-0.004644986750358203,1.3439770643317095,0.5,6
2022-10-28,ZM,0.011180903648119278,1.0447681058251785,0.5,6
2022-10-31,ZM,-0.0001685316459162804,0.7773234777342757,0.5,6
2022-11-01,ZM,0.002416400368632847,0.6276976250631545,0.5,6
2022-11-02,ZM,-0.0009050115262241946,0.3836320956873606,0.5,6
2022-11-03,ZM,-0.00026066067588632685,0.2175161164858131,0.5,6
2022-11-04,ZM,0.0020665512473676097,0.019294733614671544,0.5,6
2022-11-07,ZM,-0.0030905108971917986,0.2189291946480018,0.5,6
2022-11-08,ZM,-0.008323371583182256,0.026186565793100608,0.5,6
2022-11-09,ZM,0.010055579216278778,-0.15079435012603662,0.5,6
2022-11-10,ZM,0.037875884695782326,0.43236135034255285,0.5,6
2022-11-11,ZM,0.09469409934268098,1.3629261808499882,0.5,6
2022-11-14,ZM,0.06646945165700496,0.5597774343159102,0.5,6
2022-11-15,ZM,0.04894227060989747,0.4640269302161202,0.5,6
2022-11-16,ZM,0.07095901068274292,0.5831437917123123,0.5,6
2022-11-17,ZM,0.04282341708892218,-0.032954328042750364,0.5,6
2022-11-18,ZM,0.053945273563548314,0.07975074512799435,0.5,6
2022-11-21,ZM,0.0453484332429146,0.25926523264231277,0.5,6
2022-11-22,ZM,0.05943930817599135,-0.08013853138297466,0.5,6
2022-11-23,ZM,0.01942964322773779,-0.7948409928093263,0.5,6
2022-11-25,ZM,0.011231906632884411,-0.8513607383947639,0.5,6
2022-11-28,ZM,0.022640695004152153,-1.2503819858691438,0.5,6
2022-11-29,ZM,0.027519288038850932,-1.1569696823646303,0.5,6
2022-11-30,ZM,0.053018270852210454,-0.7034532781243562,0.5,6
2022-12-01,ZM,0.02032377305218506,-0.7745703712164469,0.5,6
2022-12-02,ZM,0.019528831928749494,-1.098650653637648,0.5,6
2022-12-05,ZM,0.008269756065076279,-1.1569921130988157,0.5,6
2022-12-06,ZM,0.0035620454403655073,-1.348176592254863,0.5,6
2022-12-07,ZM,0.022940053279264863,-1.2033165115085713,0.5,6
2022-12-08,ZM,0.029280824238154413,-0.1909161302561817,0.5,6
2022-12-09,ZM,0.05147458181127609,-0.500054803358805,0.5,6
2022-12-12,ZM,-0.00012982798903656605,-1.440467558968076,0.5,6
2022-12-13,ZM,-0.012590311914789772,-1.4444487715900236,0.5,6
2022-12-14,ZM,-0.01487941188342803,-1.4972903163562548,0.5,6
2022-12-15,ZM,-0.0040133600795882185,-1.2703349681060774,0.5,6
2022-12-16,ZM,0.0024449927183462228,-1.1668035291665464,0.5,6
2022-12-19,ZM,-0.010335667922240027,-1.3137644438096927,0.5,6
2022-12-20,ZM,-0.013312372958062249,-1.5750799238601423,0.5,6
2022-12-21,ZM,-0.010516547269619852,-0.9459822859894482,0.5,6
2022-12-22,ZM,-0.005172636956392165,-0.961619479261907,0.5,6
2022-12-23,ZM,-0.01855263850410514,-1.2817330195317123,0.5,6
2022-12-27,ZM,-0.02033119286047182,-0.5428434280986791,0.5,6
2022-12-28,ZM,-0.025190146174712495,-0.3544865405381892,0.5,6
2022-12-29,ZM,-0.010503783176533565,-0.46768786921606964,0.5,6
2022-12-30,ZM,0.0005755992314634664,-0.8409964788867936,0.5,6
2023-01-03,AAPL,-0.0014411946326844207,-3.2991801834545837,2.0,7
2023-01-04,AAPL,-0.002619735459558634,-3.404729491873667,2.0,7
2023-01-05,AAPL,-0.003754363093118356,-3.2613720949122476,2.0,7
2023-01-06,AAPL,-0.017863227059943736,-3.0163348360278173,2.0,7
2023-01-09,AAPL,-0.013932006141641883,-3.124773285244556,2.0,7
2023-01-10,AAPL,-0.014380192028035258,-2.846593569843876,2.0,7
2023-01-11,AAPL,-0.012015402240246605,-2.780728280086702,2.0,7
2023-01-12,AAPL,-0.01365079689265793,-3.1134401864437455,2.0,7
2023-01-13,AAPL,-0.012655295574369256,-3.2083751232929814,2.0,7
2023-01-17,AAPL,-0.008047212998685072,-1.8301919774875384,2.0,7
2023-01-18,AAPL,-0.006955756371861799,-1.9063717816440613,2.0,7
2023-01-19,AAPL,-0.0023877804043370113,-1.3175084773821117,2.0,7
2023-01-20,AAPL,-0.0058318663700482574,-1.3679853006677398,2.0,7
2023-01-23,AAPL,-0.005912957569044053,-0.78098247200061,2.0,7
2023-01-24,AAPL,0.020654530090696094,0.4206192176011831,2.0,7
2023-01-25,AAPL,0.0190049067970268,0.18802942545765217,2.0,7
2023-01-26,AAPL,0.024435425446472432,0.46394694969045946,2.0,7
2023-01-27,AAPL,0.018624027285685393,0.4761268486175039,2.0,7
2023-01-30,AAPL,0.001298943854142497,0.36217643583487313,2.0,7
2023-01-31,AAPL,0.0012232490382372836,-0.31393935135050677,2.0,7
2023-02-01,AAPL,0.004091653978965699,-0.30192048860002985,2.0,7
2023-02-02,AAPL,-0.010910710982271164,-1.1342250591116454,2.0,7
2023-02-03,AAPL,-0.008805145411087482,-1.2812674668788855,2.0,7
2023-02-06,AAPL,-0.0011613180274660535,-0.46689670388761595,2.0,7
2023-02-07,AAPL,-0.0012322785610781747,0.06380488329124345,2.0,7
2023-02-08,AAPL,0.00967320340734699,0.07269857875337027,2.0,7
2023-02-09,AAPL,0.010609482444906337,0.028358506876204004,2.0,7
2023-02-10,AAPL,0.007535954654712937,1.8408650547925172,2.0,7
2023-02-13,AAPL,0.007649364444090537,2.9127402955928945,2.0,7
2023-02-14,AAPL,0.004331611413492745,2.1545425319329348,2.0,7
2023-02-15,AAPL,0.009802439038897796,1.3341895090007345,2.0,7
2023-02-16,AAPL,0.005228673339999516,2.00635724404083,2.0,7
2023-02-17,AAPL,0.005816622767472518,1.2994087578224254,2.0,7
2023-02-21,AAPL,0.009291274700150228,2.91427893736138,2.0,7
2023-02-22,AAPL,0.006855528076223615,2.396620529245487,2.0,7
2023-02-23,AAPL,0.007003872028337672,1.6131409145088274,2.0,7
2023-02-24,AAPL,0.007643605994505056,1.0269472622064653,2.0,7
2023-02-27,AAPL,0.009402681282949786,2.212871586837804,2.0,7
2023-02-28,AAPL,0.01031349478311293,2.0438780879035896,2.0,7
2023-03-01,AAPL,0.009734417646864687,1.0605938674255042,2.0,7
2023-03-02,AAPL,0.008623096246062936,1.6478271421425,2.0,7
2023-03-03,AAPL,0.008398381401708671,1.1975585756221285,2.0,7
2023-03-06,AAPL,0.016522395712657196,1.0828593098464534,2.0,7
2023-03-07,AAPL,0.00909334789860169,0.6595769553469925,2.0,7
2023-03-08,AAPL,0.011148689415626009,1.1784430538580848,2.0,7
2023-03-09,AAPL,0.008768109951948615,0.5827111811676591,2.0,7
2023-03-10,AAPL,0.005933351170252681,-0.6560964126180623,2.0,7
2023-03-13,AAPL,0.00913909594919182,-0.2586908944230685,2.0,7
2023-03-14,AAPL,0.009734264455906248,0.43395527020960317,2.0,7
2023-03-15,AAPL,0.006479915189248838,-1.3115904250038632,2.0,7
2023-03-16,AAPL,0.009570141888006825,0.4126817841275673,2.0,7
2023-03-17,AAPL,0.01128574074507573,-0.4402857250758628,2.0,7
2023-03-20,AAPL,0.01437425251344918,0.13530415940425916,2.0,7
2023-03-21,AAPL,0.013565529986168065,-0.11889913270919211,2.0,7
2023-03-22,AAPL,0.009721351066480956,0.057708734536530554,2.0,7
2023-03-23,AAPL,0.017179555129708014,1.5897088396157666,2.0,7
2023-03-24,AAPL,0.012498029222676111,0.8996031380931411,2.0,7
2023-03-27,AAPL,0.010461887484304636,0.7637390380986527,2.0,7
2023-03-28,AAPL,0.010561825339278078,1.0697315419308957,2.0,7
2023-03-29,AAPL,0.012477712985873895,1.0694651583202675,2.0,7
2023-03-30,AAPL,0.012111785114153353,1.2342892390227258,2.0,7
2023-03-31,AAPL,0.013515525998432247,1.044294049205028,2.0,7
2023-04-03,AAPL,0.01329861609483927,0.9373052597884917,2.0,7
2023-04-04,AAPL,0.012245690350419445,0.3753890581133499,2.0,7
2023-04-05,AAPL,0.013423295391401736,0.975015425172641,2.0,7
2023-04-06,AAPL,0.015201057552737405,0.9373346938745923,2.0,7
2023-04-10,AAPL,0.013353928403404774,0.6337770027635987,2.0,7
2023-04-11,AAPL,0.009536341134572373,0.19355078456242292,2.0,7
2023-04-12,AAPL,0.008249329768937072,0.19684684260811233,2.0,7
2023-04-13,AAPL,0.0020385547921248333,0.8232100900924557,2.0,7
2023-04-14,AAPL,0.00257405890596659,0.9439000677572682,2.0,7
2023-04-17,AAPL,0.0027371796495110367,1.1496220903446785,2.0,7
2023-04-18,AAPL,0.005072279804414954,0.8862052578295176,2.0,7
2023-04-19,AAPL,0.003353558294134648,0.6280888598249873,2.0,7
2023-04-20,AAPL,0.004433295844024683,0.49273183133029075,2.0,7
2023-04-21,AAPL,0.0038841405271975203,0.4800631286207053,2.0,7
2023-04-24,AAPL,0.0032153362023553808,0.4932338091348273,2.0,7
2023-04-25,AAPL,0.0040293453766224365,1.0184925540392582,2.0,7
2023-04-26,AAPL,0.004178291129599516,1.1621217018380892,2.0,7
2023-04-27,AAPL,0.004608811522203181,1.143729246515932,2.0,7
2023-04-28,AAPL,0.0008254350850917525,0.600481753767159,2.0,7
2023-05-01,AAPL,-0.005172782052526351,0.23261653447820196,2.0,7
2023-05-02,AAPL,-0.005282578630483819,0.21511604302301252,2.0,7
2023-05-03,AAPL,-0.004876951310031568,0.3320318210416261,2.0,7
2023-05-04,AAPL,-0.005095076367737547,0.05563951216335494,2.0,7
2023-05-05,AAPL,-0.01828691150560821,-0.4801957857789714,2.0,7
2023-05-08,AAPL,-0.008942998344143221,0.4044152445412559,2.0,7
2023-05-09,AAPL,-0.008804082378466712,0.16519964127975018,2.0,7
2023-05-10,AAPL,-0.009506261615451794,0.07204329058943759,2.0,7
2023-05-11,AAPL,-0.004875320585677393,0.20397569193371506,2.0,7
2023-05-12,AAPL,-0.003002297454211258,0.4470391112297558,2.0,7
2023-05-15,AAPL,-0.0008229583388180735,0.27519660418541136,2.0,7
2023-05-16,AAPL,-0.0011151363250550066,0.40264986487984544,2.0,7
2023-05-17,AAPL,-0.0059732889171244695,0.03355293907448398,2.0,7
2023-05-18,AAPL,-0.01191291163631847,-0.14160837270414905,2.0,7
2023-05-19,AAPL,-0.010355516215538783,0.03428532343024557,2.0,7
2023-05-22,AAPL,-0.010355516215538783,-0.4435285340778392,2.0,7
2023-05-23,AAPL,-0.00619642358634772,-0.0410778300328013,2.0,7
2023-05-24,AAPL,-0.0008229583388180735,0.2798751386624239,2.0,7
2023-05-25,AAPL,-0.0019950039671786423,-0.8013109406419001,2.0,7
2023-05-26,AAPL,-0.0005407479310103651,-1.9547918966840265,2.0,7
2023-05-30,AAPL,0.0024183843753637266,-1.211524612582298,2.0,7
2023-05-31,AAPL,0.0015347257385593543,-1.2343791515726057,2.0,7
2023-06-01,AAPL,-0.0017189581636814259,-1.4970249164767728,2.0,7
2023-06-02,AAPL,-0.005988569130477744,-0.8139484372368059,2.0,7
2023-06-05,AAPL,0.014174497733549068,0.044206608203055,2.0,7
2023-06-06,AAPL,0.015883144552230947,0.073374960584428,2.0,7
2023-06-07,AAPL,0.01535680452156911,0.8659126421875667,2.0,7
2023-06-08,AAPL,0.015607946556918396,0.4375961825771706,2.0,7
2023-06-09,AAPL,0.015723083640494136,1.3132876053665952,2.0,7
2023-06-12,AAPL,0.021077655791693697,1.1050065791653294,2.0,7
2023-06-13,AAPL,0.0226311739756526,1.5573821637467522,2.0,7
2023-06-14,AAPL,0.017830169203535914,1.020198210724848,2.0,7
2023-06-15,AAPL,0.015745196159532893,0.6549091975042515,2.0,7
2023-06-16,AAPL,0.018030570086932877,0.8427012951197393,2.0,7
2023-06-20,AAPL,0.016824320009939372,0.9510133527722224,2.0,7
2023-06-21,AAPL,0.016824320009939372,0.8428239947368674,2.0,7
2023-06-22,AAPL,0.019671096879795142,0.7962156299885905,2.0,7
2023-06-23,AAPL,0.016172949874071335,0.7761950618415849,2.0,7
2023-06-26,AAPL,0.016824320009939372,2.23999815329063,2.0,7
2023-06-27,AAPL,0.016111124031253435,2.2650122939749444,2.0,7
2023-06-28,AAPL,0.014467338566798382,2.349690338070571,2.0,7
2023-06-29,AAPL,0.01645839213821883,2.900661219003471,2.0,7
2023-06-30,AAPL,-0.010640672825563328,-0.6445664980158139,2.0,7
2023-01-03,AMZN,-0.0037061854710973615,-2.516352123707174,2.0,7
2023-01-04,AMZN,-0.0018904642525426462,-2.073308259211751,2.0,7
2023-01-05,AMZN,0.008578526701888505,-0.5829609762297754,2.0,7
2023-01-06,AMZN,-0.004639645801979586,-0.759166114439528,2.0,7
2023-01-09,AMZN,-0.0063274272115579865,-1.093893661372299,2.0,7
2023-01-10,AMZN,-0.005945080414693443,-0.2988138639955348,2.0,7
2023-01-11,AMZN,0.0011376354024546466,0.7196994209236576,2.0,7
2023-01-12,AMZN,0.015229414786572063,1.0254105703664522,2.0,7
2023-01-13,AMZN,0.009728821170210473,0.9024341025141931,2.0,7
2023-01-17,AMZN,-0.0054048465335474,-0.53783998948781,2.0,7
2023-01-18,AMZN,-0.010575185087207365,-1.1441686905357613,2.0,7
2023-01-19,AMZN,-0.008098711168616247,-0.8152035225334298,2.0,7
2023-01-20,AMZN,0.004333395955626078,0.6502572843116254,2.0,7
2023-01-23,AMZN,-0.0025546776928677007,0.38190628965277074,2.0,7
2023-01-24,AMZN,-0.006430255586824374,-0.5795344957301227,2.0,7
2023-01-25,AMZN,-0.006483695898682999,-0.705357860189057,2.0,7
2023-01-26,AMZN,0.01215357665379537,0.32408229043475534,2.0,7
2023-01-27,AMZN,0.01026992981682921,0.4994337568065522,2.0,7
2023-01-30,AMZN,0.014882837675462567,2.652344431103395,2.0,7
2023-01-31,AMZN,0.012082205655148956,2.0823967885056582,2.0,7
2023-02-01,AMZN,0.018030042313041228,1.1357046030846227,2.0,7
2023-02-02,AMZN,0.08084653770793924,4.1123275182481684,2.0,7
2023-02-03,AMZN,0.05120428334563935,2.439800380872099,2.0,7
2023-02-06,AMZN,0.03738938805887422,2.853290440762735,2.0,7
2023-02-07,AMZN,0.01107442818474931,0.8495836896599227,2.0,7
2023-02-08,AMZN,0.029400833245123523,1.3043946465022764,2.0,7
2023-02-09,AMZN,0.07894135379868907,3.5783372840841148,2.0,7
2023-02-10,AMZN,0.026844677290674822,2.93438070747155,2.0,7
2023-02-13,AMZN,0.01194266487996522,2.266055720675506,2.0,7
2023-02-14,AMZN,0.009366607913072698,1.7966221649282008,2.0,7
2023-02-15,AMZN,-0.0004241529750708224,-0.3462559437745691,2.0,7
2023-02-16,AMZN,-0.007657786054615588,-0.5227736139477549,2.0,7
2023-02-17,AMZN,0.0014006656441300953,-0.3589387676151426,2.0,7
2023-02-21,AMZN,-0.002833204242819295,-0.003744221838786088,2.0,7
2023-02-22,AMZN,-0.00015425585832149326,0.6411611380157045,2.0,7
2023-02-23,AMZN,0.009564484887669089,1.287790568106631,2.0,7
2023-02-24,AMZN,0.027306743793185505,2.520940687333625,2.0,7
2023-02-27,AMZN,0.006172212146453957,0.7357217642259574,2.0,7
2023-02-28,AMZN,0.0010418149013562005,-0.5579103618208625,2.0,7
2023-03-01,AMZN,0.01227913061022237,0.018252721904865377,2.0,7
2023-03-02,AMZN,0.0011335145344929,-0.8664418571089552,2.0,7
2023-03-03,AMZN,0.0011158621694592435,-1.4615432030752191,2.0,7
2023-03-06,AMZN,0.01354412702314838,-0.3688684394899808,2.0,7
2023-03-07,AMZN,0.009899885248435573,-0.48149467429710446,2.0,7
2023-03-08,AMZN,0.00799590337145664,-0.06314677727945922,2.0,7
2023-03-09,AMZN,0.01061549983370992,-0.38446040090359007,2.0,7
2023-03-10,AMZN,0.011354528733231123,-0.9304628912152069,2.0,7
2023-03-13,AMZN,0.010127821460849331,-1.0248139106292864,2.0,7
2023-03-14,AMZN,0.007896719109090915,-0.39527356346281106,2.0,7
2023-03-15,AMZN,0.00818809639180812,-1.7680087540799718,2.0,7
2023-03-16,AMZN,0.003017641643102986,-0.41827377187306425,2.0,7
2023-03-17,AMZN,0.012842909016289974,-0.11293624989953349,2.0,7
2023-03-20,AMZN,0.006078378362473656,-1.9302365741643484,2.0,7
2023-03-21,AMZN,0.009286550311670616,-0.6745781165736533,2.0,7
2023-03-22,AMZN,0.0014713293835963185,-1.1075971112696408,2.0,7
2023-03-23,AMZN,0.00842052217887056,0.2881417657440386,2.0,7
2023-03-24,AMZN,0.010008340830444848,0.1794309251999997,2.0,7
2023-03-27,AMZN,0.009197460414180694,0.33887962247281245,2.0,7
2023-03-28,AMZN,0.009843406568168228,0.5560711098664828,2.0,7
2023-03-29,AMZN,0.010092846577320548,0.6192603075512113,2.0,7
2023-03-30,AMZN,0.006953431532698688,0.6803114281296259,2.0,7
2023-03-31,AMZN,0.009839030110038324,0.6562546646564302,2.0,7
2023-04-03,AMZN,0.004979152135595785,0.13598003012771787,2.0,7
2023-04-04,AMZN,0.011695233436961668,0.529734227343588,2.0,7
2023-04-05,AMZN,0.0005005789206348857,-0.043098096402409525,2.0,7
2023-04-06,AMZN,0.009508010883204791,0.7726119075742773,2.0,7
2023-04-10,AMZN,0.007268023076775076,0.813736103162814,2.0,7
2023-04-11,AMZN,0.016298387285395354,0.8621201939581205,2.0,7
2023-04-12,AMZN,0.015832243224687435,0.4096921165191877,2.0,7
2023-04-13,AMZN,-0.005169076473873937,-0.029138547763330733,2.0,7
2023-04-14,AMZN,0.001945394998795963,-0.34979047490548065,2.0,7
2023-04-17,AMZN,0.001945394998795963,0.12626415925720147,2.0,7
2023-04-18,AMZN,0.004091844024224696,0.5227628363759658,2.0,7
2023-04-19,AMZN,0.010641211495121724,1.003335412653791,2.0,7
2023-04-20,AMZN,0.009950500687858266,0.9566377025040971,2.0,7
2023-04-21,AMZN,0.010869701910713066,2.165230244175643,2.0,7
2023-04-24,AMZN,0.011682927030186896,2.844543825918672,2.0,7
2023-04-25,AMZN,0.007698143288119865,1.7673177089223928,2.0,7
2023-04-26,AMZN,0.0028230674514770093,1.7680631792664638,2.0,7
2023-04-27,AMZN,-0.0049891904529320305,0.9162463627997507,2.0,7
2023-04-28,AMZN,0.012406814148062365,1.602780928119063,2.0,7
2023-05-01,AMZN,0.01104985638285433,1.274420914529122,2.0,7
2023-05-02,AMZN,0.0033971680541648045,1.092462513986452,2.0,7
2023-05-03,AMZN,0.004218661489298022,1.0747771627454026,2.0,7
2023-05-04,AMZN,0.006826936392945237,1.46584597806079,2.0,7
2023-05-05,AMZN,0.004889241506402013,1.2790789497925692,2.0,7
2023-05-08,AMZN,0.0023116833820961214,0.9355260032543811,2.0,7
2023-05-09,AMZN,0.001493190220605927,0.8440551779534828,2.0,7
2023-05-10,AMZN,-0.00024175725760697175,1.2274969002200002,2.0,7
2023-05-11,AMZN,0.008997477541844668,1.8222977256331632,2.0,7
2023-05-12,AMZN,0.007454079787454,1.5833862981845244,2.0,7
2023-05-15,AMZN,-0.0036220729442464177,0.46212133378598363,2.0,7
2023-05-16,AMZN,-0.0009667374021372836,1.081772063829857,2.0,7
2023-05-17,AMZN,-0.006651544006954987,0.670223014581,2.0,7
2023-05-18,AMZN,-0.019213758901785224,0.027746931136556463,2.0,7
2023-05-19,AMZN,-0.023040405491509527,-0.8097331396408682,2.0,7
2023-05-22,AMZN,-0.020904162746267163,-1.142163731195834,2.0,7
2023-05-23,AMZN,-0.015691004110064386,-0.09315437183463282,2.0,7
2023-05-24,AMZN,-0.006015306091131132,0.5275511405446802,2.0,7
2023-05-25,AMZN,-0.009630021226521962,-1.617791461611721,2.0,7
2023-05-26,AMZN,0.0006041600744152907,-1.1521633813270231,2.0,7
2023-05-30,AMZN,0.013484928929061075,0.9461230900096724,2.0,7
2023-05-31,AMZN,0.004805756223311346,-0.11786082725673264,2.0,7
2023-06-01,AMZN,0.01277859897353386,1.920795409855795,2.0,7
2023-06-02,AMZN,-0.009768426233015489,-0.403234860999203,2.0,7
2023-06-05,AMZN,-0.007518776518603269,-0.5779653451515464,2.0,7
2023-06-06,AMZN,-0.013342835199454277,-0.7401191667720708,2.0,7
2023-06-07,AMZN,-0.01620053761779143,-1.1336954875316079,2.0,7
2023-06-08,AMZN,-0.007753646451893628,-0.6968569086642487,2.0,7
2023-06-09,AMZN,-0.013300524109292482,-1.2271850836041232,2.0,7
2023-06-12,AMZN,0.004081904265166089,0.45040089859851196,2.0,7
2023-06-13,AMZN,0.00111756834975306,0.16830082185756906,2.0,7
2023-06-14,AMZN,-0.004325501168610376,-0.9806305399247524,2.0,7
2023-06-15,AMZN,-0.001779673691818997,-0.9528349622097528,2.0,7
2023-06-16,AMZN,0.0014707564917622248,-0.8953644487110257,2.0,7
2023-06-20,AMZN,0.005517186246928368,0.18512407724635965,2.0,7
2023-06-21,AMZN,0.004259743292934771,-0.022924599191830652,2.0,7
2023-06-22,AMZN,-0.004823766783835875,-0.7215030202845524,2.0,7
2023-06-23,AMZN,-0.0041859641370884625,-0.54999025427697,2.0,7
2023-06-26,AMZN,-0.0038839274278675093,0.5813236183083262,2.0,7
2023-06-27,AMZN,0.007716448655826819,1.479214691586361,2.0,7
2023-06-28,AMZN,0.005132911654619029,1.2377774117262137,2.0,7
2023-06-29,AMZN,0.0066607146143224626,1.5461783827708784,2.0,7
2023-06-30,AMZN,0.00787956939937127,2.02425459793219,2.0,7
2023-01-03,GOOGL,0.015032862231455566,0.0233474673597307,2.0,7
2023-01-04,GOOGL,0.014380386886391589,-1.054292341418395,2.0,7
2023-01-05,GOOGL,0.020483075440856098,0.017633184324748696,2.0,7
2023-01-06,GOOGL,0.01342545289985595,-0.368558034610723,2.0,7
2023-01-09,GOOGL,0.013708428935001819,0.7235717137131346,2.0,7
2023-01-10,GOOGL,0.012108468415644214,0.5092730711238379,2.0,7
2023-01-11,GOOGL,0.006633460579608582,0.22184481450726495,2.0,7
2023-01-12,GOOGL,0.01154136489250028,-0.42395576909239824,2.0,7
2023-01-13,GOOGL,0.006569963747014553,-0.8032170069995532,2.0,7
2023-01-17,GOOGL,0.013302765489697894,0.07805972363018673,2.0,7
2023-01-18,GOOGL,0.012903117776639382,-0.026690118493778094,2.0,7
2023-01-19,GOOGL,0.014520052467835415,0.7988208041642828,2.0,7
2023-01-20,GOOGL,0.01389500947629156,1.0084817754567479,2.0,7
2023-01-23,GOOGL,0.009241576507332674,1.3341699469716826,2.0,7
2023-01-24,GOOGL,0.0010760488142487954,-0.45104450455624423,2.0,7
2023-01-25,GOOGL,0.0044384244152507035,-0.7313890298616694,2.0,7
2023-01-26,GOOGL,0.011074466211840876,-0.30686537016427096,2.0,7
2023-01-27,GOOGL,0.003972611231686511,-0.5345477220663228,2.0,7
2023-01-30,GOOGL,0.008110674116998085,1.084671133787347,2.0,7
2023-01-31,GOOGL,0.0054902628730001185,0.34466087349318464,2.0,7
2023-02-01,GOOGL,0.00851598521720579,-0.1984799764989427,2.0,7
2023-02-02,GOOGL,0.008319016904174647,-0.023172764871021684,2.0,7
2023-02-03,GOOGL,0.0380489259459774,1.4517277622261981,2.0,7
2023-02-06,GOOGL,0.02069122014140631,1.4034023540586484,2.0,7
2023-02-07,GOOGL,0.02196907906054301,2.0368201995430075,2.0,7
2023-02-08,GOOGL,0.0527676928830539,3.2690398117968247,2.0,7
2023-02-09,GOOGL,0.046865792254749614,1.6242454734776515,2.0,7
2023-02-10,GOOGL,0.016233369985771292,1.9102754527159072,2.0,7
2023-02-13,GOOGL,0.0014742723904258264,1.1524176124996224,2.0,7
2023-02-14,GOOGL,0.0025215814901688952,1.1465248081034798,2.0,7
2023-02-15,GOOGL,-0.004858068046767919,-0.671910226293703,2.0,7
2023-02-16,GOOGL,-0.019737932079276058,-2.3162792762876068,2.0,7
2023-02-17,GOOGL,-0.006545668249125604,-1.5587377860679905,2.0,7
2023-02-21,GOOGL,-0.011070741117091455,-1.883431001199587,2.0,7
2023-02-22,GOOGL,-0.014094485327302628,-2.1891426129002642,2.0,7
2023-02-23,GOOGL,-0.0023655237018583614,-0.5950112167771359,2.0,7
2023-02-24,GOOGL,0.01752101876511034,1.0749008182791293,2.0,7
2023-02-27,GOOGL,-0.0007810712122865437,-0.0924303703999898,2.0,7
2023-02-28,GOOGL,-0.0004499080701639486,-0.9020386049816349,2.0,7
2023-03-01,GOOGL,0.0045573207155648774,-0.6044900062594465,2.0,7
2023-03-02,GOOGL,-0.00037213907134806814,-0.5022009276183366,2.0,7
2023-03-03,GOOGL,0.0012367367231043633,-1.1108678574949096,2.0,7
2023-03-06,GOOGL,0.004356742310812164,-1.2404207693208669,2.0,7
2023-03-07,GOOGL,-0.0023551948798420054,-1.7190149237540373,2.0,7
2023-03-08,GOOGL,-0.005197760452006269,-2.040049362680457,2.0,7
2023-03-09,GOOGL,0.009103934184014303,-0.47996513651875994,2.0,7
2023-03-10,GOOGL,0.011815830831692216,-0.17463261842073158,2.0,7
2023-03-13,GOOGL,0.014382010827087633,-0.10566513386270542,2.0,7
2023-03-14,GOOGL,0.016203988697466705,1.1728965463771477,2.0,7
2023-03-15,GOOGL,0.014718251012914048,0.4781355680339736,2.0,7
2023-03-16,GOOGL,0.007543036193872729,0.6544093303597174,2.0,7
2023-03-17,GOOGL,0.02749448711861501,3.6525393814211546,2.0,7
2023-03-20,GOOGL,0.012519915865503793,0.21306753991826788,2.0,7
2023-03-21,GOOGL,0.022632140347627974,1.6158381183651231,2.0,7
2023-03-22,GOOGL,0.0052629843573196375,0.22511649943118256,2.0,7
2023-03-23,GOOGL,0.01049424473522768,1.983633265910541,2.0,7
2023-03-24,GOOGL,0.02297570597219034,2.9467144131174874,2.0,7
2023-03-27,GOOGL,0.004131944124533733,1.0060751449387473,2.0,7
2023-03-28,GOOGL,0.0030873917981809568,0.9948899140455157,2.0,7
2023-03-29,GOOGL,0.0029484758325044507,0.34237263705508864,2.0,7
2023-03-30,GOOGL,0.0026828528314448647,0.14689967377272833,2.0,7
2023-03-31,GOOGL,0.00718245602138432,0.6513321735567148,2.0,7
2023-04-03,GOOGL,0.0016547376961582017,-0.186533451766678,2.0,7
2023-04-04,GOOGL,0.00963589602238898,0.3751936314453353,2.0,7
2023-04-05,GOOGL,0.009719190433220984,1.1218117494946687,2.0,7
2023-04-06,GOOGL,0.004661686042895647,1.3837034502111711,2.0,7
2023-04-10,GOOGL,0.005871304743253247,1.4546065179406913,2.0,7
2023-04-11,GOOGL,0.009150030494693508,1.4320760688479468,2.0,7
2023-04-12,GOOGL,0.01037574595420072,1.535704268189058,2.0,7
2023-04-13,GOOGL,0.0024970227316222266,1.6083173748434236,2.0,7
2023-04-14,GOOGL,0.010194913708359968,2.557700489975491,2.0,7
2023-04-17,GOOGL,0.0049285224684227705,0.5421076481063268,2.0,7
2023-04-18,GOOGL,0.0061170420746022676,0.29660950384242735,2.0,7
2023-04-19,GOOGL,0.01072425233820407,0.11599174419939728,2.0,7
2023-04-20,GOOGL,0.02107470701868067,1.3055600219105046,2.0,7
2023-04-21,GOOGL,0.010976839736394734,0.22147114197437773,2.0,7
2023-04-24,GOOGL,0.01105675447433283,0.5359126729958973,2.0,7
2023-04-25,GOOGL,0.00931888625575489,1.073194833999998,2.0,7
2023-04-26,GOOGL,0.00933599531838177,1.387389357079588,2.0,7
2023-04-27,GOOGL,0.008880897574314822,1.7187012525984944,2.0,7
2023-04-28,GOOGL,0.011041267534779393,1.8996616134525348,2.0,7
2023-05-01,GOOGL,0.011041267534779393,1.9223904831150553,2.0,7
2023-05-02,GOOGL,0.00678500712897578,1.4094321470098,2.0,7
2023-05-03,GOOGL,0.0062753567860586125,1.4264459341694078,2.0,7
2023-05-04,GOOGL,0.005859866789029198,0.937391245987619,2.0,7
2023-05-05,GOOGL,0.009402336568595572,0.7371950584861253,2.0,7
2023-05-08,GOOGL,0.012514995378977893,1.5426190363905739,2.0,7
2023-05-09,GOOGL,0.00967890455704656,0.7822091387596035,2.0,7
2023-05-10,GOOGL,0.002859960346942147,0.8583441708568285,2.0,7
2023-05-11,GOOGL,-0.002267374071407991,0.7850303101677476,2.0,7
2023-05-12,GOOGL,-0.009985574162987903,0.2129079120705043,2.0,7
2023-05-15,GOOGL,-9.484841599173718e-05,0.8959893882650568,2.0,7
2023-05-16,GOOGL,-0.00477577475462775,1.0553608918761923,2.0,7
2023-05-17,GOOGL,-0.013102677566957592,0.6010506917961168,2.0,7
2023-05-18,GOOGL,-0.014181353971770118,0.6620421604203511,2.0,7
2023-05-19,GOOGL,-0.017486846049888066,0.34069928501480695,2.0,7
2023-05-22,GOOGL,-0.004007826437432603,1.3663028868572322,2.0,7
2023-05-23,GOOGL,-0.02452985502756054,-0.22236528294554092,2.0,7
2023-05-24,GOOGL,-0.011331084061208498,0.6803716893615603,2.0,7
2023-05-25,GOOGL,-0.005665489279124969,-0.5186589671513745,2.0,7
2023-05-26,GOOGL,0.006285641094956933,-0.08187890327292702,2.0,7
2023-05-30,GOOGL,0.003759553866160428,-0.38858625611550174,2.0,7
2023-05-31,GOOGL,0.007296243702865584,0.1243003873933824,2.0,7
2023-06-01,GOOGL,0.007329539397504267,0.8307345582051278,2.0,7
2023-06-02,GOOGL,0.0018101924701019881,0.3665268768992748,2.0,7
2023-06-05,GOOGL,-0.007360306973174741,-0.5134051475221316,2.0,7
2023-06-06,GOOGL,-0.001492557455862021,-0.03498125721706302,2.0,7
2023-06-07,GOOGL,-0.0022508353807402124,0.23208283349933345,2.0,7
2023-06-08,GOOGL,0.0038582119306288603,-0.05186414544422771,2.0,7
2023-06-09,GOOGL,0.009517760093575672,0.7079634705197199,2.0,7
2023-06-12,GOOGL,0.013596742609393923,0.3684000276762833,2.0,7
2023-06-13,GOOGL,0.012909037252003385,0.6291870081955923,2.0,7
2023-06-14,GOOGL,0.007410056275089572,-0.3153183916828311,2.0,7
2023-06-15,GOOGL,0.008863870222741165,-0.3916359948549804,2.0,7
2023-06-16,GOOGL,0.007530512279550789,-0.7492634370734887,2.0,7
2023-06-20,GOOGL,0.00781118601597195,-0.27239316933187085,2.0,7
2023-06-21,GOOGL,0.009720089882564738,-0.49322937153538116,2.0,7
2023-06-22,GOOGL,0.01410941897815229,-0.3138585033484402,2.0,7
2023-06-23,GOOGL,0.007393664355504668,-0.5314080585052186,2.0,7
2023-06-26,GOOGL,0.014414173336247126,0.5990872160640717,2.0,7
2023-06-27,GOOGL,0.008665441003137948,-0.22141671903484617,2.0,7
2023-06-28,GOOGL,0.009264999963623542,-0.2532473331021281,2.0,7
2023-06-29,GOOGL,0.008286423168908385,-0.24641950501575227,2.0,7
2023-06-30,GOOGL,0.007661503838212974,-0.11169570731772027,2.0,7
2023-01-03,INTC,0.014941949886243632,0.3845505921648552,2.0,7
2023-01-04,INTC,0.007969560600710456,-0.7150454302708181,2.0,7
2023-01-05,INTC,0.005886115420711427,-0.5540520435526564,2.0,7
2023-01-06,INTC,-0.007711876409849849,-0.1425903256950003,2.0,7
2023-01-09,INTC,-0.005192868945127037,0.35482220284152866,2.0,7
2023-01-10,INTC,-0.012356303868599565,-0.3271487830412907,2.0,7
2023-01-11,INTC,-0.006355491578903298,-0.2751558606406461,2.0,7
2023-01-12,INTC,-0.00844242364884851,-0.6508947001004965,2.0,7
2023-01-13,INTC,0.022836659459340262,2.2071525865456136,2.0,7
2023-01-17,INTC,-0.019506141891240034,-1.677659202551201,2.0,7
2023-01-18,INTC,-0.003947080282327012,-0.7555215267906293,2.0,7
2023-01-19,INTC,-0.006149198738319116,-1.1806766172386092,2.0,7
2023-01-20,INTC,-0.034722230061429146,-3.1309323309590074,2.0,7
2023-01-23,INTC,-0.04367528170487516,-3.2550962272601836,2.0,7
2023-01-24,INTC,-0.04636850797873747,-2.987789523816749,2.0,7
2023-01-25,INTC,-0.043704291916209774,-2.868238590325689,2.0,7
2023-01-26,INTC,-0.04612094960945903,-3.5604926947133535,2.0,7
2023-01-27,INTC,-0.04484637870126066,-4.1844956637340225,2.0,7
2023-01-30,INTC,-0.036654932141489655,-4.287709982677114,2.0,7
2023-01-31,INTC,-0.032597227418667406,-5.254632704236901,2.0,7
2023-02-01,INTC,-0.037038438684622574,-3.8534055766917112,2.0,7
2023-02-02,INTC,-0.04513249304750714,-3.424977443725971,2.0,7
2023-02-03,INTC,-0.03263444711836479,-3.6185859023591718,2.0,7
2023-02-06,INTC,-0.022495883641277144,-3.315787634695616,2.0,7
2023-02-07,INTC,-0.027450828020192608,-3.172441065214684,2.0,7
2023-02-08,INTC,-0.007570299367374546,-2.733132642660721,2.0,7
2023-02-09,INTC,-0.008951626433099205,-2.5320483166735412,2.0,7
2023-02-10,INTC,-0.029370944628549923,-3.9880146469424758,2.0,7
2023-02-13,INTC,-0.030844428890927804,-3.23109087351928,2.0,7
2023-02-14,INTC,-0.03394312041960365,-2.803381579064727,2.0,7
2023-02-15,INTC,-0.03582087018637333,-3.680055612915682,2.0,7
2023-02-16,INTC,-0.03723578991403128,-4.834607990034405,2.0,7
2023-02-17,INTC,-0.03680158084615884,-4.6146953538945965,2.0,7
2023-02-21,INTC,-0.03306717671050247,-5.658321648770725,2.0,7
2023-02-22,INTC,-0.02538761000111,-4.916617394580986,2.0,7
2023-02-23,INTC,-0.02762739526875036,-4.727467656468125,2.0,7
2023-02-24,INTC,0.009456471238556816,-0.5851246947683895,2.0,7
2023-02-27,INTC,0.00427766215898436,0.28979376787550803,2.0,7
2023-02-28,INTC,0.0030123611865562807,-0.5686559421736751,2.0,7
2023-03-01,INTC,0.00771339018358215,-0.33373291072341715,2.0,7
2023-03-02,INTC,0.005727699085457559,0.10915377534315057,2.0,7
2023-03-03,INTC,0.008821429121466,-0.14618272116560377,2.0,7
2023-03-06,INTC,0.019312347149744485,-0.3162953737146196,2.0,7
2023-03-07,INTC,0.01640634120296219,-0.2181638174192405,2.0,7
2023-03-08,INTC,0.017244170337708822,0.5946797292436696,2.0,7
2023-03-09,INTC,0.016335125435344905,0.6878462169033598,2.0,7
2023-03-10,INTC,0.012548719806564985,0.5779862748161719,2.0,7
2023-03-13,INTC,0.02442860684910593,1.460259444564672,2.0,7
2023-03-14,INTC,0.005528421695146514,-0.20518909129021862,2.0,7
2023-03-15,INTC,0.006313547888776604,-1.488673119290969,2.0,7
2023-03-16,INTC,0.006202869904854705,0.681071244033139,2.0,7
2023-03-17,INTC,-0.0005884851417658881,-2.3836736686516327,2.0,7
2023-03-20,INTC,0.0014835824402128586,-2.3206485479534384,2.0,7
2023-03-21,INTC,-0.025085144371725782,-4.0459821352285585,2.0,7
2023-03-22,INTC,-0.03037607112454175,-3.8202015669666887,2.0,7
2023-03-23,INTC,-0.038271422296489235,-3.480779178929155,2.0,7
2023-03-24,INTC,-0.038296506943621925,-3.3487413366314795,2.0,7
2023-03-27,INTC,-0.0395325768811339,-2.8885791802237577,2.0,7
2023-03-28,INTC,-0.03822507251424424,-2.2301786724553097,2.0,7
2023-03-29,INTC,-0.03182004815137107,-1.539397797661315,2.0,7
2023-03-30,INTC,-0.04007530977151754,-2.2149481038741143,2.0,7
2023-03-31,INTC,-0.03824871243607549,-1.9578028791947788,2.0,7
2023-04-03,INTC,-0.02219993998580089,-0.9820268863895594,2.0,7
2023-04-04,INTC,-0.014444761301373746,0.004035857149009114,2.0,7
2023-04-05,INTC,-0.0290837754754642,-0.22051624526641955,2.0,7
2023-04-06,INTC,-0.0446503941204345,-0.6393486404707176,2.0,7
2023-04-10,INTC,-0.045556733443926134,-1.1175302457281648,2.0,7
2023-04-11,INTC,-0.028515999480893832,-0.6583502593728019,2.0,7
2023-04-12,INTC,-0.025506850870808107,-0.5062921871312724,2.0,7
2023-04-13,INTC,-0.040730704848491915,-0.9737892844254787,2.0,7
2023-04-14,INTC,-0.026067644354812323,-1.942131284098938,2.0,7
2023-04-17,INTC,-0.036778454156832625,-1.8843669641932463,2.0,7
2023-04-18,INTC,-0.037480813823513995,-1.6345566099799334,2.0,7
2023-04-19,INTC,-0.021556134028640463,-0.8946771694587554,2.0,7
2023-04-20,INTC,-0.01861440738776416,-0.8802960597436631,2.0,7
2023-04-21,INTC,-0.0171425793998931,-1.3506529312403783,2.0,7
2023-04-24,INTC,-0.01025785294420986,-1.5333653162700238,2.0,7
2023-04-25,INTC,9.14352331343424e-05,-0.6709074933302797,2.0,7
2023-04-26,INTC,-0.022710995373969603,-1.969312062216545,2.0,7
2023-04-27,INTC,-0.013939581537425432,-1.908317800993371,2.0,7
2023-04-28,INTC,-0.02191474694483761,-2.7995649733084735,2.0,7
2023-05-01,INTC,-0.02159659898626239,-2.847967555262729,2.0,7
2023-05-02,INTC,-0.022249318151609677,-3.1119580643947686,2.0,7
2023-05-03,INTC,-0.019472214921976577,-2.4224042457647483,2.0,7
2023-05-04,INTC,-0.022950503986140045,-2.589790028524689,2.0,7
2023-05-05,INTC,-0.027221695845423662,-2.8844861103309634,2.0,7
2023-05-08,INTC,-0.027277435640812565,-3.1262566200881374,2.0,7
2023-05-09,INTC,-0.02679464607490122,-2.756149878239377,2.0,7
2023-05-10,INTC,-0.033820561539998205,-3.3077015526715137,2.0,7
2023-05-11,INTC,-0.02820478252535047,-3.23785910774519,2.0,7
2023-05-12,INTC,-0.034246464428250405,-3.402665033268748,2.0,7
2023-05-15,INTC,-0.03177703227054401,-3.1483104151882593,2.0,7
2023-05-16,INTC,-0.032436892551761055,-3.46045052475676,2.0,7
2023-05-17,INTC,-0.03202752619357825,-3.11656504552829,2.0,7
2023-05-18,INTC,-0.030133831237594284,-2.2942364390574577,2.0,7
2023-05-19,INTC,-0.03197862526643591,-2.394876854624876,2.0,7
2023-05-22,INTC,-0.028815885473983355,-2.4370048498669328,2.0,7
2023-05-23,INTC,-0.03667706254451932,-2.769238929948015,2.0,7
2023-05-24,INTC,-0.03292221870773508,-2.897122774118683,2.0,7
2023-05-25,INTC,-0.027858731859272436,-4.609660653163018,2.0,7
2023-05-26,INTC,-0.011095697988746977,-4.281205255224029,2.0,7
2023-05-30,INTC,-0.015384809933167792,-3.545016446833486,2.0,7
2023-05-31,INTC,-0.016456369240755483,-2.762480749047875,2.0,7
2023-06-01,INTC,-0.013318293091129151,-4.042185903813423,2.0,7
2023-06-02,INTC,-0.0314523964640561,-3.1602909871246894,2.0,7
2023-06-05,INTC,-0.02909498559479856,-3.7205852762275167,2.0,7
2023-06-06,INTC,-0.03746901464069451,-3.811696405669056,2.0,7
2023-06-07,INTC,-0.0363619647533758,-4.021329258791372,2.0,7
2023-06-08,INTC,-0.03478595631168227,-3.6818010685455675,2.0,7
2023-06-09,INTC,-0.0432167092749819,-4.533204121890035,2.0,7
2023-06-12,INTC,-0.05923335965856552,-4.846347941596634,2.0,7
2023-06-13,INTC,-0.05119872207044704,-4.7231167329100945,2.0,7
2023-06-14,INTC,-0.03237477350652395,-3.1960702709018123,2.0,7
2023-06-15,INTC,-0.025831428243313408,-2.281551214929584,2.0,7
2023-06-16,INTC,-0.020783479707178497,-1.8281822224773348,2.0,7
2023-06-20,INTC,-0.03960530828969527,-2.9981546187445973,2.0,7
2023-06-21,INTC,-0.02259453426546221,-2.353426349572128,2.0,7
2023-06-22,INTC,-0.01928622405982886,-2.0064975868144064,2.0,7
2023-06-23,INTC,-0.032324017627808954,-2.3775186936953574,2.0,7
2023-06-26,INTC,-0.04239138857413496,-1.9800487346884574,2.0,7
2023-06-27,INTC,-0.044408949453062334,-2.280957397174787,2.0,7
2023-06-28,INTC,-0.04242719199767499,-2.418739872227059,2.0,7
2023-06-29,INTC,-0.02635056799865579,-2.668213783203701,2.0,7
2023-06-30,INTC,-0.005173929716450848,0.17959050669394694,2.0,7
2023-01-03,MSFT,0.029211779811417836,3.174521611965323,2.0,7
2023-01-04,MSFT,0.028935299166522235,1.1276279065820343,2.0,7
2023-01-05,MSFT,-0.002375526747028014,-2.546753525708516,2.0,7
2023-01-06,MSFT,-0.014886675400029479,-2.7486275968896914,2.0,7
2023-01-09,MSFT,-0.013064949835523981,-2.9048332953249894,2.0,7
2023-01-10,MSFT,-0.018914876772426936,-3.0730002481705108,2.0,7
2023-01-11,MSFT,-0.0175730822021481,-3.2450664025981113,2.0,7
2023-01-12,MSFT,-0.004658289501514537,-2.176164560825999,2.0,7
2023-01-13,MSFT,-0.011908480569268442,-3.2759673904525752,2.0,7
2023-01-17,MSFT,-0.007843852559082015,-2.177315340089442,2.0,7
2023-01-18,MSFT,-0.0015443576722451247,-1.9685176473366393,2.0,7
2023-01-19,MSFT,0.001678664487605037,-1.6683829100409269,2.0,7
2023-01-20,MSFT,-0.0029129829378004473,-1.6755786804751507,2.0,7
2023-01-23,MSFT,-0.00038829541014939365,-0.8045147273044488,2.0,7
2023-01-24,MSFT,0.00022180547509840451,-1.382291442931257,2.0,7
2023-01-25,MSFT,0.0046497891753024935,-1.2534949803890845,2.0,7
2023-01-26,MSFT,-0.006279765585314157,-1.8846218546604634,2.0,7
2023-01-27,MSFT,-0.0037408608587688186,-1.6819845799093236,2.0,7
2023-01-30,MSFT,-0.0020589619157092686,-0.796036383822192,2.0,7
2023-01-31,MSFT,-0.00022517466660494726,-1.1132786938093528,2.0,7
2023-02-01,MSFT,-0.00993513314294266,-2.0335639215652117,2.0,7
2023-02-02,MSFT,-0.030249425742061728,-2.3066979346476,2.0,7
2023-02-03,MSFT,-0.01064138480792623,-1.871791614407313,2.0,7
2023-02-06,MSFT,-0.0260257754872334,-2.731881647605789,2.0,7
2023-02-07,MSFT,-0.04021436357370134,-2.9196252041832684,2.0,7
2023-02-08,MSFT,-0.015881420066348184,-1.9650448213542155,2.0,7
2023-02-09,MSFT,-0.015430233552949155,-1.6724993680561993,2.0,7
2023-02-10,MSFT,-0.026217141068789248,-2.0726643565238234,2.0,7
2023-02-13,MSFT,-0.03932598760374614,-2.669453175213111,2.0,7
2023-02-14,MSFT,-0.04865402104865952,-2.782406166035861,2.0,7
2023-02-15,MSFT,-0.01200055819452501,-0.508208349652397,2.0,7
2023-02-16,MSFT,-0.0025173980413139064,0.9357057833924489,2.0,7
2023-02-17,MSFT,0.011767687458216408,1.5358442640030208,2.0,7
2023-02-21,MSFT,0.013715206896789182,3.39039739959731,2.0,7
2023-02-22,MSFT,-0.005084400109403684,0.5905354118754864,2.0,7
2023-02-23,MSFT,0.01633067604305117,2.9125033681156673,2.0,7
2023-02-24,MSFT,0.0018705746068781051,0.21061028603190474,2.0,7
2023-02-27,MSFT,0.0018463753856695169,1.421351749849824,2.0,7
2023-02-28,MSFT,0.00870484997710871,1.7405414858218191,2.0,7
2023-03-01,MSFT,0.017304899706028866,1.760493131089886,2.0,7
2023-03-02,MSFT,0.011077201491833624,1.797209859645914,2.0,7
2023-03-03,MSFT,0.015831155475343715,1.5392799682461928,2.0,7
2023-03-06,MSFT,0.017942066689462077,1.2143730798209411,2.0,7
2023-03-07,MSFT,0.01295183680764116,0.9136852854208126,2.0,7
2023-03-08,MSFT,0.012758227854101637,0.8416823984972398,2.0,7
2023-03-09,MSFT,0.010676958848335447,0.08319194250164896,2.0,7
2023-03-10,MSFT,0.017004498056838294,0.6781150416198874,2.0,7
2023-03-13,MSFT,0.02654408600077128,1.7318477848239353,2.0,7
2023-03-14,MSFT,0.01821648695321094,0.9152985443748928,2.0,7
2023-03-15,MSFT,0.013087003759392611,-0.6363801492229426,2.0,7
2023-03-16,MSFT,0.014116138108865363,1.1582384632911804,2.0,7
2023-03-17,MSFT,0.019194261169674005,1.9153955022491362,2.0,7
2023-03-20,MSFT,0.010535212967150112,-0.4138268932870052,2.0,7
2023-03-21,MSFT,0.0065608706780498505,-0.7512327778427571,2.0,7
2023-03-22,MSFT,0.009083508268250315,0.20507203774100577,2.0,7
2023-03-23,MSFT,0.006777725050729397,0.7840197345568312,2.0,7
2023-03-24,MSFT,0.015857756133660476,1.6046876635463594,2.0,7
2023-03-27,MSFT,0.016511569330944973,1.786444568413334,2.0,7
2023-03-28,MSFT,0.006728083510073808,1.1166458766204332,2.0,7
2023-03-29,MSFT,-0.002208121523383283,0.049397473864586094,2.0,7
2023-03-30,MSFT,-0.025159467885675517,-2.0155777179489975,2.0,7
2023-03-31,MSFT,-0.025159467885675517,-2.1044762476343344,2.0,7
2023-04-03,MSFT,-0.02173418901541529,-2.585551703397167,2.0,7
2023-04-04,MSFT,-0.022488406623365927,-2.670006179433618,2.0,7
2023-04-05,MSFT,-0.027504547316378015,-1.8436833496086396,2.0,7
2023-04-06,MSFT,-0.05735839620226708,-2.5088498863820172,2.0,7
2023-04-10,MSFT,-0.06494029857579071,-2.6552117956850636,2.0,7
2023-04-11,MSFT,-0.04182129757070539,-2.8719974507125263,2.0,7
2023-04-12,MSFT,-0.04374441758889136,-2.8557646942437875,2.0,7
2023-04-13,MSFT,-0.04772746727908337,-2.2636127119884075,2.0,7
2023-04-14,MSFT,-0.023933216093170378,-2.4565106737078186,2.0,7
2023-04-17,MSFT,-0.024919137949963765,-2.3855142851572384,2.0,7
2023-04-18,MSFT,-0.028383889770572494,-1.7641048779656037,2.0,7
2023-04-19,MSFT,-0.028383889770572494,-2.3863960766826646,2.0,7
2023-04-20,MSFT,-0.013358247392758552,-1.435948831452646,2.0,7
2023-04-21,MSFT,-0.023929284323040704,-2.3151708417715398,2.0,7
2023-04-24,MSFT,-0.02184617792172344,-2.912685096839585,2.0,7
2023-04-25,MSFT,-0.01608992701675897,-2.408415471180452,2.0,7
2023-04-26,MSFT,-0.04635767237188462,-2.5548901109406876,2.0,7
2023-04-27,MSFT,-0.04386717715593062,-2.7547055632525357,2.0,7
2023-04-28,MSFT,-0.02823849308836368,-1.7941824218824884,2.0,7
2023-05-01,MSFT,-0.02824584759800852,-1.6216357824432002,2.0,7
2023-05-02,MSFT,-0.025202229176488997,-1.1797119616482912,2.0,7
2023-05-03,MSFT,-0.026966357378344075,-1.2492193524705186,2.0,7
2023-05-04,MSFT,-0.02611911393924912,-0.9487207927258388,2.0,7
2023-05-05,MSFT,-0.02018336879561126,-0.47632598110627034,2.0,7
2023-05-08,MSFT,-0.015034865988839694,-0.23050892362718645,2.0,7
2023-05-09,MSFT,-0.016521830450717534,-0.13483419467299074,2.0,7
2023-05-10,MSFT,-0.00034485550344767084,0.9623530180592785,2.0,7
2023-05-11,MSFT,-0.006340810188233863,0.2931568723588782,2.0,7
2023-05-12,MSFT,-0.006418376285240489,0.5050240107732222,2.0,7
2023-05-15,MSFT,-0.0023762810720970758,0.44673660798331133,2.0,7
2023-05-16,MSFT,-0.0060905761627646,0.3688964374588285,2.0,7
2023-05-17,MSFT,-0.00792335548191006,0.4110809196104218,2.0,7
2023-05-18,MSFT,-0.003945835358331406,1.0232735375337108,2.0,7
2023-05-19,MSFT,-0.006283168910485639,0.8471279039014508,2.0,7
2023-05-22,MSFT,-0.0038828398534171125,1.0080507480724845,2.0,7
2023-05-23,MSFT,-0.0025982949689810626,1.24158439630255,2.0,7
2023-05-24,MSFT,0.007298396811619658,1.1039927678044827,2.0,7
2023-05-25,MSFT,0.003741184494350715,0.16052996119256543,2.0,7
2023-05-26,MSFT,0.014920481195329417,0.9043614656937656,2.0,7
2023-05-30,MSFT,0.017483686848712387,0.7283506266702335,2.0,7
2023-05-31,MSFT,0.01909374286644623,0.49396725170287564,2.0,7
2023-06-01,MSFT,0.012306171602471465,1.2448714157600893,2.0,7
2023-06-02,MSFT,0.004702476084219843,-0.02933875910857571,2.0,7
2023-06-05,MSFT,0.010500012327961281,0.09064474761288399,2.0,7
2023-06-06,MSFT,0.0050066392620804765,-0.3121644923435312,2.0,7
2023-06-07,MSFT,-0.004106019171606453,-0.793854350569919,2.0,7
2023-06-08,MSFT,0.00019177845820467432,-0.8648624606740476,2.0,7
2023-06-09,MSFT,-0.007475115291855655,-1.0231005942501556,2.0,7
2023-06-12,MSFT,-0.003660255310449692,-0.841106099904102,2.0,7
2023-06-13,MSFT,-0.007783467623731831,-1.1359055847543242,2.0,7
2023-06-14,MSFT,-0.011964485727857539,-1.996725607405468,2.0,7
2023-06-15,MSFT,-0.0034603901483752056,-1.0596400836945008,2.0,7
2023-06-16,MSFT,-0.004922625545749177,-1.4725023809484117,2.0,7
2023-06-20,MSFT,-0.031390341639665684,-3.177141084999254,2.0,7
2023-06-21,MSFT,-0.02394245320099819,-2.844820344353598,2.0,7
2023-06-22,MSFT,-0.027647875152670465,-2.889731790448067,2.0,7
2023-06-23,MSFT,-0.03073755863918427,-2.8792143093700813,2.0,7
2023-06-26,MSFT,-0.02924197348920462,-3.226448093209682,2.0,7
2023-06-27,MSFT,-0.029938364633472027,-3.2752586540209427,2.0,7
2023-06-28,MSFT,-0.02782586829520152,-3.1816906235675146,2.0,7
2023-06-29,MSFT,-0.02931661090585936,-3.5947556371740648,2.0,7
2023-06-30,MSFT,-0.027985422986876538,-4.64552307562904,2.0,7
2023-01-03,NVDA,0.023606786442275582,0.7001732442544106,2.0,7
2023-01-04,NVDA,0.05156797025402079,3.255358443886986,2.0,7
2023-01-05,NVDA,0.04274956856404044,2.8708498882359006,2.0,7
2023-01-06,NVDA,0.059747999510785535,3.581972273864737,2.0,7
2023-01-09,NVDA,0.03838613652697,3.0650395704275133,2.0,7
2023-01-10,NVDA,0.03998022806214626,3.0752599610851963,2.0,7
2023-01-11,NVDA,0.040947798100839934,2.9671750564636605,2.0,7
2023-01-12,NVDA,0.0547864202000931,2.7113442154180194,2.0,7
2023-01-13,NVDA,0.04451566348790316,3.032755153111002,2.0,7
2023-01-17,NVDA,0.05368090965584817,3.9578293744373907,2.0,7
2023-01-18,NVDA,0.053637733480804355,4.235949152553881,2.0,7
2023-01-19,NVDA,0.05080164330095401,4.201845723986896,2.0,7
2023-01-20,NVDA,0.03671440489837727,3.0644995234290024,2.0,7
2023-01-23,NVDA,-0.014871139681803978,-0.3088871842876195,2.0,7
2023-01-24,NVDA,0.07404279167383383,5.283149243871277,2.0,7
2023-01-25,NVDA,0.083945469325153,5.694471647006035,2.0,7
2023-01-26,NVDA,0.07258695350683239,5.575875362661372,2.0,7
2023-01-27,NVDA,0.06584654959575836,5.564047351920221,2.0,7
2023-01-30,NVDA,-0.02262105520409957,-0.7038582815252772,2.0,7
2023-01-31,NVDA,0.011737171931496803,2.885536897510377,2.0,7
2023-02-01,NVDA,0.060692387088024255,5.8313421137849595,2.0,7
2023-02-02,NVDA,0.05304103787444779,3.684318323484176,2.0,7
2023-02-03,NVDA,0.05382541726517505,4.127146764377379,2.0,7
2023-02-06,NVDA,0.02457860907151319,3.345481685270636,2.0,7
2023-02-07,NVDA,0.01410450629018334,2.8009730624706433,2.0,7
2023-02-08,NVDA,0.04557932220476205,4.699525015425744,2.0,7
2023-02-09,NVDA,0.04075467615243689,3.783528735798469,2.0,7
2023-02-10,NVDA,-0.013671323875291611,0.9516367406195725,2.0,7
2023-02-13,NVDA,-0.020511157660485262,0.9165031444864302,2.0,7
2023-02-14,NVDA,-0.03665541211008646,-0.14373811728545416,2.0,7
2023-02-15,NVDA,-0.016689626047758806,0.63367661984158,2.0,7
2023-02-16,NVDA,-0.0029249447321103017,2.513912329279779,2.0,7
2023-02-17,NVDA,0.036589825418558534,5.358374494438016,2.0,7
2023-02-21,NVDA,0.004527636288329754,2.5764999643900857,2.0,7
2023-02-22,NVDA,0.02009736436730251,4.764566945100535,2.0,7
2023-02-23,NVDA,-0.01506000473874021,0.3347033232488805,2.0,7
2023-02-24,NVDA,-0.013911621684216042,0.11346836211874267,2.0,7
2023-02-27,NVDA,-0.0520432376080658,-2.1367908818094263,2.0,7
2023-02-28,NVDA,-0.00465725151605987,1.2822021429652772,2.0,7
2023-03-01,NVDA,-0.03836871437760585,-2.5232285003324395,2.0,7
2023-03-02,NVDA,-0.04128516547890068,-2.332543380496513,2.0,7
2023-03-03,NVDA,-0.039682606180819875,-2.5828164457445624,2.0,7
2023-03-06,NVDA,-0.026935581910244453,-1.575286316378079,2.0,7
2023-03-07,NVDA,-0.024532226094700592,-1.1159280724591794,2.0,7
2023-03-08,NVDA,-0.0316588964864941,-2.087692002659245,2.0,7
2023-03-09,NVDA,-0.015009772732262462,-1.7476916680871963,2.0,7
2023-03-10,NVDA,0.0034954647757812858,-0.21557292641396075,2.0,7
2023-03-13,NVDA,-0.01253710271266833,-1.8601784996114183,2.0,7
2023-03-14,NVDA,-0.03448365909517454,-2.630806668760938,2.0,7
2023-03-15,NVDA,0.03933388876857847,5.615742229428969,2.0,7
2023-03-16,NVDA,-0.04635884541029683,-3.3263663556140637,2.0,7
2023-03-17,NVDA,-0.0023202341553308784,-1.425758490543011,2.0,7
2023-03-20,NVDA,0.029634204832692305,5.434590003149409,2.0,7
2023-03-21,NVDA,0.0444249989060194,5.313678847723462,2.0,7
2023-03-22,NVDA,0.040500208820380225,5.407118898389262,2.0,7
2023-03-23,NVDA,-0.018498642691937617,-1.2177957626665863,2.0,7
2023-03-24,NVDA,-0.017626299651715763,-1.4757248826272777,2.0,7
2023-03-27,NVDA,-0.019473659141297676,-1.446625101246822,2.0,7
2023-03-28,NVDA,-0.032565670310282485,-2.143608086495238,2.0,7
2023-03-29,NVDA,-0.03077899696349972,-2.095067516138231,2.0,7
2023-03-30,NVDA,-0.00035415824224045825,0.8600243141783062,2.0,7
2023-03-31,NVDA,-0.004298684601152771,0.27688714946695914,2.0,7
2023-04-03,NVDA,-0.0028252258514764434,0.32528216163865076,2.0,7
2023-04-04,NVDA,-0.016219309226564376,-1.4951752351881578,2.0,7
2023-04-05,NVDA,-0.03446207631071687,-2.5382646796760033,2.0,7
2023-04-06,NVDA,-0.0421363867603685,-1.640595390159722,2.0,7
2023-04-10,NVDA,-0.04206797610018128,-0.8303664672676672,2.0,7
2023-04-11,NVDA,-0.03012935042120669,-1.026053516989035,2.0,7
2023-04-12,NVDA,-0.023815253629782616,-1.160049577516288,2.0,7
2023-04-13,NVDA,-0.03808801884730842,-1.618742733470864,2.0,7
2023-04-14,NVDA,-0.021528910777931044,-1.8177014827853442,2.0,7
2023-04-17,NVDA,-0.021403434827094933,-1.5234135300703886,2.0,7
2023-04-18,NVDA,-0.024372733426960894,-1.2022929824795603,2.0,7
2023-04-19,NVDA,-0.017457017130206545,-1.0839084761762647,2.0,7
2023-04-20,NVDA,-0.02085018162518778,-2.8264044559841524,2.0,7
2023-04-21,NVDA,-0.022831153489305093,-2.941236357356518,2.0,7
2023-04-24,NVDA,-0.02425202055028121,-3.002374886470874,2.0,7
2023-04-25,NVDA,-0.024711336382434442,-3.6352591322884096,2.0,7
2023-04-26,NVDA,-0.028215694980182157,-1.9301653658887261,2.0,7
2023-04-27,NVDA,-0.024366392634477357,-2.026014989768463,2.0,7
2023-04-28,NVDA,-0.02375882859001948,-2.3293489098146942,2.0,7
2023-05-01,NVDA,-0.028105250832497024,-1.8799244958542911,2.0,7
2023-05-02,NVDA,-0.024071195486009403,-1.8341280438637022,2.0,7
2023-05-03,NVDA,-0.02789667528583367,-2.0341441946956076,2.0,7
2023-05-04,NVDA,-0.02770797772729816,-1.9005651975389801,2.0,7
2023-05-05,NVDA,-0.031323022052756826,-1.5299330305035337,2.0,7
2023-05-08,NVDA,-0.032857231162731204,-2.045466883399036,2.0,7
2023-05-09,NVDA,-0.028300779187383596,-1.3603743479648445,2.0,7
2023-05-10,NVDA,-0.04091687285323735,-2.288090064947011,2.0,7
2023-05-11,NVDA,-0.040416956950758545,-2.4179994626264127,2.0,7
2023-05-12,NVDA,-0.036665537848445694,-2.1403506371922596,2.0,7
2023-05-15,NVDA,-0.03529049774027744,-1.996378274190969,2.0,7
2023-05-16,NVDA,-0.03387866623250969,-2.375220534190304,2.0,7
2023-05-17,NVDA,-0.035034153852891325,-1.9996467440246335,2.0,7
2023-05-18,NVDA,-0.05529129335903724,-2.5157245348849666,2.0,7
2023-05-19,NVDA,-0.04334865623082974,-1.9161222292520113,2.0,7
2023-05-22,NVDA,-0.04052661803813758,-2.261219931836484,2.0,7
2023-05-23,NVDA,-0.041398089705934296,-1.7115990508483294,2.0,7
2023-05-24,NVDA,-0.04533031358562784,-2.481784897939787,2.0,7
2023-05-25,NVDA,0.015987301741421246,3.6351067725942308,2.0,7
2023-05-26,NVDA,0.027360328962538538,4.842838790647989,2.0,7
2023-05-30,NVDA,0.048954278445057765,6.15906615213862,2.0,7
2023-05-31,NVDA,0.06570083842384358,6.572268701314268,2.0,7
2023-06-01,NVDA,0.021857330288396905,5.234130387136166,2.0,7
2023-06-02,NVDA,0.07390183412760334,6.872296306184636,2.0,7
2023-06-05,NVDA,0.06684567232745953,6.26803140797198,2.0,7
2023-06-06,NVDA,0.06501062930365491,5.619601380907452,2.0,7
2023-06-07,NVDA,0.040488476262761565,5.988348329430612,2.0,7
2023-06-08,NVDA,0.05452644577169379,6.727099587738669,2.0,7
2023-06-09,NVDA,0.012537588073492024,3.9121928126338728,2.0,7
2023-06-12,NVDA,0.013129302445129554,3.4301679585796814,2.0,7
2023-06-13,NVDA,0.008360776896007319,3.176925225804475,2.0,7
2023-06-14,NVDA,0.03325941179708784,5.489979166911164,2.0,7
2023-06-15,NVDA,0.04612268089475459,6.5020908798733785,2.0,7
2023-06-16,NVDA,0.04632910344153511,6.529565774060224,2.0,7
2023-06-20,NVDA,0.0336367829844647,5.266057137419104,2.0,7
2023-06-21,NVDA,0.054416913967917376,6.649450521464373,2.0,7
2023-06-22,NVDA,0.06415414385890066,6.690364150871266,2.0,7
2023-06-23,NVDA,0.058570953387849956,6.532036717089392,2.0,7
2023-06-26,NVDA,-0.00349809572319482,0.15858096797206453,2.0,7
2023-06-27,NVDA,-0.0027523450648175404,0.43426263023105927,2.0,7
2023-06-28,NVDA,0.003261875259502758,0.2782228007956465,2.0,7
2023-06-29,NVDA,-0.006858664562715847,0.3436336852629229,2.0,7
2023-06-30,NVDA,0.0058951260210695945,1.7453977532344185,2.0,7
2023-01-03,PFE,-0.0066520670724492,-1.3261704268203212,2.0,7
2023-01-04,PFE,0.007545250900445371,-0.09954193689635005,2.0,7
2023-01-05,PFE,0.003057418324563798,-0.31316005832994875,2.0,7
2023-01-06,PFE,-0.003052082199288098,0.23841836852316545,2.0,7
2023-01-09,PFE,0.0007178331737340614,-0.9222258464782953,2.0,7
2023-01-10,PFE,-0.0029903685592873267,-1.648286832923242,2.0,7
2023-01-11,PFE,0.0037378663571352964,-1.2443973716232863,2.0,7
2023-01-12,PFE,0.009672530159656639,-1.3767742092320612,2.0,7
2023-01-13,PFE,0.005940390190905717,-2.084011905376279,2.0,7
2023-01-17,PFE,0.014585713199175253,-1.5378773445530203,2.0,7
2023-01-18,PFE,0.014243389456655963,-1.7078409312432932,2.0,7
2023-01-19,PFE,0.006595618045429172,-2.356710130236923,2.0,7
2023-01-20,PFE,0.0071026573175843565,-2.1287248617466603,2.0,7
2023-01-23,PFE,0.005016071257081825,-1.5988895806873589,2.0,7
2023-01-24,PFE,0.006780501951514295,-2.344534045157918,2.0,7
2023-01-25,PFE,0.01018011657932016,-2.1813139407378523,2.0,7
2023-01-26,PFE,0.005723566013201609,-2.372592911062926,2.0,7
2023-01-27,PFE,0.004755953870542787,-2.315613320124254,2.0,7
2023-01-30,PFE,0.004453882648608063,-1.2603835449811878,2.0,7
2023-01-31,PFE,0.004616266884049538,-1.726528609383784,2.0,7
2023-02-01,PFE,0.0025236143267273405,-2.3014807370692543,2.0,7
2023-02-02,PFE,0.0032657466309235616,-2.332533356649249,2.0,7
2023-02-03,PFE,0.013375209093832847,-2.134783907353795,2.0,7
2023-02-06,PFE,0.003404645423742714,-2.122502909797831,2.0,7
2023-02-07,PFE,-0.010144987178169597,-2.5287734209406514,2.0,7
2023-02-08,PFE,-0.006209592629374102,-2.9108549298558115,2.0,7
2023-02-09,PFE,-0.0037267431462661687,-2.3393973985528547,2.0,7
2023-02-10,PFE,-0.0067921205218776995,-1.5623724088049167,2.0,7
2023-02-13,PFE,-0.007684335174247957,-0.8046441051902649,2.0,7
2023-02-14,PFE,0.0025873453561928708,0.4235614956855607,2.0,7
2023-02-15,PFE,0.0034409404832669247,-0.8449224034693563,2.0,7
2023-02-16,PFE,0.0047994040902045836,0.3651957098321341,2.0,7
2023-02-17,PFE,0.014807921751857241,0.5955677683004439,2.0,7
2023-02-21,PFE,0.003764892791386594,0.7434646734011359,2.0,7
2023-02-22,PFE,0.004928731616588877,0.8459296598291786,2.0,7
2023-02-23,PFE,0.013019929814853394,1.3697488699625713,2.0,7
2023-02-24,PFE,0.008600209153141107,0.3346207828485922,2.0,7
2023-02-27,PFE,0.002767478687697094,0.5718438515487707,2.0,7
2023-02-28,PFE,-0.004178638726065817,-1.5263582730401697,2.0,7
2023-03-01,PFE,0.007844174702717558,-0.2888205461249512,2.0,7
2023-03-02,PFE,0.009702278670673135,0.6931801777494604,2.0,7
2023-03-03,PFE,0.00343336640629878,-0.1929353134189379,2.0,7
2023-03-06,PFE,0.00356383186809792,-0.9931192612651735,2.0,7
2023-03-07,PFE,0.004356976957286445,-0.9289213848411861,2.0,7
2023-03-08,PFE,0.004050798854579184,-0.4761147493379745,2.0,7
2023-03-09,PFE,0.0044900175992030385,-1.6999769705594794,2.0,7
2023-03-10,PFE,0.004430951010491939,-2.6390568215748464,2.0,7
2023-03-13,PFE,0.018652874775634105,-0.4979861982440043,2.0,7
2023-03-14,PFE,0.018198495345192398,-0.0034367427314604404,2.0,7
2023-03-15,PFE,0.017131624862103116,-1.194104670213443,2.0,7
2023-03-16,PFE,0.01782675313873161,0.21741191242994262,2.0,7
2023-03-17,PFE,0.017029513589971013,-0.10419535652872092,2.0,7
2023-03-20,PFE,0.02746934240530674,1.9109553364748804,2.0,7
2023-03-21,PFE,0.027019993248983895,0.01151562343450907,2.0,7
2023-03-22,PFE,0.01530416634577825,-0.4435410181130991,2.0,7
2023-03-23,PFE,0.013873687738083593,-0.036496092951270764,2.0,7
2023-03-24,PFE,0.016414002230876815,-0.08411177292109207,2.0,7
2023-03-27,PFE,0.026630626270747873,1.3181851466296473,2.0,7
2023-03-28,PFE,0.027203690286616414,1.6264622777219881,2.0,7
2023-03-29,PFE,0.030419421168773997,1.5486560642485965,2.0,7
2023-03-30,PFE,0.030411715863489945,1.4307023322269272,2.0,7
2023-03-31,PFE,0.029893013988763317,1.3054627139777724,2.0,7
2023-04-03,PFE,0.03369313719407483,2.400438819232317,2.0,7
2023-04-04,PFE,0.038227309383098124,2.083974474677299,2.0,7
2023-04-05,PFE,0.03307790722611437,2.1835867849399246,2.0,7
2023-04-06,PFE,0.0424602356900956,1.9903813486067685,2.0,7
2023-04-10,PFE,0.04055409591696023,1.6821627057561632,2.0,7
2023-04-11,PFE,0.03992163690192196,2.1013505694115615,2.0,7
2023-04-12,PFE,0.041429483040727876,2.3616857185006173,2.0,7
2023-04-13,PFE,0.041512684018851505,2.320745270324284,2.0,7
2023-04-14,PFE,0.0340966962213426,2.604291636263527,2.0,7
2023-04-17,PFE,0.03398689964338514,2.534446766472467,2.0,7
2023-04-18,PFE,0.03398689964338514,1.505500722619169,2.0,7
2023-04-19,PFE,0.03057758165011784,1.9494676292734932,2.0,7
2023-04-20,PFE,0.029735002319713145,1.654239857386822,2.0,7
2023-04-21,PFE,0.029090895026109443,1.9638800900844777,2.0,7
2023-04-24,PFE,0.022549875863608775,1.2422149399420976,2.0,7
2023-04-25,PFE,0.029890783809694232,2.547582085558668,2.0,7
2023-04-26,PFE,0.01955460465185308,1.1919293234289932,2.0,7
2023-04-27,PFE,0.021445229179453927,1.5299952399367847,2.0,7
2023-04-28,PFE,0.021368736790689208,1.4840930528038654,2.0,7
2023-05-01,PFE,0.021368736790689208,1.919411053268163,2.0,7
2023-05-02,PFE,0.029802044951630205,2.9088160362715216,2.0,7
2023-05-03,PFE,0.029572242886495445,2.8779602882352613,2.0,7
2023-05-04,PFE,0.02770445198775516,1.6875764381429756,2.0,7
2023-05-05,PFE,0.028442220750943555,1.7124257132257978,2.0,7
2023-05-08,PFE,0.028596010630039928,1.7635230651319125,2.0,7
2023-05-09,PFE,0.02770445198775516,0.7437867748907476,2.0,7
2023-05-10,PFE,0.029524309585309126,1.4347203079844086,2.0,7
2023-05-11,PFE,0.029524309585309126,1.6737327924465832,2.0,7
2023-05-12,PFE,0.03024827191313568,1.8528167877593291,2.0,7
2023-05-15,PFE,0.030828086531257667,1.3237192731246974,2.0,7
2023-05-16,PFE,0.028563166534705926,2.0700715304981214,2.0,7
2023-05-17,PFE,0.028563166534705926,1.9876787196326875,2.0,7
2023-05-18,PFE,0.028563166534705926,1.92468388285718,2.0,7
2023-05-19,PFE,0.027825318769291736,1.9859696455252813,2.0,7
2023-05-22,PFE,0.00854258234197323,0.5730751456162709,2.0,7
2023-05-23,PFE,0.015847986859580852,1.4601190612773478,2.0,7
2023-05-24,PFE,0.012726882350505531,0.955682515276731,2.0,7
2023-05-25,PFE,0.021061367530811285,1.7530854333263708,2.0,7
2023-05-26,PFE,0.017174345991255825,0.6363862849658884,2.0,7
2023-05-30,PFE,0.015638082597947075,-0.31173064005762835,2.0,7
2023-05-31,PFE,0.016334921487349566,-0.4518431768565982,2.0,7
2023-06-01,PFE,0.010203507318487988,0.22494624210049663,2.0,7
2023-06-02,PFE,0.010149814103576297,-0.22394271943974303,2.0,7
2023-06-05,PFE,0.008639046583677841,-0.5173235332067702,2.0,7
2023-06-06,PFE,0.007638170331326889,-0.7271312320291029,2.0,7
2023-06-07,PFE,0.00753177296548474,-0.027109480379779893,2.0,7
2023-06-08,PFE,0.00673718061883179,-0.425888462455271,2.0,7
2023-06-09,PFE,0.008507751262599214,0.4926511050571243,2.0,7
2023-06-12,PFE,0.006957093313036962,-0.03530728853850995,2.0,7
2023-06-13,PFE,0.0039046958412776466,-0.0337333186309981,2.0,7
2023-06-14,PFE,0.0019399266027838465,-0.6863056021127041,2.0,7
2023-06-15,PFE,-0.006211630671671875,-1.560786498497817,2.0,7
2023-06-16,PFE,-0.0024787460116741365,-0.9974785546755345,2.0,7
2023-06-20,PFE,-0.002076999588113386,-0.572614383201745,2.0,7
2023-06-21,PFE,0.007247195910025709,-0.398003694361127,2.0,7
2023-06-22,PFE,0.01355568343341983,-0.5803290929674121,2.0,7
2023-06-23,PFE,0.011093423507417405,-0.4360632926665642,2.0,7
2023-06-26,PFE,0.006800313546157769,0.03207848424848936,2.0,7
2023-06-27,PFE,0.0043749988729756325,-0.3775869383238877,2.0,7
2023-06-28,PFE,0.009120104583459743,-0.0789991180202192,2.0,7
2023-06-29,PFE,0.015757373502829162,0.21972928209013776,2.0,7
2023-06-30,PFE,0.01045159601920456,0.28024193928643837,2.0,7
2023-01-03,PYPL,0.017365420784339926,2.335420523963753,2.0,7
2023-01-04,PYPL,0.02943233902482024,3.547075372282783,2.0,7
2023-01-05,PYPL,0.03296486688925168,4.400920625034274,2.0,7
2023-01-06,PYPL,0.017951333267859335,2.3140453406258032,2.0,7
2023-01-09,PYPL,0.014679689801977399,2.886474547447359,2.0,7
2023-01-10,PYPL,0.01997140506516187,3.3264530157637515,2.0,7
2023-01-11,PYPL,0.020514869334375706,3.115598819225726,2.0,7
2023-01-12,PYPL,0.046158987056440504,4.451211470638064,2.0,7
2023-01-13,PYPL,0.03306352527744467,3.6736628717387694,2.0,7
2023-01-17,PYPL,0.038112413162665275,3.8893686388626048,2.0,7
2023-01-18,PYPL,0.03950381943140148,3.849259321900573,2.0,7
2023-01-19,PYPL,0.03423262578100859,3.6091701057085652,2.0,7
2023-01-20,PYPL,0.044153185556976435,4.178280385651735,2.0,7
2023-01-23,PYPL,0.0391559759065089,4.377441772396835,2.0,7
2023-01-24,PYPL,0.03798665529957357,2.224377108154143,2.0,7
2023-01-25,PYPL,0.041167498878119796,2.0990052793130687,2.0,7
2023-01-26,PYPL,0.037728421058862614,1.8325054332901867,2.0,7
2023-01-27,PYPL,0.028122129142989824,1.4650120592775244,2.0,7
2023-01-30,PYPL,0.006441320198955562,1.155804125833521,2.0,7
2023-01-31,PYPL,0.010327537447093537,1.1918952570269612,2.0,7
2023-02-01,PYPL,0.0134535385590569,0.07425109491732276,2.0,7
2023-02-02,PYPL,0.007182205186166755,-0.7271615361039415,2.0,7
2023-02-03,PYPL,-0.0006226912445200721,-1.5243386056857218,2.0,7
2023-02-06,PYPL,-0.005009535467907263,-1.4188032967187882,2.0,7
2023-02-07,PYPL,-0.0067522446357716065,-1.0971593266651158,2.0,7
2023-02-08,PYPL,-0.005348321225177006,-2.167909055604531,2.0,7
2023-02-09,PYPL,-0.011066434150674395,-2.250566929994306,2.0,7
2023-02-10,PYPL,-0.004460327277960964,-0.5454498654408342,2.0,7
2023-02-13,PYPL,-0.013898983074224233,-0.8917176973965468,2.0,7
2023-02-14,PYPL,-0.01362851893326572,-1.041997693342744,2.0,7
2023-02-15,PYPL,-0.005967991270791113,-1.2822135694521328,2.0,7
2023-02-16,PYPL,-0.01138480777759657,-1.4531914183407675,2.0,7
2023-02-17,PYPL,-0.011299140193028547,-2.2368793825601445,2.0,7
2023-02-21,PYPL,-0.01370324986362212,-1.8620051600139953,2.0,7
2023-02-22,PYPL,-0.011572704564034381,-1.6743529955807324,2.0,7
2023-02-23,PYPL,-0.00463898035752301,-0.9340896930012718,2.0,7
2023-02-24,PYPL,-0.003357754001418136,-1.4184202660609144,2.0,7
2023-02-27,PYPL,-0.01068968976254528,-1.0931992456163893,2.0,7
2023-02-28,PYPL,0.018265457580583858,2.3131918197409274,2.0,7
2023-03-01,PYPL,0.026227476009730934,1.7101337348655448,2.0,7
2023-03-02,PYPL,0.021998397730696367,1.6292727441544381,2.0,7
2023-03-03,PYPL,0.027406314049541372,1.6669674741852265,2.0,7
2023-03-06,PYPL,0.007298536909200144,-1.0867140007392617,2.0,7
2023-03-07,PYPL,0.007739320741069763,-0.7722595044664529,2.0,7
2023-03-08,PYPL,0.01190729632711053,0.24331683060037812,2.0,7
2023-03-09,PYPL,0.01291348732916992,0.4772486463474861,2.0,7
2023-03-10,PYPL,0.016219385872884486,0.32448557623389346,2.0,7
2023-03-13,PYPL,0.010760099180226147,-1.8205374965390777,2.0,7
2023-03-14,PYPL,0.010407541247840773,-0.6254258521173726,2.0,7
2023-03-15,PYPL,0.013970523758804096,-0.9532440836120499,2.0,7
2023-03-16,PYPL,0.019407701628267823,0.6802601480803752,2.0,7
2023-03-17,PYPL,0.01345740743742887,-0.6538568480229641,2.0,7
2023-03-20,PYPL,0.007013910271925507,-2.0151102569996024,2.0,7
2023-03-21,PYPL,0.012414706685203341,-0.8188797482584691,2.0,7
2023-03-22,PYPL,0.010877058985441739,-0.530708764842444,2.0,7
2023-03-23,PYPL,0.015463846066305643,0.3011147037300622,2.0,7
2023-03-24,PYPL,0.01046778716459233,-0.27064766202460555,2.0,7
2023-03-27,PYPL,0.008849038954664124,-0.3367372191816995,2.0,7
2023-03-28,PYPL,0.008807232450992087,-0.06637789804087613,2.0,7
2023-03-29,PYPL,0.010864128450755088,-0.2872168589678179,2.0,7
2023-03-30,PYPL,0.00913944916777685,-0.43307926243828754,2.0,7
2023-03-31,PYPL,0.010703059693385907,-0.4431547978180196,2.0,7
2023-04-03,PYPL,0.0090843114834577,-0.6579200490042864,2.0,7
2023-04-04,PYPL,0.01726484655220832,-0.11117626390903945,2.0,7
2023-04-05,PYPL,0.013024529641679274,-0.2947402620767827,2.0,7
2023-04-06,PYPL,0.009076939139494242,-0.8210779415644874,2.0,7
2023-04-10,PYPL,0.01155555927742784,-0.600533523680015,2.0,7
2023-04-11,PYPL,0.013571738626962907,-0.3132711372967335,2.0,7
2023-04-12,PYPL,0.013556222934370652,-0.2620082039756898,2.0,7
2023-04-13,PYPL,0.011942240626488186,0.1992618995590245,2.0,7
2023-04-14,PYPL,0.010703059693385907,0.6578736971596353,2.0,7
2023-04-17,PYPL,0.013282380167066022,1.845791810612126,2.0,7
2023-04-18,PYPL,0.010999876334643369,0.9955735843616662,2.0,7
2023-04-19,PYPL,0.014111412556896857,0.21103919539934402,2.0,7
2023-04-20,PYPL,0.017567970747851647,0.2713221581158596,2.0,7
2023-04-21,PYPL,0.013911846956389936,1.0464247276307956,2.0,7
2023-04-24,PYPL,0.022347752363391555,1.7270518210211336,2.0,7
2023-04-25,PYPL,0.013419147668486264,0.6284568348491235,2.0,7
2023-04-26,PYPL,0.012948848769797261,1.072084431733938,2.0,7
2023-04-27,PYPL,0.02093450275607361,2.008018971657915,2.0,7
2023-04-28,PYPL,0.019819153287343714,2.1725486448341074,2.0,7
2023-05-01,PYPL,0.018919963447103737,2.0752486738674065,2.0,7
2023-05-02,PYPL,0.011160745770051146,1.1713667305173352,2.0,7
2023-05-03,PYPL,0.007955098761264321,0.7636476395917986,2.0,7
2023-05-04,PYPL,0.024030595236452762,2.2443398394536676,2.0,7
2023-05-05,PYPL,0.02741523376379357,2.731868681513051,2.0,7
2023-05-08,PYPL,0.023727918042254846,2.6081957321147375,2.0,7
2023-05-09,PYPL,0.06620751399174399,3.0175274074910146,2.0,7
2023-05-10,PYPL,0.04002176286951072,1.5833360521446713,2.0,7
2023-05-11,PYPL,0.03527102689795093,1.4687693665485952,2.0,7
2023-05-12,PYPL,0.03572392636512228,1.2035873942743127,2.0,7
2023-05-15,PYPL,0.05041940793967116,1.7100131135918144,2.0,7
2023-05-16,PYPL,0.02967119570443543,1.0193876799554424,2.0,7
2023-05-17,PYPL,0.03442680193032163,1.5058872809324004,2.0,7
2023-05-18,PYPL,0.024280224940347855,0.8003566698267672,2.0,7
2023-05-19,PYPL,0.025793673109785985,0.9042486632284177,2.0,7
2023-05-22,PYPL,0.026297747409714484,0.9023679920120786,2.0,7
2023-05-23,PYPL,0.03367491034005702,1.3594279773796694,2.0,7
2023-05-24,PYPL,0.0352606756443433,1.1244884537390583,2.0,7
2023-05-25,PYPL,0.014671995522989064,-0.17578139616842936,2.0,7
2023-05-26,PYPL,0.018228274768643193,-0.28211259477813755,2.0,7
2023-05-30,PYPL,-0.0015046230439635486,-3.0428727551853774,2.0,7
2023-05-31,PYPL,-0.0013384942578402149,-2.9543154035310617,2.0,7
2023-06-01,PYPL,-0.0046258954213029176,-3.316267808817116,2.0,7
2023-06-02,PYPL,-0.013179590053283625,-2.640175569223313,2.0,7
2023-06-05,PYPL,0.02229348617207216,-0.5351260516137584,2.0,7
2023-06-06,PYPL,0.03618358836653937,0.18764114475794935,2.0,7
2023-06-07,PYPL,0.0035466628890399986,-0.901630944272994,2.0,7
2023-06-08,PYPL,0.0015696023065235678,-1.052305089930758,2.0,7
2023-06-09,PYPL,0.0015637964949961783,-0.6902406586666413,2.0,7
2023-06-12,PYPL,0.004128711357792026,-0.5896137921204706,2.0,7
2023-06-13,PYPL,0.009321890999337735,-0.05620784512979815,2.0,7
2023-06-14,PYPL,0.009321890999337735,-0.035171525991716024,2.0,7
2023-06-15,PYPL,0.003913177686968528,-0.605076514364912,2.0,7
2023-06-16,PYPL,0.00048379003858373056,-0.8027996139336702,2.0,7
2023-06-20,PYPL,0.001067324038966444,0.20444869412355876,2.0,7
2023-06-21,PYPL,0.001243009209162698,-0.3131471350012463,2.0,7
2023-06-22,PYPL,0.008481015153099427,0.07745446387303208,2.0,7
2023-06-23,PYPL,0.0023188063299139756,-0.2822955328492372,2.0,7
2023-06-26,PYPL,0.0028244853967527334,1.4111627083489289,2.0,7
2023-06-27,PYPL,0.003067633940965788,1.3625260448649317,2.0,7
2023-06-28,PYPL,0.0029616049930585044,1.0881224909998888,2.0,7
2023-06-29,PYPL,0.0029616049930585044,1.1453105660028087,2.0,7
2023-06-30,PYPL,0.00208547642869759,1.0060744987185988,2.0,7
2023-01-03,ZM,0.017121901682071214,0.5236892942740085,2.0,7
2023-01-04,ZM,0.012207137686305517,-0.5831442630808236,2.0,7
2023-01-05,ZM,0.016159966978687795,-0.031104998861778088,2.0,7
2023-01-06,ZM,0.009518278169432935,0.9008409246490535,2.0,7
2023-01-09,ZM,0.011104684590110232,1.0158180539906043,2.0,7
2023-01-10,ZM,0.014229462598145509,1.282857250001669,2.0,7
2023-01-11,ZM,0.013716526187558094,0.5210298038284373,2.0,7
2023-01-12,ZM,0.012790504622641174,-0.4467368307278361,2.0,7
2023-01-13,ZM,0.012492127526698808,-0.4444332877881901,2.0,7
2023-01-17,ZM,0.011758878846787536,-0.16437388276117068,2.0,7
2023-01-18,ZM,0.01331042263401364,-0.5760977784102922,2.0,7
2023-01-19,ZM,0.005227847224373025,-1.271354976427744,2.0,7
2023-01-20,ZM,0.006897076440494394,-0.5982977950005526,2.0,7
2023-01-23,ZM,0.013276721930395738,0.654852182518933,2.0,7
2023-01-24,ZM,0.014454002475288183,-0.1829515574343125,2.0,7
2023-01-25,ZM,0.01629466553874438,-0.24171195027340442,2.0,7
2023-01-26,ZM,0.017408419523539182,-0.07183720547576228,2.0,7
2023-01-27,ZM,0.02431189339884463,0.7120212692121213,2.0,7
2023-01-30,ZM,0.0153436116937378,1.7929920664466368,2.0,7
2023-01-31,ZM,0.017652975768504928,1.9038895422443631,2.0,7
2023-02-01,ZM,0.029408066155776482,1.6475528886382442,2.0,7
2023-02-02,ZM,0.0533259884727217,2.152122253377084,2.0,7
2023-02-03,ZM,0.05412011043152878,2.4120925892092124,2.0,7
2023-02-06,ZM,0.038900193585240384,2.4536977126136206,2.0,7
2023-02-07,ZM,0.04916736196834403,3.966817182038902,2.0,7
2023-02-08,ZM,0.017987233389951503,0.43128339699706425,2.0,7
2023-02-09,ZM,0.010453208775372128,-0.21995798695953828,2.0,7
2023-02-10,ZM,0.0014413244439662872,0.5313433221125021,2.0,7
2023-02-13,ZM,-0.010987585501738732,0.3491890780647501,2.0,7
2023-02-14,ZM,-0.003964362806558068,1.250272555078611,2.0,7
2023-02-15,ZM,0.05366443581833503,5.365699976715526,2.0,7
2023-02-16,ZM,0.013138903962858316,3.30568123206534,2.0,7
2023-02-17,ZM,-0.006060173257938308,-0.01994399442603223,2.0,7
2023-02-21,ZM,-0.009738471397579971,-0.2171389429268179,2.0,7
2023-02-22,ZM,-0.013767121277778271,-0.4587006810044094,2.0,7
2023-02-23,ZM,-0.016739569561097206,-1.261318477696045,2.0,7
2023-02-24,ZM,-0.03006868439311268,-3.277943237989155,2.0,7
2023-02-27,ZM,-0.03030955748150893,-1.9091622225120586,2.0,7
2023-02-28,ZM,-0.02228040598763305,-3.824850354415272,2.0,7
2023-03-01,ZM,0.0013486353172488745,-0.7992014918455459,2.0,7
2023-03-02,ZM,-0.014355188084499124,-2.1754575338116586,2.0,7
2023-03-03,ZM,0.02436996198924811,1.090539522845685,2.0,7
2023-03-06,ZM,0.05273857787813335,3.2834717712405865,2.0,7
2023-03-07,ZM,0.05436028894759376,3.662520136469395,2.0,7
2023-03-08,ZM,0.03834609273035635,1.8088808797577638,2.0,7
2023-03-09,ZM,0.03895477169489304,2.4810961891488716,2.0,7
2023-03-10,ZM,0.03651918698743023,3.0352347775728523,2.0,7
2023-03-13,ZM,0.03633821367658801,2.3757649039209525,2.0,7
2023-03-14,ZM,0.03104824505621516,1.3379815574011553,2.0,7
2023-03-15,ZM,0.03255711113753431,1.2581234039602949,2.0,7
2023-03-16,ZM,0.023292154303964023,-0.059432754834794155,2.0,7
2023-03-17,ZM,0.017947090413227326,-0.44722854494856734,2.0,7
2023-03-20,ZM,0.015523319534084113,-1.014094766542422,2.0,7
2023-03-21,ZM,0.017965552073679145,-0.5314606789104638,2.0,7
2023-03-22,ZM,0.020151395553768568,0.007032291093892695,2.0,7
2023-03-23,ZM,0.01455551717748882,-0.2115472750102283,2.0,7
2023-03-24,ZM,0.01644064828791464,-0.45121048575253164,2.0,7
2023-03-27,ZM,0.01473831102002436,-0.5413820199009141,2.0,7
2023-03-28,ZM,0.008406138473462202,-0.9236360631938906,2.0,7
2023-03-29,ZM,0.015779663325117932,0.29253053172761523,2.0,7
2023-03-30,ZM,0.014909366230891381,0.311378096931087,2.0,7
2023-03-31,ZM,0.015110132322996189,0.5712031737842285,2.0,7
2023-04-03,ZM,0.015150469404580372,0.6130258197705126,2.0,7
2023-04-04,ZM,0.021554355587821816,0.9080304298022341,2.0,7
2023-04-05,ZM,0.015448586998604335,0.6598886734230217,2.0,7
2023-04-06,ZM,0.015116827286415084,0.5258404583101327,2.0,7
2023-04-10,ZM,0.02128364429172351,0.6193597027376441,2.0,7
2023-04-11,ZM,0.020573768990029294,0.28057474759104384,2.0,7
2023-04-12,ZM,0.027537373109466114,0.28018571705006257,2.0,7
2023-04-13,ZM,0.01873606109857984,-0.06625135717110675,2.0,7
2023-04-14,ZM,0.017998409685317313,-0.19763197565833956,2.0,7
2023-04-17,ZM,0.019912231820874246,-0.40493769537192437,2.0,7
2023-04-18,ZM,0.027793729321058502,0.39430256539635233,2.0,7
2023-04-19,ZM,0.024982611799076012,0.45705888096667113,2.0,7
2023-04-20,ZM,0.027354559722223632,0.4621577759328874,2.0,7
2023-04-21,ZM,0.03453652948525555,0.729990797882436,2.0,7
2023-04-24,ZM,0.026199972717949195,0.6054682305678549,2.0,7
2023-04-25,ZM,0.019097675773322043,-0.32046192057029965,2.0,7
2023-04-26,ZM,0.018542943826329962,-0.12722045430111373,2.0,7
2023-04-27,ZM,0.011820930903228468,-0.627652719494507,2.0,7
2023-04-28,ZM,0.014123298572731414,-0.8364696879710736,2.0,7
2023-05-01,ZM,0.009348674095584255,-1.0745598256977285,2.0,7
2023-05-02,ZM,0.011084531849128772,-0.6713954009013599,2.0,7
2023-05-03,ZM,0.01047620132173715,-0.7690950528526219,2.0,7
2023-05-04,ZM,0.0078716872929819,-0.9517169950188985,2.0,7
2023-05-05,ZM,0.004515472925280184,-1.0896274952978033,2.0,7
2023-05-08,ZM,-0.00316247071286299,-1.8520466543185006,2.0,7
2023-05-09,ZM,-0.00022920354990021212,-1.301419719497385,2.0,7
2023-05-10,ZM,5.44834069378468e-06,-0.5425021222360996,2.0,7
2023-05-11,ZM,0.0018033758680674878,-0.5911041887170809,2.0,7
2023-05-12,ZM,0.0040718163314566935,-0.26174584383064226,2.0,7
2023-05-15,ZM,0.004813838374800457,0.030912368442953142,2.0,7
2023-05-16,ZM,-0.0019404851151843389,-0.16246740955122238,2.0,7
2023-05-17,ZM,-0.004223031669742169,-0.09326177607418745,2.0,7
2023-05-18,ZM,-0.004194776713579192,0.5134661648720081,2.0,7
2023-05-19,ZM,-0.0009215454771995093,1.0084014024175545,2.0,7
2023-05-22,ZM,0.017698485231943138,2.4341202744190236,2.0,7
2023-05-23,ZM,0.004739544460073924,0.7763040306497528,2.0,7
2023-05-24,ZM,0.008541734142405688,0.7069459666695335,2.0,7
2023-05-25,ZM,0.02072622935038476,2.1744812516232757,2.0,7
2023-05-26,ZM,0.01797272567115371,1.3685654899784978,2.0,7
2023-05-30,ZM,0.01813419950805058,0.6661908419557641,2.0,7
2023-05-31,ZM,0.015572070133564821,0.33034296785434764,2.0,7
2023-06-01,ZM,0.001732545468472126,-0.5999993839503635,2.0,7
2023-06-02,ZM,0.007738480993408195,0.03210815004841902,2.0,7
2023-06-05,ZM,0.0017425715378870717,-0.5384774100661964,2.0,7
2023-06-06,ZM,0.003591181257643797,-0.2545249322190041,2.0,7
2023-06-07,ZM,0.0030382243005505597,-0.20872428357183936,2.0,7
2023-06-08,ZM,0.006648733810123045,-0.3911176346017193,2.0,7
2023-06-09,ZM,0.013323232812303376,1.0476354648336432,2.0,7
2023-06-12,ZM,0.01698448771056699,0.9583996581399108,2.0,7
2023-06-13,ZM,0.012487237736583182,0.41716826182082656,2.0,7
2023-06-14,ZM,0.016971707201602165,0.7000445603832736,2.0,7
2023-06-15,ZM,0.010049514402407627,-0.30547480882608385,2.0,7
2023-06-16,ZM,0.008504197250676568,-0.6266764113604976,2.0,7
2023-06-20,ZM,0.014357539961568657,0.4136599947162237,2.0,7
2023-06-21,ZM,0.005530307693580096,-1.0667230221859298,2.0,7
2023-06-22,ZM,0.0019542362887834852,-1.0521142508700108,2.0,7
2023-06-23,ZM,0.005030519756793968,-0.25174163756754975,2.0,7
2023-06-26,ZM,0.002465268292847417,0.18426567966562957,2.0,7
2023-06-27,ZM,0.005995874356019881,0.6142040478971669,2.0,7
2023-06-28,ZM,0.005725009020693234,0.9788639053246011,2.0,7
2023-06-29,ZM,0.0064439506257469295,0.35387579026330057,2.0,7
2023-06-30,ZM,0.004816492017651104,0.16622598509698172,2.0,7
2023-07-03,AAPL,-0.03643719043935812,1.3900478225317434,-1.0,8
2023-07-05,AAPL,-0.02961339525690853,1.2830596562966674,-1.0,8
2023-07-06,AAPL,-0.02961339525690853,1.6184504248212543,-1.0,8
2023-07-07,AAPL,-0.0385158235310382,1.4588083160214413,-1.0,8
2023-07-10,AAPL,-0.02935130572870687,0.9483893425580348,-1.0,8
2023-07-11,AAPL,-0.03627488744534623,0.9796791817680686,-1.0,8
2023-07-12,AAPL,-0.03807537552641166,1.0979815387107261,-1.0,8
2023-07-13,AAPL,-0.03822168950564674,0.9644591108553756,-1.0,8
2023-07-14,AAPL,-0.036421201424581315,1.104070979147391,-1.0,8
2023-07-17,AAPL,-0.03722722392207981,1.2313354142079163,-1.0,8
2023-07-18,AAPL,-0.036421201424581315,1.0675795535231567,-1.0,8
2023-07-19,AAPL,-0.0387249354755556,1.6329340276099025,-1.0,8
2023-07-20,AAPL,-0.029399554467105904,1.2604574479639896,-1.0,8
2023-07-21,AAPL,-0.037090774413573765,1.2902741755711238,-1.0,8
2023-07-24,AAPL,-0.03735118847541337,1.037755930792312,-1.0,8
2023-07-25,AAPL,-0.03656197194593455,0.7747427062007786,-1.0,8
2023-07-26,AAPL,-0.03735118847541337,0.6026771636385408,-1.0,8
2023-07-27,AAPL,-0.03627488744534623,0.40494075461551804,-1.0,8
2023-07-28,AAPL,-0.030452896548321087,-0.14054233566376917,-1.0,8
2023-07-31,AAPL,-0.00631366899221255,-1.4411937150816705,-1.0,8
2023-08-01,AAPL,-0.006955289207782472,-1.3352802782348492,-1.0,8
2023-08-02,AAPL,-0.009323907525119515,-0.7691847333450543,-1.0,8
2023-08-03,AAPL,-0.026091241772286927,1.0912571159221582,-1.0,8
2023-08-04,AAPL,-0.033901173039622624,0.5842593326484238,-1.0,8
2023-08-07,AAPL,-0.037240159807211355,0.21384885022182099,-1.0,8
2023-08-08,AAPL,-0.0333487247538387,0.6678868556054983,-1.0,8
2023-08-09,AAPL,-0.030665612440225063,1.1419735697023408,-1.0,8
2023-08-10,AAPL,-0.025822315490263068,0.9528536555712188,-1.0,8
2023-08-11,AAPL,-0.03942775328909557,1.1713439272410044,-1.0,8
2023-08-14,AAPL,-0.043176424077777956,1.4547400472674492,-1.0,8
2023-08-15,AAPL,-0.02250826928830442,1.073574790999135,-1.0,8
2023-08-16,AAPL,-0.023484188426687192,1.103474187461166,-1.0,8
2023-08-17,AAPL,-0.033612685415005825,0.5696433365695647,-1.0,8
2023-08-18,AAPL,-0.038015277250369336,0.5733394811340944,-1.0,8
2023-08-21,AAPL,-0.041826395108263234,0.6309023035790283,-1.0,8
2023-08-22,AAPL,-0.03652453846206015,0.5759753221316523,-1.0,8
2023-08-23,AAPL,-0.03732457888383892,0.6534999750597341,-1.0,8
2023-08-24,AAPL,-0.040475627644852165,0.9245547409251741,-1.0,8
2023-08-25,AAPL,-0.035465220093988455,0.6013906233999732,-1.0,8
2023-08-28,AAPL,-0.03708299140422045,0.8251808317432697,-1.0,8
2023-08-29,AAPL,-0.03736401795903581,0.7963473452149545,-1.0,8
2023-08-30,AAPL,-0.03000070345830844,0.3630481759338362,-1.0,8
2023-08-31,AAPL,-0.028256046857157897,-0.4567224492510882,-1.0,8
2023-09-01,AAPL,-0.0375147480723009,1.4207988460588803,-1.0,8
2023-09-05,AAPL,-0.03735344399360369,1.9310704719873486,-1.0,8
2023-09-06,AAPL,-0.0394816266022156,0.9116941310280346,-1.0,8
2023-09-07,AAPL,-0.040864416927477026,0.43095691939999226,-1.0,8
2023-09-08,AAPL,-0.03844385597493102,0.6623076019928871,-1.0,8
2023-09-11,AAPL,-0.033593997227559874,0.14825511249029277,-1.0,8
2023-09-12,AAPL,-0.03852381186811901,0.46950135638249735,-1.0,8
2023-09-13,AAPL,-0.03952372656369318,0.2980602738707254,-1.0,8
2023-09-14,AAPL,-0.028796682061357045,-0.1301359516654812,-1.0,8
2023-09-15,AAPL,-0.02490882934927115,-0.27982284679305813,-1.0,8
2023-09-18,AAPL,-0.04245796799853204,1.270954738352099,-1.0,8
2023-09-19,AAPL,-0.028402814020637695,0.9985988879120596,-1.0,8
2023-09-20,AAPL,-0.029613146470360313,0.5009981832316257,-1.0,8
2023-09-21,AAPL,-0.03817760116001501,0.8354185303495062,-1.0,8
2023-09-22,AAPL,-0.04437842399766098,1.4092157669640664,-1.0,8
2023-09-25,AAPL,-0.040994095582654336,1.3569733356556017,-1.0,8
2023-09-26,AAPL,-0.04073104542088189,1.2688546849806868,-1.0,8
2023-09-27,AAPL,-0.03390810209512855,0.8839017481178018,-1.0,8
2023-09-28,AAPL,-0.03246530828545644,0.1847142318723628,-1.0,8
2023-09-29,AAPL,-0.021513611625822854,-0.37295335740009444,-1.0,8
2023-10-02,AAPL,-0.006657038846198907,-1.4549721163211253,-1.0,8
2023-10-03,AAPL,0.0017149092035689002,-1.2288910061329616,-1.0,8
2023-10-04,AAPL,-0.005326605108107469,-0.2918056896963037,-1.0,8
2023-10-05,AAPL,-0.007136642963020848,0.8704848819451234,-1.0,8
2023-10-06,AAPL,-0.007136642963020848,0.6280596610893773,-1.0,8
2023-10-09,AAPL,-0.007136642963020848,0.8612314316348983,-1.0,8
2023-10-10,AAPL,0.004625665132373189,0.8329506510487749,-1.0,8
2023-10-11,AAPL,0.008914518535006206,0.9464373529207448,-1.0,8
2023-10-12,AAPL,0.008449354329390497,1.1075060342933516,-1.0,8
2023-10-13,AAPL,0.011454221378871938,0.6769846808609172,-1.0,8
2023-10-16,AAPL,0.0061881289675713765,0.003304826660416871,-1.0,8
2023-10-17,AAPL,0.00278072935490456,0.04967267185625884,-1.0,8
2023-10-18,AAPL,0.00010633872261097056,0.3234426180432039,-1.0,8
2023-10-19,AAPL,-0.00013804049746015561,0.04793707287902285,-1.0,8
2023-10-20,AAPL,-0.0002821410760713199,0.0724819268776963,-1.0,8
2023-10-23,AAPL,-0.0012937475717627414,0.10530349634775027,-1.0,8
2023-10-24,AAPL,0.015583890942082526,-0.4446466295351131,-1.0,8
2023-10-25,AAPL,-0.0037886266872001655,0.5252669245401473,-1.0,8
2023-10-26,AAPL,4.2722859004491075e-05,0.10883401433714857,-1.0,8
2023-10-27,AAPL,0.004408034116633806,0.17015711188942056,-1.0,8
2023-10-30,AAPL,-0.0015440464087671866,0.32060606425134486,-1.0,8
2023-10-31,AAPL,-0.0013191041253628308,-0.05320574589651417,-1.0,8
2023-11-01,AAPL,-0.0017528740095050415,0.12703981159724376,-1.0,8
2023-11-02,AAPL,-0.0006675912689602119,-0.0003115289270138877,-1.0,8
2023-11-03,AAPL,0.0006318880489893454,-0.3935125319103542,-1.0,8
2023-11-06,AAPL,0.003424894404074101,-0.3749267304792827,-1.0,8
2023-11-07,AAPL,0.002150365630748928,-0.2230851629362634,-1.0,8
2023-11-08,AAPL,-0.0008321388046540232,-0.06022556939087187,-1.0,8
2023-11-09,AAPL,0.0015444241256871293,-0.08852968982899634,-1.0,8
2023-11-10,AAPL,-0.018988363442886222,0.4002077120472306,-1.0,8
2023-11-13,AAPL,-0.017086545747714683,0.575828081782751,-1.0,8
2023-11-14,AAPL,-0.03244073313868179,0.912934209524266,-1.0,8
2023-11-15,AAPL,-0.01844377788215751,0.23726916287902416,-1.0,8
2023-11-16,AAPL,-0.021275254118910635,0.35064208531237173,-1.0,8
2023-11-17,AAPL,-0.03401182955156857,0.5003914935778496,-1.0,8
2023-11-20,AAPL,-0.0368433057883217,0.5586018178007484,-1.0,8
2023-11-21,AAPL,-0.04493797471263928,1.0442864060325288,-1.0,8
2023-11-22,AAPL,-0.04584641206466039,0.7476499375631835,-1.0,8
2023-11-24,AAPL,-0.04530197776409838,0.6709635244051622,-1.0,8
2023-11-27,AAPL,-0.042284708145260246,0.6519262203543355,-1.0,8
2023-11-28,AAPL,-0.026809637165513146,0.2811557585656985,-1.0,8
2023-11-29,AAPL,-0.04030891798184387,0.47718923736544394,-1.0,8
2023-11-30,AAPL,-0.02529471885285176,0.6243081553377418,-1.0,8
2023-12-01,AAPL,-0.013065186298392466,-0.06722226885149285,-1.0,8
2023-12-04,AAPL,-0.039091373582637236,0.9600629483735039,-1.0,8
2023-12-05,AAPL,-0.03975108210090064,0.9259493555879748,-1.0,8
2023-12-06,AAPL,-0.03894505960340215,0.8590879507897936,-1.0,8
2023-12-07,AAPL,-0.040745547684467566,0.5608024370657421,-1.0,8
2023-12-08,AAPL,-0.03823767852042354,0.3373541962017569,-1.0,8
2023-12-11,AAPL,-0.0361138129395842,0.17590261428651474,-1.0,8
2023-12-12,AAPL,-0.03763456684422341,0.2950910532994914,-1.0,8
2023-12-13,AAPL,-0.037640767967442444,0.7041859805644688,-1.0,8
2023-12-14,AAPL,-0.02939114832288785,0.625577181737824,-1.0,8
2023-12-15,AAPL,-0.02831235230137995,0.5109609047344925,-1.0,8
2023-12-18,AAPL,-0.02767254224850612,0.3049730870482723,-1.0,8
2023-12-19,AAPL,-0.03101600909355733,0.34721426006676437,-1.0,8
2023-12-20,AAPL,-0.02918594582898322,0.3591992417310359,-1.0,8
2023-12-21,AAPL,-0.0293322598082183,-0.09982863201445935,-1.0,8
2023-12-22,AAPL,-0.02965381329111514,-0.15036751496880785,-1.0,8
2023-12-26,AAPL,-0.029455010012739865,-0.23302122903602987,-1.0,8
2023-12-27,AAPL,-0.0293322598082183,-0.07423266001332346,-1.0,8
2023-12-28,AAPL,-0.02184059461197012,0.07128104458095924,-1.0,8
2023-12-29,AAPL,-0.020672486773657774,-0.030660998975343245,-1.0,8
2023-07-03,AMZN,0.005085027543283705,-0.7502355629941296,-1.0,8
2023-07-05,AMZN,0.0064582235787259195,-0.9261505222742603,-1.0,8
2023-07-06,AMZN,0.0016097680262933472,-1.0293621586958455,-1.0,8
2023-07-07,AMZN,0.006024238378784865,-0.7417502032821479,-1.0,8
2023-07-10,AMZN,0.0038821594746187233,-1.2998308601869102,-1.0,8
2023-07-11,AMZN,0.006195935232730167,-1.1331880043916054,-1.0,8
2023-07-12,AMZN,0.005255124559330235,-1.1160798505087195,-1.0,8
2023-07-13,AMZN,0.006871153988266783,-0.98856154457895,-1.0,8
2023-07-14,AMZN,0.0053288161704729085,-0.5423709195939053,-1.0,8
2023-07-17,AMZN,0.00432655064516723,-0.7021105111591485,-1.0,8
2023-07-18,AMZN,0.0037430650080259005,-0.5832191855978522,-1.0,8
2023-07-19,AMZN,0.0061272367354358445,-0.2216153698172676,-1.0,8
2023-07-20,AMZN,-0.002336930332066874,-0.4052462648510213,-1.0,8
2023-07-21,AMZN,0.0027997827342603025,-1.2526060253166085,-1.0,8
2023-07-24,AMZN,0.002265437927517438,-1.5119245043488552,-1.0,8
2023-07-25,AMZN,0.003264710344249639,-1.7151382659104164,-1.0,8
2023-07-26,AMZN,0.002804946823593121,-2.297886846505259,-1.0,8
2023-07-27,AMZN,0.0017540210446831202,-2.490906819391843,-1.0,8
2023-07-28,AMZN,0.0035130113460703273,-2.0707505478463126,-1.0,8
2023-07-31,AMZN,0.004228130030628106,-1.8619914348740871,-1.0,8
2023-08-01,AMZN,0.0024862533728750493,-2.027503643351211,-1.0,8
2023-08-02,AMZN,-0.002267917978243156,-1.9884583280608046,-1.0,8
2023-08-03,AMZN,0.004978486739821948,-1.2542959294826637,-1.0,8
2023-08-04,AMZN,-0.013567370617110245,1.0167874687635021,-1.0,8
2023-08-07,AMZN,-0.013468002205634958,1.216441586715314,-1.0,8
2023-08-08,AMZN,-0.012862567226828154,1.0803145346290832,-1.0,8
2023-08-09,AMZN,-0.0058964653676117215,1.0239610862537825,-1.0,8
2023-08-10,AMZN,0.0005339470543299193,0.7490583318027323,-1.0,8
2023-08-11,AMZN,-0.00997001370862816,0.8814218805174762,-1.0,8
2023-08-14,AMZN,-0.006995080490891216,1.1710633056606365,-1.0,8
2023-08-15,AMZN,-0.0003403497667561146,1.2403350218703657,-1.0,8
2023-08-16,AMZN,4.4396083016047026e-05,0.7739635589780183,-1.0,8
2023-08-17,AMZN,-0.010379588043224816,1.1642034594019972,-1.0,8
2023-08-18,AMZN,-0.013666206153971499,1.2903517685523282,-1.0,8
2023-08-21,AMZN,-0.01065403962354012,1.1312913860321967,-1.0,8
2023-08-22,AMZN,-0.010824095763880088,1.1755402265011312,-1.0,8
2023-08-23,AMZN,-0.008489825043632718,1.1978574191231168,-1.0,8
2023-08-24,AMZN,-0.012674862178885606,1.2996361423130467,-1.0,8
2023-08-25,AMZN,-0.0090842362266175,0.9760542128861048,-1.0,8
2023-08-28,AMZN,-0.012373403353088648,0.7374429971769776,-1.0,8
2023-08-29,AMZN,-0.010440414402296344,0.7460285190081384,-1.0,8
2023-08-30,AMZN,-0.012976827875080641,0.5814259998220599,-1.0,8
2023-08-31,AMZN,-0.0073304414857501676,0.11980191906229576,-1.0,8
2023-09-01,AMZN,0.0039353684921628555,-2.702147409947574,-1.0,8
2023-09-05,AMZN,0.00410635901757244,-2.8833826884407547,-1.0,8
2023-09-06,AMZN,0.002544715116207318,-2.325497227225467,-1.0,8
2023-09-07,AMZN,0.003650440334715474,-1.79486807132216,-1.0,8
2023-09-08,AMZN,0.004058118696684421,-1.844697477650052,-1.0,8
2023-09-11,AMZN,0.006867549263844686,-1.4961875456063374,-1.0,8
2023-09-12,AMZN,0.007842241845230283,-1.403342894681155,-1.0,8
2023-09-13,AMZN,0.009209278084656762,-0.8411450448928568,-1.0,8
2023-09-14,AMZN,0.014133398560136923,-0.7157796589091985,-1.0,8
2023-09-15,AMZN,0.005915655061262308,-1.0499582602425737,-1.0,8
2023-09-18,AMZN,0.005826526900140706,-0.9435273534126286,-1.0,8
2023-09-19,AMZN,0.01285966111401071,-1.1056905492955211,-1.0,8
2023-09-20,AMZN,0.00821250165258314,-0.886847473682174,-1.0,8
2023-09-21,AMZN,-0.015139681529191307,-0.287693082069268,-1.0,8
2023-09-22,AMZN,-0.004786653688979072,-0.7497716735306552,-1.0,8
2023-09-25,AMZN,-0.005248588920579041,-0.7248097019849782,-1.0,8
2023-09-26,AMZN,-0.01591513079691157,-0.39127423016297685,-1.0,8
2023-09-27,AMZN,-0.01191837183564951,-0.014369919908073361,-1.0,8
2023-09-28,AMZN,-0.011820306594813465,-0.08094774462254413,-1.0,8
2023-09-29,AMZN,0.003877558333092595,-1.0260937622922512,-1.0,8
2023-10-02,AMZN,-0.010809070692063178,-0.536993136465838,-1.0,8
2023-10-03,AMZN,-0.003622912726000355,-0.9801202015348013,-1.0,8
2023-10-04,AMZN,-0.009587565745939096,-0.4141654725058864,-1.0,8
2023-10-05,AMZN,-0.007102056609093554,-0.9634736685556574,-1.0,8
2023-10-06,AMZN,-0.008761351180211046,-1.301480773108266,-1.0,8
2023-10-09,AMZN,0.0003854612020412837,-2.0548883626730072,-1.0,8
2023-10-10,AMZN,0.007366421097468214,-1.5873922577800126,-1.0,8
2023-10-11,AMZN,0.01760877065309808,-1.998891893229915,-1.0,8
2023-10-12,AMZN,0.016431000334450593,-1.2846726830617923,-1.0,8
2023-10-13,AMZN,0.015624114316242938,-1.1361199291778044,-1.0,8
2023-10-16,AMZN,0.0036338932521919084,-1.0228700455833253,-1.0,8
2023-10-17,AMZN,0.0020357295389080566,-0.8451351806849013,-1.0,8
2023-10-18,AMZN,-0.009244054668073615,-0.49080234561696645,-1.0,8
2023-10-19,AMZN,-0.0022991929146315283,-0.18913919121600115,-1.0,8
2023-10-20,AMZN,-0.004653098979933322,-0.15122832003352782,-1.0,8
2023-10-23,AMZN,-0.0012290937378631715,-0.23564058658393797,-1.0,8
2023-10-24,AMZN,0.004228130030628106,0.09857034571610993,-1.0,8
2023-10-25,AMZN,-0.014085602552975779,0.7751444814513371,-1.0,8
2023-10-26,AMZN,-0.011175637441774102,0.42178869173097044,-1.0,8
2023-10-27,AMZN,-0.011773627867598365,1.2787275992848386,-1.0,8
2023-10-30,AMZN,-0.009706275693668906,1.3961572658374342,-1.0,8
2023-10-31,AMZN,-0.014169643486410676,1.6476593483389397,-1.0,8
2023-11-01,AMZN,-0.0034605595908245887,1.2317604216945581,-1.0,8
2023-11-02,AMZN,-0.007181279442199173,1.491667887043655,-1.0,8
2023-11-03,AMZN,-0.01487888966645717,1.8834299367996097,-1.0,8
2023-11-06,AMZN,-0.007298842072162089,1.4267643603220996,-1.0,8
2023-11-07,AMZN,-0.01735769362904599,1.585307355436072,-1.0,8
2023-11-08,AMZN,-0.011293011973447347,1.3055911780988565,-1.0,8
2023-11-09,AMZN,0.012531955843386828,0.47107999681190293,-1.0,8
2023-11-10,AMZN,-0.019486203496044657,1.326509942753125,-1.0,8
2023-11-13,AMZN,-0.009640380387613397,0.8857034446140426,-1.0,8
2023-11-14,AMZN,-0.004157414589740088,0.6655368673597997,-1.0,8
2023-11-15,AMZN,-0.01643135502620141,0.8074244071400716,-1.0,8
2023-11-16,AMZN,-0.015788531559194102,0.43293285083345223,-1.0,8
2023-11-17,AMZN,-0.016169047826228536,0.4649749642658694,-1.0,8
2023-11-20,AMZN,-0.01643559193127307,0.39984576296289637,-1.0,8
2023-11-21,AMZN,-0.017480766532104623,0.1621191875973181,-1.0,8
2023-11-22,AMZN,-0.026949831693107138,0.958607928728723,-1.0,8
2023-11-24,AMZN,-0.02159380363442645,0.7502817453371292,-1.0,8
2023-11-27,AMZN,-0.0008677723058902122,-0.3587826730789738,-1.0,8
2023-11-28,AMZN,-4.368404082331643e-05,-0.7974823000647153,-1.0,8
2023-11-29,AMZN,-0.006729509615011883,-0.8310676304025346,-1.0,8
2023-11-30,AMZN,0.013372333067873124,-1.702125174312708,-1.0,8
2023-12-01,AMZN,0.015037219727206601,-1.0809211423610512,-1.0,8
2023-12-04,AMZN,0.0029341285296895516,-0.7639374159522481,-1.0,8
2023-12-05,AMZN,0.005541544721332164,-0.8081586845534697,-1.0,8
2023-12-06,AMZN,0.004764349057407686,-0.987999841603243,-1.0,8
2023-12-07,AMZN,0.007371765249050297,-1.0362123121677602,-1.0,8
2023-12-08,AMZN,0.007371765249050297,-1.1688111061427493,-1.0,8
2023-12-11,AMZN,0.004252051688217401,-1.1599301989539388,-1.0,8
2023-12-12,AMZN,0.007371765249050297,-1.1121461259467522,-1.0,8
2023-12-13,AMZN,0.007532839754812337,-0.570657609474265,-1.0,8
2023-12-14,AMZN,0.004764349057407686,-0.40405904994081465,-1.0,8
2023-12-15,AMZN,0.007801001321414248,-0.006285872607880494,-1.0,8
2023-12-18,AMZN,0.008458116811680835,0.14059037265028473,-1.0,8
2023-12-19,AMZN,0.00610245105951739,0.024265365383057957,-1.0,8
2023-12-20,AMZN,0.006490801633711648,0.26254946490106745,-1.0,8
2023-12-21,AMZN,0.009171843184812595,-0.30954236901591164,-1.0,8
2023-12-22,AMZN,0.006389125414802586,-0.4123372909649991,-1.0,8
2023-12-26,AMZN,0.009290901663754224,-0.6287624695959348,-1.0,8
2023-12-27,AMZN,0.0033349758778099454,-0.2608168681862856,-1.0,8
2023-12-28,AMZN,0.01085959061455907,-0.023852004291489926,-1.0,8
2023-12-29,AMZN,0.01469749443035291,-0.18005223045382987,-1.0,8
2023-07-03,GOOGL,0.011672350913618108,-2.867087781932227,-1.0,8
2023-07-05,GOOGL,0.013537596323231035,-2.6481019840893705,-1.0,8
2023-07-06,GOOGL,0.014977604470335014,-2.9463644908205406,-1.0,8
2023-07-07,GOOGL,0.010801756596205976,-2.4550191140799194,-1.0,8
2023-07-10,GOOGL,0.011385917558408181,-2.9522667371380975,-1.0,8
2023-07-11,GOOGL,0.012341081993263949,-2.86851251636703,-1.0,8
2023-07-12,GOOGL,0.012777604521689702,-2.601249736086585,-1.0,8
2023-07-13,GOOGL,0.009364787816990372,-1.878826729185541,-1.0,8
2023-07-14,GOOGL,0.015177054736815587,-1.8205137743077051,-1.0,8
2023-07-17,GOOGL,0.012994615905348287,-1.9534720130184304,-1.0,8
2023-07-18,GOOGL,0.012994615905348287,-1.8051456134401995,-1.0,8
2023-07-19,GOOGL,0.01136437452030949,-2.1047206117813686,-1.0,8
2023-07-20,GOOGL,0.0003105912959517024,-1.880602017090748,-1.0,8
2023-07-21,GOOGL,0.013717715358998914,-2.4439200667346324,-1.0,8
2023-07-24,GOOGL,0.014705383112127912,-2.071365238764367,-1.0,8
2023-07-25,GOOGL,0.014910510631771052,-1.7488337273019874,-1.0,8
2023-07-26,GOOGL,-0.014554486609169297,0.9167275108309291,-1.0,8
2023-07-27,GOOGL,-0.005154111561921349,-0.25296946225163075,-1.0,8
2023-07-28,GOOGL,-0.017000965366549405,0.5970415038025128,-1.0,8
2023-07-31,GOOGL,-0.016660687444279176,0.9585387083996195,-1.0,8
2023-08-01,GOOGL,-0.015722355931999218,0.8849469790851298,-1.0,8
2023-08-02,GOOGL,-0.010065172348594383,0.5820384906661287,-1.0,8
2023-08-03,GOOGL,-0.008301413673270103,1.1089102047180162,-1.0,8
2023-08-04,GOOGL,-0.012919012175903105,0.9129206641871566,-1.0,8
2023-08-07,GOOGL,-0.014730070088581192,1.4410434453644934,-1.0,8
2023-08-08,GOOGL,-0.013648408491957845,1.6239964591128573,-1.0,8
2023-08-09,GOOGL,-0.012352269512795723,2.092982633162538,-1.0,8
2023-08-10,GOOGL,0.0020249325156308337,0.8061840723308418,-1.0,8
2023-08-11,GOOGL,-0.0017488339615760044,0.49615062437882806,-1.0,8
2023-08-14,GOOGL,-0.0006098997963393374,0.81629891603231,-1.0,8
2023-08-15,GOOGL,-0.0015735323832086064,1.467130056823828,-1.0,8
2023-08-16,GOOGL,0.002584702223578895,1.3709987404067887,-1.0,8
2023-08-17,GOOGL,-0.0057938611215183865,1.6869301018786174,-1.0,8
2023-08-18,GOOGL,0.0026173688229055468,1.2246279074201443,-1.0,8
2023-08-21,GOOGL,0.003645616305450023,0.7398226656252244,-1.0,8
2023-08-22,GOOGL,0.005718788507302354,0.6519308825570669,-1.0,8
2023-08-23,GOOGL,0.007087397616827668,-0.06642691688779201,-1.0,8
2023-08-24,GOOGL,0.005702491891982545,-0.09534099693667253,-1.0,8
2023-08-25,GOOGL,0.0050642556405027786,-0.16789827699624615,-1.0,8
2023-08-28,GOOGL,0.0054023609663679875,-0.38157284103094924,-1.0,8
2023-08-29,GOOGL,0.008011383627581943,-0.15011582710621085,-1.0,8
2023-08-30,GOOGL,0.005743306353887151,-0.35761570566960166,-1.0,8
2023-08-31,GOOGL,0.003886421842739121,-0.7946761135553403,-1.0,8
2023-09-01,GOOGL,0.004271167692511284,-0.3495851493866232,-1.0,8
2023-09-05,GOOGL,0.0067845933672686575,-1.178695683511326,-1.0,8
2023-09-06,GOOGL,0.004058118696684421,-1.0972047428185492,-1.0,8
2023-09-07,GOOGL,0.0048592425733091004,-1.065299860194421,-1.0,8
2023-09-08,GOOGL,0.0026855520924724124,-0.6635783585847254,-1.0,8
2023-09-11,GOOGL,0.002419007987427879,-0.81019508417704,-1.0,8
2023-09-12,GOOGL,0.006224545939129097,-0.6731130584724123,-1.0,8
2023-09-13,GOOGL,0.007091982803932001,-0.702762404846266,-1.0,8
2023-09-14,GOOGL,0.013801282670442488,-0.6713720470886861,-1.0,8
2023-09-15,GOOGL,0.011363941360459595,-1.1469692468849741,-1.0,8
2023-09-18,GOOGL,-0.004397658740071133,0.15757014839964023,-1.0,8
2023-09-19,GOOGL,0.012943096995509173,-0.189863174605169,-1.0,8
2023-09-20,GOOGL,0.0043754021979787614,-0.14869028944697626,-1.0,8
2023-09-21,GOOGL,0.003970339008292413,-0.47912933189537077,-1.0,8
2023-09-22,GOOGL,0.0016852043686812273,-0.6406131272968676,-1.0,8
2023-09-25,GOOGL,0.0015865283334453618,-0.5257268295087253,-1.0,8
2023-09-26,GOOGL,0.0016852043686812273,-0.602798289137623,-1.0,8
2023-09-27,GOOGL,0.0014393863214402756,0.147219364961651,-1.0,8
2023-09-28,GOOGL,0.0018128937335735304,0.2718545275361307,-1.0,8
2023-09-29,GOOGL,-0.0011232016321274724,0.14508946436143122,-1.0,8
2023-10-02,GOOGL,0.0026095777161600224,0.6835128361853675,-1.0,8
2023-10-03,GOOGL,0.0012569341394042424,0.9400713362683184,-1.0,8
2023-10-04,GOOGL,0.005104652242838742,0.9277338337035065,-1.0,8
2023-10-05,GOOGL,0.004993016970124482,0.5732985635982493,-1.0,8
2023-10-06,GOOGL,0.007175455801591781,0.2750459363571408,-1.0,8
2023-10-09,GOOGL,0.009373390721880889,0.2731628978213484,-1.0,8
2023-10-10,GOOGL,0.01354691341717358,0.5881872477233026,-1.0,8
2023-10-11,GOOGL,0.015645256411543736,0.5369039212926702,-1.0,8
2023-10-12,GOOGL,0.014289153389643703,0.41691822481448293,-1.0,8
2023-10-13,GOOGL,0.01254764100044138,0.2574300321461112,-1.0,8
2023-10-16,GOOGL,0.00850137308425765,-0.03781315308347932,-1.0,8
2023-10-17,GOOGL,0.007850199223870952,0.4916394509643732,-1.0,8
2023-10-18,GOOGL,0.00297395118857127,0.8308742313388596,-1.0,8
2023-10-19,GOOGL,0.00297395118857127,0.8706736398108741,-1.0,8
2023-10-20,GOOGL,0.0020430323718367326,1.0119810012890955,-1.0,8
2023-10-23,GOOGL,0.0031529513312936676,1.0277176038866513,-1.0,8
2023-10-24,GOOGL,0.0037893405996958056,1.0668632059163567,-1.0,8
2023-10-25,GOOGL,-0.009925926018170474,0.3692787178595538,-1.0,8
2023-10-26,GOOGL,-0.005699241512708362,-0.48385145068789437,-1.0,8
2023-10-27,GOOGL,-0.0169279775423696,0.46240497521900537,-1.0,8
2023-10-30,GOOGL,-0.008186958102470398,-0.09188575810244196,-1.0,8
2023-10-31,GOOGL,-0.0169626991089705,0.027024244659240193,-1.0,8
2023-11-01,GOOGL,-0.0073814766693673034,-0.4693466383079391,-1.0,8
2023-11-02,GOOGL,-0.007831851536589829,-0.741509117440359,-1.0,8
2023-11-03,GOOGL,-0.00775386857851858,-1.0133541469913432,-1.0,8
2023-11-06,GOOGL,-0.005447999690585641,-0.9757083638693214,-1.0,8
2023-11-07,GOOGL,-0.012066562541349607,-0.8038341199616831,-1.0,8
2023-11-08,GOOGL,-0.007404718237691353,-1.1383401982966828,-1.0,8
2023-11-09,GOOGL,-0.008643915250779536,-1.0007765859542412,-1.0,8
2023-11-10,GOOGL,-0.005940465714774896,-1.113479304971495,-1.0,8
2023-11-13,GOOGL,-0.010216950071941492,-0.8515425345684343,-1.0,8
2023-11-14,GOOGL,-0.0063416345915310686,-1.1485579978063607,-1.0,8
2023-11-15,GOOGL,-0.0005837588352771181,-1.9186325802834008,-1.0,8
2023-11-16,GOOGL,-0.0030248120680766892,-1.563453852935039,-1.0,8
2023-11-17,GOOGL,-0.014301505078522127,-1.389245456317105,-1.0,8
2023-11-20,GOOGL,-0.01247678938271192,-1.2386636837729443,-1.0,8
2023-11-21,GOOGL,-0.01227166186306878,-1.5890379044410017,-1.0,8
2023-11-22,GOOGL,-0.006637501462780686,-0.9134713087111768,-1.0,8
2023-11-24,GOOGL,-0.004062166257645845,-0.8763369809635062,-1.0,8
2023-11-27,GOOGL,-0.0021051832866059318,-0.9492080874547074,-1.0,8
2023-11-28,GOOGL,0.00577476561205922,-1.076564657354182,-1.0,8
2023-11-29,GOOGL,-0.006474078543102921,-1.0167214552545016,-1.0,8
2023-11-30,GOOGL,0.006967809159184477,-1.7390203012595187,-1.0,8
2023-12-01,GOOGL,0.006689503963236699,-1.3648725064118796,-1.0,8
2023-12-04,GOOGL,0.0007853614864349423,-1.587336127690449,-1.0,8
2023-12-05,GOOGL,0.002575191236001986,-1.6043756597922996,-1.0,8
2023-12-06,GOOGL,0.0006765791881894441,-1.2228232287509373,-1.0,8
2023-12-07,GOOGL,-9.43766658823345e-05,-0.7853617137419411,-1.0,8
2023-12-08,GOOGL,0.0019037396476969646,-1.208370170069704,-1.0,8
2023-12-11,GOOGL,0.0019037396476969646,-1.2483069774088218,-1.0,8
2023-12-12,GOOGL,0.0019037396476969646,-1.4442770397546227,-1.0,8
2023-12-13,GOOGL,0.0012885841572735943,-0.843343950634738,-1.0,8
2023-12-14,GOOGL,0.0021566556292719405,-0.965484306806923,-1.0,8
2023-12-15,GOOGL,0.0038388357210620084,-1.1025070442882587,-1.0,8
2023-12-18,GOOGL,0.005449156596270644,-0.7717025633794468,-1.0,8
2023-12-19,GOOGL,0.0060323894843366125,-0.885670903478633,-1.0,8
2023-12-20,GOOGL,0.006298933589381146,-0.5249701982799312,-1.0,8
2023-12-21,GOOGL,0.0053344154815349295,-0.8145015814977761,-1.0,8
2023-12-22,GOOGL,0.0027208649711107672,-0.513124091151177,-1.0,8
2023-12-26,GOOGL,0.0065283036986058095,-0.5927481107632582,-1.0,8
2023-12-27,GOOGL,0.005885480231598503,-0.6617081930693732,-1.0,8
2023-12-28,GOOGL,0.01254764100044138,-0.24425550041791624,-1.0,8
2023-12-29,GOOGL,0.014754317595259409,0.09356579415137667,-1.0,8
2023-07-03,INTC,-0.01898260124861118,0.8445893782198403,-1.0,8
2023-07-05,INTC,-0.010689497329447475,0.7986890878747577,-1.0,8
2023-07-06,INTC,-0.024689757545606674,0.7128687832556664,-1.0,8
2023-07-07,INTC,-0.023900891332575624,-0.0954262018127488,-1.0,8
2023-07-10,INTC,-0.024064118005337195,0.3753653689552149,-1.0,8
2023-07-11,INTC,-0.017880208511613954,0.4231539876273527,-1.0,8
2023-07-12,INTC,-0.014545174961488532,-0.1888084839667553,-1.0,8
2023-07-13,INTC,-0.016990993969271912,-0.663099283938952,-1.0,8
2023-07-14,INTC,-0.016880000635387273,-1.4838041758037182,-1.0,8
2023-07-17,INTC,-0.006956369503757348,-1.5288386367961024,-1.0,8
2023-07-18,INTC,-0.00773628321936978,-1.631776627763948,-1.0,8
2023-07-19,INTC,-0.012959031713171578,-1.0037893092717307,-1.0,8
2023-07-20,INTC,-0.019596967058477282,-0.1693384406525814,-1.0,8
2023-07-21,INTC,-0.01808332621654449,0.8717280718973337,-1.0,8
2023-07-24,INTC,-0.019511407016696493,-0.028073355116600557,-1.0,8
2023-07-25,INTC,-0.02111311707746738,-0.4494878081314855,-1.0,8
2023-07-26,INTC,-0.027724182516002307,-0.4863495815093142,-1.0,8
2023-07-27,INTC,-0.019470946103120276,-0.43107708510332177,-1.0,8
2023-07-28,INTC,0.0013807710648624121,-0.3441263465159611,-1.0,8
2023-07-31,INTC,-0.003598421207518628,-0.5670754637633266,-1.0,8
2023-08-01,INTC,-0.004126885767676134,-0.5060331845231512,-1.0,8
2023-08-02,INTC,-0.013102804758183876,0.9293253279200969,-1.0,8
2023-08-03,INTC,0.005849554917715146,0.3947040594949739,-1.0,8
2023-08-04,INTC,-0.003601351093955035,0.7711062293566135,-1.0,8
2023-08-07,INTC,-0.02148132212580411,1.1399788531578428,-1.0,8
2023-08-08,INTC,-0.025647638180712418,1.5254131537315039,-1.0,8
2023-08-09,INTC,-0.02005711512377513,1.4714788120988165,-1.0,8
2023-08-10,INTC,-0.01931694141533057,2.063958480503967,-1.0,8
2023-08-11,INTC,-0.026263852805692347,2.213353010369224,-1.0,8
2023-08-14,INTC,-0.026255858541299016,2.1359810789195097,-1.0,8
2023-08-15,INTC,-0.018280994406377708,2.001543398287779,-1.0,8
2023-08-16,INTC,-0.018954475051422923,1.7497911819694272,-1.0,8
2023-08-17,INTC,-0.023231642245139208,1.0783769825177596,-1.0,8
2023-08-18,INTC,-0.026184094240245488,0.9245744978609627,-1.0,8
2023-08-21,INTC,-0.027083403942108775,1.0287108058134953,-1.0,8
2023-08-22,INTC,-0.029937509279081054,1.017956835176242,-1.0,8
2023-08-23,INTC,-0.02203501405861155,0.8454487321691584,-1.0,8
2023-08-24,INTC,-0.013520562646736385,0.013553984694174376,-1.0,8
2023-08-25,INTC,-0.014928961238035382,-0.4835348735884544,-1.0,8
2023-08-28,INTC,-0.01685081073688867,0.12161240235264952,-1.0,8
2023-08-29,INTC,-0.015884947744659213,0.0676546903054393,-1.0,8
2023-08-30,INTC,-0.019485411886846087,0.26273291593704495,-1.0,8
2023-08-31,INTC,-0.009660802295483144,-1.0111954930458913,-1.0,8
2023-09-01,INTC,-0.01007264904774731,-0.13331234890322274,-1.0,8
2023-09-05,INTC,-0.014747335096593829,0.20651874489350103,-1.0,8
2023-09-06,INTC,-0.01255357595844873,0.4697013203018586,-1.0,8
2023-09-07,INTC,-0.0004458326724630678,0.4975360098180994,-1.0,8
2023-09-08,INTC,-0.0025361324398286626,0.5406329670670276,-1.0,8
2023-09-11,INTC,0.003658013796939944,0.09313098392554076,-1.0,8
2023-09-12,INTC,0.0019502783837619343,1.014516684917412,-1.0,8
2023-09-13,INTC,0.0022146322318703877,0.7944662237870936,-1.0,8
2023-09-14,INTC,0.01743303881910102,0.6276770276441239,-1.0,8
2023-09-15,INTC,0.00012866012543576015,1.181096374805883,-1.0,8
2023-09-18,INTC,0.00040675604521513056,1.0811535276265214,-1.0,8
2023-09-19,INTC,-0.004080161474719221,1.0690913572065188,-1.0,8
2023-09-20,INTC,-0.02581175615375602,1.6059530342810113,-1.0,8
2023-09-21,INTC,-0.03335371153281153,1.8457077252572103,-1.0,8
2023-09-22,INTC,-0.0246136941733032,1.4552178929257946,-1.0,8
2023-09-25,INTC,-0.026724090692265747,1.6387024493812157,-1.0,8
2023-09-26,INTC,-0.021167309058358123,1.3370732077743108,-1.0,8
2023-09-27,INTC,-0.018754279572832256,2.0161561067261515,-1.0,8
2023-09-28,INTC,-0.01828025473801371,1.9146433225450807,-1.0,8
2023-09-29,INTC,-0.008505339018664784,1.6682798403736903,-1.0,8
2023-10-02,INTC,-0.02748878462572512,1.364290319934409,-1.0,8
2023-10-03,INTC,-0.02796953688923054,2.239934743154529,-1.0,8
2023-10-04,INTC,-0.02440837037521247,1.4553032660523808,-1.0,8
2023-10-05,INTC,-0.023980499903065507,0.6081425703813572,-1.0,8
2023-10-06,INTC,-0.024812940532859304,0.2543349205039717,-1.0,8
2023-10-09,INTC,-0.027064418578451252,0.3946676520360606,-1.0,8
2023-10-10,INTC,-0.015798343698296118,0.05915149030655442,-1.0,8
2023-10-11,INTC,-0.015617000344597726,0.49585997422467415,-1.0,8
2023-10-12,INTC,-0.015420528155930898,1.0725891536551928,-1.0,8
2023-10-13,INTC,-0.02005837002277069,0.7635392602428138,-1.0,8
2023-10-16,INTC,-0.03286301197846655,0.6136115137754479,-1.0,8
2023-10-17,INTC,-0.0196922271848311,0.917817210144803,-1.0,8
2023-10-18,INTC,-0.018393077875349412,1.4289612344158922,-1.0,8
2023-10-19,INTC,-0.018393077875349412,1.139241058069382,-1.0,8
2023-10-20,INTC,-0.019101799285512578,1.4250061952384971,-1.0,8
2023-10-23,INTC,-0.01439091914945657,0.6532111520493479,-1.0,8
2023-10-24,INTC,-0.02041723554594923,0.8937682601734047,-1.0,8
2023-10-25,INTC,-0.02456922267500822,1.4807731104619946,-1.0,8
2023-10-26,INTC,-0.022687623482999863,0.8326974857108312,-1.0,8
2023-10-27,INTC,-0.027852533315417947,1.9721798677117153,-1.0,8
2023-10-30,INTC,-0.02408928153475077,1.8756513862885247,-1.0,8
2023-10-31,INTC,-0.023362973909049716,1.5196837920857982,-1.0,8
2023-11-01,INTC,-0.022201926848647264,1.6458606012455297,-1.0,8
2023-11-02,INTC,-0.02106371528540834,1.4297183741805657,-1.0,8
2023-11-03,INTC,-0.02490810279441054,1.8296316995586652,-1.0,8
2023-11-06,INTC,-0.019093817750207687,1.359397775228656,-1.0,8
2023-11-07,INTC,-0.021127255681707015,1.2033794319017241,-1.0,8
2023-11-08,INTC,-0.026795946616131286,1.0842301556749312,-1.0,8
2023-11-09,INTC,-0.030777135078461786,1.2784063678137194,-1.0,8
2023-11-10,INTC,-0.006766721231619263,0.6410414625585854,-1.0,8
2023-11-13,INTC,-0.023219458944594245,0.974887267053371,-1.0,8
2023-11-14,INTC,-0.006490397015469805,0.5822411179788962,-1.0,8
2023-11-15,INTC,0.0023348445215114646,0.30728361154398354,-1.0,8
2023-11-16,INTC,-0.005420121374156323,1.180078753713362,-1.0,8
2023-11-17,INTC,-0.009796755487861365,1.2983779404462519,-1.0,8
2023-11-20,INTC,0.03990485690669204,0.37916455929060167,-1.0,8
2023-11-21,INTC,-0.011509098611911793,1.626998330196913,-1.0,8
2023-11-22,INTC,0.004603123791728403,1.0754623978512405,-1.0,8
2023-11-24,INTC,-0.004237467258168364,1.4376161942848185,-1.0,8
2023-11-27,INTC,-0.01956087721084832,1.6829044658958716,-1.0,8
2023-11-28,INTC,-0.01553321064640204,1.7356954109190157,-1.0,8
2023-11-29,INTC,-0.03657159654202674,2.2761448441251058,-1.0,8
2023-11-30,INTC,-0.008046792626086803,1.8412033480336618,-1.0,8
2023-12-01,INTC,0.003986098193709078,0.9028015271985051,-1.0,8
2023-12-04,INTC,-0.014387135076000881,1.1001960103791988,-1.0,8
2023-12-05,INTC,-0.0174145871370278,0.8118227991972136,-1.0,8
2023-12-06,INTC,-0.005514447166051655,0.1324456539901907,-1.0,8
2023-12-07,INTC,-0.01864520681963515,0.7977445151638343,-1.0,8
2023-12-08,INTC,-0.022499978445475282,0.7518575417775424,-1.0,8
2023-12-11,INTC,-0.027045435503240633,1.4420242453192407,-1.0,8
2023-12-12,INTC,-0.023630128022920978,1.429838723080825,-1.0,8
2023-12-13,INTC,-0.015000527124412372,1.3014658556704988,-1.0,8
2023-12-14,INTC,-0.016699201131145355,1.0903581312426882,-1.0,8
2023-12-15,INTC,-0.014871188576293312,0.6072039166526089,-1.0,8
2023-12-18,INTC,-0.0041815726349747374,0.0583768566753434,-1.0,8
2023-12-19,INTC,-0.01377692170809933,0.25637474340739697,-1.0,8
2023-12-20,INTC,-0.005193458339750979,0.34400733195323313,-1.0,8
2023-12-21,INTC,-0.018275213075816196,0.6988414999617386,-1.0,8
2023-12-22,INTC,-0.02870023132628446,1.0331252969481497,-1.0,8
2023-12-26,INTC,-0.019342223747152512,1.477103079919849,-1.0,8
2023-12-27,INTC,-0.0058579949834278505,1.7682047242992884,-1.0,8
2023-12-28,INTC,-0.004202872227180712,1.7199309258313829,-1.0,8
2023-12-29,INTC,-4.008519714050708e-05,1.7513984513706773,-1.0,8
2023-07-03,MSFT,-0.038933973538903675,0.31419463165801365,-1.0,8
2023-07-05,MSFT,-0.03862982151535608,0.6283693063687159,-1.0,8
2023-07-06,MSFT,-0.03794730924414228,1.2629077317772546,-1.0,8
2023-07-07,MSFT,-0.039018124971555594,1.0241885076839048,-1.0,8
2023-07-10,MSFT,-0.036985767696709165,0.9496089970420285,-1.0,8
2023-07-11,MSFT,-0.038467424228906255,0.7252296505938558,-1.0,8
2023-07-12,MSFT,-0.04323000310710756,1.1108450164000485,-1.0,8
2023-07-13,MSFT,-0.04366875790980886,1.0336356737009051,-1.0,8
2023-07-14,MSFT,-0.042712022670215295,1.2155463024263429,-1.0,8
2023-07-17,MSFT,-0.039418641197908395,0.5854062207612198,-1.0,8
2023-07-18,MSFT,-0.047578011251494495,1.604406890654523,-1.0,8
2023-07-19,MSFT,-0.03768547851937067,1.5010462673964025,-1.0,8
2023-07-20,MSFT,-0.04206251082041771,1.681646360873687,-1.0,8
2023-07-21,MSFT,-0.036889922302039455,0.852979154217689,-1.0,8
2023-07-24,MSFT,-0.04044044456018996,1.095404875831079,-1.0,8
2023-07-25,MSFT,-0.04157953133709419,1.5697835197000534,-1.0,8
2023-07-26,MSFT,-0.03421734507603242,-0.13393232512883946,-1.0,8
2023-07-27,MSFT,-0.036902386632891575,-0.35358821388189643,-1.0,8
2023-07-28,MSFT,-0.04350007278261183,0.17442888066774098,-1.0,8
2023-07-31,MSFT,-0.03623017476630832,-0.07039927779537836,-1.0,8
2023-08-01,MSFT,-0.03767787024050436,0.13399631894817543,-1.0,8
2023-08-02,MSFT,-0.027298771823757857,-0.27327935617756016,-1.0,8
2023-08-03,MSFT,-0.02594413195537133,0.29428182390580204,-1.0,8
2023-08-04,MSFT,-0.02902056067655274,0.49711593137221033,-1.0,8
2023-08-07,MSFT,-0.03546865340979941,0.7625288398049567,-1.0,8
2023-08-08,MSFT,-0.02778666229230767,0.6295841630904542,-1.0,8
2023-08-09,MSFT,-0.009550323068349882,-0.23292431606455105,-1.0,8
2023-08-10,MSFT,-0.007632304361028401,-0.17486714069020048,-1.0,8
2023-08-11,MSFT,-0.01769769327333352,-0.10620840803689513,-1.0,8
2023-08-14,MSFT,0.004688846826623856,-1.166691816094902,-1.0,8
2023-08-15,MSFT,0.008511230083028095,-1.0581106149876551,-1.0,8
2023-08-16,MSFT,0.012131137928149573,-1.2924317356004547,-1.0,8
2023-08-17,MSFT,0.012098374838471442,-1.1579202986767974,-1.0,8
2023-08-18,MSFT,0.01052163515071448,-0.9910085669528157,-1.0,8
2023-08-21,MSFT,0.004364368346709957,-0.7973163643830272,-1.0,8
2023-08-22,MSFT,-0.01868740686746488,-0.18835264184775113,-1.0,8
2023-08-23,MSFT,-0.02354056527865469,0.5733603228143502,-1.0,8
2023-08-24,MSFT,-0.01502918134610094,0.4689513396296989,-1.0,8
2023-08-25,MSFT,-0.02424771008342339,0.8116686703403909,-1.0,8
2023-08-28,MSFT,-0.02286569420510557,0.817308002567404,-1.0,8
2023-08-29,MSFT,-0.03260903758042618,1.1087373468709842,-1.0,8
2023-08-30,MSFT,-0.028214172498755873,0.7104252418321793,-1.0,8
2023-08-31,MSFT,-0.027424955969277055,-0.04679084441477793,-1.0,8
2023-09-01,MSFT,-0.026438780890303475,-0.4856004465550577,-1.0,8
2023-09-05,MSFT,-0.031771665443849115,0.27942636683333943,-1.0,8
2023-09-06,MSFT,-0.02614407782579884,0.36659756632723545,-1.0,8
2023-09-07,MSFT,-0.030174316162349318,0.40317957749207783,-1.0,8
2023-09-08,MSFT,-0.03432980111315063,1.1403918099297952,-1.0,8
2023-09-11,MSFT,-0.03425413123256765,1.090875328391275,-1.0,8
2023-09-12,MSFT,-0.025965796750023983,0.9012475515223999,-1.0,8
2023-09-13,MSFT,-0.0316086262264463,1.210920264260042,-1.0,8
2023-09-14,MSFT,-0.021969014418408504,0.684848149411425,-1.0,8
2023-09-15,MSFT,-0.023584827064558594,0.2734281190214345,-1.0,8
2023-09-18,MSFT,-0.02115231212889901,0.39175235871916225,-1.0,8
2023-09-19,MSFT,-0.030142986151615436,1.1357934076878837,-1.0,8
2023-09-20,MSFT,-0.02644846056212248,0.4464742125588694,-1.0,8
2023-09-21,MSFT,-0.025684357161907034,0.6389156094769903,-1.0,8
2023-09-22,MSFT,-0.030229819944753964,0.7068479711010491,-1.0,8
2023-09-25,MSFT,-0.026053192591437173,0.4294964139359728,-1.0,8
2023-09-26,MSFT,-0.015026681611937863,-0.017229074461734106,-1.0,8
2023-09-27,MSFT,0.010772230553984609,-0.7105113622428124,-1.0,8
2023-09-28,MSFT,0.010408348648312443,-0.4414096745476189,-1.0,8
2023-09-29,MSFT,0.0029927420765293706,0.058378024018454044,-1.0,8
2023-10-02,MSFT,-0.001342705385214554,0.5151371168087561,-1.0,8
2023-10-03,MSFT,0.014205232442102112,-0.836748324180392,-1.0,8
2023-10-04,MSFT,0.009493633835970116,-0.8239562264223027,-1.0,8
2023-10-05,MSFT,0.013542299562896255,-0.666232013193117,-1.0,8
2023-10-06,MSFT,0.010917383433369402,-0.7617943353853689,-1.0,8
2023-10-09,MSFT,0.014665064259649842,-0.8792475162177762,-1.0,8
2023-10-10,MSFT,0.025661845625757643,-0.7410176279579932,-1.0,8
2023-10-11,MSFT,0.020852412463105378,-0.5210438870526913,-1.0,8
2023-10-12,MSFT,0.028040693429064886,-0.808589693141823,-1.0,8
2023-10-13,MSFT,0.017129628943397836,-0.05431678801866591,-1.0,8
2023-10-16,MSFT,0.010214604759615204,-0.013708354151706459,-1.0,8
2023-10-17,MSFT,0.016470854771083808,0.1413745946737348,-1.0,8
2023-10-18,MSFT,0.014925534786990505,0.39971035254548815,-1.0,8
2023-10-19,MSFT,0.009746120764822048,0.237572679410322,-1.0,8
2023-10-20,MSFT,0.005818614758794,0.6603120213529898,-1.0,8
2023-10-23,MSFT,0.006730951995582005,0.8275778327754373,-1.0,8
2023-10-24,MSFT,0.0001717130304120233,0.8443961437118515,-1.0,8
2023-10-25,MSFT,-0.004633529994156999,2.0759439209350177,-1.0,8
2023-10-26,MSFT,-0.021565762444259853,3.088930310090333,-1.0,8
2023-10-27,MSFT,-0.032720539982958464,2.873818468738523,-1.0,8
2023-10-30,MSFT,-0.032720539982958464,2.927817146070441,-1.0,8
2023-10-31,MSFT,-0.0329481297831465,2.775805097208444,-1.0,8
2023-11-01,MSFT,-0.03998232485315584,3.1752090864572793,-1.0,8
2023-11-02,MSFT,-0.03718572933350877,2.7443996473200594,-1.0,8
2023-11-03,MSFT,-0.03345325327255968,2.654069112234793,-1.0,8
2023-11-06,MSFT,-0.043725947581953944,2.7145987192449703,-1.0,8
2023-11-07,MSFT,-0.04621701623934602,2.42007770545729,-1.0,8
2023-11-08,MSFT,-0.048325214974185876,2.8439382522261183,-1.0,8
2023-11-09,MSFT,-0.044127504050703106,2.723185269434195,-1.0,8
2023-11-10,MSFT,-0.05578211359652277,2.6774485594954465,-1.0,8
2023-11-13,MSFT,-0.045346218785242094,2.465662265565439,-1.0,8
2023-11-14,MSFT,-0.050024564224254345,2.130636569999557,-1.0,8
2023-11-15,MSFT,-0.034601883557874843,1.7042424812766137,-1.0,8
2023-11-16,MSFT,-0.039871958490369855,1.8899171760322784,-1.0,8
2023-11-17,MSFT,-0.056103375127066986,1.7700072712136197,-1.0,8
2023-11-20,MSFT,-0.060797362521418416,1.667391756846086,-1.0,8
2023-11-21,MSFT,-0.057541031984676416,1.902505114543618,-1.0,8
2023-11-22,MSFT,-0.060730626592554716,1.2255334199319068,-1.0,8
2023-11-24,MSFT,-0.05586663506451905,1.1448696142231392,-1.0,8
2023-11-27,MSFT,-0.05158876942553547,1.3008335935590036,-1.0,8
2023-11-28,MSFT,-0.04775209700592711,1.246402789782282,-1.0,8
2023-11-29,MSFT,-0.06113938727104456,1.3748048947558218,-1.0,8
2023-11-30,MSFT,-0.043852943002177805,1.5716829366311627,-1.0,8
2023-12-01,MSFT,-0.06948879026212179,1.4924415856587645,-1.0,8
2023-12-04,MSFT,-0.10030949062341907,2.1157594295858133,-1.0,8
2023-12-05,MSFT,-0.10538050217591209,1.9712000594200974,-1.0,8
2023-12-06,MSFT,-0.10061792329771083,1.7921060272137033,-1.0,8
2023-12-07,MSFT,-0.10773455095732971,1.4969134747105453,-1.0,8
2023-12-08,MSFT,-0.10998756336529641,1.6112629933317502,-1.0,8
2023-12-11,MSFT,-0.10384957540175635,1.5443934474450336,-1.0,8
2023-12-12,MSFT,-0.11007518059423058,1.6308601880229627,-1.0,8
2023-12-13,MSFT,-0.10340021894072256,1.2988740609775462,-1.0,8
2023-12-14,MSFT,-0.09723698990178258,1.2714072176647195,-1.0,8
2023-12-15,MSFT,-0.10671143826395126,1.1005560565342005,-1.0,8
2023-12-18,MSFT,-0.10787256257399455,1.3112302759695225,-1.0,8
2023-12-19,MSFT,-0.10341683135067256,1.0979769698877222,-1.0,8
2023-12-20,MSFT,-0.10158230047984464,1.2734858935552464,-1.0,8
2023-12-21,MSFT,-0.1092836614843403,0.923745102525508,-1.0,8
2023-12-22,MSFT,-0.10427558219709591,0.8547946713012149,-1.0,8
2023-12-26,MSFT,-0.10412926821786084,0.727181935477893,-1.0,8
2023-12-27,MSFT,-0.09486060926221736,0.6528232700306169,-1.0,8
2023-12-28,MSFT,-0.06898168461361118,0.32549756024927534,-1.0,8
2023-12-29,MSFT,-0.06791976562551676,0.4476808630150191,-1.0,8
2023-07-03,NVDA,-0.00333729658921385,0.2642633548449126,-1.0,8
2023-07-05,NVDA,-0.006321297510258706,0.4327212750571212,-1.0,8
2023-07-06,NVDA,-0.023453501820840363,1.6078199896435674,-1.0,8
2023-07-07,NVDA,-0.020663301491895263,1.5498258681073174,-1.0,8
2023-07-10,NVDA,-0.02557269040370759,1.6305692000243537,-1.0,8
2023-07-11,NVDA,-0.018898895615568387,0.9970202016226326,-1.0,8
2023-07-12,NVDA,-0.017346921132566816,1.252075014443167,-1.0,8
2023-07-13,NVDA,-0.02119102933240145,1.2578234146107006,-1.0,8
2023-07-14,NVDA,-0.010638877618735025,0.13538036028338507,-1.0,8
2023-07-17,NVDA,-0.021501031266150644,1.1582079324288186,-1.0,8
2023-07-18,NVDA,-0.01788441883839779,1.15738344903362,-1.0,8
2023-07-19,NVDA,-0.0066936714881612215,0.396962643340905,-1.0,8
2023-07-20,NVDA,-0.0022495393660729945,0.008579578567206148,-1.0,8
2023-07-21,NVDA,0.0033921950359445743,-0.35987189876881415,-1.0,8
2023-07-24,NVDA,0.002402494354905414,0.12280661448638341,-1.0,8
2023-07-25,NVDA,-0.009422646223795766,1.5984797289242403,-1.0,8
2023-07-26,NVDA,-0.012304657084178298,0.6422413660520419,-1.0,8
2023-07-27,NVDA,-0.028906431681058938,2.054081435466614,-1.0,8
2023-07-28,NVDA,-0.020453517430385933,1.3965008577008042,-1.0,8
2023-07-31,NVDA,-0.02161719906582171,1.1901646413234217,-1.0,8
2023-08-01,NVDA,-0.023438186530223348,1.3513855820747853,-1.0,8
2023-08-02,NVDA,0.0016439408201329648,-0.6310430291398607,-1.0,8
2023-08-03,NVDA,-0.0011375312994122762,0.2915074563398953,-1.0,8
2023-08-04,NVDA,0.0034454395948267233,-0.7109589853798194,-1.0,8
2023-08-07,NVDA,-0.0016213162106568577,-0.06007294853409029,-1.0,8
2023-08-08,NVDA,0.0028742716273261935,-0.46992967935118357,-1.0,8
2023-08-09,NVDA,0.006353806805284774,-1.2502159475264956,-1.0,8
2023-08-10,NVDA,0.005423350003103348,-1.4274648939433618,-1.0,8
2023-08-11,NVDA,0.014581263450564616,-2.3768146624389255,-1.0,8
2023-08-14,NVDA,0.0012622983801813044,-0.9036656895052646,-1.0,8
2023-08-15,NVDA,0.003688634555153539,-0.3953050428271826,-1.0,8
2023-08-16,NVDA,0.009550546125843353,-0.8581041830326073,-1.0,8
2023-08-17,NVDA,0.005886120366932851,-0.4580653733856077,-1.0,8
2023-08-18,NVDA,0.007391868520106674,-0.12155506815817663,-1.0,8
2023-08-21,NVDA,0.004178629617948243,0.6769045506080154,-1.0,8
2023-08-22,NVDA,0.005534949103888023,-0.1591921110875878,-1.0,8
2023-08-23,NVDA,0.002243887921778813,0.36066094149097394,-1.0,8
2023-08-24,NVDA,0.010298088340256082,0.06077348668425486,-1.0,8
2023-08-25,NVDA,0.002682678989385256,0.023681546796239794,-1.0,8
2023-08-28,NVDA,7.0734794727399995e-06,0.16189316042573632,-1.0,8
2023-08-29,NVDA,-0.0012147632985120532,0.675538413350161,-1.0,8
2023-08-30,NVDA,-0.01776941865653197,1.707896714606338,-1.0,8
2023-08-31,NVDA,-0.018712327935266802,1.6391529289459918,-1.0,8
2023-09-01,NVDA,-0.016684045432073386,1.7365060488844168,-1.0,8
2023-09-05,NVDA,-0.012618637983569549,0.8366701455789927,-1.0,8
2023-09-06,NVDA,-0.011097254254593611,0.34747500570028395,-1.0,8
2023-09-07,NVDA,-0.021894887887013065,1.0941257240537596,-1.0,8
2023-09-08,NVDA,-0.015601505429847244,0.8548012329397634,-1.0,8
2023-09-11,NVDA,-0.022951977160811144,1.4959777085280535,-1.0,8
2023-09-12,NVDA,0.0007647589141634071,-0.5098608993431806,-1.0,8
2023-09-13,NVDA,0.002939880305650006,-0.8567037313922202,-1.0,8
2023-09-14,NVDA,0.015101210105532252,-1.1838623080091542,-1.0,8
2023-09-15,NVDA,-0.0016209451098507252,-1.28079416531279,-1.0,8
2023-09-18,NVDA,0.006811367351653072,-1.5541282764674478,-1.0,8
2023-09-19,NVDA,0.005625119792649298,-2.3661517043656106,-1.0,8
2023-09-20,NVDA,0.007360776079480684,-2.4881448022165493,-1.0,8
2023-09-21,NVDA,0.011664912373530904,-3.169925245514322,-1.0,8
2023-09-22,NVDA,-0.00569698959315322,-2.419413445216781,-1.0,8
2023-09-25,NVDA,-0.012299930589049613,-1.9592150076047394,-1.0,8
2023-09-26,NVDA,-0.0034510336957811636,-2.340043162252158,-1.0,8
2023-09-27,NVDA,0.003911448178985166,-2.2225587075557396,-1.0,8
2023-09-28,NVDA,0.0009971576579533735,-1.7272793752748312,-1.0,8
2023-09-29,NVDA,-0.000792657887552682,-1.8497562749433616,-1.0,8
2023-10-02,NVDA,-0.0017776001200649197,-1.463285998743646,-1.0,8
2023-10-03,NVDA,0.0035535900688889004,-1.7155735440274011,-1.0,8
2023-10-04,NVDA,-0.007389691540669357,-0.6108456460256498,-1.0,8
2023-10-05,NVDA,-0.007266941336147791,0.3981036818713867,-1.0,8
2023-10-06,NVDA,-0.014021504939653836,1.2015017950184361,-1.0,8
2023-10-09,NVDA,-0.008142421952422957,1.019126997293388,-1.0,8
2023-10-10,NVDA,0.00037626615609021735,1.2560237865189554,-1.0,8
2023-10-11,NVDA,0.0011817069805566422,1.2589072032853568,-1.0,8
2023-10-12,NVDA,0.010465870318292343,1.0285335687822126,-1.0,8
2023-10-13,NVDA,-0.004145439326955405,1.5521076259565711,-1.0,8
2023-10-16,NVDA,-0.012602226172548053,1.5544534537702641,-1.0,8
2023-10-17,NVDA,0.004140082662197732,0.55207687472337,-1.0,8
2023-10-18,NVDA,-0.0035495812605244093,0.37917850995474195,-1.0,8
2023-10-19,NVDA,-0.004389691802587574,0.5569495282263954,-1.0,8
2023-10-20,NVDA,-0.0053258309847707954,0.37248876079323995,-1.0,8
2023-10-23,NVDA,0.003720655633697805,0.5790036068746076,-1.0,8
2023-10-24,NVDA,0.004062922365713811,0.4477622085862659,-1.0,8
2023-10-25,NVDA,0.0034260686000253194,-0.48717233663128123,-1.0,8
2023-10-26,NVDA,-0.0014978832740993844,-0.5823570233751671,-1.0,8
2023-10-27,NVDA,0.008590761890751086,-0.7981371713140943,-1.0,8
2023-10-30,NVDA,0.010369279105690212,-1.1803927761428388,-1.0,8
2023-10-31,NVDA,0.007430647891349523,-1.2290383287580435,-1.0,8
2023-11-01,NVDA,0.008205509700365052,-0.9192100679397869,-1.0,8
2023-11-02,NVDA,0.010359274831539433,-1.109413889960508,-1.0,8
2023-11-03,NVDA,0.003602562868989338,-0.7405715105056794,-1.0,8
2023-11-06,NVDA,-0.0008639770769329013,-0.06294789646745841,-1.0,8
2023-11-07,NVDA,0.0001487677520889426,-0.3897930482544546,-1.0,8
2023-11-08,NVDA,-0.00219400940512623,-0.37844502726813956,-1.0,8
2023-11-09,NVDA,-0.0032129225123333233,-0.09679822257922581,-1.0,8
2023-11-10,NVDA,0.0351024317403142,-0.8508257437314795,-1.0,8
2023-11-13,NVDA,0.02515810416168937,-0.5852297571720992,-1.0,8
2023-11-14,NVDA,0.025207528851721842,0.035811785335803314,-1.0,8
2023-11-15,NVDA,-0.003319900373952885,0.7836799873051288,-1.0,8
2023-11-16,NVDA,-0.005274170766055609,0.6593081819644242,-1.0,8
2023-11-17,NVDA,0.002235769853443335,0.07874064236373157,-1.0,8
2023-11-20,NVDA,-0.004474949003180914,0.22020635881393918,-1.0,8
2023-11-21,NVDA,-0.0008092198069891862,-0.2202460395332575,-1.0,8
2023-11-22,NVDA,-0.020718046747694972,0.2801036468527702,-1.0,8
2023-11-24,NVDA,-0.031099045961093568,0.6465269182729024,-1.0,8
2023-11-27,NVDA,-0.040120666265440016,1.551521181002965,-1.0,8
2023-11-28,NVDA,-0.024858318077774635,0.8416042649215117,-1.0,8
2023-11-29,NVDA,-0.03822489388879685,1.48731413245961,-1.0,8
2023-11-30,NVDA,-0.021788188862189285,0.6765486655080994,-1.0,8
2023-12-01,NVDA,-0.02280114234295357,0.14588722249910666,-1.0,8
2023-12-04,NVDA,-0.024911561216206905,-0.6879065941859871,-1.0,8
2023-12-05,NVDA,-0.03419634218075908,-0.4218572143535829,-1.0,8
2023-12-06,NVDA,-0.01137557092263789,-0.9704310870187584,-1.0,8
2023-12-07,NVDA,-0.026959210640842043,-0.7551114182575547,-1.0,8
2023-12-08,NVDA,-0.024639837822294206,-0.9074528331749941,-1.0,8
2023-12-11,NVDA,-0.009768033683651494,-1.4971509610549778,-1.0,8
2023-12-12,NVDA,-0.022376242934245272,-1.1884641003560181,-1.0,8
2023-12-13,NVDA,-0.010839939738150374,-0.943560284198186,-1.0,8
2023-12-14,NVDA,-0.008018462635460785,-0.6366934630901079,-1.0,8
2023-12-15,NVDA,-0.008223590155103926,-0.6061206355059459,-1.0,8
2023-12-18,NVDA,-0.012175254037309001,-0.2523564316860741,-1.0,8
2023-12-19,NVDA,-0.0028938608733304156,-1.0494498884101977,-1.0,8
2023-12-20,NVDA,-0.0009535877942378485,-1.1681354738959053,-1.0,8
2023-12-21,NVDA,-0.012444538690744023,-0.61635139789133,-1.0,8
2023-12-22,NVDA,-0.004506107359207332,-0.5872144471928447,-1.0,8
2023-12-26,NVDA,-0.01277783006618454,-0.47339246445551475,-1.0,8
2023-12-27,NVDA,-0.005940661173369805,-0.23178988361106134,-1.0,8
2023-12-28,NVDA,-0.008142320854226509,-0.055212341848186575,-1.0,8
2023-12-29,NVDA,-0.018337073704485004,0.8161428869362135,-1.0,8
2023-07-03,PFE,-0.010551421816490032,-2.0320068814788974,-1.0,8
2023-07-05,PFE,-0.018099322630720026,-1.5392406023241623,-1.0,8
2023-07-06,PFE,-0.014430754196499543,-1.6066355848751281,-1.0,8
2023-07-07,PFE,-0.015807971613853427,-2.1172320575962162,-1.0,8
2023-07-10,PFE,-0.01734380788017149,-2.0505376709449425,-1.0,8
2023-07-11,PFE,-0.01659499900181782,-1.9524695212945686,-1.0,8
2023-07-12,PFE,-0.017118101143196084,-1.984354867972921,-1.0,8
2023-07-13,PFE,-0.012644892898587957,-2.3333297299135842,-1.0,8
2023-07-14,PFE,-0.014069783559887531,-1.7615194500307894,-1.0,8
2023-07-17,PFE,-0.014373138734698475,-2.0330767105742718,-1.0,8
2023-07-18,PFE,0.0008033846547855617,-2.641101372792118,-1.0,8
2023-07-19,PFE,-0.00011716983063439978,-2.764544536445847,-1.0,8
2023-07-20,PFE,0.009421640454023694,-3.47752546779021,-1.0,8
2023-07-21,PFE,0.0192367282415541,-2.9471201952024844,-1.0,8
2023-07-24,PFE,0.02091377869794857,-2.693131609397974,-1.0,8
2023-07-25,PFE,0.017263069559237735,-2.5564810674619007,-1.0,8
2023-07-26,PFE,0.01958934021485661,-2.381434010877696,-1.0,8
2023-07-27,PFE,-0.004950358883863,-1.7611516264540814,-1.0,8
2023-07-28,PFE,-0.006473557837790303,-1.9489309650686502,-1.0,8
2023-07-31,PFE,-0.001803933136408194,-2.063877507337476,-1.0,8
2023-08-01,PFE,-0.001997677770373335,-2.3467287886211823,-1.0,8
2023-08-02,PFE,-0.0050636270777010845,-1.8329153017505018,-1.0,8
2023-08-03,PFE,-0.004540207606551587,-0.7084935515661073,-1.0,8
2023-08-04,PFE,-0.009019569829379903,-0.6498500544300698,-1.0,8
2023-08-07,PFE,-0.00814397448355848,-0.5987943537547747,-1.0,8
2023-08-08,PFE,-0.0071573940743849375,-0.5156414727738271,-1.0,8
2023-08-09,PFE,-0.0009826701432893454,-0.09247493571906512,-1.0,8
2023-08-10,PFE,0.0018957800676275528,0.1506055968200538,-1.0,8
2023-08-11,PFE,0.005013177796648953,-0.31530358200476527,-1.0,8
2023-08-14,PFE,0.0031764839383864435,0.07041022520164153,-1.0,8
2023-08-15,PFE,-0.0025066118338119055,0.7558490450072249,-1.0,8
2023-08-16,PFE,-0.005865256518884776,0.9869414675656109,-1.0,8
2023-08-17,PFE,0.010874204218695312,-0.03893525951804022,-1.0,8
2023-08-18,PFE,0.016322054100862488,-0.2474880371317923,-1.0,8
2023-08-21,PFE,0.01352209637274334,-0.3499682522188026,-1.0,8
2023-08-22,PFE,0.016188970803085987,-0.5731830109358337,-1.0,8
2023-08-23,PFE,0.016188970803085987,-0.931452262203093,-1.0,8
2023-08-24,PFE,-0.002866720934665159,0.2976988481491926,-1.0,8
2023-08-25,PFE,-0.007987180898405978,0.9357885644990537,-1.0,8
2023-08-28,PFE,-0.00594982367641329,0.5193562874342814,-1.0,8
2023-08-29,PFE,0.006533572898086583,-0.19663739538018554,-1.0,8
2023-08-30,PFE,-0.004950358883863,-0.4069971648914094,-1.0,8
2023-09-01,PFE,-0.007268590337274491,-0.9585908695013841,-1.0,8
2023-09-05,PFE,-0.004818998394832964,-1.1808101037535526,-1.0,8
2023-09-06,PFE,-0.0031820997519817983,-2.139809519621792,-1.0,8
2023-09-07,PFE,-0.004052511673160717,-2.1017279263228215,-1.0,8
2023-09-08,PFE,-0.006290183622033456,-2.1171298456154837,-1.0,8
2023-09-11,PFE,-0.006290183622033456,-2.448232109240135,-1.0,8
2023-09-12,PFE,-0.00901696460007932,-1.9470442570111874,-1.0,8
2023-09-13,PFE,-0.007615130714267215,-2.162587738575595,-1.0,8
2023-09-14,PFE,-0.003605698525962533,-1.8443508578787817,-1.0,8
2023-09-15,PFE,-0.007434003315464975,-1.8959140644548487,-1.0,8
2023-09-18,PFE,-0.0005211606836658285,-2.6268822433326346,-1.0,8
2023-09-19,PFE,0.0027239697146855713,-2.2055799138185237,-1.0,8
2023-09-20,PFE,0.001958145751807338,-2.5689927432353215,-1.0,8
2023-09-21,PFE,0.005188906669554947,-2.456189298114553,-1.0,8
2023-09-22,PFE,0.00036794025972098076,-2.5530443021444214,-1.0,8
2023-09-25,PFE,0.00023211338934970622,-2.8169938424787926,-1.0,8
2023-09-26,PFE,0.0019019244200807498,-2.759340069920788,-1.0,8
2023-09-27,PFE,0.020143671185122457,-2.6625762311835803,-1.0,8
2023-09-28,PFE,0.04496026780088711,-3.034466342045624,-1.0,8
2023-09-29,PFE,0.04111282971372021,-2.2696394102713313,-1.0,8
2023-10-02,PFE,0.02299924761009363,-1.7192129847603232,-1.0,8
2023-10-03,PFE,0.010942570597384982,-0.08023889134447482,-1.0,8
2023-10-04,PFE,0.010942570597384982,-0.5546802362624029,-1.0,8
2023-10-05,PFE,0.021182949625403392,-0.8577139180615856,-1.0,8
2023-10-06,PFE,0.009166728475677304,-1.0092576997974623,-1.0,8
2023-10-09,PFE,0.009789326902109298,-0.5561717422352499,-1.0,8
2023-10-10,PFE,0.030278202985758063,-1.4149922008621485,-1.0,8
2023-10-11,PFE,0.03212117699493828,-1.4329228136470051,-1.0,8
2023-10-12,PFE,0.03212117699493828,-1.263452025602033,-1.0,8
2023-10-13,PFE,0.040037492530529566,-1.8443384867745891,-1.0,8
2023-10-16,PFE,0.023073703769055126,-0.9115367931138875,-1.0,8
2023-10-17,PFE,0.02686987727896013,-1.4903550545284414,-1.0,8
2023-10-18,PFE,0.05724204336606836,-2.8743052838851897,-1.0,8
2023-10-19,PFE,0.03912186975928677,-2.5959435417203442,-1.0,8
2023-10-20,PFE,0.05295376724798,-2.950069380999232,-1.0,8
2023-10-23,PFE,0.054004683745564434,-2.718573809668379,-1.0,8
2023-10-24,PFE,0.05565078010785294,-2.8053238575319384,-1.0,8
2023-10-25,PFE,0.011383111852894034,-1.676843987904482,-1.0,8
2023-10-26,PFE,0.010779596004456719,-0.8508829572918574,-1.0,8
2023-10-27,PFE,0.033753669484768,-2.351451973536673,-1.0,8
2023-10-30,PFE,0.034214614805627375,-2.6964840576687834,-1.0,8
2023-10-31,PFE,0.03296435521843525,-3.0291202308234286,-1.0,8
2023-11-01,PFE,0.03179190844959326,-2.717278537292482,-1.0,8
2023-11-02,PFE,0.04171581089513426,-3.428739899541074,-1.0,8
2023-11-03,PFE,0.041695689098105664,-3.2140480201039474,-1.0,8
2023-11-06,PFE,0.04827731126462643,-3.100850730258985,-1.0,8
2023-11-07,PFE,0.062168572493571654,-3.206241281859153,-1.0,8
2023-11-08,PFE,0.05159576516934953,-3.3174561082900516,-1.0,8
2023-11-09,PFE,0.057994999309109195,-3.5139476542473664,-1.0,8
2023-11-10,PFE,0.05110313164303495,-3.2427816868292085,-1.0,8
2023-11-13,PFE,0.045802062688110046,-3.6797974706994534,-1.0,8
2023-11-14,PFE,0.04981658347699388,-3.4772753114596346,-1.0,8
2023-11-15,PFE,0.022065897285839672,-2.9810770090187635,-1.0,8
2023-11-16,PFE,0.025389594391338234,-3.2459287187940187,-1.0,8
2023-11-17,PFE,0.02371542464613654,-2.9907304675376905,-1.0,8
2023-11-20,PFE,0.02589949785373898,-2.512953736393969,-1.0,8
2023-11-21,PFE,0.02269497175533016,-2.728894062563593,-1.0,8
2023-11-22,PFE,0.022639570375754342,-3.0887321664394203,-1.0,8
2023-11-24,PFE,0.043361488546147076,-3.629646730640749,-1.0,8
2023-11-27,PFE,0.040693773393707486,-4.051336363509104,-1.0,8
2023-11-28,PFE,0.04561661178880879,-4.166120537843917,-1.0,8
2023-11-29,PFE,0.04105000118242738,-4.022046102337551,-1.0,8
2023-11-30,PFE,0.021932179252149162,-3.113049859781958,-1.0,8
2023-12-01,PFE,0.035153423204747236,-3.404411301755746,-1.0,8
2023-12-04,PFE,0.025448587053260977,-3.308628699996974,-1.0,8
2023-12-05,PFE,0.025929295663232006,-3.36175201975811,-1.0,8
2023-12-06,PFE,0.044084610819456624,-3.2738091148390382,-1.0,8
2023-12-07,PFE,0.04308514602690633,-3.3264173914109834,-1.0,8
2023-12-08,PFE,0.024869127709948834,-2.7493843123177806,-1.0,8
2023-12-11,PFE,0.02747748556213884,-2.3824914113119666,-1.0,8
2023-12-12,PFE,0.03167141200918468,-2.439411414159446,-1.0,8
2023-12-13,PFE,0.10828205656169546,-3.828771542699899,-1.0,8
2023-12-14,PFE,0.07586736639466977,-3.9651129437399484,-1.0,8
2023-12-15,PFE,0.10332417158367399,-3.919861920891538,-1.0,8
2023-12-18,PFE,0.1026703646645203,-4.165079429094552,-1.0,8
2023-12-19,PFE,0.07827052677053223,-3.5373932285650502,-1.0,8
2023-12-20,PFE,0.09229935191610752,-3.827995749600937,-1.0,8
2023-12-21,PFE,0.08429844461057533,-3.638922714765069,-1.0,8
2023-12-22,PFE,0.08525002909520579,-3.828364978966258,-1.0,8
2023-12-26,PFE,0.09534207714560265,-3.6187243593979286,-1.0,8
2023-12-27,PFE,0.08686501894904772,-3.4045860428362644,-1.0,8
2023-12-28,PFE,0.1278743727628033,-4.0487136443377345,-1.0,8
2023-12-29,PFE,0.1290302158249298,-4.213350822115661,-1.0,8
2023-07-03,PYPL,-0.05150231096188959,2.0706348839067834,-1.0,8
2023-07-05,PYPL,-0.047979442489069844,2.2071121130059135,-1.0,8
2023-07-06,PYPL,-0.04345331687036362,1.4672753383834967,-1.0,8
2023-07-07,PYPL,-0.05044121196590335,1.583647864085069,-1.0,8
2023-07-10,PYPL,-0.04285892608816451,2.3073336422866606,-1.0,8
2023-07-11,PYPL,-0.04615502110914042,2.7056691364178627,-1.0,8
2023-07-12,PYPL,-0.03912410673407786,2.3054707653878426,-1.0,8
2023-07-13,PYPL,-0.04599837853961691,2.74795459773557,-1.0,8
2023-07-14,PYPL,-0.04066583779170521,2.8055509915278556,-1.0,8
2023-07-17,PYPL,-0.04701338325982293,2.8240517986459674,-1.0,8
2023-07-18,PYPL,-0.04658384271781797,2.547587989948359,-1.0,8
2023-07-19,PYPL,-0.03969519163860716,2.117427409551661,-1.0,8
2023-07-20,PYPL,-0.041418193204002286,2.4364165179968738,-1.0,8
2023-07-21,PYPL,-0.040206465043465145,2.5522384667761364,-1.0,8
2023-07-24,PYPL,-0.048729303195102235,3.3235540154215526,-1.0,8
2023-07-25,PYPL,-0.04160621359887531,2.3260600838076506,-1.0,8
2023-07-26,PYPL,-0.049135211451671636,2.935045056032883,-1.0,8
2023-07-27,PYPL,-0.045809694306703494,2.517252305962012,-1.0,8
2023-07-28,PYPL,-0.04392375379974601,2.328610590208175,-1.0,8
2023-07-31,PYPL,-0.0435120150443346,3.1251353666077457,-1.0,8
2023-08-01,PYPL,-0.04072879896423434,2.6870163584777687,-1.0,8
2023-08-02,PYPL,-0.030881936841295747,2.575164720221826,-1.0,8
2023-08-03,PYPL,0.0046861573083626885,-1.9054542945256834,-1.0,8
2023-08-04,PYPL,0.002095843723813055,-2.466470413965694,-1.0,8
2023-08-07,PYPL,0.01738066532052622,-3.221721609857936,-1.0,8
2023-08-08,PYPL,0.006505889697028736,-2.9320619449303478,-1.0,8
2023-08-09,PYPL,0.007080877259457698,-2.7274413203904873,-1.0,8
2023-08-10,PYPL,0.021409127804347405,-3.4540560576841663,-1.0,8
2023-08-11,PYPL,0.004686084687800334,-2.473908677874044,-1.0,8
2023-08-14,PYPL,0.010753159477903623,-2.6180703574995126,-1.0,8
2023-08-15,PYPL,0.030494888485752793,-3.5734855001786543,-1.0,8
2023-08-16,PYPL,0.02429293686965167,-3.451891947155132,-1.0,8
2023-08-17,PYPL,0.04149036706383901,-3.7354540879939693,-1.0,8
2023-08-18,PYPL,0.043825462165312155,-3.6851017329415763,-1.0,8
2023-08-21,PYPL,0.04811726251570316,-3.9779432648865205,-1.0,8
2023-08-22,PYPL,0.021526688934471825,-3.278157256128117,-1.0,8
2023-08-23,PYPL,0.018398819888281497,-3.4289520236053086,-1.0,8
2023-08-24,PYPL,0.018311333951888525,-3.3918726159368022,-1.0,8
2023-08-25,PYPL,0.027336094011463665,-3.8050407449565737,-1.0,8
2023-08-28,PYPL,0.014815023414425817,-3.7377802111273724,-1.0,8
2023-08-29,PYPL,0.021719758007980133,-3.72155437167055,-1.0,8
2023-08-30,PYPL,0.018887579547596334,-3.875841608315586,-1.0,8
2023-08-31,PYPL,-0.022830891751187587,-1.0068390412848875,-1.0,8
2023-09-01,PYPL,-0.022311781827008124,-0.43358564916632103,-1.0,8
2023-09-05,PYPL,-0.02376366729759498,-0.7714559163777674,-1.0,8
2023-09-06,PYPL,-0.03131056743209485,-0.06280986810713096,-1.0,8
2023-09-07,PYPL,-0.0318737547095698,-0.09585656485523408,-1.0,8
2023-09-08,PYPL,-0.027897885976702393,-0.5759737419171209,-1.0,8
2023-09-11,PYPL,-0.03713809233469977,0.2864148666171359,-1.0,8
2023-09-12,PYPL,-0.03438659982545004,0.5109157109880412,-1.0,8
2023-09-13,PYPL,-0.030062843645854757,1.3421844103940952,-1.0,8
2023-09-14,PYPL,-0.033812694986722985,1.643886742022294,-1.0,8
2023-09-15,PYPL,-0.046107158585546704,2.2702116874726013,-1.0,8
2023-09-18,PYPL,-0.032288345102993776,1.3215320624949596,-1.0,8
2023-09-19,PYPL,-0.02774632966127029,1.4234439578545923,-1.0,8
2023-09-20,PYPL,-0.04216854248822406,1.2328238016048325,-1.0,8
2023-09-21,PYPL,-0.04594409086208915,0.9438694181716709,-1.0,8
2023-09-22,PYPL,-0.03685151499476655,0.37341736003414344,-1.0,8
2023-09-25,PYPL,-0.04021730800184142,0.7304805090285169,-1.0,8
2023-09-26,PYPL,-0.03781166736509159,1.125443850375643,-1.0,8
2023-09-27,PYPL,-0.027525922409811367,0.3841429495271329,-1.0,8
2023-09-28,PYPL,-0.038643918876161164,0.5646797595372377,-1.0,8
2023-09-29,PYPL,-0.044746970286188334,1.0427826565950453,-1.0,8
2023-10-02,PYPL,-0.036277573271566,0.08107877770853289,-1.0,8
2023-10-03,PYPL,-0.030669179191511364,0.007987121615617543,-1.0,8
2023-10-04,PYPL,-0.043740923049302674,1.275021295506495,-1.0,8
2023-10-05,PYPL,-0.037426590860748815,1.1257645510237042,-1.0,8
2023-10-06,PYPL,-0.04408312457456333,1.0808876406822692,-1.0,8
2023-10-09,PYPL,-0.03228450453879395,0.7177806663660239,-1.0,8
2023-10-10,PYPL,-0.022752404249290443,-0.0403825275229408,-1.0,8
2023-10-11,PYPL,-0.025178288045397356,0.3678149980077696,-1.0,8
2023-10-12,PYPL,-0.01938557926593317,-0.06598551871467784,-1.0,8
2023-10-13,PYPL,-0.03740830878511524,0.1127074296505739,-1.0,8
2023-10-16,PYPL,-0.06176975869756501,0.5621556601232478,-1.0,8
2023-10-17,PYPL,-0.058816295790335954,0.30720109117286754,-1.0,8
2023-10-18,PYPL,-0.05396190004224549,0.3252979042541877,-1.0,8
2023-10-19,PYPL,-0.05767344246425566,0.7282968577493556,-1.0,8
2023-10-20,PYPL,-0.04376507263154129,0.39445787141174304,-1.0,8
2023-10-23,PYPL,-0.05181117982953644,0.5169689326493141,-1.0,8
2023-10-24,PYPL,-0.06040039095725077,0.4851535798427362,-1.0,8
2023-10-25,PYPL,-0.008159218867161514,-0.9041453541022246,-1.0,8
2023-10-26,PYPL,-0.021867016805178732,0.09361390859320817,-1.0,8
2023-10-27,PYPL,0.008818361782982771,-1.8397362710395113,-1.0,8
2023-10-30,PYPL,-0.0037970765703843907,-1.1280097031059437,-1.0,8
2023-10-31,PYPL,-0.016320940444182794,-0.4525839248479766,-1.0,8
2023-11-01,PYPL,-0.00408737672580105,-1.3378608240295748,-1.0,8
2023-11-02,PYPL,-0.012597519486864335,-0.32139721922835174,-1.0,8
2023-11-03,PYPL,-0.0005717490755835098,-0.7662145293901984,-1.0,8
2023-11-06,PYPL,-0.006834694066171982,-0.8996703987985856,-1.0,8
2023-11-07,PYPL,-0.021112429500529502,-0.5542025317249424,-1.0,8
2023-11-08,PYPL,-0.019824279240553102,-0.5314984537422551,-1.0,8
2023-11-09,PYPL,-0.0242058049852695,-0.06289352267093462,-1.0,8
2023-11-10,PYPL,-0.024535196602855944,-0.33470170190132764,-1.0,8
2023-11-13,PYPL,-0.0242058049852695,-0.313470603030746,-1.0,8
2023-11-14,PYPL,-0.023833273704141685,-0.18403688510123173,-1.0,8
2023-11-15,PYPL,-0.024698754231855722,0.14762795123223865,-1.0,8
2023-11-16,PYPL,-0.017621440170737742,-0.3619246979573776,-1.0,8
2023-11-17,PYPL,-0.025435992376885205,-0.27579048831759495,-1.0,8
2023-11-20,PYPL,-0.023174898154133323,-0.2572735992090087,-1.0,8
2023-11-21,PYPL,-0.022165824203001193,-0.7896817555132482,-1.0,8
2023-11-22,PYPL,-0.023063861562102536,-0.37873839374574986,-1.0,8
2023-11-24,PYPL,-0.027442556366788804,-0.5103861395998674,-1.0,8
2023-11-27,PYPL,-0.03232639803263384,0.1380370640669335,-1.0,8
2023-11-28,PYPL,-0.03336089294504084,0.8852329008493038,-1.0,8
2023-11-29,PYPL,-0.013948248741087504,-0.2823748544812344,-1.0,8
2023-11-30,PYPL,-0.017402219425396562,0.6580758039702961,-1.0,8
2023-12-01,PYPL,-0.055208942009101585,1.194542837106104,-1.0,8
2023-12-04,PYPL,-0.05246909269166963,1.1847426928955112,-1.0,8
2023-12-05,PYPL,-0.04681084446868739,0.7201809758537472,-1.0,8
2023-12-06,PYPL,-0.03893600349472428,1.3716773904717112,-1.0,8
2023-12-07,PYPL,-0.045935651582823825,0.6525576322270128,-1.0,8
2023-12-08,PYPL,-0.039477535913041845,0.535762108662619,-1.0,8
2023-12-11,PYPL,-0.04676850937554034,1.0254516504384654,-1.0,8
2023-12-12,PYPL,-0.04723363141217926,0.9717548000623627,-1.0,8
2023-12-13,PYPL,-0.0350179827752905,1.0982650514965908,-1.0,8
2023-12-14,PYPL,-0.04608484028839867,1.0859967198061968,-1.0,8
2023-12-15,PYPL,-0.052853838541441794,1.4702344666800542,-1.0,8
2023-12-18,PYPL,-0.04955473183788977,1.608226076705892,-1.0,8
2023-12-19,PYPL,-0.038248938315981466,1.9127286521293214,-1.0,8
2023-12-20,PYPL,-0.04531869703042998,2.2222832471752016,-1.0,8
2023-12-21,PYPL,-0.05433402466402225,1.7688523683531658,-1.0,8
2023-12-22,PYPL,-0.04493395118065782,1.6305245011551244,-1.0,8
2023-12-26,PYPL,-0.05459139964025545,1.5881577302283674,-1.0,8
2023-12-27,PYPL,-0.029004230588768196,0.9280457232059819,-1.0,8
2023-12-28,PYPL,-0.02581360671839999,1.4642610192966488,-1.0,8
2023-12-29,PYPL,-0.0056433478370150674,0.7140015215670976,-1.0,8
2023-07-03,ZM,-0.044345216468993635,0.7656001552439603,-1.0,8
2023-07-05,ZM,-0.030896467905074745,-0.23645832991538407,-1.0,8
2023-07-06,ZM,-0.023342956361881786,-1.086960033489726,-1.0,8
2023-07-07,ZM,-0.03140151800018125,-0.2070429791267011,-1.0,8
2023-07-10,ZM,-0.023943923105628092,0.0913687174036577,-1.0,8
2023-07-11,ZM,-0.01979275381489928,0.12341788402343186,-1.0,8
2023-07-12,ZM,-0.026175811141033244,0.1241206035931974,-1.0,8
2023-07-13,ZM,-0.01725176065441856,-0.1400555092855219,-1.0,8
2023-07-14,ZM,-0.022709296947080005,0.34765968635114375,-1.0,8
2023-07-17,ZM,-0.02121173466800505,0.41849650550402984,-1.0,8
2023-07-18,ZM,-0.024046893017227525,0.2842849164344596,-1.0,8
2023-07-19,ZM,-0.017858496494803457,0.4462994794173433,-1.0,8
2023-07-20,ZM,-0.019322693806961076,0.545612284982804,-1.0,8
2023-07-21,ZM,-0.022210524802571723,1.4362983175602557,-1.0,8
2023-07-24,ZM,-0.022048663527909556,0.724973271096469,-1.0,8
2023-07-25,ZM,-0.025780560053972165,0.20087483017306693,-1.0,8
2023-07-26,ZM,-0.02352019942725446,0.20291166746671394,-1.0,8
2023-07-27,ZM,-0.022817285775555356,0.3134187110386293,-1.0,8
2023-07-28,ZM,-0.017246343682213283,0.007768362715460456,-1.0,8
2023-07-31,ZM,-0.021318931134653354,0.7306986825211497,-1.0,8
2023-08-01,ZM,-0.029961063729685614,1.1582006561445342,-1.0,8
2023-08-02,ZM,-0.026640810927048834,1.408352209665731,-1.0,8
2023-08-03,ZM,-0.0003500593250727967,0.6875831151936093,-1.0,8
2023-08-04,ZM,-0.006180402973362337,0.0450898274476762,-1.0,8
2023-08-07,ZM,-0.0020632759503510767,-0.8932526631176275,-1.0,8
2023-08-08,ZM,0.002262532187058573,-1.6095620691140382,-1.0,8
2023-08-09,ZM,0.005433321027495652,-1.427339581516879,-1.0,8
2023-08-10,ZM,-0.01381050195428317,0.3337279552889141,-1.0,8
2023-08-11,ZM,-0.025122341491724685,0.5099658878480963,-1.0,8
2023-08-14,ZM,-0.0013237800336842595,-0.9600657099818681,-1.0,8
2023-08-15,ZM,0.01998022985696119,-1.5115311549948407,-1.0,8
2023-08-16,ZM,-0.005568280611287687,-0.38274127059281726,-1.0,8
2023-08-17,ZM,-0.031396784047479274,0.8912211392064756,-1.0,8
2023-08-18,ZM,-0.04195176221666218,1.0322597502168314,-1.0,8
2023-08-21,ZM,-0.031241936569270188,0.9175961698303907,-1.0,8
2023-08-22,ZM,-0.03053640015348949,0.7774817536331979,-1.0,8
2023-08-23,ZM,-0.03183582887153091,0.7960038120388593,-1.0,8
2023-08-24,ZM,-0.027807069769217974,0.42204507047793427,-1.0,8
2023-08-25,ZM,-0.0415295355922794,1.107890277619512,-1.0,8
2023-08-28,ZM,-0.038300577799960336,0.936559370458004,-1.0,8
2023-08-29,ZM,-0.034390738539340236,0.6740012794072696,-1.0,8
2023-08-30,ZM,-0.04022298543953527,1.0149254307451387,-1.0,8
2023-08-31,ZM,-0.04975626127710992,1.5572690935436981,-1.0,8
2023-09-01,ZM,-0.048601539419156764,1.9055169785168857,-1.0,8
2023-09-05,ZM,-0.05060018619192629,2.7606586627902185,-1.0,8
2023-09-06,ZM,-0.05661904633870818,3.5298533344155265,-1.0,8
2023-09-07,ZM,-0.04476329941464388,2.631954191930709,-1.0,8
2023-09-08,ZM,-0.038474647903826285,2.003245811837911,-1.0,8
2023-09-11,ZM,-0.036153359973066394,1.6399607390712136,-1.0,8
2023-09-12,ZM,-0.03321877762824518,1.6371798056975857,-1.0,8
2023-09-13,ZM,-0.021869645181752478,0.9175677473949826,-1.0,8
2023-09-14,ZM,-0.026670335293634738,1.589088904473458,-1.0,8
2023-09-15,ZM,-0.04175658923630474,1.9287224023883258,-1.0,8
2023-09-18,ZM,-0.023021820526476427,0.9015750376203285,-1.0,8
2023-09-19,ZM,-0.028938974723169746,1.2403577314237708,-1.0,8
2023-09-20,ZM,-0.0452255104416178,2.306426076904682,-1.0,8
2023-09-21,ZM,-0.048229396247738573,2.1290256743381373,-1.0,8
2023-09-22,ZM,-0.05143461506878522,2.418143557163673,-1.0,8
2023-09-25,ZM,-0.03801845719931437,1.871092673575928,-1.0,8
2023-09-26,ZM,-0.036958602817965515,2.3793130828046394,-1.0,8
2023-09-27,ZM,-0.03600837546817821,2.1785960515574687,-1.0,8
2023-09-28,ZM,-0.044015517461412905,2.348211294999807,-1.0,8
2023-09-29,ZM,-0.054063722585304785,2.6039128195584174,-1.0,8
2023-10-02,ZM,-0.0455189201044003,2.530445185653866,-1.0,8
2023-10-03,ZM,-0.045122862552792506,1.6535787661815662,-1.0,8
2023-10-04,ZM,-0.026002524488268574,-0.9626051243498362,-1.0,8
2023-10-05,ZM,-0.023155185241790652,-1.0883746490094608,-1.0,8
2023-10-06,ZM,-0.03719423397897671,-0.3672971453600995,-1.0,8
2023-10-09,ZM,-0.030039633495470005,0.22433797597431415,-1.0,8
2023-10-10,ZM,-0.02603433594796699,1.0474714385255082,-1.0,8
2023-10-11,ZM,-0.023031970457574137,0.346935144198395,-1.0,8
2023-10-12,ZM,-0.012828362263556443,-0.2028470610249129,-1.0,8
2023-10-13,ZM,-0.02099478001781503,-0.32799382488592754,-1.0,8
2023-10-16,ZM,-0.03189072504807467,-0.7475971083969781,-1.0,8
2023-10-17,ZM,-0.045279816347351676,-0.12429165832206435,-1.0,8
2023-10-18,ZM,-0.034700534592404186,-0.32235722105021647,-1.0,8
2023-10-19,ZM,-0.028606508394417494,-0.7955881032090065,-1.0,8
2023-10-20,ZM,-0.024820219898707273,-0.8354300759305004,-1.0,8
2023-10-23,ZM,-0.024944586171452215,-0.755568228330792,-1.0,8
2023-10-24,ZM,-0.031316855267922154,-0.5865432568796732,-1.0,8
2023-10-25,ZM,0.0051829389667796336,-2.1582454766100616,-1.0,8
2023-10-26,ZM,0.008677643046068165,-2.6287729791075725,-1.0,8
2023-10-27,ZM,0.002890325254957721,-1.7679626069532244,-1.0,8
2023-10-30,ZM,-0.002552218688122362,-1.423459567427737,-1.0,8
2023-10-31,ZM,-0.00761690833376162,-1.2062242519664583,-1.0,8
2023-11-01,ZM,-0.008967083084236155,-0.7361738534248281,-1.0,8
2023-11-02,ZM,-0.02109036922756705,-0.06441425344697349,-1.0,8
2023-11-03,ZM,-0.015419688143956733,-0.2394300096915456,-1.0,8
2023-11-06,ZM,-0.03053253240683548,-0.08665673492209269,-1.0,8
2023-11-07,ZM,-0.0447687344903908,-0.031608348058590474,-1.0,8
2023-11-08,ZM,-0.038012369762012645,0.19220577098809444,-1.0,8
2023-11-09,ZM,-0.03945400247041629,0.29027404122094713,-1.0,8
2023-11-10,ZM,-0.050400940058937325,0.49658076057912337,-1.0,8
2023-11-13,ZM,-0.040889707591570866,0.5279593064551286,-1.0,8
2023-11-14,ZM,-0.04922785126236115,0.48270964416890516,-1.0,8
2023-11-15,ZM,-0.051103478670382695,0.9121819879251029,-1.0,8
2023-11-16,ZM,-0.043604941461381594,0.6584282218305468,-1.0,8
2023-11-17,ZM,-0.051612082042711775,0.5432741003050671,-1.0,8
2023-11-20,ZM,-0.05359599062469632,0.7836807636616487,-1.0,8
2023-11-21,ZM,-0.045108734899111456,0.5919507236807229,-1.0,8
2023-11-22,ZM,-0.04559060486395942,0.09358453796852251,-1.0,8
2023-11-24,ZM,-0.052414393587062055,0.3661118546809703,-1.0,8
2023-11-27,ZM,-0.03550024735717441,0.03410459916367753,-1.0,8
2023-11-28,ZM,-0.046932781326276186,1.050076370225003,-1.0,8
2023-11-29,ZM,-0.031839142154209965,0.5367569337698408,-1.0,8
2023-11-30,ZM,-0.02269952861134945,1.1823764258732243,-1.0,8
2023-12-01,ZM,-0.052045254656722405,2.1817540469176895,-1.0,8
2023-12-04,ZM,-0.033917768817753984,0.9870477565916302,-1.0,8
2023-12-05,ZM,-0.04925578000941241,1.7669903883984297,-1.0,8
2023-12-06,ZM,-0.04813754366352486,2.2997462497465775,-1.0,8
2023-12-07,ZM,-0.05201499733366068,2.395084776411105,-1.0,8
2023-12-08,ZM,-0.06102680771032235,2.797781581731561,-1.0,8
2023-12-11,ZM,-0.039926331682882406,2.1001075912404508,-1.0,8
2023-12-12,ZM,-0.03702149173082053,1.856753915751197,-1.0,8
2023-12-13,ZM,-0.03933709401771921,1.783542438297983,-1.0,8
2023-12-14,ZM,-0.04335667678216948,1.8980105131263665,-1.0,8
2023-12-15,ZM,-0.03877430032497213,1.9458201286922674,-1.0,8
2023-12-18,ZM,-0.03417907164494421,1.7657417551107577,-1.0,8
2023-12-19,ZM,-0.04192020805139074,1.8339540295796175,-1.0,8
2023-12-20,ZM,-0.0328860626255419,1.0595762424609887,-1.0,8
2023-12-21,ZM,-0.04924694792197342,2.087707724344133,-1.0,8
2023-12-22,ZM,-0.05027835032157394,1.9729638538395977,-1.0,8
2023-12-26,ZM,-0.04537429297273089,1.7542058876225575,-1.0,8
2023-12-27,ZM,-0.029419590655096296,1.2840599301804212,-1.0,8
2023-12-28,ZM,-0.0033322763986685395,0.79106294093706,-1.0,8
2023-12-29,ZM,-0.005718689502637272,0.6012745345044493,-1.0,8
2024-01-02,AAPL,-0.014603668680080251,-0.5667370093837585,-2.0,9
2024-01-03,AAPL,-0.0157337990269763,-0.28681248944303017,-2.0,9
2024-01-04,AAPL,-0.011546030235655376,-0.7182940832616438,-2.0,9
2024-01-05,AAPL,-0.015403860840111671,-0.524662940158365,-2.0,9
2024-01-08,AAPL,-0.017330131845711246,-0.3358526936533598,-2.0,9
2024-01-09,AAPL,-0.01464318064618291,-0.6484113287340499,-2.0,9
2024-01-10,AAPL,-0.02105280783786345,-0.23699262909548457,-2.0,9
2024-01-11,AAPL,-0.01864288413827443,-0.5598653415240992,-2.0,9
2024-01-12,AAPL,-0.018173870343715665,-1.325741790808906,-2.0,9
2024-01-16,AAPL,-0.01822065294095184,-0.26206624985269555,-2.0,9
2024-01-17,AAPL,-0.01896017874719579,-0.38106321248327113,-2.0,9
2024-01-18,AAPL,-0.021448908077970306,0.26456277415501894,-2.0,9
2024-01-19,AAPL,-0.025082368504871055,1.1034767888343069,-2.0,9
2024-01-22,AAPL,-0.02618618201168435,1.2386070881848776,-2.0,9
2024-01-23,AAPL,-0.03463237132701942,2.564088250373485,-2.0,9
2024-01-24,AAPL,-0.03282545928230843,2.5341301477017057,-2.0,9
2024-01-25,AAPL,-0.02656201704124497,2.6624693369260792,-2.0,9
2024-01-26,AAPL,-0.02697294877628315,3.933239592629023,-2.0,9
2024-01-29,AAPL,-0.02144995940557368,1.8895718589239527,-2.0,9
2024-01-30,AAPL,-0.0194794758013148,2.0250881337075546,-2.0,9
2024-01-31,AAPL,-0.015739322134632153,1.7428056716420142,-2.0,9
2024-02-01,AAPL,-0.017913629111847757,1.3098953191973846,-2.0,9
2024-02-02,AAPL,-0.017526756924701438,0.9739451593555594,-2.0,9
2024-02-05,AAPL,-0.019684529736315647,1.3776154199974917,-2.0,9
2024-02-06,AAPL,-0.018683592555618134,1.9771130490099065,-2.0,9
2024-02-07,AAPL,-0.017526756924701438,1.1268011203808919,-2.0,9
2024-02-08,AAPL,-0.01952966414088304,1.079532258788809,-2.0,9
2024-02-09,AAPL,-0.022209273683163167,0.815563159351941,-2.0,9
2024-02-12,AAPL,-0.018462811167046084,0.695962389725586,-2.0,9
2024-02-13,AAPL,-0.015630212602362734,0.4143705520107326,-2.0,9
2024-02-14,AAPL,-0.01510619064668145,-0.1394007691598541,-2.0,9
2024-02-15,AAPL,-0.016163148977873198,-0.10595364844573968,-2.0,9
2024-02-16,AAPL,-0.016918461799123433,-0.38116437652643326,-2.0,9
2024-02-20,AAPL,-0.023083182133951975,0.13916319457865955,-2.0,9
2024-02-21,AAPL,-0.022121596501407558,0.1802961598034994,-2.0,9
2024-02-22,AAPL,-0.022477865537949077,-0.0861828421504004,-2.0,9
2024-02-23,AAPL,-0.01851299547785373,-0.3157001941738371,-2.0,9
2024-02-26,AAPL,-0.01693916610820695,-0.5996377568457478,-2.0,9
2024-02-27,AAPL,-0.016984178103104278,-0.6455793685310538,-2.0,9
2024-02-28,AAPL,-0.015915873759226543,-0.5666596765357702,-2.0,9
2024-02-29,AAPL,0.0021347823920889685,-2.219562597003782,-2.0,9
2024-03-01,AAPL,0.00547743117611616,-2.416338539478158,-2.0,9
2024-03-04,AAPL,-0.007729656157478906,-0.8090911079740394,-2.0,9
2024-03-05,AAPL,-0.004264516060643133,-1.0958626247421523,-2.0,9
2024-03-06,AAPL,-0.008981864909122448,-0.6369450502619135,-2.0,9
2024-03-07,AAPL,-0.008981864909122448,-0.7011388715911546,-2.0,9
2024-03-08,AAPL,-0.010092385686723366,-1.2145370146826133,-2.0,9
2024-03-11,AAPL,-0.015187708991278066,-0.4983033219714115,-2.0,9
2024-03-12,AAPL,-0.014186086664335665,-0.4248978441351847,-2.0,9
2024-03-13,AAPL,0.0020873858751614587,-1.9331996207757176,-2.0,9
2024-03-14,AAPL,0.0003064000415408738,-1.4218770045926448,-2.0,9
2024-03-15,AAPL,0.00010416442825784866,-1.3052989133878317,-2.0,9
2024-03-18,AAPL,-0.000245716578384502,-1.6542638916207992,-2.0,9
2024-03-19,AAPL,-0.0001758641990935155,-1.6714900562534774,-2.0,9
2024-03-20,AAPL,-0.0035790592566112183,-2.1403643729389303,-2.0,9
2024-03-21,AAPL,-0.006810970837865989,-2.3904582781097674,-2.0,9
2024-03-22,AAPL,-0.004919091271315849,-2.387145705850791,-2.0,9
2024-03-25,AAPL,-0.0016777104564484752,-2.6279950374559182,-2.0,9
2024-03-26,AAPL,-0.0019097320368132238,-2.507492900307572,-2.0,9
2024-03-27,AAPL,-0.0011285915056855084,-2.355559382194217,-2.0,9
2024-03-28,AAPL,-0.002269494681184885,-2.2240089886749996,-2.0,9
2024-04-01,AAPL,-0.0023691203886550155,-1.955491284110524,-2.0,9
2024-04-02,AAPL,-0.0021730502755602592,-1.0815128413104218,-2.0,9
2024-04-03,AAPL,0.001996227935535164,-1.4822581627562375,-2.0,9
2024-04-04,AAPL,-0.0024922609162850956,-0.9275449415836684,-2.0,9
2024-04-05,AAPL,-0.003150462463477078,-0.4353763106910609,-2.0,9
2024-04-08,AAPL,-0.002575532849756678,-0.6875267519313597,-2.0,9
2024-04-09,AAPL,-0.0010481537078832822,-0.38318317640168886,-2.0,9
2024-04-10,AAPL,0.0030771729641957874,-0.1318247464420701,-2.0,9
2024-04-11,AAPL,-0.008470321868100325,0.5342125571424013,-2.0,9
2024-04-12,AAPL,-0.005429906964826671,0.8971073472386197,-2.0,9
2024-04-15,AAPL,-0.004810016263315559,0.4292688903766505,-2.0,9
2024-04-16,AAPL,-0.0037404726652832806,0.28203703055474,-2.0,9
2024-04-17,AAPL,-0.003465752975155589,0.5326533777679522,-2.0,9
2024-04-18,AAPL,-0.0024609349931446565,0.5015259641451719,-2.0,9
2024-04-19,AAPL,-0.0038581273263019115,1.2059217455408446,-2.0,9
2024-04-22,AAPL,-0.002524118544048003,1.0526208090999551,-2.0,9
2024-04-23,AAPL,-0.0031684043667487088,0.979085559026143,-2.0,9
2024-04-24,AAPL,-0.0012946862232538958,1.1495053888415976,-2.0,9
2024-04-25,AAPL,-0.004263424698360851,1.1864450900324575,-2.0,9
2024-04-26,AAPL,-0.0006409219363786846,0.15752315608464096,-2.0,9
2024-04-29,AAPL,-0.01127801050946744,0.7744380653205378,-2.0,9
2024-04-30,AAPL,-0.007402882089362354,0.5732006469295657,-2.0,9
2024-05-01,AAPL,-0.006456984339881357,0.6288004628911452,-2.0,9
2024-05-02,AAPL,-0.005531996422506833,0.22968257856618307,-2.0,9
2024-05-03,AAPL,-0.024624997279129084,1.7784165940902932,-2.0,9
2024-05-06,AAPL,-0.010369112554404881,1.037830110109349,-2.0,9
2024-05-07,AAPL,-0.007159311636907701,1.0549279174754724,-2.0,9
2024-05-08,AAPL,-0.013162072680024511,1.373174313855645,-2.0,9
2024-05-09,AAPL,-0.009312882242638973,0.8098836025234475,-2.0,9
2024-05-10,AAPL,-0.009108556009308311,-0.007898986668220365,-2.0,9
2024-05-13,AAPL,-0.009509825115848511,0.035479544018759634,-2.0,9
2024-05-14,AAPL,-0.04858627274869373,2.4167000852605156,-2.0,9
2024-05-15,AAPL,-0.04632495001343234,2.1262564808857474,-2.0,9
2024-05-16,AAPL,-0.039862206042257944,1.9497325273891892,-2.0,9
2024-05-17,AAPL,-0.02458901928010188,1.8658502687307157,-2.0,9
2024-05-20,AAPL,-0.010428437236828228,0.28127524674645243,-2.0,9
2024-05-21,AAPL,-0.011062329943722608,1.1277307323576755,-2.0,9
2024-05-22,AAPL,-0.015387539139550368,1.5215977476043205,-2.0,9
2024-05-23,AAPL,-0.030151082848440067,1.278676529996174,-2.0,9
2024-05-24,AAPL,-0.029081699568741886,2.2645384725648303,-2.0,9
2024-05-28,AAPL,-0.04471848950126549,3.416899429654159,-2.0,9
2024-05-29,AAPL,-0.039396581978991145,2.7039346967494544,-2.0,9
2024-05-30,AAPL,-0.04572011182820789,4.248146951840877,-2.0,9
2024-05-31,AAPL,-0.03984035175108078,3.456842808051159,-2.0,9
2024-06-03,AAPL,-0.026637010613595028,1.210953195064886,-2.0,9
2024-06-04,AAPL,-0.025279119250111098,1.1196360390134918,-2.0,9
2024-06-05,AAPL,-0.02664596569564989,0.9168625905915345,-2.0,9
2024-06-06,AAPL,-0.02467554308525073,0.45247363236725807,-2.0,9
2024-06-07,AAPL,-0.0252101430855411,0.46524319210575293,-2.0,9
2024-06-10,AAPL,-0.02533645766424155,-0.004352343865011002,-2.0,9
2024-06-11,AAPL,-0.04175465377760593,2.629593127799933,-2.0,9
2024-06-12,AAPL,-0.05202848604856426,3.4219955850601558,-2.0,9
2024-06-13,AAPL,-0.029731461928640724,1.3054603868264556,-2.0,9
2024-06-14,AAPL,-0.045054281375214465,2.648157050694881,-2.0,9
2024-06-17,AAPL,-0.04128990133166916,2.44347329329094,-2.0,9
2024-06-18,AAPL,-0.03763565786181251,2.0094835204713286,-2.0,9
2024-06-20,AAPL,-0.022502551994203614,0.9941067893478456,-2.0,9
2024-06-21,AAPL,-0.022165776214622342,1.0741029934721378,-2.0,9
2024-06-24,AAPL,-0.019467197884341172,1.866742487928518,-2.0,9
2024-06-25,AAPL,-0.02046306537859244,1.390811815257803,-2.0,9
2024-06-26,AAPL,-0.01965573886136258,1.9640364110327968,-2.0,9
2024-06-27,AAPL,-0.027965476248703477,3.0851994371435483,-2.0,9
2024-06-28,AAPL,-0.03037110279753931,2.282502675252633,-2.0,9
2024-01-02,AMZN,0.011242459381321677,-0.4996466374396467,-2.0,9
2024-01-03,AMZN,0.00909618802230168,-0.3826061158833827,-2.0,9
2024-01-04,AMZN,0.01180130147824625,-1.0724396163315848,-2.0,9
2024-01-05,AMZN,0.009869654293376768,-0.6716607009803531,-2.0,9
2024-01-08,AMZN,0.00855430297620184,-0.6378361011495591,-2.0,9
2024-01-09,AMZN,0.009675144798186958,-0.559877277160901,-2.0,9
2024-01-10,AMZN,0.007692098252121152,-0.3270474590439094,-2.0,9
2024-01-11,AMZN,0.0015007085762668312,0.019477188409811053,-2.0,9
2024-01-12,AMZN,0.002617715746856284,-1.4602112446755615,-2.0,9
2024-01-16,AMZN,0.008446436059214451,-1.8359884204775474,-2.0,9
2024-01-17,AMZN,0.010355686261332028,-2.111765054648306,-2.0,9
2024-01-18,AMZN,0.01200349358373937,-2.5733428976355452,-2.0,9
2024-01-19,AMZN,0.011580844100504873,-2.9872588006478074,-2.0,9
2024-01-22,AMZN,0.01065579129295033,-2.629436840343025,-2.0,9
2024-01-23,AMZN,0.010179905454100304,-2.766639857813613,-2.0,9
2024-01-24,AMZN,0.01148758004208289,-3.0893789498839563,-2.0,9
2024-01-25,AMZN,0.010760628756111033,-2.6197105199632054,-2.0,9
2024-01-26,AMZN,0.010760628756111033,-0.8721258996603684,-2.0,9
2024-01-29,AMZN,0.016176056934440918,-1.5170327263166488,-2.0,9
2024-01-30,AMZN,0.016096351489376815,-1.5849345998792002,-2.0,9
2024-01-31,AMZN,0.01198921277919072,-1.0954956235598958,-2.0,9
2024-02-01,AMZN,0.010598051498827372,-1.068412230085421,-2.0,9
2024-02-02,AMZN,-0.019242889601094982,2.2876394480755327,-2.0,9
2024-02-05,AMZN,-0.012228645145883982,1.5183749466808687,-2.0,9
2024-02-06,AMZN,-0.001853458261050108,0.825569047869091,-2.0,9
2024-02-07,AMZN,-0.009486009575004962,1.1603015117393956,-2.0,9
2024-02-08,AMZN,-0.00754490205228959,0.7297026902159612,-2.0,9
2024-02-09,AMZN,-0.03102030131865952,2.5849771271427517,-2.0,9
2024-02-12,AMZN,-0.026306696605771195,2.421871844808538,-2.0,9
2024-02-13,AMZN,-0.04106769325130023,3.6185287326197035,-2.0,9
2024-02-14,AMZN,-0.03603042992669374,2.6928894016567373,-2.0,9
2024-02-15,AMZN,-0.04431110431932847,3.7834965058998398,-2.0,9
2024-02-16,AMZN,-0.05399780217458316,3.760995576324949,-2.0,9
2024-02-20,AMZN,-0.0471635708917033,3.7796913852303526,-2.0,9
2024-02-21,AMZN,-0.047556972401192804,4.386866962112703,-2.0,9
2024-02-22,AMZN,-0.05951410843380814,3.974404339888894,-2.0,9
2024-02-23,AMZN,-0.051662272244913626,3.8610016266501033,-2.0,9
2024-02-26,AMZN,-0.05591497811205433,3.8883162219508716,-2.0,9
2024-02-27,AMZN,-0.045542981607069426,3.075350342614647,-2.0,9
2024-02-28,AMZN,-0.05066533149743745,3.589477953170479,-2.0,9
2024-02-29,AMZN,-0.0474204970257855,4.063713432687173,-2.0,9
2024-03-01,AMZN,-0.0434139249366871,3.3836980668458727,-2.0,9
2024-03-04,AMZN,-0.0014441969137489784,-0.5659748529257227,-2.0,9
2024-03-05,AMZN,-0.0019159780425258579,-0.15463602840828297,-2.0,9
2024-03-06,AMZN,-0.0013923685385658874,-0.41129288083278714,-2.0,9
2024-03-07,AMZN,-0.001502322984582582,-0.41932005741203604,-2.0,9
2024-03-08,AMZN,-0.001487224739453182,-0.6902580842171128,-2.0,9
2024-03-11,AMZN,0.0008054620985464411,-1.1348549331943572,-2.0,9
2024-03-12,AMZN,-0.001502322984582582,-0.503014948553,-2.0,9
2024-03-13,AMZN,-0.001713041073441613,-0.32866324982194745,-2.0,9
2024-03-14,AMZN,-0.002055652812458062,0.2700155649055651,-2.0,9
2024-03-15,AMZN,-0.003203965860953755,0.14334130202189954,-2.0,9
2024-03-18,AMZN,-0.002980901318606721,-0.394885547670294,-2.0,9
2024-03-19,AMZN,-0.003603893306636208,-0.6118923566473239,-2.0,9
2024-03-20,AMZN,-0.0060903865236774995,-1.2835520974824863,-2.0,9
2024-03-21,AMZN,-0.003752257734215577,-1.405283685117719,-2.0,9
2024-03-22,AMZN,-0.003243624949213845,-1.4927713206618713,-2.0,9
2024-03-25,AMZN,-0.00279659686135202,-1.429979486472622,-2.0,9
2024-03-26,AMZN,-0.0022818310825986968,-1.1712926568972453,-2.0,9
2024-03-27,AMZN,-0.0028213937518912612,-0.9487636375467765,-2.0,9
2024-03-28,AMZN,-0.005208442043787066,-0.8757702218803909,-2.0,9
2024-04-01,AMZN,0.0027370448239251756,-1.6230897977659173,-2.0,9
2024-04-02,AMZN,0.0003232090484265156,-0.6982974441028766,-2.0,9
2024-04-03,AMZN,0.0020093611733185547,-0.8039903214815793,-2.0,9
2024-04-04,AMZN,-0.00799678778684642,0.20038115849170893,-2.0,9
2024-04-05,AMZN,-0.008742794092601805,0.6964581871368927,-2.0,9
2024-04-08,AMZN,-0.008595333756061394,0.7435731918968662,-2.0,9
2024-04-09,AMZN,-0.008526836578170372,1.331507196484747,-2.0,9
2024-04-10,AMZN,-0.0035326582709952,1.3522416738757999,-2.0,9
2024-04-11,AMZN,-0.028733821666857298,2.8663519196800573,-2.0,9
2024-04-12,AMZN,-0.023068440727854515,2.5893221192542626,-2.0,9
2024-04-15,AMZN,-0.02344982213270304,2.8990436744615726,-2.0,9
2024-04-16,AMZN,-0.023018054060894938,3.188708896446209,-2.0,9
2024-04-17,AMZN,-0.022287038879439915,2.815715353240302,-2.0,9
2024-04-18,AMZN,-0.02080659289719546,2.8598774424132354,-2.0,9
2024-04-19,AMZN,-0.01960459199780429,2.4446388183033108,-2.0,9
2024-04-22,AMZN,-0.017190625038046314,2.369594205627129,-2.0,9
2024-04-23,AMZN,-0.017971570347508174,2.238770355754448,-2.0,9
2024-04-24,AMZN,-0.016189002711103913,2.0361990151836764,-2.0,9
2024-04-25,AMZN,-0.018982532265374087,1.8608048645306314,-2.0,9
2024-04-26,AMZN,-0.02212386184019782,1.3364852780329473,-2.0,9
2024-04-29,AMZN,-0.025169165992357124,1.2797899971698343,-2.0,9
2024-04-30,AMZN,-0.027394960748826563,1.2296029890886668,-2.0,9
2024-05-01,AMZN,-0.025087798590759033,1.2475201036051078,-2.0,9
2024-05-02,AMZN,-0.030091967003314058,1.3478925667196564,-2.0,9
2024-05-03,AMZN,-0.023562657731049597,0.8698546576688292,-2.0,9
2024-05-06,AMZN,-0.023948964907343245,0.9086625577045129,-2.0,9
2024-05-07,AMZN,-0.026149285535906994,1.0789801985833503,-2.0,9
2024-05-08,AMZN,-0.023453863472750847,0.8891341298825585,-2.0,9
2024-05-09,AMZN,-0.0221786811773841,0.7361312795126115,-2.0,9
2024-05-10,AMZN,-0.024629846931753914,0.4055741361353734,-2.0,9
2024-05-13,AMZN,-0.026414673844011888,0.2694773406451791,-2.0,9
2024-05-14,AMZN,-0.024978851233903098,-0.1245184627012269,-2.0,9
2024-05-15,AMZN,-0.027711686316492665,-0.26960075243810655,-2.0,9
2024-05-16,AMZN,-0.027903859319038538,-0.40915923812131916,-2.0,9
2024-05-17,AMZN,-0.022928224005022237,0.48425640228206646,-2.0,9
2024-05-20,AMZN,-0.02054515044951031,0.3049060379673937,-2.0,9
2024-05-21,AMZN,-0.01924989026118628,0.6124613076738844,-2.0,9
2024-05-22,AMZN,-0.019122501049669467,0.9047879333760727,-2.0,9
2024-05-23,AMZN,-0.018459843158854426,-0.3870239892440154,-2.0,9
2024-05-24,AMZN,-0.009409291525965108,-1.4548532858994068,-2.0,9
2024-05-28,AMZN,-0.01959022702960588,0.1000741266272821,-2.0,9
2024-05-29,AMZN,-0.015356716862458247,-0.19201678743037112,-2.0,9
2024-05-30,AMZN,-0.013822815960965863,-0.6425905527018357,-2.0,9
2024-05-31,AMZN,0.0072054041301302186,-3.0744919629019973,-2.0,9
2024-06-03,AMZN,-0.018492523531365775,-0.728826605034508,-2.0,9
2024-06-04,AMZN,-0.002704070444804131,-2.863900609183261,-2.0,9
2024-06-05,AMZN,-0.020388880943017277,-0.850153404895941,-2.0,9
2024-06-06,AMZN,-0.020792872177101896,-0.8210984126678768,-2.0,9
2024-06-07,AMZN,-0.020068819548743257,-0.97621750406341,-2.0,9
2024-06-10,AMZN,-0.02768294708535781,-0.27516484974221717,-2.0,9
2024-06-11,AMZN,-0.021355059611161242,-0.6348620974694555,-2.0,9
2024-06-12,AMZN,-0.02162380707159491,-0.6820064739585123,-2.0,9
2024-06-13,AMZN,-0.020661674362767373,-0.5478618573588431,-2.0,9
2024-06-14,AMZN,-0.01506125858585032,-0.7486217221721956,-2.0,9
2024-06-17,AMZN,-0.019943437642850864,-0.25313638936109656,-2.0,9
2024-06-18,AMZN,-0.019943437642850864,-0.2021242764876663,-2.0,9
2024-06-20,AMZN,-0.023101262771340166,0.5262331782525771,-2.0,9
2024-06-21,AMZN,-0.023691256668273337,0.8408374771134988,-2.0,9
2024-06-24,AMZN,-0.022590968053191073,0.9180681766553724,-2.0,9
2024-06-25,AMZN,-0.02393056809121763,0.9306396271499695,-2.0,9
2024-06-26,AMZN,-0.030711099735610543,2.397626329167794,-2.0,9
2024-06-27,AMZN,-0.028352498329328773,2.496718940547528,-2.0,9
2024-06-28,AMZN,-0.029194883529366458,1.7753545843945209,-2.0,9
2024-01-02,GOOGL,0.00426849211108995,0.5995079587354997,-2.0,9
2024-01-03,GOOGL,-0.0005011887824195322,1.1627865222073865,-2.0,9
2024-01-04,GOOGL,0.0025442488929976804,0.535696567945466,-2.0,9
2024-01-05,GOOGL,0.000500391664183272,0.3948269525415549,-2.0,9
2024-01-08,GOOGL,0.0014228657349533134,-0.3255297502172475,-2.0,9
2024-01-09,GOOGL,0.001357408295285143,0.10023118229577521,-2.0,9
2024-01-10,GOOGL,0.0018441018761461542,0.181163811706887,-2.0,9
2024-01-11,GOOGL,0.0020017537996474396,0.31397022075409375,-2.0,9
2024-01-12,GOOGL,-0.002953078354614074,-0.34129438351819796,-2.0,9
2024-01-16,GOOGL,0.003084830651335209,-0.7027510099184203,-2.0,9
2024-01-17,GOOGL,0.0034589340897263473,-0.5899123668497654,-2.0,9
2024-01-18,GOOGL,0.0046264073563007085,-0.7850525148478583,-2.0,9
2024-01-19,GOOGL,0.002546697345330415,-1.0019977064838523,-2.0,9
2024-01-22,GOOGL,0.002561795590459816,-1.205601022278482,-2.0,9
2024-01-23,GOOGL,0.004191384985931286,-1.5790739130380935,-2.0,9
2024-01-24,GOOGL,0.00036669581579583914,-1.2972182045322578,-2.0,9
2024-01-25,GOOGL,0.009636346221162146,-1.9954284522683567,-2.0,9
2024-01-26,GOOGL,0.014300829963352815,-0.9296107026840251,-2.0,9
2024-01-29,GOOGL,0.02122365562735441,-1.6608639093936568,-2.0,9
2024-01-30,GOOGL,0.008309228992920182,-0.34572369361471,-2.0,9
2024-01-31,GOOGL,0.004624268019174653,-0.43132540977120926,-2.0,9
2024-02-01,GOOGL,-0.0015577824409203174,-0.31590140550819235,-2.0,9
2024-02-02,GOOGL,-0.007647210500215856,0.1634244424863644,-2.0,9
2024-02-05,GOOGL,-0.008260414248810263,0.39647246631538496,-2.0,9
2024-02-06,GOOGL,0.003102566647285973,-0.5464448139979238,-2.0,9
2024-02-07,GOOGL,0.0030285607153360777,-0.7914924166255265,-2.0,9
2024-02-08,GOOGL,0.002736214796075298,-0.9067291028498755,-2.0,9
2024-02-09,GOOGL,-0.010706885166236815,-0.1195904253932436,-2.0,9
2024-02-12,GOOGL,-0.006066113081051813,-0.4345144746059752,-2.0,9
2024-02-13,GOOGL,0.00038679927657657496,-0.9887778721067098,-2.0,9
2024-02-14,GOOGL,0.0017513260783360777,-1.415726595624328,-2.0,9
2024-02-15,GOOGL,-0.001987959835158238,-1.2568868972331986,-2.0,9
2024-02-16,GOOGL,-0.0023981020995365284,-1.4255643276333338,-2.0,9
2024-02-20,GOOGL,-0.007611855560047153,-0.8477111110539967,-2.0,9
2024-02-21,GOOGL,-0.005676736179804177,-1.0686301480205622,-2.0,9
2024-02-22,GOOGL,-0.005676736179804177,-1.1771220913718237,-2.0,9
2024-02-23,GOOGL,-0.010315837451124592,-0.9485723877462937,-2.0,9
2024-02-26,GOOGL,-0.008469598162987896,-1.6164302783787434,-2.0,9
2024-02-27,GOOGL,-0.010508016871473456,-1.6922633022722797,-2.0,9
2024-02-28,GOOGL,-0.007361124687797873,-1.9494387290408992,-2.0,9
2024-02-29,GOOGL,0.0035452332003728464,-2.2887882533309485,-2.0,9
2024-03-01,GOOGL,0.007108366787195698,-2.483339689088446,-2.0,9
2024-03-04,GOOGL,0.009314633022755075,-2.425335667396273,-2.0,9
2024-03-05,GOOGL,0.006144348573727529,-1.9427610565464408,-2.0,9
2024-03-06,GOOGL,0.009668955930033122,-2.5760910575393297,-2.0,9
2024-03-07,GOOGL,0.004282670372004866,-1.9402751141101335,-2.0,9
2024-03-08,GOOGL,0.003032032656586224,-2.096482290294558,-2.0,9
2024-03-11,GOOGL,0.003604623836804429,-2.141938086279305,-2.0,9
2024-03-12,GOOGL,0.0041315512874999525,-1.7139994451213845,-2.0,9
2024-03-13,GOOGL,0.0006551721264145472,-1.4101949885916216,-2.0,9
2024-03-14,GOOGL,0.001888437714662692,-1.0131150118215961,-2.0,9
2024-03-15,GOOGL,0.006149570703728165,-1.1825958695751875,-2.0,9
2024-03-18,GOOGL,-0.012067131181219496,0.7502905879802417,-2.0,9
2024-03-19,GOOGL,-0.00956454090973995,-0.3430374487169518,-2.0,9
2024-03-20,GOOGL,-0.012258375082571698,-0.9801138117116789,-2.0,9
2024-03-21,GOOGL,-0.010138954521390983,-0.7897119002120746,-2.0,9
2024-03-22,GOOGL,-0.017807922306072702,0.41082151122556715,-2.0,9
2024-03-25,GOOGL,-0.008223767411418201,-0.15693813141397983,-2.0,9
2024-03-26,GOOGL,0.00836225174980033,-1.4171931148473487,-2.0,9
2024-03-27,GOOGL,-0.0033878695153841316,0.10604727929918556,-2.0,9
2024-03-28,GOOGL,-0.000892344581221014,-0.39936174087500687,-2.0,9
2024-04-01,GOOGL,-0.01958619781486711,2.96253145156248,-2.0,9
2024-04-02,GOOGL,0.0003093431120089613,1.2419917340171607,-2.0,9
2024-04-03,GOOGL,0.0001639417667237917,1.0284761443705874,-2.0,9
2024-04-04,GOOGL,-0.01673767602631399,2.5743220727129796,-2.0,9
2024-04-05,GOOGL,-0.0064211641485895305,1.3884811508347947,-2.0,9
2024-04-08,GOOGL,-0.010636624257847789,1.950705141917289,-2.0,9
2024-04-09,GOOGL,0.0008752600607504495,1.0721682086184354,-2.0,9
2024-04-10,GOOGL,0.0013137762241969802,1.6168190025225053,-2.0,9
2024-04-11,GOOGL,-0.008052372745719223,1.8819849705112905,-2.0,9
2024-04-12,GOOGL,0.00531309272356987,1.039947744187354,-2.0,9
2024-04-15,GOOGL,-0.005365053472841301,1.7799532034195416,-2.0,9
2024-04-16,GOOGL,0.007871689291538315,0.27300128277988234,-2.0,9
2024-04-17,GOOGL,0.008192138088402013,1.3551089389217865,-2.0,9
2024-04-18,GOOGL,0.009887361926949893,1.5131062486209474,-2.0,9
2024-04-19,GOOGL,0.008142333952381448,1.5546604131907569,-2.0,9
2024-04-22,GOOGL,0.012386315452489199,1.130706227743704,-2.0,9
2024-04-23,GOOGL,0.010851168688762762,1.1899913294918614,-2.0,9
2024-04-24,GOOGL,0.0114482288757685,1.1678855327896112,-2.0,9
2024-04-25,GOOGL,0.005664627821681876,1.4186957392964772,-2.0,9
2024-04-26,GOOGL,-0.00250477258572413,1.656579854252137,-2.0,9
2024-04-29,GOOGL,0.0003467513841973668,0.6454792571504308,-2.0,9
2024-04-30,GOOGL,-0.00864964584478652,1.0518007135324527,-2.0,9
2024-05-01,GOOGL,-0.005469649123391276,1.2769957821983873,-2.0,9
2024-05-02,GOOGL,-0.014932329645696556,1.5186613727551108,-2.0,9
2024-05-03,GOOGL,-0.012042717755693414,1.3981745611603664,-2.0,9
2024-05-06,GOOGL,-0.027280992611394064,1.863670594180288,-2.0,9
2024-05-07,GOOGL,-0.037249605457123344,2.3663317683556384,-2.0,9
2024-05-08,GOOGL,-0.040860669124968337,2.438526030340483,-2.0,9
2024-05-09,GOOGL,-0.04435563650036822,2.4539082625405433,-2.0,9
2024-05-10,GOOGL,-0.05043824307201491,2.6394457854852873,-2.0,9
2024-05-13,GOOGL,-0.05554066950842678,3.020239500127878,-2.0,9
2024-05-14,GOOGL,-0.050267793004336765,2.4588854088446492,-2.0,9
2024-05-15,GOOGL,-0.049301712934017417,2.0614662623465723,-2.0,9
2024-05-16,GOOGL,-0.041588987996253844,1.7758729966614086,-2.0,9
2024-05-17,GOOGL,-0.03327105618982749,2.8505168587874516,-2.0,9
2024-05-20,GOOGL,-0.030096583937074584,3.0376370965572055,-2.0,9
2024-05-21,GOOGL,-0.025828854002914108,2.943880357282759,-2.0,9
2024-05-22,GOOGL,-0.03188821653953494,3.195089511111954,-2.0,9
2024-05-23,GOOGL,-0.040289248889843345,2.3691934816381632,-2.0,9
2024-05-24,GOOGL,0.0004868951326609004,-2.5570444631772995,-2.0,9
2024-05-28,GOOGL,-0.0021489292826750595,-1.109703997733802,-2.0,9
2024-05-29,GOOGL,-0.001106634121608961,-1.1729040927524346,-2.0,9
2024-05-30,GOOGL,-0.001686139713709834,-1.649048272004577,-2.0,9
2024-05-31,GOOGL,-0.004143719784362009,-1.0860781935701338,-2.0,9
2024-06-03,GOOGL,-0.0038166637825516915,-1.674290070981534,-2.0,9
2024-06-04,GOOGL,-0.004864894507627925,-1.7297753144904084,-2.0,9
2024-06-05,GOOGL,-0.0036614504785773905,-2.459754668584,-2.0,9
2024-06-06,GOOGL,-0.00263701312448104,-2.5582016106537027,-2.0,9
2024-06-07,GOOGL,-0.0027109267725534954,-2.566504881585803,-2.0,9
2024-06-10,GOOGL,-0.002788599660960494,-2.528021406902413,-2.0,9
2024-06-11,GOOGL,-0.002788599660960494,-2.3311410689480145,-2.0,9
2024-06-12,GOOGL,-0.0019428775828059096,-2.3021912142187047,-2.0,9
2024-06-13,GOOGL,-0.0027034220779186056,-2.005265044638761,-2.0,9
2024-06-14,GOOGL,0.0015576300842368815,-2.083923526743601,-2.0,9
2024-06-17,GOOGL,-0.0013810306140474035,-1.7404844375459618,-2.0,9
2024-06-18,GOOGL,-0.0005926155946201626,-1.8228935346415214,-2.0,9
2024-06-20,GOOGL,2.0220291153123176e-05,-2.275663161419611,-2.0,9
2024-06-21,GOOGL,-0.003124929058754715,-2.067346550772664,-2.0,9
2024-06-24,GOOGL,-0.0023719418010318943,-1.3987252968500543,-2.0,9
2024-06-25,GOOGL,-0.005399570194880681,-0.9693861465207151,-2.0,9
2024-06-26,GOOGL,-0.005485590721114573,-0.7509919955017571,-2.0,9
2024-06-27,GOOGL,-0.006721096139082092,-1.0176088588586052,-2.0,9
2024-06-28,GOOGL,-0.005983711513794868,-1.2144807481347606,-2.0,9
2024-01-02,INTC,-0.0011808455664708175,2.079429668738786,-2.0,9
2024-01-03,INTC,-0.008298085195868644,2.3328486788547105,-2.0,9
2024-01-04,INTC,-0.009700943644882042,2.6930082610722623,-2.0,9
2024-01-05,INTC,-0.010859650754393543,2.4202985321411905,-2.0,9
2024-01-08,INTC,-0.010820075552963061,2.263028563496439,-2.0,9
2024-01-09,INTC,-0.009453002764991334,1.8570252104863159,-2.0,9
2024-01-10,INTC,0.0017418577407650741,0.1609158549514198,-2.0,9
2024-01-11,INTC,0.0037331713510599072,0.3812463292866978,-2.0,9
2024-01-12,INTC,0.011331253130873443,-1.912838808404887,-2.0,9
2024-01-16,INTC,0.010912661345820402,-2.080330493989741,-2.0,9
2024-01-17,INTC,0.014243865876238295,-2.713653331003205,-2.0,9
2024-01-18,INTC,0.009008438501341117,-1.8091688893655855,-2.0,9
2024-01-19,INTC,0.005685265497494849,-1.9422696954772494,-2.0,9
2024-01-22,INTC,0.008052525339208468,-1.847456081361309,-2.0,9
2024-01-23,INTC,0.006937628796948252,-2.035280561762402,-2.0,9
2024-01-24,INTC,-0.0035577029890764256,-1.1074999346938672,-2.0,9
2024-01-25,INTC,-0.010265344735732393,0.004186654356076569,-2.0,9
2024-01-26,INTC,0.020980745216971356,-3.9179588756257235,-2.0,9
2024-01-29,INTC,0.015173672850129574,-3.027590242304872,-2.0,9
2024-01-30,INTC,0.016834588661219098,-3.299506274149307,-2.0,9
2024-01-31,INTC,0.017002530789371983,-2.8686855472572863,-2.0,9
2024-02-01,INTC,0.017240915472434754,-2.9834202798054514,-2.0,9
2024-02-02,INTC,0.013842141465444883,-2.8605258059701857,-2.0,9
2024-02-05,INTC,0.014678328389691776,-2.803695667522823,-2.0,9
2024-02-06,INTC,0.015158982481286994,-3.235313799868213,-2.0,9
2024-02-07,INTC,0.017205857542134176,-3.262828604870742,-2.0,9
2024-02-08,INTC,0.01273655731307188,-2.92168370963138,-2.0,9
2024-02-09,INTC,0.01807454930375023,-4.198038815176281,-2.0,9
2024-02-12,INTC,0.016221202623394847,-3.649580063750727,-2.0,9
2024-02-13,INTC,0.0166276873523972,-3.3976797156642036,-2.0,9
2024-02-14,INTC,0.014228646120982113,-3.0978378127737125,-2.0,9
2024-02-15,INTC,0.01394275723675818,-3.230518603417223,-2.0,9
2024-02-16,INTC,0.010271028032621695,-2.901565533479541,-2.0,9
2024-02-20,INTC,8.333034907883922e-05,-1.9585709617980285,-2.0,9
2024-02-21,INTC,-0.00046250868128975355,-2.4814930938576074,-2.0,9
2024-02-22,INTC,-0.01017324796606518,-1.5677883564166009,-2.0,9
2024-02-23,INTC,-0.0024114235242150214,-2.256676554696873,-2.0,9
2024-02-26,INTC,-0.012027569147725499,-0.62510246512223,-2.0,9
2024-02-27,INTC,-0.013042378777817231,-0.7716719181081468,-2.0,9
2024-02-28,INTC,-0.011571440945513562,-0.7750160999677751,-2.0,9
2024-02-29,INTC,-0.015063177831649349,-0.36697247311935416,-2.0,9
2024-03-01,INTC,-0.012548660344782282,-0.3384322166498753,-2.0,9
2024-03-04,INTC,-0.01700053795706476,1.217071213072581,-2.0,9
2024-03-05,INTC,-0.00025717024811373266,-0.4200094900255219,-2.0,9
2024-03-06,INTC,-0.00400065429976273,0.007468620730011727,-2.0,9
2024-03-07,INTC,-0.0002625775726900203,-0.2324100566333024,-2.0,9
2024-03-08,INTC,0.0010711033040088865,-0.8730885900401165,-2.0,9
2024-03-11,INTC,0.0027113698143366133,-0.7084515290240707,-2.0,9
2024-03-12,INTC,0.004192513077080561,-0.8479319069028839,-2.0,9
2024-03-13,INTC,0.003133484588775567,-1.2061564199170502,-2.0,9
2024-03-14,INTC,0.0014145789512078392,-1.14682371654721,-2.0,9
2024-03-15,INTC,0.0007182442969928571,-0.977813647346029,-2.0,9
2024-03-18,INTC,0.0014397251986996245,-1.438383915508299,-2.0,9
2024-03-19,INTC,-0.002540400200179045,-1.7774798565256065,-2.0,9
2024-03-20,INTC,-0.008708304410238238,-1.8715171841420815,-2.0,9
2024-03-21,INTC,-0.0034089338180422887,-1.8970781891934043,-2.0,9
2024-03-22,INTC,-0.005923006975387681,-1.6441377584847663,-2.0,9
2024-03-25,INTC,-0.008559230684580206,-1.647502025229218,-2.0,9
2024-03-26,INTC,-0.00949217845698096,-1.0818467059956762,-2.0,9
2024-03-27,INTC,-0.010529577348737081,-0.03617039114944706,-2.0,9
2024-03-28,INTC,-0.01015648283879545,-0.22435443439050246,-2.0,9
2024-04-01,INTC,-0.0026735966141624296,-0.9161821110691858,-2.0,9
2024-04-02,INTC,-0.005865345994050456,-0.5812340390036965,-2.0,9
2024-04-03,INTC,-0.007993931472792714,-1.1833491127644749,-2.0,9
2024-04-04,INTC,-0.009231135973805258,-1.4939765473851343,-2.0,9
2024-04-05,INTC,0.006680211148265172,-3.3956589260692978,-2.0,9
2024-04-08,INTC,0.004955892108153117,-2.8909231271616607,-2.0,9
2024-04-09,INTC,0.005448968608915081,-2.3245901649061533,-2.0,9
2024-04-10,INTC,0.025250559407911304,-3.486867914312893,-2.0,9
2024-04-11,INTC,0.0106722340096257,-2.9310941383468156,-2.0,9
2024-04-12,INTC,0.015104092307250154,-3.081189396188016,-2.0,9
2024-04-15,INTC,0.004608604806527911,-2.46547581047681,-2.0,9
2024-04-16,INTC,0.004364631978512114,-2.354338966329417,-2.0,9
2024-04-17,INTC,0.022834448851167338,-2.638857046473123,-2.0,9
2024-04-18,INTC,0.02227157508421509,-2.8179882598708543,-2.0,9
2024-04-19,INTC,0.024566520014104185,-2.744158797525629,-2.0,9
2024-04-22,INTC,0.031139402083724236,-3.206806042772916,-2.0,9
2024-04-23,INTC,0.029856443181107944,-3.366118304794087,-2.0,9
2024-04-24,INTC,0.02578648749271018,-3.044210665414831,-2.0,9
2024-04-25,INTC,0.02348643651418718,-3.2982304192411993,-2.0,9
2024-04-26,INTC,0.03247934459983316,-3.991267651255079,-2.0,9
2024-04-29,INTC,0.014631796269960582,-3.523813551648501,-2.0,9
2024-04-30,INTC,0.014788609555974256,-3.5180718287442154,-2.0,9
2024-05-01,INTC,0.010499717118670681,-2.9413487070620583,-2.0,9
2024-05-02,INTC,0.01452154724070918,-3.388660702873787,-2.0,9
2024-05-03,INTC,0.015168271478156864,-3.221220403215583,-2.0,9
2024-05-06,INTC,0.016018584165629794,-3.277101100458061,-2.0,9
2024-05-07,INTC,0.026003238467337274,-3.268052792167892,-2.0,9
2024-05-08,INTC,0.022741178281382977,-3.2861948145874935,-2.0,9
2024-05-09,INTC,0.0065761933493990316,-2.8943011339242997,-2.0,9
2024-05-10,INTC,0.005624225799486785,-3.505378943826701,-2.0,9
2024-05-13,INTC,-0.0028365067396572286,-3.350807911469855,-2.0,9
2024-05-14,INTC,-0.006850375461156755,-3.2472531372441718,-2.0,9
2024-05-15,INTC,0.0010372556743825816,-3.7825501345419994,-2.0,9
2024-05-16,INTC,-0.0051368026712733895,-3.4202540382592503,-2.0,9
2024-05-17,INTC,0.0026535719446356015,-4.294365396571118,-2.0,9
2024-05-20,INTC,0.006881974303714669,-5.2195583500981595,-2.0,9
2024-05-21,INTC,0.010475972808429084,-5.010270094777891,-2.0,9
2024-05-22,INTC,0.0101490407324356,-3.886985778679209,-2.0,9
2024-05-23,INTC,0.006860158635787245,-4.4746597254351546,-2.0,9
2024-05-24,INTC,-0.010930748158133875,-1.6894106220324898,-2.0,9
2024-05-28,INTC,-0.014516142828123312,-0.5135118271703213,-2.0,9
2024-05-29,INTC,-0.009210024027912475,-1.1620101278298776,-2.0,9
2024-05-30,INTC,-0.015484255801233844,-0.4788819515585221,-2.0,9
2024-05-31,INTC,-0.0050217121873990375,-1.1892689925667423,-2.0,9
2024-06-03,INTC,-0.01440268370396764,-0.944992107355179,-2.0,9
2024-06-04,INTC,-0.009984935240994627,-1.7848627300772162,-2.0,9
2024-06-05,INTC,-0.017493552335192623,-0.8617533842782767,-2.0,9
2024-06-06,INTC,-0.007038987738527936,-2.2805030313395918,-2.0,9
2024-06-07,INTC,-0.004062531951394643,-2.4485546127312223,-2.0,9
2024-06-10,INTC,-0.004843063838789124,-2.342061977010933,-2.0,9
2024-06-11,INTC,-0.007621206698373483,-2.0807274685844797,-2.0,9
2024-06-12,INTC,-0.01393294937699378,-1.5170260690491093,-2.0,9
2024-06-13,INTC,-0.01512011589179921,-1.163109800274778,-2.0,9
2024-06-14,INTC,-0.01493242068220207,-1.089823833920291,-2.0,9
2024-06-17,INTC,-0.007285893712595338,-1.4610357699906267,-2.0,9
2024-06-18,INTC,-0.006517233231038185,-1.5571739477202364,-2.0,9
2024-06-20,INTC,-0.008579841050779856,-1.4980389210312945,-2.0,9
2024-06-21,INTC,-0.006520961580460353,-1.8484500032124243,-2.0,9
2024-06-24,INTC,0.0012598414702244128,-2.1012747328437857,-2.0,9
2024-06-25,INTC,-0.010256750752508963,-1.050441427775715,-2.0,9
2024-06-26,INTC,-0.010789060413439237,-0.9855857526490979,-2.0,9
2024-06-27,INTC,-0.0005158755761365472,-2.545757017384518,-2.0,9
2024-06-28,INTC,0.003352788214319615,-2.835638674086012,-2.0,9
2024-01-02,MSFT,-0.022568971146702782,0.3491775184413892,-2.0,9
2024-01-03,MSFT,-0.025267734376524194,0.860511092298127,-2.0,9
2024-01-04,MSFT,-0.025769056717711764,0.9567465495230932,-2.0,9
2024-01-05,MSFT,-0.0239635441677895,0.76678124284061,-2.0,9
2024-01-08,MSFT,-0.026054389579004127,0.8871009302285635,-2.0,9
2024-01-09,MSFT,-0.026676480840586273,0.8139243255107012,-2.0,9
2024-01-10,MSFT,-0.025707317986897262,1.0272693673055302,-2.0,9
2024-01-11,MSFT,-0.02653069382920686,1.0253789218195208,-2.0,9
2024-01-12,MSFT,-0.05071883180268548,3.1970263037166733,-2.0,9
2024-01-16,MSFT,-0.016547271842590257,1.3431830247697845,-2.0,9
2024-01-17,MSFT,-0.025495715953171964,2.1429486780852116,-2.0,9
2024-01-18,MSFT,-0.02529604125772842,2.2731789993935414,-2.0,9
2024-01-19,MSFT,-0.02585856720131635,2.526435071353227,-2.0,9
2024-01-22,MSFT,-0.025125864648703238,2.122310301459469,-2.0,9
2024-01-23,MSFT,-0.01941718792764728,1.599016447198262,-2.0,9
2024-01-24,MSFT,-0.015565060801639422,1.0731583086877856,-2.0,9
2024-01-25,MSFT,-0.013385019231579306,1.4811021253728618,-2.0,9
2024-01-26,MSFT,-0.00637205776719446,1.8723449498762599,-2.0,9
2024-01-29,MSFT,-0.025544243267293338,3.222078910458774,-2.0,9
2024-01-30,MSFT,-0.026537750472977156,3.788202855111806,-2.0,9
2024-01-31,MSFT,-0.03398709212296408,4.556866581663163,-2.0,9
2024-02-01,MSFT,-0.04391465777540991,4.542109324762908,-2.0,9
2024-02-02,MSFT,-0.04518018630939574,4.330617014063205,-2.0,9
2024-02-05,MSFT,-0.04528174320442324,4.332196791862332,-2.0,9
2024-02-06,MSFT,-0.03384380743903065,4.323042027670982,-2.0,9
2024-02-07,MSFT,-0.04772166592260854,4.67287728703172,-2.0,9
2024-02-08,MSFT,-0.041385586936022914,3.735694775216198,-2.0,9
2024-02-09,MSFT,-0.040214214291018305,3.275444821081732,-2.0,9
2024-02-12,MSFT,-0.0362160531000914,3.1238896195021226,-2.0,9
2024-02-13,MSFT,-0.035322741439581404,2.53927923641867,-2.0,9
2024-02-14,MSFT,-0.034854141784156425,1.9577720753835712,-2.0,9
2024-02-15,MSFT,-0.0359541096287032,2.3101678754611514,-2.0,9
2024-02-16,MSFT,-0.04835003785721136,2.6131467131765533,-2.0,9
2024-02-20,MSFT,-0.04683890692225401,3.057414858768962,-2.0,9
2024-02-21,MSFT,-0.04585162250276436,3.4073255878631055,-2.0,9
2024-02-22,MSFT,-0.04982478175647544,2.5485078586865,-2.0,9
2024-02-23,MSFT,-0.04086801897412488,2.176490351422402,-2.0,9
2024-02-26,MSFT,-0.041061023606744136,1.9435082171904228,-2.0,9
2024-02-27,MSFT,-0.04112492028008824,1.9201480713467962,-2.0,9
2024-02-28,MSFT,-0.039660736374793094,1.7601112911712546,-2.0,9
2024-02-29,MSFT,-0.03427296555802622,1.8657942085146808,-2.0,9
2024-03-01,MSFT,-0.03490874920649872,1.8268476682579484,-2.0,9
2024-03-04,MSFT,-0.0329244793269744,2.1002153820064646,-2.0,9
2024-03-05,MSFT,-0.03440415063195027,2.7057284177893886,-2.0,9
2024-03-06,MSFT,-0.03350653997629283,2.9073275228027566,-2.0,9
2024-03-07,MSFT,-0.03269832119782906,2.676837090496818,-2.0,9
2024-03-08,MSFT,-0.0327764817105814,1.399294629435503,-2.0,9
2024-03-11,MSFT,-0.02702103240145254,1.1972434870625466,-2.0,9
2024-03-12,MSFT,-0.032898917922363435,1.7730351927810055,-2.0,9
2024-03-13,MSFT,-0.03578981113202888,2.218247188375681,-2.0,9
2024-03-14,MSFT,-0.03389763641674806,3.3235438882478117,-2.0,9
2024-03-15,MSFT,-0.039802393400702525,3.327092869285761,-2.0,9
2024-03-18,MSFT,-0.03926428412636043,3.0938134440999656,-2.0,9
2024-03-19,MSFT,-0.04229132399534947,1.7845851913166124,-2.0,9
2024-03-20,MSFT,-0.0478453481895512,1.5787656600386655,-2.0,9
2024-03-21,MSFT,-0.04402390143747347,2.447793608473923,-2.0,9
2024-03-22,MSFT,-0.04385372482844829,3.16477540372703,-2.0,9
2024-03-25,MSFT,-0.048013022996723935,2.5940969059761416,-2.0,9
2024-03-26,MSFT,-0.04736830216799313,3.1932865301013442,-2.0,9
2024-03-27,MSFT,-0.04736830216799313,3.9259031084223532,-2.0,9
2024-03-28,MSFT,-0.04621738593071914,3.8317246831730065,-2.0,9
2024-04-01,MSFT,-0.04013149884975461,4.007746845616675,-2.0,9
2024-04-02,MSFT,-0.03892717865223569,4.720933512054538,-2.0,9
2024-04-03,MSFT,-0.04668732038577455,4.738504763043264,-2.0,9
2024-04-04,MSFT,-0.047863344276350354,4.795367201634181,-2.0,9
2024-04-05,MSFT,-0.046017339258699136,5.013714625884414,-2.0,9
2024-04-08,MSFT,-0.04609549977145148,4.645967275561189,-2.0,9
2024-04-09,MSFT,-0.04698495032423266,4.603588624660251,-2.0,9
2024-04-10,MSFT,-0.04634477216333065,4.574560537558801,-2.0,9
2024-04-11,MSFT,-0.04673300100521403,3.9675109760362277,-2.0,9
2024-04-12,MSFT,-0.044028876883535344,3.6828078791649124,-2.0,9
2024-04-15,MSFT,-0.04340106273179117,3.989501830158884,-2.0,9
2024-04-16,MSFT,-0.04571525743569161,4.4152355881380245,-2.0,9
2024-04-17,MSFT,-0.04450923558567761,3.379717382264307,-2.0,9
2024-04-18,MSFT,-0.038531988635044034,3.1471439055336368,-2.0,9
2024-04-19,MSFT,-0.0369509360428935,2.8524145844715267,-2.0,9
2024-04-22,MSFT,-0.03399139486753573,2.6637595184742384,-2.0,9
2024-04-23,MSFT,-0.03577383713415337,2.873449551055445,-2.0,9
2024-04-24,MSFT,-0.03560366052512819,3.009027372670452,-2.0,9
2024-04-25,MSFT,-0.03880277631280825,2.7795058412126856,-2.0,9
2024-04-26,MSFT,-0.03177472618498223,1.5536736343166606,-2.0,9
2024-04-29,MSFT,-0.03128190939152327,1.0899206355391873,-2.0,9
2024-04-30,MSFT,-0.034482265046136995,1.1783643785465425,-2.0,9
2024-05-01,MSFT,-0.03264858189148087,1.0912205550334928,-2.0,9
2024-05-02,MSFT,-0.03516665202389108,0.7921071905772972,-2.0,9
2024-05-03,MSFT,-0.03400464278547998,0.7523541885173901,-2.0,9
2024-05-06,MSFT,-0.04054207855084745,1.0913203142424137,-2.0,9
2024-05-07,MSFT,-0.03216142531250444,0.6520183988324997,-2.0,9
2024-05-08,MSFT,-0.031434595484668953,0.7382115879115694,-2.0,9
2024-05-09,MSFT,-0.036112461435867195,0.8668601494207008,-2.0,9
2024-05-10,MSFT,-0.04606814257916068,1.2294924325106438,-2.0,9
2024-05-13,MSFT,-0.048406669550678974,1.4233191487664447,-2.0,9
2024-05-14,MSFT,-0.04692602007749495,1.0197344453562418,-2.0,9
2024-05-15,MSFT,-0.04657084240679439,0.9424079967749741,-2.0,9
2024-05-16,MSFT,-0.04687326977464703,1.1458804239404747,-2.0,9
2024-05-17,MSFT,-0.03993522986206245,2.612131197554246,-2.0,9
2024-05-20,MSFT,-0.03534653904611019,2.943410624306843,-2.0,9
2024-05-21,MSFT,-0.03386540265758911,3.2471208669306297,-2.0,9
2024-05-22,MSFT,-0.03315118953766804,2.7369033731914927,-2.0,9
2024-05-23,MSFT,-0.042115711872895235,2.19129570343442,-2.0,9
2024-05-24,MSFT,-0.04133335782370824,3.094321578004188,-2.0,9
2024-05-28,MSFT,-0.04583608184999558,3.2966166873028437,-2.0,9
2024-05-29,MSFT,-0.05687244089476817,4.204889567857082,-2.0,9
2024-05-30,MSFT,-0.03953769911604335,2.8249713222352075,-2.0,9
2024-05-31,MSFT,-0.0481984513207319,3.684508576739958,-2.0,9
2024-06-03,MSFT,-0.047711757739870894,3.2600699311031813,-2.0,9
2024-06-04,MSFT,-0.04663654925158561,3.0332201537547387,-2.0,9
2024-06-05,MSFT,-0.04680025982683092,3.1869207285461085,-2.0,9
2024-06-06,MSFT,-0.047711757739870894,3.0919366599692752,-2.0,9
2024-06-07,MSFT,-0.04668732038577455,2.6792884874686154,-2.0,9
2024-06-10,MSFT,-0.04685749699479973,2.0706356614089976,-2.0,9
2024-06-11,MSFT,-0.047020517606174164,2.635316154692159,-2.0,9
2024-06-12,MSFT,-0.046455961806457446,2.2798603099463066,-2.0,9
2024-06-13,MSFT,-0.04401674543982273,2.009925673254737,-2.0,9
2024-06-14,MSFT,-0.045427226985830405,2.22673669907362,-2.0,9
2024-06-17,MSFT,-0.050303249404075004,2.7362815398827,-2.0,9
2024-06-18,MSFT,-0.04385372482844829,2.0835490236529073,-2.0,9
2024-06-20,MSFT,-0.035925307200086416,2.1497219788126705,-2.0,9
2024-06-21,MSFT,-0.036095483809111595,2.6310897383950596,-2.0,9
2024-06-24,MSFT,-0.035925307200086416,2.8839684110472805,-2.0,9
2024-06-25,MSFT,-0.0365821773899726,2.631417700587518,-2.0,9
2024-06-26,MSFT,-0.03131008633992144,2.2966919370215773,-2.0,9
2024-06-27,MSFT,-0.03881692513461517,3.40414474606512,-2.0,9
2024-06-28,MSFT,-0.026920197832404204,1.5130834199009797,-2.0,9
2024-01-02,NVDA,-0.0071263318110605,0.6737668980242479,-2.0,9
2024-01-03,NVDA,-0.007261647099414987,0.8639272326587952,-2.0,9
2024-01-04,NVDA,-0.008150316959945057,0.8871749430809135,-2.0,9
2024-01-05,NVDA,-0.006773298506319631,1.301487277177846,-2.0,9
2024-01-08,NVDA,-0.016765375145839246,2.1190979023197003,-2.0,9
2024-01-09,NVDA,-0.021887981127110257,2.3429687166933215,-2.0,9
2024-01-10,NVDA,-0.04221565543921823,3.9321603817035244,-2.0,9
2024-01-11,NVDA,-0.043592231968369956,3.8518633019982604,-2.0,9
2024-01-12,NVDA,-0.03441449221485555,3.4626194463344904,-2.0,9
2024-01-16,NVDA,-0.03900423000889855,5.161439139403755,-2.0,9
2024-01-17,NVDA,-0.036821164972782365,4.7181015533628266,-2.0,9
2024-01-18,NVDA,-0.04086713628472663,5.29576534882953,-2.0,9
2024-01-19,NVDA,-0.024742159062835445,4.209468931734906,-2.0,9
2024-01-22,NVDA,-0.02953161320356703,4.90632290303358,-2.0,9
2024-01-23,NVDA,-0.019334371086000068,3.7120545675769776,-2.0,9
2024-01-24,NVDA,-0.021553320047738623,3.9643069475571915,-2.0,9
2024-01-25,NVDA,-0.017522288847124895,3.8265906921018544,-2.0,9
2024-01-26,NVDA,0.0030190583807622137,2.013457216947606,-2.0,9
2024-01-29,NVDA,-0.01034599798627425,3.137649344577092,-2.0,9
2024-01-30,NVDA,0.0019159152998309294,1.9604343584436952,-2.0,9
2024-01-31,NVDA,-0.003911709864062822,2.903109266110314,-2.0,9
2024-02-01,NVDA,-0.010809874751782134,3.161685074860679,-2.0,9
2024-02-02,NVDA,0.0034246046454482074,1.38278476979387,-2.0,9
2024-02-05,NVDA,0.002553220850710612,1.5952802390872756,-2.0,9
2024-02-06,NVDA,-0.0019350940076485277,2.1928361924603053,-2.0,9
2024-02-07,NVDA,-0.008452638915101408,2.5726446737773117,-2.0,9
2024-02-08,NVDA,-0.03482166126671256,4.7879559789435024,-2.0,9
2024-02-09,NVDA,-0.01878899562414503,2.9039541907747655,-2.0,9
2024-02-12,NVDA,-0.01306165912473611,2.671163780884097,-2.0,9
2024-02-13,NVDA,-0.01901361561049748,3.1849138985137166,-2.0,9
2024-02-14,NVDA,-0.026714128876465966,3.525468231988558,-2.0,9
2024-02-15,NVDA,-0.012476698136884937,2.374355756680965,-2.0,9
2024-02-16,NVDA,-0.04580595590545059,4.355345519136347,-2.0,9
2024-02-20,NVDA,-0.024111829038849363,2.7763021025179615,-2.0,9
2024-02-21,NVDA,-0.019982235113271466,2.1671824263947777,-2.0,9
2024-02-22,NVDA,-0.04123097727209987,3.946993604179448,-2.0,9
2024-02-23,NVDA,-0.04042769413907608,4.324442136519346,-2.0,9
2024-02-26,NVDA,-0.04253380952398692,4.445362762135671,-2.0,9
2024-02-27,NVDA,-0.04988348302514396,5.214214975080038,-2.0,9
2024-02-28,NVDA,-0.046554421600542226,4.754970371157148,-2.0,9
2024-02-29,NVDA,-0.03349859664527242,4.149373752779938,-2.0,9
2024-03-01,NVDA,-0.03983794200426632,4.743226439852306,-2.0,9
2024-03-04,NVDA,-0.04270496921266385,5.503618311235707,-2.0,9
2024-03-05,NVDA,-0.04421725181893789,6.155116688191356,-2.0,9
2024-03-06,NVDA,-0.03742492695210915,5.851031099156513,-2.0,9
2024-03-07,NVDA,-0.03937740868337789,5.988985971100893,-2.0,9
2024-03-08,NVDA,-0.06476225403203931,6.751526893400639,-2.0,9
2024-03-11,NVDA,-0.04542541937010507,5.6382864382794695,-2.0,9
2024-03-12,NVDA,-0.050411445137811185,5.783522474530604,-2.0,9
2024-03-13,NVDA,-0.04700436843568065,5.643105831246665,-2.0,9
2024-03-14,NVDA,-0.0014297059880411537,2.1981663226321824,-2.0,9
2024-03-15,NVDA,-0.011943773971263139,3.29408288241778,-2.0,9
2024-03-18,NVDA,-0.01906590467200808,3.6024298022214953,-2.0,9
2024-03-19,NVDA,-0.0749167960266805,6.305712993716943,-2.0,9
2024-03-20,NVDA,-0.0809060130353283,6.359768826289594,-2.0,9
2024-03-21,NVDA,-0.048499068992360075,4.512761249413431,-2.0,9
2024-03-22,NVDA,-0.038465501801574556,4.666410088766616,-2.0,9
2024-03-25,NVDA,-0.052237625672729764,5.068935424166766,-2.0,9
2024-03-26,NVDA,-0.03268165741785901,3.6769491115374007,-2.0,9
2024-03-27,NVDA,-0.02843919539049943,3.7060398119558373,-2.0,9
2024-03-28,NVDA,-0.02558813028739923,3.1956265793734335,-2.0,9
2024-04-01,NVDA,-0.016316753225535205,2.029846599400404,-2.0,9
2024-04-02,NVDA,0.006991384233252476,-1.1851013722056458,-2.0,9
2024-04-03,NVDA,-0.0032196207850835826,-0.37546510037455244,-2.0,9
2024-04-04,NVDA,0.0022872724636421237,-1.8526359203863592,-2.0,9
2024-04-05,NVDA,0.009488193311342631,-2.512035837648063,-2.0,9
2024-04-08,NVDA,0.0184605173101753,-2.8457647808946205,-2.0,9
2024-04-09,NVDA,0.01782763606554584,-1.987035509446898,-2.0,9
2024-04-10,NVDA,0.026421851429504824,-2.3310420217642656,-2.0,9
2024-04-11,NVDA,0.010883357069084295,-1.458772017517705,-2.0,9
2024-04-12,NVDA,0.018887767729310504,-1.3008167024592865,-2.0,9
2024-04-15,NVDA,0.02340706081227417,-2.53021799792766,-2.0,9
2024-04-16,NVDA,0.023047292100665886,-1.9808108595372815,-2.0,9
2024-04-17,NVDA,0.029519159951041225,-1.688227970820223,-2.0,9
2024-04-18,NVDA,0.028115469934935307,-1.4937101840776101,-2.0,9
2024-04-19,NVDA,0.008941232736918969,-1.379723892731556,-2.0,9
2024-04-22,NVDA,0.007642031998079997,-1.2373295618991857,-2.0,9
2024-04-23,NVDA,0.004097446672251094,-1.0389963232480781,-2.0,9
2024-04-24,NVDA,-4.0345005509128724e-05,-0.8238776042764016,-2.0,9
2024-04-25,NVDA,-0.00841356728775968,0.429270130353452,-2.0,9
2024-04-26,NVDA,-0.06754017228269812,3.4339682781006884,-2.0,9
2024-04-29,NVDA,-0.07765453310842041,3.6490145548812873,-2.0,9
2024-04-30,NVDA,-0.07088153505867364,3.451893321657093,-2.0,9
2024-05-01,NVDA,-0.06703427789185837,2.519825544706913,-2.0,9
2024-05-02,NVDA,-0.0853861251130111,3.546872402734105,-2.0,9
2024-05-03,NVDA,-0.0759301607389492,3.211964375469401,-2.0,9
2024-05-06,NVDA,-0.07263962224511611,3.514458224212466,-2.0,9
2024-05-07,NVDA,-0.06406957148847439,2.971738713761825,-2.0,9
2024-05-08,NVDA,-0.059023183980383725,2.640583004941177,-2.0,9
2024-05-09,NVDA,-0.06537892415051384,2.312585603176856,-2.0,9
2024-05-10,NVDA,-0.07491449677449762,3.2750164704616904,-2.0,9
2024-05-13,NVDA,-0.06111638971106883,2.846604931859523,-2.0,9
2024-05-14,NVDA,-0.06266562381068505,2.4869555590676318,-2.0,9
2024-05-15,NVDA,-0.07590898563927984,3.9130985783490715,-2.0,9
2024-05-16,NVDA,-0.07080238679372497,3.7539383574517426,-2.0,9
2024-05-17,NVDA,-0.015770490262289823,1.5024617981535875,-2.0,9
2024-05-20,NVDA,-0.01556365959376195,1.5750690485226089,-2.0,9
2024-05-21,NVDA,-0.0006080701495551084,-0.39455944910883667,-2.0,9
2024-05-22,NVDA,0.004135033194102801,-0.07750724535065201,-2.0,9
2024-05-23,NVDA,-0.04670925334909825,4.2642786068438685,-2.0,9
2024-05-24,NVDA,-0.03922611664756699,4.50263474905957,-2.0,9
2024-05-28,NVDA,0.012689561479570718,-0.37948112507698495,-2.0,9
2024-05-29,NVDA,0.012618714173382515,-0.34846356806492196,-2.0,9
2024-05-30,NVDA,-0.013986766648065486,2.247522784711695,-2.0,9
2024-05-31,NVDA,-0.019055823815241787,2.8683073263907497,-2.0,9
2024-06-03,NVDA,-0.03813005313849461,4.847412158538232,-2.0,9
2024-06-04,NVDA,-0.04194110361482782,5.145069985148935,-2.0,9
2024-06-05,NVDA,-0.04312885566256838,5.3539655342154875,-2.0,9
2024-06-06,NVDA,-0.04075186361409755,5.099917337714981,-2.0,9
2024-06-07,NVDA,-0.04131996356922524,4.932329169533131,-2.0,9
2024-06-10,NVDA,-0.052688156036297194,5.596189982310685,-2.0,9
2024-06-11,NVDA,-0.031003347189118218,3.4724146780244904,-2.0,9
2024-06-12,NVDA,-0.038511115439777345,3.8610436671011077,-2.0,9
2024-06-13,NVDA,-0.0585463617875218,5.702183817006107,-2.0,9
2024-06-14,NVDA,-0.05982912411707083,5.786792927379379,-2.0,9
2024-06-17,NVDA,-0.05744820368285703,5.522091568091052,-2.0,9
2024-06-18,NVDA,-0.06656828277881228,6.250081675603937,-2.0,9
2024-06-20,NVDA,-0.052237908970455584,6.412976327512677,-2.0,9
2024-06-21,NVDA,-0.04207202582596039,5.784274768598996,-2.0,9
2024-06-24,NVDA,-0.04189362391716918,4.945575869006091,-2.0,9
2024-06-25,NVDA,-0.046404975701548105,5.479100179953386,-2.0,9
2024-06-26,NVDA,-0.042782434691801215,4.428750707226077,-2.0,9
2024-06-27,NVDA,-0.025940351400307406,2.045480300671317,-2.0,9
2024-06-28,NVDA,-0.051221760233932205,4.980337979319577,-2.0,9
2024-01-02,PFE,0.10396426109186141,-4.775436374370364,-2.0,9
2024-01-03,PFE,0.10182950903664949,-5.1766625283629075,-2.0,9
2024-01-04,PFE,0.09611085653206945,-5.1632663854364855,-2.0,9
2024-01-05,PFE,0.10990890175451958,-4.998233981989045,-2.0,9
2024-01-08,PFE,0.111997982940561,-5.150626155644102,-2.0,9
2024-01-09,PFE,0.10448264271382916,-5.128841798901631,-2.0,9
2024-01-10,PFE,0.09085436039406748,-5.205614709566136,-2.0,9
2024-01-11,PFE,0.09507696149414117,-5.606016509731569,-2.0,9
2024-01-12,PFE,0.016329580966837804,-2.0239813400637248,-2.0,9
2024-01-16,PFE,0.009857843038446007,-1.4187124805219051,-2.0,9
2024-01-17,PFE,0.014183423815126273,-1.8356422324340658,-2.0,9
2024-01-18,PFE,0.015089548137673995,-2.1700062441170758,-2.0,9
2024-01-19,PFE,0.008138809769822251,-2.6352525236312094,-2.0,9
2024-01-22,PFE,0.013511162177433523,-2.8567106495403727,-2.0,9
2024-01-23,PFE,0.00795502488538271,-2.6307469961257466,-2.0,9
2024-01-24,PFE,0.009337741911286848,-3.0950005282043107,-2.0,9
2024-01-25,PFE,0.00931285609787747,-2.884400214558856,-2.0,9
2024-01-26,PFE,0.015501290174850385,-2.1062232529951768,-2.0,9
2024-01-29,PFE,0.020927372374247296,-2.7508863321736694,-2.0,9
2024-01-30,PFE,0.02265923379569459,-3.153680207848945,-2.0,9
2024-01-31,PFE,0.022234179547531895,-3.2668095145245064,-2.0,9
2024-02-01,PFE,0.020992874473038613,-3.2761597334481225,-2.0,9
2024-02-02,PFE,0.0207983988328978,-3.327359867298434,-2.0,9
2024-02-05,PFE,0.02170624897360188,-3.4773315793405395,-2.0,9
2024-02-06,PFE,0.019366984899576375,-3.282494215926438,-2.0,9
2024-02-07,PFE,0.02196819442578291,-3.2643478240254487,-2.0,9
2024-02-08,PFE,0.021199252467666563,-3.1562717270069127,-2.0,9
2024-02-09,PFE,0.014323546672940222,-3.2112950118654773,-2.0,9
2024-02-12,PFE,0.014840216036506338,-3.162863945136351,-2.0,9
2024-02-13,PFE,0.020534645110579557,-3.3357113954824866,-2.0,9
2024-02-14,PFE,0.01909864275119267,-3.390095861091935,-2.0,9
2024-02-15,PFE,0.014567171057806262,-2.822967791404979,-2.0,9
2024-02-16,PFE,0.013745384143300126,-2.3642672151126916,-2.0,9
2024-02-20,PFE,0.027011823978654773,-3.5332269461845986,-2.0,9
2024-02-21,PFE,0.01063336373873977,-2.484521572650771,-2.0,9
2024-02-22,PFE,0.01381548641974922,-2.482282158209867,-2.0,9
2024-02-23,PFE,0.014930836227884645,-2.5502060150564216,-2.0,9
2024-02-26,PFE,0.015284249541640753,-2.846414126530903,-2.0,9
2024-02-27,PFE,0.013988463406333352,-3.1805382005931313,-2.0,9
2024-02-28,PFE,0.012490139093339745,-2.586007259201804,-2.0,9
2024-02-29,PFE,0.015166303615645516,-3.477273805693783,-2.0,9
2024-03-01,PFE,0.01887745439162046,-3.5152229523723975,-2.0,9
2024-03-04,PFE,0.031292887942633046,-4.205850497505762,-2.0,9
2024-03-05,PFE,0.014480980669859263,-2.157315114532102,-2.0,9
2024-03-06,PFE,0.009728425117135609,-1.9546926529441593,-2.0,9
2024-03-07,PFE,0.014169356423193473,-2.659213168874576,-2.0,9
2024-03-08,PFE,0.011692198139651,-2.224301388346852,-2.0,9
2024-03-11,PFE,0.029734816382229187,-3.309177752233616,-2.0,9
2024-03-12,PFE,0.041166453014700656,-3.8565791862518317,-2.0,9
2024-03-13,PFE,0.03681874322328186,-3.495919970837109,-2.0,9
2024-03-14,PFE,0.04254549054673489,-4.2501189369218855,-2.0,9
2024-03-15,PFE,0.045801882300215556,-4.323290106252928,-2.0,9
2024-03-18,PFE,0.039766038982400234,-4.787333375229874,-2.0,9
2024-03-19,PFE,0.039766038982400234,-3.8936075903353653,-2.0,9
2024-03-20,PFE,0.015772919163724315,-3.2760253781198676,-2.0,9
2024-03-21,PFE,0.01654351761930924,-3.4170044416855614,-2.0,9
2024-03-22,PFE,0.011725370336842926,-3.5967326759429805,-2.0,9
2024-03-25,PFE,0.014293973982027443,-3.1555683788891673,-2.0,9
2024-03-26,PFE,0.0157237774992329,-2.893955461499737,-2.0,9
2024-03-27,PFE,0.015799319696355698,-3.1796749909913924,-2.0,9
2024-03-28,PFE,0.015677328581041622,-2.9558573139550663,-2.0,9
2024-04-01,PFE,0.01417266523234775,-2.711628122485584,-2.0,9
2024-04-02,PFE,0.012662751321299522,-1.7715122561859333,-2.0,9
2024-04-03,PFE,0.015767847813831497,-2.4355320971633776,-2.0,9
2024-04-04,PFE,0.01591699709779969,-3.2677801241595006,-2.0,9
2024-04-05,PFE,0.007670611769252063,-1.8004578168338536,-2.0,9
2024-04-08,PFE,0.010222428487947986,-2.1760955470655348,-2.0,9
2024-04-09,PFE,0.03115238948945391,-3.7527773412165875,-2.0,9
2024-04-10,PFE,0.030273954423193604,-2.731671543851035,-2.0,9
2024-04-11,PFE,0.03165396983754278,-4.020500909133436,-2.0,9
2024-04-12,PFE,0.041040549819922,-4.139537437194114,-2.0,9
2024-04-15,PFE,0.02102956263774031,-3.001249213414345,-2.0,9
2024-04-16,PFE,0.021475928074211892,-2.7590937827828355,-2.0,9
2024-04-17,PFE,0.07024563947541766,-4.468697696219236,-2.0,9
2024-04-18,PFE,0.06611514997258962,-4.339619019056815,-2.0,9
2024-04-19,PFE,0.07644363469430532,-4.208035136204641,-2.0,9
2024-04-22,PFE,0.07696531548572418,-4.012569187044885,-2.0,9
2024-04-23,PFE,0.07422164535374047,-4.204241275683154,-2.0,9
2024-04-24,PFE,0.07539043088275778,-4.427073286106434,-2.0,9
2024-04-25,PFE,0.0783693495798287,-4.984037085483729,-2.0,9
2024-04-26,PFE,0.07111888288225418,-4.183053017651056,-2.0,9
2024-04-29,PFE,0.07133867054767264,-4.288514654017045,-2.0,9
2024-04-30,PFE,0.07117943296085301,-4.223083139511414,-2.0,9
2024-05-01,PFE,0.10256399904694678,-4.1102625257075385,-2.0,9
2024-05-02,PFE,0.08010952580608782,-3.4693532171221237,-2.0,9
2024-05-03,PFE,0.09079329829318637,-3.7531627931189426,-2.0,9
2024-05-06,PFE,0.09133936662999323,-3.662756998581394,-2.0,9
2024-05-07,PFE,0.12678673683271982,-4.273684085175985,-2.0,9
2024-05-08,PFE,0.11151547769838648,-3.821720627220658,-2.0,9
2024-05-09,PFE,0.09927738377296545,-3.468565978672971,-2.0,9
2024-05-10,PFE,0.053098619467098984,-2.5218226763720892,-2.0,9
2024-05-13,PFE,0.04269283051159179,-2.749166063723578,-2.0,9
2024-05-14,PFE,0.040860589371728755,-2.881436904947802,-2.0,9
2024-05-15,PFE,0.027428718170794238,-2.231434241987787,-2.0,9
2024-05-16,PFE,0.029153845565721457,-2.542613205519086,-2.0,9
2024-05-17,PFE,0.007010450155667305,-2.577200296527926,-2.0,9
2024-05-20,PFE,-0.014938155193717466,0.31624716006337145,-2.0,9
2024-05-21,PFE,-0.0058274428707845065,-0.33867524973157465,-2.0,9
2024-05-22,PFE,0.012832865255706531,-1.6302314575193626,-2.0,9
2024-05-23,PFE,-0.014470701295509479,0.19504974395985608,-2.0,9
2024-05-24,PFE,-0.01747345725283965,1.1585876503265171,-2.0,9
2024-05-28,PFE,-0.0015629284701446228,-0.6220753515423106,-2.0,9
2024-05-29,PFE,-0.01659101405279866,0.44760468559093614,-2.0,9
2024-05-30,PFE,0.002278508448082455,-2.091618975306574,-2.0,9
2024-05-31,PFE,0.0020707695159805327,-1.5984876665057266,-2.0,9
2024-06-03,PFE,0.0062711770002369435,-2.510219488135734,-2.0,9
2024-06-04,PFE,-0.025846284023993835,1.1043497349267901,-2.0,9
2024-06-05,PFE,-0.01608755910022389,-0.3970273292386186,-2.0,9
2024-06-06,PFE,-0.027593785914494975,0.5209597545640383,-2.0,9
2024-06-07,PFE,-0.03682489054253197,1.3735021906728822,-2.0,9
2024-06-10,PFE,-0.040349159811134405,1.1002492599315388,-2.0,9
2024-06-11,PFE,-0.039434802427088744,1.2239269853964267,-2.0,9
2024-06-12,PFE,-0.036611277399384246,0.6326954733470356,-2.0,9
2024-06-13,PFE,-0.03763812826203705,0.8127052847636825,-2.0,9
2024-06-14,PFE,-0.003059216112563542,-2.111538944286762,-2.0,9
2024-06-17,PFE,0.004803136286130793,-2.6713688581936883,-2.0,9
2024-06-18,PFE,-0.004550516255611631,-1.679230741938028,-2.0,9
2024-06-20,PFE,-0.004172118167917099,-1.9518351840939139,-2.0,9
2024-06-21,PFE,-0.0032336226674889064,-2.7209497913018854,-2.0,9
2024-06-24,PFE,-0.0013204806366823678,-2.204024613215111,-2.0,9
2024-06-25,PFE,0.002763314026764052,-2.9697074100516225,-2.0,9
2024-06-26,PFE,0.00779198448231522,-3.3066061691995285,-2.0,9
2024-06-27,PFE,-0.005490634934018385,-2.129039003306397,-2.0,9
2024-06-28,PFE,-0.007676677626188867,-2.0843109150386194,-2.0,9
2024-01-02,PYPL,-0.016614180842321843,1.1419926777900213,-2.0,9
2024-01-03,PYPL,-0.007294522867157742,-0.553714419676278,-2.0,9
2024-01-04,PYPL,-0.013014197683236703,0.714442842563704,-2.0,9
2024-01-05,PYPL,-0.020047947690517497,0.7929667164944872,-2.0,9
2024-01-08,PYPL,-0.01812001018821116,1.201783973731856,-2.0,9
2024-01-09,PYPL,-0.019260012771682464,0.9481435530155201,-2.0,9
2024-01-10,PYPL,-0.016651390397586677,0.5901621231629147,-2.0,9
2024-01-11,PYPL,-0.022616666250615553,1.060147493931971,-2.0,9
2024-01-12,PYPL,-0.017928581715323567,-0.5169854797981118,-2.0,9
2024-01-16,PYPL,-0.00847238419779324,-1.134823773180771,-2.0,9
2024-01-17,PYPL,-0.0202795936196965,0.5343716682618381,-2.0,9
2024-01-18,PYPL,-0.00855945469479321,-0.23928240633303627,-2.0,9
2024-01-19,PYPL,-0.010802195239186211,0.30691969195707,-2.0,9
2024-01-22,PYPL,-0.005306700107788421,-0.6232725618419188,-2.0,9
2024-01-23,PYPL,-0.015097646644768732,0.7385883408279081,-2.0,9
2024-01-24,PYPL,-0.016513916796008957,0.5550653616449004,-2.0,9
2024-01-25,PYPL,-0.008077495900865147,-0.428874872642805,-2.0,9
2024-01-26,PYPL,-0.002199369183203617,0.4293877707003423,-2.0,9
2024-01-29,PYPL,0.0014601495731843184,-0.33403224776714,-2.0,9
2024-01-30,PYPL,0.0012310915956984365,0.08984519595524898,-2.0,9
2024-01-31,PYPL,0.0033183639528572006,-0.4204697293447567,-2.0,9
2024-02-01,PYPL,0.0030245243424159825,-0.4318100283630849,-2.0,9
2024-02-02,PYPL,0.005243694545030347,-0.9288004969154193,-2.0,9
2024-02-05,PYPL,0.005382382974968234,-1.1727833254256623,-2.0,9
2024-02-06,PYPL,0.0034170260301702787,-0.6323021302212901,-2.0,9
2024-02-07,PYPL,0.0036049448321406143,-0.8213926003273979,-2.0,9
2024-02-08,PYPL,-0.000625704131450799,-1.467333158494632,-2.0,9
2024-02-09,PYPL,-0.016551459801579484,-0.2467723630172734,-2.0,9
2024-02-12,PYPL,-0.022125352895555,0.9066882153105241,-2.0,9
2024-02-13,PYPL,-0.014675841264479966,0.21458106646330372,-2.0,9
2024-02-14,PYPL,-0.041931938629891335,1.9694940671095131,-2.0,9
2024-02-15,PYPL,-0.029468869462905306,1.0075377287826761,-2.0,9
2024-02-16,PYPL,-0.01088749521255586,-1.3562282141098367,-2.0,9
2024-02-20,PYPL,-0.01088749521255586,-1.096228657136532,-2.0,9
2024-02-21,PYPL,-0.005724353109050833,-2.007279368833774,-2.0,9
2024-02-22,PYPL,0.007864528791113299,-2.5279454172773947,-2.0,9
2024-02-23,PYPL,0.004705859142093664,-1.9903308320394373,-2.0,9
2024-02-26,PYPL,0.004429319171830004,-2.201035048886225,-2.0,9
2024-02-27,PYPL,0.00036827712232724455,-2.2953231675644705,-2.0,9
2024-02-28,PYPL,0.010493549453982912,-2.9754354302534276,-2.0,9
2024-02-29,PYPL,-0.002857937051214354,-1.7200035278016572,-2.0,9
2024-03-01,PYPL,-0.004544506836001089,-1.3948334803436708,-2.0,9
2024-03-04,PYPL,-0.0007713587635094089,-1.2850384419295047,-2.0,9
2024-03-05,PYPL,0.004645386283124863,-1.5584911335473866,-2.0,9
2024-03-06,PYPL,0.002198911543365798,-1.739503716217624,-2.0,9
2024-03-07,PYPL,0.00014375291343686123,-1.4679159857894937,-2.0,9
2024-03-08,PYPL,-0.011197130157527537,0.297533899034535,-2.0,9
2024-03-11,PYPL,-0.01654309011533415,0.8972678112376217,-2.0,9
2024-03-12,PYPL,-0.011126711428236954,0.05867975958991445,-2.0,9
2024-03-13,PYPL,-0.01383121677439017,0.9295263566496889,-2.0,9
2024-03-14,PYPL,-0.017305147406281113,2.1186667842877176,-2.0,9
2024-03-15,PYPL,-0.015688888990108257,1.5774353988580956,-2.0,9
2024-03-18,PYPL,-0.01055941981225036,1.0665255756821876,-2.0,9
2024-03-19,PYPL,-0.014644949752454851,0.3132697484186783,-2.0,9
2024-03-20,PYPL,-0.041717031258319194,1.823559551105971,-2.0,9
2024-03-21,PYPL,-0.04225179278317131,3.5392040733056387,-2.0,9
2024-03-22,PYPL,-0.02899379575732978,2.2599362373089975,-2.0,9
2024-03-25,PYPL,-0.03492697291137316,2.4283082441659225,-2.0,9
2024-03-26,PYPL,-0.03470569990054133,2.9680072967052706,-2.0,9
2024-03-27,PYPL,-0.006595481371180313,0.44242421246126135,-2.0,9
2024-03-28,PYPL,-0.012729670645780108,1.255929330068343,-2.0,9
2024-04-01,PYPL,-0.004801160976790325,0.1950586878184009,-2.0,9
2024-04-02,PYPL,-0.005029048489159385,0.8727412267668734,-2.0,9
2024-04-03,PYPL,-0.015987588473318746,2.2561749059786727,-2.0,9
2024-04-04,PYPL,-0.012342831459143031,1.625027720872277,-2.0,9
2024-04-05,PYPL,-0.015679250776027998,2.2470622175562047,-2.0,9
2024-04-08,PYPL,-0.017687110030340198,2.4889469296120823,-2.0,9
2024-04-09,PYPL,-0.013694625180481803,2.1804430931440604,-2.0,9
2024-04-10,PYPL,-0.00992744994704992,2.270122076655838,-2.0,9
2024-04-11,PYPL,-0.006494384214297798,0.7245861705532297,-2.0,9
2024-04-12,PYPL,-0.0065019964242128475,1.0429357479733383,-2.0,9
2024-04-15,PYPL,-0.00876264352713481,0.939492863720683,-2.0,9
2024-04-16,PYPL,-0.00790448468061798,0.8526638400184239,-2.0,9
2024-04-17,PYPL,-0.007488127833959298,1.5180772772704811,-2.0,9
2024-04-18,PYPL,-0.0028725307164513803,0.8458908723830614,-2.0,9
2024-04-19,PYPL,0.001199498013170968,0.6006889570894383,-2.0,9
2024-04-22,PYPL,-0.0046110645170856545,1.3639227146545805,-2.0,9
2024-04-23,PYPL,-0.004873487552993677,1.0783470047113561,-2.0,9
2024-04-24,PYPL,-0.00235661041860306,0.8908111913906822,-2.0,9
2024-04-25,PYPL,1.4145674945897662e-05,0.6528578864622716,-2.0,9
2024-04-26,PYPL,-0.007778758001949309,0.49857113069882336,-2.0,9
2024-04-29,PYPL,-0.0038641981102571638,0.49345569932436706,-2.0,9
2024-04-30,PYPL,-0.004040637703411664,0.787861775616435,-2.0,9
2024-05-01,PYPL,0.002344313826807992,0.41109990280745334,-2.0,9
2024-05-02,PYPL,0.0021912262695615234,0.018329229279148096,-2.0,9
2024-05-03,PYPL,0.003990346309331645,-0.31993477804208736,-2.0,9
2024-05-06,PYPL,0.0037891668765545347,-0.6731524095918884,-2.0,9
2024-05-07,PYPL,3.650131078003864e-05,-0.2531051748419317,-2.0,9
2024-05-08,PYPL,0.004131078261346997,-0.7099688999828586,-2.0,9
2024-05-09,PYPL,-0.0017342783952575798,-0.41585477035172325,-2.0,9
2024-05-10,PYPL,-0.0059870445081807175,-1.0470292834963617,-2.0,9
2024-05-13,PYPL,-0.009083316062010537,-0.9122075567366282,-2.0,9
2024-05-14,PYPL,-0.006388590230765973,-1.2895122729536184,-2.0,9
2024-05-15,PYPL,-0.00876264352713481,-1.6370188173520615,-2.0,9
2024-05-16,PYPL,-0.006643127454523699,-1.765916078103872,-2.0,9
2024-05-17,PYPL,-0.013047750211677957,-1.055440804196953,-2.0,9
2024-05-20,PYPL,-0.011046003296811288,-1.2996992221031003,-2.0,9
2024-05-21,PYPL,-0.010322313179993698,-1.0510927486596757,-2.0,9
2024-05-22,PYPL,-0.0009069603081930618,-2.095091377769607,-2.0,9
2024-05-23,PYPL,0.0009328046635115104,-3.0084319293141,-2.0,9
2024-05-24,PYPL,0.0011412880098087162,-3.5460224440383885,-2.0,9
2024-05-28,PYPL,0.0005956391781123978,-2.6226135460869666,-2.0,9
2024-05-29,PYPL,7.00221209039899e-05,-2.817953939233419,-2.0,9
2024-05-30,PYPL,-0.0031200314458117617,-2.398623924105582,-2.0,9
2024-05-31,PYPL,-0.00584666225036006,-1.834735846604596,-2.0,9
2024-06-03,PYPL,-0.007587709850586092,-1.9155294741643418,-2.0,9
2024-06-04,PYPL,-0.006632373804589501,-2.2349692192107695,-2.0,9
2024-06-05,PYPL,-0.005124293307026251,-2.7801087049905884,-2.0,9
2024-06-06,PYPL,-0.011916676525982588,-1.314179939985046,-2.0,9
2024-06-07,PYPL,-0.012922409164040265,-1.2008755752325695,-2.0,9
2024-06-10,PYPL,-0.011524540876714512,-1.3605041346661955,-2.0,9
2024-06-11,PYPL,-0.003514349560651897,-2.5455063645450315,-2.0,9
2024-06-12,PYPL,-0.003787214507135271,-2.5987536717569117,-2.0,9
2024-06-13,PYPL,-0.0003632983871487549,-2.606770465064248,-2.0,9
2024-06-14,PYPL,-0.004627604331862553,-2.015421470509731,-2.0,9
2024-06-17,PYPL,-0.004059607006208206,-1.986849421417325,-2.0,9
2024-06-18,PYPL,-0.0010090812620604569,-2.259657213034638,-2.0,9
2024-06-20,PYPL,-0.006967211609074483,-1.911826288772827,-2.0,9
2024-06-21,PYPL,-0.004488180552276862,-2.246404312482011,-2.0,9
2024-06-24,PYPL,0.002952528997575844,-3.0570711477019934,-2.0,9
2024-06-25,PYPL,0.0015323713528187437,-2.908315815180813,-2.0,9
2024-06-26,PYPL,0.004175028700667578,-3.336346788425172,-2.0,9
2024-06-27,PYPL,0.002297264818826563,-3.9286700037552738,-2.0,9
2024-06-28,PYPL,-0.0038978659074502516,-3.5360570760630368,-2.0,9
2024-01-02,ZM,-0.03951999153083353,0.9979452994638249,-2.0,9
2024-01-03,ZM,-0.03979661479025314,1.17972202734658,-2.0,9
2024-01-04,ZM,-0.03516346391403497,1.1669309208442746,-2.0,9
2024-01-05,ZM,-0.03729941779398975,0.5181969019320738,-2.0,9
2024-01-08,ZM,-0.02555062395355528,-0.021166669112290704,-2.0,9
2024-01-09,ZM,-0.03771211103165392,0.2748374167949479,-2.0,9
2024-01-10,ZM,-0.030638762105176985,-0.12201674112474636,-2.0,9
2024-01-11,ZM,-0.01760428475907341,-0.48620160494468645,-2.0,9
2024-01-12,ZM,-0.03410867355871541,0.9214072972182247,-2.0,9
2024-01-16,ZM,-0.02524893847453867,0.9300502637675424,-2.0,9
2024-01-17,ZM,-0.021423356150120913,0.23661429770873665,-2.0,9
2024-01-18,ZM,-0.019634499879000806,-0.25665417007898905,-2.0,9
2024-01-19,ZM,-0.021789240835319256,0.4204782423606077,-2.0,9
2024-01-22,ZM,-0.02303693699738147,0.8952368626871804,-2.0,9
2024-01-23,ZM,-0.02078822028271106,0.3979937227632233,-2.0,9
2024-01-24,ZM,-0.021680113428208678,0.46243685172280924,-2.0,9
2024-01-25,ZM,-0.014955200226838125,-0.045934749323649715,-2.0,9
2024-01-26,ZM,-0.0004930094066411832,-0.42251079918793755,-2.0,9
2024-01-29,ZM,-0.0173863926765099,1.0411053439961682,-2.0,9
2024-01-30,ZM,-0.009777032727389633,0.5202742322738568,-2.0,9
2024-01-31,ZM,0.004446661300643129,-1.1199956949578365,-2.0,9
2024-02-01,ZM,0.00047395239242018655,-0.9379860416106993,-2.0,9
2024-02-02,ZM,0.008891853837996134,-2.021724663590493,-2.0,9
2024-02-05,ZM,0.006692225912417462,-1.7661292916543272,-2.0,9
2024-02-06,ZM,0.0048991570129672205,-1.6220053569964195,-2.0,9
2024-02-07,ZM,0.0013358435441624852,-1.3925631470802031,-2.0,9
2024-02-08,ZM,0.005210246569914039,-1.8808680051816693,-2.0,9
2024-02-09,ZM,-0.00146216176039576,-1.804242682898915,-2.0,9
2024-02-12,ZM,0.0046400649573677425,-2.5726173667378145,-2.0,9
2024-02-13,ZM,0.004433027192447264,-2.2495045027727265,-2.0,9
2024-02-14,ZM,0.0009922245938745718,-2.10256273748855,-2.0,9
2024-02-15,ZM,0.002103490374034138,-2.059230926323493,-2.0,9
2024-02-16,ZM,0.001613046546984152,-2.3006981417760124,-2.0,9
2024-02-20,ZM,-0.0016350689211392891,-2.316833864922779,-2.0,9
2024-02-21,ZM,-0.005514122286500338,-2.0997469528113686,-2.0,9
2024-02-22,ZM,0.0064152578837739045,-2.628584937328754,-2.0,9
2024-02-23,ZM,0.0050354147571825625,-2.300448130878988,-2.0,9
2024-02-26,ZM,0.0038077938378241944,-2.3885675255131162,-2.0,9
2024-02-27,ZM,-0.0022939703672934858,-1.624337431972398,-2.0,9
2024-02-28,ZM,0.0008598377333099733,-1.2520024204992037,-2.0,9
2024-02-29,ZM,-0.009491961824349686,-0.006280737032268224,-2.0,9
2024-03-01,ZM,-0.010468793310028885,0.19439470297642056,-2.0,9
2024-03-04,ZM,-0.0077393925387307765,0.4703856614165495,-2.0,9
2024-03-05,ZM,0.01458222644097107,-1.531769658178858,-2.0,9
2024-03-06,ZM,0.009253535056219309,-1.4473018848934678,-2.0,9
2024-03-07,ZM,0.006815985127321184,-1.2455498071870148,-2.0,9
2024-03-08,ZM,0.008734664922869636,-1.3496880542894232,-2.0,9
2024-03-11,ZM,-0.0023120972024724797,0.059927886123122054,-2.0,9
2024-03-12,ZM,0.0038479831353533875,-0.2688140959372396,-2.0,9
2024-03-13,ZM,0.002989571530766962,-0.41674512632858923,-2.0,9
2024-03-14,ZM,0.0019115875518026927,-0.07845789018994095,-2.0,9
2024-03-15,ZM,0.005116576493104648,-0.5529539160215594,-2.0,9
2024-03-18,ZM,0.00044645061509789193,-0.23819267995462567,-2.0,9
2024-03-19,ZM,-0.006424446326032083,-0.10606062497350877,-2.0,9
2024-03-20,ZM,-0.017453328173337997,-0.21052119303918623,-2.0,9
2024-03-21,ZM,-0.004957108346921449,-0.6002224368744646,-2.0,9
2024-03-22,ZM,-0.0019532527141869435,-1.3811557800877996,-2.0,9
2024-03-25,ZM,-0.002689520490210806,-1.0733575148479237,-2.0,9
2024-03-26,ZM,-0.014137800690474489,-0.7664620987964372,-2.0,9
2024-03-27,ZM,-0.007178022636285819,-1.6602460102568046,-2.0,9
2024-03-28,ZM,-0.01058350899332853,-1.603927892838816,-2.0,9
2024-04-01,ZM,-0.005843518680497456,-1.9887922689667485,-2.0,9
2024-04-02,ZM,-0.0038952720339191895,-1.5180085200299986,-2.0,9
2024-04-03,ZM,-0.0011937789124333608,-1.742561018852302,-2.0,9
2024-04-04,ZM,-0.0011954760778177767,-1.6531606201964828,-2.0,9
2024-04-05,ZM,-0.002630646820826639,-1.202187290170032,-2.0,9
2024-04-08,ZM,-0.002630646820826639,-1.2288823319342508,-2.0,9
2024-04-09,ZM,-0.004683502067999994,-0.7401209309361655,-2.0,9
2024-04-10,ZM,0.005594247534731718,-1.1323370642426807,-2.0,9
2024-04-11,ZM,0.0008176986064733195,-1.5642795289252502,-2.0,9
2024-04-12,ZM,-0.0013517402529041312,-0.7305773019770717,-2.0,9
2024-04-15,ZM,0.00888768511463301,-2.0403174403185154,-2.0,9
2024-04-16,ZM,0.00713651802575236,-1.9174030292877462,-2.0,9
2024-04-17,ZM,0.002388249293061652,-0.8054896159522453,-2.0,9
2024-04-18,ZM,-0.000939027902054194,-0.21622697009077296,-2.0,9
2024-04-19,ZM,0.005308073085941148,-0.3264066921340511,-2.0,9
2024-04-22,ZM,0.0029894824615775695,-0.12389868388261882,-2.0,9
2024-04-23,ZM,-0.0035934915463074367,0.24971210368606633,-2.0,9
2024-04-24,ZM,0.001374852814196449,0.04173305492164786,-2.0,9
2024-04-25,ZM,-0.0004979752047503603,-0.045312047163047375,-2.0,9
2024-04-26,ZM,0.004460364417978571,-0.46248066257976217,-2.0,9
2024-04-29,ZM,-0.001454895327993508,-0.11977000372009669,-2.0,9
2024-04-30,ZM,0.004791997742221465,-0.5315688571151276,-2.0,9
2024-05-01,ZM,0.0046156096845812655,-0.12385111847290214,-2.0,9
2024-05-02,ZM,0.0052841065530033725,-0.5955314206355904,-2.0,9
2024-05-03,ZM,0.006164543542699503,-0.7164464025296674,-2.0,9
2024-05-06,ZM,0.004565412757897021,-0.8029312918176854,-2.0,9
2024-05-07,ZM,-0.0012288689905436414,-0.32915494482297786,-2.0,9
2024-05-08,ZM,-0.0025696072810106334,-0.2617447251404228,-2.0,9
2024-05-09,ZM,-0.0025696072810106334,-0.40064701422516436,-2.0,9
2024-05-10,ZM,-0.008852115613877018,-0.4673989342296223,-2.0,9
2024-05-13,ZM,-0.006109558801170222,-0.5829389334877225,-2.0,9
2024-05-14,ZM,-0.002757244046500172,-0.8395547206822183,-2.0,9
2024-05-15,ZM,-0.0037768583407675497,-1.1226253720364108,-2.0,9
2024-05-16,ZM,-0.018379115650549453,-0.4874817454392889,-2.0,9
2024-05-17,ZM,-0.0061169996767638495,-1.3882100282120695,-2.0,9
2024-05-20,ZM,-0.0025580852964115146,-1.9392876419626148,-2.0,9
2024-05-21,ZM,-0.006149332229695215,-1.1365957219669713,-2.0,9
2024-05-22,ZM,-0.004951462193185584,-0.6685627059650093,-2.0,9
2024-05-23,ZM,0.0005816788251652599,-2.4283784218792106,-2.0,9
2024-05-24,ZM,-0.005963626854144677,-1.7727516348075238,-2.0,9
2024-05-28,ZM,-0.005204950982831506,-1.5662043959738985,-2.0,9
2024-05-29,ZM,-0.0027755824576974337,-1.6630804348864499,-2.0,9
2024-05-30,ZM,-0.0032276637563922904,-2.05987738311069,-2.0,9
2024-05-31,ZM,-0.008269021402023227,-1.2265960490326697,-2.0,9
2024-06-03,ZM,-0.008037375472844225,-1.5445775390350016,-2.0,9
2024-06-04,ZM,-0.00772337257032691,-1.7887680398823047,-2.0,9
2024-06-05,ZM,-0.008037375472844225,-2.1089513613657065,-2.0,9
2024-06-06,ZM,-0.006483354792928727,-2.1913043899693356,-2.0,9
2024-06-07,ZM,-0.005200106503353965,-2.258210466167377,-2.0,9
2024-06-10,ZM,-0.007326835008944179,-2.2569701914644513,-2.0,9
2024-06-11,ZM,-0.006466378914122471,-2.369013946366031,-2.0,9
2024-06-12,ZM,-0.0010933143629986946,-3.095617606471365,-2.0,9
2024-06-13,ZM,0.00508641664099023,-3.5072679945143523,-2.0,9
2024-06-14,ZM,-0.001067071595484942,-2.6123571795152984,-2.0,9
2024-06-17,ZM,-0.00023387216443577426,-2.588971524755992,-2.0,9
2024-06-18,ZM,0.003213267882174321,-2.8220345059060827,-2.0,9
2024-06-20,ZM,-0.003536985585153844,-2.4456747186081227,-2.0,9
2024-06-21,ZM,-0.01392155959935918,-1.4471543198107089,-2.0,9
2024-06-24,ZM,-0.011907330155757068,-1.8532591540263184,-2.0,9
2024-06-25,ZM,-0.006478714667146092,-2.53411852341981,-2.0,9
2024-06-26,ZM,-0.002545033291679154,-2.7075746786726924,-2.0,9
2024-06-27,ZM,-0.016365197461921735,-1.4104685411227216,-2.0,9
2024-06-28,ZM,-0.01996371061488307,-0.8807912455452847,-2.0,9
2024-07-01,AAPL,-0.009851047751942484,0.9230837151334135,-0.5,10
2024-07-02,AAPL,-0.01679387780607573,1.363277737870964,-0.5,10
2024-07-03,AAPL,-0.010906341685405383,1.2148685591117012,-0.5,10
2024-07-05,AAPL,-0.04683360593928098,2.345446455411854,-0.5,10
2024-07-08,AAPL,-0.01620544378989778,1.2612794467926616,-0.5,10
2024-07-09,AAPL,-0.01679387780607573,1.1473763333258769,-0.5,10
2024-07-10,AAPL,-0.013854379793468524,1.3089725734823903,-0.5,10
2024-07-11,AAPL,1.851621814257089e-05,0.5150652273381822,-0.5,10
2024-07-12,AAPL,-0.004487156170955181,0.3529288931327216,-0.5,10
2024-07-15,AAPL,-0.005156847992943687,0.5306373859151989,-0.5,10
2024-07-16,AAPL,-0.0027279853362425005,0.7026193713396567,-0.5,10
2024-07-17,AAPL,0.001803509990924797,-0.3920763881391866,-0.5,10
2024-07-18,AAPL,0.0025470210563338837,-0.41581898992701516,-0.5,10
2024-07-19,AAPL,0.00043602204269372425,0.5241666256634541,-0.5,10
2024-07-22,AAPL,-0.0022704259496686306,0.9370089400922941,-0.5,10
2024-07-23,AAPL,-0.0068604376320056636,1.280450967789477,-0.5,10
2024-07-24,AAPL,-0.006027206459819895,0.9822183636231071,-0.5,10
2024-07-25,AAPL,-0.0063475671103701324,0.4990126194497273,-0.5,10
2024-07-26,AAPL,-0.0063475671103701324,0.4782996155906232,-0.5,10
2024-07-29,AAPL,-0.0031168380592217675,0.29619648872084564,-0.5,10
2024-07-30,AAPL,-0.0025460751402828132,0.11466256343381745,-0.5,10
2024-07-31,AAPL,-0.008263756574304858,-0.10539699667578475,-0.5,10
2024-08-01,AAPL,0.0008740385754209932,-0.04703994299359432,-0.5,10
2024-08-02,AAPL,0.002985512016188075,0.18407656405121015,-0.5,10
2024-08-05,AAPL,0.01270322435161846,0.06423935211870177,-0.5,10
2024-08-06,AAPL,0.013541717056396787,-0.17346764871405498,-0.5,10
2024-08-07,AAPL,-0.004732511289799878,0.22747452548464678,-0.5,10
2024-08-08,AAPL,-0.0022338492075473474,0.09666040974300283,-0.5,10
2024-08-09,AAPL,0.00017964753979962,0.23630758005456182,-0.5,10
2024-08-12,AAPL,-0.0026601459040696174,0.2139484028693185,-0.5,10
2024-08-13,AAPL,-0.009299669427380208,0.2010455806033951,-0.5,10
2024-08-14,AAPL,-0.009315973928171252,0.21872416587377552,-0.5,10
2024-08-15,AAPL,-0.010893114013923984,0.3083950747948826,-0.5,10
2024-08-16,AAPL,-0.010365958447609885,0.3215874829920052,-0.5,10
2024-08-19,AAPL,-0.006462205212271767,0.13411754205294865,-0.5,10
2024-08-20,AAPL,-0.005109354513682387,0.14582900918775987,-0.5,10
2024-08-21,AAPL,-0.0045221714955541266,0.20158330851691644,-0.5,10
2024-08-22,AAPL,-0.004302499275257156,0.15768669145124872,-0.5,10
2024-08-23,AAPL,0.005230748191900391,0.19794361262447824,-0.5,10
2024-08-26,AAPL,0.005326131810850028,0.15252587188415545,-0.5,10
2024-08-27,AAPL,0.00509046015238965,0.1383308868176059,-0.5,10
2024-08-28,AAPL,0.005416691257332269,0.1622449490485843,-0.5,10
2024-08-29,AAPL,0.006165974325516693,0.38687259469646157,-0.5,10
2024-08-30,AAPL,-0.004542220121148295,-0.22357434363442572,-0.5,10
2024-09-03,AAPL,-0.0048141867394687335,0.10447311923585549,-0.5,10
2024-09-04,AAPL,-0.006818070728291927,0.2584979892608765,-0.5,10
2024-09-05,AAPL,-0.007641164809320269,-0.0641542101674194,-0.5,10
2024-09-06,AAPL,-0.008343445160584472,0.30753465210386055,-0.5,10
2024-09-09,AAPL,-0.007490974566259446,-0.007712187796132697,-0.5,10
2024-09-10,AAPL,-0.007490974566259446,-0.24830207853331387,-0.5,10
2024-09-11,AAPL,-0.008234634889102352,-0.36287161008960284,-0.5,10
2024-09-12,AAPL,-0.008083999683247023,-0.5585565087495151,-0.5,10
2024-09-13,AAPL,-0.007902577509354924,-0.4664293813783827,-0.5,10
2024-09-16,AAPL,-0.0008088967879744434,-1.093789203979638,-0.5,10
2024-09-17,AAPL,-0.005131496940973737,-0.7124782992611507,-0.5,10
2024-09-18,AAPL,-0.0028928995676107644,-0.5014787499989172,-0.5,10
2024-09-19,AAPL,-0.003225426087529566,-0.2576624358631956,-0.5,10
2024-09-20,AAPL,-0.004302499275257156,-0.2984325336680864,-0.5,10
2024-09-23,AAPL,-0.007993995014128607,-0.36782716794761483,-0.5,10
2024-09-24,AAPL,-0.008242236534696228,-0.6251911526299077,-0.5,10
2024-09-25,AAPL,-0.0024922553145808935,-0.7760378253169722,-0.5,10
2024-09-26,AAPL,-0.003446049003298703,-0.759015531542376,-0.5,10
2024-09-27,AAPL,-0.0024922553145808935,-1.091369540141926,-0.5,10
2024-09-30,AAPL,-0.004550740795824774,-0.5940484074111709,-0.5,10
2024-10-01,AAPL,-0.003336513654041725,-1.0166807900118147,-0.5,10
2024-10-02,AAPL,-0.004344437181022834,-0.7675908139704308,-0.5,10
2024-10-03,AAPL,-0.007651753797869246,-0.8478961821299439,-0.5,10
2024-10-04,AAPL,-0.004753404025041637,-1.0149314244393866,-0.5,10
2024-10-07,AAPL,-0.003137826073369164,-0.9761267406318926,-0.5,10
2024-10-08,AAPL,-0.004889904102332704,-0.6969495750786244,-0.5,10
2024-10-09,AAPL,-0.004687240873115841,-0.5780201829185574,-0.5,10
2024-10-10,AAPL,-0.0046836004875307645,-0.5207953766663793,-0.5,10
2024-10-11,AAPL,-0.0046836004875307645,-0.5979693316410687,-0.5,10
2024-10-14,AAPL,-0.0039435963395802985,0.06156019520889587,-0.5,10
2024-10-15,AAPL,-0.005841720435012533,0.5652470166624298,-0.5,10
2024-10-16,AAPL,-0.0036085227183334395,-0.16825879323620468,-0.5,10
2024-10-17,AAPL,-0.004344437181022834,-0.3200747732638737,-0.5,10
2024-10-18,AAPL,-0.003347930406126348,-0.23522559837633206,-0.5,10
2024-10-21,AAPL,-0.0026120159434369536,-0.04638426944860294,-0.5,10
2024-10-22,AAPL,-0.003141626791324408,-0.0008716923480838468,-0.5,10
2024-10-23,AAPL,-0.0014359542361179756,-0.14153470619212424,-0.5,10
2024-10-24,AAPL,-0.0033442900205412716,-0.1457620096186487,-0.5,10
2024-10-25,AAPL,-0.003347930406126348,-0.27719588197250566,-0.5,10
2024-10-28,AAPL,-0.002243238613600275,-0.5933376623997658,-0.5,10
2024-10-29,AAPL,-0.004174546917911365,-0.22854180553493045,-0.5,10
2024-10-30,AAPL,-0.004174546917911365,-0.5658482434776273,-0.5,10
2024-10-31,AAPL,-0.0029210647957411927,-0.5074617992098689,-0.5,10
2024-11-01,AAPL,-0.004477851373027809,-0.8212812355691701,-0.5,10
2024-11-04,AAPL,6.703007109038813e-05,-0.44354763234594063,-0.5,10
2024-11-05,AAPL,-0.004477089246824314,-0.5360731138096995,-0.5,10
2024-11-06,AAPL,8.557744371926875e-05,-1.163140277807313,-0.5,10
2024-11-07,AAPL,-0.001979830581014853,-1.2136813286758172,-0.5,10
2024-11-08,AAPL,-0.0018773914675183525,-0.9803336198282164,-0.5,10
2024-11-11,AAPL,-0.00046226342088401544,-0.8582954277024157,-0.5,10
2024-11-12,AAPL,-0.005798417996337261,-0.8772759599135276,-0.5,10
2024-11-13,AAPL,-0.005287910358200133,-1.0792164733615104,-0.5,10
2024-11-14,AAPL,-0.0022840675312888227,-1.1235545735660561,-0.5,10
2024-11-15,AAPL,-0.0031249628603579847,-0.9232787935838125,-0.5,10
2024-11-18,AAPL,-0.0026902363383939005,-0.8634609312351773,-0.5,10
2024-11-19,AAPL,-0.002483932723591961,-0.9643773353281132,-0.5,10
2024-11-20,AAPL,-0.003280574306185309,-0.7188170252634529,-0.5,10
2024-11-21,AAPL,-0.0035251754411678472,-0.7151706443402008,-0.5,10
2024-11-22,AAPL,-0.004234367994903118,-0.7082160156658369,-0.5,10
2024-11-25,AAPL,-0.004234367994903118,-0.6499573855553221,-0.5,10
2024-11-26,AAPL,-0.005700893448882075,-0.5549387376765735,-0.5,10
2024-11-27,AAPL,-0.004867247152413218,-0.3345547695852077,-0.5,10
2024-11-29,AAPL,-0.00554580968017359,-0.22494929215177267,-0.5,10
2024-12-02,AAPL,0.0031103124004812333,0.3091745912249649,-0.5,10
2024-12-03,AAPL,0.0024341531928112224,0.8809429453555837,-0.5,10
2024-12-04,AAPL,0.0029476417557567584,0.8088097889159165,-0.5,10
2024-12-05,AAPL,0.0035611936636137913,1.1080792128418147,-0.5,10
2024-12-06,AAPL,0.018160384417351284,0.4930651188515877,-0.5,10
2024-12-09,AAPL,0.01799662011985791,0.6057262012055324,-0.5,10
2024-12-10,AAPL,0.016118458924699184,1.140377981694861,-0.5,10
2024-12-11,AAPL,0.01628222322219256,0.9115148665421166,-0.5,10
2024-12-12,AAPL,0.0180193152828974,1.0355219507215723,-0.5,10
2024-12-13,AAPL,0.018160384417351284,0.7721664513182466,-0.5,10
2024-12-16,AAPL,0.016075919607390615,0.7145950370641747,-0.5,10
2024-12-17,AAPL,0.016118458924699184,0.6008134232847056,-0.5,10
2024-12-18,AAPL,0.011932981107525852,0.6670974204564979,-0.5,10
2024-12-19,AAPL,0.010826728533972896,0.5861024066941419,-0.5,10
2024-12-20,AAPL,-0.0017604923321989751,0.7194078104618589,-0.5,10
2024-12-23,AAPL,-0.0015541887173970352,0.7213140138315839,-0.5,10
2024-12-24,AAPL,0.00541931937367283,0.6322247472366018,-0.5,10
2024-12-26,AAPL,0.006209939449783821,0.7255444695912263,-0.5,10
2024-12-27,AAPL,0.007966984888227932,0.6916520966429909,-0.5,10
2024-12-30,AAPL,0.009644022760611284,0.5471039603103514,-0.5,10
2024-12-31,AAPL,0.01162119049640049,0.5663450862156895,-0.5,10
2024-07-01,AMZN,-0.023165794556578814,1.3022258535962243,-0.5,10
2024-07-02,AMZN,-0.022322844536871753,1.3637883020451829,-0.5,10
2024-07-03,AMZN,-0.013371306927806791,0.810002514088946,-0.5,10
2024-07-05,AMZN,-0.01357761054260873,0.8563817249910692,-0.5,10
2024-07-08,AMZN,-0.017433836055886012,0.3573821174272226,-0.5,10
2024-07-09,AMZN,-0.016115889073211816,0.3117254372911287,-0.5,10
2024-07-10,AMZN,-0.016115889073211816,0.11512497042045922,-0.5,10
2024-07-11,AMZN,-0.014499863294663252,0.23261957085418875,-0.5,10
2024-07-12,AMZN,-0.022160009004002734,0.23079906190311142,-0.5,10
2024-07-15,AMZN,-0.01858114647165992,0.023911488415274552,-0.5,10
2024-07-16,AMZN,-0.019298000449373173,0.07747700410687736,-0.5,10
2024-07-17,AMZN,-0.01711914232885383,-0.1757489661163331,-0.5,10
2024-07-18,AMZN,-0.021279676911837582,-0.17744467232367334,-0.5,10
2024-07-19,AMZN,-0.015173491433552552,-0.47674591166038466,-0.5,10
2024-07-22,AMZN,-0.00320805533323736,-1.6074296954973675,-0.5,10
2024-07-23,AMZN,-0.013452022198763297,-0.9259128265402171,-0.5,10
2024-07-24,AMZN,-0.006508346999816789,-0.38906601745001773,-0.5,10
2024-07-25,AMZN,-0.0031457154953794635,-0.8840436158094727,-0.5,10
2024-07-26,AMZN,-0.010330636878564737,-0.5958425171558764,-0.5,10
2024-07-29,AMZN,-0.012007339438484586,-0.48550644096115175,-0.5,10
2024-07-30,AMZN,-0.013737705233578174,-0.14701205488540414,-0.5,10
2024-07-31,AMZN,-0.020041678493629905,-0.593422705482704,-0.5,10
2024-08-01,AMZN,-0.01619491195813286,-0.17763792770648884,-0.5,10
2024-08-02,AMZN,-0.06298026339099719,0.4357470532778387,-0.5,10
2024-08-05,AMZN,-0.07217140710974992,0.5848550036808782,-0.5,10
2024-08-06,AMZN,-0.07810877035172158,0.626311522902136,-0.5,10
2024-08-07,AMZN,-0.0762873620475473,0.7021789931057348,-0.5,10
2024-08-08,AMZN,-0.07348864800312628,0.7911881639334828,-0.5,10
2024-08-09,AMZN,-0.07079950798578134,0.8436666352222922,-0.5,10
2024-08-12,AMZN,-0.07035519050049453,1.067073253027158,-0.5,10
2024-08-13,AMZN,-0.08253378179992547,1.0573521665477759,-0.5,10
2024-08-14,AMZN,-0.07206509481200594,1.0698774769630253,-0.5,10
2024-08-15,AMZN,-0.0695297807128193,1.3163767168274563,-0.5,10
2024-08-16,AMZN,-0.06369282199029697,1.2854624085948942,-0.5,10
2024-08-19,AMZN,-0.06916804467584232,1.3026219598307298,-0.5,10
2024-08-20,AMZN,-0.07164742393306144,1.1885248988702366,-0.5,10
2024-08-21,AMZN,-0.06435163808988903,1.1230977216483538,-0.5,10
2024-08-22,AMZN,-0.0902599345146858,0.9452652256001461,-0.5,10
2024-08-23,AMZN,-0.028834933181821707,0.4908660896686154,-0.5,10
2024-08-26,AMZN,-0.04193371835869654,0.5621937687200032,-0.5,10
2024-08-27,AMZN,-0.03454775707692684,0.5046279382137921,-0.5,10
2024-08-28,AMZN,-0.053011028194551654,0.32615080088050685,-0.5,10
2024-08-29,AMZN,-0.05797096986231718,0.16625633800205858,-0.5,10
2024-08-30,AMZN,-0.015295415069702596,0.16719201943196446,-0.5,10
2024-09-03,AMZN,-0.010954017963281345,0.495940960154604,-0.5,10
2024-09-04,AMZN,-0.010769946286859634,0.35251077487018423,-0.5,10
2024-09-05,AMZN,-0.011792687312511055,0.4245332157803321,-0.5,10
2024-09-06,AMZN,-0.014967672809432724,0.3565292366235343,-0.5,10
2024-09-09,AMZN,-0.011642233152489904,0.4203155682641457,-0.5,10
2024-09-10,AMZN,-0.012299360502646598,0.6063709664175552,-0.5,10
2024-09-11,AMZN,-0.024799287188616934,0.8956854023433161,-0.5,10
2024-09-12,AMZN,-0.02550832034534911,1.1975802384475793,-0.5,10
2024-09-13,AMZN,-0.018383603803917188,0.6043482218199147,-0.5,10
2024-09-16,AMZN,-0.01940368926094624,0.4544322923661137,-0.5,10
2024-09-17,AMZN,-0.022326700812575668,0.7907477868865187,-0.5,10
2024-09-18,AMZN,-0.034512138578761974,0.9898925347797709,-0.5,10
2024-09-19,AMZN,-0.033982527730874526,0.9011945740376539,-0.5,10
2024-09-20,AMZN,-0.03680536330216754,1.5547108844350037,-0.5,10
2024-09-23,AMZN,-0.03653444181439117,1.5493816887782306,-0.5,10
2024-09-24,AMZN,-0.026802384038185384,1.4883532560307886,-0.5,10
2024-09-25,AMZN,-0.02492788347976224,1.364556039775752,-0.5,10
2024-09-26,AMZN,-0.016972761394245035,0.8453109520288575,-0.5,10
2024-09-27,AMZN,-0.029412330953783927,1.0187595639153566,-0.5,10
2024-09-30,AMZN,-0.01980105521364849,0.6745306731987282,-0.5,10
2024-10-01,AMZN,-0.02090714330024797,0.2154999408997785,-0.5,10
2024-10-02,AMZN,-0.022538186315914224,0.37988966607459973,-0.5,10
2024-10-03,AMZN,-0.024191641251997215,-0.263046222145733,-0.5,10
2024-10-04,AMZN,-0.028936051954274435,0.3286734505432402,-0.5,10
2024-10-07,AMZN,-0.025497055776894553,-0.27761143131173094,-0.5,10
2024-10-08,AMZN,-0.029486935351975642,-0.35175303803645575,-0.5,10
2024-10-09,AMZN,-0.029458875298639067,-0.5500876068014369,-0.5,10
2024-10-10,AMZN,-0.029431869481304926,-0.528595282455846,-0.5,10
2024-10-11,AMZN,-0.02822096173533345,-0.3150967323925482,-0.5,10
2024-10-14,AMZN,-0.03068258235917468,-0.15930564978939993,-0.5,10
2024-10-15,AMZN,-0.025701128817583286,-0.32467873186514007,-0.5,10
2024-10-16,AMZN,-0.025701128817583286,-0.4263206300991502,-0.5,10
2024-10-17,AMZN,-0.02332259572800116,-0.35727184911230475,-0.5,10
2024-10-18,AMZN,-0.023528899342803104,-0.4417637158348118,-0.5,10
2024-10-21,AMZN,-0.021990876905944243,-0.5317114217292697,-0.5,10
2024-10-22,AMZN,-0.022787518488537592,-0.5125118389321366,-0.5,10
2024-10-23,AMZN,-0.02411538833953073,-0.7418484853795351,-0.5,10
2024-10-24,AMZN,-0.024582125407397924,-0.3985639257538529,-0.5,10
2024-10-25,AMZN,-0.025591179824443575,-0.1095251183889197,-0.5,10
2024-10-28,AMZN,-0.02648956800216771,-0.061232755074122625,-0.5,10
2024-10-29,AMZN,-0.02484600396978148,0.059036073425248414,-0.5,10
2024-10-30,AMZN,-0.024772110747009524,0.20375000670478688,-0.5,10
2024-10-31,AMZN,-0.026822177699406646,0.31718276998129397,-0.5,10
2024-11-01,AMZN,-0.0440285633049741,1.3994813149572265,-0.5,10
2024-11-04,AMZN,-0.03031481691414922,1.5854425291434475,-0.5,10
2024-11-05,AMZN,-0.02999835969550791,1.6352374585885396,-0.5,10
2024-11-06,AMZN,-0.036875207885917055,1.9694782051168453,-0.5,10
2024-11-07,AMZN,-0.03718020674080416,1.921370029935678,-0.5,10
2024-11-08,AMZN,-0.031960899289155964,1.7676428693226902,-0.5,10
2024-11-11,AMZN,-0.03094194853767832,1.3321606438549647,-0.5,10
2024-11-12,AMZN,-0.02950241889832797,1.2357439309214149,-0.5,10
2024-11-13,AMZN,-0.028929844344540444,1.2845093371029186,-0.5,10
2024-11-14,AMZN,-0.03139926742308053,1.5884970336056872,-0.5,10
2024-11-15,AMZN,-0.08337592160955996,1.7983642764366594,-0.5,10
2024-11-18,AMZN,-0.07925456037981607,1.9558150210053897,-0.5,10
2024-11-19,AMZN,-0.08534735845319125,2.1048062850867972,-0.5,10
2024-11-20,AMZN,-0.08901374797565484,2.200659278272892,-0.5,10
2024-11-21,AMZN,-0.1004046333436518,1.8246622517387479,-0.5,10
2024-11-22,AMZN,-0.09554947068177733,1.571465167476911,-0.5,10
2024-11-25,AMZN,-0.09411062800414348,1.719959495872014,-0.5,10
2024-11-26,AMZN,-0.06678885917611288,2.2418376741733415,-0.5,10
2024-11-27,AMZN,-0.07393809541325352,1.7762707444154222,-0.5,10
2024-11-29,AMZN,-0.07112457087852243,1.9722204447412421,-0.5,10
2024-12-02,AMZN,-0.017095706770681677,0.8910692569346372,-0.5,10
2024-12-03,AMZN,-0.01785379714721606,1.5030547489835984,-0.5,10
2024-12-04,AMZN,-0.015217099177480098,1.4228756877328426,-0.5,10
2024-12-05,AMZN,-0.015225405954010021,1.1746685012120384,-0.5,10
2024-12-06,AMZN,-0.015329217064078124,1.5577921635621248,-0.5,10
2024-12-09,AMZN,-0.01523874413251995,1.536748918223959,-0.5,10
2024-12-10,AMZN,-0.020769555465347034,1.601351134439999,-0.5,10
2024-12-11,AMZN,-0.017343587845731378,1.4194882951781347,-0.5,10
2024-12-12,AMZN,-0.0037678301894521786,0.9051953721739687,-0.5,10
2024-12-13,AMZN,-0.005521502039263373,0.9523420177178519,-0.5,10
2024-12-16,AMZN,0.007630952039182643,1.1717881901273295,-0.5,10
2024-12-17,AMZN,0.0017090384014889703,1.092862274735809,-0.5,10
2024-12-18,AMZN,-0.0018991331234018561,0.7502777273989193,-0.5,10
2024-12-19,AMZN,-0.0007393804092780323,0.8543359799158089,-0.5,10
2024-12-20,AMZN,-7.491420518940626e-05,0.8751303460464361,-0.5,10
2024-12-23,AMZN,0.0008711787912564743,0.9802437784384138,-0.5,10
2024-12-24,AMZN,0.00187555816075546,0.9564884191301349,-0.5,10
2024-12-26,AMZN,-0.0031692482191137527,0.7386757332610964,-0.5,10
2024-12-27,AMZN,-0.0038590536547186845,0.8373103743536263,-0.5,10
2024-12-30,AMZN,-0.006652970457609055,0.7617031029893897,-0.5,10
2024-12-31,AMZN,-0.007388884920298449,0.7056947439827391,-0.5,10
2024-07-01,GOOGL,-0.01143679978434787,0.16793473274365336,-0.5,10
2024-07-02,GOOGL,-0.009310705692407701,0.33389988615342653,-0.5,10
2024-07-03,GOOGL,-0.009104402077605763,0.2827937605467446,-0.5,10
2024-07-05,GOOGL,-0.00777656073890348,0.5186195936850734,-0.5,10
2024-07-08,GOOGL,-0.017435657982073912,0.2917956126779463,-0.5,10
2024-07-09,GOOGL,-0.023646283586905455,0.7316889506029987,-0.5,10
2024-07-10,GOOGL,-0.01547700613420059,0.31678808935534414,-0.5,10
2024-07-11,GOOGL,-0.021919939700840305,0.649861164435011,-0.5,10
2024-07-12,GOOGL,-0.028044651246971964,0.44648460031936044,-0.5,10
2024-07-15,GOOGL,-0.02566517275189634,0.5938328718072664,-0.5,10
2024-07-16,GOOGL,-0.026453634394495367,0.05803052997116338,-0.5,10
2024-07-17,GOOGL,-0.02932364520946968,0.32284383948203504,-0.5,10
2024-07-18,GOOGL,-0.029553792047678946,0.25758323836588154,-0.5,10
2024-07-19,GOOGL,-0.02768790048417189,0.32388533976410794,-0.5,10
2024-07-22,GOOGL,-0.031042018596779897,0.4258305330670545,-0.5,10
2024-07-23,GOOGL,-0.03147674511874398,-0.013159800441872815,-0.5,10
2024-07-24,GOOGL,-0.025882751259944086,-0.40446250613022083,-0.5,10
2024-07-25,GOOGL,-0.010715245270140766,-0.9398086508730128,-0.5,10
2024-07-26,GOOGL,-0.016862540512561114,-0.49434385202968056,-0.5,10
2024-07-29,GOOGL,-0.023739936559846696,0.027238804312320175,-0.5,10
2024-07-30,GOOGL,-0.015752650751962072,0.07065107392418035,-0.5,10
2024-07-31,GOOGL,-0.038954489020747135,0.03951335995134764,-0.5,10
2024-08-01,GOOGL,-0.03305554562553347,0.14812443630605887,-0.5,10
2024-08-02,GOOGL,-0.009451984587924048,-0.3280286173824916,-0.5,10
2024-08-05,GOOGL,-0.025621505483254717,0.11958021037506117,-0.5,10
2024-08-06,GOOGL,-0.03172812240517001,0.07724803385381668,-0.5,10
2024-08-07,GOOGL,-0.01938070359737504,0.00414549317818802,-0.5,10
2024-08-08,GOOGL,-0.02121820558595497,-0.0240785665307143,-0.5,10
2024-08-09,GOOGL,-0.015308664459348672,0.11498304717305921,-0.5,10
2024-08-12,GOOGL,-0.015948473362041922,0.03964814096789779,-0.5,10
2024-08-13,GOOGL,-0.024120763047740846,0.07086817771284931,-0.5,10
2024-08-14,GOOGL,-0.02082952146937743,-0.14133816672987257,-0.5,10
2024-08-15,GOOGL,-0.01893577578230197,-0.1782578329475721,-0.5,10
2024-08-16,GOOGL,-0.01982314697635215,-0.1161697525320364,-0.5,10
2024-08-19,GOOGL,-0.01684284742191951,-0.3128641258805546,-0.5,10
2024-08-20,GOOGL,-0.016419427594766944,-0.22098444366895942,-0.5,10
2024-08-21,GOOGL,-0.005318027621130753,-0.29812171361893736,-0.5,10
2024-08-22,GOOGL,0.006651401772526976,-0.31465394492877957,-0.5,10
2024-08-23,GOOGL,0.0028203917170806386,-0.051758384752718795,-0.5,10
2024-08-26,GOOGL,0.0026894435968731444,-0.16628912543401642,-0.5,10
2024-08-27,GOOGL,0.0032746955900518097,-0.27794741218729074,-0.5,10
2024-08-28,GOOGL,0.0025128582359843924,-0.2773748423981975,-0.5,10
2024-08-29,GOOGL,0.018059944074645087,-0.47792862494099236,-0.5,10
2024-08-30,GOOGL,0.009766951409120157,-1.1938963040834574,-0.5,10
2024-09-03,GOOGL,0.006549580379422663,-0.8808118256791588,-0.5,10
2024-09-04,GOOGL,0.011353894359869025,-0.9145465046368831,-0.5,10
2024-09-05,GOOGL,0.007686218197808806,-1.245429833934493,-0.5,10
2024-09-06,GOOGL,0.007395598359031367,-1.1640054673446685,-0.5,10
2024-09-09,GOOGL,0.01897062823102821,-1.8652194715115236,-0.5,10
2024-09-10,GOOGL,0.016828293347850024,-1.7187503024733966,-0.5,10
2024-09-11,GOOGL,0.018938333748399365,-1.863723560742578,-0.5,10
2024-09-12,GOOGL,0.00034746423783573696,-1.3017143244773062,-0.5,10
2024-09-13,GOOGL,0.010234313041666316,-0.9036357277890911,-0.5,10
2024-09-16,GOOGL,0.007486536582003095,-1.0064881829059502,-0.5,10
2024-09-17,GOOGL,0.010461144321250134,-0.9690990047862023,-0.5,10
2024-09-18,GOOGL,0.01002641779928605,-0.9406601400222069,-0.5,10
2024-09-19,GOOGL,0.011340417700150589,-1.0032765178287664,-0.5,10
2024-09-20,GOOGL,0.010939186954112497,-0.8214328890673097,-0.5,10
2024-09-23,GOOGL,0.019737680694616812,-1.1035963102610538,-0.5,10
2024-09-24,GOOGL,0.02034201047488267,-1.6981483117023615,-0.5,10
2024-09-25,GOOGL,0.02034201047488267,-1.493930946160975,-0.5,10
2024-09-26,GOOGL,0.019688145955427738,-1.2218939223729501,-0.5,10
2024-09-27,GOOGL,0.020672687209757182,-1.1242239745734426,-0.5,10
2024-09-30,GOOGL,0.020672687209757182,-1.0772685981103396,-0.5,10
2024-10-01,GOOGL,0.012282834759598888,-0.2431421869242512,-0.5,10
2024-10-02,GOOGL,0.012404870820744946,-0.4796898033974192,-0.5,10
2024-10-03,GOOGL,0.012583057288589702,-0.6922176945533698,-0.5,10
2024-10-04,GOOGL,0.010931423540824147,-0.36148177110156876,-0.5,10
2024-10-07,GOOGL,0.010331165789185737,-0.06238775552439438,-0.5,10
2024-10-08,GOOGL,0.007601253374888433,-0.1137076685386737,-0.5,10
2024-10-09,GOOGL,0.018522906753071187,-0.41972848293851234,-0.5,10
2024-10-10,GOOGL,0.019408724139518385,-0.6430649561652121,-0.5,10
2024-10-11,GOOGL,0.020172626212574953,-0.8554304778775955,-0.5,10
2024-10-14,GOOGL,0.020172626212574953,-0.727702070084271,-0.5,10
2024-10-15,GOOGL,0.020378929827376897,-0.6204901798529157,-0.5,10
2024-10-16,GOOGL,0.020378929827376897,-0.8886017949819878,-0.5,10
2024-10-17,GOOGL,0.01695140709756479,-0.9257906973017945,-0.5,10
2024-10-18,GOOGL,0.01706054059882028,-1.1504481114682712,-0.5,10
2024-10-21,GOOGL,0.019182613333674724,-0.8371013711459752,-0.5,10
2024-10-22,GOOGL,0.020172626212574953,-0.7741666738740626,-0.5,10
2024-10-23,GOOGL,0.018418711260618156,-0.6972255159350766,-0.5,10
2024-10-24,GOOGL,0.01874788681171064,-0.8362680889520254,-0.5,10
2024-10-25,GOOGL,0.019843450661482468,-0.8601095130050065,-0.5,10
2024-10-28,GOOGL,0.019843450661482468,-0.8662874845386797,-0.5,10
2024-10-29,GOOGL,0.018316603138269244,-0.8337097978236658,-0.5,10
2024-10-30,GOOGL,0.0074248257983965974,-0.08040339891407354,-0.5,10
2024-10-31,GOOGL,0.008431092361100729,-0.016164549992225802,-0.5,10
2024-11-01,GOOGL,0.005738697669531702,-0.08297645502760002,-0.5,10
2024-11-04,GOOGL,0.005694676542689513,0.17471999928306564,-0.5,10
2024-11-05,GOOGL,0.005694676542689513,0.018990936921395585,-0.5,10
2024-11-06,GOOGL,0.0034192271810496405,0.2758229929766266,-0.5,10
2024-11-07,GOOGL,-0.0008935135521284327,0.4474014383366367,-0.5,10
2024-11-08,GOOGL,0.005738697669531702,0.053400787798140725,-0.5,10
2024-11-11,GOOGL,0.004110068786988801,0.2747791257158595,-0.5,10
2024-11-12,GOOGL,0.0048632736387174335,0.1620695010003415,-0.5,10
2024-11-13,GOOGL,0.005694676542689513,-0.14822489304944517,-0.5,10
2024-11-14,GOOGL,0.007217255579554576,-0.296380326787845,-0.5,10
2024-11-15,GOOGL,0.005694676542689513,0.10809274784847081,-0.5,10
2024-11-18,GOOGL,0.005488372927887572,0.39158770525782155,-0.5,10
2024-11-19,GOOGL,-0.005678916130634927,0.7046414567590742,-0.5,10
2024-11-20,GOOGL,-0.0054726125158329865,0.5267177462293364,-0.5,10
2024-11-21,GOOGL,-0.01207199866720638,-0.027096457061806613,-0.5,10
2024-11-22,GOOGL,-0.01110025331107203,-0.5586518762858108,-0.5,10
2024-11-25,GOOGL,-0.012498837614956156,-0.4287987348666814,-0.5,10
2024-11-26,GOOGL,-0.012150404471707557,-0.566176983529357,-0.5,10
2024-11-27,GOOGL,-0.005831392421910468,-1.0299787106161624,-0.5,10
2024-11-29,GOOGL,0.001079334258857247,-1.3971009638705323,-0.5,10
2024-12-02,GOOGL,-0.004013007497159927,-0.7527172126921114,-0.5,10
2024-12-03,GOOGL,0.001998301916824502,-0.5789445066953425,-0.5,10
2024-12-04,GOOGL,-0.0015153258048424532,0.07512215598143085,-0.5,10
2024-12-05,GOOGL,0.0018136529534971849,-0.21275923739857075,-0.5,10
2024-12-06,GOOGL,0.007340554794329515,-0.2510528958323903,-0.5,10
2024-12-09,GOOGL,0.00794488457459537,-0.1760441966519463,-0.5,10
2024-12-10,GOOGL,-0.01810207752468406,0.9029161907729621,-0.5,10
2024-12-11,GOOGL,-0.05252313192071536,1.6358887669391222,-0.5,10
2024-12-12,GOOGL,-0.08507298391967638,1.8720123951540757,-0.5,10
2024-12-13,GOOGL,-0.06912475502267937,1.8486558199644256,-0.5,10
2024-12-16,GOOGL,-0.06368169129227493,2.043897363375062,-0.5,10
2024-12-17,GOOGL,-0.06911558337071083,1.5990529043224764,-0.5,10
2024-12-18,GOOGL,-0.09617865083775227,1.7329450819962036,-0.5,10
2024-12-19,GOOGL,-0.08286870021403411,1.803944599214606,-0.5,10
2024-12-20,GOOGL,-0.08194785514040683,2.227273508451247,-0.5,10
2024-12-23,GOOGL,-0.0798441413579059,2.619830876336274,-0.5,10
2024-12-24,GOOGL,-0.08184231970059262,2.548795120079465,-0.5,10
2024-12-26,GOOGL,-0.08679363505267948,2.631989196263543,-0.5,10
2024-12-27,GOOGL,-0.09130930352046675,2.609731669196159,-0.5,10
2024-12-30,GOOGL,-0.09312061715328573,2.601393551142645,-0.5,10
2024-12-31,GOOGL,-0.10341433763890752,2.54820101485926,-0.5,10
2024-07-01,INTC,0.00624671094388112,-1.2741228103048874,-0.5,10
2024-07-02,INTC,0.019135477948209075,-1.1081750743846992,-0.5,10
2024-07-03,INTC,0.022572453208065363,-1.0851865696833025,-0.5,10
2024-07-05,INTC,0.015200423067029173,-0.6517082987840943,-0.5,10
2024-07-08,INTC,-0.02817150166841729,1.2920117228940047,-0.5,10
2024-07-09,INTC,-0.012751560951714203,0.5743393373160343,-0.5,10
2024-07-10,INTC,-0.0056083535874955565,0.30173946270894936,-0.5,10
2024-07-11,INTC,-0.02307387282883892,1.1792578664961249,-0.5,10
2024-07-12,INTC,-0.033051471508392966,2.091825417351436,-0.5,10
2024-07-15,INTC,-0.024425863771163923,1.9202798647156685,-0.5,10
2024-07-16,INTC,-0.02599085208387385,1.764848352820638,-0.5,10
2024-07-17,INTC,-0.021848642821303534,1.4357376857005257,-0.5,10
2024-07-18,INTC,-0.015561276340807496,1.5809594338632356,-0.5,10
2024-07-19,INTC,0.006725774875866164,0.45483598617303367,-0.5,10
2024-07-22,INTC,-0.0003413678377891102,0.7313403519619498,-0.5,10
2024-07-23,INTC,0.0038518929533230347,0.8215479524943315,-0.5,10
2024-07-24,INTC,0.01420615940107496,0.11205267599043078,-0.5,10
2024-07-25,INTC,0.0021721291703185714,0.2329257212172854,-0.5,10
2024-07-26,INTC,5.9697330616210185e-06,0.18235022842073684,-0.5,10
2024-07-29,INTC,-0.004615428105505784,-0.23818613011930706,-0.5,10
2024-07-30,INTC,-0.013001176727964732,0.3971328595446538,-0.5,10
2024-07-31,INTC,-0.004045880903482008,-0.5173724229550137,-0.5,10
2024-08-01,INTC,0.009221344624030611,-0.8964694586317297,-0.5,10
2024-08-02,INTC,0.021001229983132447,-2.4962235231796845,-0.5,10
2024-08-05,INTC,0.02307431856640247,-2.3373760734193496,-0.5,10
2024-08-06,INTC,0.01386045250639678,-2.3395439290502233,-0.5,10
2024-08-07,INTC,0.02426587939860761,-2.368692904444912,-0.5,10
2024-08-08,INTC,-0.010883344808983234,-2.144023763913412,-0.5,10
2024-08-09,INTC,0.00039763145177852953,-2.309950437127267,-0.5,10
2024-08-12,INTC,-0.006757898635477903,-2.3753933916967287,-0.5,10
2024-08-13,INTC,-0.00043893198103649194,-2.677016361898661,-0.5,10
2024-08-14,INTC,0.0168266663980129,-3.1102704026168646,-0.5,10
2024-08-15,INTC,0.013449852142367602,-3.015932956469223,-0.5,10
2024-08-16,INTC,0.004886174170515604,-2.730882802821003,-0.5,10
2024-08-19,INTC,0.009497896757130564,-2.8880844967345385,-0.5,10
2024-08-20,INTC,0.01307513017383908,-2.7229455269927425,-0.5,10
2024-08-21,INTC,0.008501838842663048,-2.4710115064811675,-0.5,10
2024-08-22,INTC,0.03993879775801321,-2.7429639793689624,-0.5,10
2024-08-23,INTC,0.03893607371846036,-2.8109217623623697,-0.5,10
2024-08-26,INTC,0.04334908637566209,-2.8749142877129477,-0.5,10
2024-08-27,INTC,0.028092211880866667,-2.6280243498182436,-0.5,10
2024-08-28,INTC,0.04085089882606019,-2.935497698303317,-0.5,10
2024-08-29,INTC,0.10967515217911816,-3.1269827632915494,-0.5,10
2024-08-30,INTC,0.0675689377507777,-1.2360002741881224,-0.5,10
2024-09-03,INTC,0.08527329469568311,-1.72963599629882,-0.5,10
2024-09-04,INTC,0.08943076259430018,-1.9964433440593492,-0.5,10
2024-09-05,INTC,0.07773848484561864,-1.7252488703807725,-0.5,10
2024-09-06,INTC,0.08861350608621536,-2.281894158290247,-0.5,10
2024-09-09,INTC,0.07879160982555967,-1.8596415110507905,-0.5,10
2024-09-10,INTC,0.07892230301254423,-1.726283673217727,-0.5,10
2024-09-11,INTC,0.04637733581641807,-1.7789477991852625,-0.5,10
2024-09-12,INTC,0.038420295698831486,-1.8562445032368151,-0.5,10
2024-09-13,INTC,0.07702767607132929,-2.2148776545118363,-0.5,10
2024-09-16,INTC,0.06496919549226653,-1.3979747388493828,-0.5,10
2024-09-17,INTC,0.07643663595244733,-1.3279424445842918,-0.5,10
2024-09-18,INTC,0.08165109628675087,-1.3367155195451874,-0.5,10
2024-09-19,INTC,0.07719922860032626,-1.751875489703827,-0.5,10
2024-09-20,INTC,0.08389936571261859,-0.01866808999999825,-0.5,10
2024-09-23,INTC,0.055140719437770894,0.16243893087132544,-0.5,10
2024-09-24,INTC,0.0049660934276697195,1.1398121502972403,-0.5,10
2024-09-25,INTC,0.004693385807557655,1.4196745266559823,-0.5,10
2024-09-26,INTC,0.03273188596182455,1.1458473010647057,-0.5,10
2024-09-27,INTC,0.026473178769235453,1.5720069858104861,-0.5,10
2024-09-30,INTC,0.034426179912159016,0.49566529456946196,-0.5,10
2024-10-01,INTC,0.0006107237609966601,1.603639892203451,-0.5,10
2024-10-02,INTC,-0.002830606938498128,1.5851173292312764,-0.5,10
2024-10-03,INTC,-0.01469283640784209,1.5941965392264221,-0.5,10
2024-10-04,INTC,0.013853160781919987,0.6715982124477621,-0.5,10
2024-10-07,INTC,0.05174258588927231,0.2143864408854742,-0.5,10
2024-10-08,INTC,0.04142320396072972,0.528764968352482,-0.5,10
2024-10-09,INTC,0.0527770778806344,0.6541707049206746,-0.5,10
2024-10-10,INTC,0.049447636432585325,0.925318483122655,-0.5,10
2024-10-11,INTC,0.03319414333412815,0.9769424633521,-0.5,10
2024-10-14,INTC,0.02864137652241826,0.13101890763224433,-0.5,10
2024-10-15,INTC,0.0315916852549303,-0.5463172132450385,-0.5,10
2024-10-16,INTC,0.013923634699751485,-0.16787495512387618,-0.5,10
2024-10-17,INTC,0.011262256037847897,0.12565383186405743,-0.5,10
2024-10-18,INTC,-0.012046458277306504,0.14945135860089764,-0.5,10
2024-10-21,INTC,-0.01691594972268491,-0.16785561146075328,-0.5,10
2024-10-22,INTC,0.003881026478923464,-0.9895608294281277,-0.5,10
2024-10-23,INTC,0.007827121504508988,-1.7593737746944165,-0.5,10
2024-10-24,INTC,-0.0017574685072416485,-1.5962614534453425,-0.5,10
2024-10-25,INTC,0.010939079896322855,-1.6490820935737336,-0.5,10
2024-10-28,INTC,0.04540519475878397,-1.7512997626351985,-0.5,10
2024-10-29,INTC,0.03998305034184411,-1.2740176462380266,-0.5,10
2024-10-30,INTC,0.05457661237032814,-1.6805913610851122,-0.5,10
2024-10-31,INTC,0.058733851363735406,-2.086073247047997,-0.5,10
2024-11-01,INTC,0.06958648264766433,-0.9859681665970819,-0.5,10
2024-11-04,INTC,0.0771239655587122,-1.5538641005348612,-0.5,10
2024-11-05,INTC,0.07226713265145886,-1.6723053004910735,-0.5,10
2024-11-06,INTC,0.0073428073949345606,-0.14712694632166762,-0.5,10
2024-11-07,INTC,-0.015076727497121769,1.169375427860984,-0.5,10
2024-11-08,INTC,-0.004148980329194602,0.7454339984202303,-0.5,10
2024-11-11,INTC,-0.0007513847281884833,0.15561937095539946,-0.5,10
2024-11-12,INTC,-0.0004946703362125081,0.0033059697135374363,-0.5,10
2024-11-13,INTC,-0.04416755415121837,1.319540314039267,-0.5,10
2024-11-14,INTC,-0.03523670825343368,1.5650982067909807,-0.5,10
2024-11-15,INTC,-0.0007123613670679003,0.3839731768577992,-0.5,10
2024-11-18,INTC,0.002725850103667889,0.7042973914208898,-0.5,10
2024-11-19,INTC,0.009452892535805613,0.4645381461424255,-0.5,10
2024-11-20,INTC,-0.0011838006744351573,0.608301102888269,-0.5,10
2024-11-21,INTC,0.005058789554665209,0.648195750922065,-0.5,10
2024-11-22,INTC,-0.011339574649957617,0.5412274801346458,-0.5,10
2024-11-25,INTC,-0.005245933254714587,0.40518011023521416,-0.5,10
2024-11-26,INTC,-0.00019250250834933617,0.007348953049380935,-0.5,10
2024-11-27,INTC,0.004377476698125617,-0.0052933039444620356,-0.5,10
2024-11-29,INTC,-0.03418095921655726,1.359533464613328,-0.5,10
2024-12-02,INTC,-0.017303384970378706,0.30682691856134414,-0.5,10
2024-12-03,INTC,0.015850937972709974,-1.316454604643092,-0.5,10
2024-12-04,INTC,0.031892955048076925,-2.1383744422962425,-0.5,10
2024-12-05,INTC,0.05662882153733513,-3.1107554801298383,-0.5,10
2024-12-06,INTC,0.03226756197861481,-2.685293860266291,-0.5,10
2024-12-09,INTC,0.01346044023790999,-2.3065636748055764,-0.5,10
2024-12-10,INTC,0.05113184166292641,-2.728252281271828,-0.5,10
2024-12-11,INTC,0.062396091771725185,-2.7226485811326833,-0.5,10
2024-12-12,INTC,0.07388122650405038,-2.7170251302946933,-0.5,10
2024-12-13,INTC,0.06247487410910604,-2.7705405552108493,-0.5,10
2024-12-16,INTC,0.0704669310105682,-2.654743079777762,-0.5,10
2024-12-17,INTC,0.08993395161015386,-3.004994259479653,-0.5,10
2024-12-18,INTC,0.0546527355169584,-2.761823388300254,-0.5,10
2024-12-19,INTC,0.010597222204560022,-2.3083540313145114,-0.5,10
2024-12-20,INTC,0.004019216576024781,-2.213440560566879,-0.5,10
2024-12-23,INTC,0.012249861375573351,-2.207151334159004,-0.5,10
2024-12-24,INTC,0.013228584056473688,-2.251986956635215,-0.5,10
2024-12-26,INTC,0.04125501183406099,-2.7048655576334633,-0.5,10
2024-12-27,INTC,0.044691928874531814,-2.6375427255539012,-0.5,10
2024-12-30,INTC,0.058356032013685666,-2.8673840967173483,-0.5,10
2024-12-31,INTC,0.08007289546085526,-2.935407539205318,-0.5,10
2024-07-01,MSFT,-0.008901542215870287,0.5481696075290506,-0.5,10
2024-07-02,MSFT,-0.008901542215870287,0.8138540866185165,-0.5,10
2024-07-03,MSFT,-0.008974424267533924,0.7449609597500596,-0.5,10
2024-07-05,MSFT,0.0025268776868045523,0.4420663197865456,-0.5,10
2024-07-08,MSFT,-0.008900531044761984,0.15608160716607905,-0.5,10
2024-07-09,MSFT,-0.005080125953949161,-0.23559298406960644,-0.5,10
2024-07-10,MSFT,-0.005286429568751102,-0.06281990392395509,-0.5,10
2024-07-11,MSFT,-0.003194860738741022,-0.06713883577128532,-0.5,10
2024-07-12,MSFT,-0.005103196523164317,-0.6048887101080644,-0.5,10
2024-07-15,MSFT,-0.005103196523164317,-0.8305978642158067,-0.5,10
2024-07-16,MSFT,-0.0061467653532903364,-0.9644650918996023,-0.5,10
2024-07-17,MSFT,-0.003798981925382312,-1.2100621199931147,-0.5,10
2024-07-18,MSFT,-0.003798981925382312,-1.067227434911258,-0.5,10
2024-07-19,MSFT,-0.0038061449964986852,-0.8884362715245516,-0.5,10
2024-07-22,MSFT,-0.004320145529322987,-1.1302701943562465,-0.5,10
2024-07-23,MSFT,-0.005237430466466784,-1.543346718330966,-0.5,10
2024-07-24,MSFT,0.008208753399284598,-1.190369726093952,-0.5,10
2024-07-25,MSFT,0.014844669628429598,-1.4505771312116154,-0.5,10
2024-07-26,MSFT,0.00020157833691032418,-1.0122078963925023,-0.5,10
2024-07-29,MSFT,-0.0032640031128964657,-0.9628481934467056,-0.5,10
2024-07-30,MSFT,0.004570150064453491,-1.1962891591597136,-0.5,10
2024-07-31,MSFT,0.003197582701773589,-1.8252765093845418,-0.5,10
2024-08-01,MSFT,0.008270847611623108,-1.1486353635726527,-0.5,10
2024-08-02,MSFT,0.010313333566204376,-0.7157323733406393,-0.5,10
2024-08-05,MSFT,0.01689726249272708,-0.48696095303483,-0.5,10
2024-08-06,MSFT,0.010936713926951258,-0.37110080251702054,-0.5,10
2024-08-07,MSFT,0.01548785614023075,-0.34306369693569855,-0.5,10
2024-08-08,MSFT,0.0011293544643030486,-0.35329112065905127,-0.5,10
2024-08-09,MSFT,0.004194272425316362,-0.1292715214872739,-0.5,10
2024-08-12,MSFT,0.004229527810241339,-0.16230855532544436,-0.5,10
2024-08-13,MSFT,-0.005691432546282666,-0.04202996169049636,-0.5,10
2024-08-14,MSFT,-0.008796622257671197,-0.006768415229107608,-0.5,10
2024-08-15,MSFT,-0.009331507181016134,-0.04048528072138269,-0.5,10
2024-08-16,MSFT,-0.003462543136477529,-0.2028501488411869,-0.5,10
2024-08-19,MSFT,-0.005268202965067405,-0.30898204172840515,-0.5,10
2024-08-20,MSFT,-0.003885984222819589,-0.22743455994517778,-0.5,10
2024-08-21,MSFT,-0.003092497589889389,-0.14062379222749521,-0.5,10
2024-08-22,MSFT,-0.001723963901837566,-0.11003501291270283,-0.5,10
2024-08-23,MSFT,-0.003988866520185895,0.03348608699504954,-0.5,10
2024-08-26,MSFT,-0.003183057036371631,-0.10906411365394443,-0.5,10
2024-08-27,MSFT,-0.003092497589889389,-0.052311506714361466,-0.5,10
2024-08-28,MSFT,-0.005321977871842187,0.07073980981297259,-0.5,10
2024-08-29,MSFT,-0.005479084731139837,0.0652483759506626,-0.5,10
2024-08-30,MSFT,-0.00560716194263823,-0.4621302757851133,-0.5,10
2024-09-03,MSFT,-0.0017182545290220235,-0.2346299801810676,-0.5,10
2024-09-04,MSFT,-0.0018847770492177198,-0.30233894237931846,-0.5,10
2024-09-05,MSFT,-0.005513413051804445,-0.5595267901045708,-0.5,10
2024-09-06,MSFT,-0.003759624474474644,-0.20005314612795297,-0.5,10
2024-09-09,MSFT,-0.003907714337360265,-0.3454273257982436,-0.5,10
2024-09-10,MSFT,-0.006477247331397782,-0.1610141041570864,-0.5,10
2024-09-11,MSFT,-0.005487234452497551,-0.1763981088217914,-0.5,10
2024-09-12,MSFT,-0.005015025907772212,-0.28003828563861477,-0.5,10
2024-09-13,MSFT,-0.012320547198261384,0.09820559400776296,-0.5,10
2024-09-16,MSFT,-0.012114243583459446,0.15087667356877646,-0.5,10
2024-09-17,MSFT,-0.010834791959434075,0.39739562873276624,-0.5,10
2024-09-18,MSFT,-0.005061258617398639,0.16450212967432107,-0.5,10
2024-09-19,MSFT,-0.0049313108508363,0.1663266945749186,-0.5,10
2024-09-20,MSFT,-0.005061258617398639,0.33635255519906254,-0.5,10
2024-09-23,MSFT,-0.005061258617398639,0.22060442745695863,-0.5,10
2024-09-24,MSFT,-0.005103196523164317,-0.11641361456024692,-0.5,10
2024-09-25,MSFT,-0.005309500137966258,-0.026609416856668927,-0.5,10
2024-09-26,MSFT,-0.005465030184617202,-0.1779214570208395,-0.5,10
2024-09-27,MSFT,-0.005103196523164317,-0.3204844772999471,-0.5,10
2024-09-30,MSFT,-0.005309500137966258,-0.047599108751675404,-0.5,10
2024-10-01,MSFT,-0.005901247786430993,-0.6711504851245189,-0.5,10
2024-10-02,MSFT,-0.004914613861271561,-0.8827837527656641,-0.5,10
2024-10-03,MSFT,-0.004597120446107949,-0.8429268806364136,-0.5,10
2024-10-04,MSFT,-0.004142165957402963,-0.9201731050897797,-0.5,10
2024-10-07,MSFT,-0.0026962682144598474,-0.9111745517966068,-0.5,10
2024-10-08,MSFT,-0.003995489043043003,-0.9569945069147556,-0.5,10
2024-10-09,MSFT,-0.0015103101937384224,-1.1983889113854582,-0.5,10
2024-10-10,MSFT,-0.0032308834599901366,-1.2789073312891452,-0.5,10
2024-10-11,MSFT,-0.004107909053066799,-1.3198508450580027,-0.5,10
2024-10-14,MSFT,-0.005413223832971188,-1.1941763154778609,-0.5,10
2024-10-15,MSFT,-0.0023486331673934968,-1.4879334807480646,-0.5,10
2024-10-16,MSFT,-0.002201227838595912,-1.4254195163865826,-0.5,10
2024-10-17,MSFT,0.009079786735281344,-1.663127654322302,-0.5,10
2024-10-18,MSFT,0.009079786735281344,-1.5494123681362861,-0.5,10
2024-10-21,MSFT,0.008772089817258983,-1.2291606573495697,-0.5,10
2024-10-22,MSFT,-0.0036101237741336706,-0.622401622797029,-0.5,10
2024-10-23,MSFT,-0.002656330085415858,-0.7410607007930039,-0.5,10
2024-10-24,MSFT,-0.002656330085415858,-0.6713225404847666,-0.5,10
2024-10-25,MSFT,-0.002419796525447578,-0.5480179992448777,-0.5,10
2024-10-28,MSFT,-0.002656330085415858,-0.7689647248527943,-0.5,10
2024-10-29,MSFT,0.015228139029350073,-0.6239862303802637,-0.5,10
2024-10-30,MSFT,0.01648656785874351,-0.4602984324646059,-0.5,10
2024-10-31,MSFT,-0.002780727038064759,-1.0502544199074464,-0.5,10
2024-11-01,MSFT,-0.00486894626991511,-0.742827885858224,-0.5,10
2024-11-04,MSFT,-0.0037409783456456742,-0.46207814036944744,-0.5,10
2024-11-05,MSFT,-0.004630417839052711,-0.49199985736956564,-0.5,10
2024-11-06,MSFT,-0.005242212924316723,-0.519808398989283,-0.5,10
2024-11-07,MSFT,-0.010872049951363193,-0.4707612053380015,-0.5,10
2024-11-08,MSFT,-0.006878089783041895,-0.5358451967196389,-0.5,10
2024-11-11,MSFT,-0.005117267929244864,-0.4563279836218598,-0.5,10
2024-11-12,MSFT,-0.007084393397843836,-0.3580147909784205,-0.5,10
2024-11-13,MSFT,-0.007084393397843836,-0.5142074872338098,-0.5,10
2024-11-14,MSFT,-0.0049313108508363,-0.5451167458394833,-0.5,10
2024-11-15,MSFT,-0.006257924102400719,-0.45841585204651364,-0.5,10
2024-11-18,MSFT,-0.0039016660513736027,-0.465359820283057,-0.5,10
2024-11-19,MSFT,-0.004037590013359138,-0.8144705056631394,-0.5,10
2024-11-20,MSFT,-0.003831286398557198,-0.9150171042964216,-0.5,10
2024-11-21,MSFT,-0.00583104071105036,-0.9467927272480845,-0.5,10
2024-11-22,MSFT,-0.004216027996415884,-0.952203944532789,-0.5,10
2024-11-25,MSFT,-0.004037590013359138,-0.8355704950254471,-0.5,10
2024-11-26,MSFT,-0.004415666584197905,-0.8152603350302721,-0.5,10
2024-11-27,MSFT,-0.004209362969395964,-0.9290687326053648,-0.5,10
2024-11-29,MSFT,-0.005061258617398639,-0.3567808858021564,-0.5,10
2024-12-02,MSFT,-0.0049313108508363,0.19842345678524162,-0.5,10
2024-12-03,MSFT,-0.004725007236034359,0.46942747257314044,-0.5,10
2024-12-04,MSFT,-0.0049732487566019785,0.714963890834142,-0.5,10
2024-12-05,MSFT,-0.010897399259247053,0.9717615475159632,-0.5,10
2024-12-06,MSFT,-0.004292834224919067,0.877403302238591,-0.5,10
2024-12-09,MSFT,-0.0031876159810195195,0.9004576504427575,-0.5,10
2024-12-10,MSFT,-0.005094527951732797,1.052777952293774,-0.5,10
2024-12-11,MSFT,-0.0012022823997470615,0.7581838263555423,-0.5,10
2024-12-12,MSFT,-0.000995978784945121,0.7567614915687605,-0.5,10
2024-12-13,MSFT,-0.0030114758094577413,0.641709553517231,-0.5,10
2024-12-16,MSFT,-0.00255099350394733,0.7066219340143022,-0.5,10
2024-12-17,MSFT,-0.008901542215870287,0.7238071638424121,-0.5,10
2024-12-18,MSFT,-0.0032696325744118755,0.4790966922307825,-0.5,10
2024-12-19,MSFT,-0.006115767590887838,0.4792158572663139,-0.5,10
2024-12-20,MSFT,-0.006115767590887838,0.2797439281238327,-0.5,10
2024-12-23,MSFT,-0.005057785854100896,0.14228399243596426,-0.5,10
2024-12-24,MSFT,-0.0049313108508363,0.21602290969348,-0.5,10
2024-12-26,MSFT,-0.006650165926260939,-0.02104981349715486,-0.5,10
2024-12-27,MSFT,-0.004914613861271561,-0.01802091238590592,-0.5,10
2024-12-30,MSFT,-0.0034599102083838363,-0.005204224109777861,-0.5,10
2024-12-31,MSFT,-0.0034670732795002096,-0.1890269676509161,-0.5,10
2024-07-01,NVDA,-0.016101130772618814,1.2384298488369991,-0.5,10
2024-07-02,NVDA,-0.0012097266300262152,0.03135211473623217,-0.5,10
2024-07-03,NVDA,-0.018000622694189436,0.9542623677625957,-0.5,10
2024-07-05,NVDA,0.0015295357194594979,-0.4608438098658928,-0.5,10
2024-07-08,NVDA,-0.0037621008182664242,-0.4904323493331828,-0.5,10
2024-07-09,NVDA,-0.015760918534858594,0.3461496486286138,-0.5,10
2024-07-10,NVDA,-0.011106927627524589,0.30649478109169603,-0.5,10
2024-07-11,NVDA,-0.00980430888511164,0.22829333958803674,-0.5,10
2024-07-12,NVDA,-0.007836794017847934,-0.4349609996765231,-0.5,10
2024-07-15,NVDA,-0.005383871615685074,-1.584197448299221,-0.5,10
2024-07-16,NVDA,-0.0033045413760680047,-2.1716924060421485,-0.5,10
2024-07-17,NVDA,-0.014157906835973198,-2.165111601870892,-0.5,10
2024-07-18,NVDA,-0.017643156320677846,-1.9534505492712053,-0.5,10
2024-07-19,NVDA,-0.013126376538642303,-1.9682455326233759,-0.5,10
2024-07-22,NVDA,-0.0240450593953061,-0.6229864477652808,-0.5,10
2024-07-23,NVDA,-0.006593124225601823,-0.09568836487976162,-0.5,10
2024-07-24,NVDA,-0.006665910931664095,-1.5751192491569947,-0.5,10
2024-07-25,NVDA,-0.009169558903083026,-1.288387034693723,-0.5,10
2024-07-26,NVDA,-0.009915959837861466,-0.7670419688670811,-0.5,10
2024-07-29,NVDA,-0.014379710320792959,-1.024382370805224,-0.5,10
2024-07-30,NVDA,-0.0039796317844505245,-1.6528720000376071,-0.5,10
2024-07-31,NVDA,-0.018446142929548808,-0.4087868036501716,-0.5,10
2024-08-01,NVDA,0.019447844047340047,-2.0596220051698513,-0.5,10
2024-08-02,NVDA,0.00989778648600665,-0.8719259538154543,-0.5,10
2024-08-05,NVDA,0.04075390642364093,-1.2862056791673364,-0.5,10
2024-08-06,NVDA,0.028594567612274236,-1.1365310419466925,-0.5,10
2024-08-07,NVDA,0.05227721320930882,-1.6144515643787174,-0.5,10
2024-08-08,NVDA,0.024875717798665334,-1.2628555206460916,-0.5,10
2024-08-09,NVDA,0.04701092426109034,-1.4256800828356484,-0.5,10
2024-08-12,NVDA,0.005508599231990429,-0.5346187349360165,-0.5,10
2024-08-13,NVDA,-0.003742067830752086,-0.09265567851098987,-0.5,10
2024-08-14,NVDA,-0.009033143460242744,0.4344017243754673,-0.5,10
2024-08-15,NVDA,-0.013913361686891244,0.44957827272006656,-0.5,10
2024-08-16,NVDA,-0.005910308374762107,0.5587581316573335,-0.5,10
2024-08-19,NVDA,-0.0036800011619425865,0.3848957185287938,-0.5,10
2024-08-20,NVDA,0.0008050215165467595,0.22924197333771335,-0.5,10
2024-08-21,NVDA,0.004454810524217857,0.6123503361991016,-0.5,10
2024-08-22,NVDA,-0.007189306130991928,0.6110056145866866,-0.5,10
2024-08-23,NVDA,-0.010718462544700161,1.1498789719980966,-0.5,10
2024-08-26,NVDA,-0.015417266619194311,1.0951808878534135,-0.5,10
2024-08-27,NVDA,-0.017366868596662532,1.8147945772622158,-0.5,10
2024-08-28,NVDA,-0.04905135316031112,1.345195313514007,-0.5,10
2024-08-29,NVDA,-0.06359496802206727,1.2217153848518398,-0.5,10
2024-08-30,NVDA,-0.08028769282770025,1.5949861884849534,-0.5,10
2024-09-03,NVDA,-0.03847298764151977,0.6502633102745472,-0.5,10
2024-09-04,NVDA,-0.0352870994357167,0.07446987882198608,-0.5,10
2024-09-05,NVDA,-0.055580835639949096,0.8773986114776386,-0.5,10
2024-09-06,NVDA,-0.058250561200109796,0.23221101894681012,-0.5,10
2024-09-09,NVDA,-0.04468032933430656,0.3853407807719188,-0.5,10
2024-09-10,NVDA,-0.046261769182500516,-0.008456236332843758,-0.5,10
2024-09-11,NVDA,-0.061859769013753695,0.43143992495070543,-0.5,10
2024-09-12,NVDA,-0.05586555804293832,0.3208195314411928,-0.5,10
2024-09-13,NVDA,-0.029143127715067028,-0.5045802950767451,-0.5,10
2024-09-16,NVDA,-0.0350541009208661,-0.878087387574628,-0.5,10
2024-09-17,NVDA,-0.019600691303616535,-1.507114636405436,-0.5,10
2024-09-18,NVDA,-0.023693638664580675,-1.570664457963581,-0.5,10
2024-09-19,NVDA,-0.02840237859783988,-1.5190306495880068,-0.5,10
2024-09-20,NVDA,-0.024028251527186923,-1.6290081018224467,-0.5,10
2024-09-23,NVDA,-0.018102691164792295,-1.7233870617984168,-0.5,10
2024-09-24,NVDA,-0.01704967033092037,-1.1174643366830714,-0.5,10
2024-09-25,NVDA,-0.03145740510167656,-0.4413344628625884,-0.5,10
2024-09-26,NVDA,-0.029156601685569723,-0.4981877883250544,-0.5,10
2024-09-27,NVDA,-0.022856220877669677,-0.062277421781136766,-0.5,10
2024-09-30,NVDA,-0.020979904410996952,-0.3054954627808553,-0.5,10
2024-10-01,NVDA,0.0035656971552270713,0.451437395587361,-0.5,10
2024-10-02,NVDA,-0.0020825107963442016,0.9364784717336203,-0.5,10
2024-10-03,NVDA,-0.0050267779176617145,1.308124079527131,-0.5,10
2024-10-04,NVDA,0.004293580400729883,1.1382644773105772,-0.5,10
2024-10-07,NVDA,0.005612703222967162,1.286295696356978,-0.5,10
2024-10-08,NVDA,0.013391616288135944,1.0215804359040734,-0.5,10
2024-10-09,NVDA,0.009370526485719009,0.550221011302817,-0.5,10
2024-10-10,NVDA,0.011481519983812648,0.6182105541558287,-0.5,10
2024-10-11,NVDA,0.009853203711648018,0.5380792593254032,-0.5,10
2024-10-14,NVDA,0.0064672102944568245,1.3538260597000962,-0.5,10
2024-10-15,NVDA,0.0006407997779130578,1.4622549697145504,-0.5,10
2024-10-16,NVDA,0.006084082736253728,1.7800992294252787,-0.5,10
2024-10-17,NVDA,-0.001261205872188351,2.038355886022075,-0.5,10
2024-10-18,NVDA,0.0015099237604571363,2.0613006274965606,-0.5,10
2024-10-21,NVDA,0.018838023299498404,1.9191943450457543,-0.5,10
2024-10-22,NVDA,0.010593183923892703,2.028459582378673,-0.5,10
2024-10-23,NVDA,0.0040246822900623265,1.6281661770329068,-0.5,10
2024-10-24,NVDA,0.004339775088371099,1.8138462264379047,-0.5,10
2024-10-25,NVDA,0.001765411794894472,2.052892983543691,-0.5,10
2024-10-28,NVDA,0.001485926741107783,2.0841290050744803,-0.5,10
2024-10-29,NVDA,0.0012281762158198174,2.333639083227953,-0.5,10
2024-10-30,NVDA,-0.0002709756518167235,2.1032176369775883,-0.5,10
2024-10-31,NVDA,-0.00011839199993507948,1.1404371272596083,-0.5,10
2024-11-01,NVDA,0.0023890208843708304,1.191491023398954,-0.5,10
2024-11-04,NVDA,0.006518739648465417,0.6739711428902879,-0.5,10
2024-11-05,NVDA,0.0007216096132789693,0.44754944603170377,-0.5,10
2024-11-06,NVDA,-0.002633935350410143,0.5689649553376799,-0.5,10
2024-11-07,NVDA,0.004143576465643152,0.11162647078938492,-0.5,10
2024-11-08,NVDA,0.0035805867743551323,0.1808976920161749,-0.5,10
2024-11-11,NVDA,0.0025256182802941016,-0.10422034132691904,-0.5,10
2024-11-12,NVDA,0.004481815090457289,0.4531052517220953,-0.5,10
2024-11-13,NVDA,0.0019405006937752137,-0.12144745076603386,-0.5,10
2024-11-14,NVDA,0.0019405006937752137,-0.19370054900727823,-0.5,10
2024-11-15,NVDA,-9.19978941460079e-05,-0.11917002927389497,-0.5,10
2024-11-18,NVDA,-0.0007634591885316792,-0.7638298661724735,-0.5,10
2024-11-19,NVDA,-0.00694093980040598,-0.07881185034297841,-0.5,10
2024-11-20,NVDA,0.0043424051008372315,-0.13453220649406086,-0.5,10
2024-11-21,NVDA,0.000690562782588206,-0.01054823347754158,-0.5,10
2024-11-22,NVDA,-0.006981323453133358,-0.5501743664072324,-0.5,10
2024-11-25,NVDA,-0.010147804964485042,-0.9211312510310108,-0.5,10
2024-11-26,NVDA,-0.014797881559899057,-0.9428650989828082,-0.5,10
2024-11-27,NVDA,-0.012899293175632378,-0.8603585545983037,-0.5,10
2024-11-29,NVDA,0.004691057484146151,-0.5749618090152911,-0.5,10
2024-12-02,NVDA,-0.0003467071830166137,-0.4894922903507679,-0.5,10
2024-12-03,NVDA,-0.0008984646302093663,-0.145554597345715,-0.5,10
2024-12-04,NVDA,-0.004107161145993855,0.2957620631407616,-0.5,10
2024-12-05,NVDA,-0.0013087434114303707,0.06864838250442581,-0.5,10
2024-12-06,NVDA,-0.0043545733542866335,-0.02304114588324585,-0.5,10
2024-12-09,NVDA,-0.01202284188552788,-0.06722813478417011,-0.5,10
2024-12-10,NVDA,0.0036075821638025347,-0.5397174656761516,-0.5,10
2024-12-11,NVDA,0.00179242012999899,-0.6716926127577991,-0.5,10
2024-12-12,NVDA,0.0024071968612893015,-0.6884898463652639,-0.5,10
2024-12-13,NVDA,-0.0009505862138085129,-0.844819312681638,-0.5,10
2024-12-16,NVDA,0.0023848807366997522,-0.9884942554195313,-0.5,10
2024-12-17,NVDA,-0.010938682505126762,-0.8390200601917568,-0.5,10
2024-12-18,NVDA,0.0046428671711277476,-1.3442447082069442,-0.5,10
2024-12-19,NVDA,0.006058725115066582,-1.2455900542000964,-0.5,10
2024-12-20,NVDA,0.0016401177215185241,-1.0954212474797729,-0.5,10
2024-12-23,NVDA,0.005398419477487186,-0.5869871014538669,-0.5,10
2024-12-24,NVDA,0.0015542810918776225,-0.055521399145792474,-0.5,10
2024-12-26,NVDA,0.0009217319825102453,-0.14144016077072064,-0.5,10
2024-12-27,NVDA,0.0013178970034269698,-0.1649357200594268,-0.5,10
2024-12-30,NVDA,0.004739504320632429,-0.20521009962769327,-0.5,10
2024-12-31,NVDA,5.661084617698571e-05,-0.3499377938607789,-0.5,10
2024-07-01,PFE,-0.03963388209921856,0.26484646382407295,-0.5,10
2024-07-02,PFE,-0.04103768692963563,-0.18801227778101404,-0.5,10
2024-07-03,PFE,-0.040643007188496366,-0.3909649938376061,-0.5,10
2024-07-05,PFE,-0.03884140546137767,-0.4121537533188909,-0.5,10
2024-07-08,PFE,-0.03884538880979943,0.302949218363905,-0.5,10
2024-07-09,PFE,-0.039642990309295495,0.4144768006485232,-0.5,10
2024-07-10,PFE,-0.05336879065849,0.877985808062284,-0.5,10
2024-07-11,PFE,-0.04271229623896551,1.0322260803672128,-0.5,10
2024-07-12,PFE,-0.04604343056719703,1.1745431121681125,-0.5,10
2024-07-15,PFE,-0.05434045754421149,1.26539388672322,-0.5,10
2024-07-16,PFE,-0.06331509778092045,1.649110401876285,-0.5,10
2024-07-17,PFE,-0.0393993926441077,2.1571427419546847,-0.5,10
2024-07-18,PFE,-0.04581138052174314,1.8475791563677713,-0.5,10
2024-07-19,PFE,-0.04713695290601683,2.190695328669521,-0.5,10
2024-07-22,PFE,-0.03883216023123811,1.964642915898012,-0.5,10
2024-07-23,PFE,-0.04519946883700921,1.264730690832606,-0.5,10
2024-07-24,PFE,-0.04111253823425418,2.5172167554188936,-0.5,10
2024-07-25,PFE,-0.05014842037573426,2.9009194450431406,-0.5,10
2024-07-26,PFE,0.010307288048372328,0.8962607990694501,-0.5,10
2024-07-29,PFE,0.0007236300903524755,1.243997902244677,-0.5,10
2024-07-30,PFE,0.007399792574461698,0.7748084229543689,-0.5,10
2024-07-31,PFE,-0.023261067648410037,1.8495055851887852,-0.5,10
2024-08-01,PFE,-0.03076796833181331,2.3523575192535287,-0.5,10
2024-08-02,PFE,-0.032285643097491434,1.8651376936598068,-0.5,10
2024-08-05,PFE,-0.015665005062346655,1.5995489677570576,-0.5,10
2024-08-06,PFE,-0.02295581454926808,1.4682163994429056,-0.5,10
2024-08-07,PFE,-0.01757746871012706,1.223837739664112,-0.5,10
2024-08-08,PFE,-0.017635741046928395,0.9877426459033876,-0.5,10
2024-08-09,PFE,-7.004048392054437e-05,0.6830167073095206,-0.5,10
2024-08-12,PFE,0.008284906509283114,0.4581684636660871,-0.5,10
2024-08-13,PFE,0.008316797986218344,0.26067285517332756,-0.5,10
2024-08-14,PFE,-0.008484157376177763,0.24026929498812513,-0.5,10
2024-08-15,PFE,0.006172896158821457,-0.2218324289255678,-0.5,10
2024-08-16,PFE,0.007295912087118641,-0.469341243083133,-0.5,10
2024-08-19,PFE,-0.006400434173964818,-0.03755908385844456,-0.5,10
2024-08-20,PFE,-0.011679413186651551,0.1836169854030919,-0.5,10
2024-08-21,PFE,-0.004086085974052809,-0.17944355936157763,-0.5,10
2024-08-22,PFE,-0.0039639324148111705,-0.250336574797815,-0.5,10
2024-08-23,PFE,-0.00821161936027959,-0.13211365261200653,-0.5,10
2024-08-26,PFE,-0.014005128826188757,-0.07502560535683883,-0.5,10
2024-08-27,PFE,-0.012845833411362686,-0.20131450766232417,-0.5,10
2024-08-28,PFE,-0.024735770258347164,0.08394908723583422,-0.5,10
2024-08-29,PFE,-0.024634191773535874,-0.14062122715522163,-0.5,10
2024-08-30,PFE,-0.03381387775617171,-1.0040382641230619,-0.5,10
2024-09-03,PFE,-0.021798130534870813,-0.8998819382091767,-0.5,10
2024-09-04,PFE,-0.03339699111276577,-0.5474315883574036,-0.5,10
2024-09-05,PFE,-0.042222429438212306,-0.6044602777650107,-0.5,10
2024-09-06,PFE,-0.03626384824681294,0.12439526621871244,-0.5,10
2024-09-09,PFE,-0.05775045744241865,0.7374895704571476,-0.5,10
2024-09-10,PFE,-0.05787965558934378,0.7994317157739297,-0.5,10
2024-09-11,PFE,-0.05521156606069505,0.6137045069124977,-0.5,10
2024-09-12,PFE,-0.054277323158475166,0.30355969903892144,-0.5,10
2024-09-13,PFE,-0.05086477163941048,0.5608503471981647,-0.5,10
2024-09-16,PFE,-0.04424381507929349,1.0856007143685078,-0.5,10
2024-09-17,PFE,-0.03856594938431995,0.8385671826646466,-0.5,10
2024-09-18,PFE,-0.04220069964736747,0.8830253621413602,-0.5,10
2024-09-19,PFE,-0.04335655713950547,0.4717427922457291,-0.5,10
2024-09-20,PFE,-0.04557627987913559,0.34926461549827825,-0.5,10
2024-09-23,PFE,-0.04875992712937603,0.5110704692511711,-0.5,10
2024-09-24,PFE,-0.051024480941579874,0.7440538777199177,-0.5,10
2024-09-25,PFE,-0.04564487530761154,0.4580466277354691,-0.5,10
2024-09-26,PFE,-0.05700830922797049,0.24072607334592877,-0.5,10
2024-09-27,PFE,-0.059601693897535175,0.2747639889740967,-0.5,10
2024-09-30,PFE,-0.05606593189754216,-0.4372283605070374,-0.5,10
2024-10-01,PFE,-0.05147714617800017,0.015545660609600054,-0.5,10
2024-10-02,PFE,-0.056890862830021455,0.03625863474428115,-0.5,10
2024-10-03,PFE,-0.04436345033180198,-0.20680139499086148,-0.5,10
2024-10-04,PFE,-0.039939236289107484,-0.5136918970395205,-0.5,10
2024-10-07,PFE,-0.0510404454069869,-0.32639332088993367,-0.5,10
2024-10-08,PFE,-0.04757070875592966,-0.4032290330933678,-0.5,10
2024-10-09,PFE,-0.05859118898592852,0.08583685888045045,-0.5,10
2024-10-10,PFE,-0.04675215677255276,-0.14081687282433897,-0.5,10
2024-10-11,PFE,-0.04972726886458142,-0.14497201738344367,-0.5,10
2024-10-14,PFE,-0.04810723310959665,-0.4541427800312333,-0.5,10
2024-10-15,PFE,-0.04506321443685414,-0.25219937330867515,-0.5,10
2024-10-16,PFE,-0.05625391677128542,0.10467412668516851,-0.5,10
2024-10-17,PFE,-0.04802482989326704,0.15132535731367147,-0.5,10
2024-10-18,PFE,-0.047332218404244786,0.18743098174826334,-0.5,10
2024-10-21,PFE,-0.047332218404244786,0.09587675500232407,-0.5,10
2024-10-22,PFE,-0.04649545067093018,-0.040395769041995266,-0.5,10
2024-10-23,PFE,-0.05422421940677013,0.454287131865523,-0.5,10
2024-10-24,PFE,-0.04768135444590605,0.3150889138206982,-0.5,10
2024-10-25,PFE,-0.04786378997682186,-0.016124582658850195,-0.5,10
2024-10-28,PFE,-0.05914757035178579,0.19101959161640958,-0.5,10
2024-10-29,PFE,-0.038408882488060875,-0.30912119709286734,-0.5,10
2024-10-30,PFE,-0.0553733204085199,-0.1817730502304823,-0.5,10
2024-10-31,PFE,-0.04851749306404188,0.06999235411281823,-0.5,10
2024-11-01,PFE,-0.03397280153303444,-0.38772991325115563,-0.5,10
2024-11-04,PFE,-0.021866565617118267,-1.070851540179471,-0.5,10
2024-11-05,PFE,-0.022914541740901656,-0.7395825855478733,-0.5,10
2024-11-06,PFE,-0.002842909960561624,-1.8913183691772204,-0.5,10
2024-11-07,PFE,-0.010867911594925507,-1.6858076933418227,-0.5,10
2024-11-08,PFE,-0.006575197813097933,-1.7606099188535647,-0.5,10
2024-11-11,PFE,0.017436742703099792,-1.9027077686049114,-0.5,10
2024-11-12,PFE,0.003977854156392286,-1.6845547485284857,-0.5,10
2024-11-13,PFE,-0.011342810372696095,-1.5577084841362516,-0.5,10
2024-11-14,PFE,0.00401936738855583,-2.324405014124627,-0.5,10
2024-11-15,PFE,0.02553401937494391,-2.576087670399558,-0.5,10
2024-11-18,PFE,0.006460963520084443,-2.2991520993639627,-0.5,10
2024-11-19,PFE,0.005182633345075944,-2.350463724942123,-0.5,10
2024-11-20,PFE,0.0004507071334384103,-2.380129680685692,-0.5,10
2024-11-21,PFE,-0.002614283616069877,-2.2136719680450954,-0.5,10
2024-11-22,PFE,-0.022755050118784974,-1.4294773558790563,-0.5,10
2024-11-25,PFE,-0.032270836314105496,-1.11344560924358,-0.5,10
2024-11-26,PFE,-0.02924662063346988,-1.3964217156200893,-0.5,10
2024-11-27,PFE,-0.027355813146411837,-1.2578287097861969,-0.5,10
2024-11-29,PFE,-0.0315806196408016,-1.591081080060714,-0.5,10
2024-12-02,PFE,0.006541381362759908,-2.3750393504425085,-0.5,10
2024-12-03,PFE,0.007135605581047881,-2.1499272176934596,-0.5,10
2024-12-04,PFE,0.009362510007393557,-1.8320496488830744,-0.5,10
2024-12-05,PFE,0.000345812618006532,-0.4688252123791333,-0.5,10
2024-12-06,PFE,0.015764796025505182,-0.6417826136002744,-0.5,10
2024-12-09,PFE,0.014382283788897924,-0.43784194569865387,-0.5,10
2024-12-10,PFE,0.05982699901071869,-1.0398887199628364,-0.5,10
2024-12-11,PFE,0.04798951199987252,-1.0578474622914884,-0.5,10
2024-12-12,PFE,0.047564543587242554,-1.071377629920438,-0.5,10
2024-12-13,PFE,0.04957580120441171,-0.7604743038727406,-0.5,10
2024-12-16,PFE,0.043273313328874255,-0.6398104546948918,-0.5,10
2024-12-17,PFE,0.0467344363219193,-0.20912517262586997,-0.5,10
2024-12-18,PFE,0.013046425676879267,0.10057160185189548,-0.5,10
2024-12-19,PFE,0.0041110245734971625,0.12504069639255097,-0.5,10
2024-12-20,PFE,0.006313762359321125,0.010321124960625205,-0.5,10
2024-12-23,PFE,0.0026184327235741875,0.0001245964914818251,-0.5,10
2024-12-24,PFE,0.003404154402474474,-0.1713873442421346,-0.5,10
2024-12-26,PFE,0.006345849593250931,-0.11328345721645958,-0.5,10
2024-12-27,PFE,-0.011264270533897594,0.22189737271691407,-0.5,10
2024-12-30,PFE,-0.017222198067329757,0.2142769264039983,-0.5,10
2024-12-31,PFE,-0.01164353139190127,0.5637477618961482,-0.5,10
2024-07-01,PYPL,0.0005966100003275865,-2.0819284708233727,-0.5,10
2024-07-02,PYPL,-0.00863341277752024,-1.4438310616708,-0.5,10
2024-07-03,PYPL,-0.00894316188694776,-1.3446847278115703,-0.5,10
2024-07-05,PYPL,-0.00907525510648088,-1.2714877651794154,-0.5,10
2024-07-08,PYPL,-0.01659196840605959,-1.68500074572779,-0.5,10
2024-07-09,PYPL,-0.01850234924048757,-1.618456037207129,-0.5,10
2024-07-10,PYPL,-0.01837938217649332,-1.5549599488757446,-0.5,10
2024-07-11,PYPL,-0.007527427516171539,-1.7461475265588535,-0.5,10
2024-07-12,PYPL,-0.01723567824885132,-1.5972552720891544,-0.5,10
2024-07-15,PYPL,-0.02009885434312971,-1.279928862588125,-0.5,10
2024-07-16,PYPL,-0.024024748043654034,-0.4183577569713245,-0.5,10
2024-07-17,PYPL,-0.017015630666279355,-0.2198440542838646,-0.5,10
2024-07-18,PYPL,-0.010638091335281326,-0.41000504994204245,-0.5,10
2024-07-19,PYPL,-0.017431698899424523,-0.26586600448128983,-0.5,10
2024-07-22,PYPL,-0.013694271529528575,-0.3913796921755645,-0.5,10
2024-07-23,PYPL,-0.018179188973340393,-0.7944058321824736,-0.5,10
2024-07-24,PYPL,-0.0036157580380830963,-0.3220076657057427,-0.5,10
2024-07-25,PYPL,-0.009845648719997028,0.06352908502445313,-0.5,10
2024-07-26,PYPL,-0.010903492524984645,0.4903813579576132,-0.5,10
2024-07-29,PYPL,-0.012122190759365822,0.5769987407978342,-0.5,10
2024-07-30,PYPL,0.0009989922927798034,0.9364056307501665,-0.5,10
2024-07-31,PYPL,-0.004927787483675598,1.1583053608275455,-0.5,10
2024-08-01,PYPL,-0.011397075089646819,1.5144010275468824,-0.5,10
2024-08-02,PYPL,-0.017320956304564664,1.086966415085557,-0.5,10
2024-08-05,PYPL,-0.012049187597016058,1.1559881096615556,-0.5,10
2024-08-06,PYPL,-0.016858155738268207,1.31546349613587,-0.5,10
2024-08-07,PYPL,-0.013816126173879542,1.3768771954897345,-0.5,10
2024-08-08,PYPL,-0.016403282794376143,1.366819527079886,-0.5,10
2024-08-09,PYPL,-0.015166931909296442,1.4402481758571872,-0.5,10
2024-08-12,PYPL,-0.01446155309558163,1.3271806846351544,-0.5,10
2024-08-13,PYPL,-0.01231086702144762,1.125880573912833,-0.5,10
2024-08-14,PYPL,-0.01829737500760368,1.196435000979179,-0.5,10
2024-08-15,PYPL,-0.011420592042474502,1.206723390265178,-0.5,10
2024-08-16,PYPL,-0.008875535786622889,1.273112088929972,-0.5,10
2024-08-19,PYPL,-0.012203113708694018,1.2428824413575734,-0.5,10
2024-08-20,PYPL,0.0026919320469427368,1.3190696275722837,-0.5,10
2024-08-21,PYPL,0.02891219956523356,0.8362869865224516,-0.5,10
2024-08-22,PYPL,0.044380487480436874,0.8383792445480447,-0.5,10
2024-08-23,PYPL,0.041257297373920275,0.5600231850508481,-0.5,10
2024-08-26,PYPL,0.025359647565030112,0.8391468669146251,-0.5,10
2024-08-27,PYPL,0.012130734896630352,0.42784326857008814,-0.5,10
2024-08-28,PYPL,0.004534553575372191,0.5107545132941572,-0.5,10
2024-08-29,PYPL,0.0063696590715316154,0.8559483240689346,-0.5,10
2024-08-30,PYPL,0.0077072212235019845,1.2284452382243969,-0.5,10
2024-09-03,PYPL,0.008276279132823838,1.2782528262556148,-0.5,10
2024-09-04,PYPL,-0.007211256417561575,1.3282926990639838,-0.5,10
2024-09-05,PYPL,-0.0187723847133513,1.2694652782544322,-0.5,10
2024-09-06,PYPL,-0.0032544695121875943,0.6744401102102896,-0.5,10
2024-09-09,PYPL,-0.003101385825988322,0.5905773833860353,-0.5,10
2024-09-10,PYPL,-0.0067548979241721435,0.6408427267783035,-0.5,10
2024-09-11,PYPL,-0.009751871506873639,0.42814345648931323,-0.5,10
2024-09-12,PYPL,-0.012963855167167528,0.4357689063813589,-0.5,10
2024-09-13,PYPL,-0.04339996367354967,0.6523950403078693,-0.5,10
2024-09-16,PYPL,-0.04471656098273576,0.84706531476553,-0.5,10
2024-09-17,PYPL,-0.04103791938956268,0.8443101140377488,-0.5,10
2024-09-18,PYPL,-0.0453894436149942,0.7266264538993791,-0.5,10
2024-09-19,PYPL,-0.03728179585839346,1.4824812799747487,-0.5,10
2024-09-20,PYPL,-0.03698873885349989,1.264393668951446,-0.5,10
2024-09-23,PYPL,-0.03689021637819419,1.3747937625112845,-0.5,10
2024-09-24,PYPL,-0.018820716574061334,1.0089812150549085,-0.5,10
2024-09-25,PYPL,-0.010528932513424356,0.5857990067183556,-0.5,10
2024-09-26,PYPL,-0.008561451767144746,0.9055572762195807,-0.5,10
2024-09-27,PYPL,-0.002127677109911247,0.08683933624635637,-0.5,10
2024-09-30,PYPL,0.002670827114862152,1.5441471743980897,-0.5,10
2024-10-01,PYPL,0.005369809891606326,0.23255449684833823,-0.5,10
2024-10-02,PYPL,0.0030326607763150374,-0.17709421622864885,-0.5,10
2024-10-03,PYPL,-0.007373392940897192,0.13783133216549406,-0.5,10
2024-10-04,PYPL,-0.018033267930732108,0.8739760280050262,-0.5,10
2024-10-07,PYPL,-0.018378533510913658,1.1577376926966387,-0.5,10
2024-10-08,PYPL,-0.012612929565536092,0.9658407687356347,-0.5,10
2024-10-09,PYPL,-0.017039036500605446,1.5105846292331904,-0.5,10
2024-10-10,PYPL,-0.019382072656591115,0.9931796657694452,-0.5,10
2024-10-11,PYPL,-0.0228510457072287,1.324458484077605,-0.5,10
2024-10-14,PYPL,-0.010932876879961334,1.0588574470718992,-0.5,10
2024-10-15,PYPL,-0.010932876879961334,1.1694051006027972,-0.5,10
2024-10-16,PYPL,-0.009529542078652779,0.7515258753819088,-0.5,10
2024-10-17,PYPL,-0.0017314985012152682,-0.1339750947689638,-0.5,10
2024-10-18,PYPL,-0.0012621222104111111,0.0894331165895369,-0.5,10
2024-10-21,PYPL,-0.0010558185956091712,-0.16237627753979447,-0.5,10
2024-10-22,PYPL,-0.0012621222104111111,-0.1082241299674747,-0.5,10
2024-10-23,PYPL,-0.0010558185956091712,0.28208106837673375,-0.5,10
2024-10-24,PYPL,-0.002298525802266157,-0.11436182361845422,-0.5,10
2024-10-25,PYPL,-0.002298525802266157,0.23945047448871112,-0.5,10
2024-10-28,PYPL,-0.0005247855993303183,0.6040289581492272,-0.5,10
2024-10-29,PYPL,0.0304412555729789,-0.7157598521679777,-0.5,10
2024-10-30,PYPL,0.027711340055388493,-1.0749369573967162,-0.5,10
2024-10-31,PYPL,0.030296213873072953,-0.44349016635309235,-0.5,10
2024-11-01,PYPL,0.027300510282975844,-1.4856238608446701,-0.5,10
2024-11-04,PYPL,-0.002590682137717313,-0.9365570704003386,-0.5,10
2024-11-05,PYPL,-0.010061735777624618,-0.6659993845027926,-0.5,10
2024-11-06,PYPL,-0.02655388818363751,0.06416095672226174,-0.5,10
2024-11-07,PYPL,-0.005971422683165453,-0.5538206654974056,-0.5,10
2024-11-08,PYPL,-0.008614475400951295,-0.2320446368265148,-0.5,10
2024-11-11,PYPL,-0.008177661229623562,0.45137213584713676,-0.5,10
2024-11-12,PYPL,-0.004857623694846219,0.31255595375501133,-0.5,10
2024-11-13,PYPL,-0.004974185444065507,0.059442516562104114,-0.5,10
2024-11-14,PYPL,-0.003209234769181568,0.012848531795235707,-0.5,10
2024-11-15,PYPL,-0.0038965590186992635,0.3281413654229649,-0.5,10
2024-11-18,PYPL,-0.002135399276547247,0.2964264332434603,-0.5,10
2024-11-19,PYPL,-0.002135399276547247,0.06445365298156955,-0.5,10
2024-11-20,PYPL,-0.001843977185038481,0.013366128274149763,-0.5,10
2024-11-21,PYPL,-0.0019995072316894252,-0.005285900742584032,-0.5,10
2024-11-22,PYPL,-0.0018472106510950919,0.14025966405892754,-0.5,10
2024-11-25,PYPL,-0.0028998655011039844,-0.05662460320212015,-0.5,10
2024-11-26,PYPL,-0.003247047339381319,0.6083000918084106,-0.5,10
2024-11-27,PYPL,-0.011117738733863024,0.9635848957581278,-0.5,10
2024-11-29,PYPL,0.0275442004371398,-0.10992325496611355,-0.5,10
2024-12-02,PYPL,0.021066830902936838,0.399542984485167,-0.5,10
2024-12-03,PYPL,0.029594869808855822,-0.1279781382936127,-0.5,10
2024-12-04,PYPL,0.01821397232890525,0.8928487296194021,-0.5,10
2024-12-05,PYPL,0.03319575996213651,0.5053045393941918,-0.5,10
2024-12-06,PYPL,0.029035155187708567,0.5588304911602606,-0.5,10
2024-12-09,PYPL,0.036533343805910126,0.04867812078301226,-0.5,10
2024-12-10,PYPL,0.028852690184623858,0.005966176069438889,-0.5,10
2024-12-11,PYPL,0.03228486118130494,0.13779400815818177,-0.5,10
2024-12-12,PYPL,0.0329814290951947,-0.03791793111743161,-0.5,10
2024-12-13,PYPL,0.03283396141595951,0.2981657679672665,-0.5,10
2024-12-16,PYPL,0.03326062873102491,-0.0432039011891131,-0.5,10
2024-12-17,PYPL,0.03104232248209619,0.06261832749154816,-0.5,10
2024-12-18,PYPL,0.019204183264569883,-0.12933306920608567,-0.5,10
2024-12-19,PYPL,0.028127214733239123,-0.32287988200171325,-0.5,10
2024-12-20,PYPL,0.029266721758656376,-0.5410074966795969,-0.5,10
2024-12-23,PYPL,0.02947302537345832,-0.7942019362953838,-0.5,10
2024-12-24,PYPL,0.031805161967421246,-0.7570769781863121,-0.5,10
2024-12-26,PYPL,0.033181895676970836,-0.6716422864867674,-0.5,10
2024-12-27,PYPL,0.03212899355994573,-0.6704313640006523,-0.5,10
2024-12-30,PYPL,0.034057967546708444,-0.6708483042423516,-0.5,10
2024-12-31,PYPL,0.03477130950098855,-0.4653063560530864,-0.5,10
2024-07-01,ZM,-0.01007336348872492,-1.0886389405351526,-0.5,10
2024-07-02,ZM,-0.011256226233272666,-1.1661537135878084,-0.5,10
2024-07-03,ZM,-0.00953172160633333,-1.1860518699275684,-0.5,10
2024-07-05,ZM,-0.006473636704083923,-1.3663204667262487,-0.5,10
2024-07-08,ZM,-0.014829658659128133,-1.4860666302608456,-0.5,10
2024-07-09,ZM,-0.011981985708637288,-1.6717074865364399,-0.5,10
2024-07-10,ZM,-0.013772360881195635,-1.6093258323214223,-0.5,10
2024-07-11,ZM,-0.01017099987100441,-2.024036886748618,-0.5,10
2024-07-12,ZM,-0.01486406529874298,-1.6594761030010008,-0.5,10
2024-07-15,ZM,-0.02461118230070437,-0.639331322473476,-0.5,10
2024-07-16,ZM,-0.009621284576623701,-0.6975704052015451,-0.5,10
2024-07-17,ZM,-0.021139823785114198,0.24711886326614513,-0.5,10
2024-07-18,ZM,-0.016228764220114628,0.3378248677783059,-0.5,10
2024-07-19,ZM,-0.019633906558599114,0.10571044001948518,-0.5,10
2024-07-22,ZM,-0.02031526405060259,-0.3067567112248505,-0.5,10
2024-07-23,ZM,-0.019210088933084655,0.005783931258877051,-0.5,10
2024-07-24,ZM,-0.006267686589952981,0.2695373695044964,-0.5,10
2024-07-25,ZM,-0.011196542636745181,0.8664295618532173,-0.5,10
2024-07-26,ZM,-0.00977535567868755,0.8221442334067173,-0.5,10
2024-07-29,ZM,-0.0111673572054017,0.5664911992567113,-0.5,10
2024-07-30,ZM,-0.008533338876818388,0.7025126634755373,-0.5,10
2024-07-31,ZM,-0.01220228774053618,0.4029311321805375,-0.5,10
2024-08-01,ZM,-0.004044573762773559,0.31452171496784675,-0.5,10
2024-08-02,ZM,-0.017871684076420227,0.8399827416438576,-0.5,10
2024-08-05,ZM,0.0011220963591238619,0.5863310620282627,-0.5,10
2024-08-06,ZM,-0.0006232841022508169,0.5334039698932628,-0.5,10
2024-08-07,ZM,-0.0031953147111159694,0.7916942188369105,-0.5,10
2024-08-08,ZM,-0.0037434262456065926,0.5418382250895094,-0.5,10
2024-08-09,ZM,-0.001146370855234325,0.5466798958335688,-0.5,10
2024-08-12,ZM,0.017334371428155852,-0.033698263207426415,-0.5,10
2024-08-13,ZM,0.00255773855453739,0.09588264814996572,-0.5,10
2024-08-14,ZM,-0.005423585404334371,0.09866932139627213,-0.5,10
2024-08-15,ZM,-0.012889395886035592,0.17543504445616293,-0.5,10
2024-08-16,ZM,-0.00706348614337475,0.08032383510315459,-0.5,10
2024-08-19,ZM,-0.018536049895539385,0.4829720864318971,-0.5,10
2024-08-20,ZM,-0.007327940816432316,0.10508203623579447,-0.5,10
2024-08-21,ZM,-0.010754860289409258,0.3158822188023542,-0.5,10
2024-08-22,ZM,-0.008403217124470813,0.865652735822134,-0.5,10
2024-08-23,ZM,0.02341596216206784,0.5625958533900071,-0.5,10
2024-08-26,ZM,0.026666241193830282,0.5762457367855499,-0.5,10
2024-08-27,ZM,0.034278398194151585,0.2740011055185181,-0.5,10
2024-08-28,ZM,0.03536632529256096,0.7138380669154528,-0.5,10
2024-08-29,ZM,0.03462725580598185,1.0494915978178068,-0.5,10
2024-08-30,ZM,0.028785484765005316,1.1290160156728657,-0.5,10
2024-09-03,ZM,0.05081840992486515,1.2160295244476018,-0.5,10
2024-09-04,ZM,0.01795246803521714,1.7469890374159243,-0.5,10
2024-09-05,ZM,0.014752606642957735,1.6274228768398644,-0.5,10
2024-09-06,ZM,0.015039566177225497,1.950842487659661,-0.5,10
2024-09-09,ZM,0.006025424083295819,1.9442771932774428,-0.5,10
2024-09-10,ZM,0.017770985435773504,1.8161609857445797,-0.5,10
2024-09-11,ZM,0.005216041506269547,1.812967788143402,-0.5,10
2024-09-12,ZM,0.004528759895426053,1.7388252467931988,-0.5,10
2024-09-13,ZM,0.0016704735308906641,2.1737238554223435,-0.5,10
2024-09-16,ZM,0.006216570366426593,1.8383645182406707,-0.5,10
2024-09-17,ZM,0.00743635288384241,1.645613672715401,-0.5,10
2024-09-18,ZM,0.012537253285228709,1.585472387035061,-0.5,10
2024-09-19,ZM,-0.007234481040685243,1.5100997521507447,-0.5,10
2024-09-20,ZM,-0.007441579856538561,-0.737180109525949,-0.5,10
2024-09-23,ZM,-0.00876185057094553,-0.623478738861885,-0.5,10
2024-09-24,ZM,-0.0176357773336812,-0.823983083527268,-0.5,10
2024-09-25,ZM,-0.014972126128771435,-1.0901635496883542,-0.5,10
2024-09-26,ZM,-0.03866850832467378,-0.4804229033978533,-0.5,10
2024-09-27,ZM,-0.04106203914743598,-0.3540144611498437,-0.5,10
2024-09-30,ZM,-0.04085573553263404,-0.25270320460520124,-0.5,10
2024-10-01,ZM,-0.041531415438240134,-0.5877039240879433,-0.5,10
2024-10-02,ZM,-0.04078392536432428,-0.6305855154216147,-0.5,10
2024-10-03,ZM,-0.041531415438240134,-0.18726357646272418,-0.5,10
2024-10-04,ZM,-0.04173771905304208,-0.2022339706363494,-0.5,10
2024-10-07,ZM,-0.041531415438240134,-0.10472602978453216,-0.5,10
2024-10-08,ZM,-0.04635564700245167,0.006447648669687944,-0.5,10
2024-10-09,ZM,-0.031211699617681107,-0.054588020293167394,-0.5,10
2024-10-10,ZM,-0.04211160936330862,0.5754711163529931,-0.5,10
2024-10-11,ZM,-0.04449052997829949,0.39383919759755076,-0.5,10
2024-10-14,ZM,-0.04269657800179203,-0.0699357942303711,-0.5,10
2024-10-15,ZM,-0.04433610990685248,0.03471189204005576,-0.5,10
2024-10-16,ZM,-0.039044315898314995,0.4401764583354459,-0.5,10
2024-10-17,ZM,-0.04370598866653608,1.0849049935694346,-0.5,10
2024-10-18,ZM,-0.04433610990685248,0.8892337093804434,-0.5,10
2024-10-21,ZM,-0.052378676435853276,0.9595185086258866,-0.5,10
2024-10-22,ZM,-0.05155953154978371,1.0196729740102366,-0.5,10
2024-10-23,ZM,-0.058549600345957575,1.716508805718993,-0.5,10
2024-10-24,ZM,-0.05461215531807551,1.633604701614488,-0.5,10
2024-10-25,ZM,-0.05344933408517575,1.1677117308114908,-0.5,10
2024-10-28,ZM,-0.05159515616685804,1.1619448346604442,-0.5,10
2024-10-29,ZM,-0.05600313576612729,1.5924613725845302,-0.5,10
2024-10-30,ZM,-0.05795264412254458,1.7368837998862419,-0.5,10
2024-10-31,ZM,-0.055911468259446415,2.57583193115691,-0.5,10
2024-11-01,ZM,-0.02241578579914607,1.9154351787917216,-0.5,10
2024-11-04,ZM,-0.027864913487504875,2.0327648125132582,-0.5,10
2024-11-05,ZM,-0.005638008332959535,2.0041824001793653,-0.5,10
2024-11-06,ZM,0.005131137863522426,0.8429668821420713,-0.5,10
2024-11-07,ZM,0.010140944296768973,0.2742975259303634,-0.5,10
2024-11-08,ZM,0.009414440904899063,0.761458024670699,-0.5,10
2024-11-11,ZM,0.0363172610902902,1.1076202448827457,-0.5,10
2024-11-12,ZM,0.04154345208522161,0.7530648923080339,-0.5,10
2024-11-13,ZM,0.036881391369189824,0.7573126208427605,-0.5,10
2024-11-14,ZM,-0.0049087058414314325,1.3167134371333864,-0.5,10
2024-11-15,ZM,-0.0059497580447110945,1.4583807787378849,-0.5,10
2024-11-18,ZM,-0.01095113863387406,1.0436761661271086,-0.5,10
2024-11-19,ZM,-0.016766745377908565,0.869683875306487,-0.5,10
2024-11-20,ZM,-0.01650278209662727,0.7994517610749802,-0.5,10
2024-11-21,ZM,-0.024529867092671086,1.4457079282544996,-0.5,10
2024-11-22,ZM,-0.014910177403925808,1.9457712471002417,-0.5,10
2024-11-25,ZM,-0.006743331232982763,1.8803884728169342,-0.5,10
2024-11-26,ZM,-0.022265865616734742,1.4181761518079679,-0.5,10
2024-11-27,ZM,-0.022088099900680072,1.677227140962148,-0.5,10
2024-11-29,ZM,-0.019814649824264285,0.9230433765120101,-0.5,10
2024-12-02,ZM,-0.017069467399846334,1.5122116454940329,-0.5,10
2024-12-03,ZM,-0.01482579496242817,1.4654338977588992,-0.5,10
2024-12-04,ZM,0.031788184814574426,-0.23995822504517839,-0.5,10
2024-12-05,ZM,0.03199448842937637,-0.03612225356089138,-0.5,10
2024-12-06,ZM,0.0340364025131987,0.11407943976963708,-0.5,10
2024-12-09,ZM,0.029607970193389083,-0.10393293871491471,-0.5,10
2024-12-10,ZM,0.026144177452696545,-0.39553096836021884,-0.5,10
2024-12-11,ZM,0.03370163326037526,-0.4106811069911269,-0.5,10
2024-12-12,ZM,0.03416460229984565,-0.05468067192055029,-0.5,10
2024-12-13,ZM,0.027269908755325364,-0.1372054387197936,-0.5,10
2024-12-16,ZM,0.02978924803801069,-0.3106508334995697,-0.5,10
2024-12-17,ZM,0.03785437432588884,-0.026014601379671543,-0.5,10
2024-12-18,ZM,-0.00030738398760602305,0.5054126417789848,-0.5,10
2024-12-19,ZM,0.03190064520671084,0.028184428032898723,-0.5,10
2024-12-20,ZM,0.026962561825124624,-0.26200741331775124,-0.5,10
2024-12-23,ZM,0.029448647031974494,-0.875456885625463,-0.5,10
2024-12-24,ZM,0.028245926665833004,-1.117558517930227,-0.5,10
2024-12-26,ZM,0.025438914968009946,-0.4439281235113004,-0.5,10
2024-12-27,ZM,0.02684294491686235,-0.8696607909098035,-0.5,10
2024-12-30,ZM,0.02513258811627448,-0.3758308161492136,-0.5,10
2024-12-31,ZM,0.0268487465789738,-0.44430995018373737,-0.5,10
2025-01-02,AAPL,0.01839750506267369,0.659637410245647,2.0,11
2025-01-03,AAPL,0.014716493483292908,0.31186504727087516,2.0,11
2025-01-06,AAPL,0.01578535425240169,0.2780972878607788,2.0,11
2025-01-07,AAPL,0.016556169301589024,0.5539258141628675,2.0,11
2025-01-08,AAPL,0.01837684139705974,0.48099678714984884,2.0,11
2025-01-10,AAPL,0.01815884362346405,-0.13659406972918176,2.0,11
2025-01-13,AAPL,0.015536371933120536,0.25273738689749276,2.0,11
2025-01-14,AAPL,0.020193306207773105,0.03745300259907297,2.0,11
2025-01-15,AAPL,0.014760581825141337,-0.7052882402695104,2.0,11
2025-01-16,AAPL,0.013668320446398215,-1.5990114006175817,2.0,11
2025-01-17,AAPL,0.015851671667432673,-0.9689713405095189,2.0,11
2025-01-21,AAPL,0.018983508274820777,-0.6625875461560207,2.0,11
2025-01-22,AAPL,0.01845147911866316,-0.1766593697475034,2.0,11
2025-01-23,AAPL,0.01582676400358554,-1.1603889831547909,2.0,11
2025-01-24,AAPL,0.00736397639449567,-2.336856322839818,2.0,11
2025-01-27,AAPL,0.01080425416103335,-1.0015063397064936,2.0,11
2025-01-28,AAPL,0.002984716050205213,-1.353392527754575,2.0,11
2025-01-29,AAPL,0.001612229739346649,-1.085437847628291,2.0,11
2025-01-30,AAPL,0.0016853007509767914,-0.8613890212780073,2.0,11
2025-01-31,AAPL,0.0004942810256569418,-1.0062580088716626,2.0,11
2025-02-03,AAPL,0.008642565406810732,0.03796694541581758,2.0,11
2025-02-04,AAPL,0.0044182224218803625,-0.07666711082985808,2.0,11
2025-02-05,AAPL,0.004321022612518471,-0.03706036601224244,2.0,11
2025-02-06,AAPL,0.0006122652578492907,-0.6902641173451823,2.0,11
2025-02-07,AAPL,0.00020462943276835393,-0.820774451179759,2.0,11
2025-02-10,AAPL,0.00033676827365110296,0.04695639602781987,2.0,11
2025-02-11,AAPL,-0.000900624278531662,0.6667016568603024,2.0,11
2025-02-12,AAPL,-0.0038715349301872417,0.28446800174162756,2.0,11
2025-02-13,AAPL,-0.004088487471068677,0.9167134833630142,2.0,11
2025-02-14,AAPL,-0.0006254596022250539,1.1437218084003247,2.0,11
2025-02-18,AAPL,0.001258800120193414,1.608152660912655,2.0,11
2025-02-19,AAPL,-0.002719442878435931,1.598562810189001,2.0,11
2025-02-20,AAPL,-0.003915778231649568,2.2546645374930683,2.0,11
2025-02-21,AAPL,-0.0016080600091123148,2.38161138571967,2.0,11
2025-02-24,AAPL,-0.0014409073078230732,2.5212639639489396,2.0,11
2025-02-25,AAPL,-0.0067431417149706714,1.7608934027078555,2.0,11
2025-02-26,AAPL,-0.005839959171672575,1.0438142558773849,2.0,11
2025-02-27,AAPL,0.003184980664889461,1.4855197226248396,2.0,11
2025-02-28,AAPL,-0.003988515889545939,1.392726518181787,2.0,11
2025-03-03,AAPL,-0.0003932453930909724,1.0821150360551648,2.0,11
2025-03-04,AAPL,-0.001556103035892926,1.1039853006733864,2.0,11
2025-03-05,AAPL,-0.0010772788810558787,1.2188898698003154,2.0,11
2025-03-06,AAPL,-6.746782194101889e-05,1.2562123182978828,2.0,11
2025-03-07,AAPL,-0.0005636562802528535,1.0783469963448709,2.0,11
2025-03-10,AAPL,0.004513524684558311,1.5306400634459507,2.0,11
2025-03-11,AAPL,0.00351051097899997,1.086178056556252,2.0,11
2025-03-12,AAPL,0.009620510542058964,0.3473838274185129,2.0,11
2025-03-13,AAPL,0.010007926731505048,0.2641604673700975,2.0,11
2025-03-14,AAPL,0.013226486555979302,0.8446379138822797,2.0,11
2025-03-17,AAPL,0.009736807455011721,0.6979253234035148,2.0,11
2025-03-18,AAPL,0.009577862076706805,0.5985869302884056,2.0,11
2025-03-19,AAPL,0.010413535217102109,0.0495019845747845,2.0,11
2025-03-20,AAPL,0.01308343905346022,-0.006695620713963679,2.0,11
2025-03-21,AAPL,0.010632091787345605,-0.3660022736182409,2.0,11
2025-03-24,AAPL,0.013746862521151483,-0.8345957975745675,2.0,11
2025-03-25,AAPL,0.012421444096162642,-1.1042311845004524,2.0,11
2025-03-26,AAPL,0.016221466671840625,0.07020058362604631,2.0,11
2025-03-27,AAPL,0.012738492784555563,-0.20873089871629769,2.0,11
2025-03-28,AAPL,0.014567587008032025,-0.2880445226499322,2.0,11
2025-03-31,AAPL,0.014940946976921107,0.0355429268733326,2.0,11
2025-04-01,AAPL,0.013634328684132817,0.4685489520608326,2.0,11
2025-04-02,AAPL,0.012421576714225857,0.9577256564747535,2.0,11
2025-04-03,AAPL,-0.021593209961511987,-1.7737857254770948,2.0,11
2025-04-04,AAPL,-0.005271202614281584,-2.9134743527817935,2.0,11
2025-04-07,AAPL,-0.013478670179792247,-3.1636544216192473,2.0,11
2025-04-08,AAPL,-0.012352237385315434,-3.259287352629195,2.0,11
2025-04-09,AAPL,0.011264000676062242,-0.7301824048359241,2.0,11
2025-04-10,AAPL,0.014545787931454907,-0.4473917616370102,2.0,11
2025-04-11,AAPL,0.018436459615609933,0.40965929599289874,2.0,11
2025-04-14,AAPL,0.014972890019444345,0.6061543028318106,2.0,11
2025-04-15,AAPL,0.014814819627142897,0.4842550925050629,2.0,11
2025-04-16,AAPL,0.019659517116135755,0.08552632668775065,2.0,11
2025-04-17,AAPL,0.01983514100988685,0.8175600584726703,2.0,11
2025-04-21,AAPL,-0.0008207144299363553,-0.13623083961207882,2.0,11
2025-04-22,AAPL,0.009939441505765314,0.6593773855355533,2.0,11
2025-04-23,AAPL,0.009084065910231998,0.5051148774968299,2.0,11
2025-04-24,AAPL,-0.0009436303059592093,-0.3186236141225121,2.0,11
2025-04-25,AAPL,-0.00014681723775722175,-0.3234813349489791,2.0,11
2025-04-28,AAPL,0.0035767604887739354,-0.1646527094645733,2.0,11
2025-04-29,AAPL,0.0032662230786902552,-0.40584241258091364,2.0,11
2025-04-30,AAPL,-0.009813676572056302,-1.1367563239603347,2.0,11
2025-05-01,AAPL,-0.008299804174978909,-0.7829046342083525,2.0,11
2025-05-02,AAPL,-0.010546066391574196,-0.6651980375705022,2.0,11
2025-05-05,AAPL,-0.029901791134340574,-1.82194690177278,2.0,11
2025-05-06,AAPL,-0.015683958460861805,-0.8161982823522709,2.0,11
2025-05-07,AAPL,-0.001915099567620515,0.439087085686802,2.0,11
2025-05-08,AAPL,0.0006145499911296998,-0.6034564647268409,2.0,11
2025-05-09,AAPL,0.010961016826923502,-0.24264195609843286,2.0,11
2025-05-12,AAPL,0.0027261924512748167,-0.11252862651822648,2.0,11
2025-05-13,AAPL,-0.00021981941927494482,-0.7380962369703137,2.0,11
2025-05-14,AAPL,0.000452951100945838,-0.8395389537596106,2.0,11
2025-05-15,AAPL,0.004539797451597047,-0.8990370076886467,2.0,11
2025-05-16,AAPL,0.010867938116228102,-1.2626515608426985,2.0,11
2025-05-19,AAPL,0.015298506690269841,-1.1874180387238473,2.0,11
2025-05-20,AAPL,0.016108837861039574,-1.0844332590161225,2.0,11
2025-05-21,AAPL,0.01157711428771038,-1.589570335339758,2.0,11
2025-05-22,AAPL,0.016857737264942472,-1.033991409702998,2.0,11
2025-05-23,AAPL,0.009651649998070036,-2.305316382689512,2.0,11
2025-05-27,AAPL,0.007427581016824893,-2.0396420851375323,2.0,11
2025-05-28,AAPL,0.008294087547103545,-1.7904979407371675,2.0,11
2025-05-29,AAPL,0.00747485761305643,-2.0500609474543654,2.0,11
2025-05-30,AAPL,0.008224949772690289,-1.8987275357228746,2.0,11
2025-06-02,AAPL,0.016393307631764116,-0.8728257252781491,2.0,11
2025-06-03,AAPL,0.01658920135277991,-0.46067601122151974,2.0,11
2025-06-04,AAPL,0.016281152652996046,-0.7332940200870873,2.0,11
2025-06-05,AAPL,0.018002193087514058,-0.7875947613824801,2.0,11
2025-06-06,AAPL,0.020997617588541392,-0.20976761641860017,2.0,11
2025-06-09,AAPL,0.01882188182512256,-0.7117790077747028,2.0,11
2025-06-10,AAPL,0.019714237485229307,-0.5257121707836089,2.0,11
2025-06-11,AAPL,0.014668631893117363,-1.0433451604453863,2.0,11
2025-06-12,AAPL,0.012210900651292862,-0.9533435478909404,2.0,11
2025-06-13,AAPL,0.012702156986581848,-1.2212524607766295,2.0,11
2025-06-16,AAPL,0.010916009063762284,-1.627156449529012,2.0,11
2025-06-17,AAPL,-0.015625153785387282,-3.3248046450839706,2.0,11
2025-06-18,AAPL,-0.0009367393606919379,-2.0959531694826454,2.0,11
2025-06-20,AAPL,0.0001909560323547375,-1.5044559876905421,2.0,11
2025-06-23,AAPL,-0.0023092145543074662,-1.4152138173094357,2.0,11
2025-06-24,AAPL,-0.006444433190879675,-1.9393360876550545,2.0,11
2025-06-25,AAPL,-0.016595729424142933,-2.473962045907813,2.0,11
2025-06-26,AAPL,-0.016164789574841965,-2.7711775143262294,2.0,11
2025-06-27,AAPL,-0.004386158429849472,-1.980100431996611,2.0,11
2025-06-30,AAPL,-0.00826082292088956,-1.9208675022045987,2.0,11
2025-01-02,AMZN,0.012603267598183096,0.6729492506310397,2.0,11
2025-01-03,AMZN,0.012327646156955134,0.6621095722252557,2.0,11
2025-01-06,AMZN,0.012746940824953444,0.517273939381251,2.0,11
2025-01-07,AMZN,0.01752955217463812,0.2838575998251349,2.0,11
2025-01-08,AMZN,0.01377692934528306,0.19287085242462176,2.0,11
2025-01-10,AMZN,0.01469800254120157,0.059442161941297936,2.0,11
2025-01-13,AMZN,0.01154459605616304,-0.07838918964734588,2.0,11
2025-01-14,AMZN,0.013113918149844021,-0.23458564890341077,2.0,11
2025-01-15,AMZN,0.014090331835267788,0.020727537144207636,2.0,11
2025-01-16,AMZN,0.013252400139207404,-0.7348695772745777,2.0,11
2025-01-17,AMZN,0.013971831691336433,0.17633708441147344,2.0,11
2025-01-21,AMZN,0.006295051367938966,0.15030240975432652,2.0,11
2025-01-22,AMZN,0.007887142607202385,0.6877667252678548,2.0,11
2025-01-23,AMZN,0.004361149046595696,0.044129720524277494,2.0,11
2025-01-24,AMZN,0.005186879856727728,0.5007851616034972,2.0,11
2025-01-27,AMZN,0.008725386415789219,0.9737567272389016,2.0,11
2025-01-28,AMZN,-0.001238123734266134,0.9920824977513086,2.0,11
2025-01-29,AMZN,-0.0033227385736844697,0.8438826991179694,2.0,11
2025-01-30,AMZN,-0.0016140730609975208,0.8960502012788775,2.0,11
2025-01-31,AMZN,-0.0038119553653623356,0.8229190977093278,2.0,11
2025-02-03,AMZN,-0.003193878985698551,1.0722433962942624,2.0,11
2025-02-04,AMZN,-0.0005037933013244058,1.0082870514210707,2.0,11
2025-02-05,AMZN,-0.00038504426348235586,0.9117646142018527,2.0,11
2025-02-06,AMZN,-0.00244752630787528,0.9316113519633173,2.0,11
2025-02-07,AMZN,0.003996822111407187,1.0512281934288565,2.0,11
2025-02-10,AMZN,0.0017236476418424395,2.162433397884556,2.0,11
2025-02-11,AMZN,0.0011749158077425526,2.100389275791996,2.0,11
2025-02-12,AMZN,-0.0005835042084809043,1.7511896288466928,2.0,11
2025-02-13,AMZN,-0.0013445586844892726,1.9056243040332286,2.0,11
2025-02-14,AMZN,0.0003480030208744025,0.899660763869784,2.0,11
2025-02-18,AMZN,0.0009758597297372293,1.0169679540559193,2.0,11
2025-02-19,AMZN,0.003882520036024086,1.0407188119567539,2.0,11
2025-02-20,AMZN,0.002981393981838869,1.2480952504362042,2.0,11
2025-02-21,AMZN,0.005645714430202812,1.2329592556475455,2.0,11
2025-02-24,AMZN,0.00754930830252013,1.3486826143617883,2.0,11
2025-02-25,AMZN,0.01327035096900209,1.6170456113289664,2.0,11
2025-02-26,AMZN,0.008427026296201921,1.0753162662211415,2.0,11
2025-02-27,AMZN,0.010157632211389631,0.9618240916884975,2.0,11
2025-02-28,AMZN,0.008217704449626165,1.3366357921356573,2.0,11
2025-03-03,AMZN,0.009454854680884998,0.49421774875457747,2.0,11
2025-03-04,AMZN,0.010217975735147863,0.1960738413915144,2.0,11
2025-03-05,AMZN,0.009299224313115369,0.0298255962463021,2.0,11
2025-03-06,AMZN,0.012963418118929626,0.28540747616343687,2.0,11
2025-03-07,AMZN,0.012293438978648933,0.05438602466241549,2.0,11
2025-03-10,AMZN,0.011413690964862057,0.523407401084546,2.0,11
2025-03-11,AMZN,0.008379282488462968,0.13781963029975763,2.0,11
2025-03-12,AMZN,0.004949361717039781,-1.560118592487839,2.0,11
2025-03-13,AMZN,0.006285017895593225,-0.6399698299114027,2.0,11
2025-03-14,AMZN,0.012221436941074821,0.25248647637658483,2.0,11
2025-03-17,AMZN,0.0027799262727800735,-0.08594512392582832,2.0,11
2025-03-18,AMZN,0.0037021880402173485,-0.6790751187012322,2.0,11
2025-03-19,AMZN,0.0016970813896918062,-1.2325279960125566,2.0,11
2025-03-20,AMZN,0.000791202058574772,-1.1251575768859252,2.0,11
2025-03-21,AMZN,0.006101755574801632,-0.4494180950113195,2.0,11
2025-03-24,AMZN,0.009137190422171907,0.01745087074267329,2.0,11
2025-03-25,AMZN,0.010313874033840906,-0.16414903527354327,2.0,11
2025-03-26,AMZN,0.008913839292713319,-0.2350891339555616,2.0,11
2025-03-27,AMZN,0.012571368481002982,0.3033321404888267,2.0,11
2025-03-28,AMZN,0.001925965420767424,-0.9778321098361796,2.0,11
2025-03-31,AMZN,0.009317380798349494,-0.6630234404301589,2.0,11
2025-04-01,AMZN,0.008357680211184458,-0.24498250792827092,2.0,11
2025-04-02,AMZN,-0.04550922784249492,-4.471463749997744,2.0,11
2025-04-03,AMZN,-0.013266336362940124,-0.8818146062001768,2.0,11
2025-04-04,AMZN,-0.00985097138184628,-1.8810048552463237,2.0,11
2025-04-07,AMZN,-0.014942989138690518,-1.3718972103964173,2.0,11
2025-04-08,AMZN,-0.025641824165995877,-1.9956235276817667,2.0,11
2025-04-09,AMZN,-0.035238463803683714,-2.1246886645562704,2.0,11
2025-04-10,AMZN,-0.023000537520332633,-1.6694867487841196,2.0,11
2025-04-11,AMZN,-0.028907422627637024,-2.1129361851282855,2.0,11
2025-04-14,AMZN,-0.028051654624115335,-2.126796752797345,2.0,11
2025-04-15,AMZN,-0.027770423180423425,-1.8546578675277123,2.0,11
2025-04-16,AMZN,-0.026434137257335004,-2.3654838343229336,2.0,11
2025-04-17,AMZN,-0.03486890611342135,-2.8494118087246565,2.0,11
2025-04-21,AMZN,-0.03883077783590553,-3.2883799319355664,2.0,11
2025-04-22,AMZN,-0.03703438452685198,-3.362137776333335,2.0,11
2025-04-23,AMZN,-0.08636260167003368,-4.484414096187803,2.0,11
2025-04-24,AMZN,-0.10104716566440493,-4.563064065822008,2.0,11
2025-04-25,AMZN,-0.0993596435013061,-4.11200845160791,2.0,11
2025-04-28,AMZN,-0.09812255877764939,-4.094827461621233,2.0,11
2025-04-29,AMZN,-0.09282777864263614,-3.953864290754916,2.0,11
2025-04-30,AMZN,-0.0884741179725664,-4.317985820983142,2.0,11
2025-05-01,AMZN,-0.0887151034198864,-3.8843571036060935,2.0,11
2025-05-02,AMZN,-0.07574794782608292,-2.9140006742334976,2.0,11
2025-05-05,AMZN,-0.07281785305795745,-3.480085217471503,2.0,11
2025-05-06,AMZN,-0.07358427695604904,-4.387715125437865,2.0,11
2025-05-07,AMZN,-0.07374994774091603,-3.7208954271721066,2.0,11
2025-05-08,AMZN,-0.05004993025681715,-2.9833112419917636,2.0,11
2025-05-09,AMZN,-0.048098288032862875,-4.236748227655911,2.0,11
2025-05-12,AMZN,-0.04932893913688983,-2.097242489875682,2.0,11
2025-05-13,AMZN,-0.004654247422726945,0.7270051651473705,2.0,11
2025-05-14,AMZN,-0.005144413342383945,0.5104850503501775,2.0,11
2025-05-15,AMZN,-0.0029420828156396183,-0.46684389088597783,2.0,11
2025-05-16,AMZN,0.009228628874907266,-0.051867024581477905,2.0,11
2025-05-19,AMZN,0.007638922006980696,-0.4069976830859598,2.0,11
2025-05-20,AMZN,0.010602219950794115,-0.1354466435799502,2.0,11
2025-05-21,AMZN,0.015000660587825232,-0.05073268789262459,2.0,11
2025-05-22,AMZN,0.015005154859337623,0.1363290344995306,2.0,11
2025-05-23,AMZN,0.011933826987230438,-0.3894282845895172,2.0,11
2025-05-27,AMZN,0.0129915513149226,-0.04009912256726489,2.0,11
2025-05-28,AMZN,0.015384450709840696,0.2577115172010087,2.0,11
2025-05-29,AMZN,0.014583455684392748,0.11893024917604261,2.0,11
2025-05-30,AMZN,0.01599546984999128,0.3243339508183072,2.0,11
2025-06-02,AMZN,0.013429578815810202,0.3890852173829922,2.0,11
2025-06-03,AMZN,0.01873248409911031,0.7454216552309585,2.0,11
2025-06-04,AMZN,0.019412067305523542,0.8232111041963549,2.0,11
2025-06-05,AMZN,0.021474864533953385,0.7196988744142159,2.0,11
2025-06-06,AMZN,0.01755506035464153,0.5994445514388481,2.0,11
2025-06-09,AMZN,0.020319129024766285,0.6854885266169818,2.0,11
2025-06-10,AMZN,0.013431754826853166,0.14724054571938047,2.0,11
2025-06-11,AMZN,0.004447515811413371,-0.7899569883664935,2.0,11
2025-06-12,AMZN,0.008034903199995523,-0.18841603287563277,2.0,11
2025-06-13,AMZN,0.0009933718751575266,-0.5601910092644802,2.0,11
2025-06-16,AMZN,0.009916014070109197,0.14033918047650812,2.0,11
2025-06-17,AMZN,0.007396472073023053,0.3487219779635533,2.0,11
2025-06-18,AMZN,0.01119501496005897,0.6027279661104632,2.0,11
2025-06-20,AMZN,0.01240963637360997,0.6022945585048562,2.0,11
2025-06-23,AMZN,0.012233932819877539,0.4912408118459415,2.0,11
2025-06-24,AMZN,0.011384694202914596,0.34986023464203997,2.0,11
2025-06-25,AMZN,0.007862790723699067,-0.006678120074552679,2.0,11
2025-06-26,AMZN,0.01070032610540861,0.5357024971205667,2.0,11
2025-06-27,AMZN,0.006506265740037534,0.5374447832104731,2.0,11
2025-06-30,AMZN,0.008951293524196349,0.3359349246418517,2.0,11
2025-01-02,GOOGL,-0.03891612273669281,-2.111963637269443,2.0,11
2025-01-03,GOOGL,-0.040108014274591056,-1.8835526943185243,2.0,11
2025-01-06,GOOGL,-0.039067809513404786,-0.839303291461647,2.0,11
2025-01-07,GOOGL,-0.0413727964211543,-0.792266569292599,2.0,11
2025-01-08,GOOGL,-0.05651187013973408,-1.4977778660262175,2.0,11
2025-01-10,GOOGL,-0.033261545737874175,-1.3720355599273348,2.0,11
2025-01-13,GOOGL,-0.016902553061255245,-1.430331514821439,2.0,11
2025-01-14,GOOGL,-0.003917936826895098,-0.5833958037767323,2.0,11
2025-01-15,GOOGL,-0.023654821870889832,-1.1451427163255967,2.0,11
2025-01-16,GOOGL,-0.016295691619553354,-2.476683942324438,2.0,11
2025-01-17,GOOGL,-0.01854275463924078,-2.5807271378420746,2.0,11
2025-01-21,GOOGL,-0.02210614786834278,-2.6736594677787764,2.0,11
2025-01-22,GOOGL,-0.020428164528428272,-2.313411783444877,2.0,11
2025-01-23,GOOGL,-0.020550401746516154,-2.6081679237402997,2.0,11
2025-01-24,GOOGL,-0.01926474884260017,-2.2383206417779373,2.0,11
2025-01-27,GOOGL,-0.01875336550395734,-2.4468716142093987,2.0,11
2025-01-28,GOOGL,-0.019446273314827265,-1.7182235815164537,2.0,11
2025-01-29,GOOGL,-0.021156840866308597,-1.742236885156006,2.0,11
2025-01-30,GOOGL,-0.02502576716065466,-1.9027291853183415,2.0,11
2025-01-31,GOOGL,-0.015228430202401522,-0.13567868358965152,2.0,11
2025-02-03,GOOGL,-0.021445955547742267,-0.48086004872444454,2.0,11
2025-02-04,GOOGL,-0.01797984396262882,-0.2766044825796319,2.0,11
2025-02-05,GOOGL,-0.04018080816989176,-3.0842558194233667,2.0,11
2025-02-06,GOOGL,-0.03920683934552792,-2.977158646882157,2.0,11
2025-02-07,GOOGL,-0.038505406150463925,-3.1223113321434477,2.0,11
2025-02-10,GOOGL,-0.048209998653531094,-4.228121551098979,2.0,11
2025-02-11,GOOGL,-0.048969620017777896,-4.410640309460152,2.0,11
2025-02-12,GOOGL,-0.00023703272435190902,0.8167310477506677,2.0,11
2025-02-13,GOOGL,-0.005832672407060008,-0.2664353396455266,2.0,11
2025-02-14,GOOGL,-0.0040797017254099064,-0.6244046402174948,2.0,11
2025-02-18,GOOGL,-0.007911179621756489,-1.8362241593577433,2.0,11
2025-02-19,GOOGL,-0.0022044258040214335,-0.10389671834346603,2.0,11
2025-02-20,GOOGL,-0.054977419098602875,-2.9533815975063775,2.0,11
2025-02-21,GOOGL,-0.05949765642063397,-4.087410390382827,2.0,11
2025-02-24,GOOGL,-0.05741761789839077,-3.9194831348736723,2.0,11
2025-02-25,GOOGL,-0.05679695998394363,-3.618550281010678,2.0,11
2025-02-26,GOOGL,-0.05814126394257757,-3.650182605613697,2.0,11
2025-02-27,GOOGL,-0.06638929983674753,-4.412945966521746,2.0,11
2025-02-28,GOOGL,-0.059500931396949945,-4.18063291497825,2.0,11
2025-03-03,GOOGL,-0.07003026406966391,-5.210474409801956,2.0,11
2025-03-04,GOOGL,-0.07531287739306283,-5.202962550372245,2.0,11
2025-03-05,GOOGL,-0.07393898861066492,-5.597143111027725,2.0,11
2025-03-06,GOOGL,-0.024311247828317496,-2.5221981607939035,2.0,11
2025-03-07,GOOGL,-0.006289469086238213,-0.9436016225255766,2.0,11
2025-03-10,GOOGL,0.003410585962330388,0.1496282203966801,2.0,11
2025-03-11,GOOGL,-0.0017259463299387702,-1.0150863072964889,2.0,11
2025-03-12,GOOGL,0.0067370081811229145,-0.4725433879112623,2.0,11
2025-03-13,GOOGL,0.003441129541715177,-0.3257997443594367,2.0,11
2025-03-14,GOOGL,-0.0020080425421705786,-0.9856506453717859,2.0,11
2025-03-17,GOOGL,0.0006859044851617565,0.14520447709795958,2.0,11
2025-03-18,GOOGL,-0.005515764967768259,-1.7918877391427768,2.0,11
2025-03-19,GOOGL,-0.014835757734934098,-2.6043696402092107,2.0,11
2025-03-20,GOOGL,-0.01581073193448269,-2.565467665937893,2.0,11
2025-03-21,GOOGL,-0.004382081684880593,-1.4170142231248368,2.0,11
2025-03-24,GOOGL,0.01452037614753069,0.7529625328675018,2.0,11
2025-03-25,GOOGL,0.013275472080407852,0.44556217118594577,2.0,11
2025-03-26,GOOGL,0.003251936366375088,-0.3631305409568829,2.0,11
2025-03-27,GOOGL,0.008070340792565264,-0.4226496535570108,2.0,11
2025-03-28,GOOGL,-0.025246257283239853,-2.82584896290429,2.0,11
2025-03-31,GOOGL,-0.02694040790533244,-3.976481825502967,2.0,11
2025-04-01,GOOGL,-0.02688593093677904,-5.0829199895939325,2.0,11
2025-04-02,GOOGL,-0.016601577601208437,-2.639487000669721,2.0,11
2025-04-03,GOOGL,-0.04557343421438905,-3.035466001385015,2.0,11
2025-04-04,GOOGL,-0.032752660429576516,-3.8910000349100358,2.0,11
2025-04-07,GOOGL,-0.03383272143495506,-2.861717384299835,2.0,11
2025-04-08,GOOGL,-0.040463144296610035,-2.3682890502723515,2.0,11
2025-04-09,GOOGL,-0.04695360367248866,-2.9110972655828364,2.0,11
2025-04-10,GOOGL,-0.04845601431591593,-2.753752325353622,2.0,11
2025-04-11,GOOGL,-0.029355520844447733,-1.851921436434212,2.0,11
2025-04-14,GOOGL,-0.03444202404291691,-1.907451245566922,2.0,11
2025-04-15,GOOGL,-0.028917551750681048,-1.3517309311003152,2.0,11
2025-04-16,GOOGL,-0.022930889082931092,-1.3294168023264512,2.0,11
2025-04-17,GOOGL,-0.023611413785446903,-1.407578085855623,2.0,11
2025-04-21,GOOGL,-0.023305599655362875,-1.288388103079447,2.0,11
2025-04-22,GOOGL,-0.0223028835758777,-1.3273039802791144,2.0,11
2025-04-23,GOOGL,-0.023652320701789756,-0.946623710456588,2.0,11
2025-04-24,GOOGL,-0.029152515563692007,-0.5331116086562435,2.0,11
2025-04-25,GOOGL,-0.02486581891338132,-0.035648899821264624,2.0,11
2025-04-28,GOOGL,-0.022056838822363298,0.37081808409794925,2.0,11
2025-04-29,GOOGL,-0.022148277537802026,0.058430658868588004,2.0,11
2025-04-30,GOOGL,-0.022549391007803912,-0.2851853140909797,2.0,11
2025-05-01,GOOGL,-0.02295482296588945,-0.13141451999558162,2.0,11
2025-05-02,GOOGL,-0.02278976190981322,-0.17321944252723148,2.0,11
2025-05-05,GOOGL,-0.014830247784697926,-0.07504327026979142,2.0,11
2025-05-06,GOOGL,-0.012967762142760532,-0.40983556821354056,2.0,11
2025-05-07,GOOGL,-0.026677947288032456,-2.186173900544778,2.0,11
2025-05-08,GOOGL,-0.011282070779470734,-1.5574708869400793,2.0,11
2025-05-09,GOOGL,0.0028600377568693738,-1.5799169432876352,2.0,11
2025-05-12,GOOGL,-0.009789695744380447,-2.003989067032211,2.0,11
2025-05-13,GOOGL,-0.00812388107777231,-1.9936949055035202,2.0,11
2025-05-14,GOOGL,-0.01137187424418094,-1.4210054847126021,2.0,11
2025-05-15,GOOGL,-0.010585469109677122,-2.5186249260490436,2.0,11
2025-05-16,GOOGL,0.0017556251561213997,-1.6834412189072578,2.0,11
2025-05-19,GOOGL,0.005255280118292294,-1.6018116119859054,2.0,11
2025-05-20,GOOGL,0.0038011305433452115,-1.6049895082302497,2.0,11
2025-05-21,GOOGL,-0.0037567678320892506,-1.588200446055298,2.0,11
2025-05-22,GOOGL,-0.0010630015663810545,-1.2295977210174194,2.0,11
2025-05-23,GOOGL,-0.0019167061550176218,-1.7578036919725342,2.0,11
2025-05-27,GOOGL,-0.007859470897070162,-1.7316833464682804,2.0,11
2025-05-28,GOOGL,-0.014212756662229585,-1.819634592940686,2.0,11
2025-05-29,GOOGL,-0.011424338145932562,-1.9518130618374854,2.0,11
2025-05-30,GOOGL,-0.012462688694123975,-1.569676914130289,2.0,11
2025-06-02,GOOGL,-0.008097653265368095,-1.7922562683935304,2.0,11
2025-06-03,GOOGL,-0.008110766833962326,-2.3555886352780693,2.0,11
2025-06-04,GOOGL,-0.008133357747032484,-2.5491433325921236,2.0,11
2025-06-05,GOOGL,0.009630360686194139,0.009970236031503155,2.0,11
2025-06-06,GOOGL,0.008316356673711962,0.15885461429380854,2.0,11
2025-06-09,GOOGL,0.02391953515358995,1.3225070010097175,2.0,11
2025-06-10,GOOGL,0.024130659416496926,2.19521795450181,2.0,11
2025-06-11,GOOGL,0.014647897764267597,1.3884763708590286,2.0,11
2025-06-12,GOOGL,0.0146525197200751,1.1441190372467038,2.0,11
2025-06-13,GOOGL,0.017967062026627754,1.2897226677623976,2.0,11
2025-06-16,GOOGL,0.02332423137864595,1.4344255709212912,2.0,11
2025-06-17,GOOGL,0.023219737009877773,1.7893345781255734,2.0,11
2025-06-18,GOOGL,0.016103701569726035,1.3287367049911993,2.0,11
2025-06-20,GOOGL,0.021964412511243633,0.21287240173064936,2.0,11
2025-06-23,GOOGL,0.02076374484334959,-0.0011958366398914233,2.0,11
2025-06-24,GOOGL,0.028794919727477882,0.7825760344482608,2.0,11
2025-06-25,GOOGL,0.02776368802406077,0.8615947734045323,2.0,11
2025-06-26,GOOGL,0.026795499799814812,0.996320054835829,2.0,11
2025-06-27,GOOGL,0.021603875127787216,0.9809067235424656,2.0,11
2025-06-30,GOOGL,0.022844720402984093,0.8834004784324094,2.0,11
2025-01-02,INTC,0.04709131261283182,1.0865729395750328,2.0,11
2025-01-03,INTC,0.05105795542552015,1.785721391836981,2.0,11
2025-01-06,INTC,0.06511339278219429,2.5086044894106063,2.0,11
2025-01-07,INTC,0.06321412915374282,2.6362801084701237,2.0,11
2025-01-08,INTC,0.06335483961505474,2.543446476454481,2.0,11
2025-01-10,INTC,0.07320233858250656,3.148559818873533,2.0,11
2025-01-13,INTC,0.0633815726268525,3.699602734489708,2.0,11
2025-01-14,INTC,0.06552388826010619,2.9883483095531775,2.0,11
2025-01-15,INTC,0.06381525380411986,3.2602529744315554,2.0,11
2025-01-16,INTC,0.06307394074516037,3.4704024830109734,2.0,11
2025-01-17,INTC,0.031385379210778636,3.316104371118577,2.0,11
2025-01-21,INTC,0.032743662120400654,4.004878509521323,2.0,11
2025-01-22,INTC,0.022738850882624232,3.457875661833135,2.0,11
2025-01-23,INTC,0.040648018386397575,4.471306334720474,2.0,11
2025-01-24,INTC,0.04444854564668154,4.252115208128707,2.0,11
2025-01-27,INTC,0.05130080266304752,4.530711255641449,2.0,11
2025-01-28,INTC,0.052128524646346,4.117838935903532,2.0,11
2025-01-29,INTC,0.04724969539678177,3.958488729769681,2.0,11
2025-01-30,INTC,0.02806731566717301,3.3059517238896343,2.0,11
2025-01-31,INTC,0.056780890376492234,3.7048493632626402,2.0,11
2025-02-03,INTC,0.059321130524768555,4.077500391101046,2.0,11
2025-02-04,INTC,0.05884120482767433,3.578461989527446,2.0,11
2025-02-05,INTC,0.04604732837689033,3.727731541321207,2.0,11
2025-02-06,INTC,0.06064814865858954,3.269015509161368,2.0,11
2025-02-07,INTC,0.06899263971995492,4.206147641092289,2.0,11
2025-02-10,INTC,0.03271018515950879,4.370474431855855,2.0,11
2025-02-11,INTC,0.022123091640480864,4.5968663068585,2.0,11
2025-02-12,INTC,0.005923390889101019,5.289323069170788,2.0,11
2025-02-13,INTC,0.0036937206614602066,5.378882441075684,2.0,11
2025-02-14,INTC,0.020403537362168198,5.825683883221233,2.0,11
2025-02-18,INTC,-0.014281443431897203,-0.6225305783642856,2.0,11
2025-02-19,INTC,-0.05546588797770694,-3.1591669596940966,2.0,11
2025-02-20,INTC,-0.08045311994111275,-2.1357445297444793,2.0,11
2025-02-21,INTC,-0.0521477505059888,-1.1324226475926822,2.0,11
2025-02-24,INTC,-0.05219048857299603,-1.0136808767462837,2.0,11
2025-02-25,INTC,-0.0460981433283475,-0.6833185021262549,2.0,11
2025-02-26,INTC,-0.0563200032300509,-0.8944229219688751,2.0,11
2025-02-27,INTC,-0.046079549654276894,-0.29421032754837384,2.0,11
2025-02-28,INTC,-0.053564158079045035,-0.886994548898449,2.0,11
2025-03-03,INTC,0.023217889336515665,4.029000705387598,2.0,11
2025-03-04,INTC,0.022667011007726078,3.207615983751294,2.0,11
2025-03-05,INTC,0.03267384192820174,4.179747728866703,2.0,11
2025-03-06,INTC,0.027729356342534674,4.4291776811249495,2.0,11
2025-03-07,INTC,0.02940397896729051,4.589156837404421,2.0,11
2025-03-10,INTC,-0.0185228721472809,-0.6516218361447679,2.0,11
2025-03-11,INTC,-0.012271420604481591,-1.1034144917534674,2.0,11
2025-03-12,INTC,0.06841163225557115,6.180112584167684,2.0,11
2025-03-13,INTC,-0.039206116509352226,-1.9653579336926685,2.0,11
2025-03-14,INTC,-0.014725599423361792,-0.6041745763878692,2.0,11
2025-03-17,INTC,-0.0658840947771628,-2.6270043220140042,2.0,11
2025-03-18,INTC,-0.022717925099401765,-3.458849251246028,2.0,11
2025-03-19,INTC,0.04691544472922507,5.24061527327633,2.0,11
2025-03-20,INTC,0.05268755711852201,4.845601593024181,2.0,11
2025-03-21,INTC,0.04547266370073783,5.617294112635429,2.0,11
2025-03-24,INTC,0.024069326309164914,5.125092783506347,2.0,11
2025-03-25,INTC,0.018880584713835396,2.9886182637381724,2.0,11
2025-03-26,INTC,0.055018450332990014,4.92251501711103,2.0,11
2025-03-27,INTC,0.02643392237900852,3.9579344140905652,2.0,11
2025-03-28,INTC,0.07633758002402738,5.232606104033493,2.0,11
2025-03-31,INTC,0.04958341069472298,5.5658011359243185,2.0,11
2025-04-01,INTC,0.02331421276698334,4.221259906684821,2.0,11
2025-04-02,INTC,0.023663807290288077,4.526185085280202,2.0,11
2025-04-03,INTC,-0.06269626548116661,-0.9292297807045524,2.0,11
2025-04-04,INTC,0.049942309899209114,4.368407967632956,2.0,11
2025-04-07,INTC,0.015987673267824836,2.0640640779481445,2.0,11
2025-04-08,INTC,0.0903181942707064,4.295505030578223,2.0,11
2025-04-09,INTC,0.05906761487055515,4.028613716952867,2.0,11
2025-04-10,INTC,0.08904466419794752,1.6651217098388988,2.0,11
2025-04-11,INTC,0.06902219883463585,1.2531454932579682,2.0,11
2025-04-14,INTC,0.0586100718170401,0.702112043968323,2.0,11
2025-04-15,INTC,0.06900309307629018,0.6466278710053706,2.0,11
2025-04-16,INTC,0.08369572539330603,1.1170830435619443,2.0,11
2025-04-17,INTC,0.05700402747342367,0.37628128610319367,2.0,11
2025-04-21,INTC,0.0012950635756899978,-2.2312921692045937,2.0,11
2025-04-22,INTC,-0.0005035549031267548,-2.186513864891716,2.0,11
2025-04-23,INTC,0.06919218163938334,1.128711360428909,2.0,11
2025-04-24,INTC,0.07445478497681887,1.7287023477643726,2.0,11
2025-04-25,INTC,0.08198432198174078,1.1751828837515048,2.0,11
2025-04-28,INTC,0.07307026001120093,1.390716251357985,2.0,11
2025-04-29,INTC,0.06661483754487411,1.327754832544493,2.0,11
2025-04-30,INTC,0.08101211226854811,1.7830643177911827,2.0,11
2025-05-01,INTC,0.07577756056137715,2.0251431837767386,2.0,11
2025-05-02,INTC,0.07165998062084451,1.8590055517955215,2.0,11
2025-05-05,INTC,0.05557814945896116,1.9389987052712405,2.0,11
2025-05-06,INTC,0.04844844168999511,1.4432620552341031,2.0,11
2025-05-07,INTC,0.03811254817796017,2.226101137006359,2.0,11
2025-05-08,INTC,0.06045685170694365,2.1472380648676754,2.0,11
2025-05-09,INTC,0.030401673964120208,1.7964372951718537,2.0,11
2025-05-12,INTC,0.018681553634961014,2.024459254075057,2.0,11
2025-05-13,INTC,0.0223720329964469,1.4994238457909024,2.0,11
2025-05-14,INTC,0.035078117949218585,1.5694762269099463,2.0,11
2025-05-15,INTC,0.03000064574251183,1.779298398420043,2.0,11
2025-05-16,INTC,0.03691059929821995,1.5773421237822312,2.0,11
2025-05-19,INTC,0.032889972056432265,0.7976438538684896,2.0,11
2025-05-20,INTC,0.03317587269998935,0.7748604644618544,2.0,11
2025-05-21,INTC,0.04283069544956584,0.6369503745301222,2.0,11
2025-05-22,INTC,0.0484523318172705,1.1892627611074134,2.0,11
2025-05-23,INTC,0.06308025037083348,2.647443289150057,2.0,11
2025-05-27,INTC,0.06047539448020548,2.2002532722497774,2.0,11
2025-05-28,INTC,0.0616262980627357,2.1984361537504578,2.0,11
2025-05-29,INTC,0.06121677844082041,2.1975664634141268,2.0,11
2025-05-30,INTC,0.07706860398165917,2.733839158961077,2.0,11
2025-06-02,INTC,0.07057149857536395,2.2439543824732975,2.0,11
2025-06-03,INTC,0.05757389248020898,2.1435464811576774,2.0,11
2025-06-04,INTC,0.057754222352397716,2.398603995644713,2.0,11
2025-06-05,INTC,0.06490383928657668,1.9896866285553516,2.0,11
2025-06-06,INTC,0.06922249525245337,2.0057944649677393,2.0,11
2025-06-09,INTC,0.06254635933172928,1.9387844986083453,2.0,11
2025-06-10,INTC,0.033956734644809944,1.06466345243819,2.0,11
2025-06-11,INTC,0.0658483462138145,2.5575727417497554,2.0,11
2025-06-12,INTC,0.049619108555053755,2.7934189220526005,2.0,11
2025-06-13,INTC,0.058935741519216434,2.541164920905541,2.0,11
2025-06-16,INTC,0.05431475518712313,2.1247832325195604,2.0,11
2025-06-17,INTC,0.04786832438629699,1.9268944545329558,2.0,11
2025-06-18,INTC,0.028097770512206615,1.4765526791547263,2.0,11
2025-06-20,INTC,0.04025418769227029,2.4011424733043567,2.0,11
2025-06-23,INTC,0.024086563056690494,1.6888235505735103,2.0,11
2025-06-24,INTC,0.018639665119215647,2.2355890456302334,2.0,11
2025-06-25,INTC,0.02268430245192545,2.222688958845258,2.0,11
2025-06-26,INTC,0.021693122447511568,2.2450340229508434,2.0,11
2025-06-27,INTC,0.021448732405782423,2.535057581937867,2.0,11
2025-06-30,INTC,0.022337384259307664,2.678564469347281,2.0,11
2025-01-02,MSFT,0.004869557811173399,-1.029877281445629,2.0,11
2025-01-03,MSFT,0.004432846306607658,-1.1672499849606313,2.0,11
2025-01-06,MSFT,-0.0031225078101359024,-1.6988805412017247,2.0,11
2025-01-07,MSFT,0.004432846306607658,-0.9475875724585402,2.0,11
2025-01-08,MSFT,0.0036827541469737954,-0.9841724029058576,2.0,11
2025-01-10,MSFT,0.002678770248853551,-1.3666479508428482,2.0,11
2025-01-13,MSFT,-0.004383781204033016,-1.644821032520817,2.0,11
2025-01-14,MSFT,-0.003633689044399156,-2.13411512484378,2.0,11
2025-01-15,MSFT,0.003042532154314645,-1.74969383221344,2.0,11
2025-01-16,MSFT,0.003089808750546179,-1.775830885418185,2.0,11
2025-01-17,MSFT,0.0018459304992701892,-1.667226898871207,2.0,11
2025-01-21,MSFT,-0.004891257601318076,-1.9326776361320694,2.0,11
2025-01-22,MSFT,-0.014588571011717566,-2.092100576655937,2.0,11
2025-01-23,MSFT,-0.009409582303416913,-1.6553742585397906,2.0,11
2025-01-24,MSFT,-0.007785792867058255,-1.2280074574693676,2.0,11
2025-01-27,MSFT,0.00016014936858820244,-0.4586304200308971,2.0,11
2025-01-28,MSFT,-0.015123596523426054,-0.8568673157212642,2.0,11
2025-01-29,MSFT,-0.011221435759321101,-0.5323892246689484,2.0,11
2025-01-30,MSFT,-0.007479399881710206,-1.261592837375089,2.0,11
2025-01-31,MSFT,-0.007095172510758846,-0.938629073312011,2.0,11
2025-02-03,MSFT,-0.007647518342433723,-0.5390066658309077,2.0,11
2025-02-04,MSFT,-0.008519311893951286,-0.7930206112152697,2.0,11
2025-02-05,MSFT,-0.002421522173453797,-0.2980837102695756,2.0,11
2025-02-06,MSFT,-0.001008456273824266,-0.44496556087202527,2.0,11
2025-02-07,MSFT,-0.002136646766617306,-0.5089719975527128,2.0,11
2025-02-10,MSFT,-0.008685097902099205,-0.3583148366099504,2.0,11
2025-02-11,MSFT,-0.00531759732961532,0.11217388311092147,2.0,11
2025-02-12,MSFT,-0.00531759732961532,-0.5756782850313649,2.0,11
2025-02-13,MSFT,-0.008301350616373092,-0.9091342166531868,2.0,11
2025-02-14,MSFT,-0.009381646363216992,-1.436606129338792,2.0,11
2025-02-18,MSFT,-0.0006887984533400597,0.1764319498719199,2.0,11
2025-02-19,MSFT,-0.006580781712182645,-0.22466146210130347,2.0,11
2025-02-20,MSFT,-0.005266830373107733,0.538654267492145,2.0,11
2025-02-21,MSFT,0.0005887896488216149,0.7875876886078926,2.0,11
2025-02-24,MSFT,0.0009179001305923823,0.8750425085632517,2.0,11
2025-02-25,MSFT,0.0009610804801067126,0.8106826866285306,2.0,11
2025-02-26,MSFT,3.436451989771193e-05,0.45830995828898474,2.0,11
2025-02-27,MSFT,0.0011364701880061912,0.4250581517424169,2.0,11
2025-02-28,MSFT,-0.004710282899954047,0.8291399745153495,2.0,11
2025-03-03,MSFT,-0.0024473288521616884,0.3346460359079951,2.0,11
2025-03-04,MSFT,-0.0015533204205834714,0.2886624988787123,2.0,11
2025-03-05,MSFT,0.00039565460045265304,0.8364463366092136,2.0,11
2025-03-06,MSFT,0.0014212577395771046,0.7103118484629756,2.0,11
2025-03-07,MSFT,0.0015225938302708697,0.3383790453290666,2.0,11
2025-03-10,MSFT,0.0007160057318651766,0.23751292230243157,2.0,11
2025-03-11,MSFT,0.0017113502541371616,0.16236038483770032,2.0,11
2025-03-12,MSFT,0.0017113502541371616,-0.2847725335610076,2.0,11
2025-03-13,MSFT,0.0027346176189576355,0.1890037581764806,2.0,11
2025-03-14,MSFT,7.009983857813977e-05,0.3767278991106954,2.0,11
2025-03-17,MSFT,0.0014733845779349376,1.0201076759712862,2.0,11
2025-03-18,MSFT,0.0008308963679749556,0.27162747221524197,2.0,11
2025-03-19,MSFT,0.0010362832799010457,0.16231333395976816,2.0,11
2025-03-20,MSFT,0.0014212577395771046,0.08816309765806274,2.0,11
2025-03-21,MSFT,0.0007364735108418372,0.24561764269363062,2.0,11
2025-03-24,MSFT,0.006726413682445492,-0.026127690535090786,2.0,11
2025-03-25,MSFT,0.0064119448571317355,-0.22974570786034787,2.0,11
2025-03-26,MSFT,0.006783762532760032,0.3199605716635257,2.0,11
2025-03-27,MSFT,0.0064119448571317355,0.10079321911832123,2.0,11
2025-03-28,MSFT,0.008317310879547329,0.5673539966692678,2.0,11
2025-03-31,MSFT,0.008012769355636634,0.6217249020511745,2.0,11
2025-04-01,MSFT,0.00879820237224246,1.0134137420711191,2.0,11
2025-04-02,MSFT,0.0074542838794755435,0.5872667727204046,2.0,11
2025-04-03,MSFT,0.0005272493079988858,0.7314593513817966,2.0,11
2025-04-04,MSFT,0.012413046080380965,0.7966585959423877,2.0,11
2025-04-07,MSFT,0.00807852445835894,0.8225880179468643,2.0,11
2025-04-08,MSFT,0.004900502415055869,0.7524537384439787,2.0,11
2025-04-09,MSFT,-0.016506707453252438,-0.08113320669980761,2.0,11
2025-04-10,MSFT,-0.006648230223198966,0.42545943988719825,2.0,11
2025-04-11,MSFT,-0.008952769989847054,0.19899451120722733,2.0,11
2025-04-14,MSFT,-0.00881390809170708,0.03157500267334101,2.0,11
2025-04-15,MSFT,-0.008444766964461968,0.09292991645793292,2.0,11
2025-04-16,MSFT,-0.012528872478532063,-0.3800139922229524,2.0,11
2025-04-17,MSFT,-0.011112850298997523,-0.2962450867250359,2.0,11
2025-04-21,MSFT,-0.012648013349758997,-0.23256496030293916,2.0,11
2025-04-22,MSFT,-0.011112646347308991,0.015358660424416026,2.0,11
2025-04-23,MSFT,-0.011017713018210293,0.638746694904925,2.0,11
2025-04-24,MSFT,-0.011884011777194723,1.1043579584531837,2.0,11
2025-04-25,MSFT,-0.015711210033770007,0.41875104599235946,2.0,11
2025-04-28,MSFT,-0.016696089380313535,0.4218901950664715,2.0,11
2025-04-29,MSFT,-0.01869164383014646,0.467371961351735,2.0,11
2025-04-30,MSFT,-0.021252426076996206,0.3194712938393688,2.0,11
2025-05-01,MSFT,-0.0401785012341693,0.6122090253171031,2.0,11
2025-05-02,MSFT,-0.03173485557847285,0.4783227500785989,2.0,11
2025-05-05,MSFT,-0.026668758927575135,0.507001979598973,2.0,11
2025-05-06,MSFT,-0.020746915020647672,0.6072605792032572,2.0,11
2025-05-07,MSFT,-0.02375584605188726,0.5572290042527429,2.0,11
2025-05-08,MSFT,-0.013830688428041735,0.7951460438309478,2.0,11
2025-05-09,MSFT,-0.005761739105049537,0.36083251144725936,2.0,11
2025-05-12,MSFT,-0.013909598457100833,0.6492969614852739,2.0,11
2025-05-13,MSFT,-0.0127141677785139,0.2199310379431651,2.0,11
2025-05-14,MSFT,-0.012673794779203832,0.13446144536445026,2.0,11
2025-05-15,MSFT,-0.007478948916832627,-0.30728912828110533,2.0,11
2025-05-16,MSFT,-0.004697066551294079,-0.6108975219282302,2.0,11
2025-05-19,MSFT,0.026065862707894568,1.6051746509124807,2.0,11
2025-05-20,MSFT,0.0072297919590322375,0.3126667142836457,2.0,11
2025-05-21,MSFT,-0.007183099134465813,-0.4859101633594525,2.0,11
2025-05-22,MSFT,-0.007917653620516125,-0.6176675060445507,2.0,11
2025-05-23,MSFT,-0.0032346552145578657,-0.36460375078441065,2.0,11
2025-05-27,MSFT,-0.007765253241578966,-0.5650257632697149,2.0,11
2025-05-28,MSFT,-0.0049026813040083965,-0.2529708541832143,2.0,11
2025-05-29,MSFT,-0.004530863628380098,-0.7042105167091635,2.0,11
2025-05-30,MSFT,-0.017439561237736892,-1.6188543964796458,2.0,11
2025-06-02,MSFT,-0.011907945937621258,-1.5803258392384465,2.0,11
2025-06-03,MSFT,-0.014823241832087055,-2.157026844261036,2.0,11
2025-06-04,MSFT,-0.011505835542790402,-2.2310830985997314,2.0,11
2025-06-05,MSFT,-0.00716273809976483,-1.6929050170760183,2.0,11
2025-06-06,MSFT,-0.011462734925673413,-1.8533296046410084,2.0,11
2025-06-09,MSFT,-0.00716273809976483,-1.9556704469838766,2.0,11
2025-06-10,MSFT,-0.012279763613249554,-1.7476557119540321,2.0,11
2025-06-11,MSFT,-0.015790869797089702,-1.686874902937752,2.0,11
2025-06-12,MSFT,-0.020298748056812747,-2.047545502349141,2.0,11
2025-06-13,MSFT,-0.020298748056812747,-2.035314997889624,2.0,11
2025-06-16,MSFT,-0.01755644040277218,-1.9836335697303895,2.0,11
2025-06-17,MSFT,-0.020298748056812747,-1.645908060300626,2.0,11
2025-06-18,MSFT,-0.016088819131879373,-1.600212697641948,2.0,11
2025-06-20,MSFT,-0.020298748056812747,-1.8638229926328052,2.0,11
2025-06-23,MSFT,-0.020298748056812747,-1.5939708479996464,2.0,11
2025-06-24,MSFT,-0.018095199942234477,-1.9072822208969384,2.0,11
2025-06-25,MSFT,-0.01975238760211906,-1.5374577127467708,2.0,11
2025-06-26,MSFT,-0.01772570032071518,-1.4243649166517374,2.0,11
2025-06-27,MSFT,-0.022126898903600433,-2.069916478743199,2.0,11
2025-06-30,MSFT,-0.020298748056812747,-2.054571282242244,2.0,11
2025-01-02,NVDA,0.002226735661583365,-0.9669526733439522,2.0,11
2025-01-03,NVDA,-0.00508356268431867,-1.338004852595035,2.0,11
2025-01-06,NVDA,-0.0054550884202030575,-0.6944402260754843,2.0,11
2025-01-07,NVDA,-0.008450547183673711,-1.1724473093499161,2.0,11
2025-01-08,NVDA,-0.0012269996627730449,-0.15784948192950027,2.0,11
2025-01-10,NVDA,0.005264951563674873,0.2801957559344502,2.0,11
2025-01-13,NVDA,0.0050980012310159785,-0.36024880491746547,2.0,11
2025-01-14,NVDA,-0.0035719439770292307,-1.2678928979704673,2.0,11
2025-01-15,NVDA,-0.0037914651465025245,-0.1975571780786053,2.0,11
2025-01-16,NVDA,-0.00012149642453130797,-0.3564346409965542,2.0,11
2025-01-17,NVDA,-0.018689625831726293,-1.5854987868533668,2.0,11
2025-01-21,NVDA,-0.014432703434940184,-1.307055024381437,2.0,11
2025-01-22,NVDA,-0.02360589787632434,-1.722875201466214,2.0,11
2025-01-23,NVDA,-0.0125212649261681,-0.9896126105686707,2.0,11
2025-01-24,NVDA,-0.011098445800065377,-1.5473680826624459,2.0,11
2025-01-27,NVDA,0.028962704496551393,0.016838805014286917,2.0,11
2025-01-28,NVDA,0.0074565841620356345,-0.9078968206814313,2.0,11
2025-01-29,NVDA,0.01429907666680406,-0.5363306992386951,2.0,11
2025-01-30,NVDA,0.023117197672596533,0.8993330432695588,2.0,11
2025-01-31,NVDA,0.013060242278215818,-0.785367806593857,2.0,11
2025-02-03,NVDA,-0.01523383072534311,-2.9376562903271695,2.0,11
2025-02-04,NVDA,-0.018591773331376044,-3.290058238992575,2.0,11
2025-02-05,NVDA,0.011405049877828527,-1.1691399132105682,2.0,11
2025-02-06,NVDA,0.016551210411902675,-0.3860788252190077,2.0,11
2025-02-07,NVDA,-0.010865818559975414,-1.759670875196071,2.0,11
2025-02-10,NVDA,-0.02585617077611488,-1.9529365221426054,2.0,11
2025-02-11,NVDA,-0.017627305770837137,-0.9053271331607274,2.0,11
2025-02-12,NVDA,-0.013983896555595607,-3.1509219097004326,2.0,11
2025-02-13,NVDA,-0.01818522558373887,-3.62853272212779,2.0,11
2025-02-14,NVDA,-0.028033391090630314,-3.5168177820690123,2.0,11
2025-02-18,NVDA,-0.012903516265555623,-2.492674235336503,2.0,11
2025-02-19,NVDA,-0.008814402115161374,-0.24278874107287304,2.0,11
2025-02-20,NVDA,-0.030607205182321347,-1.0420316348629368,2.0,11
2025-02-21,NVDA,-0.02796586420086861,-1.515978628351591,2.0,11
2025-02-24,NVDA,-0.025548191873283967,-1.2147261816414288,2.0,11
2025-02-25,NVDA,-0.039704161505343644,-0.8145318643630266,2.0,11
2025-02-26,NVDA,-0.02709641493841843,-0.35399597496337065,2.0,11
2025-02-27,NVDA,-0.02468847886068039,-0.6013687076032471,2.0,11
2025-02-28,NVDA,-0.028766714068506026,-0.5921993776157011,2.0,11
2025-03-03,NVDA,-0.025232675962436148,-1.0911158656229383,2.0,11
2025-03-04,NVDA,-0.02551735602366511,-0.7696803129972336,2.0,11
2025-03-05,NVDA,-0.026280170869772586,-0.7073425365039461,2.0,11
2025-03-06,NVDA,-0.03634520174471018,-3.850429509824026,2.0,11
2025-03-07,NVDA,-0.02844145316937418,-3.5750370900598587,2.0,11
2025-03-10,NVDA,8.560563110817523e-05,-1.1031287021845708,2.0,11
2025-03-11,NVDA,0.013069593664299618,0.5130360508964726,2.0,11
2025-03-12,NVDA,-0.008886291921307141,-2.3534992610517516,2.0,11
2025-03-13,NVDA,-0.006313347833573572,-1.3372979775289495,2.0,11
2025-03-14,NVDA,-0.02401388752131073,-3.621947506636548,2.0,11
2025-03-17,NVDA,-0.02119615690122371,-1.9173696609200124,2.0,11
2025-03-18,NVDA,0.0028170844994173322,-1.1923176641991378,2.0,11
2025-03-19,NVDA,-0.014123553619915848,-3.347431467739602,2.0,11
2025-03-20,NVDA,-0.017763807160953698,-3.5328938865858786,2.0,11
2025-03-21,NVDA,-0.02003895362012767,-4.088608008415579,2.0,11
2025-03-24,NVDA,0.005178412682509933,-1.7343224888159012,2.0,11
2025-03-25,NVDA,0.006386881963889315,-1.0682270950392592,2.0,11
2025-03-26,NVDA,-0.01942721897074865,-4.1291097755456,2.0,11
2025-03-27,NVDA,0.013128548901485342,-0.5465109215047356,2.0,11
2025-03-28,NVDA,-0.0012113742861949615,-1.9073421730169917,2.0,11
2025-03-31,NVDA,-0.0005449567137572459,-0.7376487872269466,2.0,11
2025-04-01,NVDA,0.00946759863266705,0.08836655673308413,2.0,11
2025-04-02,NVDA,0.016282088391028564,1.1058548706452127,2.0,11
2025-04-03,NVDA,-0.014832716825508265,-0.48999931915539546,2.0,11
2025-04-04,NVDA,0.006380869720135584,-1.138277054267684,2.0,11
2025-04-07,NVDA,-0.012997074246772872,-1.0318429942884895,2.0,11
2025-04-08,NVDA,-0.004792984266722538,-0.6786927704715887,2.0,11
2025-04-09,NVDA,-0.027275983975407887,-1.2105570748459265,2.0,11
2025-04-10,NVDA,0.007328112750161981,-0.3564255245612822,2.0,11
2025-04-11,NVDA,-0.006480941631027638,-1.2741138417698954,2.0,11
2025-04-14,NVDA,-0.007300342593309314,-0.9937603453939114,2.0,11
2025-04-15,NVDA,-0.03355724905339409,-1.5900430409930502,2.0,11
2025-04-16,NVDA,0.006706248161133915,-0.806778555659981,2.0,11
2025-04-17,NVDA,-0.0011872167256073208,-1.5563033352252684,2.0,11
2025-04-21,NVDA,0.022834247799854556,0.14297594824248716,2.0,11
2025-04-22,NVDA,0.03150114368596989,-0.049328609923495303,2.0,11
2025-04-23,NVDA,0.02249512246164796,-0.787388654817235,2.0,11
2025-04-24,NVDA,0.033677324939587985,0.814826580845148,2.0,11
2025-04-25,NVDA,-0.0167936187883409,0.2381591081576354,2.0,11
2025-04-28,NVDA,-0.01299012534439434,-0.27858767948723023,2.0,11
2025-04-29,NVDA,-0.029922933984788954,-0.8305564785310209,2.0,11
2025-04-30,NVDA,-0.01711902677942319,-0.5786797077365445,2.0,11
2025-05-01,NVDA,-0.026922017951559487,-0.5788940769801636,2.0,11
2025-05-02,NVDA,-0.0527504191413793,-1.0503764956246777,2.0,11
2025-05-05,NVDA,-0.05143196848934575,-0.7945407475091071,2.0,11
2025-05-06,NVDA,-0.01722813744023905,0.09779151474342163,2.0,11
2025-05-07,NVDA,-0.05680658817690542,-1.2347093260306603,2.0,11
2025-05-08,NVDA,-0.056448952646349505,-2.953778973123885,2.0,11
2025-05-09,NVDA,-0.017001203901336498,-1.602752614574731,2.0,11
2025-05-12,NVDA,-0.0684763714340384,-3.673306517403908,2.0,11
2025-05-13,NVDA,-0.08545312024475102,-3.7541022718771897,2.0,11
2025-05-14,NVDA,-0.06980057127928409,-2.644241613505705,2.0,11
2025-05-15,NVDA,0.011120791903964616,2.2363392904441333,2.0,11
2025-05-16,NVDA,0.03531119665776418,3.622530289339421,2.0,11
2025-05-19,NVDA,0.034250339489821126,3.4274232863597307,2.0,11
2025-05-20,NVDA,0.0368308050999906,3.686691282835186,2.0,11
2025-05-21,NVDA,0.054575727126945896,4.3449664072720235,2.0,11
2025-05-22,NVDA,0.024619134965109833,2.5696598410689155,2.0,11
2025-05-23,NVDA,0.009880039885943494,1.0612692839755744,2.0,11
2025-05-27,NVDA,0.021868225793507317,2.2466709860541862,2.0,11
2025-05-28,NVDA,0.007521896545362096,1.3683993626351043,2.0,11
2025-05-29,NVDA,0.028729712060650062,2.65626067227954,2.0,11
2025-05-30,NVDA,0.008461570258680676,1.5917153994336508,2.0,11
2025-06-02,NVDA,0.004171836278229633,1.3558511740150472,2.0,11
2025-06-03,NVDA,0.015479280189998378,2.307494716704105,2.0,11
2025-06-04,NVDA,0.015459363346709927,2.2710658050940373,2.0,11
2025-06-05,NVDA,0.007188386061587576,1.1935511503216893,2.0,11
2025-06-06,NVDA,0.007100077875896578,1.1690485794743037,2.0,11
2025-06-09,NVDA,0.010149024324355826,1.0779357294224514,2.0,11
2025-06-10,NVDA,0.004246903092005553,1.2484457069007777,2.0,11
2025-06-11,NVDA,0.009406488411082253,0.8107023718724164,2.0,11
2025-06-12,NVDA,0.006198323846737899,0.5038103086642653,2.0,11
2025-06-13,NVDA,0.015584140581081773,0.8935467657583918,2.0,11
2025-06-16,NVDA,0.013375634380419794,0.7052648492342208,2.0,11
2025-06-17,NVDA,0.006561858294331176,0.6953862373096583,2.0,11
2025-06-18,NVDA,0.008442240645573838,1.1218874298171826,2.0,11
2025-06-20,NVDA,0.00688372529262713,1.241255021821766,2.0,11
2025-06-23,NVDA,0.008814058321202134,1.4664727701420985,2.0,11
2025-06-24,NVDA,0.008900125050052108,1.3443873448207995,2.0,11
2025-06-25,NVDA,-0.0066712458470835415,0.9163819242215228,2.0,11
2025-06-26,NVDA,0.00029060574787740723,1.2065383493090014,2.0,11
2025-06-27,NVDA,0.005348053647807286,1.3683788434870994,2.0,11
2025-06-30,NVDA,-0.004753160608129996,0.6804569251410123,2.0,11
2025-01-02,PFE,-0.010240635852533863,-0.9879430958115092,2.0,11
2025-01-03,PFE,-0.006614841144515639,-0.2635652769092095,2.0,11
2025-01-06,PFE,-0.024525359605739306,-1.6336343580020443,2.0,11
2025-01-07,PFE,-0.038269091061450294,-1.7391261983416564,2.0,11
2025-01-08,PFE,-0.028756636731509067,-1.372925004359086,2.0,11
2025-01-10,PFE,-0.02969645480836004,-0.9586983633472324,2.0,11
2025-01-13,PFE,-0.036055969903098485,-0.8593763521423985,2.0,11
2025-01-14,PFE,-0.024065941427130845,-0.767128105618732,2.0,11
2025-01-15,PFE,-0.02004865662502315,-1.0522887266151026,2.0,11
2025-01-16,PFE,0.006059957887028069,1.0538875422322098,2.0,11
2025-01-17,PFE,0.009792941755656042,0.09438918785728424,2.0,11
2025-01-21,PFE,0.00035360160827929037,-0.6996008215817513,2.0,11
2025-01-22,PFE,0.004018510541061467,-0.2693985570664534,2.0,11
2025-01-23,PFE,0.006029341253614574,-0.3999046623479807,2.0,11
2025-01-24,PFE,0.01206467864492155,0.29118015708005973,2.0,11
2025-01-27,PFE,-0.0018929249458086582,-0.1504089644673875,2.0,11
2025-01-28,PFE,0.006843341320995511,1.1919844780440183,2.0,11
2025-01-29,PFE,0.003347067355935048,0.6392413997702322,2.0,11
2025-01-30,PFE,-0.001619765077799491,0.44753358257914927,2.0,11
2025-01-31,PFE,0.009029996290481164,0.7753158174948027,2.0,11
2025-02-03,PFE,0.004867906315882643,0.636838639447589,2.0,11
2025-02-04,PFE,0.010860280004952058,0.7589982135250767,2.0,11
2025-02-05,PFE,0.003735099404668063,0.6643929293702896,2.0,11
2025-02-06,PFE,0.034741271060933915,1.5886116650940891,2.0,11
2025-02-07,PFE,0.017401730418749355,0.962612630262345,2.0,11
2025-02-10,PFE,-0.0048878060145748775,-0.005598840866869126,2.0,11
2025-02-11,PFE,0.0049352451291226045,0.8044980870210173,2.0,11
2025-02-12,PFE,-0.004259178695736648,-0.29031666351472485,2.0,11
2025-02-13,PFE,-0.008941712597305331,-0.7927045083777416,2.0,11
2025-02-14,PFE,-0.002274413752996948,-0.12879496969709398,2.0,11
2025-02-18,PFE,-0.002346436039292635,0.02919092725441269,2.0,11
2025-02-19,PFE,-0.0014070696439836263,0.5374579503086625,2.0,11
2025-02-20,PFE,-0.017346574733071735,0.464229668050952,2.0,11
2025-02-21,PFE,-0.01782659827400989,0.23889207070430854,2.0,11
2025-02-24,PFE,-0.03252870693435572,-0.7740920025006464,2.0,11
2025-02-25,PFE,-0.024319309271874076,-0.35825300106729685,2.0,11
2025-02-26,PFE,-0.012913209210383567,0.3631570747004007,2.0,11
2025-02-27,PFE,-0.004656609916053324,0.8443959999409185,2.0,11
2025-02-28,PFE,-0.005209375003065651,0.9912054071284124,2.0,11
2025-03-03,PFE,-0.02137937815818595,-0.4943053625203235,2.0,11
2025-03-04,PFE,0.00028276460291689964,0.7281710021569532,2.0,11
2025-03-05,PFE,-0.023573421633512632,-0.3622709456588029,2.0,11
2025-03-06,PFE,-0.019785827184860768,-0.8712131214587732,2.0,11
2025-03-07,PFE,-0.0322018604161989,-2.02650493458228,2.0,11
2025-03-10,PFE,-0.03534119842195881,-2.7229477428453994,2.0,11
2025-03-11,PFE,-0.01730408467024404,-1.8786147526462567,2.0,11
2025-03-12,PFE,-0.01818795561659848,-0.4699211146034812,2.0,11
2025-03-13,PFE,-0.011897044139818387,-0.08511706791529727,2.0,11
2025-03-14,PFE,-0.008680629525913565,0.28935535899959164,2.0,11
2025-03-17,PFE,-0.015681889585151577,0.4923886047450412,2.0,11
2025-03-18,PFE,0.00966661371278916,3.206076364506986,2.0,11
2025-03-19,PFE,0.008636805959630104,2.49569659022384,2.0,11
2025-03-20,PFE,0.010080688628043217,2.6426118194105093,2.0,11
2025-03-21,PFE,0.004820890573784802,1.6983896344848837,2.0,11
2025-03-24,PFE,0.012030274719184175,1.5574998209167117,2.0,11
2025-03-25,PFE,0.03189679682846647,3.020147645764208,2.0,11
2025-03-26,PFE,0.014377018304953155,0.5563878755226326,2.0,11
2025-03-27,PFE,0.01439515634098556,0.4286980238730467,2.0,11
2025-03-28,PFE,0.010392096119709643,0.6994074980674004,2.0,11
2025-03-31,PFE,0.009457169581117201,0.7175671405169701,2.0,11
2025-04-01,PFE,0.018816876933848963,1.2882814059661096,2.0,11
2025-04-02,PFE,0.01249699946040534,1.0236902865388766,2.0,11
2025-04-03,PFE,0.03904295853118808,2.8343696654642643,2.0,11
2025-04-04,PFE,0.046134999582638454,2.1186829969557746,2.0,11
2025-04-07,PFE,0.0704346328720479,3.0887335286836346,2.0,11
2025-04-08,PFE,0.07488188695894163,1.966946237696031,2.0,11
2025-04-09,PFE,0.06076640757825013,0.8629631287193771,2.0,11
2025-04-10,PFE,0.06869988635424394,0.8195348970504976,2.0,11
2025-04-11,PFE,0.0625796786983025,1.4642335477723696,2.0,11
2025-04-14,PFE,0.06103935363144839,1.7537360187750324,2.0,11
2025-04-15,PFE,0.07539472857644348,2.1330216315863315,2.0,11
2025-04-16,PFE,0.08008806659888056,1.8007074976871347,2.0,11
2025-04-17,PFE,0.07167810526271075,2.238896258962696,2.0,11
2025-04-21,PFE,0.05682399405769151,2.6835386953442466,2.0,11
2025-04-22,PFE,0.07176570986553048,3.4433612097148325,2.0,11
2025-04-23,PFE,0.07205115437464507,1.988176214676547,2.0,11
2025-04-24,PFE,0.0669910546302332,0.9578435997160746,2.0,11
2025-04-25,PFE,0.05647204972296474,1.5152587791907681,2.0,11
2025-04-28,PFE,0.05865208141748096,1.036691210069578,2.0,11
2025-04-29,PFE,0.04779407511001573,1.308185367744915,2.0,11
2025-04-30,PFE,0.04140665177500442,2.0606883445849595,2.0,11
2025-05-01,PFE,0.039586369693842036,1.5172007190070183,2.0,11
2025-05-02,PFE,0.02724855745292964,0.869865360422354,2.0,11
2025-05-05,PFE,0.03539395298181872,1.1875029540108997,2.0,11
2025-05-06,PFE,0.05491824760602304,1.6670452033980068,2.0,11
2025-05-07,PFE,0.04360021208696622,1.3767870536156188,2.0,11
2025-05-08,PFE,0.05209578572139363,2.4823006330356794,2.0,11
2025-05-09,PFE,0.04634985173909328,2.5385445302466962,2.0,11
2025-05-12,PFE,0.03528458626673247,2.079681240192316,2.0,11
2025-05-13,PFE,0.03907733461632926,1.555870547708197,2.0,11
2025-05-14,PFE,0.058316465718948114,1.7035835494977485,2.0,11
2025-05-15,PFE,0.04966466140621312,2.585979906489724,2.0,11
2025-05-16,PFE,0.060222754357462896,2.3331333853699254,2.0,11
2025-05-19,PFE,0.060100741534477524,2.414861372045591,2.0,11
2025-05-20,PFE,0.0616068660167007,2.748721972674816,2.0,11
2025-05-21,PFE,0.06248959519796433,2.394219854058133,2.0,11
2025-05-22,PFE,0.060850490298259334,2.9135804909387053,2.0,11
2025-05-23,PFE,0.06141285051894588,3.017533941025503,2.0,11
2025-05-27,PFE,0.06212102918769146,2.785044832732542,2.0,11
2025-05-28,PFE,0.07087600325208883,2.6950263920075077,2.0,11
2025-05-29,PFE,0.06418556253942267,2.1190351086473806,2.0,11
2025-05-30,PFE,0.05445231221921914,1.6477052279515858,2.0,11
2025-06-02,PFE,0.05850662359313147,1.8948855243839464,2.0,11
2025-06-03,PFE,0.05789449096019894,2.1123892316402424,2.0,11
2025-06-04,PFE,0.049057111209943514,2.0754723346752884,2.0,11
2025-06-05,PFE,0.04845746057680536,1.5905839075179142,2.0,11
2025-06-06,PFE,0.04833389949381675,1.6694580747005339,2.0,11
2025-06-09,PFE,0.04532391049882014,2.037491245283816,2.0,11
2025-06-10,PFE,0.04020334561220875,2.360214106035955,2.0,11
2025-06-11,PFE,0.030434334481979294,1.9915769496485014,2.0,11
2025-06-12,PFE,0.011803376936589463,1.8518638949721635,2.0,11
2025-06-13,PFE,0.03304297719009704,2.78173441973531,2.0,11
2025-06-16,PFE,0.04721257683571377,3.3963853033269515,2.0,11
2025-06-17,PFE,0.05390553996709126,3.7192409720180466,2.0,11
2025-06-18,PFE,0.053738659650761605,3.7535945610334664,2.0,11
2025-06-20,PFE,0.04546846541181089,3.323388098807035,2.0,11
2025-06-23,PFE,0.04546846541181089,3.9223198622982998,2.0,11
2025-06-24,PFE,0.04432510464977341,3.18808300888708,2.0,11
2025-06-25,PFE,0.04852921415696702,3.3501923944163843,2.0,11
2025-06-26,PFE,0.04670336783150701,3.358162780411488,2.0,11
2025-06-27,PFE,0.04909388986823562,3.237238633072698,2.0,11
2025-06-30,PFE,0.04911395558517583,3.2451081395757275,2.0,11
2025-01-02,PYPL,0.02549829260167697,1.3565328802796432,2.0,11
2025-01-03,PYPL,0.0246913146318515,0.6569679333728092,2.0,11
2025-01-06,PYPL,0.023626359223486958,0.7376597033981129,2.0,11
2025-01-07,PYPL,0.02680761123695096,0.8451116995388579,2.0,11
2025-01-08,PYPL,0.023174440715330986,0.634119664262084,2.0,11
2025-01-10,PYPL,0.030667851773153378,0.23632328931766144,2.0,11
2025-01-13,PYPL,0.02498092833372082,0.34131510482365535,2.0,11
2025-01-14,PYPL,0.027747480635293403,1.450840792930512,2.0,11
2025-01-15,PYPL,0.02732003026295721,1.0894292218719857,2.0,11
2025-01-16,PYPL,0.028588690639717588,1.2105425889185963,2.0,11
2025-01-17,PYPL,0.02088464326537606,1.4921703643350068,2.0,11
2025-01-21,PYPL,0.020435460107453268,1.65324634066595,2.0,11
2025-01-22,PYPL,0.016298938487625574,1.3616955340060872,2.0,11
2025-01-23,PYPL,0.023600795785007535,1.723723276074634,2.0,11
2025-01-24,PYPL,0.023845053597158227,2.0647555295422504,2.0,11
2025-01-27,PYPL,-0.007824648599688844,-0.696083860734344,2.0,11
2025-01-28,PYPL,-0.0051603703579451805,-0.3833744648163334,2.0,11
2025-01-29,PYPL,-0.007736120272609402,-0.30923233386380117,2.0,11
2025-01-30,PYPL,-0.007734112504246815,-0.0015433084959418641,2.0,11
2025-01-31,PYPL,-0.007734112504246815,-0.17400595907629962,2.0,11
2025-02-03,PYPL,-0.0113191622842165,-0.050901552599798894,2.0,11
2025-02-04,PYPL,0.029743782881028618,0.9157263332548264,2.0,11
2025-02-05,PYPL,0.025704701308115557,0.6439968496138426,2.0,11
2025-02-06,PYPL,0.021967121721251252,-0.4430196827836905,2.0,11
2025-02-07,PYPL,0.01880333426402786,-0.5825048840683728,2.0,11
2025-02-10,PYPL,-0.008902938464187216,-1.2569336799435877,2.0,11
2025-02-11,PYPL,-0.026545587920892146,-3.3035788940681847,2.0,11
2025-02-12,PYPL,-0.014115192555241332,-4.702070793259189,2.0,11
2025-02-13,PYPL,-0.014115192555241332,-3.778522423612176,2.0,11
2025-02-14,PYPL,-0.012181091614327372,-2.8028059704894845,2.0,11
2025-02-18,PYPL,-0.006265251619944102,-2.100665495832298,2.0,11
2025-02-19,PYPL,-0.014777858665877865,-2.105419323255273,2.0,11
2025-02-20,PYPL,-0.014857160723906424,-0.8201546859073163,2.0,11
2025-02-21,PYPL,-0.005405484680319413,-0.4660517554491592,2.0,11
2025-02-24,PYPL,0.0016543552962262104,0.31411453172946,2.0,11
2025-02-25,PYPL,-0.002674259211642077,-0.40412326113616515,2.0,11
2025-02-26,PYPL,0.0055842851310592325,0.15921238053804432,2.0,11
2025-02-27,PYPL,0.023515503337573077,1.125728791901788,2.0,11
2025-02-28,PYPL,0.018811436000787492,1.184492345149069,2.0,11
2025-03-03,PYPL,0.029458484427047293,1.198109653483197,2.0,11
2025-03-04,PYPL,0.03833024034937043,0.9776897890681548,2.0,11
2025-03-05,PYPL,0.01891482079418108,1.053801523624016,2.0,11
2025-03-06,PYPL,0.021031438524096464,1.171944028084707,2.0,11
2025-03-07,PYPL,0.014572213155542897,1.0468539539432298,2.0,11
2025-03-10,PYPL,0.023861972566133222,2.3728732018978484,2.0,11
2025-03-11,PYPL,0.02231668979970368,2.7972520918667647,2.0,11
2025-03-12,PYPL,0.01530209966896484,0.17924191547385437,2.0,11
2025-03-13,PYPL,0.029705587315683558,2.016896728668282,2.0,11
2025-03-14,PYPL,0.021157249682915092,2.165577753318969,2.0,11
2025-03-17,PYPL,0.018926935792471823,1.6513505672887765,2.0,11
2025-03-18,PYPL,0.02167052151682146,2.682305547066468,2.0,11
2025-03-19,PYPL,0.008343101134653428,0.10475180435351397,2.0,11
2025-03-20,PYPL,0.008164523613265374,0.07069749387463661,2.0,11
2025-03-21,PYPL,0.008055464074851994,0.5165977789823724,2.0,11
2025-03-24,PYPL,0.003214414395306128,-1.8681611389019204,2.0,11
2025-03-25,PYPL,0.003214414395306128,-1.4978536534434959,2.0,11
2025-03-26,PYPL,0.002577799348224902,-0.1349208269595622,2.0,11
2025-03-27,PYPL,0.003257958697666173,-0.9378347950548358,2.0,11
2025-03-28,PYPL,0.008451505972588577,-0.3180634736945585,2.0,11
2025-03-31,PYPL,0.008628912181388398,-0.4512251342545631,2.0,11
2025-04-01,PYPL,0.0057191986730203755,0.533355369484603,2.0,11
2025-04-02,PYPL,-0.0038487489536982,-0.11131479274390942,2.0,11
2025-04-03,PYPL,0.033814025678553246,2.2248792871880534,2.0,11
2025-04-04,PYPL,0.038131095477836274,0.9477204157599742,2.0,11
2025-04-07,PYPL,0.025822081169020347,0.4360214614466086,2.0,11
2025-04-08,PYPL,0.02419143129181467,-0.2409460056533398,2.0,11
2025-04-09,PYPL,0.03441894076990304,0.6984550185307721,2.0,11
2025-04-10,PYPL,0.036681421498822545,0.5079382161887178,2.0,11
2025-04-11,PYPL,0.023498823195573313,0.3175795243327658,2.0,11
2025-04-14,PYPL,0.025076643785894217,0.3755449824060018,2.0,11
2025-04-15,PYPL,0.0246171527081375,0.2859586438731802,2.0,11
2025-04-16,PYPL,0.04429964968855497,0.4533238769015252,2.0,11
2025-04-17,PYPL,0.03507387141019181,0.804870949626789,2.0,11
2025-04-21,PYPL,0.033306488199459784,1.5606392500464197,2.0,11
2025-04-22,PYPL,0.032609443953479644,1.1522043386055802,2.0,11
2025-04-23,PYPL,0.03002178517994359,0.40787042202913043,2.0,11
2025-04-24,PYPL,0.0045716064474524455,-0.6312003723072225,2.0,11
2025-04-25,PYPL,-0.0038996020096729177,-0.19397613919673573,2.0,11
2025-04-28,PYPL,-0.003964557992650865,0.19501487629176886,2.0,11
2025-04-29,PYPL,-0.0049454715334523985,0.44953562333442293,2.0,11
2025-04-30,PYPL,-0.005464748007871627,0.09057583351537819,2.0,11
2025-05-01,PYPL,-0.0036630837645891087,-0.22245993740617,2.0,11
2025-05-02,PYPL,-0.008528875432564252,0.49692019968079826,2.0,11
2025-05-05,PYPL,0.001446984044061863,1.3764829048549683,2.0,11
2025-05-06,PYPL,0.0013678261491065322,1.0643765917143422,2.0,11
2025-05-07,PYPL,0.00279048046208949,1.5387462997430585,2.0,11
2025-05-08,PYPL,-0.0014450730589328988,1.0945375338116288,2.0,11
2025-05-09,PYPL,0.008562225405670539,1.5898323369304335,2.0,11
2025-05-12,PYPL,0.006739585176370338,1.9058278759943241,2.0,11
2025-05-13,PYPL,0.010055755046252418,1.5854766707207157,2.0,11
2025-05-14,PYPL,0.0070073410167454985,1.218430941130852,2.0,11
2025-05-15,PYPL,-0.0003930378293356459,-0.09601120373390082,2.0,11
2025-05-16,PYPL,-0.011861630610425184,-1.7900464448762492,2.0,11
2025-05-19,PYPL,-0.01339602145947068,-2.491858663820741,2.0,11
2025-05-20,PYPL,-0.014065934273380697,-2.0341548355195496,2.0,11
2025-05-21,PYPL,-0.014200057548539388,-1.6218958790479643,2.0,11
2025-05-22,PYPL,-0.01308820327019921,-1.794639352668792,2.0,11
2025-05-23,PYPL,-0.006221362358566211,-1.6967584749996498,2.0,11
2025-05-27,PYPL,-0.018822420591100536,-2.2234297886432857,2.0,11
2025-05-28,PYPL,-0.019123446728748404,-2.1224819984643677,2.0,11
2025-05-29,PYPL,-0.019382282553093277,-2.5345568097678757,2.0,11
2025-05-30,PYPL,-0.02041833831627898,-1.9252881833093103,2.0,11
2025-06-02,PYPL,-0.020471741701389778,-2.247538758844013,2.0,11
2025-06-03,PYPL,-0.019486584181673147,-2.7837826792905513,2.0,11
2025-06-04,PYPL,-0.014191838188297683,-2.4768788677898432,2.0,11
2025-06-05,PYPL,-0.025498596748401964,-3.446830447324021,2.0,11
2025-06-06,PYPL,-0.02889910585774038,-3.4843108427249203,2.0,11
2025-06-09,PYPL,-0.025745148561791185,-3.7734726221798316,2.0,11
2025-06-10,PYPL,-0.04341093685207463,-4.39664074418688,2.0,11
2025-06-11,PYPL,-0.027148151862626594,-2.8365479943501226,2.0,11
2025-06-12,PYPL,-0.02613855668451365,-3.016567362956358,2.0,11
2025-06-13,PYPL,-0.02124936340104237,-3.000947343493515,2.0,11
2025-06-16,PYPL,-0.020601367273298834,-3.111027021396847,2.0,11
2025-06-17,PYPL,-0.020501569465569518,-2.9032625388470747,2.0,11
2025-06-18,PYPL,-0.02414565333849713,-4.183550869967878,2.0,11
2025-06-20,PYPL,-0.0225983261665908,-3.7970351854086073,2.0,11
2025-06-23,PYPL,-0.023381338679096333,-3.2050934298001375,2.0,11
2025-06-24,PYPL,-0.01973954416814121,-2.702549687094896,2.0,11
2025-06-25,PYPL,-0.020321974790225343,-2.4833484159906476,2.0,11
2025-06-26,PYPL,-0.02400009689745842,-3.069429532813762,2.0,11
2025-06-27,PYPL,-0.023770334099031277,-3.0534843049182623,2.0,11
2025-06-30,PYPL,-0.021678619921463037,-2.5321999385762033,2.0,11
2025-01-02,ZM,0.030593419391686617,1.32104420713917,2.0,11
2025-01-03,ZM,0.030074163085288614,1.235708864077479,2.0,11
2025-01-06,ZM,0.02994482082635244,0.8246229966901524,2.0,11
2025-01-07,ZM,0.03137710576279095,0.33225242744572725,2.0,11
2025-01-08,ZM,0.02951342514822869,0.1612909749296263,2.0,11
2025-01-10,ZM,0.02524221219811544,0.10945491777965466,2.0,11
2025-01-13,ZM,0.02617099402278055,0.07951166783861052,2.0,11
2025-01-14,ZM,0.03689442277629754,0.5104754760303594,2.0,11
2025-01-15,ZM,0.03124283933331911,0.4795609600545052,2.0,11
2025-01-16,ZM,0.03570858778299744,1.2079978324695557,2.0,11
2025-01-17,ZM,0.03990097264782465,1.7234231563538256,2.0,11
2025-01-21,ZM,0.03158407101909658,1.467153236088456,2.0,11
2025-01-22,ZM,0.02454724582090344,1.0671075672739092,2.0,11
2025-01-23,ZM,0.025413296172193987,0.5742891070321487,2.0,11
2025-01-24,ZM,0.020911855492348926,0.24171644839505202,2.0,11
2025-01-27,ZM,0.0022082254105774035,-0.767805588746115,2.0,11
2025-01-28,ZM,-0.021525774264195996,-1.0821512012088,2.0,11
2025-01-29,ZM,-0.02128067057172508,-1.23598583810214,2.0,11
2025-01-30,ZM,-0.022386250773525573,-1.5216141985498401,2.0,11
2025-01-31,ZM,-0.040564458193471126,-2.26314474702329,2.0,11
2025-02-03,ZM,-0.03839660369797725,-1.8161248147763949,2.0,11
2025-02-04,ZM,-0.03418696768243291,-1.8251231441110853,2.0,11
2025-02-05,ZM,-0.03153539634533191,-1.359346125591438,2.0,11
2025-02-06,ZM,-0.030638593404296442,-0.8477516931167126,2.0,11
2025-02-07,ZM,-0.014933616431524228,0.574245075356872,2.0,11
2025-02-10,ZM,-0.0151667721272863,1.2220412048937603,2.0,11
2025-02-11,ZM,-0.016566502975037832,0.33891712704632726,2.0,11
2025-02-12,ZM,-0.004221597421000179,0.5772759039959364,2.0,11
2025-02-13,ZM,-0.004712249408861525,1.1741089819444943,2.0,11
2025-02-14,ZM,-0.003729760070048928,0.6403630363205375,2.0,11
2025-02-18,ZM,0.010477975956674882,4.221350976795923,2.0,11
2025-02-19,ZM,0.008911599585552191,2.6591936320125953,2.0,11
2025-02-20,ZM,0.005474462721135737,2.4456687245487414,2.0,11
2025-02-21,ZM,0.00884948414719936,2.5608130210968443,2.0,11
2025-02-24,ZM,0.0017378625849289917,1.8628785771585923,2.0,11
2025-02-25,ZM,0.01407635919696708,1.6901552090380694,2.0,11
2025-02-26,ZM,0.02690597735509014,1.7987915669199857,2.0,11
2025-02-27,ZM,0.008731820920986517,0.4659982437749053,2.0,11
2025-02-28,ZM,-0.003905820185572997,-0.07437319561787537,2.0,11
2025-03-03,ZM,-0.0020205979865190868,-0.342193541643313,2.0,11
2025-03-04,ZM,-0.0031923755234274124,-0.5295555525505357,2.0,11
2025-03-05,ZM,-0.004403383507267704,-0.6519544619560773,2.0,11
2025-03-06,ZM,-0.0005897195571318562,-0.6092125600572487,2.0,11
2025-03-07,ZM,0.0011738295297348828,-0.5619792105162886,2.0,11
2025-03-10,ZM,0.003647537458840237,-0.33636352795271907,2.0,11
2025-03-11,ZM,0.0035994094273836103,-0.6995306627607333,2.0,11
2025-03-12,ZM,-0.001766029571827489,-1.5658834374447106,2.0,11
2025-03-13,ZM,0.0294470650503953,1.8834815991928942,2.0,11
2025-03-14,ZM,0.01851407843518219,1.282987326708081,2.0,11
2025-03-17,ZM,0.007490680421795352,0.623342458353267,2.0,11
2025-03-18,ZM,0.006602437036567216,0.3635334592120727,2.0,11
2025-03-19,ZM,-0.0008530800056629163,-0.8685498824268667,2.0,11
2025-03-20,ZM,0.00022587109463850186,-0.41685925384372746,2.0,11
2025-03-21,ZM,-0.009005709847354935,-1.7568565686263398,2.0,11
2025-03-24,ZM,-0.003976375993343238,-2.9897988922057532,2.0,11
2025-03-25,ZM,-0.01508966103933676,-2.3901214045712282,2.0,11
2025-03-26,ZM,-0.02518965184159798,-1.0068137705056284,2.0,11
2025-03-27,ZM,-0.020597404948564386,-2.67503152873788,2.0,11
2025-03-28,ZM,-0.024567095151237946,-0.18223635666820814,2.0,11
2025-03-31,ZM,-0.021903633711689623,-1.1122569179511592,2.0,11
2025-04-01,ZM,-0.02027757701321168,-2.2853234354783662,2.0,11
2025-04-02,ZM,-0.020530583746959354,-0.9784571282480752,2.0,11
2025-04-03,ZM,0.002585288554509164,1.3195871288881196,2.0,11
2025-04-04,ZM,0.029926925683694115,1.5922863209147438,2.0,11
2025-04-07,ZM,0.03133892770834335,2.0177049245787373,2.0,11
2025-04-08,ZM,0.031495674484759276,1.5279336999900068,2.0,11
2025-04-09,ZM,0.034419653199577814,1.4676267523177497,2.0,11
2025-04-10,ZM,0.041196099718929284,1.8090020973707188,2.0,11
2025-04-11,ZM,0.02881361686379668,1.5953590907691642,2.0,11
2025-04-14,ZM,0.02841434693847844,1.5588859931036698,2.0,11
2025-04-15,ZM,0.025972341254281606,1.1536386841931994,2.0,11
2025-04-16,ZM,0.03468612795311638,1.4250524396939652,2.0,11
2025-04-17,ZM,0.031984935888556526,1.8719297633652332,2.0,11
2025-04-21,ZM,0.03036312875217647,2.7897021105014708,2.0,11
2025-04-22,ZM,0.02181681291140205,1.6549826371472807,2.0,11
2025-04-23,ZM,0.02191856704674403,1.5498068919252843,2.0,11
2025-04-24,ZM,0.01787994722065478,1.4402691741292086,2.0,11
2025-04-25,ZM,0.01399129312323598,1.317763008482621,2.0,11
2025-04-28,ZM,0.008204831072031498,1.1229372336892847,2.0,11
2025-04-29,ZM,0.006211161128759652,1.5789847380226958,2.0,11
2025-04-30,ZM,0.012193931204483347,2.064807377040112,2.0,11
2025-05-01,ZM,0.013380070403359484,1.4454773440955024,2.0,11
2025-05-02,ZM,0.01102571440758087,1.098680787978637,2.0,11
2025-05-05,ZM,0.0025815112103023236,1.1616295932871004,2.0,11
2025-05-06,ZM,-0.0006212625542313685,0.7340130317105462,2.0,11
2025-05-07,ZM,-0.002624163835652358,1.0038280734429632,2.0,11
2025-05-08,ZM,0.0031584470573907345,1.5787952912366359,2.0,11
2025-05-09,ZM,0.0038646000343203527,1.3764130678204674,2.0,11
2025-05-12,ZM,-0.005303773755614804,1.2278013690830558,2.0,11
2025-05-13,ZM,-0.00032534773290642633,0.8981861470406733,2.0,11
2025-05-14,ZM,-0.013177317952793916,-0.23165116127525648,2.0,11
2025-05-15,ZM,-0.02360519796555713,-2.3138114387152253,2.0,11
2025-05-16,ZM,-0.016317585252442087,-2.134102027355665,2.0,11
2025-05-19,ZM,-0.012163734772568055,-2.557017165569839,2.0,11
2025-05-20,ZM,-0.0191325579005798,-2.66391618790963,2.0,11
2025-05-21,ZM,-0.017740134448969234,-2.0398271241651806,2.0,11
2025-05-22,ZM,-0.01532233904644834,-2.132936138180804,2.0,11
2025-05-23,ZM,0.017935971403981992,-0.21233592911551188,2.0,11
2025-05-27,ZM,0.014416674108657808,-0.6320889849504278,2.0,11
2025-05-28,ZM,0.014416674108657808,-0.5339880392686436,2.0,11
2025-05-29,ZM,0.027303599910229546,0.14884884225179962,2.0,11
2025-05-30,ZM,0.028032659422974945,0.7149532924774992,2.0,11
2025-06-02,ZM,0.0274539657733999,0.6091702934988581,2.0,11
2025-06-03,ZM,0.027262313803969606,0.4482220853181916,2.0,11
2025-06-04,ZM,0.02925378330245527,0.422046079458393,2.0,11
2025-06-05,ZM,0.032330499875960664,0.42383942894184656,2.0,11
2025-06-06,ZM,0.02972523871110091,-0.055192221090702986,2.0,11
2025-06-09,ZM,0.024473199402162877,-0.6212849240029024,2.0,11
2025-06-10,ZM,0.02219865682431452,-0.34577313867159254,2.0,11
2025-06-11,ZM,0.02227276532820467,-0.3916033880299461,2.0,11
2025-06-12,ZM,0.0233309061876224,-0.08733971686365938,2.0,11
2025-06-13,ZM,0.022297706233038315,-0.6884629627373912,2.0,11
2025-06-16,ZM,0.021750166886288228,-1.079381095822284,2.0,11
2025-06-17,ZM,0.022750261654116023,-0.6056029757181152,2.0,11
2025-06-18,ZM,0.022750261654116023,-0.4037826040145669,2.0,11
2025-06-20,ZM,0.0233309061876224,-0.6156383884367093,2.0,11
2025-06-23,ZM,0.012380845519585015,-1.35338306311074,2.0,11
2025-06-24,ZM,0.011448016323519616,-1.351327672781523,2.0,11
2025-06-25,ZM,0.011229538949972664,-0.8494117561679129,2.0,11
2025-06-26,ZM,0.011162052719967779,-1.0767857408359993,2.0,11
2025-06-27,ZM,0.005999987048307333,-1.5555253495925299,2.0,11
2025-06-30,ZM,0.009676910612092235,-1.315826214115237,2.0,11
2025-07-01,AAPL,-0.017519789759821144,-2.5376182762988373,2.0,12
2025-07-02,AAPL,-0.017497568545536742,-2.368139923993527,2.0,12
2025-07-03,AAPL,-0.019855224197589453,-2.3635364678646935,2.0,12
2025-07-07,AAPL,-0.012231624793595162,-1.7843351153756448,2.0,12
2025-07-08,AAPL,-0.013314893434050179,-1.600966718955808,2.0,12
2025-07-09,AAPL,-0.019241456330853765,-1.5475435702446478,2.0,12
2025-07-10,AAPL,-0.017034867023928212,-1.6940290955866466,2.0,12
2025-07-11,AAPL,-0.014718318329415312,-1.5664691416234378,2.0,12
2025-07-14,AAPL,-0.014738368730822363,-1.2573152812377593,2.0,12
2025-07-15,AAPL,-0.008250286682485645,-1.033711064443185,2.0,12
2025-07-16,AAPL,-0.01142141484404694,-1.0469372568441875,2.0,12
2025-07-17,AAPL,-0.008204717902993599,-0.8500155762546432,2.0,12
2025-07-18,AAPL,-0.004606391478125779,-1.0580826442801103,2.0,12
2025-07-21,AAPL,-0.0005065610667875454,-1.4883347465376917,2.0,12
2025-07-22,AAPL,0.002664567094773742,-0.6371249048602998,2.0,12
2025-07-23,AAPL,0.0018486514081783956,-0.4428705871217937,2.0,12
2025-07-24,AAPL,-0.001322476753382891,-1.0453837580404957,2.0,12
2025-07-25,AAPL,0.002664567094773742,0.527027680422778,2.0,12
2025-07-28,AAPL,-0.009327006960525892,-0.13407128295774118,2.0,12
2025-07-29,AAPL,-0.005166116373373886,-0.6375046206299031,2.0,12
2025-07-30,AAPL,-0.0008210534029707148,-0.29236719248421733,2.0,12
2025-07-31,AAPL,0.00035925884613017444,-0.614941690893386,2.0,12
2025-08-01,AAPL,-0.006477460014524633,-1.6992985927535678,2.0,12
2025-08-04,AAPL,-0.012321058840556785,-2.045596594450403,2.0,12
2025-08-05,AAPL,-0.011184768596679053,-2.063623100415228,2.0,12
2025-08-06,AAPL,-0.013401451528576417,-1.2663440194858724,2.0,12
2025-08-07,AAPL,-0.01593277692960288,-1.4628318886528873,2.0,12
2025-08-08,AAPL,-0.012381672814726312,-0.7672690557103627,2.0,12
2025-08-11,AAPL,-0.007964157761146673,-0.8022604483256439,2.0,12
2025-08-12,AAPL,-0.00553302650407569,-0.5514058792904719,2.0,12
2025-08-13,AAPL,-0.001988320395845158,0.47301325531024485,2.0,12
2025-08-14,AAPL,-0.0013938120966085696,1.3219073094260643,2.0,12
2025-08-15,AAPL,-0.0037319273004924134,0.5639128880321785,2.0,12
2025-08-18,AAPL,-0.0013599113917610165,1.4306231712649575,2.0,12
2025-08-19,AAPL,-0.0018379548965485244,1.103178596688308,2.0,12
2025-08-20,AAPL,-0.001110214207289123,1.6389746582552756,2.0,12
2025-08-21,AAPL,-0.008778619024088575,0.04481457244451015,2.0,12
2025-08-22,AAPL,0.0026586750949604402,1.9717786702269477,2.0,12
2025-08-25,AAPL,-0.022497692365944528,-1.4650929031130258,2.0,12
2025-08-26,AAPL,-0.012636083896852864,-0.1300648255766682,2.0,12
2025-08-27,AAPL,-0.014664301425009234,-0.47292630033419103,2.0,12
2025-08-28,AAPL,-0.006216846439981376,0.15042622426236052,2.0,12
2025-08-29,AAPL,0.006980382013195612,2.215151307903441,2.0,12
2025-09-02,AAPL,0.00821073653205854,2.5956271250165153,2.0,12
2025-09-03,AAPL,0.012413036122004627,3.433238209580385,2.0,12
2025-09-04,AAPL,-0.022594840493178104,-1.821513708092462,2.0,12
2025-09-05,AAPL,-0.021187385591446423,-1.8194258472761595,2.0,12
2025-09-08,AAPL,-0.024667343865842718,-1.687297751045602,2.0,12
2025-09-09,AAPL,-0.023666212224895306,-1.3488334157336022,2.0,12
2025-09-10,AAPL,-0.012846280067653579,-1.209873973697512,2.0,12
2025-09-11,AAPL,-0.016348364877322927,-1.4705505815756652,2.0,12
2025-09-12,AAPL,-0.017407435820653194,-1.6031054780773926,2.0,12
2025-09-15,AAPL,-0.019498964804738884,-1.7848942218646098,2.0,12
2025-09-16,AAPL,-0.02385321621976416,-2.622287746606418,2.0,12
2025-09-17,AAPL,-0.02337851007188166,-2.7155267084534995,2.0,12
2025-09-18,AAPL,-0.022890714849306847,-1.9486803487544049,2.0,12
2025-09-19,AAPL,-0.034131740763651615,-1.8715389167217822,2.0,12
2025-09-22,AAPL,-0.04044260274195658,-0.7346704950149187,2.0,12
2025-09-23,AAPL,-0.040364023192832374,-0.8168814224101343,2.0,12
2025-09-24,AAPL,-0.03979868336426679,-2.00761201192275,2.0,12
2025-09-25,AAPL,-0.037898259351588325,-1.6256043783348488,2.0,12
2025-09-26,AAPL,-0.03871888737846047,-2.512903978787331,2.0,12
2025-09-29,AAPL,-0.02903609199518762,-2.3797087625918723,2.0,12
2025-09-30,AAPL,-0.014389319901629163,-0.9161388113009886,2.0,12
2025-10-01,AAPL,-0.014786226338276537,-0.6807258188465882,2.0,12
2025-10-02,AAPL,-0.0174251260750005,-0.5577386886454407,2.0,12
2025-10-03,AAPL,-0.017554246544498407,-0.42940136899383496,2.0,12
2025-10-06,AAPL,-0.010557128730537269,-0.03494268467258792,2.0,12
2025-10-07,AAPL,-0.016042474348950765,-0.2548488671196547,2.0,12
2025-10-08,AAPL,-0.016740256978149896,-0.15166264169818647,2.0,12
2025-10-09,AAPL,0.008528584430271526,1.454586495660079,2.0,12
2025-10-10,AAPL,0.019347125936559673,2.1625183346395658,2.0,12
2025-10-13,AAPL,0.011233567558831746,1.4167315861618843,2.0,12
2025-10-14,AAPL,0.011083930855750422,1.5356344731966352,2.0,12
2025-10-15,AAPL,0.011083930855750422,1.5650557164699332,2.0,12
2025-10-16,AAPL,0.016394813517362068,2.9070072918629344,2.0,12
2025-10-17,AAPL,-0.005994257484517827,-0.15533480257601234,2.0,12
2025-10-20,AAPL,0.009908937607367989,0.7469828113327261,2.0,12
2025-10-21,AAPL,0.012942405436640929,1.0992592560658159,2.0,12
2025-10-22,AAPL,0.013274101447362704,2.7580602307755373,2.0,12
2025-10-23,AAPL,0.0177739525957098,2.866911751050464,2.0,12
2025-10-24,AAPL,0.00903716148695261,2.788800331684629,2.0,12
2025-10-27,AAPL,0.009164366157944902,3.4001019033665214,2.0,12
2025-10-28,AAPL,0.010083589750611842,2.474001270510646,2.0,12
2025-10-29,AAPL,0.007106629521217044,2.3703691972945755,2.0,12
2025-10-30,AAPL,0.0034079981075856997,1.703052922521743,2.0,12
2025-10-31,AAPL,0.0030078718276217624,2.3164364556817314,2.0,12
2025-11-03,AAPL,0.0030045242916841796,1.5167124465189037,2.0,12
2025-11-04,AAPL,0.0027175296219134784,1.6157345332176913,2.0,12
2025-11-05,AAPL,-0.002068120143377863,1.036841830709923,2.0,12
2025-11-06,AAPL,0.0022663854870074453,1.8401936332838957,2.0,12
2025-11-07,AAPL,0.0002846200077787901,1.2892945888501148,2.0,12
2025-11-10,AAPL,-0.0007653827104797174,1.1403827200892678,2.0,12
2025-11-11,AAPL,-0.007356818458883891,0.9779266197054429,2.0,12
2025-11-12,AAPL,-0.0020105149628708535,1.439999880033615,2.0,12
2025-11-13,AAPL,-0.005382817567265734,1.4365775418856186,2.0,12
2025-11-14,AAPL,-0.0004546089763709554,1.7749851569791162,2.0,12
2025-11-17,AAPL,0.010732994948078523,1.4178674392076345,2.0,12
2025-11-18,AAPL,0.009448260259060344,1.562424279993012,2.0,12
2025-11-19,AAPL,0.009448260259060344,1.4705843600037418,2.0,12
2025-11-20,AAPL,0.009544825415978698,1.3778049972929245,2.0,12
2025-11-21,AAPL,0.009448260259060344,2.1057439108348026,2.0,12
2025-11-24,AAPL,0.004512487334802315,1.5898629282796166,2.0,12
2025-11-25,AAPL,0.004869028524092826,1.6253495442512367,2.0,12
2025-11-26,AAPL,0.002622719581565953,1.7756274086727624,2.0,12
2025-11-28,AAPL,8.321319308850359e-05,1.3332470034099693,2.0,12
2025-12-01,AAPL,-0.005388796725752168,1.2889389239876223,2.0,12
2025-12-02,AAPL,-0.0008554403956878025,2.0017902257666633,2.0,12
2025-12-03,AAPL,-0.0001924435043359642,1.6506701438550029,2.0,12
2025-12-04,AAPL,0.002707363433459763,1.8413601022833548,2.0,12
2025-12-05,AAPL,0.0017151281075891219,1.630937769409337,2.0,12
2025-12-08,AAPL,0.0035186466682240744,1.5218107517662998,2.0,12
2025-12-09,AAPL,0.005460543745048797,1.2382774717095701,2.0,12
2025-07-01,AMZN,-0.0013272362876103657,0.12785922267093425,2.0,12
2025-07-02,AMZN,0.001349153544024015,0.48434810086984953,2.0,12
2025-07-03,AMZN,-0.00022236994752620668,0.35719305138993207,2.0,12
2025-07-07,AMZN,0.0035858281579229183,0.33979084683481753,2.0,12
2025-07-08,AMZN,0.0014235382384199084,-0.514027357821565,2.0,12
2025-07-09,AMZN,-0.0015590926149573765,-0.6943130421998455,2.0,12
2025-07-10,AMZN,-0.0013229270017628392,-0.09647863187155359,2.0,12
2025-07-11,AMZN,-0.0013681518730242906,-0.16058368110204413,2.0,12
2025-07-14,AMZN,-0.003025846044740735,0.11942988990799741,2.0,12
2025-07-15,AMZN,-0.0032109051713417503,-0.6252606002635931,2.0,12
2025-07-16,AMZN,0.001218392806943748,-0.5118523350374649,2.0,12
2025-07-17,AMZN,0.0017260689055621013,-0.6390804208528433,2.0,12
2025-07-18,AMZN,0.0071524134256598215,-0.16129094972395336,2.0,12
2025-07-21,AMZN,0.012378829284766345,0.32609876854261105,2.0,12
2025-07-22,AMZN,0.012167872702474982,1.3205959348902188,2.0,12
2025-07-23,AMZN,0.009506016945829894,0.6885741237526927,2.0,12
2025-07-24,AMZN,0.017614984432737273,1.4347887720088925,2.0,12
2025-07-25,AMZN,0.015107856408339702,1.9103194677475692,2.0,12
2025-07-28,AMZN,-0.00013007747227295204,0.14283494969965826,2.0,12
2025-07-29,AMZN,0.004408733755196834,0.40082149596842387,2.0,12
2025-07-30,AMZN,0.002515125254842209,0.36997487131003887,2.0,12
2025-07-31,AMZN,0.0023886403753022893,0.5692227046526338,2.0,12
2025-08-01,AMZN,0.02291383736544107,1.4023788769625183,2.0,12
2025-08-04,AMZN,0.018020292109312785,0.8260520627523833,2.0,12
2025-08-05,AMZN,0.012458543176301228,1.6552953189301214,2.0,12
2025-08-06,AMZN,0.002397240690704577,-0.040923694174325516,2.0,12
2025-08-07,AMZN,0.014300721744124247,0.5936123534324607,2.0,12
2025-08-08,AMZN,0.013513115171560279,1.308122393357171,2.0,12
2025-08-11,AMZN,0.014195218899384746,0.04518742841834761,2.0,12
2025-08-12,AMZN,0.014952140773513527,-0.25381492681981854,2.0,12
2025-08-13,AMZN,0.019532607733364373,0.7936707985701992,2.0,12
2025-08-14,AMZN,0.01629808643847058,3.0299828399727153,2.0,12
2025-08-15,AMZN,0.01656313662307617,3.1983900155804785,2.0,12
2025-08-18,AMZN,0.016060024261238644,2.2306310917238545,2.0,12
2025-08-19,AMZN,0.013841304350122813,4.091934134137997,2.0,12
2025-08-20,AMZN,0.019274124757791004,4.422309718077493,2.0,12
2025-08-21,AMZN,0.010823745717802407,1.7980468574938113,2.0,12
2025-08-22,AMZN,0.004233070968042727,1.363430594517426,2.0,12
2025-08-25,AMZN,-0.00409318285686993,0.2601166365327685,2.0,12
2025-08-26,AMZN,-0.00027292656484099385,0.22658672091800725,2.0,12
2025-08-27,AMZN,0.00384440057874068,0.9217230027992811,2.0,12
2025-08-28,AMZN,0.008338392211354594,0.1543018443745613,2.0,12
2025-08-29,AMZN,0.004997684440969962,0.9023471742357856,2.0,12
2025-09-02,AMZN,0.014094862905713611,2.9264151279483768,2.0,12
2025-09-03,AMZN,0.012424480096165617,2.23055932419655,2.0,12
2025-09-04,AMZN,0.006980171081072685,2.524163394562717,2.0,12
2025-09-05,AMZN,0.013784025143590846,1.9014016837490475,2.0,12
2025-09-08,AMZN,0.013623760319551186,1.7848290965810085,2.0,12
2025-09-09,AMZN,-0.02028108462601973,-0.6274211715719008,2.0,12
2025-09-10,AMZN,-0.01713641901498169,-1.1333330244040685,2.0,12
2025-09-11,AMZN,-0.017513033957751452,-1.1823906840110108,2.0,12
2025-09-12,AMZN,-0.015052835663476588,-1.514142597422929,2.0,12
2025-09-15,AMZN,-0.0153446997124949,-1.5188704127299602,2.0,12
2025-09-16,AMZN,-0.017674358694603827,-2.059283989604468,2.0,12
2025-09-17,AMZN,-0.01727719200948296,-2.2262642186792956,2.0,12
2025-09-18,AMZN,-0.01739629723185387,-1.6243050301117115,2.0,12
2025-09-19,AMZN,-0.028292651087397033,-1.707227695815983,2.0,12
2025-09-22,AMZN,-0.03486334780213516,-1.6432715324802725,2.0,12
2025-09-23,AMZN,-0.027127772075749637,-1.3510500448320393,2.0,12
2025-09-24,AMZN,-0.026830478129485413,-2.074421012518097,2.0,12
2025-09-25,AMZN,0.006435708580597757,-0.004436077430082119,2.0,12
2025-09-26,AMZN,0.006507412875519268,0.18473794371035057,2.0,12
2025-09-29,AMZN,0.007076809391129649,-0.0619656192660909,2.0,12
2025-09-30,AMZN,0.008724725561713536,1.027589667370974,2.0,12
2025-10-01,AMZN,-0.002515077937990621,0.7505092976957936,2.0,12
2025-10-02,AMZN,-0.004316049403111932,0.12195693392050488,2.0,12
2025-10-03,AMZN,-0.0002567802706589185,0.10923074688181478,2.0,12
2025-10-06,AMZN,0.006898401342600397,0.44580628195419625,2.0,12
2025-10-07,AMZN,0.007386216026301045,0.7528122542577335,2.0,12
2025-10-08,AMZN,0.0027117538611886594,0.5941348211724757,2.0,12
2025-10-09,AMZN,0.0056670233885243995,0.5272035047263415,2.0,12
2025-10-10,AMZN,0.010056687986111113,0.5097800915012233,2.0,12
2025-10-13,AMZN,-0.005523755030904755,-0.6343219057960263,2.0,12
2025-10-14,AMZN,-0.004341749963082563,-0.6215277316251213,2.0,12
2025-10-15,AMZN,0.0041777638053660604,0.07176576711029992,2.0,12
2025-10-16,AMZN,0.004294415826523315,0.34866494466546005,2.0,12
2025-10-17,AMZN,0.008155725114502334,1.0791818066504706,2.0,12
2025-10-20,AMZN,0.009219650119735828,0.020673339764346155,2.0,12
2025-10-21,AMZN,0.005932577612888898,0.2183201313367082,2.0,12
2025-10-22,AMZN,0.008406599616857606,1.5770411903708623,2.0,12
2025-10-23,AMZN,0.00512818223135781,1.3465462098069925,2.0,12
2025-10-24,AMZN,0.001807229063354945,1.2803922037470694,2.0,12
2025-10-27,AMZN,0.0016900311513119099,1.363431614354215,2.0,12
2025-10-28,AMZN,0.0017826875180109933,0.9785306795585342,2.0,12
2025-10-29,AMZN,0.0018949224696253996,1.4966675883194023,2.0,12
2025-10-30,AMZN,0.001172322244282257,0.48521822926925395,2.0,12
2025-10-31,AMZN,-0.003368084766746438,1.9373497795723251,2.0,12
2025-11-03,AMZN,-0.014661963464114185,0.35279613755944195,2.0,12
2025-11-04,AMZN,-0.00525425276356742,1.5483173942871833,2.0,12
2025-11-05,AMZN,-0.008859000583297446,1.121232391779971,2.0,12
2025-11-06,AMZN,-0.00792203525264612,0.9368232702271659,2.0,12
2025-11-07,AMZN,-0.00734890518210007,1.0152474500285682,2.0,12
2025-11-10,AMZN,-0.006744376188786718,1.148428757903388,2.0,12
2025-11-11,AMZN,-0.009131501022079987,1.3356785079212,2.0,12
2025-11-12,AMZN,-0.0009952361516542404,2.149983943283763,2.0,12
2025-11-13,AMZN,0.0038141360600585654,2.228348545489563,2.0,12
2025-11-14,AMZN,-0.008172279587252631,1.4837190326704461,2.0,12
2025-11-17,AMZN,-0.0030844528707080873,0.9358360359046995,2.0,12
2025-11-18,AMZN,-0.0003343972861826245,0.3687689255053399,2.0,12
2025-11-19,AMZN,0.0013914115287228142,0.6206316868093185,2.0,12
2025-11-20,AMZN,0.003201197891493903,0.3678424180769098,2.0,12
2025-11-21,AMZN,-0.0008502553573396636,0.6517838843200513,2.0,12
2025-11-24,AMZN,0.002649682443636184,1.1051263094947066,2.0,12
2025-11-25,AMZN,-0.000369978523820813,0.9207129425245453,2.0,12
2025-11-26,AMZN,0.002164767695195192,1.3762056792747934,2.0,12
2025-11-28,AMZN,-0.004340337876953775,1.0496235901877464,2.0,12
2025-12-01,AMZN,-0.0023716672337670895,0.5511063610238267,2.0,12
2025-12-02,AMZN,-0.0034197618892445342,0.04784128741526905,2.0,12
2025-12-03,AMZN,-0.0039054767415021502,-0.21747491166912125,2.0,12
2025-12-04,AMZN,0.007698305782698652,0.7962272317567594,2.0,12
2025-12-05,AMZN,-0.003527722977721264,-0.93104104718697,2.0,12
2025-12-08,AMZN,0.007714159300939075,0.7796773383012301,2.0,12
2025-12-09,AMZN,0.019410720375951106,1.4921622996460957,2.0,12
2025-07-01,GOOGL,0.02263724388252196,2.6569151954695513,2.0,12
2025-07-02,GOOGL,0.020767891850010243,3.0170185125431654,2.0,12
2025-07-03,GOOGL,0.019950941099946794,2.3486888202278826,2.0,12
2025-07-07,GOOGL,0.018989572136541656,1.416054710438228,2.0,12
2025-07-08,GOOGL,0.018777295957922744,0.48354051528709463,2.0,12
2025-07-09,GOOGL,0.01837314032397497,0.31263514217453925,2.0,12
2025-07-10,GOOGL,0.01957928856356988,2.1842036526000186,2.0,12
2025-07-11,GOOGL,0.014199769204850122,1.036305752999987,2.0,12
2025-07-14,GOOGL,0.013286587435479658,1.2935714464752577,2.0,12
2025-07-15,GOOGL,0.008493481982480521,-0.13561716586033992,2.0,12
2025-07-16,GOOGL,0.0074318163119629155,-0.011005003780925227,2.0,12
2025-07-17,GOOGL,0.013262507439375534,0.18359007870672195,2.0,12
2025-07-18,GOOGL,0.01474900585062905,0.5977926447498474,2.0,12
2025-07-21,GOOGL,0.01366013543070416,1.141723373262792,2.0,12
2025-07-22,GOOGL,0.010387350665593539,2.1845112902646764,2.0,12
2025-07-23,GOOGL,0.0037360008150030878,1.2004002401773881,2.0,12
2025-07-24,GOOGL,0.0011842377343531864,0.5779454668403152,2.0,12
2025-07-25,GOOGL,-0.0024547999189396684,0.740590751700261,2.0,12
2025-07-28,GOOGL,-0.017042907201153645,-0.4341844237565169,2.0,12
2025-07-29,GOOGL,-0.01632212498777211,-0.26267875758599657,2.0,12
2025-07-30,GOOGL,-0.01826397259414934,-0.3052491210218078,2.0,12
2025-07-31,GOOGL,-0.018257252795372787,-1.0754947494337963,2.0,12
2025-08-01,GOOGL,-0.01975432379596763,-1.7477136890893594,2.0,12
2025-08-04,GOOGL,-0.016727509691656754,-1.0499767638175328,2.0,12
2025-08-05,GOOGL,-0.018606184789012464,-1.561186681494468,2.0,12
2025-08-06,GOOGL,-0.018872334961770484,-0.4872614741214698,2.0,12
2025-08-07,GOOGL,-0.02019196885317241,-1.0286619303455227,2.0,12
2025-08-08,GOOGL,-0.015873932845377876,-0.8308988308642666,2.0,12
2025-08-11,GOOGL,-0.008531149254310815,-0.6607486419182875,2.0,12
2025-08-12,GOOGL,-0.008004035106451575,-0.5425604139332523,2.0,12
2025-08-13,GOOGL,-0.004758080075542069,0.03797574059423359,2.0,12
2025-08-14,GOOGL,-0.008120673480306049,0.07353425129231606,2.0,12
2025-08-15,GOOGL,-0.009122923083746641,-0.43713505558299115,2.0,12
2025-08-18,GOOGL,-0.01272110118724053,-0.49694129219330685,2.0,12
2025-08-19,GOOGL,-0.011931552053622518,-2.0510232700558633,2.0,12
2025-08-20,GOOGL,-0.01129585140358586,-0.6463215936427139,2.0,12
2025-08-21,GOOGL,-0.01953465543230678,-2.07091820123214,2.0,12
2025-08-22,GOOGL,-0.01150476222372865,-0.8408765521326655,2.0,12
2025-08-25,GOOGL,-0.027455190829678972,-1.95706324669243,2.0,12
2025-08-26,GOOGL,-0.028227734229680442,-2.8351735558355635,2.0,12
2025-08-27,GOOGL,-0.02579439372232222,-2.8364830916722767,2.0,12
2025-08-28,GOOGL,-0.016495073642575415,-1.0951296985392438,2.0,12
2025-08-29,GOOGL,-0.01284166511509573,-1.9564030937245454,2.0,12
2025-09-02,GOOGL,-0.01504292112994554,-1.9937786204357157,2.0,12
2025-09-03,GOOGL,-0.0019820057600554446,1.5968438017625242,2.0,12
2025-09-04,GOOGL,-0.00282764444269874,2.1777989529498836,2.0,12
2025-09-05,GOOGL,0.01708767314857297,3.6972125554401796,2.0,12
2025-09-08,GOOGL,0.01237703859121146,2.648674823346695,2.0,12
2025-09-09,GOOGL,0.0073715212228108165,2.933073452025268,2.0,12
2025-09-10,GOOGL,0.003357164037372819,2.470352155181643,2.0,12
2025-09-11,GOOGL,0.011859853297648928,3.7992176742460604,2.0,12
2025-09-12,GOOGL,0.00214377037781416,2.8553390315887386,2.0,12
2025-09-15,GOOGL,0.018469286633435913,4.845946361031514,2.0,12
2025-09-16,GOOGL,0.022157330003354767,5.210031736366992,2.0,12
2025-09-17,GOOGL,0.02785240892469306,5.064772870156864,2.0,12
2025-09-18,GOOGL,0.02861164494774157,4.162698014957559,2.0,12
2025-09-19,GOOGL,0.01351415664974373,4.423955665675044,2.0,12
2025-09-22,GOOGL,-0.006264365395290581,2.889569971590867,2.0,12
2025-09-23,GOOGL,-0.008050810192583401,2.5082878316773813,2.0,12
2025-09-24,GOOGL,-0.0027716046763798874,2.0441970517228043,2.0,12
2025-09-25,GOOGL,-0.004762921190558799,0.9466881187628797,2.0,12
2025-09-26,GOOGL,-0.006778367352795474,0.5326003039006401,2.0,12
2025-09-29,GOOGL,-0.010343988840021323,-0.35439700383222417,2.0,12
2025-09-30,GOOGL,-0.026393749826525537,-2.131868613193303,2.0,12
2025-10-01,GOOGL,-0.03199681406915066,-3.5522461796770664,2.0,12
2025-10-02,GOOGL,-0.032158572661024315,-2.263944664723067,2.0,12
2025-10-03,GOOGL,-0.027066668098955304,-1.3542788159894918,2.0,12
2025-10-06,GOOGL,-0.02372656805007128,-1.1163236604564044,2.0,12
2025-10-07,GOOGL,-0.022277635271473643,-1.1669171674693763,2.0,12
2025-10-08,GOOGL,-0.020877015109467437,-1.2032417093203562,2.0,12
2025-10-09,GOOGL,-0.017666448663084443,-1.560567816318744,2.0,12
2025-10-10,GOOGL,-0.015302171666463686,-2.2268212237513985,2.0,12
2025-10-13,GOOGL,-0.0231483179588111,-2.0962433017728963,2.0,12
2025-10-14,GOOGL,-0.024183460848874263,-2.001168901212745,2.0,12
2025-10-15,GOOGL,-0.021065091693265894,-2.5444975597469783,2.0,12
2025-10-16,GOOGL,-0.02080153044549185,-1.349269391545393,2.0,12
2025-10-17,GOOGL,-0.019573789684303504,-2.786011978224434,2.0,12
2025-10-20,GOOGL,-0.02211327926098155,-2.2739823348077017,2.0,12
2025-10-21,GOOGL,-0.017697496063097635,-1.909944192356647,2.0,12
2025-10-22,GOOGL,-0.02138599741579907,-1.5724053486113705,2.0,12
2025-10-23,GOOGL,-0.025081760077044307,-2.0435321620690092,2.0,12
2025-10-24,GOOGL,-0.028632677740073133,-1.990920377157734,2.0,12
2025-10-27,GOOGL,-0.011310768213880443,0.995188304518608,2.0,12
2025-10-28,GOOGL,0.004015834590270092,2.0906072028022065,2.0,12
2025-10-29,GOOGL,0.002000015487619019,2.5580205446677695,2.0,12
2025-10-30,GOOGL,0.002717139538154116,2.8601624492515487,2.0,12
2025-10-31,GOOGL,-0.0016638376831634813,2.72971669041423,2.0,12
2025-11-03,GOOGL,0.004684901511260062,2.830023994963831,2.0,12
2025-11-04,GOOGL,0.007518191908096763,3.0722953762374896,2.0,12
2025-11-05,GOOGL,-0.0008992431916184762,2.5875679422501747,2.0,12
2025-11-06,GOOGL,0.0028550294642414797,3.2606855800281247,2.0,12
2025-11-07,GOOGL,0.014226013485078608,3.7642980940048325,2.0,12
2025-11-10,GOOGL,0.006875604747796469,3.223832801099195,2.0,12
2025-11-11,GOOGL,0.007638395736506314,3.893872283403908,2.0,12
2025-11-12,GOOGL,0.0064756614364806986,2.9087912473269855,2.0,12
2025-11-13,GOOGL,0.018642026560756093,3.4009472938349026,2.0,12
2025-11-14,GOOGL,0.013764867825275563,3.1363027116113247,2.0,12
2025-11-17,GOOGL,0.010646478646136444,2.6965600546774806,2.0,12
2025-11-18,GOOGL,0.016604121168924575,3.7586515640563594,2.0,12
2025-11-19,GOOGL,0.014946667446595528,3.4460281614736514,2.0,12
2025-11-20,GOOGL,0.01783959724012168,3.3546955611405833,2.0,12
2025-11-21,GOOGL,0.01663784643502922,4.079844057284575,2.0,12
2025-11-24,GOOGL,-0.0015101109023773118,2.6090902195396977,2.0,12
2025-11-25,GOOGL,0.012646339641722595,3.796202355955103,2.0,12
2025-11-26,GOOGL,0.003392902316631269,3.1980215353607484,2.0,12
2025-11-28,GOOGL,0.007354114083583406,3.491199652195686,2.0,12
2025-12-01,GOOGL,0.008196488276685515,4.414819689380578,2.0,12
2025-12-02,GOOGL,0.008530423491102881,3.6438624600955696,2.0,12
2025-12-03,GOOGL,0.0031063083054541723,3.219902439281045,2.0,12
2025-12-04,GOOGL,0.011150999542166654,3.90285564426621,2.0,12
2025-12-05,GOOGL,0.003284866784139853,3.336266485936247,2.0,12
2025-12-08,GOOGL,0.0077069395230500385,3.6281089967246047,2.0,12
2025-12-09,GOOGL,0.012049506938048597,3.115589645611382,2.0,12
2025-07-01,INTC,0.011430011590999219,3.334607238389087,2.0,12
2025-07-02,INTC,0.019242647498121174,2.8796419133079745,2.0,12
2025-07-03,INTC,0.023920137143074276,3.7399670061932593,2.0,12
2025-07-07,INTC,0.03951294524620427,4.398229846794378,2.0,12
2025-07-08,INTC,0.06227640483109894,6.387466137446354,2.0,12
2025-07-09,INTC,0.06879672788909269,6.156620124546972,2.0,12
2025-07-10,INTC,0.007052284670781804,2.0423408724973076,2.0,12
2025-07-11,INTC,0.03512260878672158,5.036200897169211,2.0,12
2025-07-14,INTC,0.03130556332857546,4.722251928930101,2.0,12
2025-07-15,INTC,0.056595825813574904,4.778967903194749,2.0,12
2025-07-16,INTC,0.05532837640716663,4.49796187537488,2.0,12
2025-07-17,INTC,0.06835823941685251,4.836531891071988,2.0,12
2025-07-18,INTC,0.051638007167993154,4.096199098829874,2.0,12
2025-07-21,INTC,0.04127156296845412,3.350555306148919,2.0,12
2025-07-22,INTC,0.009273458558181673,0.9605080344148316,2.0,12
2025-07-23,INTC,0.023009162088146913,1.950241346348691,2.0,12
2025-07-24,INTC,0.054612144223294364,3.2025095544422104,2.0,12
2025-07-25,INTC,0.039270940942457006,2.248428905206685,2.0,12
2025-07-28,INTC,0.07451348734069789,3.1455767969703476,2.0,12
2025-07-29,INTC,0.07451348734069789,3.431031250909334,2.0,12
2025-07-30,INTC,0.07152674362354977,3.6116360490774992,2.0,12
2025-07-31,INTC,0.048498686886789995,2.647299544945928,2.0,12
2025-08-01,INTC,0.026807441568575806,0.5508746535384337,2.0,12
2025-08-04,INTC,0.022929612847792696,0.6756750777040628,2.0,12
2025-08-05,INTC,0.009472937314715804,-0.0984573406193805,2.0,12
2025-08-06,INTC,0.026631641679326797,0.4495050467043291,2.0,12
2025-08-07,INTC,0.054644619126128634,1.8984328817054612,2.0,12
2025-08-08,INTC,0.021049622762760418,0.6364375935521274,2.0,12
2025-08-11,INTC,0.04309190138308732,1.7154624421225784,2.0,12
2025-08-12,INTC,0.042030068634012235,2.0117199209996137,2.0,12
2025-08-13,INTC,0.041768307180872474,2.642437425136964,2.0,12
2025-08-14,INTC,-0.02010638624746308,-3.064103780091503,2.0,12
2025-08-15,INTC,-0.006739309546695789,-0.6745276094118584,2.0,12
2025-08-18,INTC,0.016200814757168096,2.407077952274784,2.0,12
2025-08-19,INTC,-0.007664700946110182,-0.2695584376390938,2.0,12
2025-08-20,INTC,-0.0028002190029217788,0.2485028591938121,2.0,12
2025-08-21,INTC,0.009166630600438451,2.924351211734205,2.0,12
2025-08-22,INTC,-0.002154654926212262,2.5861227857034965,2.0,12
2025-08-25,INTC,-0.011330216489412515,1.6851325469784098,2.0,12
2025-08-26,INTC,0.002394602270369949,3.663879660432351,2.0,12
2025-08-27,INTC,0.017681403187097874,6.101907763885922,2.0,12
2025-08-28,INTC,0.04653531647155034,6.996343894311746,2.0,12
2025-08-29,INTC,0.01786783050757169,5.632172060575066,2.0,12
2025-09-02,INTC,-0.0017590617604716827,2.0169078314639295,2.0,12
2025-09-03,INTC,-0.037724556727160505,-3.133581830225288,2.0,12
2025-09-04,INTC,-0.03064717448892242,-2.3416379489481454,2.0,12
2025-09-05,INTC,-0.03493601840092698,-2.1144111349204517,2.0,12
2025-09-08,INTC,-0.060193741331531984,-2.967429529517263,2.0,12
2025-09-09,INTC,-0.06438107939514841,-3.5793125392542913,2.0,12
2025-09-10,INTC,-0.04886265760046006,-3.5580693318368994,2.0,12
2025-09-11,INTC,-0.04391417323001919,-3.123096229739154,2.0,12
2025-09-12,INTC,-0.030322395071538468,-3.150288955277172,2.0,12
2025-09-15,INTC,-0.030917147903331325,-3.246775681534159,2.0,12
2025-09-16,INTC,-0.01509201262895163,-1.1535483945867986,2.0,12
2025-09-17,INTC,0.014444127638178048,1.0561649710097814,2.0,12
2025-09-18,INTC,-0.009099335854552621,1.1591880394610796,2.0,12
2025-09-19,INTC,-0.014409886383108047,1.5064236334858039,2.0,12
2025-09-22,INTC,-0.04625741222161722,-0.810784765266402,2.0,12
2025-09-23,INTC,-0.06493298116217057,-1.9112833442001265,2.0,12
2025-09-24,INTC,-0.007208359075280731,2.424098368630469,2.0,12
2025-09-25,INTC,-0.006165410623092451,2.1457347428839864,2.0,12
2025-09-26,INTC,-0.016303327826008233,1.4572640562003247,2.0,12
2025-09-29,INTC,0.01117430110933224,3.464662955976877,2.0,12
2025-09-30,INTC,0.017889699462677856,5.373462579473447,2.0,12
2025-10-01,INTC,0.005825967023533167,5.296866851152732,2.0,12
2025-10-02,INTC,0.011701540794923238,5.290697413176096,2.0,12
2025-10-03,INTC,0.01684307015755486,4.8119780695068854,2.0,12
2025-10-06,INTC,0.022583348352146954,5.109969455396227,2.0,12
2025-10-07,INTC,0.01072377105591197,4.41040888221887,2.0,12
2025-10-08,INTC,0.009661934580574351,4.3962319084535295,2.0,12
2025-10-09,INTC,0.01766479334551914,4.807805714863139,2.0,12
2025-10-10,INTC,0.029334462275247622,6.004130516191445,2.0,12
2025-10-13,INTC,0.03836194110695836,6.4898159528259125,2.0,12
2025-10-14,INTC,0.036668050491137555,6.340432923613211,2.0,12
2025-10-15,INTC,0.023549558206756124,5.692919717948097,2.0,12
2025-10-16,INTC,-0.04707653457748841,-1.5383498141791443,2.0,12
2025-10-17,INTC,-0.0029259754725659923,2.7319184119748536,2.0,12
2025-10-20,INTC,0.04879840649944124,7.055204172972719,2.0,12
2025-10-21,INTC,0.04949467024766921,7.032617829965719,2.0,12
2025-10-22,INTC,-0.0318595814263833,-0.06543548342459937,2.0,12
2025-10-23,INTC,-0.0230636336712847,0.660586473868439,2.0,12
2025-10-24,INTC,-0.017824707936078873,0.748552790978382,2.0,12
2025-10-27,INTC,-0.013966015385773418,1.5153307374114147,2.0,12
2025-10-28,INTC,0.0008641244587541597,3.4342022737925104,2.0,12
2025-10-29,INTC,-0.027876167542584037,-1.1285007448646425,2.0,12
2025-10-30,INTC,-0.008552366845262454,-0.396343996786386,2.0,12
2025-10-31,INTC,-0.032459868161383916,-4.172236145734232,2.0,12
2025-11-03,INTC,-0.04289328693586531,-4.471441835725666,2.0,12
2025-11-04,INTC,-0.050002257900856426,-5.0949581335116605,2.0,12
2025-11-05,INTC,-0.05757374237702993,-5.023007541311899,2.0,12
2025-11-06,INTC,-0.06266442995122617,-5.202998736688952,2.0,12
2025-11-07,INTC,-0.05676720147363896,-4.866124496307706,2.0,12
2025-11-10,INTC,-0.06097799674016279,-5.146766328769006,2.0,12
2025-11-11,INTC,-0.04965010639391259,-4.871780403544158,2.0,12
2025-11-12,INTC,-0.06893575939252893,-5.256583231595554,2.0,12
2025-11-13,INTC,-0.06521181870126572,-5.608230866738568,2.0,12
2025-11-14,INTC,-0.06899727090029877,-5.982010478803197,2.0,12
2025-11-17,INTC,-0.04981105120674398,-5.69430355023567,2.0,12
2025-11-18,INTC,-0.04516630544817662,-5.438171078109477,2.0,12
2025-11-19,INTC,-0.06690476945690714,-5.512831538287333,2.0,12
2025-11-20,INTC,-0.05637885724692305,-5.5732158813741455,2.0,12
2025-11-21,INTC,-0.05882928323353953,-5.293745613242649,2.0,12
2025-11-24,INTC,-0.05237513078976492,-4.986465324038062,2.0,12
2025-11-25,INTC,-0.044469552612281485,-4.155554305734645,2.0,12
2025-11-26,INTC,-0.014900919778785549,-1.6735138089471726,2.0,12
2025-11-28,INTC,-0.016893546936212703,-0.8252603403070635,2.0,12
2025-12-01,INTC,-0.020063768845926987,-1.6850665158572244,2.0,12
2025-12-02,INTC,-0.04206073788408831,-2.303102134745205,2.0,12
2025-12-03,INTC,-0.01630241385895209,-0.0947645352127402,2.0,12
2025-12-04,INTC,-0.03775711601187246,-2.91703723403341,2.0,12
2025-12-05,INTC,-0.02466505046275249,-3.822811947320128,2.0,12
2025-12-08,INTC,-0.026325369291024022,-3.958204087689702,2.0,12
2025-12-09,INTC,-0.03315080538133508,-3.7017593361251344,2.0,12
2025-07-01,MSFT,-0.015588493085806763,-1.6764827926833874,2.0,12
2025-07-02,MSFT,-0.01576248556009518,-1.7937237751021864,2.0,12
2025-07-03,MSFT,-0.0196708602652379,-1.8170009228538357,2.0,12
2025-07-07,MSFT,-0.019089532220506588,-2.110627183830127,2.0,12
2025-07-08,MSFT,-0.01823061263498766,-1.5868804831967982,2.0,12
2025-07-09,MSFT,-0.019546675372343295,-1.2872843960989422,2.0,12
2025-07-10,MSFT,-0.01729764537764921,-1.4263550203939364,2.0,12
2025-07-11,MSFT,-0.017095246325051466,-1.7962435809461854,2.0,12
2025-07-14,MSFT,-0.018720171897510646,-1.598416967573042,2.0,12
2025-07-15,MSFT,-0.018720171897510646,-1.791851590194939,2.0,12
2025-07-16,MSFT,-0.01603466165022793,-1.4534841334774655,2.0,12
2025-07-17,MSFT,-0.016929029234545923,-1.5058143356785547,2.0,12
2025-07-18,MSFT,-0.014585553183266129,-2.183331537039617,2.0,12
2025-07-21,MSFT,-0.006773206691411295,-1.9486470424348987,2.0,12
2025-07-22,MSFT,-0.006045480610878233,-2.4231329575514358,2.0,12
2025-07-23,MSFT,-0.0064272700219982735,-2.3013624901650416,2.0,12
2025-07-24,MSFT,-0.005696486413371051,-1.9305428826663502,2.0,12
2025-07-25,MSFT,-0.01893592612218525,-2.315916604203962,2.0,12
2025-07-28,MSFT,-0.018634768268935446,-1.2632364319958682,2.0,12
2025-07-29,MSFT,-0.01608588802769978,-1.422334721088881,2.0,12
2025-07-30,MSFT,-0.018720171897510646,-1.164045473615526,2.0,12
2025-07-31,MSFT,-0.022789884357645143,-1.3209036772637592,2.0,12
2025-08-01,MSFT,-0.019015023226580184,-1.7078502670717919,2.0,12
2025-08-04,MSFT,-0.02126260339165978,-1.804039639184925,2.0,12
2025-08-05,MSFT,-0.016886251323334496,-1.8850191891430321,2.0,12
2025-08-06,MSFT,-0.016322242131358643,-1.1118746364166685,2.0,12
2025-08-07,MSFT,-0.014741204862550298,-1.3380238091402292,2.0,12
2025-08-08,MSFT,-0.0141739343143701,-1.555554307983195,2.0,12
2025-08-11,MSFT,-0.012716675024759263,-1.8709859470899033,2.0,12
2025-08-12,MSFT,-0.009547349270596877,-1.6911205496938406,2.0,12
2025-08-13,MSFT,-0.00670870343079245,-1.5405942004542614,2.0,12
2025-08-14,MSFT,-0.009525153663995119,-1.6672584391458514,2.0,12
2025-08-15,MSFT,-0.00670870343079245,-1.468146207423016,2.0,12
2025-08-18,MSFT,-0.006985008319646342,-0.8678391072729124,2.0,12
2025-08-19,MSFT,-0.005334279126954952,-1.0247251145116583,2.0,12
2025-08-20,MSFT,-0.006354717919227762,-0.5367065907408131,2.0,12
2025-08-21,MSFT,-0.002813604296709569,-0.02059003248508634,2.0,12
2025-08-22,MSFT,-0.004572280416282529,-0.38765477075823895,2.0,12
2025-08-25,MSFT,-0.011859864789917527,-0.8133173782562493,2.0,12
2025-08-26,MSFT,-0.010148286325949645,-1.3511673843928862,2.0,12
2025-08-27,MSFT,-0.004542830909801179,-0.4576893776836276,2.0,12
2025-08-28,MSFT,-0.01103574853700835,-2.160293600249912,2.0,12
2025-08-29,MSFT,-0.009485743371645861,-3.0608313897603603,2.0,12
2025-09-02,MSFT,-0.00986374684091003,-2.5592426478949535,2.0,12
2025-09-03,MSFT,-0.010338423856125722,-1.797537728068365,2.0,12
2025-09-04,MSFT,-0.008828098437656353,-1.1397795195595806,2.0,12
2025-09-05,MSFT,-0.00757161163774752,-1.4539289676886595,2.0,12
2025-09-08,MSFT,-0.009514752643402848,-1.159828846168216,2.0,12
2025-09-09,MSFT,-0.008829858335210454,-0.7163389738141381,2.0,12
2025-09-10,MSFT,-0.009218849458339217,-1.2355592222339922,2.0,12
2025-09-11,MSFT,-0.009218849458339217,-0.9389111825274832,2.0,12
2025-09-12,MSFT,-0.010295569736379457,-1.0442214401013303,2.0,12
2025-09-15,MSFT,-0.013058129294764716,-1.3530502404334526,2.0,12
2025-09-16,MSFT,-0.01064456393388664,-1.437526704732711,2.0,12
2025-09-17,MSFT,-0.011718363606709524,-1.7298915865284303,2.0,12
2025-09-18,MSFT,-0.012132257901821413,-1.3722651815486888,2.0,12
2025-09-19,MSFT,-0.030001641120781606,-2.011061462018958,2.0,12
2025-09-22,MSFT,-0.028798435963201443,-0.985740999510012,2.0,12
2025-09-23,MSFT,-0.021908782661353803,-0.5379447693669805,2.0,12
2025-09-24,MSFT,-0.023871857187750735,-1.3509936226663535,2.0,12
2025-09-25,MSFT,-0.02418328952702291,-1.5738748530888738,2.0,12
2025-09-26,MSFT,-0.02099975129088209,-1.6953405386927816,2.0,12
2025-09-29,MSFT,-0.018395094600333412,-2.004085597297221,2.0,12
2025-09-30,MSFT,-0.019471814878373656,-2.209426873438982,2.0,12
2025-10-01,MSFT,-0.023187434893137855,-2.3181094271075273,2.0,12
2025-10-02,MSFT,-0.01769372408921616,-0.9268478943592415,2.0,12
2025-10-03,MSFT,-0.017182971299835325,-0.5902665633684399,2.0,12
2025-10-06,MSFT,-0.017123549977413777,-0.6580650353343311,2.0,12
2025-10-07,MSFT,-0.017710710992931037,-0.6404527754439,2.0,12
2025-10-08,MSFT,-0.01614330943512381,-0.6320129680398971,2.0,12
2025-10-09,MSFT,-0.014576305667194787,-1.0533724571283312,2.0,12
2025-10-10,MSFT,-0.010329928660184935,-1.5373736605914583,2.0,12
2025-10-13,MSFT,-0.012679470670381153,-1.003477891348593,2.0,12
2025-10-14,MSFT,-0.013656789617137026,-0.8570450121409438,2.0,12
2025-10-15,MSFT,-0.013656789617137026,-1.6437333792160809,2.0,12
2025-10-16,MSFT,-0.011526047536018347,-0.3130572552054752,2.0,12
2025-10-17,MSFT,-0.009326482255865607,-1.0970230407953379,2.0,12
2025-10-20,MSFT,-0.012083759839397606,-1.454120939158694,2.0,12
2025-10-21,MSFT,-0.013722994478919497,-1.3456743288844695,2.0,12
2025-10-22,MSFT,-0.014286911338116081,-0.6728444638918454,2.0,12
2025-10-23,MSFT,-0.014286911338116081,-0.7582386931091853,2.0,12
2025-10-24,MSFT,-0.01384608676686201,-1.0104734293036315,2.0,12
2025-10-27,MSFT,-0.01787838114155847,-1.6808120560165674,2.0,12
2025-10-28,MSFT,-0.0194907065089631,-2.39559393658425,2.0,12
2025-10-29,MSFT,-0.02115028858691578,-1.6753377539272805,2.0,12
2025-10-30,MSFT,-0.018737509978871768,-3.2660715101198883,2.0,12
2025-10-31,MSFT,-0.013867156868388585,-1.6552575853146723,2.0,12
2025-11-03,MSFT,-0.009535772268158178,-1.1196059152923594,2.0,12
2025-11-04,MSFT,-0.013719841403526958,-1.1126250788013339,2.0,12
2025-11-05,MSFT,-0.016434258455801792,-1.459406934898356,2.0,12
2025-11-06,MSFT,-0.007708094063650149,-0.39121684719816135,2.0,12
2025-11-07,MSFT,-0.009952602414219372,-1.3360203246062339,2.0,12
2025-11-10,MSFT,-0.009914968892379243,-1.1559678793931132,2.0,12
2025-11-11,MSFT,-0.00890402989881306,-0.9878430672038081,2.0,12
2025-11-12,MSFT,-0.01339902777338611,-1.302731787775518,2.0,12
2025-11-13,MSFT,-0.005462503518276185,-0.7263790535101649,2.0,12
2025-11-14,MSFT,-0.004393116469064212,-0.030048710215603514,2.0,12
2025-11-17,MSFT,-0.0037205518249717445,-0.4608423734417648,2.0,12
2025-11-18,MSFT,-0.0017460974981539585,-0.3882805482289011,2.0,12
2025-11-19,MSFT,-0.0034206727623551053,-0.832005973278292,2.0,12
2025-11-20,MSFT,-0.0026046814007828364,-0.7862197893371039,2.0,12
2025-11-21,MSFT,-0.005738741337642673,-0.6916498928454888,2.0,12
2025-11-24,MSFT,-0.012980970198722724,-1.4130049629545336,2.0,12
2025-11-25,MSFT,-0.00553777160479356,-0.5345724209716844,2.0,12
2025-11-26,MSFT,-0.011198650123876913,-1.1590453276425388,2.0,12
2025-11-28,MSFT,-0.01507353887623454,-1.5011722836182404,2.0,12
2025-12-01,MSFT,-0.011225006603989885,-1.070618461695576,2.0,12
2025-12-02,MSFT,-0.011139657231480995,-0.526006050806033,2.0,12
2025-12-03,MSFT,-0.009470555358471912,-1.2661025822790555,2.0,12
2025-12-04,MSFT,-0.008770248540255345,-0.7672999267038426,2.0,12
2025-12-05,MSFT,-0.0030077454545416413,-0.3903325780099322,2.0,12
2025-12-08,MSFT,-0.003993955434279778,-0.5956486265474041,2.0,12
2025-12-09,MSFT,-0.003273245834262646,-0.7785844946723824,2.0,12
2025-07-01,NVDA,0.01110596892585402,2.5516224673552963,2.0,12
2025-07-02,NVDA,0.009376820798243698,2.4963827000224206,2.0,12
2025-07-03,NVDA,0.014128050665181953,2.962842713707338,2.0,12
2025-07-07,NVDA,0.016150198905835276,2.6804360066779918,2.0,12
2025-07-08,NVDA,0.006888613386010431,1.4402021805777876,2.0,12
2025-07-09,NVDA,0.009045110747253964,1.972389686810793,2.0,12
2025-07-10,NVDA,0.015351786323335852,4.23831362323269,2.0,12
2025-07-11,NVDA,0.016848063290790787,3.2850702606212296,2.0,12
2025-07-14,NVDA,0.0076783051281473615,2.534147138813875,2.0,12
2025-07-15,NVDA,0.016656589011355933,2.7924032760297717,2.0,12
2025-07-16,NVDA,0.006895916460605263,2.281641264807154,2.0,12
2025-07-17,NVDA,0.025395257787336745,3.442972113589257,2.0,12
2025-07-18,NVDA,0.024262858280174878,3.515156489366559,2.0,12
2025-07-21,NVDA,0.03431968051166311,3.937756740129487,2.0,12
2025-07-22,NVDA,0.01930128118496934,3.5918945625122376,2.0,12
2025-07-23,NVDA,0.024009303446188197,4.272801289863306,2.0,12
2025-07-24,NVDA,0.02363330563852691,2.635081281401412,2.0,12
2025-07-25,NVDA,0.008002895426278123,1.9731897256960278,2.0,12
2025-07-28,NVDA,0.008349446322651699,1.960391878238839,2.0,12
2025-07-29,NVDA,0.012352371008030718,1.8288388035885026,2.0,12
2025-07-30,NVDA,0.000755335152718407,1.6310623363405614,2.0,12
2025-07-31,NVDA,0.0071003044777797186,1.7405773672515663,2.0,12
2025-08-01,NVDA,0.013707861495206183,2.041721220364074,2.0,12
2025-08-04,NVDA,0.009984853585590954,2.0492159332288113,2.0,12
2025-08-05,NVDA,0.013426459355563587,3.3303617372955348,2.0,12
2025-08-06,NVDA,0.013093868358679296,2.1621920047825216,2.0,12
2025-08-07,NVDA,0.010144913809905601,1.3335079156133434,2.0,12
2025-08-08,NVDA,0.00791955084536708,1.9875727097957117,2.0,12
2025-08-11,NVDA,0.014248193158577477,1.548195694193309,2.0,12
2025-08-12,NVDA,0.005744847735898293,0.17717509173295154,2.0,12
2025-08-13,NVDA,0.004410069435232301,0.18824668892101143,2.0,12
2025-08-14,NVDA,-0.0014374693275392572,0.2954475826851143,2.0,12
2025-08-15,NVDA,0.009030976092352955,2.159329242775831,2.0,12
2025-08-18,NVDA,-0.0008096716912191919,0.9759340306360336,2.0,12
2025-08-19,NVDA,-0.001118010326827796,0.8650123543584202,2.0,12
2025-08-20,NVDA,-0.002929061973515401,0.6973643615000126,2.0,12
2025-08-21,NVDA,0.003296498533761307,1.3633247271193025,2.0,12
2025-08-22,NVDA,-0.003431853867829801,0.27904154891696364,2.0,12
2025-08-25,NVDA,-0.010729437069727527,-0.2645320203095429,2.0,12
2025-08-26,NVDA,-0.011519588460163845,-0.7318478184869864,2.0,12
2025-08-27,NVDA,-0.005878358519889058,-0.3401481843409469,2.0,12
2025-08-28,NVDA,-0.005776402561456068,-1.008645813908108,2.0,12
2025-08-29,NVDA,0.004506410450338173,0.08969690742261505,2.0,12
2025-09-02,NVDA,0.009343614606675184,0.8612578828130155,2.0,12
2025-09-03,NVDA,-0.002493118436904138,-0.770821746448755,2.0,12
2025-09-04,NVDA,-0.002493118436904138,-0.19268408453213604,2.0,12
2025-09-05,NVDA,0.006356941802564409,-0.04777099967246179,2.0,12
2025-09-08,NVDA,0.009395770995499755,0.13583215678287752,2.0,12
2025-09-09,NVDA,0.009805902648130116,0.7761027692313776,2.0,12
2025-09-10,NVDA,0.01660909529768799,1.7524340768641393,2.0,12
2025-09-11,NVDA,0.021036568498030542,2.4509478210811206,2.0,12
2025-09-12,NVDA,0.020811815153551485,2.7761455141024975,2.0,12
2025-09-15,NVDA,0.020029306308083625,2.3941111630821204,2.0,12
2025-09-16,NVDA,0.018385610173875865,1.9304280398239202,2.0,12
2025-09-17,NVDA,0.02058142213891154,1.6131303726736435,2.0,12
2025-09-18,NVDA,0.010735952888110209,0.5879421886083225,2.0,12
2025-09-19,NVDA,-0.004889904160194201,0.3292775605459478,2.0,12
2025-09-22,NVDA,-0.014288639692947885,0.286826729676667,2.0,12
2025-09-23,NVDA,-0.009703680021964521,0.20573950757563808,2.0,12
2025-09-24,NVDA,-0.0029350238700433925,0.10629569549960727,2.0,12
2025-09-25,NVDA,-0.008492793300487144,-0.7499814374730007,2.0,12
2025-09-26,NVDA,-0.004924169722156734,-0.48188936776943225,2.0,12
2025-09-29,NVDA,0.0023569672746960087,0.04276188284602478,2.0,12
2025-09-30,NVDA,-0.0017052475442583502,0.5945552315404194,2.0,12
2025-10-01,NVDA,-0.007046982038652337,0.7474205238233348,2.0,12
2025-10-02,NVDA,-0.006589181690228963,0.8039059638127182,2.0,12
2025-10-03,NVDA,-0.0066401632746000755,0.6970418487841958,2.0,12
2025-10-06,NVDA,-0.0079289466140678,0.31384113800514823,2.0,12
2025-10-07,NVDA,-0.007811852721367679,0.3667577075619053,2.0,12
2025-10-08,NVDA,-0.005703682485194323,0.38780524141012573,2.0,12
2025-10-09,NVDA,-0.0015272108644625421,0.41752529489135326,2.0,12
2025-10-10,NVDA,-0.005139456977703494,-0.7744393542198694,2.0,12
2025-10-13,NVDA,-0.014718022674948856,-0.8256420190891872,2.0,12
2025-10-14,NVDA,-0.007626960261999537,-0.18487399311001035,2.0,12
2025-10-15,NVDA,-0.010413408855717773,-0.9631271912925417,2.0,12
2025-10-16,NVDA,-0.0017901735971934066,0.9703372726936358,2.0,12
2025-10-17,NVDA,0.007661619425329648,2.2353645161779547,2.0,12
2025-10-20,NVDA,0.0005323250757702224,-0.38224400437907446,2.0,12
2025-10-21,NVDA,-0.0005859503151008754,-0.23890887810034284,2.0,12
2025-10-22,NVDA,0.00023977147085021017,1.0717962657517048,2.0,12
2025-10-23,NVDA,0.0004849932950675331,1.0675109444903292,2.0,12
2025-10-24,NVDA,-0.001435608929292411,1.8702409685651986,2.0,12
2025-10-27,NVDA,-0.005678335176778401,0.8223148339086945,2.0,12
2025-10-28,NVDA,-0.007620829374194948,-0.07955705780345251,2.0,12
2025-10-29,NVDA,-0.007509291128977913,1.0506307350925532,2.0,12
2025-10-30,NVDA,0.011637094088752294,3.62451730236506,2.0,12
2025-10-31,NVDA,-0.006752874267071869,0.81574034180288,2.0,12
2025-11-03,NVDA,-0.002119000387007677,1.655004445960675,2.0,12
2025-11-04,NVDA,-0.004164652828894903,1.0752538796505076,2.0,12
2025-11-05,NVDA,-0.006012703929766485,0.44491208019646256,2.0,12
2025-11-06,NVDA,-0.021440458193244777,-1.398646833825765,2.0,12
2025-11-07,NVDA,-0.005150805313735093,-0.13703994015935184,2.0,12
2025-11-10,NVDA,-0.01849572312752705,-0.9274112632158961,2.0,12
2025-11-11,NVDA,-0.009923639411615543,0.09483291867146354,2.0,12
2025-11-12,NVDA,-0.011381667096538739,0.3358801085923129,2.0,12
2025-11-13,NVDA,-0.012756418046322084,-0.5137379412884067,2.0,12
2025-11-14,NVDA,-0.014974749360834986,-0.1591680400655452,2.0,12
2025-11-17,NVDA,-0.005268515512271777,-0.035832087587466005,2.0,12
2025-11-18,NVDA,-0.005020142143782379,-0.11889985130735192,2.0,12
2025-11-19,NVDA,-0.012401779451281552,-0.2757865445765241,2.0,12
2025-11-20,NVDA,-0.012430854003997013,-0.7882861060736585,2.0,12
2025-11-21,NVDA,-0.01767004811650368,-1.0710909899186256,2.0,12
2025-11-24,NVDA,-0.008813328739285458,-0.41336739015999113,2.0,12
2025-11-25,NVDA,-0.00659771785173026,-0.6044430204077932,2.0,12
2025-11-26,NVDA,-0.011142790129989458,-1.4235265128216565,2.0,12
2025-11-28,NVDA,-0.007588980743474708,-1.4438314082658192,2.0,12
2025-12-01,NVDA,-0.008964578982870364,-1.4276973304584795,2.0,12
2025-12-02,NVDA,-0.01350988443236024,-1.6447517467496682,2.0,12
2025-12-03,NVDA,-0.013041152419193815,-2.1892636464272375,2.0,12
2025-12-04,NVDA,-0.014862885410801857,-1.6530084126817415,2.0,12
2025-12-05,NVDA,-0.0038990141733857325,-0.6656014590991595,2.0,12
2025-12-08,NVDA,-0.005470884483844378,-0.9385374523985589,2.0,12
2025-12-09,NVDA,-0.002664572895130517,-1.3662166755478167,2.0,12
2025-07-01,PFE,0.007657383772455283,1.2545948791751629,2.0,12
2025-07-02,PFE,0.005343022642861283,1.3261058580150715,2.0,12
2025-07-03,PFE,0.004708738107208771,1.0564445933040214,2.0,12
2025-07-07,PFE,0.005950886960149564,0.9066557267835647,2.0,12
2025-07-08,PFE,-0.0030239015660711924,0.2015049218483868,2.0,12
2025-07-09,PFE,-0.008164449566735114,-0.4770321705161288,2.0,12
2025-07-10,PFE,-0.0072099516973600924,-0.1645043933223338,2.0,12
2025-07-11,PFE,-0.00552825740230254,-0.7362560727053363,2.0,12
2025-07-14,PFE,0.008236653784499788,0.5524234972429329,2.0,12
2025-07-15,PFE,0.03823983871145465,1.4718681433746106,2.0,12
2025-07-16,PFE,0.0388781877885598,1.9312271991572798,2.0,12
2025-07-17,PFE,0.013637222370696388,-0.08534853916444057,2.0,12
2025-07-18,PFE,0.017816207581785544,0.12768349799738066,2.0,12
2025-07-21,PFE,0.028119716871770502,0.7103454833339444,2.0,12
2025-07-22,PFE,0.02100183282491362,1.945241819820581,2.0,12
2025-07-23,PFE,0.01780375847211126,1.2601037387878358,2.0,12
2025-07-24,PFE,0.019696644795393996,0.5480887202437985,2.0,12
2025-07-25,PFE,-0.012347875015212628,-1.479044565706531,2.0,12
2025-07-28,PFE,-0.008446111833470372,-0.7451767457862639,2.0,12
2025-07-29,PFE,-0.004246302238050523,-0.7164465153283477,2.0,12
2025-07-30,PFE,0.008924224237105507,-0.02162247289939384,2.0,12
2025-07-31,PFE,0.03418440342437185,1.7849677005982532,2.0,12
2025-08-01,PFE,0.03755699581915288,2.627538238768704,2.0,12
2025-08-04,PFE,0.037047615089066996,2.7845900749551205,2.0,12
2025-08-05,PFE,0.008456439806597547,1.131471654540795,2.0,12
2025-08-06,PFE,0.04864145406438878,3.367441885658358,2.0,12
2025-08-07,PFE,0.03733049257271215,1.9027042744841332,2.0,12
2025-08-08,PFE,0.02218285320470859,2.2055706194312044,2.0,12
2025-08-11,PFE,0.03924522721705098,2.5088385643073208,2.0,12
2025-08-12,PFE,0.04647761504758348,3.392977629014973,2.0,12
2025-08-13,PFE,0.03088765443475631,2.6177735487088767,2.0,12
2025-08-14,PFE,0.01462853403355591,2.8709836550834176,2.0,12
2025-08-15,PFE,0.006490705174105835,1.6255063126605278,2.0,12
2025-08-18,PFE,0.0077753289812377765,1.9408648458074877,2.0,12
2025-08-19,PFE,0.0004215820893903784,0.8163514960586831,2.0,12
2025-08-20,PFE,-0.013699484106833438,-1.7133110462032908,2.0,12
2025-08-21,PFE,-0.00913663399059728,-0.3669360166740159,2.0,12
2025-08-22,PFE,-0.029488166966036837,-4.6955955642494445,2.0,12
2025-08-25,PFE,-0.024265295277021346,-2.066640805167857,2.0,12
2025-08-26,PFE,-0.025095079656868403,-2.86791911440233,2.0,12
2025-08-27,PFE,-0.020236257244155537,-2.0170229561694724,2.0,12
2025-08-28,PFE,-0.019588491572050806,-1.923383189783438,2.0,12
2025-08-29,PFE,-0.009186848352907753,-2.0390455877194515,2.0,12
2025-09-02,PFE,-0.010123707045803664,-1.3626705880560344,2.0,12
2025-09-03,PFE,-0.013771004470742016,-1.8265528578906305,2.0,12
2025-09-04,PFE,-0.01140280604427582,-0.9799793723310033,2.0,12
2025-09-05,PFE,-0.011285641254823214,-1.2174928454140421,2.0,12
2025-09-08,PFE,0.004598813131641341,0.4491638905909394,2.0,12
2025-09-09,PFE,-0.005127500077419717,0.06604506523951803,2.0,12
2025-09-10,PFE,-0.0022361587352564692,0.022850080292366903,2.0,12
2025-09-11,PFE,-0.0021769427310243017,0.0817383624007324,2.0,12
2025-09-12,PFE,0.014580973829612005,1.7123632023704223,2.0,12
2025-09-15,PFE,0.0072336983545240405,0.5822822256221661,2.0,12
2025-09-16,PFE,0.00613054285864074,0.322716441063191,2.0,12
2025-09-17,PFE,0.0025253312742519124,-0.6257005066540959,2.0,12
2025-09-18,PFE,0.00624499878311269,-0.21524311349311542,2.0,12
2025-09-19,PFE,-0.0033890126005394158,-0.17048781431260007,2.0,12
2025-09-22,PFE,0.02314643971094722,2.056232158092957,2.0,12
2025-09-23,PFE,0.016853551200583038,1.879122940435748,2.0,12
2025-09-24,PFE,0.021847771584796154,2.209507646784096,2.0,12
2025-09-25,PFE,0.059368533921697796,3.224534592799968,2.0,12
2025-09-26,PFE,0.0454322182519071,3.4656547725333757,2.0,12
2025-09-29,PFE,0.047679865432116324,3.498428164995398,2.0,12
2025-09-30,PFE,-0.0033268445763581828,-0.17262524654435113,2.0,12
2025-10-01,PFE,-0.019013489515642426,-1.212103185761225,2.0,12
2025-10-02,PFE,-0.04855930837252976,-3.80478424057418,2.0,12
2025-10-03,PFE,-0.07203642206052058,-4.492206595214572,2.0,12
2025-10-06,PFE,-0.06739562600015385,-4.476737293031516,2.0,12
2025-10-07,PFE,-0.06607730568805763,-4.58728071435135,2.0,12
2025-10-08,PFE,-0.06521996835881491,-4.954154855723655,2.0,12
2025-10-09,PFE,-0.056090383029980116,-5.0757743711399135,2.0,12
2025-10-10,PFE,-0.025675117441282112,-3.1037466326565983,2.0,12
2025-10-13,PFE,-0.04154136597050977,-3.3834745123793546,2.0,12
2025-10-14,PFE,-0.0462869310895336,-3.607596685462837,2.0,12
2025-10-15,PFE,-0.025566399696204445,-3.04198082261275,2.0,12
2025-10-16,PFE,-0.023796724762211813,-1.5852281049783454,2.0,12
2025-10-17,PFE,-0.02300245633146739,-3.089972658912501,2.0,12
2025-10-20,PFE,-0.020441464354098358,-2.0192018574789574,2.0,12
2025-10-21,PFE,-0.01725691100950746,-1.5065333137507948,2.0,12
2025-10-22,PFE,-0.024517822420956466,-1.8232811742457264,2.0,12
2025-10-23,PFE,-0.022220155493903274,-1.2692353060776762,2.0,12
2025-10-24,PFE,-0.022849164080489547,-1.6182639802904983,2.0,12
2025-10-27,PFE,-0.02919180682719531,-3.4591974202072575,2.0,12
2025-10-28,PFE,-0.02774757531071902,-4.860302316204606,2.0,12
2025-10-29,PFE,-0.03148710535108598,-5.109283112842748,2.0,12
2025-10-30,PFE,-0.016663019144327353,-4.609054972975127,2.0,12
2025-10-31,PFE,-0.01075742021732221,-2.4049753316817446,2.0,12
2025-11-03,PFE,-0.005908933289790898,-1.1895529166717007,2.0,12
2025-11-04,PFE,-0.0007701144046942418,-0.3002434177048733,2.0,12
2025-11-05,PFE,-0.0004087232770650456,0.11507877344656248,2.0,12
2025-11-06,PFE,-0.0013055089805830197,0.5996489690660249,2.0,12
2025-11-07,PFE,-0.005327424785826552,-0.4745444121623138,2.0,12
2025-11-10,PFE,0.00498902502805319,0.4761217507643931,2.0,12
2025-11-11,PFE,-0.02036508642950012,-1.381261844622487,2.0,12
2025-11-12,PFE,-0.0385560491557706,-1.7834182591442866,2.0,12
2025-11-13,PFE,-0.03631466676094832,-1.3835506457074187,2.0,12
2025-11-14,PFE,-0.024716899783121884,-0.9285876241737434,2.0,12
2025-11-17,PFE,-0.019161415989535104,-1.13633213868916,2.0,12
2025-11-18,PFE,-0.0197852632304726,-1.0848502900419859,2.0,12
2025-11-19,PFE,-0.00883533200437545,-0.13338449526391066,2.0,12
2025-11-20,PFE,-0.004483466453294107,0.01903586811771235,2.0,12
2025-11-21,PFE,-0.020641092170876525,-0.544484563592289,2.0,12
2025-11-24,PFE,-0.023137084571199444,-0.9138366123266766,2.0,12
2025-11-25,PFE,-0.03640792659168638,-1.7367227429542054,2.0,12
2025-11-26,PFE,-0.043683433198449466,-3.2406435522388963,2.0,12
2025-11-28,PFE,-0.04248335260272816,-2.9047123941875275,2.0,12
2025-12-01,PFE,-0.029337101101460723,-2.584546720600942,2.0,12
2025-12-02,PFE,-0.03253275313368196,-1.9444816364925956,2.0,12
2025-12-03,PFE,-0.01970203293170095,-1.804908990035265,2.0,12
2025-12-04,PFE,-0.016401583232095805,-0.20018906656990942,2.0,12
2025-12-05,PFE,-0.002512200038766437,1.024800526349317,2.0,12
2025-12-08,PFE,-0.008352294317857145,-0.5067963763087409,2.0,12
2025-12-09,PFE,-0.0036871230984465613,0.12712545107266993,2.0,12
2025-07-01,PYPL,-0.02550259679037737,-2.9745843973190302,2.0,12
2025-07-02,PYPL,-0.024773239949731664,-2.6803572671296827,2.0,12
2025-07-03,PYPL,-0.024940024315252933,-2.9352691830251607,2.0,12
2025-07-07,PYPL,-0.023874326622921164,-2.841166332931168,2.0,12
2025-07-08,PYPL,-0.025662888436936464,-2.668011502665737,2.0,12
2025-07-09,PYPL,-0.026453672924994894,-2.556873923440392,2.0,12
2025-07-10,PYPL,-0.02448792331996038,-3.316655801685533,2.0,12
2025-07-11,PYPL,-0.016544274186925636,-3.2611116791122328,2.0,12
2025-07-14,PYPL,-0.03652978393809968,-4.533760257240592,2.0,12
2025-07-15,PYPL,-0.02618598490059529,-2.845136806774614,2.0,12
2025-07-16,PYPL,-0.026036050838281945,-2.9126091248080144,2.0,12
2025-07-17,PYPL,-0.02972549036180853,-2.7864947664796786,2.0,12
2025-07-18,PYPL,-0.019650785704694307,-2.304685718274094,2.0,12
2025-07-21,PYPL,-0.01913663877999803,-3.185829666445943,2.0,12
2025-07-22,PYPL,-0.01887391186290157,-4.173716642154902,2.0,12
2025-07-23,PYPL,-0.018919763207998118,-3.839985741710135,2.0,12
2025-07-24,PYPL,-0.01887391186290157,-2.5581456282841604,2.0,12
2025-07-25,PYPL,-0.017247495342009526,-1.6134483918100837,2.0,12
2025-07-28,PYPL,-0.01903821295330744,-0.8326508240989001,2.0,12
2025-07-29,PYPL,0.0008642882694041228,-1.1999182061981573,2.0,12
2025-07-30,PYPL,-0.01632158749271121,-2.2897197665567437,2.0,12
2025-07-31,PYPL,-0.004576164503074417,-1.914169230244346,2.0,12
2025-08-01,PYPL,0.00901985447934663,-1.0141652002836687,2.0,12
2025-08-04,PYPL,0.011755657845665426,-0.39811452658329183,2.0,12
2025-08-05,PYPL,0.010254326092973139,0.5478125268936633,2.0,12
2025-08-06,PYPL,0.0058371763034282,-0.6335477636979675,2.0,12
2025-08-07,PYPL,0.011481714600934253,-0.7569479306798342,2.0,12
2025-08-08,PYPL,0.004418025943399954,-0.29605933308384513,2.0,12
2025-08-11,PYPL,0.020878620921098646,-0.1591667074179116,2.0,12
2025-08-12,PYPL,0.015703350388118834,-0.8391739525682423,2.0,12
2025-08-13,PYPL,0.0028996071835730637,-1.6677596285434695,2.0,12
2025-08-14,PYPL,0.00194538543607172,-1.1128627937212396,2.0,12
2025-08-15,PYPL,0.003052605135778465,-1.1191855832549018,2.0,12
2025-08-18,PYPL,-0.012249797037535775,-3.3306494319924793,2.0,12
2025-08-19,PYPL,0.0004360330329179746,-1.191948187498486,2.0,12
2025-08-20,PYPL,-0.0024795599572689448,-1.8614056970924246,2.0,12
2025-08-21,PYPL,0.006093860491829546,-0.5291540798109144,2.0,12
2025-08-22,PYPL,-0.006509496784944883,-1.8777298407256156,2.0,12
2025-08-25,PYPL,0.007994802259490308,0.9586704080370605,2.0,12
2025-08-26,PYPL,0.0054549939077838654,0.9461774474743533,2.0,12
2025-08-27,PYPL,-0.006505454020057619,-0.6233390631511126,2.0,12
2025-08-28,PYPL,-0.0086166877656549,-1.2292039140190791,2.0,12
2025-08-29,PYPL,-0.0078007283803824285,-1.8568723723206095,2.0,12
2025-09-02,PYPL,-0.0029346147876438684,-0.5596301119305509,2.0,12
2025-09-03,PYPL,-0.0077276144795271964,-0.7670730145578202,2.0,12
2025-09-04,PYPL,-0.0059719536267036815,-0.472597057395806,2.0,12
2025-09-05,PYPL,-0.006047176488020813,-0.8310831449091778,2.0,12
2025-09-08,PYPL,-0.004301124478147992,-0.1980411944523887,2.0,12
2025-09-09,PYPL,-0.0031301733705092504,0.27881292527109736,2.0,12
2025-09-10,PYPL,0.0024502497559058998,0.20809540018437767,2.0,12
2025-09-11,PYPL,-0.004784930314240302,-0.586167545478331,2.0,12
2025-09-12,PYPL,-0.005040393597025196,-0.5490862146599058,2.0,12
2025-09-15,PYPL,-0.006036536233586743,-0.7837720785548402,2.0,12
2025-09-16,PYPL,-0.0036728648020894522,-0.818405155251242,2.0,12
2025-09-17,PYPL,-0.009045447483995226,-1.5085365060800333,2.0,12
2025-09-18,PYPL,0.02382470677414108,1.7322848969056235,2.0,12
2025-09-19,PYPL,0.009993747542632743,1.806126068869693,2.0,12
2025-09-22,PYPL,0.013217766256961703,1.710936464130902,2.0,12
2025-09-23,PYPL,0.01438037602551993,1.7829554101574279,2.0,12
2025-09-24,PYPL,0.013667112744468798,1.4973922641939936,2.0,12
2025-09-25,PYPL,0.015255479574133092,0.5893324941587985,2.0,12
2025-09-26,PYPL,0.011707441514687559,0.6848815436538607,2.0,12
2025-09-29,PYPL,0.0019134688968357723,-0.3609618671101543,2.0,12
2025-09-30,PYPL,0.008891390002646589,1.0027227542919686,2.0,12
2025-10-01,PYPL,0.0011738948747121536,1.238495172104436,2.0,12
2025-10-02,PYPL,-0.0002253699954350252,0.948772780151032,2.0,12
2025-10-03,PYPL,-0.0025397001639381606,0.35464644054543437,2.0,12
2025-10-06,PYPL,-0.011843094797187289,-0.3622530526988998,2.0,12
2025-10-07,PYPL,-0.015038543411357647,-0.12589598722447265,2.0,12
2025-10-08,PYPL,-0.011317174200013566,0.45477723218742183,2.0,12
2025-10-09,PYPL,-0.0030294781669302382,0.5046946184442704,2.0,12
2025-10-10,PYPL,-0.004831412574886351,-0.6570788562196249,2.0,12
2025-10-13,PYPL,0.0003622740931325839,0.32795096171751187,2.0,12
2025-10-14,PYPL,-0.00277768879964393,0.2756865920786199,2.0,12
2025-10-15,PYPL,-6.8821956394767795e-06,-0.08478428317364334,2.0,12
2025-10-16,PYPL,-0.008477985391218502,-0.5072258128913897,2.0,12
2025-10-17,PYPL,-0.0068522184096280175,-0.7188499153609227,2.0,12
2025-10-20,PYPL,-0.012529588019736634,-1.332607024727308,2.0,12
2025-10-21,PYPL,-0.030652073545993714,-2.5336622037877836,2.0,12
2025-10-22,PYPL,-0.02330518859134192,-2.0664695182064996,2.0,12
2025-10-23,PYPL,-0.02563792178180467,-1.7427512318554441,2.0,12
2025-10-24,PYPL,-0.020568415784118242,-1.4966886331675715,2.0,12
2025-10-27,PYPL,-0.022087225987135424,-2.939972179085273,2.0,12
2025-10-28,PYPL,-0.0171094812849022,-1.445880647844517,2.0,12
2025-10-29,PYPL,-0.01666767726944426,-1.0186654418965873,2.0,12
2025-10-30,PYPL,-0.005817452307583209,-1.1571465113718435,2.0,12
2025-10-31,PYPL,-0.007591655786314905,-0.4240483066038841,2.0,12
2025-11-03,PYPL,-5.2626876049452925e-05,-0.04871090406796941,2.0,12
2025-11-04,PYPL,0.003872648610256239,-0.2349780944062927,2.0,12
2025-11-05,PYPL,0.007935870300906507,0.19000156826724446,2.0,12
2025-11-06,PYPL,-0.0045859035473302424,-0.9918224898638794,2.0,12
2025-11-07,PYPL,0.011411059625701676,0.41573692261926176,2.0,12
2025-11-10,PYPL,0.011623287959577858,0.5036427760652256,2.0,12
2025-11-11,PYPL,-0.0002652632468555016,-0.16992985633857538,2.0,12
2025-11-12,PYPL,0.0068855798240160535,0.17544415119634382,2.0,12
2025-11-13,PYPL,0.004762013808914566,0.17753653306711592,2.0,12
2025-11-14,PYPL,-0.0017811725854603052,-0.8533876342406473,2.0,12
2025-11-17,PYPL,0.01965776394298641,0.42768029017297726,2.0,12
2025-11-18,PYPL,0.01697914771242694,0.3891314091651401,2.0,12
2025-11-19,PYPL,0.020509019868490148,0.3655304920742397,2.0,12
2025-11-20,PYPL,0.02465525842554886,0.46892575137631587,2.0,12
2025-11-21,PYPL,0.00149990827359033,-0.445591836225253,2.0,12
2025-11-24,PYPL,0.009592693516247757,0.40388239846179763,2.0,12
2025-11-25,PYPL,0.02361669295939511,1.7188032287327948,2.0,12
2025-11-26,PYPL,0.014843962374430482,1.8358786712843576,2.0,12
2025-11-28,PYPL,0.01805507169763347,2.1176875854539126,2.0,12
2025-12-01,PYPL,0.009497411546906942,1.7360991540277662,2.0,12
2025-12-02,PYPL,0.00964260482718752,1.5407064264908539,2.0,12
2025-12-03,PYPL,0.011868064039892105,2.6833534208376912,2.0,12
2025-12-04,PYPL,0.0050140234176651284,0.3790551274578904,2.0,12
2025-12-05,PYPL,-0.005126283724400914,-1.3597786633633042,2.0,12
2025-12-08,PYPL,-0.001847654826836899,-1.1184637034699558,2.0,12
2025-12-09,PYPL,-0.0020059499062632636,-1.4216993505902344,2.0,12
2025-07-01,ZM,-0.00822834468341906,-2.7369135367587765,2.0,12
2025-07-02,ZM,-0.009059939150275378,-3.361276118533084,2.0,12
2025-07-03,ZM,-0.011908189787842041,-3.349329611078743,2.0,12
2025-07-07,ZM,-0.005062257199078209,-3.005038505392041,2.0,12
2025-07-08,ZM,-0.007341978098355797,-2.1428276925197145,2.0,12
2025-07-09,ZM,-0.003923659785203308,-1.8785978510323493,2.0,12
2025-07-10,ZM,-0.0035945828310988575,-1.766835205470013,2.0,12
2025-07-11,ZM,-0.0017180417542937846,-1.8369127553011912,2.0,12
2025-07-14,ZM,-0.00570118739726083,-1.8323313953187697,2.0,12
2025-07-15,ZM,-0.012094129866791859,-2.6116620950624596,2.0,12
2025-07-16,ZM,-0.012963234591411079,-2.7749424853912554,2.0,12
2025-07-17,ZM,-0.007710236842359279,-2.5963404449378054,2.0,12
2025-07-18,ZM,-0.0011476941474640296,-2.6294408816258867,2.0,12
2025-07-21,ZM,0.0008069788922832027,-2.8436682159992213,2.0,12
2025-07-22,ZM,-0.0010642672928914978,-2.768777137335908,2.0,12
2025-07-23,ZM,-0.004718530557819498,-2.7879019199329447,2.0,12
2025-07-24,ZM,-0.004087179891183334,-2.8643415259456226,2.0,12
2025-07-25,ZM,-0.007224143942705352,-1.9911469690527435,2.0,12
2025-07-28,ZM,-0.010396602132541519,-1.8394839163135548,2.0,12
2025-07-29,ZM,-0.0009974536373027248,-1.4218087296349762,2.0,12
2025-07-30,ZM,-0.010675456313027258,-1.5396692301504102,2.0,12
2025-07-31,ZM,-0.010675456313027258,-1.8165579696130938,2.0,12
2025-08-01,ZM,0.011371862800341673,-0.4534852404353435,2.0,12
2025-08-04,ZM,0.0011894098074742988,-1.0378056246042244,2.0,12
2025-08-05,ZM,-0.0017691721449589954,-1.056654925988005,2.0,12
2025-08-06,ZM,-0.01767956756160344,-2.4391873492489053,2.0,12
2025-08-07,ZM,-0.0006293621734421339,-1.1417918664169253,2.0,12
2025-08-08,ZM,-0.01751822885919993,-2.687921788494545,2.0,12
2025-08-11,ZM,-0.004734604014526186,-2.32452238428981,2.0,12
2025-08-12,ZM,0.006189160599697612,-1.7037969194419125,2.0,12
2025-08-13,ZM,-0.015688479785019794,-3.5447636282437998,2.0,12
2025-08-14,ZM,-0.004118917426515047,-1.7476306255010345,2.0,12
2025-08-15,ZM,-0.014709440991046817,-3.8481440033762486,2.0,12
2025-08-18,ZM,-0.028013038196731385,-4.289701260248419,2.0,12
2025-08-19,ZM,-0.007033142972031028,-2.3392215715383085,2.0,12
2025-08-20,ZM,-0.009924927557364212,-2.249406669347351,2.0,12
2025-08-21,ZM,-0.018619316044882664,-3.142939038589671,2.0,12
2025-08-22,ZM,-0.0013631616124171906,1.6014831285011293,2.0,12
2025-08-25,ZM,0.010789224170134185,3.662726761990865,2.0,12
2025-08-26,ZM,0.01229964034638936,3.079528869869721,2.0,12
2025-08-27,ZM,-0.012227370403297435,-0.27602179333357607,2.0,12
2025-08-28,ZM,-0.003260872073868249,0.11558425355111446,2.0,12
2025-08-29,ZM,-0.003791734371370528,0.07378499338806033,2.0,12
2025-09-02,ZM,-0.017876314331150018,-1.9248859989245823,2.0,12
2025-09-03,ZM,-0.00464643862330544,1.0349258416514004,2.0,12
2025-09-04,ZM,0.0008953151870543996,2.246229343346532,2.0,12
2025-09-05,ZM,0.0039499134458972395,1.885498700691726,2.0,12
2025-09-08,ZM,-0.00975553998500127,0.9940973538819491,2.0,12
2025-09-09,ZM,-0.0041444759398957375,2.217871888606672,2.0,12
2025-09-10,ZM,0.0034190871849719634,2.6831038396499443,2.0,12
2025-09-11,ZM,-0.012320436946992698,0.9692123656037296,2.0,12
2025-09-12,ZM,-0.015127481091505933,0.51699693747707,2.0,12
2025-09-15,ZM,-0.00887135306265777,0.8650228853812209,2.0,12
2025-09-16,ZM,-0.008115449455634083,0.6278757735275344,2.0,12
2025-09-17,ZM,-0.0036314372354023564,1.0718513125550662,2.0,12
2025-09-18,ZM,-0.04262429162821419,-2.4816194660246653,2.0,12
2025-09-19,ZM,-0.04354563892951392,-2.3054670397071675,2.0,12
2025-09-22,ZM,-0.052260227159303715,-2.7690975312197885,2.0,12
2025-09-23,ZM,-0.03881050922027753,-1.7589461090369134,2.0,12
2025-09-24,ZM,-0.04473264674094342,-2.8484643797237696,2.0,12
2025-09-25,ZM,-0.050432120227191964,-2.9523932022788277,2.0,12
2025-09-26,ZM,-0.023653847138524406,-1.6350047347490064,2.0,12
2025-09-29,ZM,-0.017493306797127628,-1.8447341537207373,2.0,12
2025-09-30,ZM,-0.021153204376366964,-2.568270688199184,2.0,12
2025-10-01,ZM,-0.008642443489657195,-0.2701072333838882,2.0,12
2025-10-02,ZM,-0.004583136555925074,0.387982397241578,2.0,12
2025-10-03,ZM,0.008122490484731433,0.8932562378480092,2.0,12
2025-10-06,ZM,0.009925735163514535,0.7787048508381682,2.0,12
2025-10-07,ZM,0.013493901569869479,1.2454166675702476,2.0,12
2025-10-08,ZM,0.010260272314307069,1.1081229715585437,2.0,12
2025-10-09,ZM,0.0006730302848285037,-0.022100983998194934,2.0,12
2025-10-10,ZM,0.002013414238677898,-0.37696921489328505,2.0,12
2025-10-13,ZM,-0.0006825743753847352,-0.2913388703192525,2.0,12
2025-10-14,ZM,-0.007783454307243997,-0.8795416653368079,2.0,12
2025-10-15,ZM,0.011871617170716468,0.9483820345136635,2.0,12
2025-10-16,ZM,0.012374409065030867,1.067120869577718,2.0,12
2025-10-17,ZM,0.010536667739708891,1.8007276610659306,2.0,12
2025-10-20,ZM,0.002157917088789678,-0.36070416351805623,2.0,12
2025-10-21,ZM,-0.006998044152075858,-0.8154743004882063,2.0,12
2025-10-22,ZM,0.002234570112454597,0.7935383014819369,2.0,12
2025-10-23,ZM,-0.000756403729118207,-0.12779798610491122,2.0,12
2025-10-24,ZM,-0.003649947839882874,-0.5716398750558445,2.0,12
2025-10-27,ZM,-0.00612949013976946,-0.016385738250355608,2.0,12
2025-10-28,ZM,-0.004282466128217868,-0.1960074682270706,2.0,12
2025-10-29,ZM,0.003454841502498416,1.4560989881569568,2.0,12
2025-10-30,ZM,0.0008366820391369168,0.7556660878456385,2.0,12
2025-10-31,ZM,-0.006417891832324322,0.857274101863365,2.0,12
2025-11-03,ZM,-0.006004469794548368,0.4747745467548414,2.0,12
2025-11-04,ZM,-0.016532261217441523,-0.5687964589687119,2.0,12
2025-11-05,ZM,-0.0025211582652736706,0.9867798895599184,2.0,12
2025-11-06,ZM,0.005402388013197932,1.347333454971545,2.0,12
2025-11-07,ZM,0.0009814625382809188,0.32915211773282843,2.0,12
2025-11-10,ZM,0.0007138650586313997,0.7377366654565458,2.0,12
2025-11-11,ZM,-0.0007925003642699082,1.1085048420070156,2.0,12
2025-11-12,ZM,0.00404482454008087,1.332633948082338,2.0,12
2025-11-13,ZM,0.0005965529933828622,0.9884885929673576,2.0,12
2025-11-14,ZM,0.00265640388728601,1.5581955862378498,2.0,12
2025-11-17,ZM,0.018801227504624943,1.8493663299912695,2.0,12
2025-11-18,ZM,0.009209221540298632,0.9512255889678638,2.0,12
2025-11-19,ZM,0.010571299307155078,0.851233851045109,2.0,12
2025-11-20,ZM,0.022784339433986524,1.5594171807804624,2.0,12
2025-11-21,ZM,0.012393593737791551,1.209191043384877,2.0,12
2025-11-24,ZM,0.02043846693694977,2.0187124337034446,2.0,12
2025-11-25,ZM,-0.02370308602259323,-1.029775581395351,2.0,12
2025-11-26,ZM,-0.016810072915910468,-0.6890040929424002,2.0,12
2025-11-28,ZM,-0.020930846428169593,-1.3167814048686612,2.0,12
2025-12-01,ZM,-0.014892487935647574,-1.223035099807571,2.0,12
2025-12-02,ZM,-0.016789492956345905,-0.8158588309748543,2.0,12
2025-12-03,ZM,-0.01807883902852722,-1.9814113383503196,2.0,12
2025-12-04,ZM,-0.023145351294895845,-1.3819634657753113,2.0,12
2025-12-05,ZM,-0.0019025355658205485,1.1775609132845943,2.0,12
2025-12-08,ZM,-0.0022634113745608328,1.1880531596222268,2.0,12
2025-12-09,ZM,0.003154643701659923,1.2951049888958504,2.0,12
