time,symbol,target,primary_prob,fold
2020-01-02,AAPL,0,0.7096087355637146,1
2020-01-02,AMZN,0,0.10383578300367073,1
2020-01-02,GOOGL,0,0.13537476206484114,1
2020-01-02,INTC,0,0.3051131846010034,1
2020-01-02,MSFT,0,0.0046562311803160115,1
2020-01-02,NVDA,0,0.16768448975774092,1
2020-01-02,PFE,0,0.14134396794305587,1
2020-01-02,PYPL,0,0.009258788126482514,1
2020-01-02,SPY,0,0.0018691203302575474,1
2020-01-02,ZM,0,0.5427022257149045,1
2020-01-03,AAPL,1,0.7836600454663435,1
2020-01-03,AMZN,0,0.14966721520796464,1
2020-01-03,GOOGL,1,0.13825933819621822,1
2020-01-03,INTC,0,0.19641896872780643,1
2020-01-03,MSFT,0,0.000546368143686751,1
2020-01-03,NVDA,1,0.22018502762301065,1
2020-01-03,PFE,0,0.07732022443848532,1
2020-01-03,PYPL,0,0.49647311346192846,1
2020-01-03,SPY,0,0.001236491566230037,1
2020-01-03,ZM,1,0.41286805760044765,1
2020-01-06,AAPL,1,0.47330989280754326,1
2020-01-06,AMZN,0,0.024089131869253974,1
2020-01-06,GOOGL,0,0.03500781649913805,1
2020-01-06,INTC,0,0.10048311144613865,1
2020-01-06,MSFT,0,0.002120157936407087,1
2020-01-06,NVDA,1,0.3003220666754605,1
2020-01-06,PFE,0,0.04329065071804757,1
2020-01-06,PYPL,1,0.0919997789353125,1
2020-01-06,SPY,0,0.0006507606683801143,1
2020-01-06,ZM,1,0.19044579297991235,1
2020-01-07,AAPL,1,0.05463261053556223,1
2020-01-07,AMZN,0,0.02645810584046372,1
2020-01-07,GOOGL,0,0.08631961100333947,1
2020-01-07,INTC,0,0.1328993542062165,1
2020-01-07,MSFT,0,0.002950991336512886,1
2020-01-07,NVDA,1,0.2110370791923084,1
2020-01-07,PFE,0,0.030662306464133447,1
2020-01-07,PYPL,1,0.06838881722255491,1
2020-01-07,SPY,0,0.002102270134972996,1
2020-01-07,ZM,0,0.1602447890886844,1
2020-01-08,AAPL,0,0.08531698207572505,1
2020-01-08,AMZN,0,0.06650234102433691,1
2020-01-08,GOOGL,0,0.09518010687805756,1
2020-01-08,INTC,0,0.19131452033444363,1
2020-01-08,MSFT,0,0.0013445074748414294,1
2020-01-08,NVDA,1,0.10656560771680172,1
2020-01-08,PFE,0,0.0207594374081205,1
2020-01-08,PYPL,0,0.039619818055337784,1
2020-01-08,SPY,0,0.0010891396631541443,1
2020-01-08,ZM,1,0.6813904717681664,1
2020-01-09,AAPL,0,0.2700492069955065,1
2020-01-09,AMZN,0,0.4646117831732954,1
2020-01-09,GOOGL,0,0.3223662876243289,1
2020-01-09,INTC,0,0.2050370296703568,1
2020-01-09,MSFT,0,0.0006593043141708514,1
2020-01-09,NVDA,0,0.13745130151532783,1
2020-01-09,PFE,1,0.07054647987860517,1
2020-01-09,PYPL,0,0.10029268309138922,1
2020-01-09,SPY,0,0.0006314379963845847,1
2020-01-09,ZM,1,0.6533488621789268,1
2020-01-10,AAPL,0,0.8126200847327577,1
2020-01-10,AMZN,0,0.6245360711006758,1
2020-01-10,GOOGL,0,0.4148787195027194,1
2020-01-10,INTC,0,0.6079042405255171,1
2020-01-10,MSFT,0,0.0005518014825875458,1
2020-01-10,NVDA,0,0.2712176244948519,1
2020-01-10,PFE,0,0.2919886025557222,1
2020-01-10,PYPL,0,0.27373134667267224,1
2020-01-10,SPY,0,0.0017672120048259732,1
2020-01-10,ZM,1,0.37018253257957096,1
2020-01-13,AAPL,0,0.7156155266799388,1
2020-01-13,AMZN,0,0.48311419755233753,1
2020-01-13,GOOGL,0,0.19952824046595896,1
2020-01-13,INTC,0,0.42095541144862153,1
2020-01-13,MSFT,0,0.001320824555350209,1
2020-01-13,NVDA,0,0.15653523571397915,1
2020-01-13,PFE,0,0.2815787557787513,1
2020-01-13,PYPL,0,0.01280660721866832,1
2020-01-13,SPY,0,0.0005476066914736594,1
2020-01-13,ZM,0,0.43531367305793867,1
2020-01-14,AAPL,0,0.8485775031988262,1
2020-01-14,AMZN,0,0.6406104443771771,1
2020-01-14,GOOGL,1,0.5155109623046218,1
2020-01-14,INTC,1,0.45051952384177724,1
2020-01-14,MSFT,0,0.001977387789326384,1
2020-01-14,NVDA,0,0.3285178224784817,1
2020-01-14,PFE,0,0.12955990760134536,1
2020-01-14,PYPL,0,0.04366219430381269,1
2020-01-14,SPY,0,0.0008450392728074325,1
2020-01-14,ZM,1,0.7665793647763731,1
2020-01-15,AAPL,0,0.49378498793255715,1
2020-01-15,AMZN,0,0.7424318660759469,1
2020-01-15,GOOGL,0,0.3801924977818695,1
2020-01-15,INTC,1,0.4153355288862935,1
2020-01-15,MSFT,0,0.0009705898276962821,1
2020-01-15,NVDA,0,0.29119179097492753,1
2020-01-15,PFE,0,0.19789642741793112,1
2020-01-15,PYPL,0,0.2655020711403321,1
2020-01-15,SPY,0,0.0023398160214056726,1
2020-01-15,ZM,0,0.03527010387462256,1
2020-01-16,AAPL,0,0.19261146114728045,1
2020-01-16,AMZN,0,0.3975698270514258,1
2020-01-16,GOOGL,0,0.6233819402438775,1
2020-01-16,INTC,1,0.029560226554350717,1
2020-01-16,MSFT,0,0.0007403811591632176,1
2020-01-16,NVDA,0,0.2009395811405578,1
2020-01-16,PFE,0,0.026171760331164116,1
2020-01-16,PYPL,0,0.06329890357631662,1
2020-01-16,SPY,0,0.0007966684944980421,1
2020-01-16,ZM,0,0.6602306161527156,1
2020-01-17,AAPL,0,0.6499767306469906,1
2020-01-17,AMZN,0,0.6908051156588335,1
2020-01-17,GOOGL,0,0.6604852595396931,1
2020-01-17,INTC,1,0.12250465780809328,1
2020-01-17,MSFT,0,0.0006856405339233038,1
2020-01-17,NVDA,0,0.08011826032300379,1
2020-01-17,PFE,0,0.11506254942299494,1
2020-01-17,PYPL,0,0.032405910252043216,1
2020-01-17,SPY,0,0.001949709627111151,1
2020-01-17,ZM,0,0.729173136224668,1
2020-01-21,AAPL,0,0.6441312412928488,1
2020-01-21,AMZN,0,0.6865779401883494,1
2020-01-21,GOOGL,0,0.8072818303927152,1
2020-01-21,INTC,1,0.19131341097360444,1
2020-01-21,MSFT,0,0.0007440146301803003,1
2020-01-21,NVDA,1,0.06792339362148922,1
2020-01-21,PFE,0,0.40355384592102395,1
2020-01-21,PYPL,0,0.40762526457177156,1
2020-01-21,SPY,0,0.0011968041385070484,1
2020-01-21,ZM,0,0.4696492484904567,1
2020-01-22,AAPL,0,0.523830236771931,1
2020-01-22,AMZN,0,0.5580347079219781,1
2020-01-22,GOOGL,0,0.8577553645880495,1
2020-01-22,INTC,1,0.6255286441865285,1
2020-01-22,MSFT,0,0.000341894434602559,1
2020-01-22,NVDA,0,0.15451165165383632,1
2020-01-22,PFE,0,0.13820274370709412,1
2020-01-22,PYPL,0,0.06520948058034977,1
2020-01-22,SPY,0,0.0008321753011316814,1
2020-01-22,ZM,0,0.7281531707239008,1
2020-01-23,AAPL,0,0.5513211184302134,1
2020-01-23,AMZN,0,0.22853006084099478,1
2020-01-23,GOOGL,0,0.9239612115600981,1
2020-01-23,INTC,1,0.4522712898484744,1
2020-01-23,MSFT,0,0.0007905703572648021,1
2020-01-23,NVDA,0,0.1539475107576718,1
2020-01-23,PFE,0,0.5059263160666243,1
2020-01-23,PYPL,0,0.014885830606727999,1
2020-01-23,SPY,0,0.0020960774056970615,1
2020-01-23,ZM,0,0.7181607052183735,1
2020-01-24,AAPL,0,0.7373027415870406,1
2020-01-24,AMZN,0,0.4061171738107953,1
2020-01-24,GOOGL,0,0.8323616372941157,1
2020-01-24,INTC,0,0.03881363166623732,1
2020-01-24,MSFT,0,0.00041142679624413427,1
2020-01-24,NVDA,0,0.06503113026194546,1
2020-01-24,PFE,0,0.015289897582322355,1
2020-01-24,PYPL,0,0.004547673838541847,1
2020-01-24,SPY,0,0.00036754757063149065,1
2020-01-24,ZM,0,0.35885275957753626,1
2020-01-27,AAPL,0,0.2493797526874864,1
2020-01-27,AMZN,1,0.03783916369269444,1
2020-01-27,GOOGL,0,0.35953722703267066,1
2020-01-27,INTC,0,0.08743513703960905,1
2020-01-27,MSFT,1,0.017650812329376507,1
2020-01-27,NVDA,0,0.08509350528919034,1
2020-01-27,PFE,0,0.009861427705265208,1
2020-01-27,PYPL,0,0.011977024821195578,1
2020-01-27,SPY,0,0.006513638395860621,1
2020-01-27,ZM,1,0.7826079720863396,1
2020-01-28,AAPL,0,0.18801856657334887,1
2020-01-28,AMZN,1,0.010170665463064471,1
2020-01-28,GOOGL,0,0.2107878829286139,1
2020-01-28,INTC,0,0.017704404440414715,1
2020-01-28,MSFT,1,0.0005286182215822288,1
2020-01-28,NVDA,0,0.024863808726891753,1
2020-01-28,PFE,0,0.1307377695933226,1
2020-01-28,PYPL,0,7.796945811540581e-05,1
2020-01-28,SPY,0,0.0001928726085825163,1
2020-01-28,ZM,1,0.20255801589344155,1
2020-01-29,AAPL,0,0.004536246879554091,1
2020-01-29,AMZN,1,0.008627026151943357,1
2020-01-29,GOOGL,0,0.20147731639684324,1
2020-01-29,INTC,0,0.02626127389134748,1
2020-01-29,MSFT,1,7.446737954386303e-05,1
2020-01-29,NVDA,0,0.071966671164082,1
2020-01-29,PFE,0,0.02337404217786857,1
2020-01-29,PYPL,0,0.0003947836878103463,1
2020-01-29,SPY,0,0.0014950798015995262,1
2020-01-29,ZM,1,0.2518729986707929,1
2020-01-30,AAPL,0,0.13305604730493378,1
2020-01-30,AMZN,1,0.013410071065217027,1
2020-01-30,GOOGL,0,0.3476237414325039,1
2020-01-30,INTC,0,0.1556333377987991,1
2020-01-30,MSFT,0,8.032786296722573e-05,1
2020-01-30,NVDA,0,0.08043295770559229,1
2020-01-30,PFE,0,0.010855194802265664,1
2020-01-30,PYPL,0,0.0012592963364464718,1
2020-01-30,SPY,0,0.0005196064977411117,1
2020-01-30,ZM,1,0.3350074322755101,1
2020-01-31,AAPL,0,0.2715936254957723,1
2020-01-31,AMZN,0,0.009288454507375575,1
2020-01-31,GOOGL,0,0.5088643879985512,1
2020-01-31,INTC,0,0.021691313368650593,1
2020-01-31,MSFT,1,0.0010649270483810978,1
2020-01-31,NVDA,0,0.09019631505116235,1
2020-01-31,PFE,0,0.012964275160268353,1
2020-01-31,PYPL,0,0.032774571977343445,1
2020-01-31,SPY,0,0.006344800551260919,1
2020-01-31,ZM,1,0.41729855408929895,1
2020-02-03,AAPL,0,0.11092847697392556,1
2020-02-03,AMZN,0,0.001080585762364895,1
2020-02-03,GOOGL,0,0.6913869551775336,1
2020-02-03,INTC,0,0.036636259286382686,1
2020-02-03,MSFT,0,2.7053622704605016e-05,1
2020-02-03,NVDA,1,0.05977956519216713,1
2020-02-03,PFE,0,0.007592184794237481,1
2020-02-03,PYPL,0,0.0013191088439961655,1
2020-02-03,SPY,0,0.0005846655085627519,1
2020-02-03,ZM,0,0.06568931200032975,1
2020-02-04,AAPL,0,0.03459740210930464,1
2020-02-04,AMZN,0,4.703014425170894e-05,1
2020-02-04,GOOGL,0,0.05456506465946532,1
2020-02-04,INTC,0,0.009162746747195112,1
2020-02-04,MSFT,0,1.152226690090457e-05,1
2020-02-04,NVDA,0,0.0016820500974605794,1
2020-02-04,PFE,0,0.0018992852365522263,1
2020-02-04,PYPL,0,0.0001721914563814833,1
2020-02-04,SPY,0,3.50220295195433e-05,1
2020-02-04,ZM,0,0.013721744907589489,1
2020-02-05,AAPL,0,0.0913587631731538,1
2020-02-05,AMZN,0,5.467072188719161e-05,1
2020-02-05,GOOGL,0,0.09645552996421332,1
2020-02-05,INTC,0,0.002765234981328995,1
2020-02-05,MSFT,0,1.3324218112686681e-05,1
2020-02-05,NVDA,0,0.002666420664841846,1
2020-02-05,PFE,0,0.0005088113362444403,1
2020-02-05,PYPL,0,0.0005607251194606062,1
2020-02-05,SPY,0,8.432100437011417e-05,1
2020-02-05,ZM,0,0.0827714170501369,1
2020-02-06,AAPL,0,0.025727377897671436,1
2020-02-06,AMZN,0,8.464507012014347e-05,1
2020-02-06,GOOGL,0,0.18988488758442193,1
2020-02-06,INTC,0,0.005543329263187168,1
2020-02-06,MSFT,0,1.172865460040481e-05,1
2020-02-06,NVDA,0,0.0030305473051345957,1
2020-02-06,PFE,0,0.001817168533851876,1
2020-02-06,PYPL,0,0.00101958522497889,1
2020-02-06,SPY,0,0.00010551221016095945,1
2020-02-06,ZM,0,0.10444721071783283,1
2020-02-07,AAPL,0,0.007902936427916042,1
2020-02-07,AMZN,0,3.872809688840587e-05,1
2020-02-07,GOOGL,0,0.1941520381633589,1
2020-02-07,INTC,0,0.01615681746633403,1
2020-02-07,MSFT,0,2.867777826565322e-05,1
2020-02-07,NVDA,1,0.016263735880292163,1
2020-02-07,PFE,0,0.0027260598213567438,1
2020-02-07,PYPL,0,0.002952170773680981,1
2020-02-07,SPY,0,0.0001655937075581926,1
2020-02-07,ZM,0,0.005078978547760658,1
2020-02-10,AAPL,0,0.03065343940660045,1
2020-02-10,AMZN,0,0.00013411794702476148,1
2020-02-10,GOOGL,0,0.4171700443930733,1
2020-02-10,INTC,0,0.014849372120148726,1
2020-02-10,MSFT,0,3.001554542400991e-05,1
2020-02-10,NVDA,1,0.009106426556019658,1
2020-02-10,PFE,0,0.0036496214262864983,1
2020-02-10,PYPL,0,0.0007271588319762035,1
2020-02-10,SPY,0,0.0001998567768284632,1
2020-02-10,ZM,1,0.005016754060418682,1
2020-02-11,AAPL,0,0.013044149126838996,1
2020-02-11,AMZN,0,0.0008863979554912845,1
2020-02-11,GOOGL,0,0.3630156417372205,1
2020-02-11,INTC,0,0.008153757907052707,1
2020-02-11,MSFT,0,0.00030867801877238664,1
2020-02-11,NVDA,1,0.020064347436845126,1
2020-02-11,PFE,0,0.046489238378287556,1
2020-02-11,PYPL,0,0.010030948216455008,1
2020-02-11,SPY,0,0.00033646318278900063,1
2020-02-11,ZM,1,0.011772319163091285,1
2020-02-12,AAPL,0,0.017805699524128294,1
2020-02-12,AMZN,0,0.0002643644164754735,1
2020-02-12,GOOGL,0,0.15400811289163527,1
2020-02-12,INTC,0,0.003731986197492318,1
2020-02-12,MSFT,0,5.3155870276950204e-05,1
2020-02-12,NVDA,1,0.016401131870265283,1
2020-02-12,PFE,0,0.04773368125008958,1
2020-02-12,PYPL,0,0.011772275317739913,1
2020-02-12,SPY,0,0.0006044683741450852,1
2020-02-12,ZM,1,0.005872290239431073,1
2020-02-13,AAPL,0,0.06601111320618527,1
2020-02-13,AMZN,0,0.0001696154348001858,1
2020-02-13,GOOGL,0,0.5590669958729246,1
2020-02-13,INTC,0,0.026022524465074397,1
2020-02-13,MSFT,0,0.00017677308377211224,1
2020-02-13,NVDA,1,0.0497127407663364,1
2020-02-13,PFE,0,0.061048120664496955,1
2020-02-13,PYPL,0,0.004693731435161848,1
2020-02-13,SPY,0,0.0010298582101295906,1
2020-02-13,ZM,1,0.0005956699402906697,1
2020-02-14,AAPL,0,0.03548686801375986,1
2020-02-14,AMZN,0,0.00023377375847799097,1
2020-02-14,GOOGL,0,0.10336569326294828,1
2020-02-14,INTC,0,0.10902026480364027,1
2020-02-14,MSFT,0,0.00012959055564796548,1
2020-02-14,NVDA,1,0.006522522250967103,1
2020-02-14,PFE,0,0.030668714330022575,1
2020-02-14,PYPL,0,6.606337718897367e-05,1
2020-02-14,SPY,0,0.00015220238337474625,1
2020-02-14,ZM,1,0.00011673885858653036,1
2020-02-18,AAPL,0,0.05390482079882073,1
2020-02-18,AMZN,0,0.0001103637064043752,1
2020-02-18,GOOGL,0,0.2140187211702318,1
2020-02-18,INTC,0,0.1103216976703291,1
2020-02-18,MSFT,0,8.331945062471298e-05,1
2020-02-18,NVDA,0,0.003550293064841259,1
2020-02-18,PFE,0,0.015807790212316538,1
2020-02-18,PYPL,0,0.00280998738944105,1
2020-02-18,SPY,0,0.0004219517626768673,1
2020-02-18,ZM,1,0.00032755270970548367,1
2020-02-19,AAPL,0,0.0049266033588308,1
2020-02-19,AMZN,0,3.9467389410483724e-05,1
2020-02-19,GOOGL,0,0.26933853705036626,1
2020-02-19,INTC,0,0.04722520043100163,1
2020-02-19,MSFT,0,0.00021514532900119304,1
2020-02-19,NVDA,0,0.0018249238385213032,1
2020-02-19,PFE,0,0.035233367409061314,1
2020-02-19,PYPL,0,0.00013104308355904723,1
2020-02-19,SPY,0,7.487996352022485e-05,1
2020-02-19,ZM,0,0.000308710752444484,1
2020-02-20,AAPL,0,0.049833555449630584,1
2020-02-20,AMZN,0,0.00019100517990565147,1
2020-02-20,GOOGL,0,0.1061031832943353,1
2020-02-20,INTC,0,0.00650139405671751,1
2020-02-20,MSFT,0,0.00040761131467522956,1
2020-02-20,NVDA,0,0.004255179167703521,1
2020-02-20,PFE,0,0.0609285936369464,1
2020-02-20,PYPL,0,0.0008827566697258342,1
2020-02-20,SPY,0,7.093925236944009e-05,1
2020-02-20,ZM,0,0.0003011809782736331,1
2020-02-21,AAPL,0,0.028442377609889404,1
2020-02-21,AMZN,0,0.0013607976793686377,1
2020-02-21,GOOGL,0,0.09441545184392838,1
2020-02-21,INTC,0,0.0029276692388469547,1
2020-02-21,MSFT,0,0.005235995793241756,1
2020-02-21,NVDA,0,0.0445145637860967,1
2020-02-21,PFE,0,0.004854315261912564,1
2020-02-21,PYPL,0,0.0009522838639657742,1
2020-02-21,SPY,0,6.051861879730909e-05,1
2020-02-21,ZM,0,0.01213986690894803,1
2020-02-24,AAPL,0,0.022625996710210195,1
2020-02-24,AMZN,0,0.008069918192166538,1
2020-02-24,GOOGL,0,0.2291970176898339,1
2020-02-24,INTC,0,0.002010822237433003,1
2020-02-24,MSFT,0,0.007032633661830462,1
2020-02-24,NVDA,0,0.03721189586958759,1
2020-02-24,PFE,0,0.14213111309967827,1
2020-02-24,PYPL,0,0.0031396574750375056,1
2020-02-24,SPY,0,0.006400322728436443,1
2020-02-24,ZM,1,0.00028186805590713814,1
2020-02-25,AAPL,0,0.07813871951310288,1
2020-02-25,AMZN,0,0.0005781139214867636,1
2020-02-25,GOOGL,0,0.23961607944309085,1
2020-02-25,INTC,0,0.007646365613740149,1
2020-02-25,MSFT,0,0.0009280135845358339,1
2020-02-25,NVDA,0,0.02246499288482421,1
2020-02-25,PFE,0,0.08219541935667538,1
2020-02-25,PYPL,0,0.014348995560480972,1
2020-02-25,SPY,0,0.0061118043718130744,1
2020-02-25,ZM,0,0.00012741680150349838,1
2020-02-26,AAPL,0,0.007082653437394298,1
2020-02-26,AMZN,0,0.0003507716298436153,1
2020-02-26,GOOGL,0,0.07314754750182838,1
2020-02-26,INTC,0,0.004686014548728249,1
2020-02-26,MSFT,0,3.8307233976488945e-05,1
2020-02-26,NVDA,0,0.002415982892668803,1
2020-02-26,PFE,0,0.006540427136770828,1
2020-02-26,PYPL,0,0.00018259851040883506,1
2020-02-26,SPY,0,7.772114442265362e-05,1
2020-02-26,ZM,1,0.002368590870670289,1
2020-02-27,AAPL,0,0.23242467164896508,1
2020-02-27,AMZN,0,0.006217191992515852,1
2020-02-27,GOOGL,0,0.45537704819688424,1
2020-02-27,INTC,0,0.010731260810293176,1
2020-02-27,MSFT,0,0.0019280680420660677,1
2020-02-27,NVDA,1,0.013247842123250794,1
2020-02-27,PFE,0,0.11090355587559908,1
2020-02-27,PYPL,0,0.0009394911763452446,1
2020-02-27,SPY,0,0.0028383786381255514,1
2020-02-27,ZM,0,0.006666916240581942,1
2020-02-28,AAPL,0,0.18771304032698244,1
2020-02-28,AMZN,0,0.001415153966234807,1
2020-02-28,GOOGL,0,0.13400572072541833,1
2020-02-28,INTC,0,0.01266247694525172,1
2020-02-28,MSFT,0,0.00016524063313349803,1
2020-02-28,NVDA,0,0.010155683579793953,1
2020-02-28,PFE,0,0.09161204463292279,1
2020-02-28,PYPL,0,0.0012536894161420623,1
2020-02-28,SPY,0,0.00023957161809789814,1
2020-02-28,ZM,1,0.0013209831629006025,1
2020-03-02,AAPL,0,0.0655401369650833,1
2020-03-02,AMZN,0,0.0006958651035063031,1
2020-03-02,GOOGL,0,0.13822566708046022,1
2020-03-02,INTC,0,0.0022278898293857964,1
2020-03-02,MSFT,0,0.000596279621903821,1
2020-03-02,NVDA,0,0.0006067689889161435,1
2020-03-02,PFE,0,0.001073257191995323,1
2020-03-02,PYPL,0,0.0002503253005610798,1
2020-03-02,SPY,0,0.00011749359744519586,1
2020-03-02,ZM,0,0.000512677924700207,1
2020-03-03,AAPL,0,0.1418792853589074,1
2020-03-03,AMZN,0,0.007549394646244098,1
2020-03-03,GOOGL,0,0.3988997443277183,1
2020-03-03,INTC,0,0.025258707173354617,1
2020-03-03,MSFT,0,0.0020987957979323214,1
2020-03-03,NVDA,0,0.004603586811927993,1
2020-03-03,PFE,0,0.0069519551233047155,1
2020-03-03,PYPL,0,0.011724347460224143,1
2020-03-03,SPY,0,0.0040208021691882055,1
2020-03-03,ZM,0,7.50082255408855e-05,1
2020-03-04,AAPL,0,0.04575529030657761,1
2020-03-04,AMZN,0,0.00039997490744475046,1
2020-03-04,GOOGL,0,0.034078397927768574,1
2020-03-04,INTC,0,0.0021816432262891784,1
2020-03-04,MSFT,0,0.00011138115327413446,1
2020-03-04,NVDA,0,0.002664283296627457,1
2020-03-04,PFE,0,0.0024780824366517754,1
2020-03-04,PYPL,0,0.00023875284348395416,1
2020-03-04,SPY,0,9.914013966507255e-05,1
2020-03-04,ZM,0,8.08350289935514e-05,1
2020-03-05,AAPL,0,0.08075327163926281,1
2020-03-05,AMZN,0,0.006914451896532629,1
2020-03-05,GOOGL,0,0.42136700028467194,1
2020-03-05,INTC,0,0.016420379735800444,1
2020-03-05,MSFT,0,0.0010369251264884282,1
2020-03-05,NVDA,0,0.006540755822407561,1
2020-03-05,PFE,0,0.0033364095048362,1
2020-03-05,PYPL,0,0.005478231924387944,1
2020-03-05,SPY,0,0.006271386447826172,1
2020-03-05,ZM,0,0.00029709434403774705,1
2020-03-06,AAPL,0,0.28793624734009293,1
2020-03-06,AMZN,0,0.002270568719486118,1
2020-03-06,GOOGL,0,0.49861592766873586,1
2020-03-06,INTC,0,0.009717257307738588,1
2020-03-06,MSFT,0,0.001693454731171561,1
2020-03-06,NVDA,0,0.0116464091182582,1
2020-03-06,PFE,0,0.0028737999141888117,1
2020-03-06,PYPL,0,0.0011241960756988908,1
2020-03-06,SPY,0,0.0017760840589455987,1
2020-03-06,ZM,0,0.0023505522493073804,1
2020-03-09,AAPL,0,0.28528167033222424,1
2020-03-09,AMZN,0,0.006717985705882706,1
2020-03-09,GOOGL,0,0.7158370294312134,1
2020-03-09,INTC,0,0.02358423673193749,1
2020-03-09,MSFT,0,0.003025305116033953,1
2020-03-09,NVDA,0,0.02476358481539256,1
2020-03-09,PFE,0,0.0031627746591515946,1
2020-03-09,PYPL,0,0.012076267081959403,1
2020-03-09,SPY,0,0.00312551837176273,1
2020-03-09,ZM,0,0.00023384003065584266,1
2020-03-10,AAPL,0,0.21949354849129885,1
2020-03-10,AMZN,0,0.0003675893178994066,1
2020-03-10,GOOGL,0,0.29374863518419597,1
2020-03-10,INTC,0,0.0036295655069574447,1
2020-03-10,MSFT,0,0.0005203900687558797,1
2020-03-10,NVDA,0,0.006811700884558809,1
2020-03-10,PFE,0,0.0004711418482336451,1
2020-03-10,PYPL,0,0.0010168747851659206,1
2020-03-10,SPY,0,0.00014594959374530106,1
2020-03-10,ZM,0,0.004441890888868441,1
2020-03-11,AAPL,0,0.41524271620951236,1
2020-03-11,AMZN,0,0.01127148747083118,1
2020-03-11,GOOGL,0,0.3220508235011329,1
2020-03-11,INTC,0,0.008260780739016073,1
2020-03-11,MSFT,0,0.001979161286347184,1
2020-03-11,NVDA,0,0.020981716444557565,1
2020-03-11,PFE,0,0.015510542309772597,1
2020-03-11,PYPL,0,0.009155174745600356,1
2020-03-11,SPY,0,0.00287804988520352,1
2020-03-11,ZM,0,0.0001503346293513371,1
2020-03-12,AAPL,0,0.4447108291871324,1
2020-03-12,AMZN,0,0.013090969829486357,1
2020-03-12,GOOGL,0,0.5701466403670956,1
2020-03-12,INTC,1,0.014525984905671486,1
2020-03-12,MSFT,0,0.003281096492676227,1
2020-03-12,NVDA,0,0.035402139480964996,1
2020-03-12,PFE,0,0.00948775377530897,1
2020-03-12,PYPL,0,0.014255712549538987,1
2020-03-12,SPY,0,0.0028087972095493497,1
2020-03-12,ZM,0,0.00046852188440113654,1
2020-03-13,AAPL,0,0.3843996596220577,1
2020-03-13,AMZN,0,0.0029745426050683216,1
2020-03-13,GOOGL,0,0.22777452656291658,1
2020-03-13,INTC,0,0.0012861666999418391,1
2020-03-13,MSFT,0,0.00025553914000742996,1
2020-03-13,NVDA,0,0.005631169722759357,1
2020-03-13,PFE,0,0.0016268499493390363,1
2020-03-13,PYPL,0,0.000404596985046738,1
2020-03-13,SPY,0,0.00022557339506907708,1
2020-03-13,ZM,0,0.0005491584855653551,1
2020-03-16,AAPL,0,0.15123676962737986,1
2020-03-16,AMZN,0,0.006519218641753406,1
2020-03-16,GOOGL,0,0.20281515451746673,1
2020-03-16,INTC,0,0.004309130271374005,1
2020-03-16,MSFT,0,0.004430365736482714,1
2020-03-16,NVDA,0,0.2312105739783123,1
2020-03-16,PFE,0,0.0032411605504765613,1
2020-03-16,PYPL,0,0.005999614852969353,1
2020-03-16,SPY,0,0.003281096492676227,1
2020-03-16,ZM,1,0.00036565950571165837,1
2020-03-17,AAPL,0,0.0677393507336311,1
2020-03-17,AMZN,0,0.0036456070796513826,1
2020-03-17,GOOGL,0,0.03323002806848331,1
2020-03-17,INTC,0,0.005850724984835853,1
2020-03-17,MSFT,0,0.0001769155368823003,1
2020-03-17,NVDA,0,0.021283877663363364,1
2020-03-17,PFE,0,0.0016270470267778106,1
2020-03-17,PYPL,0,0.00017305063316623573,1
2020-03-17,SPY,0,0.00031304791413856573,1
2020-03-17,ZM,1,0.00010607688623482948,1
2020-03-18,AAPL,0,0.07311626075959905,1
2020-03-18,AMZN,0,0.0010429400213705208,1
2020-03-18,GOOGL,0,0.054167490350920215,1
2020-03-18,INTC,0,0.010086580872980548,1
2020-03-18,MSFT,0,0.00855800209346628,1
2020-03-18,NVDA,0,0.10770879410876832,1
2020-03-18,PFE,0,0.0004538769308878067,1
2020-03-18,PYPL,0,0.0032594878032737593,1
2020-03-18,SPY,0,0.005399956524385605,1
2020-03-18,ZM,1,0.0004008079332629141,1
2020-03-19,AAPL,0,0.11399991412821792,1
2020-03-19,AMZN,0,0.0024437376925742337,1
2020-03-19,GOOGL,0,0.027646465754036023,1
2020-03-19,INTC,0,0.002653420062321079,1
2020-03-19,MSFT,0,9.703102682553536e-05,1
2020-03-19,NVDA,0,0.02613428892619393,1
2020-03-19,PFE,0,0.01853528391314852,1
2020-03-19,PYPL,0,0.00025046093763656814,1
2020-03-19,SPY,0,0.0007498309227504335,1
2020-03-19,ZM,1,7.472574903233147e-05,1
2020-03-20,AAPL,0,0.09443051372627213,1
2020-03-20,AMZN,0,0.005722789422665682,1
2020-03-20,GOOGL,0,0.07792249453945191,1
2020-03-20,INTC,0,0.004177827122862846,1
2020-03-20,MSFT,0,0.008160390136815346,1
2020-03-20,NVDA,1,0.1285536068837304,1
2020-03-20,PFE,0,0.00914641260649614,1
2020-03-20,PYPL,0,0.008215059985673118,1
2020-03-20,SPY,0,0.003391723028332238,1
2020-03-20,ZM,0,0.00010283983617995097,1
2020-03-23,AAPL,0,0.05689620732738707,1
2020-03-23,AMZN,0,0.0027813493223473908,1
2020-03-23,GOOGL,0,0.06599561400528718,1
2020-03-23,INTC,0,0.009669507734203475,1
2020-03-23,MSFT,0,0.0003879699604533983,1
2020-03-23,NVDA,0,0.004930978154249971,1
2020-03-23,PFE,0,0.0029987925724464185,1
2020-03-23,PYPL,0,0.009854592151547574,1
2020-03-23,SPY,0,0.002349957057479284,1
2020-03-23,ZM,0,5.6777643332508334e-05,1
2020-03-24,AAPL,0,0.10241181876994368,1
2020-03-24,AMZN,0,0.006550281517793726,1
2020-03-24,GOOGL,0,0.05091837666346522,1
2020-03-24,INTC,0,0.009396589579052244,1
2020-03-24,MSFT,0,0.00018797341576188553,1
2020-03-24,NVDA,0,0.07565006410500891,1
2020-03-24,PFE,0,0.0005828744044955124,1
2020-03-24,PYPL,0,0.0018008853348963718,1
2020-03-24,SPY,0,0.00020140319813752476,1
2020-03-24,ZM,0,0.0014128368353313733,1
2020-03-25,AAPL,0,0.014551520708627573,1
2020-03-25,AMZN,0,0.013693238331827782,1
2020-03-25,GOOGL,0,0.031660184005920716,1
2020-03-25,INTC,0,0.003007822502199892,1
2020-03-25,MSFT,0,0.0009121074660434498,1
2020-03-25,NVDA,0,0.04309008026917666,1
2020-03-25,PFE,0,0.0017100202900621763,1
2020-03-25,PYPL,0,0.004383130989585057,1
2020-03-25,SPY,0,0.00020459403900458903,1
2020-03-25,ZM,0,6.076945621125297e-05,1
2020-03-26,AAPL,0,0.03326852493153517,1
2020-03-26,AMZN,0,0.00773284898094265,1
2020-03-26,GOOGL,0,0.025962142957920847,1
2020-03-26,INTC,0,0.0030755406382128887,1
2020-03-26,MSFT,0,0.00014123373201801746,1
2020-03-26,NVDA,0,0.010724046314745252,1
2020-03-26,PFE,0,0.002410599200406628,1
2020-03-26,PYPL,0,0.0015013387164555373,1
2020-03-26,SPY,0,0.0001769155368823003,1
2020-03-26,ZM,0,3.163557906845839e-05,1
2020-03-27,AAPL,0,0.03694602334696845,1
2020-03-27,AMZN,0,0.015448425640673301,1
2020-03-27,GOOGL,0,0.03756350652103583,1
2020-03-27,INTC,0,0.006909053463844712,1
2020-03-27,MSFT,0,0.005797390810938084,1
2020-03-27,NVDA,0,0.01510006001876295,1
2020-03-27,PFE,0,0.0027035025969270143,1
2020-03-27,PYPL,0,0.013388144239642706,1
2020-03-27,SPY,0,0.0040122948310527306,1
2020-03-27,ZM,0,6.645137179882239e-05,1
2020-03-30,AAPL,0,0.009119213106973934,1
2020-03-30,AMZN,0,0.004848600744274304,1
2020-03-30,GOOGL,0,0.0012345767059660322,1
2020-03-30,INTC,0,0.003879522745475911,1
2020-03-30,MSFT,0,0.00010558456646402416,1
2020-03-30,NVDA,0,0.009212951338318065,1
2020-03-30,PFE,0,0.002705455605861699,1
2020-03-30,PYPL,0,0.001363904376992322,1
2020-03-30,SPY,0,7.960545987083558e-05,1
2020-03-30,ZM,0,2.307475569531725e-05,1
2020-03-31,AAPL,0,0.03962563260390191,1
2020-03-31,AMZN,0,0.011470968401620816,1
2020-03-31,GOOGL,0,0.00027554071997710106,1
2020-03-31,INTC,0,0.0006784614080396383,1
2020-03-31,MSFT,0,0.0011387591003270098,1
2020-03-31,NVDA,0,0.02000746497074453,1
2020-03-31,PFE,0,0.0006399883967131599,1
2020-03-31,PYPL,0,0.0046196359593177775,1
2020-03-31,SPY,0,0.0022199117918687864,1
2020-03-31,ZM,0,0.00031308900212391466,1
2020-04-01,AAPL,0,0.027189910513715547,1
2020-04-01,AMZN,0,0.0020567902920718435,1
2020-04-01,GOOGL,0,0.0034794917453070725,1
2020-04-01,INTC,0,0.005999485796369216,1
2020-04-01,MSFT,0,0.006090538603570489,1
2020-04-01,NVDA,0,0.23554418236701924,1
2020-04-01,PFE,0,0.0018649255407268673,1
2020-04-01,PYPL,0,0.006617404817979661,1
2020-04-01,SPY,0,0.005237196518468964,1
2020-04-01,ZM,0,0.0016256304752955914,1
2020-04-02,AAPL,0,0.010049368221871045,1
2020-04-02,AMZN,0,0.003680812378465027,1
2020-04-02,GOOGL,0,0.00033959348230765124,1
2020-04-02,INTC,0,0.0017088316452854512,1
2020-04-02,MSFT,0,6.811450273504857e-05,1
2020-04-02,NVDA,0,0.01584804690870347,1
2020-04-02,PFE,0,0.0006962384418921807,1
2020-04-02,PYPL,0,0.0005867352517987669,1
2020-04-02,SPY,0,0.00010864984393133319,1
2020-04-02,ZM,0,0.006840100926629894,1
2020-04-03,AAPL,0,0.002940566430574667,1
2020-04-03,AMZN,0,0.0032794829895245363,1
2020-04-03,GOOGL,0,0.0005567370048779005,1
2020-04-03,INTC,0,0.0016647785926957597,1
2020-04-03,MSFT,0,0.00015843786149418292,1
2020-04-03,NVDA,0,0.09324087839078073,1
2020-04-03,PFE,0,0.0002881190106398824,1
2020-04-03,PYPL,0,0.004351069283992468,1
2020-04-03,SPY,0,0.00026804119017013875,1
2020-04-03,ZM,0,5.465152852330783e-05,1
2020-04-06,AAPL,0,0.004311389438035674,1
2020-04-06,AMZN,0,0.0033407368761079145,1
2020-04-06,GOOGL,0,0.007579618807591753,1
2020-04-06,INTC,0,0.003881435367904003,1
2020-04-06,MSFT,0,0.00018110458059945262,1
2020-04-06,NVDA,0,0.024019891568077864,1
2020-04-06,PFE,0,0.00024637819637567603,1
2020-04-06,PYPL,0,0.0017306245328317185,1
2020-04-06,SPY,0,0.00015529598659277689,1
2020-04-06,ZM,0,0.00645334961698712,1
2020-04-07,AAPL,0,0.003972266057400135,1
2020-04-07,AMZN,0,0.001902994186150695,1
2020-04-07,GOOGL,0,0.0021127621785449113,1
2020-04-07,INTC,0,0.0008588453554701304,1
2020-04-07,MSFT,0,7.020277412952999e-05,1
2020-04-07,NVDA,0,0.05170028783829124,1
2020-04-07,PFE,0,0.0022053583698361584,1
2020-04-07,PYPL,0,0.0021860566301446084,1
2020-04-07,SPY,0,0.00017101609295001833,1
2020-04-07,ZM,1,0.005535972482906697,1
2020-04-08,AAPL,0,0.0009500839142940223,1
2020-04-08,AMZN,1,0.00032799170507774865,1
2020-04-08,GOOGL,0,0.0004136802631760217,1
2020-04-08,INTC,0,0.0006036393494128181,1
2020-04-08,MSFT,0,6.72409929422422e-05,1
2020-04-08,NVDA,0,0.00439497510186364,1
2020-04-08,PFE,0,0.0003781870085945229,1
2020-04-08,PYPL,0,0.0007641724564462878,1
2020-04-08,SPY,0,3.370417164375418e-05,1
2020-04-08,ZM,1,8.506140604525733e-05,1
2020-04-09,AAPL,0,0.002276091352721263,1
2020-04-09,AMZN,1,0.000343288055930241,1
2020-04-09,GOOGL,0,0.0037890627756747247,1
2020-04-09,INTC,0,0.0018431334468638817,1
2020-04-09,MSFT,0,5.400947013185542e-05,1
2020-04-09,NVDA,0,0.011235562922455972,1
2020-04-09,PFE,0,3.62506091540262e-05,1
2020-04-09,PYPL,0,0.0007120918843421385,1
2020-04-09,SPY,0,1.418821483245972e-05,1
2020-04-09,ZM,1,0.00012793783470504218,1
2020-04-13,AAPL,0,0.0007598328377696966,1
2020-04-13,AMZN,0,0.00044302798875240355,1
2020-04-13,GOOGL,0,0.0056939069954382885,1
2020-04-13,INTC,0,0.0006067729347004729,1
2020-04-13,MSFT,0,7.300256093039106e-05,1
2020-04-13,NVDA,0,0.0018047864926037096,1
2020-04-13,PFE,0,0.000632390065515256,1
2020-04-13,PYPL,0,0.0005380119728533974,1
2020-04-13,SPY,0,0.00012368009894932652,1
2020-04-13,ZM,0,0.00011792083166330415,1
2020-04-14,AAPL,0,0.003866886796852834,1
2020-04-14,AMZN,0,0.00010910983469025672,1
2020-04-14,GOOGL,0,0.0022496355392123044,1
2020-04-14,INTC,0,0.0005268849232469649,1
2020-04-14,MSFT,0,2.9820009712701298e-05,1
2020-04-14,NVDA,0,0.010941191096784304,1
2020-04-14,PFE,0,0.00040693727073403633,1
2020-04-14,PYPL,0,0.0005323813264849946,1
2020-04-14,SPY,0,9.69770119598945e-06,1
2020-04-14,ZM,0,4.650219535156503e-05,1
2020-04-15,AAPL,0,0.010190425228042753,1
2020-04-15,AMZN,0,0.0001708037433329945,1
2020-04-15,GOOGL,0,0.0012059956053302138,1
2020-04-15,INTC,0,0.0018501870198723072,1
2020-04-15,MSFT,0,6.700157269996527e-05,1
2020-04-15,NVDA,0,0.03869209580373847,1
2020-04-15,PFE,0,0.0018476776243516388,1
2020-04-15,PYPL,0,0.0006852447454318305,1
2020-04-15,SPY,0,0.00017737199351703498,1
2020-04-15,ZM,0,0.00020106690066373024,1
2020-04-16,AAPL,0,0.01531890580094228,1
2020-04-16,AMZN,0,0.00040768065119247565,1
2020-04-16,GOOGL,0,0.0021456826157485644,1
2020-04-16,INTC,0,0.0005663851127709495,1
2020-04-16,MSFT,0,2.548040724554424e-05,1
2020-04-16,NVDA,0,0.012690259215458424,1
2020-04-16,PFE,0,0.00039608370311786464,1
2020-04-16,PYPL,0,0.0007191442001684875,1
2020-04-16,SPY,0,5.8297596294101086e-05,1
2020-04-16,ZM,0,0.0007067734195320639,1
2020-04-17,AAPL,0,0.030349483923726776,1
2020-04-17,AMZN,0,0.00011606941956277735,1
2020-04-17,GOOGL,0,0.001506080393997164,1
2020-04-17,INTC,0,0.0011474999554350201,1
2020-04-17,MSFT,0,1.1694639388841738e-05,1
2020-04-17,NVDA,0,0.013646765716005791,1
2020-04-17,PFE,0,7.24358038093943e-05,1
2020-04-17,PYPL,0,7.555472923011157e-05,1
2020-04-17,SPY,0,1.020363762012436e-05,1
2020-04-17,ZM,0,0.0002426660043683993,1
2020-04-20,AAPL,0,0.015984613899103224,1
2020-04-20,AMZN,0,4.054130984696825e-05,1
2020-04-20,GOOGL,0,0.0014421152505290076,1
2020-04-20,INTC,0,0.0036419006477209953,1
2020-04-20,MSFT,0,0.0003968360017465838,1
2020-04-20,NVDA,0,0.0043771441579042985,1
2020-04-20,PFE,0,0.00028258442081618854,1
2020-04-20,PYPL,0,0.00014790880144548895,1
2020-04-20,SPY,0,0.0008942245663710763,1
2020-04-20,ZM,0,0.0005833282476320023,1
2020-04-21,AAPL,0,0.026396142468891378,1
2020-04-21,AMZN,0,0.00045935716725356487,1
2020-04-21,GOOGL,0,0.0009566166663763446,1
2020-04-21,INTC,0,0.006471558094423999,1
2020-04-21,MSFT,0,0.0016372614153361408,1
2020-04-21,NVDA,0,0.006573806898395665,1
2020-04-21,PFE,0,0.0013877401994680512,1
2020-04-21,PYPL,1,0.0006511597363661065,1
2020-04-21,SPY,0,0.001785202911413894,1
2020-04-21,ZM,1,0.0074181094754770275,1
2020-04-22,AAPL,0,0.008065246848002283,1
2020-04-22,AMZN,0,0.00010199723874365716,1
2020-04-22,GOOGL,0,0.0011233711255161309,1
2020-04-22,INTC,0,0.002621435837453975,1
2020-04-22,MSFT,0,1.5333630718004256e-05,1
2020-04-22,NVDA,0,0.003065638534081995,1
2020-04-22,PFE,0,4.22459091254276e-05,1
2020-04-22,PYPL,0,0.0001721107469675224,1
2020-04-22,SPY,0,9.7295872925027e-06,1
2020-04-22,ZM,1,6.0476247746081186e-05,1
2020-04-23,AAPL,0,0.010842642888813531,1
2020-04-23,AMZN,0,3.791372838319015e-05,1
2020-04-23,GOOGL,0,0.0020307326765464074,1
2020-04-23,INTC,0,0.0013123314903414989,1
2020-04-23,MSFT,0,6.607975951176215e-05,1
2020-04-23,NVDA,0,0.0037624330720962733,1
2020-04-23,PFE,0,7.809478511377536e-05,1
2020-04-23,PYPL,0,5.817781482604878e-05,1
2020-04-23,SPY,0,6.323732157304807e-05,1
2020-04-23,ZM,0,7.426054060731019e-05,1
2020-04-24,AAPL,0,0.005804360644452948,1
2020-04-24,AMZN,0,0.00010746917814075595,1
2020-04-24,GOOGL,0,0.005498997608399379,1
2020-04-24,INTC,0,0.0015411444151731605,1
2020-04-24,MSFT,0,1.795720525787068e-05,1
2020-04-24,NVDA,0,0.00028725168955092876,1
2020-04-24,PFE,0,6.899725133416111e-05,1
2020-04-24,PYPL,0,0.0001895369721732042,1
2020-04-24,SPY,0,1.5250736803375727e-05,1
2020-04-24,ZM,0,0.002193470083391861,1
2020-04-27,AAPL,0,0.015932970111520728,1
2020-04-27,AMZN,0,0.00014067367048313357,1
2020-04-27,GOOGL,0,0.0013776781046602508,1
2020-04-27,INTC,0,0.0008622849688532462,1
2020-04-27,MSFT,0,0.00018525783028696627,1
2020-04-27,NVDA,0,0.0007921031292665113,1
2020-04-27,PFE,0,8.731127070668684e-05,1
2020-04-27,PYPL,0,3.6141114611775974e-05,1
2020-04-27,SPY,0,3.8384858651881195e-05,1
2020-04-27,ZM,0,2.0029041854766497e-05,1
2020-04-28,AAPL,0,0.023920591800345926,1
2020-04-28,AMZN,0,0.00025907267994902715,1
2020-04-28,GOOGL,0,0.0021491168454314375,1
2020-04-28,INTC,0,0.0020734690918270226,1
2020-04-28,MSFT,0,0.0010000785058309571,1
2020-04-28,NVDA,0,0.005665440814036598,1
2020-04-28,PFE,0,0.0030416192562069022,1
2020-04-28,PYPL,0,0.0011437371969790027,1
2020-04-28,SPY,0,6.471380441643394e-05,1
2020-04-28,ZM,0,0.0018775100124433408,1
2020-04-29,AAPL,0,0.016558858855938673,1
2020-04-29,AMZN,0,1.1455603901080735e-05,1
2020-04-29,GOOGL,0,0.005729189234066823,1
2020-04-29,INTC,0,0.0026539689816388284,1
2020-04-29,MSFT,0,5.918551681025449e-05,1
2020-04-29,NVDA,0,0.0006312686323564785,1
2020-04-29,PFE,0,0.00043987800982033155,1
2020-04-29,PYPL,0,7.672651419060612e-05,1
2020-04-29,SPY,0,3.230776959632928e-05,1
2020-04-29,ZM,0,0.0024898580287634363,1
2020-04-30,AAPL,0,0.03401035192428652,1
2020-04-30,AMZN,0,8.22499490933043e-06,1
2020-04-30,GOOGL,0,0.003824263582429507,1
2020-04-30,INTC,0,0.0018698218956565858,1
2020-04-30,MSFT,0,5.832538270047685e-05,1
2020-04-30,NVDA,0,0.0024206993200477974,1
2020-04-30,PFE,0,0.0001675648282527289,1
2020-04-30,PYPL,1,2.6622294134068098e-05,1
2020-04-30,SPY,0,0.00015635422303542223,1
2020-04-30,ZM,1,0.016473733810623677,1
2020-05-01,AAPL,0,0.1640131581727248,1
2020-05-01,AMZN,0,0.008806407138037682,1
2020-05-01,GOOGL,0,0.0017329856753286223,1
2020-05-01,INTC,0,0.0032636357908135006,1
2020-05-01,MSFT,0,0.0009008100415784033,1
2020-05-01,NVDA,0,0.007955978463247904,1
2020-05-01,PFE,0,0.004785539499861883,1
2020-05-01,PYPL,1,0.00030509966271825096,1
2020-05-01,SPY,0,0.0023944469399449744,1
2020-05-01,ZM,1,4.477877415050951e-05,1
2020-05-04,AAPL,0,0.02774013278244877,1
2020-05-04,AMZN,0,2.1677173227866553e-05,1
2020-05-04,GOOGL,0,0.0007979628083000307,1
2020-05-04,INTC,0,0.0017116256878610952,1
2020-05-04,MSFT,0,6.514415667843208e-05,1
2020-05-04,NVDA,0,0.00050415472958759,1
2020-05-04,PFE,0,0.0018279286319980003,1
2020-05-04,PYPL,1,4.657635086910464e-05,1
2020-05-04,SPY,0,0.00017864609070149744,1
2020-05-04,ZM,1,7.019897133263337e-05,1
2020-05-05,AAPL,0,0.03283980976097608,1
2020-05-05,AMZN,0,0.0007281424357772429,1
2020-05-05,GOOGL,0,0.00045976453966207857,1
2020-05-05,INTC,0,0.00025255893056085656,1
2020-05-05,MSFT,0,0.00011469664350125375,1
2020-05-05,NVDA,0,0.0023585342420608924,1
2020-05-05,PFE,0,0.0007964543433579971,1
2020-05-05,PYPL,1,1.272409579917752e-05,1
2020-05-05,SPY,0,0.00010503713290933401,1
2020-05-05,ZM,1,0.0001619876023892812,1
2020-05-06,AAPL,0,0.06445004989842143,1
2020-05-06,AMZN,0,0.00010647991249882832,1
2020-05-06,GOOGL,0,0.0032058725363450927,1
2020-05-06,INTC,0,0.0008087785186112561,1
2020-05-06,MSFT,0,7.347834258819881e-05,1
2020-05-06,NVDA,0,0.0013719591085169921,1
2020-05-06,PFE,0,0.0032633821385322265,1
2020-05-06,PYPL,1,7.642815539152344e-06,1
2020-05-06,SPY,0,0.0002278753301812639,1
2020-05-06,ZM,1,4.8071066965445356e-05,1
2020-05-07,AAPL,0,0.1814907635852108,1
2020-05-07,AMZN,0,4.8269751077513214e-05,1
2020-05-07,GOOGL,0,0.008212067472341513,1
2020-05-07,INTC,0,0.0017329319697925306,1
2020-05-07,MSFT,0,4.608901758690512e-05,1
2020-05-07,NVDA,0,0.004835434324133987,1
2020-05-07,PFE,0,0.015456604624211811,1
2020-05-07,PYPL,0,0.00018940681399868322,1
2020-05-07,SPY,0,4.2372971500268924e-05,1
2020-05-07,ZM,0,0.00011914537910653826,1
2020-05-08,AAPL,0,0.005989629627696228,1
2020-05-08,AMZN,0,0.00012151252465736841,1
2020-05-08,GOOGL,0,0.006944520106165097,1
2020-05-08,INTC,0,0.0005945384002945146,1
2020-05-08,MSFT,0,6.17975607669089e-05,1
2020-05-08,NVDA,0,0.0008928818589180116,1
2020-05-08,PFE,0,0.0011842246678394005,1
2020-05-08,PYPL,0,0.0001475635815255296,1
2020-05-08,SPY,0,0.0001118289464761342,1
2020-05-08,ZM,1,0.0009420226448930682,1
2020-05-11,AAPL,0,0.0012949231884494938,1
2020-05-11,AMZN,0,0.00011735199547047266,1
2020-05-11,GOOGL,0,0.016549598190266968,1
2020-05-11,INTC,0,0.004028085807409552,1
2020-05-11,MSFT,0,2.049747386790852e-05,1
2020-05-11,NVDA,0,0.001243366925272911,1
2020-05-11,PFE,0,0.00031516190931003314,1
2020-05-11,PYPL,0,4.9974977102192125e-05,1
2020-05-11,SPY,0,1.8529193772981593e-05,1
2020-05-11,ZM,0,0.00011772896080922607,1
2020-05-12,AAPL,0,0.017863256004365342,1
2020-05-12,AMZN,0,0.0013356056529761574,1
2020-05-12,GOOGL,0,0.0232778561107128,1
2020-05-12,INTC,0,0.004893180548041097,1
2020-05-12,MSFT,0,0.0002022848590238224,1
2020-05-12,NVDA,1,0.021904129872774045,1
2020-05-12,PFE,0,0.01283384993995313,1
2020-05-12,PYPL,0,9.799796477122258e-05,1
2020-05-12,SPY,0,0.0010627777438854036,1
2020-05-12,ZM,0,0.005981294555362354,1
2020-05-13,AAPL,0,0.03660074643751974,1
2020-05-13,AMZN,0,0.00016810499425942772,1
2020-05-13,GOOGL,0,0.05614946878013694,1
2020-05-13,INTC,0,0.008265841536281791,1
2020-05-13,MSFT,0,0.0004011058229457316,1
2020-05-13,NVDA,1,0.005872769601319495,1
2020-05-13,PFE,0,0.02596755660843437,1
2020-05-13,PYPL,0,7.176843222048004e-06,1
2020-05-13,SPY,0,0.00040363147486777113,1
2020-05-13,ZM,0,5.8708086437085965e-05,1
2020-05-14,AAPL,0,0.057663725271607055,1
2020-05-14,AMZN,0,0.00014015504556046156,1
2020-05-14,GOOGL,0,0.6664115924911188,1
2020-05-14,INTC,0,0.0009468555470594581,1
2020-05-14,MSFT,0,9.848296952598715e-05,1
2020-05-14,NVDA,1,0.0030863134419552396,1
2020-05-14,PFE,0,0.0021215526402987186,1
2020-05-14,PYPL,0,2.998058674889636e-05,1
2020-05-14,SPY,0,1.8763975837041428e-05,1
2020-05-14,ZM,0,6.395939678573334e-05,1
2020-05-15,AAPL,0,0.032575681381073064,1
2020-05-15,AMZN,0,5.512925973733273e-05,1
2020-05-15,GOOGL,0,0.5672555817918584,1
2020-05-15,INTC,0,0.0037083689198506827,1
2020-05-15,MSFT,0,5.7450551381906144e-05,1
2020-05-15,NVDA,0,0.003359330048411342,1
2020-05-15,PFE,0,0.0014647718060899805,1
2020-05-15,PYPL,0,1.7772116995988847e-05,1
2020-05-15,SPY,0,6.409014946939645e-05,1
2020-05-15,ZM,0,0.00014266252856596457,1
2020-05-18,AAPL,0,0.009837191810326011,1
2020-05-18,AMZN,0,9.187967854685197e-05,1
2020-05-18,GOOGL,0,0.4771931287110245,1
2020-05-18,INTC,0,0.001395902354552513,1
2020-05-18,MSFT,0,3.976433601213331e-05,1
2020-05-18,NVDA,0,0.001244497000162606,1
2020-05-18,PFE,0,0.001695337806139261,1
2020-05-18,PYPL,0,0.00022133737751027098,1
2020-05-18,SPY,0,0.00010772166303677104,1
2020-05-18,ZM,0,0.01019473140918832,1
2020-05-19,AAPL,0,0.03620625438747274,1
2020-05-19,AMZN,0,0.0001452953367829284,1
2020-05-19,GOOGL,0,0.18840489596888785,1
2020-05-19,INTC,0,0.00434128603603778,1
2020-05-19,MSFT,0,8.709036652967938e-05,1
2020-05-19,NVDA,0,0.0038652625722498933,1
2020-05-19,PFE,0,0.012289485370795184,1
2020-05-19,PYPL,0,2.028906693241108e-05,1
2020-05-19,SPY,0,0.0003591367777338122,1
2020-05-19,ZM,0,6.964613154654685e-05,1
2020-05-20,AAPL,0,0.022052933253039822,1
2020-05-20,AMZN,0,0.00011084545394727539,1
2020-05-20,GOOGL,0,0.29157296067134103,1
2020-05-20,INTC,0,0.0027942049861267478,1
2020-05-20,MSFT,0,7.930484578602716e-05,1
2020-05-20,NVDA,0,0.0006493448144624601,1
2020-05-20,PFE,0,0.0031813497925063383,1
2020-05-20,PYPL,0,9.805512241146723e-05,1
2020-05-20,SPY,0,0.0001954567930575158,1
2020-05-20,ZM,0,1.9449868924818074e-05,1
2020-05-21,AAPL,0,0.04405174864311111,1
2020-05-21,AMZN,0,0.0009300583108190355,1
2020-05-21,GOOGL,0,0.04524594467708711,1
2020-05-21,INTC,0,0.004394546716500381,1
2020-05-21,MSFT,0,9.28654321933872e-05,1
2020-05-21,NVDA,0,0.008122371593931144,1
2020-05-21,PFE,0,0.021891044046947368,1
2020-05-21,PYPL,0,0.0004545864980953276,1
2020-05-21,SPY,0,7.110709491332798e-05,1
2020-05-21,ZM,0,0.00044121788491275477,1
2020-05-22,AAPL,0,0.09269771523871866,1
2020-05-22,AMZN,0,7.011846712332984e-05,1
2020-05-22,GOOGL,0,0.10440764677127302,1
2020-05-22,INTC,0,0.006167509205621935,1
2020-05-22,MSFT,0,0.00018275856660426116,1
2020-05-22,NVDA,0,0.002139887765490517,1
2020-05-22,PFE,0,0.0034474123472024954,1
2020-05-22,PYPL,0,0.00010815645968519808,1
2020-05-22,SPY,0,0.0003065545274348463,1
2020-05-22,ZM,0,4.261827738187402e-05,1
2020-05-26,AAPL,0,0.010525329853595024,1
2020-05-26,AMZN,0,0.00025213883773587004,1
2020-05-26,GOOGL,0,0.18112243123966773,1
2020-05-26,INTC,0,0.028569731929619795,1
2020-05-26,MSFT,0,0.0005134267201339288,1
2020-05-26,NVDA,0,0.01128320634749108,1
2020-05-26,PFE,0,0.013118506783819305,1
2020-05-26,PYPL,0,0.0006627153259079263,1
2020-05-26,SPY,0,0.0001040463339545707,1
2020-05-26,ZM,0,0.005756382412550535,1
2020-05-27,AAPL,0,0.03631089057955736,1
2020-05-27,AMZN,0,0.00048467454752412206,1
2020-05-27,GOOGL,0,0.026020621016675145,1
2020-05-27,INTC,0,0.012568047097153508,1
2020-05-27,MSFT,0,0.001905609255806456,1
2020-05-27,NVDA,0,0.004416234755048504,1
2020-05-27,PFE,0,0.03434997141561743,1
2020-05-27,PYPL,1,7.730465534089824e-05,1
2020-05-27,SPY,0,2.0776721976023947e-05,1
2020-05-27,ZM,1,0.0007438075489361735,1
2020-05-28,AAPL,0,0.02073608999614938,1
2020-05-28,AMZN,0,0.0017605294205994598,1
2020-05-28,GOOGL,0,0.03481564891453513,1
2020-05-28,INTC,0,0.03371480001946093,1
2020-05-28,MSFT,0,0.0005459517851301227,1
2020-05-28,NVDA,0,0.006150183569429845,1
2020-05-28,PFE,0,0.0023903215001391037,1
2020-05-28,PYPL,0,0.00024583068497218406,1
2020-05-28,SPY,0,6.48052672690057e-05,1
2020-05-28,ZM,1,0.0001516718392566894,1
2020-05-29,AAPL,0,0.16231435146852763,1
2020-05-29,AMZN,0,0.0013567851914559708,1
2020-05-29,GOOGL,0,0.29138924849915615,1
2020-05-29,INTC,0,0.4603684051180582,1
2020-05-29,MSFT,0,0.000382261009938996,1
2020-05-29,NVDA,0,0.007180023330818549,1
2020-05-29,PFE,0,0.004906334942858052,1
2020-05-29,PYPL,0,0.00013299903291461232,1
2020-05-29,SPY,0,0.00013150728768093696,1
2020-05-29,ZM,1,0.0001116387648044413,1
2020-06-01,AAPL,0,0.04885476952488626,1
2020-06-01,AMZN,0,9.91055448017876e-05,1
2020-06-01,GOOGL,0,0.05700805180689357,1
2020-06-01,INTC,0,0.0051135699063611885,1
2020-06-01,MSFT,0,0.0004800253210071367,1
2020-06-01,NVDA,0,0.03355030162019081,1
2020-06-01,PFE,0,0.05204156345326862,1
2020-06-01,PYPL,0,9.151131287924536e-05,1
2020-06-01,SPY,0,0.00011942515881896341,1
2020-06-01,ZM,0,0.00013978575390052184,1
2020-06-02,AAPL,0,0.03272741316006275,1
2020-06-02,AMZN,0,0.00010324993596911538,1
2020-06-02,GOOGL,0,0.033885604256048994,1
2020-06-02,INTC,0,0.010764487887895897,1
2020-06-02,MSFT,0,9.953761670703802e-05,1
2020-06-02,NVDA,0,0.002548640964012872,1
2020-06-02,PFE,0,0.001925714216876947,1
2020-06-02,PYPL,0,1.5331622510927107e-05,1
2020-06-02,SPY,0,1.8852636886156286e-05,1
2020-06-02,ZM,0,9.468494613451362e-06,1
2020-06-03,AAPL,0,0.029919595928385858,1
2020-06-03,AMZN,0,5.919201392986305e-05,1
2020-06-03,GOOGL,0,0.005867099996282559,1
2020-06-03,INTC,0,0.003260906380507909,1
2020-06-03,MSFT,0,5.907009640876273e-05,1
2020-06-03,NVDA,0,0.0024875371334653583,1
2020-06-03,PFE,0,0.003814760355873419,1
2020-06-03,PYPL,0,1.4926097431460434e-05,1
2020-06-03,SPY,0,6.794249822874302e-05,1
2020-06-03,ZM,0,4.855102833375889e-05,1
2020-06-04,AAPL,0,0.0052871954874291515,1
2020-06-04,AMZN,0,0.0001660115817651844,1
2020-06-04,GOOGL,0,0.04759686156742099,1
2020-06-04,INTC,0,0.007753429456483523,1
2020-06-04,MSFT,0,0.00020648201485055272,1
2020-06-04,NVDA,0,0.008263664480634269,1
2020-06-04,PFE,0,0.0019471814736292995,1
2020-06-04,PYPL,0,5.9724236892363154e-05,1
2020-06-04,SPY,0,6.279457196218037e-05,1
2020-06-04,ZM,0,0.0005586875920636846,1
2020-06-05,AAPL,0,0.0016196626694595445,1
2020-06-05,AMZN,0,0.0001653914016487176,1
2020-06-05,GOOGL,0,0.024212371380709523,1
2020-06-05,INTC,0,0.0004156512512753765,1
2020-06-05,MSFT,0,6.433844019630037e-05,1
2020-06-05,NVDA,0,0.005291141141883537,1
2020-06-05,PFE,0,0.003232162972296228,1
2020-06-05,PYPL,0,9.831471093954956e-05,1
2020-06-05,SPY,0,4.3897224738761675e-05,1
2020-06-05,ZM,1,6.873056406556936e-05,1
2020-06-08,AAPL,0,0.004931768212152845,1
2020-06-08,AMZN,0,0.0003064900084144882,1
2020-06-08,GOOGL,0,0.11072892968411359,1
2020-06-08,INTC,0,0.007399534464065623,1
2020-06-08,MSFT,0,6.450553614752383e-05,1
2020-06-08,NVDA,0,0.0059128851380280505,1
2020-06-08,PFE,0,0.006326637835790065,1
2020-06-08,PYPL,0,7.351609877841816e-05,1
2020-06-08,SPY,0,3.617445903879892e-05,1
2020-06-08,ZM,1,2.848666117016946e-05,1
2020-06-09,AAPL,0,0.00204232627231505,1
2020-06-09,AMZN,0,3.989446926204423e-05,1
2020-06-09,GOOGL,0,0.036767290557526505,1
2020-06-09,INTC,0,0.005166100998332861,1
2020-06-09,MSFT,0,8.488876960877762e-05,1
2020-06-09,NVDA,0,0.0037706268629582955,1
2020-06-09,PFE,0,0.042094669076801615,1
2020-06-09,PYPL,0,6.58526024302828e-05,1
2020-06-09,SPY,0,3.361046212821544e-05,1
2020-06-09,ZM,1,0.00023940945332346335,1
2020-06-10,AAPL,0,0.0007469388175457672,1
2020-06-10,AMZN,0,5.18654149117779e-05,1
2020-06-10,GOOGL,0,0.0601639982275892,1
2020-06-10,INTC,0,0.0016522112981463921,1
2020-06-10,MSFT,0,8.552026077254273e-05,1
2020-06-10,NVDA,0,0.020865440416859476,1
2020-06-10,PFE,0,0.059497405760201454,1
2020-06-10,PYPL,0,0.00014982906671364018,1
2020-06-10,SPY,0,2.829007965623383e-05,1
2020-06-10,ZM,1,6.131047188291255e-05,1
2020-06-11,AAPL,0,0.08688060048366333,1
2020-06-11,AMZN,0,0.005527170994318775,1
2020-06-11,GOOGL,0,0.13619751580247705,1
2020-06-11,INTC,0,0.005275332703476071,1
2020-06-11,MSFT,0,0.01052176420999712,1
2020-06-11,NVDA,0,0.014231018260706083,1
2020-06-11,PFE,0,0.049823601040879135,1
2020-06-11,PYPL,0,0.005926047642184564,1
2020-06-11,SPY,0,0.008079199053416046,1
2020-06-11,ZM,0,5.453655319395567e-05,1
2020-06-12,AAPL,0,0.10395010497821099,1
2020-06-12,AMZN,0,0.00020523674207167247,1
2020-06-12,GOOGL,0,0.020703713760281316,1
2020-06-12,INTC,0,0.002181756199949952,1
2020-06-12,MSFT,0,0.00012310908120147777,1
2020-06-12,NVDA,0,0.0008851860554266266,1
2020-06-12,PFE,0,0.0013326210960592783,1
2020-06-12,PYPL,0,6.769820954499515e-05,1
2020-06-12,SPY,0,8.321926299486779e-05,1
2020-06-12,ZM,0,4.786734885715494e-05,1
2020-06-15,AAPL,0,0.004303637203179612,1
2020-06-15,AMZN,0,5.4364606856808223e-05,1
2020-06-15,GOOGL,0,0.04476382259833386,1
2020-06-15,INTC,0,0.0014283039841825325,1
2020-06-15,MSFT,0,8.292460152045196e-05,1
2020-06-15,NVDA,0,0.00382680798335234,1
2020-06-15,PFE,0,0.026577507952768784,1
2020-06-15,PYPL,0,6.998685163351408e-05,1
2020-06-15,SPY,0,0.00010148560430625954,1
2020-06-15,ZM,0,0.00017653142702508677,1
2020-06-16,AAPL,0,0.0008068681410227445,1
2020-06-16,AMZN,0,5.1425558389778375e-05,1
2020-06-16,GOOGL,0,0.15610291330955323,1
2020-06-16,INTC,0,0.0036186377450566176,1
2020-06-16,MSFT,0,5.082809009208218e-05,1
2020-06-16,NVDA,0,0.03881834008460396,1
2020-06-16,PFE,0,0.0040492738664908495,1
2020-06-16,PYPL,0,9.179267845549066e-06,1
2020-06-16,SPY,0,0.0001115674767274001,1
2020-06-16,ZM,0,9.189314873651823e-05,1
2020-06-17,AAPL,0,0.0025942656967449626,1
2020-06-17,AMZN,0,2.2256187766791446e-05,1
2020-06-17,GOOGL,0,0.1835533919101283,1
2020-06-17,INTC,0,0.004080883526716921,1
2020-06-17,MSFT,0,7.206865923499687e-05,1
2020-06-17,NVDA,0,0.002832475651420211,1
2020-06-17,PFE,0,0.004410847276005063,1
2020-06-17,PYPL,0,2.6093071372653324e-05,1
2020-06-17,SPY,0,9.472441191025212e-05,1
2020-06-17,ZM,0,0.00012289596687155302,1
2020-06-18,AAPL,0,0.0040559480640439405,1
2020-06-18,AMZN,0,4.555535597690483e-05,1
2020-06-18,GOOGL,0,0.25633455051032095,1
2020-06-18,INTC,0,0.0009795134443080908,1
2020-06-18,MSFT,0,9.705679513991158e-05,1
2020-06-18,NVDA,0,0.0032043884227565224,1
2020-06-18,PFE,0,0.007536431804422732,1
2020-06-18,PYPL,0,2.5632455975231593e-05,1
2020-06-18,SPY,0,0.0001361583460452313,1
2020-06-18,ZM,0,1.0886031721718975e-05,1
2020-06-19,AAPL,0,0.0042070171528030735,1
2020-06-19,AMZN,0,3.705609269273878e-05,1
2020-06-19,GOOGL,0,0.19688399318441466,1
2020-06-19,INTC,0,0.0030463140534559806,1
2020-06-19,MSFT,0,3.880121959835134e-05,1
2020-06-19,NVDA,0,0.01150769286248843,1
2020-06-19,PFE,0,0.001828556910354839,1
2020-06-19,PYPL,0,0.00024627097418169873,1
2020-06-19,SPY,0,0.0006671529481170371,1
2020-06-19,ZM,0,3.922965480603076e-05,1
2020-06-22,AAPL,0,0.002017562758687433,1
2020-06-22,AMZN,0,2.573913669650917e-05,1
2020-06-22,GOOGL,0,0.638292557333686,1
2020-06-22,INTC,0,0.020694003540399897,1
2020-06-22,MSFT,0,7.625187449493287e-05,1
2020-06-22,NVDA,0,0.004654713549494586,1
2020-06-22,PFE,0,0.00895604197805968,1
2020-06-22,PYPL,0,0.00044328387313692305,1
2020-06-22,SPY,0,0.00024398595206323847,1
2020-06-22,ZM,0,3.4608247470350837e-05,1
2020-06-23,AAPL,0,0.0003846566953862838,1
2020-06-23,AMZN,0,2.4565012646894792e-05,1
2020-06-23,GOOGL,0,0.48050375774754617,1
2020-06-23,INTC,0,0.016450158524632868,1
2020-06-23,MSFT,0,0.0001285820862249846,1
2020-06-23,NVDA,0,0.037055782802135485,1
2020-06-23,PFE,0,0.014591056022708448,1
2020-06-23,PYPL,0,2.8576372723403054e-05,1
2020-06-23,SPY,0,0.0002543423229944979,1
2020-06-23,ZM,0,7.198333592045873e-05,1
2020-06-24,AAPL,0,0.005124196658403632,1
2020-06-24,AMZN,0,6.123980626749714e-05,1
2020-06-24,GOOGL,0,0.26503863796405774,1
2020-06-24,INTC,0,0.04811319463898782,1
2020-06-24,MSFT,0,0.0012116938220918987,1
2020-06-24,NVDA,0,0.0056184003261125085,1
2020-06-24,PFE,0,0.051763515036234276,1
2020-06-24,PYPL,0,0.0015338493935557456,1
2020-06-24,SPY,0,0.014882580017762532,1
2020-06-24,ZM,0,3.603952380449553e-05,1
2020-06-25,AAPL,0,0.0003501200045035074,1
2020-06-25,AMZN,0,1.7833551865912743e-05,1
2020-06-25,GOOGL,0,0.2346098566947871,1
2020-06-25,INTC,0,0.06904915248969482,1
2020-06-25,MSFT,0,7.0429936811211e-05,1
2020-06-25,NVDA,0,0.00590205939150094,1
2020-06-25,PFE,0,0.01605639225442211,1
2020-06-25,PYPL,0,6.637015705206047e-05,1
2020-06-25,SPY,0,0.0002178337215766003,1
2020-06-25,ZM,0,6.42266750719168e-05,1
2020-06-26,AAPL,0,0.016829365578173435,1
2020-06-26,AMZN,1,0.0007558031912398149,1
2020-06-26,GOOGL,1,0.6249651958289688,1
2020-06-26,INTC,0,0.18842373578457638,1
2020-06-26,MSFT,0,0.005898757652967619,1
2020-06-26,NVDA,0,0.019869726951852695,1
2020-06-26,PFE,1,0.009407825107811922,1
2020-06-26,PYPL,0,0.0002190414278905254,1
2020-06-26,SPY,0,0.003140993878379771,1
2020-06-26,ZM,0,0.0002026473454027273,1
2020-06-29,AAPL,0,0.006866989458572394,1
2020-06-29,AMZN,1,0.0003525375617138479,1
2020-06-29,GOOGL,1,0.722434367810495,1
2020-06-29,INTC,0,0.027152013155543334,1
2020-06-29,MSFT,0,0.0001521247888224738,1
2020-06-29,NVDA,1,0.016631093132124575,1
2020-06-29,PFE,0,0.004630279381550863,1
2020-06-29,PYPL,0,0.0030558596863063735,1
2020-06-29,SPY,0,0.00026826666698584467,1
2020-06-29,ZM,1,0.0010842132248178428,1
2020-06-30,AAPL,0,0.007132401492027165,1
2020-06-30,AMZN,1,0.00023958531359861336,1
2020-06-30,GOOGL,0,0.33372646192815614,1
2020-06-30,INTC,0,0.01587455935764191,1
2020-06-30,MSFT,0,0.00025500978811862044,1
2020-06-30,NVDA,0,0.007185105592033441,1
2020-06-30,PFE,0,0.005443197506476155,1
2020-06-30,PYPL,0,0.0004953807677816571,1
2020-06-30,SPY,0,0.00038356284691373613,1
2020-06-30,ZM,1,2.0747596401091903e-05,1
2020-07-01,AAPL,0,0.017059332450099534,2
2020-07-01,AMZN,1,0.0016609192723766944,2
2020-07-01,GOOGL,0,0.2964656007643518,2
2020-07-01,INTC,0,0.043916559592084486,2
2020-07-01,MSFT,0,0.0006944767980081778,2
2020-07-01,NVDA,1,0.04042295820632164,2
2020-07-01,PFE,0,0.003407094804716388,2
2020-07-01,PYPL,0,0.014250407165096173,2
2020-07-01,SPY,0,0.0020335434115569015,2
2020-07-01,ZM,0,0.0014732688015155824,2
2020-07-02,AAPL,0,0.11472009508254964,2
2020-07-02,AMZN,1,0.0007240756208286089,2
2020-07-02,GOOGL,0,0.1847751000302799,2
2020-07-02,INTC,0,0.06363103041109168,2
2020-07-02,MSFT,0,0.0009482567831131167,2
2020-07-02,NVDA,1,0.033104906700970584,2
2020-07-02,PFE,0,0.006134649606132346,2
2020-07-02,PYPL,0,0.019451460170507813,2
2020-07-02,SPY,0,0.0016226038749023138,2
2020-07-02,ZM,0,0.0035603474105469954,2
2020-07-06,AAPL,0,0.11197703095933528,2
2020-07-06,AMZN,1,0.0013609999433610203,2
2020-07-06,GOOGL,0,0.1621014693675421,2
2020-07-06,INTC,0,0.18108264312808073,2
2020-07-06,MSFT,0,0.004252606629734724,2
2020-07-06,NVDA,1,0.04292503520507822,2
2020-07-06,PFE,0,0.008326638336458848,2
2020-07-06,PYPL,0,0.08451144994999348,2
2020-07-06,SPY,0,0.01023733533846785,2
2020-07-06,ZM,1,0.0017278232652028487,2
2020-07-07,AAPL,0,0.24261315440583406,2
2020-07-07,AMZN,1,0.011766220760372943,2
2020-07-07,GOOGL,0,0.2518339825891979,2
2020-07-07,INTC,0,0.12171297197289153,2
2020-07-07,MSFT,0,0.00979017581495351,2
2020-07-07,NVDA,1,0.024849174306510558,2
2020-07-07,PFE,0,0.011114149132782294,2
2020-07-07,PYPL,0,0.09479472688899583,2
2020-07-07,SPY,0,0.007648090041150157,2
2020-07-07,ZM,0,0.0009505439519485058,2
2020-07-08,AAPL,0,0.03029277259105746,2
2020-07-08,AMZN,1,0.0012099891212261236,2
2020-07-08,GOOGL,0,0.5547442148739569,2
2020-07-08,INTC,0,0.2581159220199557,2
2020-07-08,MSFT,0,0.007097222867090792,2
2020-07-08,NVDA,0,0.0995158665960252,2
2020-07-08,PFE,0,0.015298024407213447,2
2020-07-08,PYPL,0,0.05706320900692288,2
2020-07-08,SPY,0,0.004393736291770165,2
2020-07-08,ZM,0,0.0014467418505724695,2
2020-07-09,AAPL,0,0.07345472278835433,2
2020-07-09,AMZN,0,0.012868491246953726,2
2020-07-09,GOOGL,0,0.4122022901841657,2
2020-07-09,INTC,0,0.12131185443089855,2
2020-07-09,MSFT,0,0.0012835704767518157,2
2020-07-09,NVDA,0,0.0023934788329207754,2
2020-07-09,PFE,1,0.007897156620857358,2
2020-07-09,PYPL,0,0.010778023164496858,2
2020-07-09,SPY,0,0.001646632816288576,2
2020-07-09,ZM,0,0.0005472514818194378,2
2020-07-10,AAPL,0,0.011733612933327633,2
2020-07-10,AMZN,0,0.0012720448071701458,2
2020-07-10,GOOGL,0,0.39055691117406066,2
2020-07-10,INTC,0,0.14356913683367603,2
2020-07-10,MSFT,0,0.0006252163826713607,2
2020-07-10,NVDA,0,0.025528638933723667,2
2020-07-10,PFE,1,0.0029002631988499206,2
2020-07-10,PYPL,0,0.19524259810457914,2
2020-07-10,SPY,0,0.008955650021469124,2
2020-07-10,ZM,0,0.00036346476723026687,2
2020-07-13,AAPL,0,0.06758854810071553,2
2020-07-13,AMZN,0,0.03658050315799371,2
2020-07-13,GOOGL,0,0.5434150974724306,2
2020-07-13,INTC,0,0.07553947730046548,2
2020-07-13,MSFT,0,0.037778755786050035,2
2020-07-13,NVDA,0,0.05721922291390185,2
2020-07-13,PFE,0,0.031110603927135966,2
2020-07-13,PYPL,0,0.5063185276106223,2
2020-07-13,SPY,0,0.005949112812143826,2
2020-07-13,ZM,0,0.004629670584943265,2
2020-07-14,AAPL,0,0.15045106817445333,2
2020-07-14,AMZN,0,0.2682810110467466,2
2020-07-14,GOOGL,0,0.18001514999660245,2
2020-07-14,INTC,0,0.022797719522096006,2
2020-07-14,MSFT,0,0.004239653659085692,2
2020-07-14,NVDA,0,0.05421101810704961,2
2020-07-14,PFE,0,0.0018884686708415242,2
2020-07-14,PYPL,0,0.010343232159086767,2
2020-07-14,SPY,0,0.013712604583027822,2
2020-07-14,ZM,0,0.001854017712827665,2
2020-07-15,AAPL,0,0.004059303558547917,2
2020-07-15,AMZN,0,0.38601316734656105,2
2020-07-15,GOOGL,0,0.3221758048519812,2
2020-07-15,INTC,0,0.05324075047740821,2
2020-07-15,MSFT,0,0.003190434946533736,2
2020-07-15,NVDA,0,0.05166172893436195,2
2020-07-15,PFE,1,0.0026869497308012326,2
2020-07-15,PYPL,0,0.004149763435825787,2
2020-07-15,SPY,0,0.0017030525376945,2
2020-07-15,ZM,0,0.045676403424999755,2
2020-07-16,AAPL,0,0.35214947643303224,2
2020-07-16,AMZN,1,0.21307846179980078,2
2020-07-16,GOOGL,0,0.6737202868341182,2
2020-07-16,INTC,0,0.19281821941870086,2
2020-07-16,MSFT,0,0.14439961271443472,2
2020-07-16,NVDA,0,0.08330575059416583,2
2020-07-16,PFE,1,0.02747338758116874,2
2020-07-16,PYPL,0,0.02577835057505796,2
2020-07-16,SPY,0,0.0016393618609696638,2
2020-07-16,ZM,1,0.007812758095165663,2
2020-07-17,AAPL,0,0.02406077365678624,2
2020-07-17,AMZN,1,0.5347935652243949,2
2020-07-17,GOOGL,0,0.0904050165440884,2
2020-07-17,INTC,0,0.12919232226037147,2
2020-07-17,MSFT,0,0.007387841604399428,2
2020-07-17,NVDA,0,0.022582541734414773,2
2020-07-17,PFE,1,0.003695471419050684,2
2020-07-17,PYPL,0,0.025544089121986663,2
2020-07-17,SPY,0,0.0001019901221746965,2
2020-07-17,ZM,1,0.0007336073977067503,2
2020-07-20,AAPL,0,0.0038730443453790383,2
2020-07-20,AMZN,0,0.10839704921540583,2
2020-07-20,GOOGL,0,0.1373187272108532,2
2020-07-20,INTC,0,0.058625298385927484,2
2020-07-20,MSFT,0,0.037766777276008884,2
2020-07-20,NVDA,0,0.007003683062381587,2
2020-07-20,PFE,0,0.003179573781672958,2
2020-07-20,PYPL,0,0.020519985089905515,2
2020-07-20,SPY,0,0.0006901329032463513,2
2020-07-20,ZM,0,0.01730191664796814,2
2020-07-21,AAPL,0,0.009677582161880567,2
2020-07-21,AMZN,0,0.4185532739504377,2
2020-07-21,GOOGL,0,0.04684064243000471,2
2020-07-21,INTC,0,0.009119990802763404,2
2020-07-21,MSFT,0,0.06925068361850349,2
2020-07-21,NVDA,0,0.057134617408610734,2
2020-07-21,PFE,0,0.003949517489374745,2
2020-07-21,PYPL,0,0.05507599569817031,2
2020-07-21,SPY,0,0.0016978745713387014,2
2020-07-21,ZM,0,0.00677534016514872,2
2020-07-22,AAPL,0,0.004909813015662005,2
2020-07-22,AMZN,0,0.07935022993143924,2
2020-07-22,GOOGL,0,0.007295574990811423,2
2020-07-22,INTC,0,0.0076990549351982135,2
2020-07-22,MSFT,0,0.043769633554898706,2
2020-07-22,NVDA,0,0.019387316383486165,2
2020-07-22,PFE,0,0.0022304491278351403,2
2020-07-22,PYPL,0,0.04832944201111774,2
2020-07-22,SPY,0,0.0011222760128145343,2
2020-07-22,ZM,0,0.0047495792321536525,2
2020-07-23,AAPL,0,0.007537839054326628,2
2020-07-23,AMZN,0,0.36161757686731894,2
2020-07-23,GOOGL,0,0.048359720670434564,2
2020-07-23,INTC,0,0.012407607666458558,2
2020-07-23,MSFT,0,0.016718072791584212,2
2020-07-23,NVDA,0,0.02936048020624227,2
2020-07-23,PFE,0,0.0028171881500739407,2
2020-07-23,PYPL,1,0.006994368997300252,2
2020-07-23,SPY,0,0.0033325455956284525,2
2020-07-23,ZM,0,0.00239805258868462,2
2020-07-24,AAPL,1,0.008531421200517263,2
2020-07-24,AMZN,0,0.08987971121287812,2
2020-07-24,GOOGL,0,0.03733880180968079,2
2020-07-24,INTC,0,0.18170974047720667,2
2020-07-24,MSFT,0,0.0012353614968505216,2
2020-07-24,NVDA,0,0.004537347729614593,2
2020-07-24,PFE,0,0.002673674875200377,2
2020-07-24,PYPL,1,0.005584088288534071,2
2020-07-24,SPY,0,0.0018723799444611384,2
2020-07-24,ZM,0,0.0018382673610221909,2
2020-07-27,AAPL,1,0.029090642409765204,2
2020-07-27,AMZN,0,0.263330824675609,2
2020-07-27,GOOGL,0,0.011267385131557716,2
2020-07-27,INTC,0,0.08396301863300565,2
2020-07-27,MSFT,0,0.013373971791103606,2
2020-07-27,NVDA,0,0.00378844813961635,2
2020-07-27,PFE,0,0.0017862322343176495,2
2020-07-27,PYPL,1,0.08156541599141355,2
2020-07-27,SPY,0,0.002008090910821531,2
2020-07-27,ZM,0,0.00491629368377949,2
2020-07-28,AAPL,1,0.022532304608680307,2
2020-07-28,AMZN,0,0.1998213213834566,2
2020-07-28,GOOGL,0,0.013563685262987926,2
2020-07-28,INTC,0,0.014929016473533504,2
2020-07-28,MSFT,0,0.001020410867290483,2
2020-07-28,NVDA,0,0.023406122675549385,2
2020-07-28,PFE,0,0.01128146959719012,2
2020-07-28,PYPL,1,0.0019143905220933399,2
2020-07-28,SPY,0,0.0017754319487726556,2
2020-07-28,ZM,0,0.0003566955281972867,2
2020-07-29,AAPL,1,0.008960420181245784,2
2020-07-29,AMZN,0,0.018758126487773495,2
2020-07-29,GOOGL,0,0.00904769398918196,2
2020-07-29,INTC,0,0.033114380458431104,2
2020-07-29,MSFT,0,0.0017767034218655964,2
2020-07-29,NVDA,0,0.004735540898443355,2
2020-07-29,PFE,0,0.0013417800281278075,2
2020-07-29,PYPL,0,0.05598792647696823,2
2020-07-29,SPY,0,0.006494761226185854,2
2020-07-29,ZM,0,0.00026673892141386413,2
2020-07-30,AAPL,1,0.007068273268801567,2
2020-07-30,AMZN,0,0.004229929216313526,2
2020-07-30,GOOGL,0,0.009703937139903763,2
2020-07-30,INTC,0,0.024367083572021195,2
2020-07-30,MSFT,0,0.0004954224617335109,2
2020-07-30,NVDA,0,0.0022714704473001026,2
2020-07-30,PFE,0,0.0009588241872711321,2
2020-07-30,PYPL,0,0.021328773743294022,2
2020-07-30,SPY,0,0.0019757211977939307,2
2020-07-30,ZM,1,0.00036253556231161815,2
2020-07-31,AAPL,0,0.04502984589574242,2
2020-07-31,AMZN,0,0.5875739465849044,2
2020-07-31,GOOGL,0,0.006860115553631933,2
2020-07-31,INTC,0,0.06197108183737271,2
2020-07-31,MSFT,0,0.0030177426886821277,2
2020-07-31,NVDA,0,0.1151730689749711,2
2020-07-31,PFE,0,0.00564310986176895,2
2020-07-31,PYPL,0,0.008663653214315569,2
2020-07-31,SPY,0,0.000602217384519785,2
2020-07-31,ZM,0,0.002790750670102013,2
2020-08-03,AAPL,0,0.0318804214799779,2
2020-08-03,AMZN,0,0.7080274694367943,2
2020-08-03,GOOGL,0,0.010323490617984548,2
2020-08-03,INTC,0,0.09052600511484124,2
2020-08-03,MSFT,0,0.027533442590719534,2
2020-08-03,NVDA,0,0.13857066267499626,2
2020-08-03,PFE,0,0.007023232541751563,2
2020-08-03,PYPL,0,0.001058563651765622,2
2020-08-03,SPY,0,0.002508061459872606,2
2020-08-03,ZM,0,0.01329125853436016,2
2020-08-04,AAPL,0,0.045883290125888,2
2020-08-04,AMZN,0,0.07703590470055911,2
2020-08-04,GOOGL,0,0.007217343146455579,2
2020-08-04,INTC,0,0.055543081713250404,2
2020-08-04,MSFT,0,0.06747759510735926,2
2020-08-04,NVDA,0,0.0035690470458519625,2
2020-08-04,PFE,0,0.011551885860386552,2
2020-08-04,PYPL,0,0.0011273470153560325,2
2020-08-04,SPY,0,0.0030117822255116247,2
2020-08-04,ZM,0,0.002255584909153467,2
2020-08-05,AAPL,0,0.016920004013133618,2
2020-08-05,AMZN,0,0.16672218700427785,2
2020-08-05,GOOGL,0,0.01061900308466268,2
2020-08-05,INTC,0,0.018903449360960303,2
2020-08-05,MSFT,0,0.0013138087510226413,2
2020-08-05,NVDA,0,0.009818054934661513,2
2020-08-05,PFE,0,0.006865148169405576,2
2020-08-05,PYPL,0,0.02252295009782578,2
2020-08-05,SPY,0,0.003993742561730378,2
2020-08-05,ZM,0,0.019144321078785394,2
2020-08-06,AAPL,0,0.0025520127613863188,2
2020-08-06,AMZN,0,0.2810733162333344,2
2020-08-06,GOOGL,0,0.06447382502827745,2
2020-08-06,INTC,0,0.037388104284763204,2
2020-08-06,MSFT,0,0.05031649073375056,2
2020-08-06,NVDA,0,0.016167725557306018,2
2020-08-06,PFE,0,0.007102167091875555,2
2020-08-06,PYPL,0,0.00039214815281609543,2
2020-08-06,SPY,0,0.0019908782086513572,2
2020-08-06,ZM,0,0.0052416738550844265,2
2020-08-07,AAPL,0,0.009509444241215326,2
2020-08-07,AMZN,0,0.6280167719438703,2
2020-08-07,GOOGL,0,0.07520849403820624,2
2020-08-07,INTC,0,0.1275924756324922,2
2020-08-07,MSFT,0,0.0711019170276233,2
2020-08-07,NVDA,0,0.06753428774610835,2
2020-08-07,PFE,0,0.005135189940519908,2
2020-08-07,PYPL,0,0.00857808998834859,2
2020-08-07,SPY,0,0.0022035561997359268,2
2020-08-07,ZM,0,0.0037214174916052694,2
2020-08-10,AAPL,0,0.0019448629264642028,2
2020-08-10,AMZN,0,0.46156154352746065,2
2020-08-10,GOOGL,0,0.05162516198836609,2
2020-08-10,INTC,0,0.04908670621778102,2
2020-08-10,MSFT,0,0.10479961498403094,2
2020-08-10,NVDA,1,0.014532809940274956,2
2020-08-10,PFE,0,0.0015418538349734076,2
2020-08-10,PYPL,0,0.0244272444790158,2
2020-08-10,SPY,0,0.0021898378526798495,2
2020-08-10,ZM,0,0.005573072677132967,2
2020-08-11,AAPL,0,0.05028157888890539,2
2020-08-11,AMZN,0,0.6896720070947758,2
2020-08-11,GOOGL,0,0.06898781409938726,2
2020-08-11,INTC,0,0.07865594993979318,2
2020-08-11,MSFT,0,0.009653369865821911,2
2020-08-11,NVDA,1,0.01537107171442542,2
2020-08-11,PFE,0,0.01812125381514216,2
2020-08-11,PYPL,0,0.009493064493220455,2
2020-08-11,SPY,0,0.0029408214443440535,2
2020-08-11,ZM,1,0.00041281818385845593,2
2020-08-12,AAPL,0,0.004735929992487276,2
2020-08-12,AMZN,0,0.33510506608544005,2
2020-08-12,GOOGL,0,0.05617642351926871,2
2020-08-12,INTC,0,0.011774746797328955,2
2020-08-12,MSFT,0,0.06108928357259695,2
2020-08-12,NVDA,0,0.003946848621336039,2
2020-08-12,PFE,0,0.001203460756198172,2
2020-08-12,PYPL,0,0.043404740506338156,2
2020-08-12,SPY,0,0.009058714039908025,2
2020-08-12,ZM,1,0.0011773552953179224,2
2020-08-13,AAPL,0,0.011431053031502113,2
2020-08-13,AMZN,0,0.042723013339457785,2
2020-08-13,GOOGL,0,0.01598422741444057,2
2020-08-13,INTC,0,0.003516465908253832,2
2020-08-13,MSFT,0,0.008174940515707826,2
2020-08-13,NVDA,0,0.024896694481800534,2
2020-08-13,PFE,0,0.007354434529271772,2
2020-08-13,PYPL,0,0.004531617329890891,2
2020-08-13,SPY,0,0.0008674800097961945,2
2020-08-13,ZM,1,0.02295807559625597,2
2020-08-14,AAPL,0,0.006018460642340257,2
2020-08-14,AMZN,0,0.24697640655403288,2
2020-08-14,GOOGL,0,0.027534604666088217,2
2020-08-14,INTC,0,0.00700980223486453,2
2020-08-14,MSFT,0,0.010456084296090441,2
2020-08-14,NVDA,1,0.006126441796302144,2
2020-08-14,PFE,0,0.005305569066668655,2
2020-08-14,PYPL,0,0.006060584944445844,2
2020-08-14,SPY,0,0.0005958855758041071,2
2020-08-14,ZM,1,0.003109684736987801,2
2020-08-17,AAPL,1,0.005856863941657526,2
2020-08-17,AMZN,0,0.6237050858933868,2
2020-08-17,GOOGL,0,0.03726322494464583,2
2020-08-17,INTC,0,0.04406633629329438,2
2020-08-17,MSFT,0,0.006149545959315334,2
2020-08-17,NVDA,0,0.014791629851169462,2
2020-08-17,PFE,0,0.01183761126236913,2
2020-08-17,PYPL,0,0.007924852791348106,2
2020-08-17,SPY,0,0.0006737926565607064,2
2020-08-17,ZM,1,0.022649579435827658,2
2020-08-18,AAPL,1,0.0057794032323670854,2
2020-08-18,AMZN,0,0.15995552993593154,2
2020-08-18,GOOGL,0,0.030356217792454617,2
2020-08-18,INTC,0,0.011731242128611262,2
2020-08-18,MSFT,0,0.0024435683436257283,2
2020-08-18,NVDA,0,0.008570675402041678,2
2020-08-18,PFE,0,0.003012805612757138,2
2020-08-18,PYPL,0,0.004965505440599429,2
2020-08-18,SPY,0,0.0004950086887978984,2
2020-08-18,ZM,0,0.011871391969928579,2
2020-08-19,AAPL,1,0.007115929540396881,2
2020-08-19,AMZN,0,0.6166320714726234,2
2020-08-19,GOOGL,0,0.020488685271921856,2
2020-08-19,INTC,0,0.025622822746805378,2
2020-08-19,MSFT,0,0.011126296659423463,2
2020-08-19,NVDA,0,0.009273503388881619,2
2020-08-19,PFE,0,0.009611688771856503,2
2020-08-19,PYPL,0,0.01800904881150205,2
2020-08-19,SPY,0,0.0008227503717100611,2
2020-08-19,ZM,1,0.0020102708533053424,2
2020-08-20,AAPL,1,0.0011047171176773478,2
2020-08-20,AMZN,0,0.12595156985045536,2
2020-08-20,GOOGL,0,0.006359039888098704,2
2020-08-20,INTC,0,0.04596076295053178,2
2020-08-20,MSFT,0,0.02546989947990419,2
2020-08-20,NVDA,0,0.005884145844391459,2
2020-08-20,PFE,0,0.005709001274138714,2
2020-08-20,PYPL,0,0.07470261725720871,2
2020-08-20,SPY,0,0.0004689918026444862,2
2020-08-20,ZM,0,0.021326242062898265,2
2020-08-21,AAPL,0,0.0033470253161269653,2
2020-08-21,AMZN,0,0.05765173929639076,2
2020-08-21,GOOGL,0,0.009296179783532215,2
2020-08-21,INTC,0,0.0444235505500491,2
2020-08-21,MSFT,0,0.006014107087058858,2
2020-08-21,NVDA,0,0.009247408179877615,2
2020-08-21,PFE,0,0.004714603588401852,2
2020-08-21,PYPL,0,0.013793450627486341,2
2020-08-21,SPY,0,0.0005176242020378035,2
2020-08-21,ZM,0,0.0011702264338708229,2
2020-08-24,AAPL,0,0.0024467295026553942,2
2020-08-24,AMZN,0,0.10339971570513452,2
2020-08-24,GOOGL,0,0.007898392007601623,2
2020-08-24,INTC,0,0.08082966364015731,2
2020-08-24,MSFT,0,0.012622971179908779,2
2020-08-24,NVDA,0,0.0120804259326514,2
2020-08-24,PFE,0,0.007621903142051548,2
2020-08-24,PYPL,0,0.05287164200242554,2
2020-08-24,SPY,0,0.001784047666723757,2
2020-08-24,ZM,1,0.005917339173719602,2
2020-08-25,AAPL,0,0.014070140712105895,2
2020-08-25,AMZN,0,0.27710853942539854,2
2020-08-25,GOOGL,0,0.005611959073986635,2
2020-08-25,INTC,0,0.09712923254910422,2
2020-08-25,MSFT,0,0.018665564618108955,2
2020-08-25,NVDA,1,0.004278542250736806,2
2020-08-25,PFE,0,0.03112958725538851,2
2020-08-25,PYPL,0,0.030417271055502976,2
2020-08-25,SPY,0,0.0005446995591493874,2
2020-08-25,ZM,1,0.026102601881171122,2
2020-08-26,AAPL,1,0.08388238611865886,2
2020-08-26,AMZN,0,0.7011962723135852,2
2020-08-26,GOOGL,0,0.06058334479255279,2
2020-08-26,INTC,0,0.6847511772141177,2
2020-08-26,MSFT,0,0.03727457511930111,2
2020-08-26,NVDA,1,0.021324086125407843,2
2020-08-26,PFE,0,0.05335829454787719,2
2020-08-26,PYPL,0,0.006239703252110633,2
2020-08-26,SPY,0,0.0009763613508253758,2
2020-08-26,ZM,1,0.010508522062016008,2
2020-08-27,AAPL,1,0.007199407601806163,2
2020-08-27,AMZN,0,0.03819365328153391,2
2020-08-27,GOOGL,0,0.03525803274713729,2
2020-08-27,INTC,0,0.7225325999330964,2
2020-08-27,MSFT,0,0.002086450350432655,2
2020-08-27,NVDA,1,0.021962587101691734,2
2020-08-27,PFE,0,0.01895085349649057,2
2020-08-27,PYPL,0,0.007149179576109544,2
2020-08-27,SPY,0,6.655196052894567e-05,2
2020-08-27,ZM,1,0.0004181475058467241,2
2020-08-28,AAPL,1,0.003733702946362121,2
2020-08-28,AMZN,0,0.007992020051327896,2
2020-08-28,GOOGL,0,0.008278970154760496,2
2020-08-28,INTC,0,0.34543060133274806,2
2020-08-28,MSFT,0,0.00034617739351045434,2
2020-08-28,NVDA,1,0.022927574400438876,2
2020-08-28,PFE,0,0.004351221946793969,2
2020-08-28,PYPL,0,0.0031973424784509023,2
2020-08-28,SPY,0,0.0005594422287033637,2
2020-08-28,ZM,1,0.0022700823960054416,2
2020-08-31,AAPL,1,0.0013235118361371774,2
2020-08-31,AMZN,0,0.009088207248278895,2
2020-08-31,GOOGL,0,0.03298788248073155,2
2020-08-31,INTC,0,0.06659565672373355,2
2020-08-31,MSFT,0,0.0025350277191473172,2
2020-08-31,NVDA,1,0.003141669589368991,2
2020-08-31,PFE,0,0.02892017101014864,2
2020-08-31,PYPL,0,0.00020357192555755765,2
2020-08-31,SPY,0,0.00012365998362189078,2
2020-08-31,ZM,1,0.0030514215055930183,2
2020-09-01,AAPL,0,0.006622701099695336,2
2020-09-01,AMZN,0,0.013817169662360343,2
2020-09-01,GOOGL,0,0.02302239065651396,2
2020-09-01,INTC,0,0.10593090750326829,2
2020-09-01,MSFT,0,0.0005491287560577703,2
2020-09-01,NVDA,0,0.008731940778865724,2
2020-09-01,PFE,0,0.03722676574426421,2
2020-09-01,PYPL,0,0.005025528419861183,2
2020-09-01,SPY,0,0.0005584976158977088,2
2020-09-01,ZM,0,0.00019608855432456482,2
2020-09-02,AAPL,0,0.0012748735477945887,2
2020-09-02,AMZN,0,0.0009231718198971971,2
2020-09-02,GOOGL,0,0.008643011838939906,2
2020-09-02,INTC,0,0.0003470691381159925,2
2020-09-02,MSFT,0,0.0002553953078549877,2
2020-09-02,NVDA,0,0.0010237498142697471,2
2020-09-02,PFE,0,0.0006554271872266648,2
2020-09-02,PYPL,0,0.0002153264982107461,2
2020-09-02,SPY,0,0.0002453556933035153,2
2020-09-02,ZM,0,0.0001315335368697869,2
2020-09-03,AAPL,0,0.05523146177196935,2
2020-09-03,AMZN,0,0.005352043255286231,2
2020-09-03,GOOGL,0,0.017358181247853155,2
2020-09-03,INTC,0,0.0022144447360362878,2
2020-09-03,MSFT,0,0.0003966244552185715,2
2020-09-03,NVDA,0,0.014125160982924554,2
2020-09-03,PFE,0,0.003442173204191614,2
2020-09-03,PYPL,0,0.0005300456211895508,2
2020-09-03,SPY,0,0.00028188169269459726,2
2020-09-03,ZM,0,0.0004613628263152678,2
2020-09-04,AAPL,0,0.013837869193708512,2
2020-09-04,AMZN,0,0.010347855292261674,2
2020-09-04,GOOGL,0,0.012199679319913495,2
2020-09-04,INTC,0,0.0017082715014909787,2
2020-09-04,MSFT,0,0.0029394332969337957,2
2020-09-04,NVDA,0,0.002034372707919281,2
2020-09-04,PFE,0,0.004812164909766741,2
2020-09-04,PYPL,0,0.001075039878627546,2
2020-09-04,SPY,0,0.000796400906938681,2
2020-09-04,ZM,0,0.000589775132674523,2
2020-09-08,AAPL,0,0.093171500631105,2
2020-09-08,AMZN,0,0.002975628389383511,2
2020-09-08,GOOGL,0,0.02211334669314393,2
2020-09-08,INTC,0,0.001184750311063903,2
2020-09-08,MSFT,0,0.0005292789818368587,2
2020-09-08,NVDA,0,0.0054811033804821425,2
2020-09-08,PFE,0,0.009568641209031292,2
2020-09-08,PYPL,0,0.002078308061653018,2
2020-09-08,SPY,0,0.0013216826535726333,2
2020-09-08,ZM,0,0.0006403593294811298,2
2020-09-09,AAPL,0,0.09862266814200565,2
2020-09-09,AMZN,0,0.13322173584219452,2
2020-09-09,GOOGL,0,0.044699302564035835,2
2020-09-09,INTC,0,0.0024965762579275443,2
2020-09-09,MSFT,0,0.012283334508978946,2
2020-09-09,NVDA,0,0.0014407077622321178,2
2020-09-09,PFE,0,0.0027594147175627154,2
2020-09-09,PYPL,0,0.020020152170180258,2
2020-09-09,SPY,0,0.008449950395378202,2
2020-09-09,ZM,0,0.006559831595002931,2
2020-09-10,AAPL,0,0.1579058660456062,2
2020-09-10,AMZN,0,0.01562745304184081,2
2020-09-10,GOOGL,0,0.04567881384420567,2
2020-09-10,INTC,0,0.007757996148299637,2
2020-09-10,MSFT,0,0.0015140657946416177,2
2020-09-10,NVDA,0,0.0041991359584897334,2
2020-09-10,PFE,0,0.01190527817592222,2
2020-09-10,PYPL,0,0.002592036368020997,2
2020-09-10,SPY,0,0.004301492463359974,2
2020-09-10,ZM,0,0.004384848557592232,2
2020-09-11,AAPL,0,0.011173964230568932,2
2020-09-11,AMZN,0,0.009374792250447933,2
2020-09-11,GOOGL,0,0.031181691254455707,2
2020-09-11,INTC,0,0.0025709263516619954,2
2020-09-11,MSFT,0,0.001074375504854712,2
2020-09-11,NVDA,0,0.0033562456215215975,2
2020-09-11,PFE,0,0.007104549250174309,2
2020-09-11,PYPL,0,0.002073820015223612,2
2020-09-11,SPY,0,0.0012760288087842703,2
2020-09-11,ZM,0,0.0008305516751353275,2
2020-09-14,AAPL,0,0.018371136720896613,2
2020-09-14,AMZN,0,0.004520439191453594,2
2020-09-14,GOOGL,0,0.02424286567222141,2
2020-09-14,INTC,0,0.00266859164760445,2
2020-09-14,MSFT,0,0.0012915120991269225,2
2020-09-14,NVDA,0,0.0012038401249422725,2
2020-09-14,PFE,0,0.0004914710971865937,2
2020-09-14,PYPL,0,0.0021194917916822417,2
2020-09-14,SPY,0,0.004680882914694459,2
2020-09-14,ZM,0,0.004995777359492222,2
2020-09-15,AAPL,0,0.009660041685309586,2
2020-09-15,AMZN,0,0.00914282844896223,2
2020-09-15,GOOGL,0,0.020876492754291025,2
2020-09-15,INTC,0,0.0013267125253813732,2
2020-09-15,MSFT,0,0.0022852212590783144,2
2020-09-15,NVDA,0,0.0005853467158482833,2
2020-09-15,PFE,0,0.0005944396018847272,2
2020-09-15,PYPL,0,0.0007144737141950827,2
2020-09-15,SPY,0,0.0017506026424144127,2
2020-09-15,ZM,1,0.003092471071408911,2
2020-09-16,AAPL,0,0.020652080987843113,2
2020-09-16,AMZN,0,0.006621009734609069,2
2020-09-16,GOOGL,0,0.021397044042616702,2
2020-09-16,INTC,0,0.0013670719364610126,2
2020-09-16,MSFT,0,0.0011561939413089798,2
2020-09-16,NVDA,0,0.005171666830318306,2
2020-09-16,PFE,0,0.001250530664073716,2
2020-09-16,PYPL,0,0.001815220675314861,2
2020-09-16,SPY,0,0.0007780197396407942,2
2020-09-16,ZM,1,0.0020075890865729716,2
2020-09-17,AAPL,0,0.05055022006145652,2
2020-09-17,AMZN,0,0.013538980050996892,2
2020-09-17,GOOGL,0,0.0510988308450021,2
2020-09-17,INTC,0,0.0034459484246432354,2
2020-09-17,MSFT,0,0.0007312101552922778,2
2020-09-17,NVDA,0,0.002940336719069285,2
2020-09-17,PFE,0,0.000584013444472073,2
2020-09-17,PYPL,0,0.001384598482962243,2
2020-09-17,SPY,0,0.0006060644298999255,2
2020-09-17,ZM,1,0.004866042252123241,2
2020-09-18,AAPL,0,0.09048638965239149,2
2020-09-18,AMZN,0,0.060094654705202886,2
2020-09-18,GOOGL,0,0.31449945687878633,2
2020-09-18,INTC,0,0.06837678632844306,2
2020-09-18,MSFT,0,0.001337411207269977,2
2020-09-18,NVDA,0,0.0029806987491364356,2
2020-09-18,PFE,0,0.003505834408524161,2
2020-09-18,PYPL,0,0.0006563182221525686,2
2020-09-18,SPY,0,0.0007258256677120599,2
2020-09-18,ZM,1,0.0013890817931865131,2
2020-09-21,AAPL,0,0.026828730559022088,2
2020-09-21,AMZN,0,0.02731122421372285,2
2020-09-21,GOOGL,0,0.31056229787532175,2
2020-09-21,INTC,0,0.03596674214676124,2
2020-09-21,MSFT,0,0.0006455452905931186,2
2020-09-21,NVDA,0,0.0018438121622373813,2
2020-09-21,PFE,0,0.008686434192537784,2
2020-09-21,PYPL,0,0.003667377969978856,2
2020-09-21,SPY,0,0.0006543719557137718,2
2020-09-21,ZM,1,0.0014146614677153439,2
2020-09-22,AAPL,0,0.09999584720944167,2
2020-09-22,AMZN,0,0.022696457066649616,2
2020-09-22,GOOGL,0,0.04291553277986895,2
2020-09-22,INTC,0,0.024831709246473967,2
2020-09-22,MSFT,0,0.0013767485743989632,2
2020-09-22,NVDA,0,0.002434258402333996,2
2020-09-22,PFE,0,0.007955350041391397,2
2020-09-22,PYPL,0,0.003377585201275401,2
2020-09-22,SPY,0,0.0005914846281228784,2
2020-09-22,ZM,0,0.007539714223757918,2
2020-09-23,AAPL,0,0.30987059516638127,2
2020-09-23,AMZN,0,0.029559636747983665,2
2020-09-23,GOOGL,0,0.2829276093868394,2
2020-09-23,INTC,0,0.08323723422415437,2
2020-09-23,MSFT,0,0.0006178119363578782,2
2020-09-23,NVDA,0,0.016573789005138763,2
2020-09-23,PFE,0,0.004664054559634579,2
2020-09-23,PYPL,0,0.0029315121023814,2
2020-09-23,SPY,0,0.0009565700766859481,2
2020-09-23,ZM,0,0.007324984507974386,2
2020-09-24,AAPL,0,0.09233481449089463,2
2020-09-24,AMZN,0,0.020456441772428443,2
2020-09-24,GOOGL,0,0.0829718063634107,2
2020-09-24,INTC,0,0.012742475007310095,2
2020-09-24,MSFT,0,0.0024920027846607735,2
2020-09-24,NVDA,0,0.007024351111700081,2
2020-09-24,PFE,0,0.018376193774847397,2
2020-09-24,PYPL,0,0.0008952740492831515,2
2020-09-24,SPY,0,0.00023003262970109768,2
2020-09-24,ZM,0,0.0022380468883786706,2
2020-09-25,AAPL,0,0.1911517421104119,2
2020-09-25,AMZN,0,0.04672509516591763,2
2020-09-25,GOOGL,0,0.021641083180164274,2
2020-09-25,INTC,0,0.01691302254043194,2
2020-09-25,MSFT,0,0.004395400269519932,2
2020-09-25,NVDA,0,0.003555956851791245,2
2020-09-25,PFE,0,0.005581113750113065,2
2020-09-25,PYPL,0,0.05152945076851424,2
2020-09-25,SPY,0,0.001280849067782716,2
2020-09-25,ZM,0,0.0005551840432356425,2
2020-09-28,AAPL,0,0.709859497769791,2
2020-09-28,AMZN,0,0.37119743082623374,2
2020-09-28,GOOGL,0,0.013628718935104702,2
2020-09-28,INTC,0,0.01272928187364738,2
2020-09-28,MSFT,0,0.011438330577753645,2
2020-09-28,NVDA,0,0.05081931861571408,2
2020-09-28,PFE,0,0.008689289872746602,2
2020-09-28,PYPL,0,0.041364744480886326,2
2020-09-28,SPY,0,0.019326703687041952,2
2020-09-28,ZM,0,0.001661418952892118,2
2020-09-29,AAPL,0,0.21941195531964794,2
2020-09-29,AMZN,0,0.04376299504506513,2
2020-09-29,GOOGL,0,0.0173934529389555,2
2020-09-29,INTC,0,0.038395626247493216,2
2020-09-29,MSFT,0,0.0028478026784717514,2
2020-09-29,NVDA,0,0.007010079991457136,2
2020-09-29,PFE,0,0.025222586582925654,2
2020-09-29,PYPL,0,0.030911907236106782,2
2020-09-29,SPY,0,0.0005932322337153147,2
2020-09-29,ZM,0,0.003972563693461019,2
2020-09-30,AAPL,0,0.3061430020240735,2
2020-09-30,AMZN,0,0.07835917518097099,2
2020-09-30,GOOGL,0,0.009018366250749922,2
2020-09-30,INTC,0,0.008465773486581223,2
2020-09-30,MSFT,0,0.01677192008222886,2
2020-09-30,NVDA,0,0.02643923861399263,2
2020-09-30,PFE,0,0.003956832509076298,2
2020-09-30,PYPL,0,0.03129455986142071,2
2020-09-30,SPY,0,0.0034979162970466657,2
2020-09-30,ZM,0,0.003895710116264924,2
2020-10-01,AAPL,0,0.06983121051702139,2
2020-10-01,AMZN,0,0.3213273290305816,2
2020-10-01,GOOGL,0,0.024333588890742816,2
2020-10-01,INTC,0,0.008705604231329416,2
2020-10-01,MSFT,0,0.018488769310820267,2
2020-10-01,NVDA,0,0.012469227682924359,2
2020-10-01,PFE,0,0.027465077020832437,2
2020-10-01,PYPL,0,0.007047940173391074,2
2020-10-01,SPY,0,0.004053603442877054,2
2020-10-01,ZM,0,0.012575318071039631,2
2020-10-02,AAPL,0,0.3066662746910377,2
2020-10-02,AMZN,0,0.4806391697820499,2
2020-10-02,GOOGL,0,0.16178243756819802,2
2020-10-02,INTC,0,0.0452660991077521,2
2020-10-02,MSFT,0,0.02241714920991119,2
2020-10-02,NVDA,0,0.022324609592146463,2
2020-10-02,PFE,0,0.003000445494868501,2
2020-10-02,PYPL,0,0.013882690709997725,2
2020-10-02,SPY,0,0.0021856779722254894,2
2020-10-02,ZM,0,0.0009321813353190921,2
2020-10-05,AAPL,0,0.11199110997163597,2
2020-10-05,AMZN,0,0.4620263841129772,2
2020-10-05,GOOGL,0,0.1105170812529628,2
2020-10-05,INTC,0,0.00973517855255878,2
2020-10-05,MSFT,0,0.0530418015755538,2
2020-10-05,NVDA,0,0.0067079662448291015,2
2020-10-05,PFE,0,0.004004877588853652,2
2020-10-05,PYPL,0,0.028202533174810442,2
2020-10-05,SPY,0,0.019129713122492977,2
2020-10-05,ZM,0,0.007812875817975476,2
2020-10-06,AAPL,1,0.05936448238274729,2
2020-10-06,AMZN,1,0.46243508810855927,2
2020-10-06,GOOGL,0,0.08513464035863383,2
2020-10-06,INTC,0,0.016637586919493835,2
2020-10-06,MSFT,0,0.05280990982290342,2
2020-10-06,NVDA,0,0.03587731246947555,2
2020-10-06,PFE,0,0.010651700981845915,2
2020-10-06,PYPL,0,0.005425783944690611,2
2020-10-06,SPY,0,0.009233477156373144,2
2020-10-06,ZM,0,0.051107957485889075,2
2020-10-07,AAPL,0,0.0908204979195547,2
2020-10-07,AMZN,1,0.42206611220761275,2
2020-10-07,GOOGL,0,0.04602206237507763,2
2020-10-07,INTC,0,0.008237055649513153,2
2020-10-07,MSFT,0,0.047446068106605344,2
2020-10-07,NVDA,0,0.009970382532443471,2
2020-10-07,PFE,0,0.0097072329974897,2
2020-10-07,PYPL,0,0.017041509992770442,2
2020-10-07,SPY,0,0.01751409635626768,2
2020-10-07,ZM,0,0.004177958409864195,2
2020-10-08,AAPL,1,0.027746116347056194,2
2020-10-08,AMZN,1,0.09867970618336246,2
2020-10-08,GOOGL,0,0.3164076170253435,2
2020-10-08,INTC,0,0.003697339987980279,2
2020-10-08,MSFT,0,0.004196823722945526,2
2020-10-08,NVDA,0,0.024665625655361095,2
2020-10-08,PFE,0,0.006148363362668868,2
2020-10-08,PYPL,1,0.016059242294833447,2
2020-10-08,SPY,0,0.0021489289082720258,2
2020-10-08,ZM,1,0.0010388756937042998,2
2020-10-09,AAPL,0,0.09411849237675703,2
2020-10-09,AMZN,0,0.7730785208713413,2
2020-10-09,GOOGL,0,0.15076858124816914,2
2020-10-09,INTC,0,0.0687425609574139,2
2020-10-09,MSFT,0,0.030650019602023855,2
2020-10-09,NVDA,0,0.025544891003784043,2
2020-10-09,PFE,0,0.015776386230563884,2
2020-10-09,PYPL,0,0.03377028172379867,2
2020-10-09,SPY,0,0.001580774993989491,2
2020-10-09,ZM,1,0.017345761422923545,2
2020-10-12,AAPL,0,0.1657522810030585,2
2020-10-12,AMZN,0,0.45173913024475454,2
2020-10-12,GOOGL,0,0.6103792182246508,2
2020-10-12,INTC,0,0.0012199175327349432,2
2020-10-12,MSFT,0,0.027370850026893902,2
2020-10-12,NVDA,0,0.01125742123022472,2
2020-10-12,PFE,0,0.007874393944952322,2
2020-10-12,PYPL,0,0.028792258795161882,2
2020-10-12,SPY,0,0.006029124537381686,2
2020-10-12,ZM,1,0.001793696663752871,2
2020-10-13,AAPL,0,0.09767328711907594,2
2020-10-13,AMZN,0,0.008805457126111877,2
2020-10-13,GOOGL,0,0.01783294524901209,2
2020-10-13,INTC,0,0.004591245113667613,2
2020-10-13,MSFT,0,0.0029169356065887097,2
2020-10-13,NVDA,0,0.0039857600679608154,2
2020-10-13,PFE,0,0.015098546827972764,2
2020-10-13,PYPL,0,0.006174595201537243,2
2020-10-13,SPY,0,0.001023681766953706,2
2020-10-13,ZM,1,0.010073648029805912,2
2020-10-14,AAPL,0,0.06598252367786406,2
2020-10-14,AMZN,0,0.2316751792999833,2
2020-10-14,GOOGL,0,0.03352576179949733,2
2020-10-14,INTC,0,0.009257890825659846,2
2020-10-14,MSFT,0,0.01074490097212524,2
2020-10-14,NVDA,0,0.004621851229131065,2
2020-10-14,PFE,0,0.01911309125510153,2
2020-10-14,PYPL,0,0.026082178589698156,2
2020-10-14,SPY,0,0.0017817698227737806,2
2020-10-14,ZM,1,0.01871431591239817,2
2020-10-15,AAPL,0,0.04876720549489242,2
2020-10-15,AMZN,0,0.2665607568194197,2
2020-10-15,GOOGL,0,0.07348792223249638,2
2020-10-15,INTC,0,0.008012507711473636,2
2020-10-15,MSFT,0,0.001593640475590459,2
2020-10-15,NVDA,0,0.04276790939832388,2
2020-10-15,PFE,0,0.03741507947729056,2
2020-10-15,PYPL,0,0.011117995764292808,2
2020-10-15,SPY,0,0.0017694632446951528,2
2020-10-15,ZM,1,0.008475116337526241,2
2020-10-16,AAPL,0,0.25412355936357395,2
2020-10-16,AMZN,0,0.8900597262172607,2
2020-10-16,GOOGL,0,0.10664571208744907,2
2020-10-16,INTC,0,0.008810203375239722,2
2020-10-16,MSFT,0,0.0017148646372244693,2
2020-10-16,NVDA,0,0.06752839259090246,2
2020-10-16,PFE,0,0.041987172299003735,2
2020-10-16,PYPL,0,0.010473975965828736,2
2020-10-16,SPY,0,0.002243984299488044,2
2020-10-16,ZM,0,0.0054678769406335485,2
2020-10-19,AAPL,0,0.19919256356001122,2
2020-10-19,AMZN,0,0.920780517172575,2
2020-10-19,GOOGL,0,0.0457949489098892,2
2020-10-19,INTC,0,0.008758999207949,2
2020-10-19,MSFT,0,0.005040393059452684,2
2020-10-19,NVDA,0,0.0077306256960495146,2
2020-10-19,PFE,0,0.010282785695118717,2
2020-10-19,PYPL,0,0.061640493339222495,2
2020-10-19,SPY,0,0.011299613171526486,2
2020-10-19,ZM,0,0.0026418066020129746,2
2020-10-20,AAPL,0,0.046248602915568836,2
2020-10-20,AMZN,0,0.19608551273492733,2
2020-10-20,GOOGL,0,0.09037199256602914,2
2020-10-20,INTC,0,0.029853331966623625,2
2020-10-20,MSFT,0,0.004637612587404402,2
2020-10-20,NVDA,0,0.003899207845204589,2
2020-10-20,PFE,0,0.030670634938719184,2
2020-10-20,PYPL,0,0.01654866091865988,2
2020-10-20,SPY,0,0.0016471000101261845,2
2020-10-20,ZM,0,0.0030876233492070277,2
2020-10-21,AAPL,0,0.06912851415154837,2
2020-10-21,AMZN,0,0.3231834243440896,2
2020-10-21,GOOGL,0,0.0881570473349634,2
2020-10-21,INTC,0,0.033069123717817284,2
2020-10-21,MSFT,0,0.002880924879953208,2
2020-10-21,NVDA,0,0.016391409100592298,2
2020-10-21,PFE,0,0.0404805968053178,2
2020-10-21,PYPL,0,0.03196529850058448,2
2020-10-21,SPY,0,0.000957348206149425,2
2020-10-21,ZM,0,0.002374374344404393,2
2020-10-22,AAPL,0,0.04344959714818923,2
2020-10-22,AMZN,0,0.15225580945956846,2
2020-10-22,GOOGL,0,0.04285123417259186,2
2020-10-22,INTC,0,0.0020256381265213188,2
2020-10-22,MSFT,0,0.0013517256076716704,2
2020-10-22,NVDA,0,0.026643947009602605,2
2020-10-22,PFE,0,0.007264563828367209,2
2020-10-22,PYPL,0,0.015565533199864198,2
2020-10-22,SPY,0,0.0016884312395205458,2
2020-10-22,ZM,0,0.005425698193605449,2
2020-10-23,AAPL,0,0.10423226563535726,2
2020-10-23,AMZN,0,0.28089787723849463,2
2020-10-23,GOOGL,0,0.06591214897848313,2
2020-10-23,INTC,0,0.015762131214844183,2
2020-10-23,MSFT,0,0.0020764873608969466,2
2020-10-23,NVDA,0,0.0027665151365553688,2
2020-10-23,PFE,0,0.0020450608095497957,2
2020-10-23,PYPL,0,0.005383345846984519,2
2020-10-23,SPY,0,0.003945941320867016,2
2020-10-23,ZM,0,0.019394643796094572,2
2020-10-26,AAPL,0,0.01993932121360559,2
2020-10-26,AMZN,0,0.06785212546596826,2
2020-10-26,GOOGL,0,0.011661662879865226,2
2020-10-26,INTC,0,0.009387433737776913,2
2020-10-26,MSFT,0,0.004696758177645856,2
2020-10-26,NVDA,0,0.018172764941221803,2
2020-10-26,PFE,0,0.006412622255586398,2
2020-10-26,PYPL,0,0.015383627902009976,2
2020-10-26,SPY,0,0.014802875758982191,2
2020-10-26,ZM,0,0.009260633258930217,2
2020-10-27,AAPL,0,0.024595813001092093,2
2020-10-27,AMZN,0,0.2865861726930426,2
2020-10-27,GOOGL,0,0.010174070369537975,2
2020-10-27,INTC,0,0.06487121645184672,2
2020-10-27,MSFT,0,0.01988927806537019,2
2020-10-27,NVDA,0,0.004038914721573269,2
2020-10-27,PFE,0,0.0159745898917207,2
2020-10-27,PYPL,0,0.060045115200225346,2
2020-10-27,SPY,0,0.002732014465272539,2
2020-10-27,ZM,0,0.015631136933929403,2
2020-10-28,AAPL,0,0.16921697537735664,2
2020-10-28,AMZN,0,0.1267557366935253,2
2020-10-28,GOOGL,1,0.04048617445473016,2
2020-10-28,INTC,0,0.15442828777572115,2
2020-10-28,MSFT,0,0.0007103107652790461,2
2020-10-28,NVDA,0,0.03059753785978988,2
2020-10-28,PFE,0,0.042650621284465014,2
2020-10-28,PYPL,0,0.011409476534933955,2
2020-10-28,SPY,0,0.0007819932947014844,2
2020-10-28,ZM,0,0.0032200473096162183,2
2020-10-29,AAPL,0,0.14116185429270053,2
2020-10-29,AMZN,0,0.017772244681059743,2
2020-10-29,GOOGL,1,0.0657515197983856,2
2020-10-29,INTC,0,0.05206376693667985,2
2020-10-29,MSFT,0,0.0011715072205451835,2
2020-10-29,NVDA,0,0.004832754623641859,2
2020-10-29,PFE,0,0.008032714164608157,2
2020-10-29,PYPL,0,0.007975527174399786,2
2020-10-29,SPY,0,0.0003122125619235664,2
2020-10-29,ZM,0,0.007835660279796952,2
2020-10-30,AAPL,0,0.0477070128854645,2
2020-10-30,AMZN,0,0.006593404793767537,2
2020-10-30,GOOGL,0,0.07580819842512314,2
2020-10-30,INTC,0,0.049479515947664594,2
2020-10-30,MSFT,0,0.00021161841531927084,2
2020-10-30,NVDA,1,0.040192337261500094,2
2020-10-30,PFE,0,0.003850643125642197,2
2020-10-30,PYPL,0,0.0022634924599271755,2
2020-10-30,SPY,0,0.0003604952682510073,2
2020-10-30,ZM,0,0.0012479900214582948,2
2020-11-02,AAPL,1,0.003155492571424607,2
2020-11-02,AMZN,1,0.0029573568688712544,2
2020-11-02,GOOGL,1,0.023035615686953437,2
2020-11-02,INTC,0,0.07656970740576002,2
2020-11-02,MSFT,1,0.0001280543507454569,2
2020-11-02,NVDA,1,0.005748359633745022,2
2020-11-02,PFE,1,0.0023934908134997483,2
2020-11-02,PYPL,0,0.0003148224218522666,2
2020-11-02,SPY,0,0.00023313737395619117,2
2020-11-02,ZM,1,0.0010015176944293484,2
2020-11-03,AAPL,0,0.0035284845534148883,2
2020-11-03,AMZN,0,0.0032249765023366827,2
2020-11-03,GOOGL,0,0.017237166362881525,2
2020-11-03,INTC,0,0.02352769664718031,2
2020-11-03,MSFT,0,0.00037521579262127886,2
2020-11-03,NVDA,1,0.017582284046867385,2
2020-11-03,PFE,1,0.007529946484905047,2
2020-11-03,PYPL,1,0.0014428616868556858,2
2020-11-03,SPY,0,0.0011810552614231241,2
2020-11-03,ZM,1,0.0002627555878940991,2
2020-11-04,AAPL,0,0.014569248069785429,2
2020-11-04,AMZN,0,0.023624781653600203,2
2020-11-04,GOOGL,0,0.023010344290974726,2
2020-11-04,INTC,0,0.02032210482347163,2
2020-11-04,MSFT,0,0.018822532894075285,2
2020-11-04,NVDA,0,0.004194239816807529,2
2020-11-04,PFE,1,0.0013997846411907334,2
2020-11-04,PYPL,0,0.004037416909031273,2
2020-11-04,SPY,0,0.007233098436824571,2
2020-11-04,ZM,0,0.0007506807632911054,2
2020-11-05,AAPL,0,0.29912989072423907,2
2020-11-05,AMZN,0,0.09795718497593155,2
2020-11-05,GOOGL,0,0.012234622467911382,2
2020-11-05,INTC,0,0.032599108515650496,2
2020-11-05,MSFT,0,0.008247560644003164,2
2020-11-05,NVDA,0,0.001343520696250044,2
2020-11-05,PFE,1,0.004149636858890121,2
2020-11-05,PYPL,0,0.026516191353400394,2
2020-11-05,SPY,0,0.0073921352844250185,2
2020-11-05,ZM,0,0.0012062755640550554,2
2020-11-06,AAPL,0,0.06569541469506267,2
2020-11-06,AMZN,0,0.029429504707197372,2
2020-11-06,GOOGL,0,0.1800726056280556,2
2020-11-06,INTC,0,0.02915762396699495,2
2020-11-06,MSFT,0,0.001163400744620128,2
2020-11-06,NVDA,0,0.006422903239938994,2
2020-11-06,PFE,1,0.0036985809149954786,2
2020-11-06,PYPL,0,0.029526386191053525,2
2020-11-06,SPY,0,0.0021754405887001427,2
2020-11-06,ZM,0,0.0005176812755120373,2
2020-11-09,AAPL,0,0.07992309185910713,2
2020-11-09,AMZN,0,0.15868037947757793,2
2020-11-09,GOOGL,0,0.3519861487045336,2
2020-11-09,INTC,0,0.1050532142753061,2
2020-11-09,MSFT,0,0.009355877565875532,2
2020-11-09,NVDA,0,0.03157003742431064,2
2020-11-09,PFE,0,0.0009576835704366624,2
2020-11-09,PYPL,0,0.006070640614836378,2
2020-11-09,SPY,0,0.0027196932423567796,2
2020-11-09,ZM,0,0.0005159722890513649,2
2020-11-10,AAPL,0,0.20069899311287195,2
2020-11-10,AMZN,0,0.01747499887074882,2
2020-11-10,GOOGL,0,0.03614025125766371,2
2020-11-10,INTC,0,0.022194649096925055,2
2020-11-10,MSFT,0,0.0036997831422907078,2
2020-11-10,NVDA,0,0.00654709927076943,2
2020-11-10,PFE,0,0.0009875805151568478,2
2020-11-10,PYPL,0,0.00044714845803942076,2
2020-11-10,SPY,0,0.00038399950490631147,2
2020-11-10,ZM,0,0.0002731684883084732,2
2020-11-11,AAPL,0,0.3375321347806061,2
2020-11-11,AMZN,0,0.11209116464288078,2
2020-11-11,GOOGL,0,0.05566182846163622,2
2020-11-11,INTC,0,0.019385906681839635,2
2020-11-11,MSFT,0,0.008601256570127804,2
2020-11-11,NVDA,0,0.0006080499963628338,2
2020-11-11,PFE,0,0.0011662376414995764,2
2020-11-11,PYPL,0,0.0036744546185232844,2
2020-11-11,SPY,0,0.0012460499940753064,2
2020-11-11,ZM,0,0.00028549715641117265,2
2020-11-12,AAPL,0,0.1432629715239784,2
2020-11-12,AMZN,0,0.027398042982893434,2
2020-11-12,GOOGL,0,0.04074738934905628,2
2020-11-12,INTC,0,0.010370931225416404,2
2020-11-12,MSFT,0,0.0022341093435165825,2
2020-11-12,NVDA,0,0.0011735549936820848,2
2020-11-12,PFE,0,0.00105894744138351,2
2020-11-12,PYPL,0,0.0025445800118149317,2
2020-11-12,SPY,0,0.0018239901311032304,2
2020-11-12,ZM,0,0.0008915316287942533,2
2020-11-13,AAPL,0,0.16749227339096018,2
2020-11-13,AMZN,0,0.02091700338124641,2
2020-11-13,GOOGL,0,0.022213431977814876,2
2020-11-13,INTC,0,0.0023719145454353836,2
2020-11-13,MSFT,0,0.0014355710814605857,2
2020-11-13,NVDA,0,0.0024207716383783363,2
2020-11-13,PFE,0,0.0005035667052248942,2
2020-11-13,PYPL,0,0.002258255656768997,2
2020-11-13,SPY,0,0.004339579695274044,2
2020-11-13,ZM,0,0.00035210272034957233,2
2020-11-16,AAPL,0,0.15733194984208532,2
2020-11-16,AMZN,0,0.013623334496295594,2
2020-11-16,GOOGL,0,0.10708103877580817,2
2020-11-16,INTC,0,0.00046782840221723044,2
2020-11-16,MSFT,0,0.004696072334194991,2
2020-11-16,NVDA,0,0.0015250072188926474,2
2020-11-16,PFE,0,0.004764479817094164,2
2020-11-16,PYPL,0,0.007933129042029415,2
2020-11-16,SPY,0,0.0014868965154006804,2
2020-11-16,ZM,0,0.000694395060825056,2
2020-11-17,AAPL,0,0.10632326193406957,2
2020-11-17,AMZN,0,0.06522824551356798,2
2020-11-17,GOOGL,0,0.019857584444551296,2
2020-11-17,INTC,0,0.0016074997092954235,2
2020-11-17,MSFT,0,0.0029600663359240368,2
2020-11-17,NVDA,0,0.004810179447989716,2
2020-11-17,PFE,0,0.001880050183370106,2
2020-11-17,PYPL,0,0.0073385544967382015,2
2020-11-17,SPY,0,0.0004986814891440948,2
2020-11-17,ZM,0,0.00036442303799443535,2
2020-11-18,AAPL,0,0.0584209504463852,2
2020-11-18,AMZN,0,0.02794544289371233,2
2020-11-18,GOOGL,0,0.021338257163153428,2
2020-11-18,INTC,0,0.011609431411349232,2
2020-11-18,MSFT,0,0.036738911202605806,2
2020-11-18,NVDA,0,0.009550172769705318,2
2020-11-18,PFE,0,0.021623733362675198,2
2020-11-18,PYPL,1,0.005264915259336763,2
2020-11-18,SPY,0,0.0003273692392260325,2
2020-11-18,ZM,0,0.0014321946584811593,2
2020-11-19,AAPL,0,0.05068481035373714,2
2020-11-19,AMZN,0,0.040589292193082514,2
2020-11-19,GOOGL,0,0.008387156893865618,2
2020-11-19,INTC,0,0.005482369800415136,2
2020-11-19,MSFT,0,0.001854283725982529,2
2020-11-19,NVDA,0,0.043651682140841634,2
2020-11-19,PFE,0,0.039062974263845064,2
2020-11-19,PYPL,1,0.008628055376031209,2
2020-11-19,SPY,0,0.000872955507713445,2
2020-11-19,ZM,1,0.00019927923883009474,2
2020-11-20,AAPL,0,0.07366710046559025,2
2020-11-20,AMZN,0,0.04465695476586755,2
2020-11-20,GOOGL,0,0.024404976197462954,2
2020-11-20,INTC,0,0.021343555181873475,2
2020-11-20,MSFT,0,0.0028282870575721437,2
2020-11-20,NVDA,0,0.008203186657515644,2
2020-11-20,PFE,0,0.0029361237403973373,2
2020-11-20,PYPL,1,0.00830846059302214,2
2020-11-20,SPY,0,0.0010464077832854609,2
2020-11-20,ZM,1,0.006474776630333889,2
2020-11-23,AAPL,0,0.05298281724399411,2
2020-11-23,AMZN,0,0.04832510354848853,2
2020-11-23,GOOGL,0,0.020333721928674157,2
2020-11-23,INTC,0,0.01735851884733508,2
2020-11-23,MSFT,0,0.002209230924489776,2
2020-11-23,NVDA,0,0.004143720149291071,2
2020-11-23,PFE,1,0.006179668704534357,2
2020-11-23,PYPL,0,0.03881513462183664,2
2020-11-23,SPY,0,0.001217042593374905,2
2020-11-23,ZM,1,0.0070307166869844,2
2020-11-24,AAPL,0,0.026484137686154815,2
2020-11-24,AMZN,0,0.006607525511471448,2
2020-11-24,GOOGL,0,0.00637699249756635,2
2020-11-24,INTC,0,0.008439549939492029,2
2020-11-24,MSFT,0,0.007840137431468887,2
2020-11-24,NVDA,0,0.0037377643164061745,2
2020-11-24,PFE,1,0.005600151031093086,2
2020-11-24,PYPL,0,0.04838772487847731,2
2020-11-24,SPY,0,0.025217958947301024,2
2020-11-24,ZM,1,0.000588416492457269,2
2020-11-25,AAPL,0,0.021559274353069934,2
2020-11-25,AMZN,0,0.0396042362198986,2
2020-11-25,GOOGL,0,0.025908481602275005,2
2020-11-25,INTC,0,0.025209565790560575,2
2020-11-25,MSFT,0,0.0007370095983117175,2
2020-11-25,NVDA,0,0.009096970415941532,2
2020-11-25,PFE,1,0.0023804117335854643,2
2020-11-25,PYPL,0,0.06411690967427221,2
2020-11-25,SPY,0,0.0023843543728875993,2
2020-11-25,ZM,1,0.002960212387503655,2
2020-11-27,AAPL,0,0.012346120260056428,2
2020-11-27,AMZN,0,0.03298005911451553,2
2020-11-27,GOOGL,0,0.014487535818365874,2
2020-11-27,INTC,1,0.028315724589363985,2
2020-11-27,MSFT,0,0.001719987079180111,2
2020-11-27,NVDA,0,0.005506028059155121,2
2020-11-27,PFE,1,0.004005958366808109,2
2020-11-27,PYPL,0,0.11186965645466851,2
2020-11-27,SPY,0,0.004108884037682041,2
2020-11-27,ZM,0,0.005148572269302933,2
2020-11-30,AAPL,0,0.04033011930284867,2
2020-11-30,AMZN,0,0.1547926637783273,2
2020-11-30,GOOGL,0,0.03293973528958914,2
2020-11-30,INTC,1,0.03616562376920803,2
2020-11-30,MSFT,0,0.002453073907694522,2
2020-11-30,NVDA,0,0.00691103490444331,2
2020-11-30,PFE,0,0.007432680914733221,2
2020-11-30,PYPL,0,0.0039835501602770865,2
2020-11-30,SPY,0,0.0009474264776963233,2
2020-11-30,ZM,0,0.006982205579292109,2
2020-12-01,AAPL,0,0.08126044117821293,2
2020-12-01,AMZN,0,0.0614948055216133,2
2020-12-01,GOOGL,0,0.007814591725037992,2
2020-12-01,INTC,0,0.01060381042023857,2
2020-12-01,MSFT,0,0.009804198208726559,2
2020-12-01,NVDA,0,0.041717461815007933,2
2020-12-01,PFE,1,0.010342335830314388,2
2020-12-01,PYPL,0,0.011060746578334441,2
2020-12-01,SPY,0,0.011144598342368663,2
2020-12-01,ZM,0,0.009099561616054984,2
2020-12-02,AAPL,0,0.08779226236904673,2
2020-12-02,AMZN,0,0.013173412226665338,2
2020-12-02,GOOGL,0,0.02384891000086177,2
2020-12-02,INTC,0,0.0036333462304000193,2
2020-12-02,MSFT,0,0.0017069280080988204,2
2020-12-02,NVDA,0,0.008262660516418023,2
2020-12-02,PFE,0,0.0066552506034029376,2
2020-12-02,PYPL,0,0.010135849133547111,2
2020-12-02,SPY,0,0.0016649633510201225,2
2020-12-02,ZM,0,0.015938149184326417,2
2020-12-03,AAPL,0,0.01885078877296709,2
2020-12-03,AMZN,0,0.011715349915359125,2
2020-12-03,GOOGL,0,0.008411262335266697,2
2020-12-03,INTC,0,0.00020850176857496044,2
2020-12-03,MSFT,0,0.001738154954944858,2
2020-12-03,NVDA,0,0.016960059299700587,2
2020-12-03,PFE,0,0.0034893895207261257,2
2020-12-03,PYPL,0,0.0011257816058367928,2
2020-12-03,SPY,0,0.0008353345220134206,2
2020-12-03,ZM,0,0.0016479833321574747,2
2020-12-04,AAPL,0,0.03397928374523137,2
2020-12-04,AMZN,0,0.18009238004796524,2
2020-12-04,GOOGL,0,0.006685361512232047,2
2020-12-04,INTC,0,0.00014024823532764427,2
2020-12-04,MSFT,0,0.0010620839468787283,2
2020-12-04,NVDA,0,0.006275740725894042,2
2020-12-04,PFE,0,0.003256837168568279,2
2020-12-04,PYPL,0,0.02041825330547485,2
2020-12-04,SPY,0,0.006946321816992891,2
2020-12-04,ZM,0,0.004857119592261316,2
2020-12-07,AAPL,0,0.01133654213599114,2
2020-12-07,AMZN,0,0.1485051959315803,2
2020-12-07,GOOGL,0,0.008238177215420117,2
2020-12-07,INTC,0,0.006611211745956615,2
2020-12-07,MSFT,0,0.0009093133136092923,2
2020-12-07,NVDA,0,0.007232817594716017,2
2020-12-07,PFE,0,0.0009053779744178401,2
2020-12-07,PYPL,0,0.0015434243913881186,2
2020-12-07,SPY,0,0.0020072582559539243,2
2020-12-07,ZM,0,0.004599018950099036,2
2020-12-08,AAPL,0,0.0070613545758737555,2
2020-12-08,AMZN,0,0.1580368479318488,2
2020-12-08,GOOGL,0,0.026338294049009895,2
2020-12-08,INTC,0,0.0010293580146192869,2
2020-12-08,MSFT,0,0.0042129878152989035,2
2020-12-08,NVDA,0,0.011363235959199228,2
2020-12-08,PFE,0,0.001516083175407204,2
2020-12-08,PYPL,0,0.0010357733642248365,2
2020-12-08,SPY,0,0.004778811924074552,2
2020-12-08,ZM,0,0.01228589208580456,2
2020-12-09,AAPL,0,0.02913284040232592,2
2020-12-09,AMZN,0,0.6492774040151467,2
2020-12-09,GOOGL,0,0.01571072276802447,2
2020-12-09,INTC,0,0.002221771394792754,2
2020-12-09,MSFT,0,0.029869978543036493,2
2020-12-09,NVDA,0,0.0196142669261238,2
2020-12-09,PFE,0,0.008024790704732615,2
2020-12-09,PYPL,1,0.0032256968558937284,2
2020-12-09,SPY,0,0.004604784879071212,2
2020-12-09,ZM,0,0.0014030318291066522,2
2020-12-10,AAPL,0,0.009340691644554535,2
2020-12-10,AMZN,0,0.21467354615680226,2
2020-12-10,GOOGL,0,0.01027068969869546,2
2020-12-10,INTC,0,0.003306410485550798,2
2020-12-10,MSFT,0,0.002271738047762453,2
2020-12-10,NVDA,0,0.01627518642094688,2
2020-12-10,PFE,0,0.008924813673961788,2
2020-12-10,PYPL,1,0.0076646538295611,2
2020-12-10,SPY,0,0.003293365259942452,2
2020-12-10,ZM,0,0.008081965588303814,2
2020-12-11,AAPL,0,0.005941231975456313,2
2020-12-11,AMZN,0,0.37274548243175504,2
2020-12-11,GOOGL,0,0.014084944159894083,2
2020-12-11,INTC,0,0.044221998490542924,2
2020-12-11,MSFT,0,0.018046192487994953,2
2020-12-11,NVDA,0,0.01511899507953735,2
2020-12-11,PFE,0,0.024726836363843516,2
2020-12-11,PYPL,1,0.0035293453353034345,2
2020-12-11,SPY,0,0.001554692632297651,2
2020-12-11,ZM,0,0.0008965313336879973,2
2020-12-14,AAPL,0,0.013753450181273505,2
2020-12-14,AMZN,0,0.7927123842254701,2
2020-12-14,GOOGL,0,0.029443816497428502,2
2020-12-14,INTC,0,0.013859321518582443,2
2020-12-14,MSFT,0,0.0020480804343219797,2
2020-12-14,NVDA,0,0.010592778409568218,2
2020-12-14,PFE,0,0.05653061501061848,2
2020-12-14,PYPL,1,0.014333610357630682,2
2020-12-14,SPY,0,0.002742831772711303,2
2020-12-14,ZM,1,0.0008511405844548816,2
2020-12-15,AAPL,0,0.0015854961330083715,2
2020-12-15,AMZN,0,0.33748028085068066,2
2020-12-15,GOOGL,0,0.017988364267241996,2
2020-12-15,INTC,0,0.017915863945010685,2
2020-12-15,MSFT,0,0.0029058108579055344,2
2020-12-15,NVDA,0,0.014756696389380517,2
2020-12-15,PFE,0,0.030834481374979354,2
2020-12-15,PYPL,1,0.004997151108905314,2
2020-12-15,SPY,0,0.010220007669477229,2
2020-12-15,ZM,0,0.0026373756653858696,2
2020-12-16,AAPL,0,0.0015086834238265364,2
2020-12-16,AMZN,0,0.8578641754107097,2
2020-12-16,GOOGL,0,0.035630637546710316,2
2020-12-16,INTC,0,0.02863652579226743,2
2020-12-16,MSFT,0,0.01459983068671182,2
2020-12-16,NVDA,0,0.06198263367659628,2
2020-12-16,PFE,0,0.02367482810774269,2
2020-12-16,PYPL,0,0.03681010048527167,2
2020-12-16,SPY,0,0.006410617424366214,2
2020-12-16,ZM,0,0.003818689541616845,2
2020-12-17,AAPL,0,0.0016571539499484272,2
2020-12-17,AMZN,0,0.42924138025542585,2
2020-12-17,GOOGL,0,0.2100568966047871,2
2020-12-17,INTC,0,0.2679515677682944,2
2020-12-17,MSFT,0,0.0016604672598489831,2
2020-12-17,NVDA,0,0.011108510171397487,2
2020-12-17,PFE,0,0.050036771669488646,2
2020-12-17,PYPL,0,0.0010725198260693627,2
2020-12-17,SPY,0,0.002045810788615915,2
2020-12-17,ZM,0,0.0005430075782752162,2
2020-12-18,AAPL,1,0.06088735969655108,2
2020-12-18,AMZN,0,0.5597874668032186,2
2020-12-18,GOOGL,0,0.04026928518253581,2
2020-12-18,INTC,0,0.25642345213043927,2
2020-12-18,MSFT,0,0.0014968067866420892,2
2020-12-18,NVDA,0,0.012098102070258904,2
2020-12-18,PFE,0,0.07754046912063417,2
2020-12-18,PYPL,0,0.0010705478268587673,2
2020-12-18,SPY,0,0.002137563734945144,2
2020-12-18,ZM,0,0.003490225461207188,2
2020-12-21,AAPL,1,0.009432295803492582,2
2020-12-21,AMZN,0,0.33581496807980915,2
2020-12-21,GOOGL,0,0.023867210705793982,2
2020-12-21,INTC,1,0.20701250477553337,2
2020-12-21,MSFT,0,0.008723182682049026,2
2020-12-21,NVDA,0,0.01819643145410273,2
2020-12-21,PFE,0,0.08486807233333767,2
2020-12-21,PYPL,0,0.0005328617638173449,2
2020-12-21,SPY,0,0.00212852883491015,2
2020-12-21,ZM,0,0.0014349736870201194,2
2020-12-22,AAPL,0,0.004328643320085521,2
2020-12-22,AMZN,0,0.3524613751610252,2
2020-12-22,GOOGL,0,0.0632554812706496,2
2020-12-22,INTC,1,0.029421891655861898,2
2020-12-22,MSFT,0,0.0002867628933741547,2
2020-12-22,NVDA,0,0.008091161552280925,2
2020-12-22,PFE,0,0.040495894147368455,2
2020-12-22,PYPL,0,0.0007220439581240216,2
2020-12-22,SPY,0,0.0004991197438547563,2
2020-12-22,ZM,0,0.0006753483895763585,2
2020-12-23,AAPL,0,0.008596439787375329,2
2020-12-23,AMZN,0,0.45301253003885145,2
2020-12-23,GOOGL,0,0.06831557567382207,2
2020-12-23,INTC,1,0.052281147738403845,2
2020-12-23,MSFT,0,0.0087537412684198,2
2020-12-23,NVDA,0,0.021608910775337036,2
2020-12-23,PFE,0,0.0718029282454207,2
2020-12-23,PYPL,0,0.0006998152496792627,2
2020-12-23,SPY,0,0.002123159719072579,2
2020-12-23,ZM,0,0.0014653345227295797,2
2020-12-24,AAPL,0,0.0051200919141719346,2
2020-12-24,AMZN,0,0.3145918063465216,2
2020-12-24,GOOGL,0,0.11135177784251721,2
2020-12-24,INTC,1,0.03767749215610034,2
2020-12-24,MSFT,0,0.002652173522465119,2
2020-12-24,NVDA,0,0.009148201676936786,2
2020-12-24,PFE,0,0.009859196374004888,2
2020-12-24,PYPL,0,0.00031251561206611705,2
2020-12-24,SPY,0,0.000671670938942015,2
2020-12-24,ZM,0,0.0006094613216843013,2
2020-12-28,AAPL,0,0.0031690402954289965,2
2020-12-28,AMZN,0,0.6978654561100915,2
2020-12-28,GOOGL,0,0.0954471602431163,2
2020-12-28,INTC,1,0.0670693480166922,2
2020-12-28,MSFT,0,0.0025628161640956285,2
2020-12-28,NVDA,0,0.01620437557421851,2
2020-12-28,PFE,0,0.053360914950186,2
2020-12-28,PYPL,0,0.0006499611661169482,2
2020-12-28,SPY,0,0.001945099264615852,2
2020-12-28,ZM,0,0.0007746696956177503,2
2020-12-29,AAPL,0,0.03664274517409854,2
2020-12-29,AMZN,0,0.5377596502564982,2
2020-12-29,GOOGL,0,0.17669116752783057,2
2020-12-29,INTC,0,0.08180883011746765,2
2020-12-29,MSFT,0,0.001763307879626702,2
2020-12-29,NVDA,0,0.013320262850655703,2
2020-12-29,PFE,0,0.02254202329263954,2
2020-12-29,PYPL,0,0.008888020269386867,2
2020-12-29,SPY,0,0.0012553141074172888,2
2020-12-29,ZM,0,0.0006117799396177068,2
2020-12-30,AAPL,0,0.02724455608223945,2
2020-12-30,AMZN,0,0.03827562106576471,2
2020-12-30,GOOGL,0,0.22254562124310961,2
2020-12-30,INTC,1,0.5163977908941539,2
2020-12-30,MSFT,0,0.0016445053727145906,2
2020-12-30,NVDA,0,0.026322259666076934,2
2020-12-30,PFE,0,0.05875616180218613,2
2020-12-30,PYPL,0,0.0010468462736879884,2
2020-12-30,SPY,0,0.0034313280307694057,2
2020-12-30,ZM,0,0.000167267513637967,2
2020-12-31,AAPL,0,0.022563848520310462,2
2020-12-31,AMZN,0,0.02634792896877298,2
2020-12-31,GOOGL,0,0.03307189641668665,2
2020-12-31,INTC,0,0.13408727379578594,2
2020-12-31,MSFT,0,0.0003713899125529905,2
2020-12-31,NVDA,0,0.008095036345931615,2
2020-12-31,PFE,0,0.010840032261466273,2
2020-12-31,PYPL,0,0.002133431960050493,2
2020-12-31,SPY,0,0.00033284760921365255,2
2020-12-31,ZM,1,0.0029958881275050117,2
2021-01-04,AAPL,0,0.22393305847904674,3
2021-01-04,AMZN,0,0.12752203607561394,3
2021-01-04,GOOGL,0,0.23685866068674405,3
2021-01-04,INTC,0,0.502045657121552,3
2021-01-04,MSFT,0,0.04827226458103828,3
2021-01-04,NVDA,0,0.2903491810955384,3
2021-01-04,PFE,0,0.07481798662099899,3
2021-01-04,PYPL,0,0.02636995799406752,3
2021-01-04,SPY,0,0.10114774299855024,3
2021-01-04,ZM,0,0.10264295985999708,3
2021-01-05,AAPL,0,0.24658168633334857,3
2021-01-05,AMZN,0,0.04843066564463326,3
2021-01-05,GOOGL,0,0.04599345113198065,3
2021-01-05,INTC,0,0.17224091713058243,3
2021-01-05,MSFT,0,0.031577738136355074,3
2021-01-05,NVDA,0,0.12828969214360111,3
2021-01-05,PFE,0,0.07900677436139929,3
2021-01-05,PYPL,0,0.03631941333034715,3
2021-01-05,SPY,0,0.019705485810216625,3
2021-01-05,ZM,0,0.045631020489696215,3
2021-01-06,AAPL,0,0.36687256625495585,3
2021-01-06,AMZN,0,0.13321198153529312,3
2021-01-06,GOOGL,0,0.14674229685082726,3
2021-01-06,INTC,1,0.27240296015726867,3
2021-01-06,MSFT,0,0.1341380818450069,3
2021-01-06,NVDA,1,0.07025265111565028,3
2021-01-06,PFE,0,0.08042219082737227,3
2021-01-06,PYPL,1,0.023688548001869456,3
2021-01-06,SPY,0,0.008869649581629873,3
2021-01-06,ZM,1,0.22810522423304633,3
2021-01-07,AAPL,0,0.1577242030613441,3
2021-01-07,AMZN,0,0.03506379960148416,3
2021-01-07,GOOGL,0,0.19726273615486659,3
2021-01-07,INTC,1,0.15059038497900332,3
2021-01-07,MSFT,0,0.0433478951826152,3
2021-01-07,NVDA,0,0.07157172132140809,3
2021-01-07,PFE,0,0.02435462116228473,3
2021-01-07,PYPL,0,0.020589660611536758,3
2021-01-07,SPY,0,0.01727703282686168,3
2021-01-07,ZM,1,0.5064365617261585,3
2021-01-08,AAPL,0,0.01089591255284864,3
2021-01-08,AMZN,0,0.02014964714329187,3
2021-01-08,GOOGL,0,0.010665488885607342,3
2021-01-08,INTC,1,0.05180331593487617,3
2021-01-08,MSFT,0,0.0016799552565140024,3
2021-01-08,NVDA,0,0.14023852141177215,3
2021-01-08,PFE,0,0.03983782151454011,3
2021-01-08,PYPL,0,0.035614866875134814,3
2021-01-08,SPY,0,0.002808735615620078,3
2021-01-08,ZM,0,0.050933951156493074,3
2021-01-11,AAPL,0,0.10059730256440458,3
2021-01-11,AMZN,0,0.21870702545087997,3
2021-01-11,GOOGL,0,0.045402414188082586,3
2021-01-11,INTC,1,0.06989000814921137,3
2021-01-11,MSFT,0,0.028551210822969835,3
2021-01-11,NVDA,0,0.1553555446497076,3
2021-01-11,PFE,0,0.060181828687751446,3
2021-01-11,PYPL,0,0.007860530149545911,3
2021-01-11,SPY,0,0.1396383361395725,3
2021-01-11,ZM,1,0.12038090115074826,3
2021-01-12,AAPL,0,0.049804960038190814,3
2021-01-12,AMZN,0,0.0750119427255619,3
2021-01-12,GOOGL,1,0.11478162172445006,3
2021-01-12,INTC,1,0.020079256478398942,3
2021-01-12,MSFT,0,0.08287526250766852,3
2021-01-12,NVDA,0,0.2551371907544932,3
2021-01-12,PFE,0,0.046133062142499355,3
2021-01-12,PYPL,0,0.007219380790437031,3
2021-01-12,SPY,0,0.025054828139874363,3
2021-01-12,ZM,1,0.14394337717216948,3
2021-01-13,AAPL,0,0.06274373232285246,3
2021-01-13,AMZN,0,0.024662788505513754,3
2021-01-13,GOOGL,1,0.027900946480632162,3
2021-01-13,INTC,1,0.038809236239361236,3
2021-01-13,MSFT,0,0.010624700917367794,3
2021-01-13,NVDA,0,0.14451558931979833,3
2021-01-13,PFE,0,0.0211052962770586,3
2021-01-13,PYPL,0,0.023932691430488828,3
2021-01-13,SPY,0,0.01099638295119374,3
2021-01-13,ZM,1,0.3794574262372255,3
2021-01-14,AAPL,0,0.087211218331552,3
2021-01-14,AMZN,0,0.08287295852335026,3
2021-01-14,GOOGL,1,0.09281003681712933,3
2021-01-14,INTC,0,0.0026002536399102093,3
2021-01-14,MSFT,0,0.05808169687550276,3
2021-01-14,NVDA,0,0.015026039716220959,3
2021-01-14,PFE,0,0.02148337114846568,3
2021-01-14,PYPL,0,0.006649410295980371,3
2021-01-14,SPY,0,0.05347994665994305,3
2021-01-14,ZM,0,0.18238022246384814,3
2021-01-15,AAPL,1,0.03305289557875039,3
2021-01-15,AMZN,0,0.10789256533822744,3
2021-01-15,GOOGL,1,0.041965233811785616,3
2021-01-15,INTC,1,0.01310064362620061,3
2021-01-15,MSFT,0,0.04576245802920148,3
2021-01-15,NVDA,0,0.0679832868154137,3
2021-01-15,PFE,0,0.027233449593456305,3
2021-01-15,PYPL,0,0.007193146550545033,3
2021-01-15,SPY,0,0.07782339090353646,3
2021-01-15,ZM,0,0.018462568964737906,3
2021-01-19,AAPL,1,0.03623555951884453,3
2021-01-19,AMZN,0,0.021526544398182336,3
2021-01-19,GOOGL,0,0.12719183398176007,3
2021-01-19,INTC,1,0.0034075105996846967,3
2021-01-19,MSFT,0,0.02905109983946535,3
2021-01-19,NVDA,0,0.1341121424990823,3
2021-01-19,PFE,0,0.025632591798392033,3
2021-01-19,PYPL,0,0.0430018704948448,3
2021-01-19,SPY,0,0.019784068554893196,3
2021-01-19,ZM,0,0.04734772027884474,3
2021-01-20,AAPL,1,0.21797770357059948,3
2021-01-20,AMZN,0,0.04727942827833792,3
2021-01-20,GOOGL,0,0.011556639974272104,3
2021-01-20,INTC,1,0.0008613040379963413,3
2021-01-20,MSFT,0,0.05639239711264255,3
2021-01-20,NVDA,0,0.07574178104065746,3
2021-01-20,PFE,0,0.015122712978731995,3
2021-01-20,PYPL,0,0.002211300176627351,3
2021-01-20,SPY,0,0.03447673807146552,3
2021-01-20,ZM,0,0.03247032152251822,3
2021-01-21,AAPL,0,0.09774829408643346,3
2021-01-21,AMZN,0,0.01272563696495205,3
2021-01-21,GOOGL,0,0.008349327923464897,3
2021-01-21,INTC,0,0.0019490692164507786,3
2021-01-21,MSFT,0,0.007802829530808883,3
2021-01-21,NVDA,0,0.24666728486603662,3
2021-01-21,PFE,0,0.05281857306291846,3
2021-01-21,PYPL,0,0.0019538751414984908,3
2021-01-21,SPY,0,0.021094219966647388,3
2021-01-21,ZM,0,0.014692708131414949,3
2021-01-22,AAPL,0,0.017126927074810488,3
2021-01-22,AMZN,0,0.03835426905891566,3
2021-01-22,GOOGL,0,0.035875087109442615,3
2021-01-22,INTC,0,0.02503693721628105,3
2021-01-22,MSFT,0,0.007541732710167814,3
2021-01-22,NVDA,0,0.10659041710339663,3
2021-01-22,PFE,0,0.02840899378871414,3
2021-01-22,PYPL,0,0.00218988696838875,3
2021-01-22,SPY,0,0.13308436042787028,3
2021-01-22,ZM,0,0.013208642480556363,3
2021-01-25,AAPL,0,0.05454959193727812,3
2021-01-25,AMZN,0,0.012315214289207174,3
2021-01-25,GOOGL,0,0.017334773059660857,3
2021-01-25,INTC,0,0.003978264880452625,3
2021-01-25,MSFT,0,0.006586456441357471,3
2021-01-25,NVDA,0,0.1620072428305501,3
2021-01-25,PFE,0,0.012512562775228733,3
2021-01-25,PYPL,0,0.0019254314674862906,3
2021-01-25,SPY,0,0.021862860710468415,3
2021-01-25,ZM,0,0.027705341229431964,3
2021-01-26,AAPL,0,0.12804963667254565,3
2021-01-26,AMZN,0,0.007458511914914826,3
2021-01-26,GOOGL,0,0.0052256611540596265,3
2021-01-26,INTC,0,0.0161091898628089,3
2021-01-26,MSFT,0,0.12184108302908223,3
2021-01-26,NVDA,0,0.09268251525585858,3
2021-01-26,PFE,0,0.031244104716611824,3
2021-01-26,PYPL,0,0.0032304889408899633,3
2021-01-26,SPY,0,0.03744328712755273,3
2021-01-26,ZM,0,0.018278831674363706,3
2021-01-27,AAPL,0,0.10900650297879387,3
2021-01-27,AMZN,0,0.02417506640379121,3
2021-01-27,GOOGL,1,0.02419654152175333,3
2021-01-27,INTC,0,0.04227599084426241,3
2021-01-27,MSFT,0,0.015821326700807097,3
2021-01-27,NVDA,0,0.17893145354462728,3
2021-01-27,PFE,0,0.08431221699580421,3
2021-01-27,PYPL,1,0.027916502079989892,3
2021-01-27,SPY,0,0.18993625011430537,3
2021-01-27,ZM,0,0.050079059732677164,3
2021-01-28,AAPL,0,0.04405628882446721,3
2021-01-28,AMZN,0,0.012803056147206369,3
2021-01-28,GOOGL,1,0.038470919989766074,3
2021-01-28,INTC,0,0.017219812741835035,3
2021-01-28,MSFT,0,0.04124610380265424,3
2021-01-28,NVDA,0,0.09893667666167262,3
2021-01-28,PFE,0,0.005946312419660886,3
2021-01-28,PYPL,1,0.03147228726532993,3
2021-01-28,SPY,0,0.123926073809917,3
2021-01-28,ZM,0,0.03450098342637722,3
2021-01-29,AAPL,0,0.3100881077464552,3
2021-01-29,AMZN,0,0.24669390290110657,3
2021-01-29,GOOGL,1,0.13722837670311763,3
2021-01-29,INTC,0,0.02873670028388796,3
2021-01-29,MSFT,0,0.10203904055579235,3
2021-01-29,NVDA,0,0.20704761429588556,3
2021-01-29,PFE,0,0.005746856788481854,3
2021-01-29,PYPL,1,0.013665361256270383,3
2021-01-29,SPY,0,0.6809147083807541,3
2021-01-29,ZM,1,0.03998088958375475,3
2021-02-01,AAPL,0,0.07166116761523704,3
2021-02-01,AMZN,0,0.010023970661821638,3
2021-02-01,GOOGL,1,0.23373378181054194,3
2021-02-01,INTC,0,0.007624440647348319,3
2021-02-01,MSFT,0,0.4894818094281612,3
2021-02-01,NVDA,0,0.09622513523078782,3
2021-02-01,PFE,0,0.036591848106514835,3
2021-02-01,PYPL,1,0.051210482902705,3
2021-02-01,SPY,0,0.11621082914107399,3
2021-02-01,ZM,1,0.01557056501405674,3
2021-02-02,AAPL,0,0.013212280259606655,3
2021-02-02,AMZN,0,0.005712624233498112,3
2021-02-02,GOOGL,1,0.030655148860720835,3
2021-02-02,INTC,0,0.009846257856106828,3
2021-02-02,MSFT,0,0.01580840230230372,3
2021-02-02,NVDA,0,0.08530553816338199,3
2021-02-02,PFE,0,0.03719411241221506,3
2021-02-02,PYPL,1,0.01093189467948217,3
2021-02-02,SPY,0,0.05627687157347303,3
2021-02-02,ZM,1,0.02713374295983569,3
2021-02-03,AAPL,0,0.1726870805900614,3
2021-02-03,AMZN,0,0.013718188847341791,3
2021-02-03,GOOGL,0,0.028798478209074774,3
2021-02-03,INTC,0,0.010676210199599773,3
2021-02-03,MSFT,0,0.00739759613285568,3
2021-02-03,NVDA,1,0.12630606819775503,3
2021-02-03,PFE,0,0.042819640206017584,3
2021-02-03,PYPL,1,0.002734712833077577,3
2021-02-03,SPY,0,0.07898035528767097,3
2021-02-03,ZM,1,0.05353024875934812,3
2021-02-04,AAPL,0,0.07760990839197818,3
2021-02-04,AMZN,0,0.009632895013007823,3
2021-02-04,GOOGL,0,0.05399374134065604,3
2021-02-04,INTC,0,0.01197550887916502,3
2021-02-04,MSFT,0,0.05644658721981828,3
2021-02-04,NVDA,1,0.07671242220195974,3
2021-02-04,PFE,0,0.021552794040858126,3
2021-02-04,PYPL,1,0.060445445818691886,3
2021-02-04,SPY,0,0.023494890810718,3
2021-02-04,ZM,1,0.09169636962223521,3
2021-02-05,AAPL,0,0.24451740084745227,3
2021-02-05,AMZN,0,0.0011113186045420063,3
2021-02-05,GOOGL,0,0.03521074249553877,3
2021-02-05,INTC,0,0.026097190950714125,3
2021-02-05,MSFT,0,0.030977273137674906,3
2021-02-05,NVDA,1,0.2808314650005207,3
2021-02-05,PFE,0,0.04440561335359915,3
2021-02-05,PYPL,1,0.00336541408659402,3
2021-02-05,SPY,0,0.026720741980558953,3
2021-02-05,ZM,0,0.24904377049188411,3
2021-02-08,AAPL,0,0.2472274589945092,3
2021-02-08,AMZN,0,0.044315417798554434,3
2021-02-08,GOOGL,0,0.10484701441347369,3
2021-02-08,INTC,0,0.014777559225154106,3
2021-02-08,MSFT,0,0.035530762448637496,3
2021-02-08,NVDA,0,0.050008096292342694,3
2021-02-08,PFE,0,0.06967987224116426,3
2021-02-08,PYPL,0,0.1931798621738261,3
2021-02-08,SPY,0,0.008906853678801235,3
2021-02-08,ZM,1,0.05975941043182204,3
2021-02-09,AAPL,0,0.27793901305449403,3
2021-02-09,AMZN,0,0.030488330031012475,3
2021-02-09,GOOGL,0,0.09305035446072507,3
2021-02-09,INTC,0,0.006351970370508198,3
2021-02-09,MSFT,0,0.0026249985407031965,3
2021-02-09,NVDA,0,0.16410557856913272,3
2021-02-09,PFE,0,0.01587745387584995,3
2021-02-09,PYPL,0,0.2229161901864132,3
2021-02-09,SPY,0,0.015608526192182092,3
2021-02-09,ZM,0,0.09094597781897236,3
2021-02-10,AAPL,0,0.6606563352964425,3
2021-02-10,AMZN,0,0.13325929094007116,3
2021-02-10,GOOGL,0,0.009358639007919422,3
2021-02-10,INTC,0,0.007519413750176054,3
2021-02-10,MSFT,0,0.003338790466664651,3
2021-02-10,NVDA,0,0.24969260564717705,3
2021-02-10,PFE,0,0.00988752000898406,3
2021-02-10,PYPL,1,0.7532935232153166,3
2021-02-10,SPY,0,0.020250334922306375,3
2021-02-10,ZM,0,0.024509165306753237,3
2021-02-11,AAPL,0,0.7664697429942322,3
2021-02-11,AMZN,0,0.16900331741364633,3
2021-02-11,GOOGL,0,0.05604159663783343,3
2021-02-11,INTC,0,0.14916490995373666,3
2021-02-11,MSFT,0,0.004039398416522317,3
2021-02-11,NVDA,0,0.12506667601498508,3
2021-02-11,PFE,0,0.07870789761228109,3
2021-02-11,PYPL,1,0.591768814926259,3
2021-02-11,SPY,0,0.04160135976379337,3
2021-02-11,ZM,0,0.06328572701059945,3
2021-02-12,AAPL,0,0.048950799153492534,3
2021-02-12,AMZN,0,0.024970707015079897,3
2021-02-12,GOOGL,0,0.04020071120026908,3
2021-02-12,INTC,0,0.02690369708292044,3
2021-02-12,MSFT,0,0.04036837538816276,3
2021-02-12,NVDA,0,0.11990647748888962,3
2021-02-12,PFE,0,0.05749675391557563,3
2021-02-12,PYPL,0,0.7850146232146027,3
2021-02-12,SPY,0,0.022285525166313887,3
2021-02-12,ZM,0,0.026836615354482233,3
2021-02-16,AAPL,0,0.315230608948198,3
2021-02-16,AMZN,0,0.12389539425101548,3
2021-02-16,GOOGL,0,0.0366460801317214,3
2021-02-16,INTC,0,0.020861532597804586,3
2021-02-16,MSFT,0,0.06738800836880954,3
2021-02-16,NVDA,0,0.23894963314227616,3
2021-02-16,PFE,0,0.06788208144223533,3
2021-02-16,PYPL,0,0.6983132822495983,3
2021-02-16,SPY,0,0.03227648375555774,3
2021-02-16,ZM,0,0.02096627147946744,3
2021-02-17,AAPL,0,0.399907495283173,3
2021-02-17,AMZN,0,0.11080877289536277,3
2021-02-17,GOOGL,0,0.014250511593992302,3
2021-02-17,INTC,0,0.017734238849465244,3
2021-02-17,MSFT,0,0.003558918029982342,3
2021-02-17,NVDA,0,0.7958499958409135,3
2021-02-17,PFE,0,0.017006486410675953,3
2021-02-17,PYPL,0,0.7094171842766336,3
2021-02-17,SPY,0,0.0032210339078934916,3
2021-02-17,ZM,0,0.04822013792262919,3
2021-02-18,AAPL,0,0.24447866302225627,3
2021-02-18,AMZN,0,0.01840172776288506,3
2021-02-18,GOOGL,0,0.052593102649447235,3
2021-02-18,INTC,0,0.01600264091514946,3
2021-02-18,MSFT,0,0.008477333998744084,3
2021-02-18,NVDA,0,0.40060377407850734,3
2021-02-18,PFE,0,0.16045100570370935,3
2021-02-18,PYPL,0,0.901453950176076,3
2021-02-18,SPY,0,0.070445657665288,3
2021-02-18,ZM,0,0.04602486107741564,3
2021-02-19,AAPL,0,0.0664565244930473,3
2021-02-19,AMZN,0,0.10986981497698943,3
2021-02-19,GOOGL,0,0.018216761836050033,3
2021-02-19,INTC,0,0.013059292817068684,3
2021-02-19,MSFT,0,0.053912792545509396,3
2021-02-19,NVDA,0,0.5068733141445766,3
2021-02-19,PFE,0,0.11924856549647714,3
2021-02-19,PYPL,0,0.729372400908141,3
2021-02-19,SPY,0,0.009152948207203403,3
2021-02-19,ZM,0,0.02719676459192714,3
2021-02-22,AAPL,0,0.5022483175147582,3
2021-02-22,AMZN,0,0.24537458178987892,3
2021-02-22,GOOGL,0,0.0411696228939256,3
2021-02-22,INTC,0,0.1124029010998361,3
2021-02-22,MSFT,0,0.08893359644219488,3
2021-02-22,NVDA,0,0.17244479223152182,3
2021-02-22,PFE,0,0.12154646777888245,3
2021-02-22,PYPL,0,0.8481136175386771,3
2021-02-22,SPY,0,0.0800219878805326,3
2021-02-22,ZM,0,0.36607607134203385,3
2021-02-23,AAPL,0,0.4066948124010049,3
2021-02-23,AMZN,0,0.05038144048157484,3
2021-02-23,GOOGL,0,0.009174450932344246,3
2021-02-23,INTC,0,0.03908554592381194,3
2021-02-23,MSFT,0,0.029063446844296917,3
2021-02-23,NVDA,0,0.14190625144121055,3
2021-02-23,PFE,0,0.16155312604546862,3
2021-02-23,PYPL,0,0.9015866388208795,3
2021-02-23,SPY,0,0.01899553850354791,3
2021-02-23,ZM,0,0.1282909614589021,3
2021-02-24,AAPL,0,0.3001691884262364,3
2021-02-24,AMZN,0,0.22638996728714075,3
2021-02-24,GOOGL,0,0.14098575806695543,3
2021-02-24,INTC,0,0.056682383192844105,3
2021-02-24,MSFT,0,0.005393357093428587,3
2021-02-24,NVDA,0,0.11580360995189701,3
2021-02-24,PFE,0,0.08956328040352261,3
2021-02-24,PYPL,0,0.8998697372134341,3
2021-02-24,SPY,0,0.023233548703889786,3
2021-02-24,ZM,0,0.2536241131561558,3
2021-02-25,AAPL,0,0.32075420356301776,3
2021-02-25,AMZN,0,0.19133371449736516,3
2021-02-25,GOOGL,0,0.17898317453448295,3
2021-02-25,INTC,0,0.029771171029129826,3
2021-02-25,MSFT,0,0.030286561366396264,3
2021-02-25,NVDA,0,0.14367178724418225,3
2021-02-25,PFE,0,0.04997046004900003,3
2021-02-25,PYPL,1,0.6682982993878056,3
2021-02-25,SPY,0,0.19857253286692605,3
2021-02-25,ZM,1,0.553936601324978,3
2021-02-26,AAPL,0,0.15344305744895095,3
2021-02-26,AMZN,0,0.05067394030976982,3
2021-02-26,GOOGL,0,0.02150327517122319,3
2021-02-26,INTC,0,0.0051395273438585,3
2021-02-26,MSFT,0,0.003913322580446178,3
2021-02-26,NVDA,0,0.24654208633510213,3
2021-02-26,PFE,0,0.19548997644460323,3
2021-02-26,PYPL,0,0.8213768181786266,3
2021-02-26,SPY,0,0.727276452438425,3
2021-02-26,ZM,1,0.10485291386112526,3
2021-03-01,AAPL,0,0.031206869601435684,3
2021-03-01,AMZN,0,0.02662529503149571,3
2021-03-01,GOOGL,0,0.020644671258073014,3
2021-03-01,INTC,0,0.02599516864438256,3
2021-03-01,MSFT,0,0.016846555713985658,3
2021-03-01,NVDA,0,0.07772289434776168,3
2021-03-01,PFE,0,0.0037578465252698745,3
2021-03-01,PYPL,0,0.37459593928370616,3
2021-03-01,SPY,0,0.1047363303020141,3
2021-03-01,ZM,0,0.38129382870540074,3
2021-03-02,AAPL,0,0.2483141061350625,3
2021-03-02,AMZN,0,0.3731348453665527,3
2021-03-02,GOOGL,0,0.0760249564063321,3
2021-03-02,INTC,0,0.007095805470306319,3
2021-03-02,MSFT,0,0.029344873109350557,3
2021-03-02,NVDA,0,0.3647462939549842,3
2021-03-02,PFE,0,0.15185869696311877,3
2021-03-02,PYPL,0,0.535307747404598,3
2021-03-02,SPY,0,0.31086856712008387,3
2021-03-02,ZM,0,0.2682359367082239,3
2021-03-03,AAPL,0,0.23537785004213468,3
2021-03-03,AMZN,0,0.45747634360816575,3
2021-03-03,GOOGL,0,0.04151747589896455,3
2021-03-03,INTC,0,0.0036517329541308186,3
2021-03-03,MSFT,0,0.02235811257785203,3
2021-03-03,NVDA,0,0.2909927964261052,3
2021-03-03,PFE,0,0.09782070191486736,3
2021-03-03,PYPL,0,0.17761338354893488,3
2021-03-03,SPY,0,0.24304734528367652,3
2021-03-03,ZM,0,0.19724452354441352,3
2021-03-04,AAPL,0,0.13311909418199638,3
2021-03-04,AMZN,0,0.23155068917419042,3
2021-03-04,GOOGL,0,0.016981497171228314,3
2021-03-04,INTC,0,0.005484748257764858,3
2021-03-04,MSFT,0,0.013565644721440938,3
2021-03-04,NVDA,0,0.5257511749936403,3
2021-03-04,PFE,0,0.07803626674512362,3
2021-03-04,PYPL,0,0.134321761026754,3
2021-03-04,SPY,0,0.38352351220891473,3
2021-03-04,ZM,0,0.11779778078187321,3
2021-03-05,AAPL,0,0.04268478573826746,3
2021-03-05,AMZN,0,0.06523647847205312,3
2021-03-05,GOOGL,0,0.04912845154796244,3
2021-03-05,INTC,0,0.007373316038344536,3
2021-03-05,MSFT,0,0.0033892224646544632,3
2021-03-05,NVDA,0,0.3043922000605121,3
2021-03-05,PFE,0,0.0779553392960585,3
2021-03-05,PYPL,0,0.4357110867159671,3
2021-03-05,SPY,0,0.16801032822507114,3
2021-03-05,ZM,0,0.32359926532032085,3
2021-03-08,AAPL,0,0.19219423397106924,3
2021-03-08,AMZN,0,0.41202426306403267,3
2021-03-08,GOOGL,0,0.03444334849570558,3
2021-03-08,INTC,0,0.009320438454262895,3
2021-03-08,MSFT,0,0.027739168942628654,3
2021-03-08,NVDA,1,0.5533121641820361,3
2021-03-08,PFE,0,0.21746317370823687,3
2021-03-08,PYPL,1,0.1792559090114523,3
2021-03-08,SPY,0,0.4941865970161862,3
2021-03-08,ZM,1,0.2471523798259344,3
2021-03-09,AAPL,0,0.017313024610763953,3
2021-03-09,AMZN,0,0.03647374348972861,3
2021-03-09,GOOGL,0,0.016981949179960078,3
2021-03-09,INTC,0,0.004098483833428416,3
2021-03-09,MSFT,0,0.0009307074085291565,3
2021-03-09,NVDA,0,0.01271622758662995,3
2021-03-09,PFE,0,0.028364119312471413,3
2021-03-09,PYPL,0,0.024405428630096128,3
2021-03-09,SPY,0,0.016470832850737988,3
2021-03-09,ZM,0,0.03754235930840338,3
2021-03-10,AAPL,0,0.009038572195884465,3
2021-03-10,AMZN,0,0.007527792964805006,3
2021-03-10,GOOGL,0,0.046145876591873684,3
2021-03-10,INTC,0,0.004839155251372246,3
2021-03-10,MSFT,0,0.001307453189620182,3
2021-03-10,NVDA,0,0.06994358066045465,3
2021-03-10,PFE,0,0.004861002999507238,3
2021-03-10,PYPL,0,0.05400185074887075,3
2021-03-10,SPY,0,0.017514572400216755,3
2021-03-10,ZM,0,0.14139372985375953,3
2021-03-11,AAPL,0,0.01240096736254829,3
2021-03-11,AMZN,0,0.015172934779692667,3
2021-03-11,GOOGL,0,0.0824095624806685,3
2021-03-11,INTC,0,0.00977119443971727,3
2021-03-11,MSFT,0,0.0020050839117854245,3
2021-03-11,NVDA,0,0.03581073609774683,3
2021-03-11,PFE,0,0.005832591553448182,3
2021-03-11,PYPL,0,0.038835507192584606,3
2021-03-11,SPY,0,0.06819659874902134,3
2021-03-11,ZM,0,0.07048378966676064,3
2021-03-12,AAPL,0,0.0433618662114873,3
2021-03-12,AMZN,0,0.07738077766495678,3
2021-03-12,GOOGL,0,0.03104118855843646,3
2021-03-12,INTC,0,0.007856258283987548,3
2021-03-12,MSFT,0,0.005914055619418354,3
2021-03-12,NVDA,0,0.11153465772935862,3
2021-03-12,PFE,0,0.029774118748808902,3
2021-03-12,PYPL,0,0.23613704138066388,3
2021-03-12,SPY,0,0.029991801807935283,3
2021-03-12,ZM,0,0.1954975677653168,3
2021-03-15,AAPL,0,0.08224716264676984,3
2021-03-15,AMZN,0,0.1352505637199242,3
2021-03-15,GOOGL,0,0.03208943105388109,3
2021-03-15,INTC,0,0.016670100540945282,3
2021-03-15,MSFT,0,0.008247790094664361,3
2021-03-15,NVDA,0,0.17900497392404444,3
2021-03-15,PFE,0,0.01600405271915283,3
2021-03-15,PYPL,0,0.6816121528327821,3
2021-03-15,SPY,0,0.004556268043705034,3
2021-03-15,ZM,0,0.17636322608525462,3
2021-03-16,AAPL,0,0.03401698287273247,3
2021-03-16,AMZN,0,0.23671381952379225,3
2021-03-16,GOOGL,0,0.013246265246043205,3
2021-03-16,INTC,0,0.01468810977135216,3
2021-03-16,MSFT,0,0.006413205741818683,3
2021-03-16,NVDA,0,0.0489415127855338,3
2021-03-16,PFE,0,0.0066206556887451916,3
2021-03-16,PYPL,0,0.9355632320694919,3
2021-03-16,SPY,0,0.06666122330394192,3
2021-03-16,ZM,0,0.5399537826395722,3
2021-03-17,AAPL,0,0.023713459595144804,3
2021-03-17,AMZN,0,0.07404421257334144,3
2021-03-17,GOOGL,0,0.0529858961119231,3
2021-03-17,INTC,0,0.012294266008365615,3
2021-03-17,MSFT,0,0.0041982138679279865,3
2021-03-17,NVDA,0,0.1752839115381869,3
2021-03-17,PFE,0,0.04068305598142581,3
2021-03-17,PYPL,0,0.8463656471993468,3
2021-03-17,SPY,0,0.05722029818659385,3
2021-03-17,ZM,0,0.1254148287580778,3
2021-03-18,AAPL,0,0.13798275599854562,3
2021-03-18,AMZN,0,0.6411170984605146,3
2021-03-18,GOOGL,0,0.15370538957890284,3
2021-03-18,INTC,0,0.010998334270206836,3
2021-03-18,MSFT,0,0.029416631362270847,3
2021-03-18,NVDA,0,0.19435986607052086,3
2021-03-18,PFE,0,0.05138489770962774,3
2021-03-18,PYPL,0,0.6559222016139586,3
2021-03-18,SPY,0,0.04098552279892861,3
2021-03-18,ZM,0,0.21705634931563594,3
2021-03-19,AAPL,0,0.023016184604199755,3
2021-03-19,AMZN,0,0.16871707163830016,3
2021-03-19,GOOGL,0,0.02403718905034468,3
2021-03-19,INTC,0,0.008263950242829535,3
2021-03-19,MSFT,0,0.07318215461327848,3
2021-03-19,NVDA,0,0.05675634253565597,3
2021-03-19,PFE,0,0.019833083701659576,3
2021-03-19,PYPL,0,0.5046372863151873,3
2021-03-19,SPY,0,0.3759803656236408,3
2021-03-19,ZM,0,0.3014188997956215,3
2021-03-22,AAPL,0,0.03788927426279392,3
2021-03-22,AMZN,0,0.20307725583789618,3
2021-03-22,GOOGL,0,0.031226317910392407,3
2021-03-22,INTC,0,0.03413266711631381,3
2021-03-22,MSFT,0,0.03714854225076486,3
2021-03-22,NVDA,0,0.04536117636795823,3
2021-03-22,PFE,0,0.01774228658301503,3
2021-03-22,PYPL,0,0.3493368684734495,3
2021-03-22,SPY,0,0.020174740529482173,3
2021-03-22,ZM,0,0.14183055755804724,3
2021-03-23,AAPL,0,0.024904411499257366,3
2021-03-23,AMZN,0,0.1109054313046156,3
2021-03-23,GOOGL,0,0.014035744619482052,3
2021-03-23,INTC,0,0.012720721105131836,3
2021-03-23,MSFT,0,0.001064231615889617,3
2021-03-23,NVDA,0,0.14579762490315518,3
2021-03-23,PFE,0,0.0958484776467151,3
2021-03-23,PYPL,0,0.4356587431394509,3
2021-03-23,SPY,0,0.05914734827199389,3
2021-03-23,ZM,0,0.2806229067301526,3
2021-03-24,AAPL,0,0.02520804234188682,3
2021-03-24,AMZN,0,0.18382947792713128,3
2021-03-24,GOOGL,0,0.03691800597839117,3
2021-03-24,INTC,0,0.0019857242390067345,3
2021-03-24,MSFT,0,0.0019050460351154649,3
2021-03-24,NVDA,0,0.1524536780124541,3
2021-03-24,PFE,0,0.009850333829948538,3
2021-03-24,PYPL,0,0.08842958953247362,3
2021-03-24,SPY,0,0.145705224896248,3
2021-03-24,ZM,0,0.23175889268558458,3
2021-03-25,AAPL,0,0.02128132604409034,3
2021-03-25,AMZN,0,0.27523735182532116,3
2021-03-25,GOOGL,0,0.038692676845969325,3
2021-03-25,INTC,0,0.010330505859528006,3
2021-03-25,MSFT,0,0.012509570565453116,3
2021-03-25,NVDA,1,0.2527490911914092,3
2021-03-25,PFE,0,0.17055406995199945,3
2021-03-25,PYPL,0,0.03400318563719369,3
2021-03-25,SPY,0,0.006200350461366759,3
2021-03-25,ZM,0,0.06363649826444374,3
2021-03-26,AAPL,0,0.003643506592734476,3
2021-03-26,AMZN,0,0.07003564889983284,3
2021-03-26,GOOGL,1,0.09388479416420209,3
2021-03-26,INTC,0,0.015955980085214833,3
2021-03-26,MSFT,0,0.0011305195106903153,3
2021-03-26,NVDA,1,0.12025076493558874,3
2021-03-26,PFE,0,0.03592408265589877,3
2021-03-26,PYPL,0,0.009932228450644526,3
2021-03-26,SPY,0,0.01960081046725261,3
2021-03-26,ZM,0,0.034171003279132715,3
2021-03-29,AAPL,0,0.015749080886846324,3
2021-03-29,AMZN,0,0.04851552411700126,3
2021-03-29,GOOGL,1,0.03725190951190897,3
2021-03-29,INTC,0,0.02654070593693059,3
2021-03-29,MSFT,0,0.009896281535222798,3
2021-03-29,NVDA,1,0.3086226078418852,3
2021-03-29,PFE,0,0.02277455521958174,3
2021-03-29,PYPL,0,0.015179124046472557,3
2021-03-29,SPY,0,0.03472605097437387,3
2021-03-29,ZM,1,0.0977111615696357,3
2021-03-30,AAPL,0,0.08503008026750034,3
2021-03-30,AMZN,0,0.30070436610240353,3
2021-03-30,GOOGL,1,0.048952416051211624,3
2021-03-30,INTC,0,0.045875789798810414,3
2021-03-30,MSFT,0,0.012545499679216783,3
2021-03-30,NVDA,1,0.21044581184591435,3
2021-03-30,PFE,0,0.10054589606468499,3
2021-03-30,PYPL,1,0.0090904439158081,3
2021-03-30,SPY,0,0.28711657066673285,3
2021-03-30,ZM,1,0.08819186153510139,3
2021-03-31,AAPL,0,0.040932992642463216,3
2021-03-31,AMZN,0,0.19345669365246757,3
2021-03-31,GOOGL,1,0.0824399002699641,3
2021-03-31,INTC,0,0.07141457524015568,3
2021-03-31,MSFT,1,0.019441186447207656,3
2021-03-31,NVDA,1,0.2956787479786321,3
2021-03-31,PFE,0,0.16046666014762412,3
2021-03-31,PYPL,1,0.011553500447802874,3
2021-03-31,SPY,0,0.025746191262885125,3
2021-03-31,ZM,0,0.1469376121329215,3
2021-04-01,AAPL,1,0.024803465045117254,3
2021-04-01,AMZN,0,0.4904910375024999,3
2021-04-01,GOOGL,0,0.053985628766723005,3
2021-04-01,INTC,0,0.05561753122716129,3
2021-04-01,MSFT,0,0.016538047904425143,3
2021-04-01,NVDA,0,0.23033158416755936,3
2021-04-01,PFE,0,0.12039788631922589,3
2021-04-01,PYPL,0,0.016618813409047827,3
2021-04-01,SPY,0,0.06280867325048588,3
2021-04-01,ZM,0,0.1457153874110114,3
2021-04-05,AAPL,0,0.10974674695150731,3
2021-04-05,AMZN,0,0.6559378150211744,3
2021-04-05,GOOGL,0,0.005249799639871263,3
2021-04-05,INTC,0,0.07614924784282823,3
2021-04-05,MSFT,0,0.011763530538055829,3
2021-04-05,NVDA,1,0.15261374911677775,3
2021-04-05,PFE,0,0.037192042525815074,3
2021-04-05,PYPL,0,0.0071685037818222655,3
2021-04-05,SPY,0,0.09408885408769549,3
2021-04-05,ZM,0,0.18864862796696283,3
2021-04-06,AAPL,0,0.056827283168643536,3
2021-04-06,AMZN,0,0.5242446157096178,3
2021-04-06,GOOGL,0,0.09727065103448797,3
2021-04-06,INTC,0,0.3369741748969363,3
2021-04-06,MSFT,0,0.010871034547742957,3
2021-04-06,NVDA,1,0.412671993418965,3
2021-04-06,PFE,0,0.0625428073887957,3
2021-04-06,PYPL,1,0.0022285811899761926,3
2021-04-06,SPY,0,0.06050315328134396,3
2021-04-06,ZM,0,0.02221825508228056,3
2021-04-07,AAPL,0,0.09379626683877607,3
2021-04-07,AMZN,0,0.562867840056864,3
2021-04-07,GOOGL,0,0.033352299032493385,3
2021-04-07,INTC,0,0.15790522689998698,3
2021-04-07,MSFT,0,0.003341887228877796,3
2021-04-07,NVDA,1,0.26755719939821465,3
2021-04-07,PFE,0,0.056687733331183376,3
2021-04-07,PYPL,1,0.00318424552004426,3
2021-04-07,SPY,0,0.036260150635498895,3
2021-04-07,ZM,0,0.046689723901063886,3
2021-04-08,AAPL,0,0.08888891933600465,3
2021-04-08,AMZN,0,0.002249327949113257,3
2021-04-08,GOOGL,0,0.0013393550373606857,3
2021-04-08,INTC,0,0.2587592084595794,3
2021-04-08,MSFT,0,0.0016240198870579685,3
2021-04-08,NVDA,1,0.5993024656136423,3
2021-04-08,PFE,0,0.03803903918209927,3
2021-04-08,PYPL,0,0.02903592192016718,3
2021-04-08,SPY,0,0.001520602431425651,3
2021-04-08,ZM,0,0.008755682296130033,3
2021-04-09,AAPL,0,0.08850344818723539,3
2021-04-09,AMZN,0,0.005595156755293714,3
2021-04-09,GOOGL,0,0.0031044575105796776,3
2021-04-09,INTC,0,0.19957987493256044,3
2021-04-09,MSFT,0,0.00043485854504481716,3
2021-04-09,NVDA,1,0.28805794695617953,3
2021-04-09,PFE,0,0.08595826828658983,3
2021-04-09,PYPL,0,0.002591491843120485,3
2021-04-09,SPY,0,0.007934054794522813,3
2021-04-09,ZM,1,0.06040170077774679,3
2021-04-12,AAPL,0,0.12439452240987578,3
2021-04-12,AMZN,0,0.002362430822343946,3
2021-04-12,GOOGL,0,0.02718452306854432,3
2021-04-12,INTC,0,0.2156904806825427,3
2021-04-12,MSFT,0,0.0034955681928527426,3
2021-04-12,NVDA,0,0.7298334858754875,3
2021-04-12,PFE,0,0.056121221662144644,3
2021-04-12,PYPL,0,0.005832631209642153,3
2021-04-12,SPY,0,0.005560910169048156,3
2021-04-12,ZM,1,0.0304076494939187,3
2021-04-13,AAPL,0,0.0599724653927133,3
2021-04-13,AMZN,0,0.0005544938769150089,3
2021-04-13,GOOGL,0,0.054494111899190255,3
2021-04-13,INTC,0,0.17090410982401266,3
2021-04-13,MSFT,0,0.001360965010918647,3
2021-04-13,NVDA,0,0.7494110719488365,3
2021-04-13,PFE,0,0.0021901116665676667,3
2021-04-13,PYPL,0,0.06088274987458737,3
2021-04-13,SPY,0,0.004709459808072228,3
2021-04-13,ZM,0,0.051546046015297636,3
2021-04-14,AAPL,0,0.5936505790632538,3
2021-04-14,AMZN,0,0.17426460122256615,3
2021-04-14,GOOGL,0,0.2270947406113232,3
2021-04-14,INTC,0,0.09844963971282078,3
2021-04-14,MSFT,0,0.0721143699673244,3
2021-04-14,NVDA,0,0.15922084010974985,3
2021-04-14,PFE,0,0.02486052926848719,3
2021-04-14,PYPL,0,0.6121848684284326,3
2021-04-14,SPY,0,0.07055753917131073,3
2021-04-14,ZM,0,0.010757310610014526,3
2021-04-15,AAPL,0,0.15628269588525792,3
2021-04-15,AMZN,0,0.013683845048490816,3
2021-04-15,GOOGL,0,0.1146360256181047,3
2021-04-15,INTC,0,0.05222120047452224,3
2021-04-15,MSFT,0,0.01812464686004801,3
2021-04-15,NVDA,0,0.268461405803106,3
2021-04-15,PFE,0,0.007554453522718293,3
2021-04-15,PYPL,0,0.4440039615329586,3
2021-04-15,SPY,0,0.02151819908684584,3
2021-04-15,ZM,0,0.004895791831476665,3
2021-04-16,AAPL,0,0.19567997556637884,3
2021-04-16,AMZN,0,0.00447570575976527,3
2021-04-16,GOOGL,0,0.1608852321347412,3
2021-04-16,INTC,0,0.04220430450246506,3
2021-04-16,MSFT,0,0.003335628850226064,3
2021-04-16,NVDA,0,0.3951453309113541,3
2021-04-16,PFE,0,0.02249637343516558,3
2021-04-16,PYPL,0,0.8899692174158256,3
2021-04-16,SPY,0,0.013007794056302755,3
2021-04-16,ZM,0,0.03475726059232133,3
2021-04-19,AAPL,0,0.07785231291390096,3
2021-04-19,AMZN,0,0.07731788660634188,3
2021-04-19,GOOGL,0,0.10409876975481834,3
2021-04-19,INTC,0,0.10094717283796788,3
2021-04-19,MSFT,0,0.01032809874312318,3
2021-04-19,NVDA,0,0.35318870693740934,3
2021-04-19,PFE,0,0.012513802712814973,3
2021-04-19,PYPL,0,0.6765305972701126,3
2021-04-19,SPY,0,0.07479535732692245,3
2021-04-19,ZM,0,0.057922117954309404,3
2021-04-20,AAPL,0,0.4357733325652907,3
2021-04-20,AMZN,0,0.04285130905894883,3
2021-04-20,GOOGL,0,0.294133915160994,3
2021-04-20,INTC,0,0.14098427745608486,3
2021-04-20,MSFT,0,0.00819779150331039,3
2021-04-20,NVDA,0,0.5213046633208253,3
2021-04-20,PFE,0,0.002796746823581048,3
2021-04-20,PYPL,0,0.8413571840092969,3
2021-04-20,SPY,0,0.03604878805053036,3
2021-04-20,ZM,0,0.06290656121834153,3
2021-04-21,AAPL,0,0.08483095367608713,3
2021-04-21,AMZN,0,0.0018152326686943678,3
2021-04-21,GOOGL,0,0.4286549312932811,3
2021-04-21,INTC,0,0.10440054179109313,3
2021-04-21,MSFT,0,0.0008483724616751718,3
2021-04-21,NVDA,0,0.6086119912294409,3
2021-04-21,PFE,0,0.006932702892472989,3
2021-04-21,PYPL,0,0.5274849624687038,3
2021-04-21,SPY,0,0.0017632153081665405,3
2021-04-21,ZM,0,0.0018341770559152334,3
2021-04-22,AAPL,0,0.09080430392797122,3
2021-04-22,AMZN,0,0.14631786364600152,3
2021-04-22,GOOGL,1,0.3101190163484084,3
2021-04-22,INTC,0,0.179322690210026,3
2021-04-22,MSFT,0,0.020484987722379545,3
2021-04-22,NVDA,0,0.2221923727467795,3
2021-04-22,PFE,0,0.01673176885599056,3
2021-04-22,PYPL,0,0.69582753940203,3
2021-04-22,SPY,0,0.08820807014822778,3
2021-04-22,ZM,0,0.0038210327018375675,3
2021-04-23,AAPL,0,0.12011178945938517,3
2021-04-23,AMZN,0,0.03353712683773794,3
2021-04-23,GOOGL,0,0.2951030097757286,3
2021-04-23,INTC,0,0.27988147378451245,3
2021-04-23,MSFT,0,0.02301535607090656,3
2021-04-23,NVDA,0,0.28261070449132614,3
2021-04-23,PFE,0,0.006321197373755852,3
2021-04-23,PYPL,0,0.8218227023352352,3
2021-04-23,SPY,0,0.05022259719834862,3
2021-04-23,ZM,0,0.011005166025478156,3
2021-04-26,AAPL,0,0.1098019234997295,3
2021-04-26,AMZN,0,0.060830136151552236,3
2021-04-26,GOOGL,0,0.15400676415632386,3
2021-04-26,INTC,0,0.3025587833320231,3
2021-04-26,MSFT,0,0.006127115803192354,3
2021-04-26,NVDA,0,0.27228162956161234,3
2021-04-26,PFE,0,0.0041803805749885264,3
2021-04-26,PYPL,0,0.44413097281729425,3
2021-04-26,SPY,0,0.017184822456837365,3
2021-04-26,ZM,0,0.0029060285528133326,3
2021-04-27,AAPL,0,0.13472338323588995,3
2021-04-27,AMZN,0,0.019802975730848077,3
2021-04-27,GOOGL,0,0.4066511895155521,3
2021-04-27,INTC,0,0.3326111609312635,3
2021-04-27,MSFT,0,0.004803073411592137,3
2021-04-27,NVDA,0,0.15495903877354042,3
2021-04-27,PFE,0,0.02692610612736982,3
2021-04-27,PYPL,0,0.13312079581550923,3
2021-04-27,SPY,0,0.03618153401874817,3
2021-04-27,ZM,0,0.024541447354637643,3
2021-04-28,AAPL,0,0.08423459265421106,3
2021-04-28,AMZN,0,0.023273123307262864,3
2021-04-28,GOOGL,0,0.13588692036458458,3
2021-04-28,INTC,0,0.23309619820861052,3
2021-04-28,MSFT,0,0.028332536047858865,3
2021-04-28,NVDA,0,0.14217129120518668,3
2021-04-28,PFE,0,0.005866554040269156,3
2021-04-28,PYPL,0,0.04146708206608764,3
2021-04-28,SPY,0,0.037331307406590256,3
2021-04-28,ZM,0,0.007992288018378127,3
2021-04-29,AAPL,0,0.07353943886241661,3
2021-04-29,AMZN,0,0.015656949428509526,3
2021-04-29,GOOGL,0,0.13984100575157407,3
2021-04-29,INTC,0,0.2640165481176775,3
2021-04-29,MSFT,0,0.006105416315509894,3
2021-04-29,NVDA,0,0.149555592609948,3
2021-04-29,PFE,1,0.054593970484434484,3
2021-04-29,PYPL,0,0.06074066801493979,3
2021-04-29,SPY,0,0.012274601714966728,3
2021-04-29,ZM,0,0.03066809787350888,3
2021-04-30,AAPL,0,0.21176396467324304,3
2021-04-30,AMZN,0,0.025741178600997883,3
2021-04-30,GOOGL,0,0.5845394521042157,3
2021-04-30,INTC,0,0.34360970674992614,3
2021-04-30,MSFT,0,0.0009313313827269543,3
2021-04-30,NVDA,0,0.0397016463987152,3
2021-04-30,PFE,1,0.044456747248579384,3
2021-04-30,PYPL,0,0.050010034496521895,3
2021-04-30,SPY,0,0.1287043529693841,3
2021-04-30,ZM,0,0.009955599899400945,3
2021-05-03,AAPL,0,0.011705488718555557,3
2021-05-03,AMZN,0,0.06444193230717099,3
2021-05-03,GOOGL,0,0.15624270394442127,3
2021-05-03,INTC,0,0.12564022615851236,3
2021-05-03,MSFT,0,0.0019078066455182083,3
2021-05-03,NVDA,0,0.10279087203040334,3
2021-05-03,PFE,0,0.01627092614672958,3
2021-05-03,PYPL,0,0.26059161795806807,3
2021-05-03,SPY,0,0.045302007185353585,3
2021-05-03,ZM,0,0.06321506377508182,3
2021-05-04,AAPL,0,0.14251917595595304,3
2021-05-04,AMZN,0,0.0886914911065062,3
2021-05-04,GOOGL,0,0.3285756845775816,3
2021-05-04,INTC,0,0.21628077912282642,3
2021-05-04,MSFT,0,0.03871597497422734,3
2021-05-04,NVDA,0,0.3389057664665761,3
2021-05-04,PFE,0,0.009007794664833516,3
2021-05-04,PYPL,0,0.25960803394286863,3
2021-05-04,SPY,0,0.19365109943847947,3
2021-05-04,ZM,0,0.0975747519620699,3
2021-05-05,AAPL,0,0.02374705284948956,3
2021-05-05,AMZN,0,0.2175747216302817,3
2021-05-05,GOOGL,0,0.24706747404198226,3
2021-05-05,INTC,0,0.288433640371242,3
2021-05-05,MSFT,0,0.009511488380954797,3
2021-05-05,NVDA,0,0.2858973827180196,3
2021-05-05,PFE,0,0.03463082744181513,3
2021-05-05,PYPL,0,0.09346716086765526,3
2021-05-05,SPY,0,0.036439246745820546,3
2021-05-05,ZM,0,0.03683804806927431,3
2021-05-06,AAPL,0,0.015038212659777967,3
2021-05-06,AMZN,0,0.026093060149059894,3
2021-05-06,GOOGL,0,0.18339905864183323,3
2021-05-06,INTC,0,0.2779195764760892,3
2021-05-06,MSFT,0,0.0016638710086969053,3
2021-05-06,NVDA,0,0.3074937220668558,3
2021-05-06,PFE,0,0.026684084536629453,3
2021-05-06,PYPL,0,0.010865629147336828,3
2021-05-06,SPY,0,0.021111158201659635,3
2021-05-06,ZM,0,0.09977708757920477,3
2021-05-07,AAPL,0,0.003971918910629569,3
2021-05-07,AMZN,0,0.048397792315745744,3
2021-05-07,GOOGL,0,0.030834013672576606,3
2021-05-07,INTC,0,0.09793208393360919,3
2021-05-07,MSFT,0,0.001089654334519281,3
2021-05-07,NVDA,0,0.13923500746625128,3
2021-05-07,PFE,0,0.045519037103988524,3
2021-05-07,PYPL,0,0.005989911330199514,3
2021-05-07,SPY,0,0.017978827906358654,3
2021-05-07,ZM,0,0.009523544610893631,3
2021-05-10,AAPL,0,0.29042536992453255,3
2021-05-10,AMZN,0,0.1320099176115224,3
2021-05-10,GOOGL,0,0.38923449548170713,3
2021-05-10,INTC,0,0.40684027279512947,3
2021-05-10,MSFT,0,0.04607103137623612,3
2021-05-10,NVDA,0,0.29718362884574595,3
2021-05-10,PFE,0,0.03837179420969476,3
2021-05-10,PYPL,0,0.7755583491183459,3
2021-05-10,SPY,0,0.21400647146673307,3
2021-05-10,ZM,0,0.09968026803467261,3
2021-05-11,AAPL,0,0.07787172673902297,3
2021-05-11,AMZN,0,0.025356449250383092,3
2021-05-11,GOOGL,0,0.23580549967277578,3
2021-05-11,INTC,0,0.3742121289191825,3
2021-05-11,MSFT,0,0.007623253302954679,3
2021-05-11,NVDA,0,0.18950145659947634,3
2021-05-11,PFE,0,0.08192375871660361,3
2021-05-11,PYPL,0,0.36953597169914815,3
2021-05-11,SPY,0,0.21118787230254116,3
2021-05-11,ZM,0,0.09988251938166892,3
2021-05-12,AAPL,0,0.3254948608415425,3
2021-05-12,AMZN,0,0.26309981958757755,3
2021-05-12,GOOGL,0,0.7323622100837182,3
2021-05-12,INTC,0,0.28187853248807987,3
2021-05-12,MSFT,0,0.08795642469698188,3
2021-05-12,NVDA,0,0.22987984475221585,3
2021-05-12,PFE,0,0.07990600254768175,3
2021-05-12,PYPL,0,0.7842500622549431,3
2021-05-12,SPY,0,0.6655929106629318,3
2021-05-12,ZM,0,0.12857636686503987,3
2021-05-13,AAPL,0,0.08559879973804932,3
2021-05-13,AMZN,0,0.050080726093615746,3
2021-05-13,GOOGL,0,0.3528236381391424,3
2021-05-13,INTC,0,0.13705842300804438,3
2021-05-13,MSFT,0,0.013977148086328358,3
2021-05-13,NVDA,1,0.2965933602784604,3
2021-05-13,PFE,0,0.03938590338272364,3
2021-05-13,PYPL,0,0.3859606380967407,3
2021-05-13,SPY,0,0.10823737605915892,3
2021-05-13,ZM,1,0.03250384153693595,3
2021-05-14,AAPL,0,0.2511226026594393,3
2021-05-14,AMZN,0,0.04064562388427226,3
2021-05-14,GOOGL,0,0.23974566510117662,3
2021-05-14,INTC,0,0.4568963793585936,3
2021-05-14,MSFT,0,0.056603820544169924,3
2021-05-14,NVDA,0,0.03663146351200555,3
2021-05-14,PFE,0,0.06337697235602086,3
2021-05-14,PYPL,0,0.48776531714577,3
2021-05-14,SPY,0,0.15353237825450078,3
2021-05-14,ZM,0,0.03143114259741416,3
2021-05-17,AAPL,0,0.21270713315544418,3
2021-05-17,AMZN,0,0.021233098224904032,3
2021-05-17,GOOGL,0,0.034404851150830716,3
2021-05-17,INTC,0,0.052543159305377736,3
2021-05-17,MSFT,0,0.029392144462913727,3
2021-05-17,NVDA,0,0.08295208415032437,3
2021-05-17,PFE,0,0.024595265080159055,3
2021-05-17,PYPL,0,0.832126839898647,3
2021-05-17,SPY,0,0.4873787916128294,3
2021-05-17,ZM,0,0.01817868890241163,3
2021-05-18,AAPL,0,0.18672896704478983,3
2021-05-18,AMZN,0,0.21813566216260963,3
2021-05-18,GOOGL,0,0.25268792401927803,3
2021-05-18,INTC,0,0.4975400796712726,3
2021-05-18,MSFT,0,0.03182376023759765,3
2021-05-18,NVDA,1,0.26630985607044255,3
2021-05-18,PFE,0,0.04485272778379583,3
2021-05-18,PYPL,0,0.7657330656973641,3
2021-05-18,SPY,0,0.3710799293189365,3
2021-05-18,ZM,0,0.015109598826156048,3
2021-05-19,AAPL,0,0.05986514203893917,3
2021-05-19,AMZN,0,0.038985037323637395,3
2021-05-19,GOOGL,0,0.2512879345517478,3
2021-05-19,INTC,0,0.3417244856055894,3
2021-05-19,MSFT,0,0.0038523102229530604,3
2021-05-19,NVDA,1,0.17942016485058543,3
2021-05-19,PFE,0,0.04492019317729643,3
2021-05-19,PYPL,1,0.04115121345498338,3
2021-05-19,SPY,0,0.4325811335474542,3
2021-05-19,ZM,0,0.015407893418413462,3
2021-05-20,AAPL,0,0.09096891516899057,3
2021-05-20,AMZN,0,0.021095581064988496,3
2021-05-20,GOOGL,0,0.11753672275658587,3
2021-05-20,INTC,0,0.1089795556875749,3
2021-05-20,MSFT,0,0.001986882415426384,3
2021-05-20,NVDA,1,0.07549892610183466,3
2021-05-20,PFE,0,0.02808002866700092,3
2021-05-20,PYPL,0,0.33271106832533875,3
2021-05-20,SPY,0,0.028113510133653312,3
2021-05-20,ZM,0,0.026518231887069667,3
2021-05-21,AAPL,0,0.5100198208225696,3
2021-05-21,AMZN,0,0.33306836407953244,3
2021-05-21,GOOGL,0,0.33516113906889056,3
2021-05-21,INTC,0,0.13433538815447285,3
2021-05-21,MSFT,0,0.014951007233194247,3
2021-05-21,NVDA,1,0.17101844582351403,3
2021-05-21,PFE,0,0.07413427444042735,3
2021-05-21,PYPL,0,0.4618985716389723,3
2021-05-21,SPY,0,0.06057485143159887,3
2021-05-21,ZM,0,0.04502838488861948,3
2021-05-24,AAPL,0,0.039063671996862066,3
2021-05-24,AMZN,0,0.025762901051090078,3
2021-05-24,GOOGL,0,0.2568102403145551,3
2021-05-24,INTC,0,0.157632245378724,3
2021-05-24,MSFT,0,0.00871250074309953,3
2021-05-24,NVDA,0,0.3733450843630498,3
2021-05-24,PFE,0,0.08511035474764017,3
2021-05-24,PYPL,0,0.02639534567950475,3
2021-05-24,SPY,0,0.0509496040551624,3
2021-05-24,ZM,0,0.011684893780219955,3
2021-05-25,AAPL,0,0.06426231337407812,3
2021-05-25,AMZN,0,0.014753560772366947,3
2021-05-25,GOOGL,0,0.21332100796948628,3
2021-05-25,INTC,0,0.18429278438341845,3
2021-05-25,MSFT,0,0.002707219440271781,3
2021-05-25,NVDA,1,0.20970448469038236,3
2021-05-25,PFE,0,0.07535611692678638,3
2021-05-25,PYPL,0,0.00033768706683473597,3
2021-05-25,SPY,0,0.16208657369832444,3
2021-05-25,ZM,0,0.0035368464143287247,3
2021-05-26,AAPL,0,0.05273947345741025,3
2021-05-26,AMZN,0,0.02321900026369212,3
2021-05-26,GOOGL,0,0.07663646583522786,3
2021-05-26,INTC,0,0.23690942519020805,3
2021-05-26,MSFT,0,0.004051285922581973,3
2021-05-26,NVDA,1,0.16286471322630303,3
2021-05-26,PFE,0,0.05537420238067048,3
2021-05-26,PYPL,0,0.0010329375843598219,3
2021-05-26,SPY,0,0.029725281483576418,3
2021-05-26,ZM,0,0.0018717819725221233,3
2021-05-27,AAPL,0,0.09377759592599802,3
2021-05-27,AMZN,0,0.05943739857970764,3
2021-05-27,GOOGL,0,0.27612827916992194,3
2021-05-27,INTC,0,0.20601099871821305,3
2021-05-27,MSFT,0,0.006303630708892601,3
2021-05-27,NVDA,1,0.1599973058256748,3
2021-05-27,PFE,0,0.028921940354330107,3
2021-05-27,PYPL,0,0.0028935634772080496,3
2021-05-27,SPY,0,0.03398442623544504,3
2021-05-27,ZM,0,0.0015365894387440457,3
2021-05-28,AAPL,0,0.07428528529839919,3
2021-05-28,AMZN,0,0.016365947161987242,3
2021-05-28,GOOGL,0,0.2174648118548348,3
2021-05-28,INTC,0,0.21444161153129018,3
2021-05-28,MSFT,0,0.0028482511662748762,3
2021-05-28,NVDA,1,0.4451203023810064,3
2021-05-28,PFE,0,0.022133240002360034,3
2021-05-28,PYPL,0,0.0007266886277952324,3
2021-05-28,SPY,0,0.03231933193847914,3
2021-05-28,ZM,0,0.0006021763230397334,3
2021-06-01,AAPL,0,0.06670298579429185,3
2021-06-01,AMZN,0,0.019594678261814245,3
2021-06-01,GOOGL,0,0.2407702053278387,3
2021-06-01,INTC,0,0.1430830909865597,3
2021-06-01,MSFT,0,0.005578994027672646,3
2021-06-01,NVDA,1,0.3931889855171727,3
2021-06-01,PFE,0,0.03580720793843152,3
2021-06-01,PYPL,0,0.0024380489918618183,3
2021-06-01,SPY,0,0.08572999572412351,3
2021-06-01,ZM,0,0.02783834620147673,3
2021-06-02,AAPL,0,0.010389623935945681,3
2021-06-02,AMZN,0,0.017263846928518418,3
2021-06-02,GOOGL,0,0.30167791165060454,3
2021-06-02,INTC,0,0.011679044830794278,3
2021-06-02,MSFT,0,0.0034091837289062783,3
2021-06-02,NVDA,1,0.19587509458280963,3
2021-06-02,PFE,0,0.027597987663304256,3
2021-06-02,PYPL,0,0.0006856092411255919,3
2021-06-02,SPY,0,0.005033979334439689,3
2021-06-02,ZM,0,0.004473216877125472,3
2021-06-03,AAPL,0,0.1205292419593433,3
2021-06-03,AMZN,0,0.04759260176074218,3
2021-06-03,GOOGL,0,0.22262979278088435,3
2021-06-03,INTC,0,0.09522293878204616,3
2021-06-03,MSFT,0,0.0036660855845702814,3
2021-06-03,NVDA,0,0.14956008800914802,3
2021-06-03,PFE,0,0.015052733656582053,3
2021-06-03,PYPL,0,0.009266044448710464,3
2021-06-03,SPY,0,0.22991891289595973,3
2021-06-03,ZM,1,0.009420655494055246,3
2021-06-04,AAPL,0,0.05657932420812125,3
2021-06-04,AMZN,0,0.004440113791937938,3
2021-06-04,GOOGL,0,0.08322119187902849,3
2021-06-04,INTC,0,0.11388254872058115,3
2021-06-04,MSFT,0,0.0016958613730089429,3
2021-06-04,NVDA,0,0.2852527271132331,3
2021-06-04,PFE,0,0.04164298430309522,3
2021-06-04,PYPL,0,0.00290783687289044,3
2021-06-04,SPY,0,0.03582045051993876,3
2021-06-04,ZM,1,0.01093427546750918,3
2021-06-07,AAPL,0,0.032049696002348894,3
2021-06-07,AMZN,0,0.0740074542964185,3
2021-06-07,GOOGL,0,0.1304890424616443,3
2021-06-07,INTC,0,0.22482395490210208,3
2021-06-07,MSFT,0,0.002767571472276117,3
2021-06-07,NVDA,0,0.09603358464806333,3
2021-06-07,PFE,0,0.026628889550155146,3
2021-06-07,PYPL,0,0.00439167658772793,3
2021-06-07,SPY,0,0.06316123845134575,3
2021-06-07,ZM,0,0.006616670909008638,3
2021-06-08,AAPL,0,0.02314965765917017,3
2021-06-08,AMZN,0,0.02309917178658831,3
2021-06-08,GOOGL,0,0.19846626977312537,3
2021-06-08,INTC,0,0.17256310767248081,3
2021-06-08,MSFT,0,0.003159714264556877,3
2021-06-08,NVDA,0,0.10187642901941911,3
2021-06-08,PFE,0,0.04623394681254852,3
2021-06-08,PYPL,0,0.0005681087864154245,3
2021-06-08,SPY,0,0.005255449956254102,3
2021-06-08,ZM,0,0.009952169909335765,3
2021-06-09,AAPL,0,0.06759158788349917,3
2021-06-09,AMZN,0,0.007720699787782825,3
2021-06-09,GOOGL,0,0.17539465473968224,3
2021-06-09,INTC,0,0.1826015295806559,3
2021-06-09,MSFT,0,0.004321503436194446,3
2021-06-09,NVDA,0,0.1155698756822418,3
2021-06-09,PFE,0,0.01786758466176521,3
2021-06-09,PYPL,0,0.0018229817938015666,3
2021-06-09,SPY,0,0.022867732734363145,3
2021-06-09,ZM,1,0.022674290303061076,3
2021-06-10,AAPL,0,0.12767694785828987,3
2021-06-10,AMZN,0,0.012140051714258507,3
2021-06-10,GOOGL,0,0.21494688981024174,3
2021-06-10,INTC,0,0.17228830137754786,3
2021-06-10,MSFT,0,0.004309392428967058,3
2021-06-10,NVDA,1,0.1284837741651238,3
2021-06-10,PFE,0,0.020735884762238806,3
2021-06-10,PYPL,0,0.018784148193332066,3
2021-06-10,SPY,0,0.0024746967436066075,3
2021-06-10,ZM,1,0.021643442973297945,3
2021-06-11,AAPL,0,0.027186509489331236,3
2021-06-11,AMZN,0,0.010538099327034709,3
2021-06-11,GOOGL,0,0.02507269705435692,3
2021-06-11,INTC,0,0.2269591888273728,3
2021-06-11,MSFT,0,0.002423984754068853,3
2021-06-11,NVDA,1,0.13048772555390986,3
2021-06-11,PFE,0,0.06444522530563841,3
2021-06-11,PYPL,1,0.001183239882389321,3
2021-06-11,SPY,0,0.00550306201786438,3
2021-06-11,ZM,0,0.01309710921828593,3
2021-06-14,AAPL,0,0.021955403210377762,3
2021-06-14,AMZN,0,0.005380424995875921,3
2021-06-14,GOOGL,0,0.010488887769434957,3
2021-06-14,INTC,0,0.1995366350115661,3
2021-06-14,MSFT,0,0.001806308056176175,3
2021-06-14,NVDA,1,0.23616125024136458,3
2021-06-14,PFE,0,0.044823253646091125,3
2021-06-14,PYPL,0,0.014210583703085904,3
2021-06-14,SPY,0,0.01775236132122796,3
2021-06-14,ZM,0,0.0012172679543811442,3
2021-06-15,AAPL,0,0.03691203417944322,3
2021-06-15,AMZN,0,0.005641504607645847,3
2021-06-15,GOOGL,0,0.036132083789848474,3
2021-06-15,INTC,0,0.493625851396021,3
2021-06-15,MSFT,0,0.0018208599275883258,3
2021-06-15,NVDA,1,0.6237590880912882,3
2021-06-15,PFE,0,0.022086662920904745,3
2021-06-15,PYPL,1,0.1430849355220609,3
2021-06-15,SPY,0,0.0805095390150875,3
2021-06-15,ZM,1,0.032656861802981864,3
2021-06-16,AAPL,0,0.029589077611564287,3
2021-06-16,AMZN,0,0.004032641145191834,3
2021-06-16,GOOGL,0,0.10082296831022872,3
2021-06-16,INTC,0,0.42620041578069795,3
2021-06-16,MSFT,0,0.003277705741322457,3
2021-06-16,NVDA,1,0.5336949433130576,3
2021-06-16,PFE,0,0.04023921516123529,3
2021-06-16,PYPL,1,0.17587522408388415,3
2021-06-16,SPY,0,0.14056033346439312,3
2021-06-16,ZM,1,0.002673424317818044,3
2021-06-17,AAPL,0,0.15118561549539422,3
2021-06-17,AMZN,0,0.0015814089312686452,3
2021-06-17,GOOGL,0,0.057512937853491625,3
2021-06-17,INTC,0,0.3641097110258181,3
2021-06-17,MSFT,0,0.0031061459987818986,3
2021-06-17,NVDA,0,0.3185676696133943,3
2021-06-17,PFE,0,0.031286619057801605,3
2021-06-17,PYPL,1,0.021652210922224184,3
2021-06-17,SPY,0,0.044521153855119025,3
2021-06-17,ZM,0,0.016955178132148876,3
2021-06-18,AAPL,0,0.09735315022743629,3
2021-06-18,AMZN,0,0.0017598799237812511,3
2021-06-18,GOOGL,0,0.08759200626268832,3
2021-06-18,INTC,0,0.145916859381333,3
2021-06-18,MSFT,0,0.0037877619401230182,3
2021-06-18,NVDA,0,0.16069694772573445,3
2021-06-18,PFE,0,0.033969696610841635,3
2021-06-18,PYPL,0,0.005693107990479648,3
2021-06-18,SPY,0,0.4000501753249055,3
2021-06-18,ZM,0,0.0021870743697479174,3
2021-06-21,AAPL,0,0.08955057164734638,3
2021-06-21,AMZN,0,0.004743031900649284,3
2021-06-21,GOOGL,0,0.027988364123387753,3
2021-06-21,INTC,0,0.2027767063681893,3
2021-06-21,MSFT,0,0.0006859222644641171,3
2021-06-21,NVDA,1,0.6252518215997432,3
2021-06-21,PFE,0,0.059995120847704836,3
2021-06-21,PYPL,0,0.0028743521025506326,3
2021-06-21,SPY,0,0.07029898220603258,3
2021-06-21,ZM,1,0.022671714508802253,3
2021-06-22,AAPL,0,0.1014009896347396,3
2021-06-22,AMZN,0,0.002910586996323494,3
2021-06-22,GOOGL,0,0.01655648703068222,3
2021-06-22,INTC,0,0.12462180057419643,3
2021-06-22,MSFT,0,0.00012235468259637347,3
2021-06-22,NVDA,1,0.3851528456212903,3
2021-06-22,PFE,0,0.01920714950497103,3
2021-06-22,PYPL,0,0.0025487957153990846,3
2021-06-22,SPY,0,0.01928028354655529,3
2021-06-22,ZM,0,0.010136081467338319,3
2021-06-23,AAPL,0,0.09295518641761119,3
2021-06-23,AMZN,0,0.0014425335504347637,3
2021-06-23,GOOGL,0,0.10930683736642427,3
2021-06-23,INTC,0,0.3399946300813454,3
2021-06-23,MSFT,0,0.0018275518217061183,3
2021-06-23,NVDA,1,0.24859067257806172,3
2021-06-23,PFE,0,0.023846147078473122,3
2021-06-23,PYPL,0,0.00262236926597173,3
2021-06-23,SPY,0,0.11987864387276084,3
2021-06-23,ZM,0,0.00019292915575231932,3
2021-06-24,AAPL,0,0.018130269037168138,3
2021-06-24,AMZN,0,0.018523821401220424,3
2021-06-24,GOOGL,0,0.05438453281032478,3
2021-06-24,INTC,0,0.07160863736242498,3
2021-06-24,MSFT,0,3.935546856390637e-05,3
2021-06-24,NVDA,1,0.307071002737147,3
2021-06-24,PFE,0,0.16989100908556662,3
2021-06-24,PYPL,0,0.002484638304102609,3
2021-06-24,SPY,0,0.008311338138797395,3
2021-06-24,ZM,0,0.014800614108826864,3
2021-06-25,AAPL,1,0.1431124499416945,3
2021-06-25,AMZN,0,0.01657081773723691,3
2021-06-25,GOOGL,0,0.09208777142068329,3
2021-06-25,INTC,0,0.5195851125012354,3
2021-06-25,MSFT,1,0.0033071523607420294,3
2021-06-25,NVDA,1,0.46854592291685754,3
2021-06-25,PFE,0,0.2789714709694222,3
2021-06-25,PYPL,0,0.0033102536723653648,3
2021-06-25,SPY,0,0.018463762606672797,3
2021-06-25,ZM,1,0.012752557474296109,3
2021-06-28,AAPL,1,0.027764569696302654,3
2021-06-28,AMZN,1,0.016055885482245517,3
2021-06-28,GOOGL,0,0.05435104090820995,3
2021-06-28,INTC,0,0.7844939485102297,3
2021-06-28,MSFT,0,0.0005548026307096504,3
2021-06-28,NVDA,0,0.5992138679144797,3
2021-06-28,PFE,0,0.016412969518190434,3
2021-06-28,PYPL,0,0.0020307530713790283,3
2021-06-28,SPY,0,0.0807596189900179,3
2021-06-28,ZM,0,0.012852473089859599,3
2021-06-29,AAPL,1,0.059095278320084904,3
2021-06-29,AMZN,1,0.007499639241312925,3
2021-06-29,GOOGL,0,0.04638604131683761,3
2021-06-29,INTC,0,0.44441770163952304,3
2021-06-29,MSFT,0,0.00014771716072463204,3
2021-06-29,NVDA,0,0.08630077355767694,3
2021-06-29,PFE,0,0.01858390520124893,3
2021-06-29,PYPL,0,0.0036715515013384776,3
2021-06-29,SPY,0,0.06368571589396387,3
2021-06-29,ZM,0,0.005930742723453676,3
2021-06-30,AAPL,1,0.16904888838421592,3
2021-06-30,AMZN,1,0.08485321166419596,3
2021-06-30,GOOGL,0,0.09359758859860734,3
2021-06-30,INTC,0,0.14255795431272814,3
2021-06-30,MSFT,0,0.0019042090187288722,3
2021-06-30,NVDA,0,0.26350783170183917,3
2021-06-30,PFE,0,0.0036599543951636184,3
2021-06-30,PYPL,0,0.009868952785147551,3
2021-06-30,SPY,0,0.04736214589511491,3
2021-06-30,ZM,0,0.020107609228196467,3
2021-07-01,AAPL,1,0.07429261715173502,4
2021-07-01,AMZN,1,0.025853240582910313,4
2021-07-01,GOOGL,0,0.08263700704255075,4
2021-07-01,INTC,0,0.36514609612543875,4
2021-07-01,MSFT,0,0.008255712463105039,4
2021-07-01,NVDA,0,0.9434571356446528,4
2021-07-01,PFE,0,0.08657634969813466,4
2021-07-01,PYPL,0,0.04648646455211802,4
2021-07-01,SPY,0,0.10238401382535055,4
2021-07-01,ZM,1,0.2944219016671767,4
2021-07-02,AAPL,0,0.07305598906496169,4
2021-07-02,AMZN,1,0.0068913695829319966,4
2021-07-02,GOOGL,0,0.025620031035326146,4
2021-07-02,INTC,0,0.30340975255407526,4
2021-07-02,MSFT,0,0.005082121060326387,4
2021-07-02,NVDA,0,0.9119604266756289,4
2021-07-02,PFE,0,0.10994152804444036,4
2021-07-02,PYPL,0,0.013318061763150322,4
2021-07-02,SPY,0,0.2658609894741619,4
2021-07-02,ZM,0,0.44156112425482064,4
2021-07-06,AAPL,0,0.03626391094773928,4
2021-07-06,AMZN,0,0.013683440310719103,4
2021-07-06,GOOGL,0,0.04630839885549609,4
2021-07-06,INTC,0,0.050803419652892784,4
2021-07-06,MSFT,0,0.0016866153661790344,4
2021-07-06,NVDA,0,0.719589250399478,4
2021-07-06,PFE,0,0.13853680599190166,4
2021-07-06,PYPL,1,0.0019132711266894914,4
2021-07-06,SPY,0,0.319578183066058,4
2021-07-06,ZM,0,0.24935125237971872,4
2021-07-07,AAPL,0,0.02091147999960281,4
2021-07-07,AMZN,0,0.014939820637030761,4
2021-07-07,GOOGL,0,0.020868358598509867,4
2021-07-07,INTC,0,0.02542437772804367,4
2021-07-07,MSFT,0,0.056039358376740366,4
2021-07-07,NVDA,0,0.9582654996256106,4
2021-07-07,PFE,0,0.02611246364384009,4
2021-07-07,PYPL,0,0.0024439881781719,4
2021-07-07,SPY,0,0.008327954197857028,4
2021-07-07,ZM,0,0.7055048094023086,4
2021-07-08,AAPL,0,0.6424876730222849,4
2021-07-08,AMZN,0,0.007278435869255649,4
2021-07-08,GOOGL,0,0.09705976267114837,4
2021-07-08,INTC,0,0.014760700804888907,4
2021-07-08,MSFT,0,0.022507223524484338,4
2021-07-08,NVDA,0,0.651477520862045,4
2021-07-08,PFE,0,0.06605245001078393,4
2021-07-08,PYPL,0,0.005812330042251577,4
2021-07-08,SPY,0,0.3845596884103885,4
2021-07-08,ZM,0,0.8087638110833106,4
2021-07-09,AAPL,0,0.15054739926799243,4
2021-07-09,AMZN,0,0.059801992955100025,4
2021-07-09,GOOGL,0,0.04120447186851635,4
2021-07-09,INTC,0,0.15445461899930418,4
2021-07-09,MSFT,0,0.059043072252051416,4
2021-07-09,NVDA,0,0.616754863816318,4
2021-07-09,PFE,0,0.01324114714004478,4
2021-07-09,PYPL,0,0.0016324260576681716,4
2021-07-09,SPY,0,0.008562963829969045,4
2021-07-09,ZM,0,0.6339205705579799,4
2021-07-12,AAPL,0,0.2259861257156374,4
2021-07-12,AMZN,0,0.0023794912810476752,4
2021-07-12,GOOGL,0,0.05135140545166228,4
2021-07-12,INTC,0,0.5223150857041371,4
2021-07-12,MSFT,0,0.16684476881923166,4
2021-07-12,NVDA,0,0.6658027159633891,4
2021-07-12,PFE,0,0.15112728279268967,4
2021-07-12,PYPL,0,0.0021749558686311944,4
2021-07-12,SPY,0,0.028621302765068007,4
2021-07-12,ZM,0,0.34731120764291407,4
2021-07-13,AAPL,0,0.11602826178449363,4
2021-07-13,AMZN,0,0.09853026597763245,4
2021-07-13,GOOGL,0,0.034637459332657765,4
2021-07-13,INTC,0,0.4454235391089579,4
2021-07-13,MSFT,0,0.03539341554325492,4
2021-07-13,NVDA,0,0.7158559135140782,4
2021-07-13,PFE,1,0.3406963340432058,4
2021-07-13,PYPL,0,0.0412472142799584,4
2021-07-13,SPY,0,0.012538754821038485,4
2021-07-13,ZM,0,0.35420313127090497,4
2021-07-14,AAPL,0,0.14126328107713745,4
2021-07-14,AMZN,0,0.13778368908905886,4
2021-07-14,GOOGL,0,0.16808827955776984,4
2021-07-14,INTC,0,0.7848566292902933,4
2021-07-14,MSFT,0,0.022298085259070677,4
2021-07-14,NVDA,0,0.6637781483408217,4
2021-07-14,PFE,0,0.17853222280513545,4
2021-07-14,PYPL,0,0.011297288351878,4
2021-07-14,SPY,0,0.005462661725671655,4
2021-07-14,ZM,0,0.8294495449061337,4
2021-07-15,AAPL,0,0.10685748330208704,4
2021-07-15,AMZN,0,0.2686099727291888,4
2021-07-15,GOOGL,0,0.05651120409800129,4
2021-07-15,INTC,0,0.30692531251830896,4
2021-07-15,MSFT,0,0.001180148632992832,4
2021-07-15,NVDA,0,0.5767899035229033,4
2021-07-15,PFE,0,0.19989490475649052,4
2021-07-15,PYPL,0,0.04231562966248259,4
2021-07-15,SPY,0,0.4583364296963046,4
2021-07-15,ZM,0,0.5183098177270498,4
2021-07-16,AAPL,0,0.5247610767506641,4
2021-07-16,AMZN,0,0.43197083525037294,4
2021-07-16,GOOGL,0,0.016901367295672216,4
2021-07-16,INTC,0,0.10367423907603612,4
2021-07-16,MSFT,0,0.000783939076132488,4
2021-07-16,NVDA,1,0.7510137299628903,4
2021-07-16,PFE,0,0.02099443381454555,4
2021-07-16,PYPL,0,0.010538322642379343,4
2021-07-16,SPY,0,0.30256960942471184,4
2021-07-16,ZM,0,0.12112921459265967,4
2021-07-19,AAPL,0,0.5754929280438569,4
2021-07-19,AMZN,0,0.044930945068925296,4
2021-07-19,GOOGL,1,0.2263949654861635,4
2021-07-19,INTC,0,0.08299268681979295,4
2021-07-19,MSFT,0,0.08116192111565607,4
2021-07-19,NVDA,0,0.7573692196209098,4
2021-07-19,PFE,0,0.3623867556885008,4
2021-07-19,PYPL,0,0.0022837978504691337,4
2021-07-19,SPY,0,0.33560130127428955,4
2021-07-19,ZM,1,0.5239823271073019,4
2021-07-20,AAPL,0,0.06412483846151625,4
2021-07-20,AMZN,0,0.024962133136326062,4
2021-07-20,GOOGL,1,0.040693701291670756,4
2021-07-20,INTC,0,0.053236132382113846,4
2021-07-20,MSFT,0,0.012147302640074315,4
2021-07-20,NVDA,1,0.7121898788899725,4
2021-07-20,PFE,0,0.074347109637781,4
2021-07-20,PYPL,0,0.005643341700588401,4
2021-07-20,SPY,0,0.08649721321105339,4
2021-07-20,ZM,1,0.23931310808453615,4
2021-07-21,AAPL,0,0.15650985071145834,4
2021-07-21,AMZN,0,0.06758868574530769,4
2021-07-21,GOOGL,1,0.13647623116116883,4
2021-07-21,INTC,0,0.10498046230901524,4
2021-07-21,MSFT,0,0.09982850656302236,4
2021-07-21,NVDA,0,0.568415969851096,4
2021-07-21,PFE,1,0.02590456837635798,4
2021-07-21,PYPL,0,0.012770547770779623,4
2021-07-21,SPY,0,0.20135969811627688,4
2021-07-21,ZM,1,0.47443006954526845,4
2021-07-22,AAPL,0,0.14066745574476014,4
2021-07-22,AMZN,0,0.02128361930318455,4
2021-07-22,GOOGL,1,0.02585869317643488,4
2021-07-22,INTC,0,0.08755139376804025,4
2021-07-22,MSFT,0,0.0032444657158947144,4
2021-07-22,NVDA,0,0.5317319518469287,4
2021-07-22,PFE,0,0.2053299651999615,4
2021-07-22,PYPL,0,0.004794967941108967,4
2021-07-22,SPY,0,0.09961618987682809,4
2021-07-22,ZM,1,0.5468504167184239,4
2021-07-23,AAPL,0,0.12765532377776267,4
2021-07-23,AMZN,0,0.0455218305011378,4
2021-07-23,GOOGL,0,0.03547694509222082,4
2021-07-23,INTC,0,0.09658636746468656,4
2021-07-23,MSFT,0,0.026055364051300572,4
2021-07-23,NVDA,0,0.7861248295121973,4
2021-07-23,PFE,0,0.032306078978262556,4
2021-07-23,PYPL,0,0.0025685605259685557,4
2021-07-23,SPY,0,0.1342811002620937,4
2021-07-23,ZM,1,0.6434558808859551,4
2021-07-26,AAPL,0,0.11563026378771381,4
2021-07-26,AMZN,0,0.217211179564639,4
2021-07-26,GOOGL,0,0.022415898346662997,4
2021-07-26,INTC,0,0.039710934559035946,4
2021-07-26,MSFT,0,0.042479452646846896,4
2021-07-26,NVDA,0,0.7623109748162611,4
2021-07-26,PFE,1,0.06532346729917667,4
2021-07-26,PYPL,0,0.03301530205378528,4
2021-07-26,SPY,0,0.08011739846006784,4
2021-07-26,ZM,0,0.772937711902024,4
2021-07-27,AAPL,0,0.5111847928487459,4
2021-07-27,AMZN,0,0.3815360745554136,4
2021-07-27,GOOGL,0,0.2618219533710892,4
2021-07-27,INTC,0,0.06300189543564681,4
2021-07-27,MSFT,0,0.007138095051222438,4
2021-07-27,NVDA,0,0.6727326647752768,4
2021-07-27,PFE,1,0.03541438491230235,4
2021-07-27,PYPL,0,0.03658863323689341,4
2021-07-27,SPY,0,0.21242487284851605,4
2021-07-27,ZM,1,0.7444549448024758,4
2021-07-28,AAPL,0,0.29584166925517763,4
2021-07-28,AMZN,0,0.10465107303942643,4
2021-07-28,GOOGL,0,0.09162758204048271,4
2021-07-28,INTC,0,0.060845374144391104,4
2021-07-28,MSFT,0,0.005678181024389415,4
2021-07-28,NVDA,0,0.6636664228066165,4
2021-07-28,PFE,0,0.038890878546047045,4
2021-07-28,PYPL,0,0.004208598082356642,4
2021-07-28,SPY,0,0.10467326933665232,4
2021-07-28,ZM,1,0.35787218007991056,4
2021-07-29,AAPL,0,0.05813302780181357,4
2021-07-29,AMZN,0,0.15205748362698707,4
2021-07-29,GOOGL,0,0.06480699180026221,4
2021-07-29,INTC,0,0.06525152168943095,4
2021-07-29,MSFT,0,0.006576882978914768,4
2021-07-29,NVDA,0,0.46473480829146907,4
2021-07-29,PFE,1,0.1036942181757906,4
2021-07-29,PYPL,0,0.02538948331670285,4
2021-07-29,SPY,0,0.12104874525030257,4
2021-07-29,ZM,0,0.4420701802133558,4
2021-07-30,AAPL,0,0.10480393959681256,4
2021-07-30,AMZN,0,0.4207707264570633,4
2021-07-30,GOOGL,0,0.18870837494737014,4
2021-07-30,INTC,0,0.03495472161357884,4
2021-07-30,MSFT,0,0.01082446935442015,4
2021-07-30,NVDA,0,0.3512874623693945,4
2021-07-30,PFE,0,0.035704439525538506,4
2021-07-30,PYPL,0,0.014745558557360322,4
2021-07-30,SPY,0,0.42062544610444935,4
2021-07-30,ZM,0,0.7031804919914463,4
2021-08-02,AAPL,0,0.23295818877648342,4
2021-08-02,AMZN,0,0.15422160563130458,4
2021-08-02,GOOGL,0,0.21798471518485515,4
2021-08-02,INTC,0,0.03717923460031529,4
2021-08-02,MSFT,0,0.004398066659760248,4
2021-08-02,NVDA,0,0.617079341334857,4
2021-08-02,PFE,0,0.021504944815676524,4
2021-08-02,PYPL,0,0.014736411312056781,4
2021-08-02,SPY,0,0.4186396064031121,4
2021-08-02,ZM,0,0.28288975364166835,4
2021-08-03,AAPL,0,0.11205557304550501,4
2021-08-03,AMZN,0,0.08841437612177927,4
2021-08-03,GOOGL,0,0.10740835953748135,4
2021-08-03,INTC,0,0.054122169751837874,4
2021-08-03,MSFT,0,0.007465478307679431,4
2021-08-03,NVDA,0,0.6995259767873341,4
2021-08-03,PFE,0,0.03287160437476409,4
2021-08-03,PYPL,0,0.005086374479480878,4
2021-08-03,SPY,0,0.11573473199397093,4
2021-08-03,ZM,1,0.16754570346017428,4
2021-08-04,AAPL,0,0.18186640810114585,4
2021-08-04,AMZN,0,0.148437681610612,4
2021-08-04,GOOGL,0,0.07385170726394487,4
2021-08-04,INTC,0,0.0642779242443034,4
2021-08-04,MSFT,0,0.009297390221300236,4
2021-08-04,NVDA,0,0.8765233068088722,4
2021-08-04,PFE,1,0.03975137583981656,4
2021-08-04,PYPL,0,0.010406267591275508,4
2021-08-04,SPY,0,0.30385357404811564,4
2021-08-04,ZM,0,0.08736124926529912,4
2021-08-05,AAPL,0,0.15009723243100342,4
2021-08-05,AMZN,0,0.1677055907633763,4
2021-08-05,GOOGL,0,0.38777627480165133,4
2021-08-05,INTC,0,0.0454463849562383,4
2021-08-05,MSFT,0,0.007190825433339709,4
2021-08-05,NVDA,0,0.9428040133681748,4
2021-08-05,PFE,1,0.04176677855933691,4
2021-08-05,PYPL,0,0.007778433928373859,4
2021-08-05,SPY,0,0.09002394695699316,4
2021-08-05,ZM,0,0.7666771039681413,4
2021-08-06,AAPL,0,0.2734333606266845,4
2021-08-06,AMZN,0,0.12991722750770857,4
2021-08-06,GOOGL,0,0.1671251213429993,4
2021-08-06,INTC,0,0.09256614306151717,4
2021-08-06,MSFT,0,0.0011096511837864617,4
2021-08-06,NVDA,0,0.6673158376910354,4
2021-08-06,PFE,1,0.04699300560848491,4
2021-08-06,PYPL,0,0.017403404729681632,4
2021-08-06,SPY,0,0.004215832281403925,4
2021-08-06,ZM,0,0.5966579569399557,4
2021-08-09,AAPL,0,0.06721544579331766,4
2021-08-09,AMZN,0,0.0741514761515601,4
2021-08-09,GOOGL,0,0.2171604634811695,4
2021-08-09,INTC,0,0.0693285107582236,4
2021-08-09,MSFT,0,0.03201410475025946,4
2021-08-09,NVDA,0,0.9004675638422406,4
2021-08-09,PFE,0,0.0723542659802374,4
2021-08-09,PYPL,0,0.010489029284510598,4
2021-08-09,SPY,0,0.029991911629255595,4
2021-08-09,ZM,0,0.2117061298798991,4
2021-08-10,AAPL,0,0.12208633909603672,4
2021-08-10,AMZN,0,0.04633126074082256,4
2021-08-10,GOOGL,0,0.033617098154785134,4
2021-08-10,INTC,0,0.20899104173420047,4
2021-08-10,MSFT,0,0.004516171181087495,4
2021-08-10,NVDA,0,0.7974020851620364,4
2021-08-10,PFE,0,0.035305495252999315,4
2021-08-10,PYPL,0,0.012691129489970315,4
2021-08-10,SPY,0,0.14159848934571442,4
2021-08-10,ZM,0,0.6758776340138981,4
2021-08-11,AAPL,0,0.06881177065227413,4
2021-08-11,AMZN,0,0.1760750710496927,4
2021-08-11,GOOGL,0,0.1059935747351389,4
2021-08-11,INTC,0,0.07183051672329854,4
2021-08-11,MSFT,0,0.0036558794832539728,4
2021-08-11,NVDA,0,0.7861472050345119,4
2021-08-11,PFE,1,0.0759593341938645,4
2021-08-11,PYPL,0,0.006862919769930917,4
2021-08-11,SPY,0,0.13707857023333775,4
2021-08-11,ZM,0,0.6541287766554186,4
2021-08-12,AAPL,0,0.045275912246246414,4
2021-08-12,AMZN,0,0.30710670228871134,4
2021-08-12,GOOGL,0,0.16495569077830183,4
2021-08-12,INTC,0,0.07814053929213759,4
2021-08-12,MSFT,0,0.0046381763690991635,4
2021-08-12,NVDA,0,0.8086705915761687,4
2021-08-12,PFE,1,0.06305752395339553,4
2021-08-12,PYPL,0,0.017744974608736294,4
2021-08-12,SPY,0,0.11550458492041103,4
2021-08-12,ZM,0,0.26770567322137434,4
2021-08-13,AAPL,0,0.05380297068719966,4
2021-08-13,AMZN,0,0.23033478554975942,4
2021-08-13,GOOGL,0,0.1462817589347983,4
2021-08-13,INTC,0,0.08277819187089983,4
2021-08-13,MSFT,0,0.009222855521723656,4
2021-08-13,NVDA,0,0.7823222454563727,4
2021-08-13,PFE,1,0.0547587805523473,4
2021-08-13,PYPL,0,0.005625259852528126,4
2021-08-13,SPY,0,0.1488465271548878,4
2021-08-13,ZM,0,0.8245621485093619,4
2021-08-16,AAPL,0,0.06446122552471166,4
2021-08-16,AMZN,0,0.25923450368187956,4
2021-08-16,GOOGL,0,0.07775106511305485,4
2021-08-16,INTC,0,0.11115655201602434,4
2021-08-16,MSFT,0,0.0030864665130223554,4
2021-08-16,NVDA,0,0.6939544166280341,4
2021-08-16,PFE,1,0.05335698036999644,4
2021-08-16,PYPL,0,0.011040916283605486,4
2021-08-16,SPY,0,0.18798115383392444,4
2021-08-16,ZM,0,0.8548654809885432,4
2021-08-17,AAPL,0,0.03611930590218992,4
2021-08-17,AMZN,0,0.3524158647157082,4
2021-08-17,GOOGL,0,0.08360058362320821,4
2021-08-17,INTC,0,0.5133669456923756,4
2021-08-17,MSFT,0,0.012549382395368212,4
2021-08-17,NVDA,0,0.5632198504732264,4
2021-08-17,PFE,0,0.09329148685794172,4
2021-08-17,PYPL,0,0.024300891210458475,4
2021-08-17,SPY,0,0.2655534615842863,4
2021-08-17,ZM,0,0.5709175758798043,4
2021-08-18,AAPL,0,0.28040815081659215,4
2021-08-18,AMZN,0,0.32787953209073817,4
2021-08-18,GOOGL,0,0.027625216991302687,4
2021-08-18,INTC,0,0.47079773535822544,4
2021-08-18,MSFT,0,0.004743022580549349,4
2021-08-18,NVDA,1,0.5988779076925824,4
2021-08-18,PFE,0,0.14031634034054688,4
2021-08-18,PYPL,0,0.008607481223177931,4
2021-08-18,SPY,0,0.2813810733945378,4
2021-08-18,ZM,0,0.7059145210822194,4
2021-08-19,AAPL,0,0.038587592444951684,4
2021-08-19,AMZN,0,0.06023115537967666,4
2021-08-19,GOOGL,0,0.026232973695381138,4
2021-08-19,INTC,0,0.22083728974096448,4
2021-08-19,MSFT,0,0.0037451914313292177,4
2021-08-19,NVDA,1,0.7577915692796441,4
2021-08-19,PFE,0,0.2604713555049643,4
2021-08-19,PYPL,0,0.011074255498122175,4
2021-08-19,SPY,0,0.08312684903773443,4
2021-08-19,ZM,1,0.7909890039643844,4
2021-08-20,AAPL,0,0.06557408905863946,4
2021-08-20,AMZN,0,0.04214995431108764,4
2021-08-20,GOOGL,0,0.012816029820287237,4
2021-08-20,INTC,0,0.587518391880253,4
2021-08-20,MSFT,0,0.0020467078504199767,4
2021-08-20,NVDA,1,0.6646658007593035,4
2021-08-20,PFE,0,0.10646954082633137,4
2021-08-20,PYPL,0,0.006498993501288728,4
2021-08-20,SPY,0,0.11543532714125336,4
2021-08-20,ZM,0,0.40728637279618024,4
2021-08-23,AAPL,0,0.07254297937857371,4
2021-08-23,AMZN,0,0.009234083619786912,4
2021-08-23,GOOGL,0,0.055973991486103054,4
2021-08-23,INTC,0,0.2228068073655742,4
2021-08-23,MSFT,0,0.00023149636268568713,4
2021-08-23,NVDA,0,0.45703096410567645,4
2021-08-23,PFE,0,0.38552301643417347,4
2021-08-23,PYPL,0,0.00597893788902424,4
2021-08-23,SPY,0,0.10981730600167872,4
2021-08-23,ZM,0,0.48729251285614544,4
2021-08-24,AAPL,0,0.07647081116142979,4
2021-08-24,AMZN,0,0.010994929815011097,4
2021-08-24,GOOGL,0,0.02793527310404856,4
2021-08-24,INTC,0,0.29484178261824934,4
2021-08-24,MSFT,0,0.00057901670205945,4
2021-08-24,NVDA,0,0.716655476171217,4
2021-08-24,PFE,0,0.10209810966292426,4
2021-08-24,PYPL,0,0.004465227877629225,4
2021-08-24,SPY,0,0.08850250899399825,4
2021-08-24,ZM,0,0.8333554431993739,4
2021-08-25,AAPL,0,0.2445622146485139,4
2021-08-25,AMZN,1,0.022311853540210622,4
2021-08-25,GOOGL,0,0.03833307785682033,4
2021-08-25,INTC,0,0.5197549477177998,4
2021-08-25,MSFT,0,0.004059528317948345,4
2021-08-25,NVDA,0,0.8204923754754436,4
2021-08-25,PFE,0,0.134717812002461,4
2021-08-25,PYPL,0,0.01666035586501503,4
2021-08-25,SPY,0,0.11674863038964607,4
2021-08-25,ZM,0,0.786976692077667,4
2021-08-26,AAPL,0,0.12939610364109605,4
2021-08-26,AMZN,1,0.011467371569368591,4
2021-08-26,GOOGL,0,0.12483085083572515,4
2021-08-26,INTC,0,0.5336323742448189,4
2021-08-26,MSFT,0,0.025026252420936458,4
2021-08-26,NVDA,0,0.6724094664015883,4
2021-08-26,PFE,0,0.11876426141827343,4
2021-08-26,PYPL,1,0.048122155658998654,4
2021-08-26,SPY,0,0.19816679565737458,4
2021-08-26,ZM,0,0.33522760758900083,4
2021-08-27,AAPL,0,0.04643390440688539,4
2021-08-27,AMZN,0,0.019347386841651378,4
2021-08-27,GOOGL,0,0.07195984765360133,4
2021-08-27,INTC,0,0.3826561277486213,4
2021-08-27,MSFT,0,0.006242184576144961,4
2021-08-27,NVDA,0,0.8079422478347935,4
2021-08-27,PFE,0,0.49992500791522304,4
2021-08-27,PYPL,0,0.004052504399591827,4
2021-08-27,SPY,0,0.12465501200477418,4
2021-08-27,ZM,0,0.36970818162815344,4
2021-08-30,AAPL,0,0.07477413593793428,4
2021-08-30,AMZN,0,0.0026133552053839745,4
2021-08-30,GOOGL,0,0.02084837526339242,4
2021-08-30,INTC,0,0.4061517713643406,4
2021-08-30,MSFT,0,0.001538235783668742,4
2021-08-30,NVDA,0,0.9033630862900346,4
2021-08-30,PFE,0,0.1895703423986536,4
2021-08-30,PYPL,0,0.057779376489265476,4
2021-08-30,SPY,0,0.0954277875690442,4
2021-08-30,ZM,0,0.3852374237934509,4
2021-08-31,AAPL,0,0.1071353535182705,4
2021-08-31,AMZN,0,0.005647514352760599,4
2021-08-31,GOOGL,0,0.012257991888860785,4
2021-08-31,INTC,0,0.42275415829624285,4
2021-08-31,MSFT,0,0.004819119636386795,4
2021-08-31,NVDA,0,0.8692041328691394,4
2021-08-31,PFE,0,0.4978670054096925,4
2021-08-31,PYPL,0,0.005289526681755927,4
2021-08-31,SPY,0,0.12890860351035605,4
2021-08-31,ZM,0,0.7877878263178045,4
2021-09-01,AAPL,0,0.03648813953289244,4
2021-09-01,AMZN,0,0.010480253623616749,4
2021-09-01,GOOGL,0,0.005660360453695384,4
2021-09-01,INTC,0,0.017298948662979517,4
2021-09-01,MSFT,0,0.002680564887961885,4
2021-09-01,NVDA,0,0.10250182536153414,4
2021-09-01,PFE,0,0.05762055002453828,4
2021-09-01,PYPL,0,0.0018961530809001802,4
2021-09-01,SPY,0,0.08150360612905817,4
2021-09-01,ZM,0,0.49738910462372954,4
2021-09-02,AAPL,0,0.01343723533435518,4
2021-09-02,AMZN,0,0.01076437014810955,4
2021-09-02,GOOGL,0,0.36362156648240684,4
2021-09-02,INTC,0,0.02831355117183615,4
2021-09-02,MSFT,0,0.0035751403445785854,4
2021-09-02,NVDA,0,0.281767334262663,4
2021-09-02,PFE,0,0.03595770221992407,4
2021-09-02,PYPL,0,0.002426003856061371,4
2021-09-02,SPY,0,0.21462632254972255,4
2021-09-02,ZM,0,0.1740181459514334,4
2021-09-03,AAPL,0,0.05714082374022959,4
2021-09-03,AMZN,0,0.004068091792194546,4
2021-09-03,GOOGL,0,0.06563350544881183,4
2021-09-03,INTC,0,0.0665702068323681,4
2021-09-03,MSFT,0,0.005247884634177265,4
2021-09-03,NVDA,0,0.456081676771004,4
2021-09-03,PFE,0,0.3978716158832405,4
2021-09-03,PYPL,0,0.00243917299764805,4
2021-09-03,SPY,0,0.1716258946625185,4
2021-09-03,ZM,0,0.40463770507133984,4
2021-09-07,AAPL,0,0.38445694504988653,4
2021-09-07,AMZN,0,0.0361052919143129,4
2021-09-07,GOOGL,0,0.1088539412910414,4
2021-09-07,INTC,0,0.13595511424275328,4
2021-09-07,MSFT,0,0.013080158756582309,4
2021-09-07,NVDA,0,0.39699292391547997,4
2021-09-07,PFE,0,0.21914383210600763,4
2021-09-07,PYPL,0,0.0005141767180654685,4
2021-09-07,SPY,0,0.4229006723039969,4
2021-09-07,ZM,0,0.2489511962951981,4
2021-09-08,AAPL,0,0.18771278541283343,4
2021-09-08,AMZN,0,0.001428118374011844,4
2021-09-08,GOOGL,0,0.17532359475992812,4
2021-09-08,INTC,0,0.1393221678919623,4
2021-09-08,MSFT,0,0.005473641002834924,4
2021-09-08,NVDA,0,0.8372739428559945,4
2021-09-08,PFE,0,0.34653166577754196,4
2021-09-08,PYPL,0,0.036422290244201114,4
2021-09-08,SPY,0,0.007240190667939249,4
2021-09-08,ZM,0,0.5376337683790378,4
2021-09-09,AAPL,0,0.16963508564131938,4
2021-09-09,AMZN,0,0.0019308214847978638,4
2021-09-09,GOOGL,0,0.043526874406710395,4
2021-09-09,INTC,0,0.29726811286098986,4
2021-09-09,MSFT,0,0.018422740274954413,4
2021-09-09,NVDA,0,0.8517313456194064,4
2021-09-09,PFE,0,0.44767772924261456,4
2021-09-09,PYPL,0,0.004897080612662875,4
2021-09-09,SPY,0,0.546293368873011,4
2021-09-09,ZM,0,0.46254682566320504,4
2021-09-10,AAPL,0,0.34919056677936766,4
2021-09-10,AMZN,0,0.004008779103245869,4
2021-09-10,GOOGL,0,0.3410363454134521,4
2021-09-10,INTC,0,0.19341920671639945,4
2021-09-10,MSFT,0,0.01080298370437427,4
2021-09-10,NVDA,0,0.8184197934569348,4
2021-09-10,PFE,0,0.4336294643114029,4
2021-09-10,PYPL,0,0.008620522664060812,4
2021-09-10,SPY,0,0.4383688455260804,4
2021-09-10,ZM,0,0.4673583862256897,4
2021-09-13,AAPL,0,0.085650007416656,4
2021-09-13,AMZN,0,0.0010919347429072207,4
2021-09-13,GOOGL,0,0.10747350632233506,4
2021-09-13,INTC,0,0.18679790390136258,4
2021-09-13,MSFT,0,0.006788570646997036,4
2021-09-13,NVDA,0,0.7798294233896971,4
2021-09-13,PFE,0,0.3377828965839,4
2021-09-13,PYPL,0,0.018727309259967947,4
2021-09-13,SPY,0,0.1248431261057358,4
2021-09-13,ZM,0,0.6270227357051742,4
2021-09-14,AAPL,0,0.2115473248987706,4
2021-09-14,AMZN,0,0.0193543419276242,4
2021-09-14,GOOGL,0,0.1076498767221441,4
2021-09-14,INTC,0,0.6208836700156082,4
2021-09-14,MSFT,0,0.006851303296003591,4
2021-09-14,NVDA,0,0.7415243772470289,4
2021-09-14,PFE,0,0.207097797205871,4
2021-09-14,PYPL,0,0.003983246087957299,4
2021-09-14,SPY,0,0.5717998991060955,4
2021-09-14,ZM,0,0.46779098293491966,4
2021-09-15,AAPL,0,0.06875580483145487,4
2021-09-15,AMZN,0,0.0028167302981513638,4
2021-09-15,GOOGL,0,0.13490914014895236,4
2021-09-15,INTC,0,0.7186001623245446,4
2021-09-15,MSFT,0,0.006498852440888273,4
2021-09-15,NVDA,0,0.7528285209137865,4
2021-09-15,PFE,0,0.11072026105971942,4
2021-09-15,PYPL,0,0.0027974607907612693,4
2021-09-15,SPY,0,0.08989431193156737,4
2021-09-15,ZM,0,0.32586363146355035,4
2021-09-16,AAPL,0,0.07513157616540063,4
2021-09-16,AMZN,0,0.009930735563471259,4
2021-09-16,GOOGL,0,0.09400735076130919,4
2021-09-16,INTC,0,0.3635497273610572,4
2021-09-16,MSFT,0,0.009165274541813952,4
2021-09-16,NVDA,0,0.7217297757703391,4
2021-09-16,PFE,0,0.11787269878813739,4
2021-09-16,PYPL,0,0.010351223772917868,4
2021-09-16,SPY,0,0.3639975243501074,4
2021-09-16,ZM,0,0.4905018153272953,4
2021-09-17,AAPL,0,0.2890319839597121,4
2021-09-17,AMZN,0,0.040047070571015274,4
2021-09-17,GOOGL,0,0.2523351654308629,4
2021-09-17,INTC,0,0.30973895730915685,4
2021-09-17,MSFT,0,0.09129985181899201,4
2021-09-17,NVDA,0,0.8186095260062296,4
2021-09-17,PFE,0,0.2952019535337053,4
2021-09-17,PYPL,0,0.16698543981103184,4
2021-09-17,SPY,0,0.40450556661868076,4
2021-09-17,ZM,0,0.2785179262143228,4
2021-09-20,AAPL,0,0.08265344315859754,4
2021-09-20,AMZN,0,0.043298264067752425,4
2021-09-20,GOOGL,0,0.14517525889615476,4
2021-09-20,INTC,0,0.15300668651621352,4
2021-09-20,MSFT,0,0.017321368737006997,4
2021-09-20,NVDA,1,0.7245495260876111,4
2021-09-20,PFE,0,0.015937856748096647,4
2021-09-20,PYPL,0,0.01646439726002974,4
2021-09-20,SPY,0,0.541165262677805,4
2021-09-20,ZM,0,0.14429684023850026,4
2021-09-21,AAPL,0,0.03973640634520783,4
2021-09-21,AMZN,0,0.007512923250679861,4
2021-09-21,GOOGL,0,0.03334552010766221,4
2021-09-21,INTC,0,0.08907985001719379,4
2021-09-21,MSFT,0,0.004584245895998085,4
2021-09-21,NVDA,1,0.56927677488858,4
2021-09-21,PFE,0,0.03918889971253165,4
2021-09-21,PYPL,0,0.004993876775767751,4
2021-09-21,SPY,0,0.15278767937462664,4
2021-09-21,ZM,0,0.2874728900359446,4
2021-09-22,AAPL,0,0.07084965927659552,4
2021-09-22,AMZN,0,0.016617275555096088,4
2021-09-22,GOOGL,0,0.03690357294784231,4
2021-09-22,INTC,0,0.2142370435203761,4
2021-09-22,MSFT,0,0.008018286220176266,4
2021-09-22,NVDA,0,0.6431025947213134,4
2021-09-22,PFE,0,0.022861764144187124,4
2021-09-22,PYPL,0,0.006668505123851277,4
2021-09-22,SPY,0,0.15036027282149297,4
2021-09-22,ZM,0,0.03453119108903017,4
2021-09-23,AAPL,0,0.0675221885413836,4
2021-09-23,AMZN,0,0.02227696591322999,4
2021-09-23,GOOGL,0,0.036545984435095505,4
2021-09-23,INTC,0,0.21792045864552476,4
2021-09-23,MSFT,0,0.008955821216226168,4
2021-09-23,NVDA,0,0.7910461543767264,4
2021-09-23,PFE,0,0.011829800152687876,4
2021-09-23,PYPL,0,0.013385852483695945,4
2021-09-23,SPY,0,0.19309612123323364,4
2021-09-23,ZM,0,0.039831131703635406,4
2021-09-24,AAPL,0,0.029940926591292952,4
2021-09-24,AMZN,0,0.00946491179454156,4
2021-09-24,GOOGL,0,0.06572253433658472,4
2021-09-24,INTC,0,0.15684746481591597,4
2021-09-24,MSFT,0,0.01224839074154177,4
2021-09-24,NVDA,0,0.7276250232655291,4
2021-09-24,PFE,0,0.02998378084469069,4
2021-09-24,PYPL,0,0.01681707640732741,4
2021-09-24,SPY,0,0.1820971824565452,4
2021-09-24,ZM,0,0.06753494981379722,4
2021-09-27,AAPL,0,0.06863135687543555,4
2021-09-27,AMZN,0,0.02174223224112499,4
2021-09-27,GOOGL,0,0.09992084664766043,4
2021-09-27,INTC,0,0.25467635238923453,4
2021-09-27,MSFT,0,0.08036090173919426,4
2021-09-27,NVDA,0,0.6319024532427944,4
2021-09-27,PFE,0,0.036695060286318894,4
2021-09-27,PYPL,0,0.022168944597858873,4
2021-09-27,SPY,0,0.3334223421598152,4
2021-09-27,ZM,0,0.009379457993802388,4
2021-09-28,AAPL,0,0.08380086610378014,4
2021-09-28,AMZN,0,0.04700156796479217,4
2021-09-28,GOOGL,0,0.14745558228445738,4
2021-09-28,INTC,0,0.21131302872923424,4
2021-09-28,MSFT,0,0.018309377134673982,4
2021-09-28,NVDA,0,0.57833193729328,4
2021-09-28,PFE,0,0.07094800915022237,4
2021-09-28,PYPL,0,0.019826218589743146,4
2021-09-28,SPY,0,0.4668335897528572,4
2021-09-28,ZM,0,0.022504399886499053,4
2021-09-29,AAPL,0,0.06541604919985278,4
2021-09-29,AMZN,0,0.02280349575390572,4
2021-09-29,GOOGL,0,0.12146854258969828,4
2021-09-29,INTC,0,0.1575963802332198,4
2021-09-29,MSFT,0,0.008557027322511901,4
2021-09-29,NVDA,0,0.7847360983575096,4
2021-09-29,PFE,0,0.012670983193947084,4
2021-09-29,PYPL,0,0.011414868122898998,4
2021-09-29,SPY,0,0.2376858735399694,4
2021-09-29,ZM,1,0.02810017562952617,4
2021-09-30,AAPL,0,0.09195666076544651,4
2021-09-30,AMZN,0,0.01318758503759046,4
2021-09-30,GOOGL,0,0.040428532910373564,4
2021-09-30,INTC,0,0.17052415634772777,4
2021-09-30,MSFT,0,0.007212738218760064,4
2021-09-30,NVDA,0,0.5943221886439268,4
2021-09-30,PFE,0,0.06037780373109327,4
2021-09-30,PYPL,0,0.0072609735181630415,4
2021-09-30,SPY,0,0.3776271603196865,4
2021-09-30,ZM,0,0.013274289535118017,4
2021-10-01,AAPL,0,0.044632428804274794,4
2021-10-01,AMZN,0,0.00904619711101373,4
2021-10-01,GOOGL,0,0.031040579296809197,4
2021-10-01,INTC,0,0.11732228194050193,4
2021-10-01,MSFT,0,0.04419464700474441,4
2021-10-01,NVDA,0,0.5640577267112408,4
2021-10-01,PFE,0,0.04435600495053872,4
2021-10-01,PYPL,0,0.00742474609171839,4
2021-10-01,SPY,0,0.129329833895767,4
2021-10-01,ZM,0,0.010257550353105752,4
2021-10-04,AAPL,0,0.1476511218118575,4
2021-10-04,AMZN,0,0.018373037685145605,4
2021-10-04,GOOGL,0,0.17238855913485018,4
2021-10-04,INTC,0,0.09851425656279784,4
2021-10-04,MSFT,0,0.022827062655163516,4
2021-10-04,NVDA,1,0.8626995417101496,4
2021-10-04,PFE,0,0.05482331135248767,4
2021-10-04,PYPL,0,0.016015745109423128,4
2021-10-04,SPY,0,0.45694156119067625,4
2021-10-04,ZM,0,0.024193704286882303,4
2021-10-05,AAPL,0,0.05910582844537643,4
2021-10-05,AMZN,0,0.01647731504943658,4
2021-10-05,GOOGL,0,0.08836053757053666,4
2021-10-05,INTC,0,0.044714726590717194,4
2021-10-05,MSFT,0,0.006148073722457992,4
2021-10-05,NVDA,0,0.7166060746202091,4
2021-10-05,PFE,0,0.026733872208510985,4
2021-10-05,PYPL,0,0.005421842385480135,4
2021-10-05,SPY,0,0.19190903539981494,4
2021-10-05,ZM,0,0.01084300651764036,4
2021-10-06,AAPL,0,0.10079169843481546,4
2021-10-06,AMZN,0,0.019000078093051907,4
2021-10-06,GOOGL,0,0.09608647193625128,4
2021-10-06,INTC,0,0.04927113130339748,4
2021-10-06,MSFT,0,0.006777085858202572,4
2021-10-06,NVDA,0,0.6892561679469592,4
2021-10-06,PFE,0,0.03060486716192409,4
2021-10-06,PYPL,0,0.007175127857467705,4
2021-10-06,SPY,0,0.19535161797826656,4
2021-10-06,ZM,0,0.01332206714780435,4
2021-10-07,AAPL,0,0.06950062432081669,4
2021-10-07,AMZN,0,0.016224809488165234,4
2021-10-07,GOOGL,0,0.08312466207793709,4
2021-10-07,INTC,0,0.06646495216733858,4
2021-10-07,MSFT,0,0.008255521427494066,4
2021-10-07,NVDA,0,0.6408662381704815,4
2021-10-07,PFE,0,0.030414568245002268,4
2021-10-07,PYPL,0,0.012755203975147445,4
2021-10-07,SPY,0,0.12992117416327678,4
2021-10-07,ZM,1,0.13262109210488346,4
2021-10-08,AAPL,0,0.1042059054661035,4
2021-10-08,AMZN,0,0.011005608544502304,4
2021-10-08,GOOGL,0,0.08342720573870935,4
2021-10-08,INTC,0,0.19412461762626163,4
2021-10-08,MSFT,0,0.005615806473310727,4
2021-10-08,NVDA,0,0.8069162469297079,4
2021-10-08,PFE,0,0.04044033810020474,4
2021-10-08,PYPL,0,0.02870254532087787,4
2021-10-08,SPY,0,0.1947496164716316,4
2021-10-08,ZM,1,0.14032857559902756,4
2021-10-11,AAPL,0,0.06306030535596907,4
2021-10-11,AMZN,1,0.03807915510271512,4
2021-10-11,GOOGL,0,0.05058909349277571,4
2021-10-11,INTC,0,0.12723852343333567,4
2021-10-11,MSFT,0,0.007690138519320949,4
2021-10-11,NVDA,1,0.6771299283003797,4
2021-10-11,PFE,0,0.06715644592583751,4
2021-10-11,PYPL,1,0.04174715177218403,4
2021-10-11,SPY,0,0.33956667837628934,4
2021-10-11,ZM,1,0.2804545664695057,4
2021-10-12,AAPL,0,0.07749026615794159,4
2021-10-12,AMZN,1,0.013766053667981783,4
2021-10-12,GOOGL,0,0.3915043325524848,4
2021-10-12,INTC,1,0.12093342990095646,4
2021-10-12,MSFT,1,0.017954950926591044,4
2021-10-12,NVDA,1,0.6261216775124273,4
2021-10-12,PFE,0,0.05019907164621531,4
2021-10-12,PYPL,1,0.01183438053187343,4
2021-10-12,SPY,0,0.4705938202467669,4
2021-10-12,ZM,1,0.20796001029536362,4
2021-10-13,AAPL,1,0.05978385832025888,4
2021-10-13,AMZN,1,0.012925037849352108,4
2021-10-13,GOOGL,0,0.059975199285440275,4
2021-10-13,INTC,1,0.07575863336915824,4
2021-10-13,MSFT,0,0.007089440968306045,4
2021-10-13,NVDA,1,0.5486037673393762,4
2021-10-13,PFE,0,0.011144701264403123,4
2021-10-13,PYPL,1,0.08166614263975554,4
2021-10-13,SPY,0,0.13288861888607262,4
2021-10-13,ZM,0,0.7702834142255002,4
2021-10-14,AAPL,0,0.039648876967171225,4
2021-10-14,AMZN,0,0.008294556652214229,4
2021-10-14,GOOGL,0,0.0829602444189315,4
2021-10-14,INTC,0,0.5090604482300257,4
2021-10-14,MSFT,0,0.005697333724933364,4
2021-10-14,NVDA,0,0.7549106079384402,4
2021-10-14,PFE,0,0.016634958337714514,4
2021-10-14,PYPL,0,0.062339165085075594,4
2021-10-14,SPY,0,0.19452602024693116,4
2021-10-14,ZM,0,0.2448673374901627,4
2021-10-15,AAPL,0,0.06732893977119854,4
2021-10-15,AMZN,0,0.029030624077654225,4
2021-10-15,GOOGL,0,0.07260561102617168,4
2021-10-15,INTC,0,0.36433719039863155,4
2021-10-15,MSFT,0,0.0037051521771950743,4
2021-10-15,NVDA,0,0.666161415481968,4
2021-10-15,PFE,0,0.05622072365366358,4
2021-10-15,PYPL,0,0.016318836282837798,4
2021-10-15,SPY,0,0.14908609455162827,4
2021-10-15,ZM,1,0.2226407386234396,4
2021-10-18,AAPL,0,0.05759999922542815,4
2021-10-18,AMZN,0,0.006077337490394263,4
2021-10-18,GOOGL,0,0.15228362163596176,4
2021-10-18,INTC,0,0.548607918470603,4
2021-10-18,MSFT,0,0.0010363243114676075,4
2021-10-18,NVDA,0,0.8676979477336385,4
2021-10-18,PFE,0,0.03858092462912128,4
2021-10-18,PYPL,0,0.011039350222526017,4
2021-10-18,SPY,0,0.2110434637708525,4
2021-10-18,ZM,0,0.04690273256728685,4
2021-10-19,AAPL,0,0.13092677431415106,4
2021-10-19,AMZN,0,0.014672771684148688,4
2021-10-19,GOOGL,0,0.0507315270688209,4
2021-10-19,INTC,0,0.21173865532035674,4
2021-10-19,MSFT,0,0.0004529458406625763,4
2021-10-19,NVDA,1,0.864885186592599,4
2021-10-19,PFE,0,0.013760217131806482,4
2021-10-19,PYPL,0,0.010480579829965815,4
2021-10-19,SPY,0,0.346309563237114,4
2021-10-19,ZM,0,0.02631562571759422,4
2021-10-20,AAPL,0,0.08982376257114842,4
2021-10-20,AMZN,0,0.023822498380589467,4
2021-10-20,GOOGL,0,0.25898148161125095,4
2021-10-20,INTC,0,0.31702804487103947,4
2021-10-20,MSFT,1,0.0018073986932599252,4
2021-10-20,NVDA,1,0.6891684638861454,4
2021-10-20,PFE,0,0.026265570331202786,4
2021-10-20,PYPL,0,0.07219706587716294,4
2021-10-20,SPY,0,0.03742596929260347,4
2021-10-20,ZM,0,0.017469038807917035,4
2021-10-21,AAPL,0,0.04294536045762589,4
2021-10-21,AMZN,0,0.009447480188201011,4
2021-10-21,GOOGL,0,0.06837189999519024,4
2021-10-21,INTC,0,0.27128957168081186,4
2021-10-21,MSFT,0,0.0011846483874469655,4
2021-10-21,NVDA,1,0.7800763239520033,4
2021-10-21,PFE,0,0.03520792632624773,4
2021-10-21,PYPL,0,0.5338731878903361,4
2021-10-21,SPY,0,0.016424385207798903,4
2021-10-21,ZM,0,0.01040386949350412,4
2021-10-22,AAPL,0,0.05653859448358124,4
2021-10-22,AMZN,0,0.03890237606899547,4
2021-10-22,GOOGL,1,0.37933991943399253,4
2021-10-22,INTC,0,0.031646044761204924,4
2021-10-22,MSFT,0,0.0008761945352175787,4
2021-10-22,NVDA,1,0.3217283164700212,4
2021-10-22,PFE,0,0.041368985732668104,4
2021-10-22,PYPL,0,0.7672189907936399,4
2021-10-22,SPY,0,0.03267723907285535,4
2021-10-22,ZM,0,0.0005455656597779566,4
2021-10-25,AAPL,0,0.0249340889854724,4
2021-10-25,AMZN,0,0.060182213864023504,4
2021-10-25,GOOGL,0,0.20254259922469403,4
2021-10-25,INTC,0,0.14516505252395634,4
2021-10-25,MSFT,0,0.0079098762385049,4
2021-10-25,NVDA,1,0.5073486940982432,4
2021-10-25,PFE,0,0.10682188570370875,4
2021-10-25,PYPL,0,0.6801287459207808,4
2021-10-25,SPY,0,0.020732342886219942,4
2021-10-25,ZM,0,0.016705236745745908,4
2021-10-26,AAPL,0,0.07425462496914552,4
2021-10-26,AMZN,0,0.028251175315681196,4
2021-10-26,GOOGL,0,0.33420079338300934,4
2021-10-26,INTC,0,0.1538210203969574,4
2021-10-26,MSFT,0,0.0016016608308580713,4
2021-10-26,NVDA,0,0.3400064299639995,4
2021-10-26,PFE,0,0.2509211176055639,4
2021-10-26,PYPL,0,0.7911023985595383,4
2021-10-26,SPY,0,0.022660197534104087,4
2021-10-26,ZM,0,0.03303608566186456,4
2021-10-27,AAPL,0,0.35571611921689267,4
2021-10-27,AMZN,0,0.025858469750220325,4
2021-10-27,GOOGL,0,0.23617016212875547,4
2021-10-27,INTC,0,0.1629874566677834,4
2021-10-27,MSFT,0,0.0043125963298642645,4
2021-10-27,NVDA,1,0.27206335793438435,4
2021-10-27,PFE,0,0.13267136842849037,4
2021-10-27,PYPL,0,0.6542687064875934,4
2021-10-27,SPY,0,0.07031852081738336,4
2021-10-27,ZM,0,0.0025889095165168284,4
2021-10-28,AAPL,0,0.06748883906115152,4
2021-10-28,AMZN,0,0.027077827795763107,4
2021-10-28,GOOGL,0,0.5425904671005163,4
2021-10-28,INTC,0,0.14948076712793948,4
2021-10-28,MSFT,0,0.0010318364298022254,4
2021-10-28,NVDA,1,0.21395270440247702,4
2021-10-28,PFE,0,0.07124855909985167,4
2021-10-28,PYPL,0,0.811598504300663,4
2021-10-28,SPY,0,0.037459217016808884,4
2021-10-28,ZM,0,0.0008374255227128213,4
2021-10-29,AAPL,0,0.3069543943133766,4
2021-10-29,AMZN,0,0.020849874410743218,4
2021-10-29,GOOGL,0,0.36395472288489,4
2021-10-29,INTC,0,0.08326718035088372,4
2021-10-29,MSFT,0,0.0008465123831443562,4
2021-10-29,NVDA,1,0.24065178681078925,4
2021-10-29,PFE,1,0.13773422069897961,4
2021-10-29,PYPL,0,0.7512661043788643,4
2021-10-29,SPY,0,0.010735446971683346,4
2021-10-29,ZM,0,0.003046765593207589,4
2021-11-01,AAPL,0,0.32562409290711763,4
2021-11-01,AMZN,0,0.07033607899637612,4
2021-11-01,GOOGL,0,0.4974842693493461,4
2021-11-01,INTC,0,0.04781670584262252,4
2021-11-01,MSFT,0,0.0010951410506100415,4
2021-11-01,NVDA,1,0.2057812364142056,4
2021-11-01,PFE,1,0.15143273795373827,4
2021-11-01,PYPL,0,0.621812003069288,4
2021-11-01,SPY,0,0.007449324460362953,4
2021-11-01,ZM,0,0.0013395428781231393,4
2021-11-02,AAPL,0,0.24647976954972683,4
2021-11-02,AMZN,1,0.06367392758023106,4
2021-11-02,GOOGL,0,0.3715720511057846,4
2021-11-02,INTC,0,0.06463879295081544,4
2021-11-02,MSFT,0,0.0005112800139505778,4
2021-11-02,NVDA,1,0.25551640668543124,4
2021-11-02,PFE,0,0.04896651501039672,4
2021-11-02,PYPL,0,0.495041648196202,4
2021-11-02,SPY,0,0.006949527654585827,4
2021-11-02,ZM,0,0.010889662878374251,4
2021-11-03,AAPL,0,0.1051418400703818,4
2021-11-03,AMZN,0,0.0076485412424463625,4
2021-11-03,GOOGL,0,0.12135304217674295,4
2021-11-03,INTC,0,0.23618213588575623,4
2021-11-03,MSFT,0,0.0004564299749374248,4
2021-11-03,NVDA,1,0.3681787884616295,4
2021-11-03,PFE,1,0.141734327751299,4
2021-11-03,PYPL,0,0.6332877944087111,4
2021-11-03,SPY,0,0.003629804014169689,4
2021-11-03,ZM,0,0.0027928601948931054,4
2021-11-04,AAPL,0,0.16542121269988153,4
2021-11-04,AMZN,0,0.011934093734725709,4
2021-11-04,GOOGL,0,0.14667449351973666,4
2021-11-04,INTC,0,0.15951737809247957,4
2021-11-04,MSFT,0,0.001070649018902442,4
2021-11-04,NVDA,0,0.26827563924252024,4
2021-11-04,PFE,1,0.11931880456784526,4
2021-11-04,PYPL,0,0.7403142384452235,4
2021-11-04,SPY,0,0.015317437078105168,4
2021-11-04,ZM,0,0.01160006227259964,4
2021-11-05,AAPL,0,0.07344914562038969,4
2021-11-05,AMZN,0,0.015653712780949625,4
2021-11-05,GOOGL,0,0.044134669895567545,4
2021-11-05,INTC,0,0.10552743667925801,4
2021-11-05,MSFT,0,0.0016248083467253393,4
2021-11-05,NVDA,1,0.11906471205951596,4
2021-11-05,PFE,0,0.07990988089191364,4
2021-11-05,PYPL,0,0.6747763770464196,4
2021-11-05,SPY,0,0.00866217626291985,4
2021-11-05,ZM,0,0.014315318180873879,4
2021-11-08,AAPL,0,0.03999074360613663,4
2021-11-08,AMZN,0,0.1916582068433779,4
2021-11-08,GOOGL,0,0.01661696815130246,4
2021-11-08,INTC,0,0.005123903371653292,4
2021-11-08,MSFT,0,0.00033390694076532575,4
2021-11-08,NVDA,0,0.02508211892878273,4
2021-11-08,PFE,0,0.038306151354340366,4
2021-11-08,PYPL,0,0.27228440099918316,4
2021-11-08,SPY,0,0.009137807022903822,4
2021-11-08,ZM,0,0.015625906515167036,4
2021-11-09,AAPL,0,0.027403458162121974,4
2021-11-09,AMZN,0,0.007675709041897906,4
2021-11-09,GOOGL,0,0.06620843707183907,4
2021-11-09,INTC,0,0.011317487121405626,4
2021-11-09,MSFT,0,0.0013026560480630244,4
2021-11-09,NVDA,0,0.04918685577504192,4
2021-11-09,PFE,0,0.02914717179473152,4
2021-11-09,PYPL,0,0.7057880620396612,4
2021-11-09,SPY,0,0.058959217929305856,4
2021-11-09,ZM,0,0.00958535875768442,4
2021-11-10,AAPL,0,0.14456465097753954,4
2021-11-10,AMZN,0,0.1713833414839102,4
2021-11-10,GOOGL,0,0.10720596088776643,4
2021-11-10,INTC,0,0.022681953779182928,4
2021-11-10,MSFT,0,0.0029513639314574795,4
2021-11-10,NVDA,0,0.05016477082292935,4
2021-11-10,PFE,0,0.027444748868592318,4
2021-11-10,PYPL,0,0.6394356982221385,4
2021-11-10,SPY,0,0.40491630983999183,4
2021-11-10,ZM,0,0.007370374173867056,4
2021-11-11,AAPL,0,0.05326423499979473,4
2021-11-11,AMZN,0,0.03225231112364406,4
2021-11-11,GOOGL,0,0.04143322869053321,4
2021-11-11,INTC,0,0.010566825014524226,4
2021-11-11,MSFT,0,0.00013410110160055162,4
2021-11-11,NVDA,0,0.10252940839592119,4
2021-11-11,PFE,0,0.012280957155936151,4
2021-11-11,PYPL,0,0.5943117895662756,4
2021-11-11,SPY,0,0.029758658301516454,4
2021-11-11,ZM,0,0.012351116008255872,4
2021-11-12,AAPL,0,0.023021977230037297,4
2021-11-12,AMZN,0,0.018682193149893698,4
2021-11-12,GOOGL,0,0.018723223970554273,4
2021-11-12,INTC,0,0.011562599685414024,4
2021-11-12,MSFT,0,0.004421084489926691,4
2021-11-12,NVDA,0,0.0887620557273259,4
2021-11-12,PFE,0,0.16578728768771794,4
2021-11-12,PYPL,0,0.5000519474990254,4
2021-11-12,SPY,0,0.05404187398931071,4
2021-11-12,ZM,0,0.01863176353883234,4
2021-11-15,AAPL,1,0.12408888948001599,4
2021-11-15,AMZN,0,0.013889483978165668,4
2021-11-15,GOOGL,0,0.04031956188496619,4
2021-11-15,INTC,0,0.03230548937350483,4
2021-11-15,MSFT,0,0.004725407912850474,4
2021-11-15,NVDA,1,0.20153325334445513,4
2021-11-15,PFE,0,0.02529033262938321,4
2021-11-15,PYPL,0,0.09697991082206146,4
2021-11-15,SPY,0,0.031761646295159686,4
2021-11-15,ZM,0,0.019360583229029203,4
2021-11-16,AAPL,1,0.041027254834107865,4
2021-11-16,AMZN,0,0.027084706178450102,4
2021-11-16,GOOGL,0,0.3088777390121434,4
2021-11-16,INTC,0,0.07850963807561988,4
2021-11-16,MSFT,0,0.021494867605360218,4
2021-11-16,NVDA,0,0.1614262811805399,4
2021-11-16,PFE,0,0.02887472259174102,4
2021-11-16,PYPL,0,0.26138318059140253,4
2021-11-16,SPY,0,0.01496428608742466,4
2021-11-16,ZM,0,0.006523669672619811,4
2021-11-17,AAPL,0,0.3316946059999143,4
2021-11-17,AMZN,0,0.15192519955762412,4
2021-11-17,GOOGL,0,0.19204236391770618,4
2021-11-17,INTC,0,0.06992052280189621,4
2021-11-17,MSFT,0,0.0109036889363091,4
2021-11-17,NVDA,1,0.11504362403767376,4
2021-11-17,PFE,0,0.02923633793958386,4
2021-11-17,PYPL,0,0.43214964178685517,4
2021-11-17,SPY,0,0.19760501382913298,4
2021-11-17,ZM,0,0.6070691585762484,4
2021-11-18,AAPL,0,0.38867226803595123,4
2021-11-18,AMZN,0,0.08572572291978815,4
2021-11-18,GOOGL,0,0.32505326205965585,4
2021-11-18,INTC,0,0.09144189608191124,4
2021-11-18,MSFT,0,0.033101128803485196,4
2021-11-18,NVDA,1,0.1832359097368238,4
2021-11-18,PFE,0,0.03280219617240949,4
2021-11-18,PYPL,0,0.32696356577526675,4
2021-11-18,SPY,0,0.04881865794627023,4
2021-11-18,ZM,0,0.4229114500852613,4
2021-11-19,AAPL,0,0.02699164783445091,4
2021-11-19,AMZN,0,0.021426140049135213,4
2021-11-19,GOOGL,0,0.06017117425583439,4
2021-11-19,INTC,0,0.03804336702434665,4
2021-11-19,MSFT,0,0.0008691102433811803,4
2021-11-19,NVDA,0,0.06929608999216037,4
2021-11-19,PFE,1,0.042839966298726974,4
2021-11-19,PYPL,0,0.4123282472341069,4
2021-11-19,SPY,0,0.708965802106337,4
2021-11-19,ZM,0,0.26891451527713045,4
2021-11-22,AAPL,0,0.012888639735978093,4
2021-11-22,AMZN,0,0.2617629188747154,4
2021-11-22,GOOGL,0,0.2222249151658783,4
2021-11-22,INTC,0,0.02331169673904758,4
2021-11-22,MSFT,0,0.03443828982039541,4
2021-11-22,NVDA,0,0.08077336367489743,4
2021-11-22,PFE,0,0.022320238445700285,4
2021-11-22,PYPL,0,0.31372656125410303,4
2021-11-22,SPY,0,0.5261458473252566,4
2021-11-22,ZM,0,0.6878727311740611,4
2021-11-23,AAPL,0,0.01953256374338922,4
2021-11-23,AMZN,0,0.15614555168658054,4
2021-11-23,GOOGL,0,0.29864405855376347,4
2021-11-23,INTC,0,0.12426902429572491,4
2021-11-23,MSFT,0,0.1348013017434778,4
2021-11-23,NVDA,0,0.41915085073111974,4
2021-11-23,PFE,1,0.014572137477443164,4
2021-11-23,PYPL,0,0.6341317413804902,4
2021-11-23,SPY,0,0.18395796100509357,4
2021-11-23,ZM,1,0.8826997190885262,4
2021-11-24,AAPL,0,0.0025436229027716944,4
2021-11-24,AMZN,0,0.18447815407211154,4
2021-11-24,GOOGL,0,0.052762689128643465,4
2021-11-24,INTC,0,0.00616386193406203,4
2021-11-24,MSFT,0,0.008678681238506307,4
2021-11-24,NVDA,0,0.31829197212921667,4
2021-11-24,PFE,0,0.026848398633286797,4
2021-11-24,PYPL,0,0.3307126354814347,4
2021-11-24,SPY,0,0.08727179665855009,4
2021-11-24,ZM,1,0.390994392334096,4
2021-11-26,AAPL,0,0.046624799873373826,4
2021-11-26,AMZN,0,0.5957006871945739,4
2021-11-26,GOOGL,0,0.0821566904248619,4
2021-11-26,INTC,0,0.009170642636291283,4
2021-11-26,MSFT,0,0.14804815083949802,4
2021-11-26,NVDA,0,0.09640575845256345,4
2021-11-26,PFE,0,0.05223252874388937,4
2021-11-26,PYPL,0,0.5662315732352431,4
2021-11-26,SPY,0,0.47339479683646485,4
2021-11-26,ZM,0,0.08848843640260938,4
2021-11-29,AAPL,0,0.018642621613393685,4
2021-11-29,AMZN,0,0.12099669584650856,4
2021-11-29,GOOGL,0,0.04732361353349341,4
2021-11-29,INTC,0,0.006357071895925791,4
2021-11-29,MSFT,0,0.002208172333892217,4
2021-11-29,NVDA,0,0.04143345190351132,4
2021-11-29,PFE,0,0.0690648860243674,4
2021-11-29,PYPL,0,0.8118729634642372,4
2021-11-29,SPY,0,0.04045905187302666,4
2021-11-29,ZM,0,0.1860405130300142,4
2021-11-30,AAPL,0,0.06751177952323165,4
2021-11-30,AMZN,0,0.7807945646403662,4
2021-11-30,GOOGL,0,0.1734557353780599,4
2021-11-30,INTC,1,0.019697849636320548,4
2021-11-30,MSFT,0,0.018028031008153377,4
2021-11-30,NVDA,0,0.06701390833025848,4
2021-11-30,PFE,0,0.012775654630356665,4
2021-11-30,PYPL,0,0.472408483424887,4
2021-11-30,SPY,0,0.49451062069412394,4
2021-11-30,ZM,0,0.21702163289578197,4
2021-12-01,AAPL,0,0.009109101716565678,4
2021-12-01,AMZN,0,0.5721411495276066,4
2021-12-01,GOOGL,0,0.06586228908410811,4
2021-12-01,INTC,1,0.015714970221268387,4
2021-12-01,MSFT,0,0.006984620766745435,4
2021-12-01,NVDA,0,0.10258692555793612,4
2021-12-01,PFE,0,0.030242928613917915,4
2021-12-01,PYPL,0,0.6638231006545986,4
2021-12-01,SPY,0,0.6065847862387664,4
2021-12-01,ZM,0,0.26431832493972884,4
2021-12-02,AAPL,0,0.006192070117635508,4
2021-12-02,AMZN,0,0.7518244545130804,4
2021-12-02,GOOGL,0,0.03482945694183168,4
2021-12-02,INTC,1,0.006265293577606753,4
2021-12-02,MSFT,0,0.054345879068340694,4
2021-12-02,NVDA,0,0.01849292613351991,4
2021-12-02,PFE,0,0.04360837544110907,4
2021-12-02,PYPL,0,0.41702443179224347,4
2021-12-02,SPY,0,0.07232998997655485,4
2021-12-02,ZM,0,0.5336063224755235,4
2021-12-03,AAPL,1,0.19475935373885792,4
2021-12-03,AMZN,0,0.5191487832847759,4
2021-12-03,GOOGL,0,0.05991613493646071,4
2021-12-03,INTC,1,0.006889797557522167,4
2021-12-03,MSFT,0,0.11587685788046288,4
2021-12-03,NVDA,0,0.04349076685392005,4
2021-12-03,PFE,0,0.033069008983050166,4
2021-12-03,PYPL,0,0.5818978055026336,4
2021-12-03,SPY,0,0.657483772491266,4
2021-12-03,ZM,0,0.7747137050230737,4
2021-12-06,AAPL,0,0.01671977699403666,4
2021-12-06,AMZN,0,0.25586728690241783,4
2021-12-06,GOOGL,0,0.01808301992095938,4
2021-12-06,INTC,0,0.03945870002364338,4
2021-12-06,MSFT,0,0.014511033855335772,4
2021-12-06,NVDA,0,0.014296779838810746,4
2021-12-06,PFE,0,0.17948108400497756,4
2021-12-06,PYPL,0,0.32840527267056574,4
2021-12-06,SPY,0,0.1780541027454366,4
2021-12-06,ZM,0,0.4347702193851266,4
2021-12-07,AAPL,0,0.01455406947072042,4
2021-12-07,AMZN,0,0.31352992948928393,4
2021-12-07,GOOGL,0,0.07739083807728943,4
2021-12-07,INTC,0,0.020046319501370938,4
2021-12-07,MSFT,0,0.04271034162063368,4
2021-12-07,NVDA,0,0.05125526963787177,4
2021-12-07,PFE,0,0.038197400387246914,4
2021-12-07,PYPL,0,0.5561979550957176,4
2021-12-07,SPY,0,0.10433122458328592,4
2021-12-07,ZM,0,0.4731279176553106,4
2021-12-08,AAPL,0,0.007728690484101455,4
2021-12-08,AMZN,0,0.5688126308939296,4
2021-12-08,GOOGL,0,0.031536232357110276,4
2021-12-08,INTC,0,0.013420172742302554,4
2021-12-08,MSFT,0,0.026911215072003523,4
2021-12-08,NVDA,0,0.06750856863803142,4
2021-12-08,PFE,1,0.01999585997677387,4
2021-12-08,PYPL,0,0.6496927919026014,4
2021-12-08,SPY,0,0.14389690087435822,4
2021-12-08,ZM,0,0.42695780105357667,4
2021-12-09,AAPL,0,0.02124233476645463,4
2021-12-09,AMZN,0,0.6140677139286533,4
2021-12-09,GOOGL,0,0.07538435747096613,4
2021-12-09,INTC,0,0.007461151622186459,4
2021-12-09,MSFT,0,0.1420199124169584,4
2021-12-09,NVDA,0,0.03196507259592593,4
2021-12-09,PFE,1,0.009077000471406627,4
2021-12-09,PYPL,0,0.6607083474689704,4
2021-12-09,SPY,0,0.4232143984384309,4
2021-12-09,ZM,0,0.5794173438765085,4
2021-12-10,AAPL,0,0.0029130319751267987,4
2021-12-10,AMZN,0,0.4836778504652931,4
2021-12-10,GOOGL,0,0.0448092257810891,4
2021-12-10,INTC,0,0.02275378406801619,4
2021-12-10,MSFT,0,0.018213228238296388,4
2021-12-10,NVDA,0,0.026163142593253395,4
2021-12-10,PFE,1,0.020618885897120645,4
2021-12-10,PYPL,0,0.5057051206089567,4
2021-12-10,SPY,0,0.39946441417164535,4
2021-12-10,ZM,0,0.7025311510210797,4
2021-12-13,AAPL,0,0.046107624158401125,4
2021-12-13,AMZN,0,0.6527067010529678,4
2021-12-13,GOOGL,0,0.34558624584110775,4
2021-12-13,INTC,0,0.04059104214775692,4
2021-12-13,MSFT,0,0.07661669232387483,4
2021-12-13,NVDA,1,0.036638353361605334,4
2021-12-13,PFE,1,0.023402885013023962,4
2021-12-13,PYPL,0,0.5192401355220313,4
2021-12-13,SPY,0,0.47687171001931433,4
2021-12-13,ZM,0,0.45194343098716855,4
2021-12-14,AAPL,0,0.11844286576101976,4
2021-12-14,AMZN,0,0.5639651569104321,4
2021-12-14,GOOGL,0,0.3334745108330677,4
2021-12-14,INTC,0,0.022390005351755757,4
2021-12-14,MSFT,0,0.21680069519164719,4
2021-12-14,NVDA,1,0.006710995270193052,4
2021-12-14,PFE,1,0.07881500624477006,4
2021-12-14,PYPL,0,0.22836664526086417,4
2021-12-14,SPY,0,0.6712524147912122,4
2021-12-14,ZM,1,0.6567596060996541,4
2021-12-15,AAPL,0,0.06821949628367069,4
2021-12-15,AMZN,0,0.5422223858332691,4
2021-12-15,GOOGL,0,0.0716992189765104,4
2021-12-15,INTC,0,0.0324594641266945,4
2021-12-15,MSFT,0,0.051521460782194356,4
2021-12-15,NVDA,0,0.014759863403150674,4
2021-12-15,PFE,0,0.015004743183253006,4
2021-12-15,PYPL,0,0.3846953357525195,4
2021-12-15,SPY,0,0.12283263443980114,4
2021-12-15,ZM,1,0.19306252949708788,4
2021-12-16,AAPL,0,0.07540460265957905,4
2021-12-16,AMZN,0,0.5847412708567714,4
2021-12-16,GOOGL,0,0.11575603955070977,4
2021-12-16,INTC,0,0.012574299641739142,4
2021-12-16,MSFT,0,0.09031505270723972,4
2021-12-16,NVDA,0,0.11340055168676955,4
2021-12-16,PFE,0,0.018361264366565013,4
2021-12-16,PYPL,0,0.819752704465384,4
2021-12-16,SPY,0,0.2651570318711666,4
2021-12-16,ZM,1,0.8887082292232279,4
2021-12-17,AAPL,0,0.03322123152687216,4
2021-12-17,AMZN,0,0.32868609906261886,4
2021-12-17,GOOGL,0,0.12328361631062186,4
2021-12-17,INTC,0,0.013895756556049518,4
2021-12-17,MSFT,0,0.13092635039300046,4
2021-12-17,NVDA,1,0.008608160808867041,4
2021-12-17,PFE,0,0.020632893362435747,4
2021-12-17,PYPL,0,0.6513352610403922,4
2021-12-17,SPY,0,0.4640116428326036,4
2021-12-17,ZM,0,0.3132707110462285,4
2021-12-20,AAPL,0,0.050118907668365374,4
2021-12-20,AMZN,0,0.7380682029028159,4
2021-12-20,GOOGL,0,0.0768842056524805,4
2021-12-20,INTC,0,0.007791057355938146,4
2021-12-20,MSFT,0,0.13827824362598776,4
2021-12-20,NVDA,1,0.04172600309615184,4
2021-12-20,PFE,0,0.007564856630303,4
2021-12-20,PYPL,0,0.5721411495276066,4
2021-12-20,SPY,0,0.43179663803765345,4
2021-12-20,ZM,0,0.8539742637359962,4
2021-12-21,AAPL,0,0.01622703936167014,4
2021-12-21,AMZN,0,0.12412646214306977,4
2021-12-21,GOOGL,0,0.017423140094245573,4
2021-12-21,INTC,0,0.0067705703084273835,4
2021-12-21,MSFT,0,0.01991323658631735,4
2021-12-21,NVDA,0,0.017741130177778865,4
2021-12-21,PFE,0,0.008040123487509297,4
2021-12-21,PYPL,0,0.4744573717648235,4
2021-12-21,SPY,0,0.07893521653803816,4
2021-12-21,ZM,0,0.44410433122581106,4
2021-12-22,AAPL,0,0.01867506618954912,4
2021-12-22,AMZN,0,0.12195711401034268,4
2021-12-22,GOOGL,0,0.015519375975993028,4
2021-12-22,INTC,0,0.019939633372423177,4
2021-12-22,MSFT,0,0.0031451485100848953,4
2021-12-22,NVDA,0,0.006430873436401766,4
2021-12-22,PFE,0,0.030120683679575388,4
2021-12-22,PYPL,0,0.3274387405449205,4
2021-12-22,SPY,0,0.11196920392769485,4
2021-12-22,ZM,0,0.7221611276101859,4
2021-12-23,AAPL,0,0.03951605228277243,4
2021-12-23,AMZN,0,0.19579876388880688,4
2021-12-23,GOOGL,0,0.04068669816417723,4
2021-12-23,INTC,0,0.02737078597289034,4
2021-12-23,MSFT,0,0.0036498250505966365,4
2021-12-23,NVDA,0,0.014455645693381695,4
2021-12-23,PFE,0,0.04049203003328863,4
2021-12-23,PYPL,0,0.1781686534710353,4
2021-12-23,SPY,0,0.10813404383622216,4
2021-12-23,ZM,0,0.18279710296722387,4
2021-12-27,AAPL,0,0.027105143894463796,4
2021-12-27,AMZN,0,0.14799127794523506,4
2021-12-27,GOOGL,0,0.03130421410828647,4
2021-12-27,INTC,0,0.03780372012470213,4
2021-12-27,MSFT,0,0.021857315262603903,4
2021-12-27,NVDA,0,0.051153820573304296,4
2021-12-27,PFE,0,0.0510750342767798,4
2021-12-27,PYPL,0,0.11658032448962725,4
2021-12-27,SPY,0,0.22499551343578467,4
2021-12-27,ZM,0,0.17124599009004118,4
2021-12-28,AAPL,0,0.03953000407899127,4
2021-12-28,AMZN,0,0.06470222624547321,4
2021-12-28,GOOGL,0,0.2580000687416882,4
2021-12-28,INTC,0,0.09311878644640921,4
2021-12-28,MSFT,0,0.15718223086140062,4
2021-12-28,NVDA,0,0.07845272618276605,4
2021-12-28,PFE,0,0.12708808316297515,4
2021-12-28,PYPL,0,0.5069941933364944,4
2021-12-28,SPY,0,0.1935236823573462,4
2021-12-28,ZM,0,0.3202071277505696,4
2021-12-29,AAPL,0,0.02332434175884033,4
2021-12-29,AMZN,0,0.10203073134313435,4
2021-12-29,GOOGL,0,0.19982088016215183,4
2021-12-29,INTC,1,0.06282978207015606,4
2021-12-29,MSFT,0,0.03925554608041114,4
2021-12-29,NVDA,0,0.20986947542085768,4
2021-12-29,PFE,0,0.32324653515921387,4
2021-12-29,PYPL,0,0.2879347640601671,4
2021-12-29,SPY,0,0.2672953471447875,4
2021-12-29,ZM,0,0.36395369119159404,4
2021-12-30,AAPL,0,0.15969290779819464,4
2021-12-30,AMZN,0,0.06972262158574229,4
2021-12-30,GOOGL,0,0.2594316639413356,4
2021-12-30,INTC,1,0.10289414636338032,4
2021-12-30,MSFT,0,0.12752420503133957,4
2021-12-30,NVDA,0,0.18256937764739806,4
2021-12-30,PFE,0,0.41901612564871166,4
2021-12-30,PYPL,0,0.20467095459603735,4
2021-12-30,SPY,0,0.5976307918092401,4
2021-12-30,ZM,0,0.22540751729256256,4
2021-12-31,AAPL,0,0.057354010759952626,4
2021-12-31,AMZN,0,0.08628981823285131,4
2021-12-31,GOOGL,0,0.1537442567257707,4
2021-12-31,INTC,1,0.17665183679557836,4
2021-12-31,MSFT,0,0.21974134213637625,4
2021-12-31,NVDA,0,0.13391693726520162,4
2021-12-31,PFE,0,0.86022942839114,4
2021-12-31,PYPL,0,0.4122585255165477,4
2021-12-31,SPY,0,0.5048973633383207,4
2021-12-31,ZM,0,0.4148816819205374,4
2022-01-03,AAPL,0,0.11936475398232066,5
2022-01-03,AMZN,0,0.18697012668563226,5
2022-01-03,GOOGL,0,0.04447575170870854,5
2022-01-03,INTC,0,0.15810243281132907,5
2022-01-03,MSFT,0,0.029152695418904317,5
2022-01-03,NVDA,0,0.1580650133869907,5
2022-01-03,PFE,0,0.638647214315169,5
2022-01-03,PYPL,0,0.33712698428592003,5
2022-01-03,SPY,0,0.009913015562329472,5
2022-01-03,ZM,0,0.2000333801918982,5
2022-01-04,AAPL,0,0.3148279792644634,5
2022-01-04,AMZN,0,0.16670492331157707,5
2022-01-04,GOOGL,0,0.10272719221877198,5
2022-01-04,INTC,0,0.008073915780938934,5
2022-01-04,MSFT,0,0.019021657439327246,5
2022-01-04,NVDA,0,0.08589420130570383,5
2022-01-04,PFE,0,0.5681621219961346,5
2022-01-04,PYPL,0,0.20376248597490917,5
2022-01-04,SPY,0,0.007948344456320575,5
2022-01-04,ZM,0,0.19852442330074493,5
2022-01-05,AAPL,0,0.3327550642364558,5
2022-01-05,AMZN,0,0.16400929400311298,5
2022-01-05,GOOGL,0,0.12016202283560452,5
2022-01-05,INTC,0,0.07026449944603265,5
2022-01-05,MSFT,0,0.12167910926267565,5
2022-01-05,NVDA,0,0.15860866657293732,5
2022-01-05,PFE,0,0.6634791063846598,5
2022-01-05,PYPL,0,0.1350638976337468,5
2022-01-05,SPY,0,0.12945114987039621,5
2022-01-05,ZM,0,0.3168003045125412,5
2022-01-06,AAPL,0,0.10264447377216666,5
2022-01-06,AMZN,0,0.19741263186984773,5
2022-01-06,GOOGL,0,0.058844921782023815,5
2022-01-06,INTC,0,0.02667099471169003,5
2022-01-06,MSFT,0,0.06008954974750122,5
2022-01-06,NVDA,0,0.06637131970863196,5
2022-01-06,PFE,0,0.8670840747206338,5
2022-01-06,PYPL,0,0.29640620214041014,5
2022-01-06,SPY,0,0.09528466345585462,5
2022-01-06,ZM,0,0.24975767593466683,5
2022-01-07,AAPL,0,0.19167596203811743,5
2022-01-07,AMZN,0,0.14646972374417314,5
2022-01-07,GOOGL,0,0.07014297660583076,5
2022-01-07,INTC,0,0.09449687269729619,5
2022-01-07,MSFT,0,0.04012414651950102,5
2022-01-07,NVDA,0,0.11951181042701857,5
2022-01-07,PFE,0,0.2793555327551385,5
2022-01-07,PYPL,0,0.13358903105714193,5
2022-01-07,SPY,0,0.06558401407283695,5
2022-01-07,ZM,0,0.05247699538248201,5
2022-01-10,AAPL,0,0.3694985492976749,5
2022-01-10,AMZN,0,0.1711815265631929,5
2022-01-10,GOOGL,0,0.09342837923761038,5
2022-01-10,INTC,0,0.03660488714420783,5
2022-01-10,MSFT,0,0.031548969182040545,5
2022-01-10,NVDA,0,0.04656502806156508,5
2022-01-10,PFE,0,0.32481447002842206,5
2022-01-10,PYPL,0,0.2811238857539412,5
2022-01-10,SPY,0,0.004492054906603316,5
2022-01-10,ZM,0,0.055629586406286055,5
2022-01-11,AAPL,0,0.3991533287708714,5
2022-01-11,AMZN,0,0.23060603929714427,5
2022-01-11,GOOGL,0,0.09529371853510055,5
2022-01-11,INTC,0,0.024747791829887237,5
2022-01-11,MSFT,0,0.023534081835463357,5
2022-01-11,NVDA,0,0.06259981602270723,5
2022-01-11,PFE,0,0.246627284131679,5
2022-01-11,PYPL,0,0.21292544329967672,5
2022-01-11,SPY,0,0.01883553967403263,5
2022-01-11,ZM,0,0.04878541170798821,5
2022-01-12,AAPL,0,0.12084417883817712,5
2022-01-12,AMZN,0,0.2763377357634234,5
2022-01-12,GOOGL,0,0.061098586996965375,5
2022-01-12,INTC,0,0.03453932789846697,5
2022-01-12,MSFT,0,0.018642878431955178,5
2022-01-12,NVDA,0,0.044358344685422636,5
2022-01-12,PFE,0,0.3304260611745518,5
2022-01-12,PYPL,0,0.1729781684721171,5
2022-01-12,SPY,0,0.012428626506490863,5
2022-01-12,ZM,0,0.1431533003066859,5
2022-01-13,AAPL,0,0.2899577164998344,5
2022-01-13,AMZN,0,0.20454054989365364,5
2022-01-13,GOOGL,0,0.05586675844189415,5
2022-01-13,INTC,0,0.03434565573751212,5
2022-01-13,MSFT,0,0.08968382320566251,5
2022-01-13,NVDA,0,0.16252407832145227,5
2022-01-13,PFE,0,0.4763351561063366,5
2022-01-13,PYPL,0,0.4914775119546253,5
2022-01-13,SPY,0,0.45367481451183855,5
2022-01-13,ZM,0,0.18678484837229178,5
2022-01-14,AAPL,0,0.16407585281578235,5
2022-01-14,AMZN,0,0.3301489918254109,5
2022-01-14,GOOGL,0,0.02860755964051243,5
2022-01-14,INTC,0,0.03222576538230989,5
2022-01-14,MSFT,0,0.07665821028511638,5
2022-01-14,NVDA,0,0.010073830647655548,5
2022-01-14,PFE,0,0.6598971947342772,5
2022-01-14,PYPL,0,0.28247328576014774,5
2022-01-14,SPY,0,0.3683117607772868,5
2022-01-14,ZM,0,0.10568682928373445,5
2022-01-18,AAPL,0,0.12009866174617795,5
2022-01-18,AMZN,0,0.13599245064804272,5
2022-01-18,GOOGL,0,0.0504239220372304,5
2022-01-18,INTC,0,0.018499287096035814,5
2022-01-18,MSFT,0,0.15727783462518038,5
2022-01-18,NVDA,0,0.07476934768313798,5
2022-01-18,PFE,0,0.6079614139964019,5
2022-01-18,PYPL,0,0.22187910110361914,5
2022-01-18,SPY,0,0.17227272829802798,5
2022-01-18,ZM,0,0.1055105450314331,5
2022-01-19,AAPL,0,0.060245694059405594,5
2022-01-19,AMZN,0,0.10108132383737951,5
2022-01-19,GOOGL,0,0.03323636816316778,5
2022-01-19,INTC,0,0.02216110757991463,5
2022-01-19,MSFT,0,0.18462514215298545,5
2022-01-19,NVDA,0,0.07967238191303411,5
2022-01-19,PFE,0,0.685428813027385,5
2022-01-19,PYPL,0,0.17506304240506854,5
2022-01-19,SPY,0,0.2880583447578375,5
2022-01-19,ZM,0,0.10181070056181568,5
2022-01-20,AAPL,0,0.10168634468726624,5
2022-01-20,AMZN,0,0.07752378518525971,5
2022-01-20,GOOGL,0,0.0618568122096938,5
2022-01-20,INTC,0,0.040378364818853305,5
2022-01-20,MSFT,0,0.30303980421006305,5
2022-01-20,NVDA,0,0.17767397223868475,5
2022-01-20,PFE,0,0.6098731981265509,5
2022-01-20,PYPL,0,0.06788389843232168,5
2022-01-20,SPY,0,0.3338730997581839,5
2022-01-20,ZM,0,0.09309462591644378,5
2022-01-21,AAPL,0,0.11244591885836011,5
2022-01-21,AMZN,0,0.1527641124308309,5
2022-01-21,GOOGL,0,0.06622101761102882,5
2022-01-21,INTC,0,0.03852090041608917,5
2022-01-21,MSFT,0,0.21316167379527898,5
2022-01-21,NVDA,0,0.2066424819800368,5
2022-01-21,PFE,0,0.7767648628543207,5
2022-01-21,PYPL,0,0.21772421340696302,5
2022-01-21,SPY,0,0.22882707147734863,5
2022-01-21,ZM,0,0.23114681058684866,5
2022-01-24,AAPL,1,0.13534452282568318,5
2022-01-24,AMZN,0,0.09036741213544237,5
2022-01-24,GOOGL,0,0.03410963195995297,5
2022-01-24,INTC,0,0.048877078474617315,5
2022-01-24,MSFT,0,0.09098857808273196,5
2022-01-24,NVDA,0,0.07147408206575971,5
2022-01-24,PFE,0,0.28907627648204415,5
2022-01-24,PYPL,0,0.07259632502308191,5
2022-01-24,SPY,0,0.23841723468302572,5
2022-01-24,ZM,0,0.20526112663404705,5
2022-01-25,AAPL,1,0.09778643915449803,5
2022-01-25,AMZN,1,0.18204297734753305,5
2022-01-25,GOOGL,1,0.06617493654684664,5
2022-01-25,INTC,0,0.01926644324870345,5
2022-01-25,MSFT,1,0.10467273342687612,5
2022-01-25,NVDA,0,0.3507269266461122,5
2022-01-25,PFE,0,0.1923142206972532,5
2022-01-25,PYPL,1,0.07399265682031334,5
2022-01-25,SPY,0,0.21416382218469598,5
2022-01-25,ZM,0,0.28516219606307086,5
2022-01-26,AAPL,1,0.12214046107823176,5
2022-01-26,AMZN,1,0.2358832330590428,5
2022-01-26,GOOGL,1,0.0386232058419202,5
2022-01-26,INTC,0,0.014611985352994208,5
2022-01-26,MSFT,0,0.0315472799813439,5
2022-01-26,NVDA,0,0.09079153328566034,5
2022-01-26,PFE,0,0.21212795055016592,5
2022-01-26,PYPL,1,0.07414358577049707,5
2022-01-26,SPY,0,0.6876270361935595,5
2022-01-26,ZM,1,0.3357097422200695,5
2022-01-27,AAPL,1,0.1396894659157265,5
2022-01-27,AMZN,1,0.18987840525056032,5
2022-01-27,GOOGL,1,0.13354156093791947,5
2022-01-27,INTC,0,0.026480775314385287,5
2022-01-27,MSFT,0,0.00913357161819032,5
2022-01-27,NVDA,1,0.21151979860041942,5
2022-01-27,PFE,0,0.12105036351501447,5
2022-01-27,PYPL,1,0.11788017631981003,5
2022-01-27,SPY,0,0.5518049513538431,5
2022-01-27,ZM,1,0.12042363061705905,5
2022-01-28,AAPL,0,0.4052920754434559,5
2022-01-28,AMZN,1,0.09673293608363855,5
2022-01-28,GOOGL,1,0.09828172417971681,5
2022-01-28,INTC,0,0.014709084097602741,5
2022-01-28,MSFT,0,0.004786816884613856,5
2022-01-28,NVDA,1,0.054070365141380465,5
2022-01-28,PFE,0,0.24870068027735096,5
2022-01-28,PYPL,0,0.07380360076609212,5
2022-01-28,SPY,0,0.13691820202036586,5
2022-01-28,ZM,0,0.058438425661374006,5
2022-01-31,AAPL,0,0.19688292100542307,5
2022-01-31,AMZN,0,0.16123862156451887,5
2022-01-31,GOOGL,1,0.011173751721051641,5
2022-01-31,INTC,0,0.014760619736521893,5
2022-01-31,MSFT,0,0.0013140031811084976,5
2022-01-31,NVDA,0,0.08756404983913163,5
2022-01-31,PFE,0,0.30007391172075204,5
2022-01-31,PYPL,0,0.08430887106630267,5
2022-01-31,SPY,0,0.022647307591131136,5
2022-01-31,ZM,0,0.13887236513557574,5
2022-02-01,AAPL,0,0.21099816676711589,5
2022-02-01,AMZN,0,0.09042746214431524,5
2022-02-01,GOOGL,0,0.03152781803571851,5
2022-02-01,INTC,0,0.01758754630273522,5
2022-02-01,MSFT,0,0.0009467767933273363,5
2022-02-01,NVDA,0,0.12399901919002802,5
2022-02-01,PFE,0,0.31842039160317165,5
2022-02-01,PYPL,0,0.16631517698136492,5
2022-02-01,SPY,0,0.028333359092806838,5
2022-02-01,ZM,0,0.33828890654816346,5
2022-02-02,AAPL,0,0.14385059956190055,5
2022-02-02,AMZN,0,0.3274127617144489,5
2022-02-02,GOOGL,0,0.0566190258166104,5
2022-02-02,INTC,0,0.014739252835006687,5
2022-02-02,MSFT,0,0.000298043190089075,5
2022-02-02,NVDA,0,0.1373450308504565,5
2022-02-02,PFE,0,0.06929190656591559,5
2022-02-02,PYPL,0,0.0642494376599256,5
2022-02-02,SPY,0,0.014755922007860552,5
2022-02-02,ZM,0,0.012437427156622908,5
2022-02-03,AAPL,0,0.03895936699901223,5
2022-02-03,AMZN,1,0.012905239736022702,5
2022-02-03,GOOGL,0,0.02500444099921483,5
2022-02-03,INTC,0,0.007071235693780518,5
2022-02-03,MSFT,0,0.0005754615611859896,5
2022-02-03,NVDA,0,0.010151524269615096,5
2022-02-03,PFE,0,0.017018804420482106,5
2022-02-03,PYPL,0,0.036938937840640944,5
2022-02-03,SPY,0,0.0008514977785667522,5
2022-02-03,ZM,0,0.02199822736024215,5
2022-02-04,AAPL,0,0.07849647973757519,5
2022-02-04,AMZN,0,0.021232752473479548,5
2022-02-04,GOOGL,0,0.025477200884687384,5
2022-02-04,INTC,0,0.03713175902444627,5
2022-02-04,MSFT,0,0.00012434737982975038,5
2022-02-04,NVDA,0,0.002098889958136695,5
2022-02-04,PFE,0,0.024878435234763414,5
2022-02-04,PYPL,0,0.00869836680442646,5
2022-02-04,SPY,0,0.0009724170353377082,5
2022-02-04,ZM,0,0.011665522887791867,5
2022-02-07,AAPL,0,0.060861136824068525,5
2022-02-07,AMZN,0,0.041610540998890805,5
2022-02-07,GOOGL,0,0.027299525502524243,5
2022-02-07,INTC,0,0.014833869469882785,5
2022-02-07,MSFT,0,0.0007264717429542421,5
2022-02-07,NVDA,0,0.0028405950642865323,5
2022-02-07,PFE,0,0.009726245647912267,5
2022-02-07,PYPL,0,0.17272921448063622,5
2022-02-07,SPY,0,0.0007486439124698514,5
2022-02-07,ZM,0,0.014271479199981969,5
2022-02-08,AAPL,0,0.008198693979811558,5
2022-02-08,AMZN,0,0.03157540948429738,5
2022-02-08,GOOGL,0,0.01132621059334405,5
2022-02-08,INTC,0,0.0016714529244483758,5
2022-02-08,MSFT,0,0.0003713665342135787,5
2022-02-08,NVDA,0,0.0015968057487732042,5
2022-02-08,PFE,0,0.005441430933700973,5
2022-02-08,PYPL,0,0.29521872749835665,5
2022-02-08,SPY,0,0.0006387682569654307,5
2022-02-08,ZM,0,0.01830796376118287,5
2022-02-09,AAPL,0,0.011531083701480238,5
2022-02-09,AMZN,0,0.022588475940507596,5
2022-02-09,GOOGL,0,0.006574260457314805,5
2022-02-09,INTC,0,0.0005903413127593562,5
2022-02-09,MSFT,0,0.0005525487441870103,5
2022-02-09,NVDA,0,0.0030755726102631104,5
2022-02-09,PFE,0,0.0038424763578688652,5
2022-02-09,PYPL,0,0.06564829594245841,5
2022-02-09,SPY,0,0.0003075357377849636,5
2022-02-09,ZM,0,0.028625516059077358,5
2022-02-10,AAPL,0,0.0138946148763278,5
2022-02-10,AMZN,0,0.10420530531150665,5
2022-02-10,GOOGL,0,0.016583409160423983,5
2022-02-10,INTC,0,0.002777342627095215,5
2022-02-10,MSFT,0,0.0015300881673552603,5
2022-02-10,NVDA,0,0.007556596015499886,5
2022-02-10,PFE,0,0.01075909308494231,5
2022-02-10,PYPL,0,0.3197650492264638,5
2022-02-10,SPY,0,0.001976909797150359,5
2022-02-10,ZM,0,0.13550807658420555,5
2022-02-11,AAPL,0,0.0064764432715836455,5
2022-02-11,AMZN,0,0.03530767391046672,5
2022-02-11,GOOGL,0,0.032431207160672056,5
2022-02-11,INTC,0,0.007822894914238128,5
2022-02-11,MSFT,0,0.0005332590866691368,5
2022-02-11,NVDA,0,0.01844823077374613,5
2022-02-11,PFE,0,0.010140157547092112,5
2022-02-11,PYPL,0,0.2648896851698326,5
2022-02-11,SPY,0,0.002521428793455662,5
2022-02-11,ZM,0,0.023146706642099852,5
2022-02-14,AAPL,0,0.011225436816915691,5
2022-02-14,AMZN,0,0.017565086937533187,5
2022-02-14,GOOGL,0,0.011678449588519447,5
2022-02-14,INTC,0,0.015200116363606579,5
2022-02-14,MSFT,0,0.00019436104988768406,5
2022-02-14,NVDA,0,0.002865533721434386,5
2022-02-14,PFE,0,0.018140098111836988,5
2022-02-14,PYPL,0,0.6567352397663722,5
2022-02-14,SPY,0,0.007365355240925906,5
2022-02-14,ZM,0,0.10904892630033626,5
2022-02-15,AAPL,0,0.029684583118392425,5
2022-02-15,AMZN,0,0.12659837217039782,5
2022-02-15,GOOGL,0,0.05926256964229238,5
2022-02-15,INTC,0,0.02209153486227282,5
2022-02-15,MSFT,0,0.0004628025149475348,5
2022-02-15,NVDA,0,0.009484060875466398,5
2022-02-15,PFE,0,0.03802484915228907,5
2022-02-15,PYPL,0,0.15042772319782674,5
2022-02-15,SPY,0,0.00033488990334071104,5
2022-02-15,ZM,0,0.046066356407260985,5
2022-02-16,AAPL,0,0.008795105650707399,5
2022-02-16,AMZN,0,0.1266660815685499,5
2022-02-16,GOOGL,0,0.05852620619849267,5
2022-02-16,INTC,0,0.0248929002652294,5
2022-02-16,MSFT,0,0.00017317864180955474,5
2022-02-16,NVDA,0,0.015127609726439695,5
2022-02-16,PFE,0,0.1694528059255604,5
2022-02-16,PYPL,0,0.45196830679671,5
2022-02-16,SPY,0,0.0002958904259607734,5
2022-02-16,ZM,0,0.1568119437386292,5
2022-02-17,AAPL,0,0.08178391476915016,5
2022-02-17,AMZN,0,0.08413809159172729,5
2022-02-17,GOOGL,0,0.10515689645883465,5
2022-02-17,INTC,0,0.06029081199669353,5
2022-02-17,MSFT,0,0.0013394509073793135,5
2022-02-17,NVDA,0,0.11098022610569504,5
2022-02-17,PFE,0,0.4168593124140174,5
2022-02-17,PYPL,0,0.5546261977037031,5
2022-02-17,SPY,0,0.00499019282425725,5
2022-02-17,ZM,0,0.008990570442786651,5
2022-02-18,AAPL,0,0.26789788144028637,5
2022-02-18,AMZN,0,0.5798039681851519,5
2022-02-18,GOOGL,0,0.21053283283773203,5
2022-02-18,INTC,0,0.23843398740885594,5
2022-02-18,MSFT,0,0.0010963138667091517,5
2022-02-18,NVDA,0,0.0789261126206964,5
2022-02-18,PFE,0,0.31074253158663806,5
2022-02-18,PYPL,0,0.8286131087213772,5
2022-02-18,SPY,0,0.019944029865594542,5
2022-02-18,ZM,0,0.060093905219848545,5
2022-02-22,AAPL,0,0.10925877803960136,5
2022-02-22,AMZN,0,0.31310626397985186,5
2022-02-22,GOOGL,0,0.07450994866289656,5
2022-02-22,INTC,0,0.5619386476673961,5
2022-02-22,MSFT,0,0.0012971846172055532,5
2022-02-22,NVDA,0,0.4527068023547948,5
2022-02-22,PFE,0,0.4163262753688473,5
2022-02-22,PYPL,0,0.8320079606739481,5
2022-02-22,SPY,0,0.027418495576198743,5
2022-02-22,ZM,0,0.13267591127707506,5
2022-02-23,AAPL,0,0.07777635294142893,5
2022-02-23,AMZN,0,0.14798375074407372,5
2022-02-23,GOOGL,0,0.08355608200280516,5
2022-02-23,INTC,0,0.6803502921481824,5
2022-02-23,MSFT,0,0.008838845322834257,5
2022-02-23,NVDA,0,0.14458827383093298,5
2022-02-23,PFE,0,0.15196379125431472,5
2022-02-23,PYPL,0,0.1760625310441756,5
2022-02-23,SPY,0,0.06931604145649098,5
2022-02-23,ZM,1,0.15942543952983626,5
2022-02-24,AAPL,0,0.04884418991495638,5
2022-02-24,AMZN,0,0.21133424747712465,5
2022-02-24,GOOGL,0,0.07206969620878168,5
2022-02-24,INTC,0,0.059434917832214045,5
2022-02-24,MSFT,0,0.0007670397996366473,5
2022-02-24,NVDA,0,0.05155118639319524,5
2022-02-24,PFE,0,0.23189646280534057,5
2022-02-24,PYPL,0,0.12681199298249093,5
2022-02-24,SPY,0,0.0036086804639711453,5
2022-02-24,ZM,0,0.2861713694262534,5
2022-02-25,AAPL,0,0.04931310317137342,5
2022-02-25,AMZN,0,0.04977463166740242,5
2022-02-25,GOOGL,0,0.019433997588121595,5
2022-02-25,INTC,0,0.04144463645791934,5
2022-02-25,MSFT,0,0.00046143106994850597,5
2022-02-25,NVDA,0,0.031142226276816374,5
2022-02-25,PFE,0,0.037131901868126406,5
2022-02-25,PYPL,0,0.06587247108372273,5
2022-02-25,SPY,0,0.003463191714084427,5
2022-02-25,ZM,0,0.6308808692084665,5
2022-02-28,AAPL,0,0.08468368443967042,5
2022-02-28,AMZN,0,0.11912557651456539,5
2022-02-28,GOOGL,0,0.0633236073798983,5
2022-02-28,INTC,0,0.10876697465322764,5
2022-02-28,MSFT,0,0.00015689506544236986,5
2022-02-28,NVDA,0,0.04399787452026707,5
2022-02-28,PFE,0,0.32427875145817464,5
2022-02-28,PYPL,0,0.42402935410253006,5
2022-02-28,SPY,0,0.009686129814873233,5
2022-02-28,ZM,0,0.39723532923194155,5
2022-03-01,AAPL,0,0.28244125583994817,5
2022-03-01,AMZN,0,0.5080006309270342,5
2022-03-01,GOOGL,0,0.07835337317716058,5
2022-03-01,INTC,0,0.1947572025900264,5
2022-03-01,MSFT,0,0.0017676651301453622,5
2022-03-01,NVDA,0,0.18500400916357373,5
2022-03-01,PFE,0,0.2613188854786913,5
2022-03-01,PYPL,0,0.556907231439431,5
2022-03-01,SPY,0,0.01888850112206163,5
2022-03-01,ZM,0,0.31306011096074127,5
2022-03-02,AAPL,0,0.05415235450986006,5
2022-03-02,AMZN,0,0.0816631595930947,5
2022-03-02,GOOGL,0,0.042804280105201174,5
2022-03-02,INTC,0,0.11745496096167136,5
2022-03-02,MSFT,0,0.000265186752679311,5
2022-03-02,NVDA,0,0.049092830914349204,5
2022-03-02,PFE,0,0.04755073128768789,5
2022-03-02,PYPL,0,0.14329048479624487,5
2022-03-02,SPY,0,0.005838997927061205,5
2022-03-02,ZM,0,0.21972340594188164,5
2022-03-03,AAPL,0,0.2944498071084661,5
2022-03-03,AMZN,0,0.2265871546936904,5
2022-03-03,GOOGL,0,0.0643156385935784,5
2022-03-03,INTC,0,0.14375083028793637,5
2022-03-03,MSFT,0,0.001507435033069834,5
2022-03-03,NVDA,0,0.06987936022521811,5
2022-03-03,PFE,0,0.21430756678344892,5
2022-03-03,PYPL,0,0.24389323827145723,5
2022-03-03,SPY,0,0.013302290078096347,5
2022-03-03,ZM,0,0.1783334659578045,5
2022-03-04,AAPL,0,0.07382057552653329,5
2022-03-04,AMZN,0,0.37580887717961176,5
2022-03-04,GOOGL,0,0.22940750393696693,5
2022-03-04,INTC,0,0.12549834026165757,5
2022-03-04,MSFT,0,0.0019255005937435445,5
2022-03-04,NVDA,0,0.16996242568757297,5
2022-03-04,PFE,0,0.04491600306589303,5
2022-03-04,PYPL,0,0.3858427860624564,5
2022-03-04,SPY,0,0.005823413879096833,5
2022-03-04,ZM,0,0.22986131619400932,5
2022-03-07,AAPL,0,0.1077497396876844,5
2022-03-07,AMZN,0,0.21132454789268457,5
2022-03-07,GOOGL,0,0.1427648157148757,5
2022-03-07,INTC,0,0.40106533688683255,5
2022-03-07,MSFT,0,0.002456220158274608,5
2022-03-07,NVDA,0,0.23966197404539194,5
2022-03-07,PFE,0,0.2424748236772934,5
2022-03-07,PYPL,0,0.16098518945558404,5
2022-03-07,SPY,0,0.014210967928858963,5
2022-03-07,ZM,0,0.4191321917269262,5
2022-03-08,AAPL,0,0.3259079109522336,5
2022-03-08,AMZN,0,0.5478868701856678,5
2022-03-08,GOOGL,0,0.08928800989777402,5
2022-03-08,INTC,0,0.39856999403209653,5
2022-03-08,MSFT,0,0.006828632233343668,5
2022-03-08,NVDA,0,0.241241166121543,5
2022-03-08,PFE,1,0.35163192238027524,5
2022-03-08,PYPL,0,0.1046172435444903,5
2022-03-08,SPY,0,0.11563939865153351,5
2022-03-08,ZM,0,0.3132059598703582,5
2022-03-09,AAPL,0,0.14542613563965576,5
2022-03-09,AMZN,0,0.036032496814924354,5
2022-03-09,GOOGL,0,0.028033777928180764,5
2022-03-09,INTC,0,0.20516757472833097,5
2022-03-09,MSFT,0,0.0014061986049809087,5
2022-03-09,NVDA,0,0.06559429901864826,5
2022-03-09,PFE,0,0.045209869147538495,5
2022-03-09,PYPL,0,0.01972944708811311,5
2022-03-09,SPY,0,0.011060054986039293,5
2022-03-09,ZM,0,0.2570909181107839,5
2022-03-10,AAPL,0,0.07624526875663211,5
2022-03-10,AMZN,0,0.11311555278434804,5
2022-03-10,GOOGL,0,0.05472452874593298,5
2022-03-10,INTC,0,0.057998962173241596,5
2022-03-10,MSFT,0,0.0027406471506194463,5
2022-03-10,NVDA,0,0.09450479153924107,5
2022-03-10,PFE,0,0.0630897828267264,5
2022-03-10,PYPL,1,0.30485792632971875,5
2022-03-10,SPY,0,0.008724892122092591,5
2022-03-10,ZM,0,0.16756388269990172,5
2022-03-11,AAPL,0,0.059596414803922956,5
2022-03-11,AMZN,0,0.25750975862759684,5
2022-03-11,GOOGL,0,0.038458640199396876,5
2022-03-11,INTC,0,0.07639660320037334,5
2022-03-11,MSFT,0,0.0035347523550307647,5
2022-03-11,NVDA,1,0.10261026370610707,5
2022-03-11,PFE,0,0.06285372376943006,5
2022-03-11,PYPL,1,0.15618709267739175,5
2022-03-11,SPY,0,0.012047009018086419,5
2022-03-11,ZM,1,0.2242455772260554,5
2022-03-14,AAPL,0,0.10631185352141229,5
2022-03-14,AMZN,1,0.13778075638111328,5
2022-03-14,GOOGL,0,0.1369040679338754,5
2022-03-14,INTC,0,0.10699108506198847,5
2022-03-14,MSFT,0,0.0048397057736176,5
2022-03-14,NVDA,1,0.09994061168641526,5
2022-03-14,PFE,0,0.054110747625347254,5
2022-03-14,PYPL,1,0.19973350795712919,5
2022-03-14,SPY,0,0.008105108922332809,5
2022-03-14,ZM,1,0.2537542390758589,5
2022-03-15,AAPL,0,0.15556048374941178,5
2022-03-15,AMZN,1,0.19820636428776586,5
2022-03-15,GOOGL,0,0.08013834207149094,5
2022-03-15,INTC,0,0.18594085919285125,5
2022-03-15,MSFT,0,0.0026429431073819146,5
2022-03-15,NVDA,1,0.06312850097879134,5
2022-03-15,PFE,0,0.02632488618763581,5
2022-03-15,PYPL,1,0.22893769826859575,5
2022-03-15,SPY,0,0.004782540316906227,5
2022-03-15,ZM,1,0.01688947169508708,5
2022-03-16,AAPL,0,0.161209444358468,5
2022-03-16,AMZN,0,0.21058197831891406,5
2022-03-16,GOOGL,0,0.25444988501705706,5
2022-03-16,INTC,0,0.07501225613809456,5
2022-03-16,MSFT,0,0.0016058851850437718,5
2022-03-16,NVDA,0,0.003213664594087642,5
2022-03-16,PFE,0,0.012824133581923518,5
2022-03-16,PYPL,0,0.052506883035344384,5
2022-03-16,SPY,0,0.0025975824714096923,5
2022-03-16,ZM,1,0.009935600789186016,5
2022-03-17,AAPL,0,0.008129482142255461,5
2022-03-17,AMZN,0,0.029154833640884965,5
2022-03-17,GOOGL,0,0.014357099065175495,5
2022-03-17,INTC,0,0.00810334038072879,5
2022-03-17,MSFT,0,0.00017074512165581198,5
2022-03-17,NVDA,1,0.008034865840430134,5
2022-03-17,PFE,0,0.0013989163054580536,5
2022-03-17,PYPL,0,0.10566384213107242,5
2022-03-17,SPY,0,0.000867600904799617,5
2022-03-17,ZM,0,0.05737073129987686,5
2022-03-18,AAPL,0,0.03080700996176742,5
2022-03-18,AMZN,0,0.04510166695149047,5
2022-03-18,GOOGL,0,0.034033132472500824,5
2022-03-18,INTC,0,0.08090143471004929,5
2022-03-18,MSFT,0,0.000702779245630349,5
2022-03-18,NVDA,0,0.0721505596710271,5
2022-03-18,PFE,0,0.016506621196831293,5
2022-03-18,PYPL,0,0.14158930903142455,5
2022-03-18,SPY,0,0.0008348991511566017,5
2022-03-18,ZM,0,0.11729782724413375,5
2022-03-21,AAPL,0,0.11488262682228474,5
2022-03-21,AMZN,0,0.0852028664536569,5
2022-03-21,GOOGL,0,0.0878201407638049,5
2022-03-21,INTC,0,0.06670080772353869,5
2022-03-21,MSFT,0,0.003212505833411447,5
2022-03-21,NVDA,0,0.10358899247922637,5
2022-03-21,PFE,0,0.054827215446764783,5
2022-03-21,PYPL,0,0.2417121095159793,5
2022-03-21,SPY,0,0.0003457319719712827,5
2022-03-21,ZM,0,0.36111808331265427,5
2022-03-22,AAPL,0,0.05198323774594671,5
2022-03-22,AMZN,0,0.07268613695353475,5
2022-03-22,GOOGL,0,0.038887130346612404,5
2022-03-22,INTC,0,0.1813569850028766,5
2022-03-22,MSFT,0,0.0010788352292393508,5
2022-03-22,NVDA,0,0.11561978800093506,5
2022-03-22,PFE,0,0.03834983126272375,5
2022-03-22,PYPL,0,0.2596343399355579,5
2022-03-22,SPY,0,0.0006139655781057126,5
2022-03-22,ZM,0,0.2293907869391191,5
2022-03-23,AAPL,0,0.03965214832279536,5
2022-03-23,AMZN,0,0.19370395525371617,5
2022-03-23,GOOGL,0,0.0737594863315569,5
2022-03-23,INTC,0,0.5950111734981471,5
2022-03-23,MSFT,0,0.03719424973794379,5
2022-03-23,NVDA,1,0.07886839050980848,5
2022-03-23,PFE,0,0.17330303631412086,5
2022-03-23,PYPL,0,0.16803144629232228,5
2022-03-23,SPY,0,0.017449827268406923,5
2022-03-23,ZM,0,0.21822295300417682,5
2022-03-24,AAPL,0,0.021946045590766215,5
2022-03-24,AMZN,0,0.06073338281994202,5
2022-03-24,GOOGL,0,0.07551092881907386,5
2022-03-24,INTC,0,0.2856848701637729,5
2022-03-24,MSFT,0,0.0004568906294556958,5
2022-03-24,NVDA,0,0.06854413797237137,5
2022-03-24,PFE,0,0.015138638052590178,5
2022-03-24,PYPL,0,0.5720227597080398,5
2022-03-24,SPY,0,0.0002904045037714798,5
2022-03-24,ZM,0,0.2999136038958824,5
2022-03-25,AAPL,0,0.04385116306284537,5
2022-03-25,AMZN,0,0.015227378707047441,5
2022-03-25,GOOGL,0,0.05345154789807585,5
2022-03-25,INTC,0,0.20007271011894448,5
2022-03-25,MSFT,0,0.0009685560765865484,5
2022-03-25,NVDA,0,0.03311200049974876,5
2022-03-25,PFE,0,0.0508607507779883,5
2022-03-25,PYPL,0,0.27701656533822205,5
2022-03-25,SPY,0,0.0002896010410594853,5
2022-03-25,ZM,1,0.21642631827651568,5
2022-03-28,AAPL,0,0.012360191435014569,5
2022-03-28,AMZN,0,0.0030243353519298567,5
2022-03-28,GOOGL,0,0.03557727308618573,5
2022-03-28,INTC,0,0.12354670630859023,5
2022-03-28,MSFT,0,0.006213099607995088,5
2022-03-28,NVDA,0,0.06395553242426685,5
2022-03-28,PFE,0,0.03312273577919156,5
2022-03-28,PYPL,0,0.31800044416858014,5
2022-03-28,SPY,0,0.00035929156183172993,5
2022-03-28,ZM,0,0.3894690486448742,5
2022-03-29,AAPL,0,0.022151454341300756,5
2022-03-29,AMZN,0,0.009890161965181294,5
2022-03-29,GOOGL,0,0.07877125508377324,5
2022-03-29,INTC,0,0.3743813534028031,5
2022-03-29,MSFT,0,0.010305327841694278,5
2022-03-29,NVDA,0,0.1100355597694557,5
2022-03-29,PFE,0,0.2814132260367063,5
2022-03-29,PYPL,0,0.4708781706652635,5
2022-03-29,SPY,0,0.0011102975147088722,5
2022-03-29,ZM,0,0.41102512054660195,5
2022-03-30,AAPL,0,0.01181644033807296,5
2022-03-30,AMZN,0,0.04053805256396909,5
2022-03-30,GOOGL,0,0.04171979874826385,5
2022-03-30,INTC,0,0.35819545296880545,5
2022-03-30,MSFT,0,0.0024136906323453094,5
2022-03-30,NVDA,0,0.06421879600879574,5
2022-03-30,PFE,0,0.23719927443296693,5
2022-03-30,PYPL,0,0.186782236807651,5
2022-03-30,SPY,0,0.0016055350078580187,5
2022-03-30,ZM,0,0.34827550010914887,5
2022-03-31,AAPL,0,0.010603569886564586,5
2022-03-31,AMZN,0,0.039028461205538566,5
2022-03-31,GOOGL,0,0.08773979713704934,5
2022-03-31,INTC,0,0.17004743911840514,5
2022-03-31,MSFT,0,0.0032937075146471442,5
2022-03-31,NVDA,0,0.07470811042327914,5
2022-03-31,PFE,0,0.49422235738075293,5
2022-03-31,PYPL,0,0.1373820272964833,5
2022-03-31,SPY,0,0.003157109193782742,5
2022-03-31,ZM,0,0.31198616577525595,5
2022-04-01,AAPL,0,0.022942402713815747,5
2022-04-01,AMZN,0,0.012214825827009158,5
2022-04-01,GOOGL,0,0.048037778692974833,5
2022-04-01,INTC,0,0.25341031232780875,5
2022-04-01,MSFT,0,0.0004352981667438427,5
2022-04-01,NVDA,0,0.0402430872826861,5
2022-04-01,PFE,0,0.3461970956299349,5
2022-04-01,PYPL,0,0.5592339507388784,5
2022-04-01,SPY,0,0.0004199415797400122,5
2022-04-01,ZM,0,0.6211813690685608,5
2022-04-04,AAPL,0,0.01039429372026996,5
2022-04-04,AMZN,0,0.024373030394188637,5
2022-04-04,GOOGL,0,0.02510508242267759,5
2022-04-04,INTC,0,0.5536668937165918,5
2022-04-04,MSFT,0,0.002236314145988503,5
2022-04-04,NVDA,0,0.11471726263234905,5
2022-04-04,PFE,1,0.8000111811811287,5
2022-04-04,PYPL,0,0.6307565364864931,5
2022-04-04,SPY,0,0.0006986814361923772,5
2022-04-04,ZM,0,0.29671786808567224,5
2022-04-05,AAPL,0,0.02074943553907042,5
2022-04-05,AMZN,0,0.13590666341643476,5
2022-04-05,GOOGL,0,0.08692222759641419,5
2022-04-05,INTC,0,0.18291491708769816,5
2022-04-05,MSFT,0,0.018965473011689233,5
2022-04-05,NVDA,0,0.16391868344593202,5
2022-04-05,PFE,0,0.5628797046184085,5
2022-04-05,PYPL,0,0.13928839872149193,5
2022-04-05,SPY,0,0.00923068476281793,5
2022-04-05,ZM,0,0.32454723622602405,5
2022-04-06,AAPL,0,0.12370414147622832,5
2022-04-06,AMZN,0,0.21233990283870724,5
2022-04-06,GOOGL,0,0.09354251691008687,5
2022-04-06,INTC,0,0.5300511391656908,5
2022-04-06,MSFT,0,0.013980543981579262,5
2022-04-06,NVDA,0,0.12986792134845088,5
2022-04-06,PFE,0,0.5796531078519804,5
2022-04-06,PYPL,0,0.35953558661128043,5
2022-04-06,SPY,0,0.013585199779350497,5
2022-04-06,ZM,0,0.3148588941219876,5
2022-04-07,AAPL,0,0.0293259742635882,5
2022-04-07,AMZN,0,0.29381474598656676,5
2022-04-07,GOOGL,0,0.026950312024997175,5
2022-04-07,INTC,0,0.37474224287509056,5
2022-04-07,MSFT,0,0.0011074233993657848,5
2022-04-07,NVDA,0,0.06278975437334194,5
2022-04-07,PFE,0,0.7201976549147805,5
2022-04-07,PYPL,0,0.24809320964459364,5
2022-04-07,SPY,0,0.005279944028732824,5
2022-04-07,ZM,0,0.2972243551383273,5
2022-04-08,AAPL,0,0.13901734573911867,5
2022-04-08,AMZN,0,0.08458833061878498,5
2022-04-08,GOOGL,0,0.061227294277623676,5
2022-04-08,INTC,0,0.47687101350571154,5
2022-04-08,MSFT,0,0.00883892967791956,5
2022-04-08,NVDA,0,0.3834156611897063,5
2022-04-08,PFE,0,0.3134710863718354,5
2022-04-08,PYPL,0,0.45167549443845634,5
2022-04-08,SPY,0,0.08215293507929138,5
2022-04-08,ZM,0,0.5439100218824415,5
2022-04-11,AAPL,0,0.401661859681392,5
2022-04-11,AMZN,0,0.15236063577423747,5
2022-04-11,GOOGL,0,0.06853080831685945,5
2022-04-11,INTC,0,0.23908311730521206,5
2022-04-11,MSFT,0,0.039526371378184225,5
2022-04-11,NVDA,0,0.35926574566433883,5
2022-04-11,PFE,0,0.13362020008622533,5
2022-04-11,PYPL,0,0.2841801432769005,5
2022-04-11,SPY,0,0.09275995164207061,5
2022-04-11,ZM,0,0.31117314621064773,5
2022-04-12,AAPL,0,0.17297043653374153,5
2022-04-12,AMZN,0,0.25794623307798986,5
2022-04-12,GOOGL,0,0.07731639167975077,5
2022-04-12,INTC,0,0.09656213414548427,5
2022-04-12,MSFT,0,0.020642214726969334,5
2022-04-12,NVDA,0,0.21435469800382623,5
2022-04-12,PFE,0,0.3016358554728421,5
2022-04-12,PYPL,0,0.21557780946396257,5
2022-04-12,SPY,0,0.09098577065881569,5
2022-04-12,ZM,0,0.29933897815426613,5
2022-04-13,AAPL,0,0.27241628860217015,5
2022-04-13,AMZN,0,0.18814803990187956,5
2022-04-13,GOOGL,0,0.014446033235067378,5
2022-04-13,INTC,0,0.08459040966678227,5
2022-04-13,MSFT,0,0.008876237052629729,5
2022-04-13,NVDA,0,0.060231700376532034,5
2022-04-13,PFE,0,0.44376923828663123,5
2022-04-13,PYPL,0,0.19234110163606136,5
2022-04-13,SPY,0,0.01960019091510776,5
2022-04-13,ZM,0,0.09329590745945032,5
2022-04-14,AAPL,0,0.14371330256412163,5
2022-04-14,AMZN,0,0.12368968460738235,5
2022-04-14,GOOGL,0,0.013674374287477148,5
2022-04-14,INTC,0,0.20241453067319742,5
2022-04-14,MSFT,0,0.022407213194692844,5
2022-04-14,NVDA,0,0.1257825386110283,5
2022-04-14,PFE,0,0.47981426297677726,5
2022-04-14,PYPL,0,0.14251478793541478,5
2022-04-14,SPY,0,0.10177632519483372,5
2022-04-14,ZM,0,0.17060230963456294,5
2022-04-18,AAPL,0,0.10633337685713362,5
2022-04-18,AMZN,0,0.02559663926742466,5
2022-04-18,GOOGL,0,0.02750821536328346,5
2022-04-18,INTC,0,0.10491013077870223,5
2022-04-18,MSFT,0,0.004753682123203017,5
2022-04-18,NVDA,0,0.05376192479464104,5
2022-04-18,PFE,0,0.2713913430914535,5
2022-04-18,PYPL,0,0.10744910878004478,5
2022-04-18,SPY,0,0.07731931353718685,5
2022-04-18,ZM,0,0.3499233399123733,5
2022-04-19,AAPL,0,0.12406566856729394,5
2022-04-19,AMZN,0,0.2439989337353326,5
2022-04-19,GOOGL,0,0.014311512578924148,5
2022-04-19,INTC,0,0.17823725873385737,5
2022-04-19,MSFT,0,0.0011999331742656798,5
2022-04-19,NVDA,0,0.020808205054839834,5
2022-04-19,PFE,0,0.39645368631644834,5
2022-04-19,PYPL,0,0.053036679852283164,5
2022-04-19,SPY,0,0.027542321777778246,5
2022-04-19,ZM,0,0.13818354537418215,5
2022-04-20,AAPL,0,0.27238915375459183,5
2022-04-20,AMZN,0,0.21132432407433271,5
2022-04-20,GOOGL,0,0.044029000909416534,5
2022-04-20,INTC,0,0.32201655812559066,5
2022-04-20,MSFT,0,0.0018983804207472921,5
2022-04-20,NVDA,0,0.11450287274566215,5
2022-04-20,PFE,0,0.431717157791917,5
2022-04-20,PYPL,0,0.5317783591961064,5
2022-04-20,SPY,0,0.0625113262163079,5
2022-04-20,ZM,0,0.33475352114121115,5
2022-04-21,AAPL,0,0.2938893920860103,5
2022-04-21,AMZN,0,0.18763321781954312,5
2022-04-21,GOOGL,0,0.2863391686864883,5
2022-04-21,INTC,0,0.20527672404807124,5
2022-04-21,MSFT,0,0.017867234402440407,5
2022-04-21,NVDA,0,0.5831089875637051,5
2022-04-21,PFE,0,0.47518716879432765,5
2022-04-21,PYPL,0,0.35596016888670146,5
2022-04-21,SPY,0,0.01929229092551084,5
2022-04-21,ZM,0,0.3962617698230688,5
2022-04-22,AAPL,0,0.20810552533730683,5
2022-04-22,AMZN,0,0.1971420631077313,5
2022-04-22,GOOGL,0,0.4255350803043213,5
2022-04-22,INTC,0,0.2819949919035826,5
2022-04-22,MSFT,0,0.016354654840269402,5
2022-04-22,NVDA,0,0.4184659434960465,5
2022-04-22,PFE,0,0.7432605927477467,5
2022-04-22,PYPL,0,0.09231811989187476,5
2022-04-22,SPY,0,0.06279167024336127,5
2022-04-22,ZM,0,0.38700701356880035,5
2022-04-25,AAPL,0,0.01810473269366334,5
2022-04-25,AMZN,0,0.01624863788985108,5
2022-04-25,GOOGL,0,0.08829549935809199,5
2022-04-25,INTC,0,0.1770645344227187,5
2022-04-25,MSFT,0,0.00929700807658027,5
2022-04-25,NVDA,0,0.22760001553969056,5
2022-04-25,PFE,0,0.1906574265893951,5
2022-04-25,PYPL,0,0.1268887510162201,5
2022-04-25,SPY,0,0.021657447763759052,5
2022-04-25,ZM,0,0.11417612365627379,5
2022-04-26,AAPL,0,0.03225825727137889,5
2022-04-26,AMZN,0,0.2474698951238944,5
2022-04-26,GOOGL,0,0.20113753217176183,5
2022-04-26,INTC,0,0.8323216173096639,5
2022-04-26,MSFT,0,0.03228421646553439,5
2022-04-26,NVDA,0,0.6369681800986791,5
2022-04-26,PFE,0,0.13709200231564253,5
2022-04-26,PYPL,1,0.5760975584510448,5
2022-04-26,SPY,0,0.020658155932998787,5
2022-04-26,ZM,0,0.15676834518597557,5
2022-04-27,AAPL,0,0.08709423867168756,5
2022-04-27,AMZN,0,0.18006376770585614,5
2022-04-27,GOOGL,0,0.10815267747655945,5
2022-04-27,INTC,0,0.6753664014624128,5
2022-04-27,MSFT,0,0.00320919606650613,5
2022-04-27,NVDA,0,0.4492604771845096,5
2022-04-27,PFE,0,0.14763890862478138,5
2022-04-27,PYPL,1,0.4370936508177568,5
2022-04-27,SPY,0,0.02825743555173673,5
2022-04-27,ZM,1,0.27212271176308755,5
2022-04-28,AAPL,0,0.04420810584830487,5
2022-04-28,AMZN,0,0.14221676549998336,5
2022-04-28,GOOGL,0,0.23972320815699347,5
2022-04-28,INTC,0,0.14823716550936294,5
2022-04-28,MSFT,0,0.003400118283299266,5
2022-04-28,NVDA,0,0.030842416256489855,5
2022-04-28,PFE,0,0.013707491021307182,5
2022-04-28,PYPL,0,0.0029326506142376284,5
2022-04-28,SPY,0,0.0018519788503531284,5
2022-04-28,ZM,0,0.012186731629811504,5
2022-04-29,AAPL,0,0.015775058188386593,5
2022-04-29,AMZN,0,0.018291951162059186,5
2022-04-29,GOOGL,0,0.024365507025578964,5
2022-04-29,INTC,0,0.01242445493349555,5
2022-04-29,MSFT,0,0.0007330594170760999,5
2022-04-29,NVDA,0,0.08497476301392064,5
2022-04-29,PFE,0,0.02806292147631284,5
2022-04-29,PYPL,0,0.01679723643136141,5
2022-04-29,SPY,0,0.0008608100373628943,5
2022-04-29,ZM,0,0.023911925723331787,5
2022-05-02,AAPL,0,0.0035614505629039538,5
2022-05-02,AMZN,0,0.009063913765140761,5
2022-05-02,GOOGL,0,0.01751703613600273,5
2022-05-02,INTC,0,0.011125569635939017,5
2022-05-02,MSFT,0,0.0030409866850462696,5
2022-05-02,NVDA,0,0.0010612444592023127,5
2022-05-02,PFE,0,0.03544789691515136,5
2022-05-02,PYPL,0,0.006394330043830648,5
2022-05-02,SPY,0,0.000684792724066816,5
2022-05-02,ZM,0,0.016878525852016855,5
2022-05-03,AAPL,0,0.0035406679938191463,5
2022-05-03,AMZN,0,0.020454842244238648,5
2022-05-03,GOOGL,0,0.012368999998685692,5
2022-05-03,INTC,0,0.006933613450609937,5
2022-05-03,MSFT,0,0.00048000499394359824,5
2022-05-03,NVDA,0,0.0036465333926281283,5
2022-05-03,PFE,0,0.004319863535414242,5
2022-05-03,PYPL,0,0.03218543118704986,5
2022-05-03,SPY,0,0.0007346266346470018,5
2022-05-03,ZM,0,0.1852547261616614,5
2022-05-04,AAPL,0,0.008920044699772157,5
2022-05-04,AMZN,0,0.01835039585061027,5
2022-05-04,GOOGL,0,0.009018943629641852,5
2022-05-04,INTC,0,0.010614372279705759,5
2022-05-04,MSFT,0,0.0012315339820655321,5
2022-05-04,NVDA,0,0.005357809249752401,5
2022-05-04,PFE,0,0.01440046166705686,5
2022-05-04,PYPL,0,0.00822196361691085,5
2022-05-04,SPY,0,0.0007331984694954182,5
2022-05-04,ZM,0,0.022589300332328442,5
2022-05-05,AAPL,0,0.005974173652032164,5
2022-05-05,AMZN,0,0.24513167759551738,5
2022-05-05,GOOGL,0,0.01571182355400341,5
2022-05-05,INTC,0,0.006145655301883307,5
2022-05-05,MSFT,0,0.0011934137156151788,5
2022-05-05,NVDA,0,0.01845887068089101,5
2022-05-05,PFE,0,0.00845149328097674,5
2022-05-05,PYPL,0,0.07690919547178336,5
2022-05-05,SPY,0,0.0008164500971246412,5
2022-05-05,ZM,0,0.036145590520290725,5
2022-05-06,AAPL,0,0.0035131862697929885,5
2022-05-06,AMZN,0,0.2829595570342735,5
2022-05-06,GOOGL,0,0.018486348171908074,5
2022-05-06,INTC,0,0.005372406146778811,5
2022-05-06,MSFT,0,0.00029032760151140676,5
2022-05-06,NVDA,0,0.054357714823446555,5
2022-05-06,PFE,0,0.002897795211985857,5
2022-05-06,PYPL,0,0.03933096937218043,5
2022-05-06,SPY,0,0.0018418053021933875,5
2022-05-06,ZM,0,0.025945874974170453,5
2022-05-09,AAPL,0,0.0035700235788042162,5
2022-05-09,AMZN,0,0.2453609615496441,5
2022-05-09,GOOGL,0,0.013264937073972428,5
2022-05-09,INTC,0,0.02363922278348196,5
2022-05-09,MSFT,0,0.0008941967175074154,5
2022-05-09,NVDA,0,0.313273637668669,5
2022-05-09,PFE,0,0.008340885198478495,5
2022-05-09,PYPL,0,0.01843995982223689,5
2022-05-09,SPY,0,0.0011061081015139754,5
2022-05-09,ZM,0,0.026992269782097837,5
2022-05-10,AAPL,0,0.0022405665316324788,5
2022-05-10,AMZN,0,0.4108145258385619,5
2022-05-10,GOOGL,0,0.017285809947582515,5
2022-05-10,INTC,0,0.002415611646611172,5
2022-05-10,MSFT,0,0.00020932860574284423,5
2022-05-10,NVDA,0,0.04010610812946223,5
2022-05-10,PFE,0,0.0020624203383287206,5
2022-05-10,PYPL,0,0.04284708846118703,5
2022-05-10,SPY,0,0.0007960116896713336,5
2022-05-10,ZM,0,0.09935239773287398,5
2022-05-11,AAPL,0,0.016348775801842515,5
2022-05-11,AMZN,0,0.4724526134416395,5
2022-05-11,GOOGL,0,0.021129992046579157,5
2022-05-11,INTC,0,0.01271507135806543,5
2022-05-11,MSFT,0,0.0010970357893544348,5
2022-05-11,NVDA,0,0.20774389610020022,5
2022-05-11,PFE,0,0.008842060054721853,5
2022-05-11,PYPL,0,0.09532972148942834,5
2022-05-11,SPY,0,0.002824571753463688,5
2022-05-11,ZM,0,0.09068995481769748,5
2022-05-12,AAPL,0,0.018965576969223356,5
2022-05-12,AMZN,0,0.204682398394982,5
2022-05-12,GOOGL,0,0.019367853482407184,5
2022-05-12,INTC,0,0.004365862085362608,5
2022-05-12,MSFT,0,0.0024438605760316364,5
2022-05-12,NVDA,1,0.07772682822959777,5
2022-05-12,PFE,0,0.0037315413171143097,5
2022-05-12,PYPL,0,0.03035322748884101,5
2022-05-12,SPY,0,0.0022773545745880938,5
2022-05-12,ZM,1,0.23603598352853963,5
2022-05-13,AAPL,0,0.02090958105191462,5
2022-05-13,AMZN,0,0.05133268623187843,5
2022-05-13,GOOGL,0,0.01095120912358173,5
2022-05-13,INTC,0,0.0018742853179378534,5
2022-05-13,MSFT,0,0.0015976172090487488,5
2022-05-13,NVDA,0,0.0016389876351037744,5
2022-05-13,PFE,0,0.010519736797232903,5
2022-05-13,PYPL,0,0.001401378290339764,5
2022-05-13,SPY,0,0.003291558623419137,5
2022-05-13,ZM,0,0.005465988820582982,5
2022-05-16,AAPL,0,0.014824775998750674,5
2022-05-16,AMZN,0,0.08963964402470687,5
2022-05-16,GOOGL,0,0.03199807197731626,5
2022-05-16,INTC,0,0.007686985960991792,5
2022-05-16,MSFT,0,0.005522762110429477,5
2022-05-16,NVDA,0,0.007331465598682184,5
2022-05-16,PFE,0,0.003680135184443613,5
2022-05-16,PYPL,0,0.01333033331958443,5
2022-05-16,SPY,0,0.001806677360661954,5
2022-05-16,ZM,0,0.016785129333425894,5
2022-05-17,AAPL,0,0.007876447680123081,5
2022-05-17,AMZN,0,0.01613947421833092,5
2022-05-17,GOOGL,0,0.054891369903345005,5
2022-05-17,INTC,0,0.0031947197045290266,5
2022-05-17,MSFT,0,0.0031939429878290785,5
2022-05-17,NVDA,0,0.0032673765666115574,5
2022-05-17,PFE,0,0.0026857174012817507,5
2022-05-17,PYPL,0,0.018334616728991185,5
2022-05-17,SPY,0,0.0007702104695080122,5
2022-05-17,ZM,0,0.011303892723330378,5
2022-05-18,AAPL,0,0.006674282055590225,5
2022-05-18,AMZN,0,0.07467793558492704,5
2022-05-18,GOOGL,0,0.012602119050816906,5
2022-05-18,INTC,0,0.01629828813664465,5
2022-05-18,MSFT,0,0.008653999507307173,5
2022-05-18,NVDA,0,0.018866381380139425,5
2022-05-18,PFE,0,0.002781027529822845,5
2022-05-18,PYPL,0,0.01589851075017908,5
2022-05-18,SPY,0,0.0015030714304302534,5
2022-05-18,ZM,1,0.023116742688412094,5
2022-05-19,AAPL,0,0.0058215740791220235,5
2022-05-19,AMZN,0,0.03234966123614383,5
2022-05-19,GOOGL,0,0.022637353913184402,5
2022-05-19,INTC,0,0.00811869642240714,5
2022-05-19,MSFT,0,0.009613613404907262,5
2022-05-19,NVDA,0,0.003994630128107559,5
2022-05-19,PFE,0,0.002898117252283605,5
2022-05-19,PYPL,0,0.0008264070119290907,5
2022-05-19,SPY,0,0.003197095640819677,5
2022-05-19,ZM,1,0.002088118055041279,5
2022-05-20,AAPL,0,0.007672366625362426,5
2022-05-20,AMZN,0,0.030409055664841724,5
2022-05-20,GOOGL,0,0.010165084569707905,5
2022-05-20,INTC,0,0.012014011049991143,5
2022-05-20,MSFT,0,0.021257708234943946,5
2022-05-20,NVDA,0,0.021035107804044124,5
2022-05-20,PFE,0,0.0029822392583392626,5
2022-05-20,PYPL,0,0.04632367207548193,5
2022-05-20,SPY,0,0.0017184654708904269,5
2022-05-20,ZM,1,0.026559126976596268,5
2022-05-23,AAPL,0,0.023125484603670313,5
2022-05-23,AMZN,0,0.07154027685260321,5
2022-05-23,GOOGL,0,0.01027569814527599,5
2022-05-23,INTC,0,0.009285748181291067,5
2022-05-23,MSFT,0,0.00852095043560522,5
2022-05-23,NVDA,1,0.00481128647361583,5
2022-05-23,PFE,0,0.00194550245625495,5
2022-05-23,PYPL,0,0.010516405565634952,5
2022-05-23,SPY,0,0.003012896291635582,5
2022-05-23,ZM,1,0.01639956176127089,5
2022-05-24,AAPL,0,0.020590613199007755,5
2022-05-24,AMZN,1,0.03391568185279313,5
2022-05-24,GOOGL,0,0.0383741339271825,5
2022-05-24,INTC,0,0.037180964969701503,5
2022-05-24,MSFT,0,0.01667380137488737,5
2022-05-24,NVDA,1,0.22971072035008794,5
2022-05-24,PFE,0,0.0019648346690638234,5
2022-05-24,PYPL,0,0.033833416190538555,5
2022-05-24,SPY,0,0.0911436490378636,5
2022-05-24,ZM,1,0.0014285152613946832,5
2022-05-25,AAPL,0,0.02619870060795297,5
2022-05-25,AMZN,1,0.027689599929799878,5
2022-05-25,GOOGL,0,0.03998105815923067,5
2022-05-25,INTC,0,0.07931773307143124,5
2022-05-25,MSFT,0,0.027270007161137862,5
2022-05-25,NVDA,1,0.0020603725445968056,5
2022-05-25,PFE,0,0.00882016054776517,5
2022-05-25,PYPL,0,0.05764399083864712,5
2022-05-25,SPY,0,0.04552454439236353,5
2022-05-25,ZM,0,0.013727780390733597,5
2022-05-26,AAPL,0,0.01111722116811473,5
2022-05-26,AMZN,0,0.16810548073920334,5
2022-05-26,GOOGL,0,0.0397324582514636,5
2022-05-26,INTC,0,0.012696045279579264,5
2022-05-26,MSFT,0,0.0038728448303312667,5
2022-05-26,NVDA,0,0.006731921392559975,5
2022-05-26,PFE,0,0.0014584255056600307,5
2022-05-26,PYPL,0,0.0165752243482468,5
2022-05-26,SPY,0,0.0016444671164739886,5
2022-05-26,ZM,0,0.029114696954506938,5
2022-05-27,AAPL,0,0.07512851134826613,5
2022-05-27,AMZN,0,0.5436620482548573,5
2022-05-27,GOOGL,0,0.12199891183898176,5
2022-05-27,INTC,0,0.1641494897966825,5
2022-05-27,MSFT,0,0.05292612914930112,5
2022-05-27,NVDA,0,0.00771032652588346,5
2022-05-27,PFE,0,0.010453128414974805,5
2022-05-27,PYPL,0,0.010823818666405414,5
2022-05-27,SPY,0,0.01132540042487887,5
2022-05-27,ZM,0,0.47569555907209365,5
2022-05-31,AAPL,0,0.327023024629077,5
2022-05-31,AMZN,0,0.43570658616031666,5
2022-05-31,GOOGL,0,0.13620753235981925,5
2022-05-31,INTC,0,0.37648806878092583,5
2022-05-31,MSFT,0,0.1951965874664446,5
2022-05-31,NVDA,0,0.14807355187939697,5
2022-05-31,PFE,0,0.05607995049907591,5
2022-05-31,PYPL,0,0.0599203461616843,5
2022-05-31,SPY,0,0.018934459830280685,5
2022-05-31,ZM,0,0.19820140456576735,5
2022-06-01,AAPL,0,0.24540068465444403,5
2022-06-01,AMZN,0,0.7143194495511667,5
2022-06-01,GOOGL,0,0.19305688044878472,5
2022-06-01,INTC,0,0.3974035374837016,5
2022-06-01,MSFT,0,0.024117404894305777,5
2022-06-01,NVDA,0,0.05994492595263475,5
2022-06-01,PFE,0,0.17982100743336132,5
2022-06-01,PYPL,0,0.265698734800297,5
2022-06-01,SPY,0,0.00097361517409122,5
2022-06-01,ZM,0,0.13244924994314158,5
2022-06-02,AAPL,0,0.016611869590402405,5
2022-06-02,AMZN,0,0.842082290381411,5
2022-06-02,GOOGL,0,0.25984308357584934,5
2022-06-02,INTC,0,0.2764356143641054,5
2022-06-02,MSFT,0,0.06281715752649253,5
2022-06-02,NVDA,0,0.13646749763595659,5
2022-06-02,PFE,0,0.10405753337904357,5
2022-06-02,PYPL,0,0.037098537527157395,5
2022-06-02,SPY,0,0.0008936757759171825,5
2022-06-02,ZM,0,0.36530617519587194,5
2022-06-03,AAPL,0,0.09443269265518209,5
2022-06-03,AMZN,0,0.2222996324113692,5
2022-06-03,GOOGL,0,0.252062216108454,5
2022-06-03,INTC,0,0.1348861098185478,5
2022-06-03,MSFT,0,0.04656722713200982,5
2022-06-03,NVDA,0,0.09961105929548775,5
2022-06-03,PFE,0,0.021932592378515796,5
2022-06-03,PYPL,0,0.11275092158623312,5
2022-06-03,SPY,0,0.009270260774400971,5
2022-06-03,ZM,0,0.47665091671705473,5
2022-06-06,AAPL,0,0.0772777805778794,5
2022-06-06,AMZN,0,0.7516036614358829,5
2022-06-06,GOOGL,0,0.15263066133821657,5
2022-06-06,INTC,0,0.16260312286316272,5
2022-06-06,MSFT,0,0.05298548421991625,5
2022-06-06,NVDA,0,0.17624705502551438,5
2022-06-06,PFE,0,0.3083570487805375,5
2022-06-06,PYPL,0,0.32171265933678644,5
2022-06-06,SPY,0,0.0007993789588079819,5
2022-06-06,ZM,0,0.40731537706228843,5
2022-06-07,AAPL,0,0.007635291665066789,5
2022-06-07,AMZN,0,0.3589419250011039,5
2022-06-07,GOOGL,0,0.17151382432213055,5
2022-06-07,INTC,0,0.6002222319253274,5
2022-06-07,MSFT,0,0.06555357980349849,5
2022-06-07,NVDA,0,0.12425964851415192,5
2022-06-07,PFE,0,0.3099295174993771,5
2022-06-07,PYPL,0,0.17063401716062207,5
2022-06-07,SPY,0,0.00803667854490171,5
2022-06-07,ZM,0,0.575971381352061,5
2022-06-08,AAPL,0,0.01607743945152825,5
2022-06-08,AMZN,0,0.657492147598372,5
2022-06-08,GOOGL,0,0.07246203052048263,5
2022-06-08,INTC,0,0.657916589108895,5
2022-06-08,MSFT,0,0.17867406210644451,5
2022-06-08,NVDA,0,0.0552245157126271,5
2022-06-08,PFE,0,0.13190739531428217,5
2022-06-08,PYPL,0,0.07365695881339505,5
2022-06-08,SPY,0,0.038175738310428135,5
2022-06-08,ZM,0,0.43727773936881165,5
2022-06-09,AAPL,0,0.04684222974470864,5
2022-06-09,AMZN,0,0.16720600801052615,5
2022-06-09,GOOGL,0,0.08598362545291593,5
2022-06-09,INTC,0,0.23785036404533744,5
2022-06-09,MSFT,0,0.0731472766795643,5
2022-06-09,NVDA,0,0.07371317568069694,5
2022-06-09,PFE,0,0.23289508432935505,5
2022-06-09,PYPL,0,0.13791801840829737,5
2022-06-09,SPY,0,0.015394310305407197,5
2022-06-09,ZM,0,0.716347002847779,5
2022-06-10,AAPL,0,0.05575609828692884,5
2022-06-10,AMZN,0,0.5136631226374739,5
2022-06-10,GOOGL,0,0.21401374355285663,5
2022-06-10,INTC,0,0.3849722989267995,5
2022-06-10,MSFT,0,0.10392080376526622,5
2022-06-10,NVDA,0,0.3031971552226137,5
2022-06-10,PFE,0,0.371344563976685,5
2022-06-10,PYPL,0,0.27656923722949306,5
2022-06-10,SPY,0,0.006314968653797303,5
2022-06-10,ZM,0,0.8790644420228356,5
2022-06-13,AAPL,0,0.1495772183682596,5
2022-06-13,AMZN,0,0.4630819792024614,5
2022-06-13,GOOGL,0,0.28037371573268827,5
2022-06-13,INTC,0,0.3407678616029795,5
2022-06-13,MSFT,0,0.21029660535259234,5
2022-06-13,NVDA,0,0.3952440958264436,5
2022-06-13,PFE,0,0.07908932029915919,5
2022-06-13,PYPL,0,0.05427013563490576,5
2022-06-13,SPY,0,0.06190676447063182,5
2022-06-13,ZM,1,0.5960819552458301,5
2022-06-14,AAPL,0,0.030903081130939775,5
2022-06-14,AMZN,0,0.4717365619826056,5
2022-06-14,GOOGL,0,0.2583950289058822,5
2022-06-14,INTC,0,0.10538296238719813,5
2022-06-14,MSFT,0,0.2186679372065338,5
2022-06-14,NVDA,0,0.08913865954063845,5
2022-06-14,PFE,0,0.10105639735967807,5
2022-06-14,PYPL,0,0.09515802231943535,5
2022-06-14,SPY,0,0.3112991761255363,5
2022-06-14,ZM,1,0.5982835452128403,5
2022-06-15,AAPL,0,0.029670721021222753,5
2022-06-15,AMZN,0,0.28268625400049036,5
2022-06-15,GOOGL,0,0.14655120646757958,5
2022-06-15,INTC,0,0.05619680583592594,5
2022-06-15,MSFT,0,0.1290830919736654,5
2022-06-15,NVDA,0,0.10952185407229456,5
2022-06-15,PFE,0,0.016250803914069044,5
2022-06-15,PYPL,0,0.018725672763851984,5
2022-06-15,SPY,0,0.06795333289912263,5
2022-06-15,ZM,0,0.20608424015442198,5
2022-06-16,AAPL,0,0.014518608250749085,5
2022-06-16,AMZN,0,0.11231020903198673,5
2022-06-16,GOOGL,0,0.16432323583910227,5
2022-06-16,INTC,0,0.02587039381492339,5
2022-06-16,MSFT,0,0.025441951552279615,5
2022-06-16,NVDA,0,0.08519302044769977,5
2022-06-16,PFE,0,0.07492954076976314,5
2022-06-16,PYPL,0,0.017946756143982785,5
2022-06-16,SPY,0,0.04945580358881284,5
2022-06-16,ZM,1,0.2290068053789962,5
2022-06-17,AAPL,0,0.0019156405642709448,5
2022-06-17,AMZN,0,0.03348786333729513,5
2022-06-17,GOOGL,0,0.020361832329836547,5
2022-06-17,INTC,0,0.057085009258573446,5
2022-06-17,MSFT,0,0.014028010218242758,5
2022-06-17,NVDA,0,0.022089455115144832,5
2022-06-17,PFE,0,0.12685060242737017,5
2022-06-17,PYPL,0,0.01624042936160359,5
2022-06-17,SPY,0,0.3480391492791178,5
2022-06-17,ZM,0,0.2489248873490795,5
2022-06-21,AAPL,0,0.008689964164848291,5
2022-06-21,AMZN,0,0.03584536156458884,5
2022-06-21,GOOGL,0,0.04240361895637684,5
2022-06-21,INTC,0,0.005365024099968121,5
2022-06-21,MSFT,0,0.028761800687961393,5
2022-06-21,NVDA,0,0.006763492795537638,5
2022-06-21,PFE,0,0.0048426954978786066,5
2022-06-21,PYPL,0,0.035870172023784716,5
2022-06-21,SPY,0,0.02614330367227935,5
2022-06-21,ZM,0,0.3619277933559493,5
2022-06-22,AAPL,0,0.012887100593987599,5
2022-06-22,AMZN,0,0.27508941166293677,5
2022-06-22,GOOGL,0,0.21187200001479958,5
2022-06-22,INTC,0,0.13037025705545188,5
2022-06-22,MSFT,0,0.3618302403337295,5
2022-06-22,NVDA,0,0.12321750829244987,5
2022-06-22,PFE,0,0.04317302792233151,5
2022-06-22,PYPL,0,0.176571823244739,5
2022-06-22,SPY,0,0.4640313700016193,5
2022-06-22,ZM,0,0.3527063881419894,5
2022-06-23,AAPL,0,0.02298922018999086,5
2022-06-23,AMZN,0,0.4687531487954837,5
2022-06-23,GOOGL,0,0.10508650641877451,5
2022-06-23,INTC,0,0.09241196272457311,5
2022-06-23,MSFT,0,0.14376206639514144,5
2022-06-23,NVDA,0,0.7683841136968043,5
2022-06-23,PFE,0,0.03908685631017223,5
2022-06-23,PYPL,0,0.29290536906639736,5
2022-06-23,SPY,0,0.2572723902815235,5
2022-06-23,ZM,0,0.1730102801062483,5
2022-06-24,AAPL,0,0.05040913999094963,5
2022-06-24,AMZN,0,0.6304568957502461,5
2022-06-24,GOOGL,0,0.16898180257557313,5
2022-06-24,INTC,0,0.08012648956099197,5
2022-06-24,MSFT,0,0.5456171105698941,5
2022-06-24,NVDA,0,0.04693929662426666,5
2022-06-24,PFE,0,0.08563020249171216,5
2022-06-24,PYPL,0,0.10407099668441129,5
2022-06-24,SPY,0,0.3160171058772584,5
2022-06-24,ZM,0,0.14537887950574446,5
2022-06-27,AAPL,0,0.06444711357041559,5
2022-06-27,AMZN,0,0.20763693953296067,5
2022-06-27,GOOGL,0,0.10505174271574094,5
2022-06-27,INTC,0,0.07538185317576931,5
2022-06-27,MSFT,0,0.5997683225634393,5
2022-06-27,NVDA,0,0.4341709051192593,5
2022-06-27,PFE,0,0.15094125275553533,5
2022-06-27,PYPL,0,0.596748902940319,5
2022-06-27,SPY,0,0.40328433735452557,5
2022-06-27,ZM,0,0.09327307303286914,5
2022-06-28,AAPL,0,0.13838075258839438,5
2022-06-28,AMZN,0,0.3504145280387252,5
2022-06-28,GOOGL,0,0.21649034768322356,5
2022-06-28,INTC,0,0.12852986904251384,5
2022-06-28,MSFT,0,0.11805220177040542,5
2022-06-28,NVDA,0,0.5177426260720677,5
2022-06-28,PFE,0,0.1273914804396087,5
2022-06-28,PYPL,0,0.24898099387194128,5
2022-06-28,SPY,0,0.2841292530225538,5
2022-06-28,ZM,0,0.3107165308817838,5
2022-06-29,AAPL,0,0.011227969365716179,5
2022-06-29,AMZN,0,0.10015037295328297,5
2022-06-29,GOOGL,0,0.2991038964209195,5
2022-06-29,INTC,0,0.09761926466848907,5
2022-06-29,MSFT,0,0.13848592200806945,5
2022-06-29,NVDA,0,0.40662472735122474,5
2022-06-29,PFE,0,0.0727693450355905,5
2022-06-29,PYPL,0,0.4997120217234632,5
2022-06-29,SPY,0,0.16395028861670222,5
2022-06-29,ZM,0,0.4271054087139252,5
2022-06-30,AAPL,0,0.1021014425507452,5
2022-06-30,AMZN,0,0.2732129882724487,5
2022-06-30,GOOGL,0,0.23813949173926052,5
2022-06-30,INTC,0,0.29989025366703426,5
2022-06-30,MSFT,0,0.2559665425839343,5
2022-06-30,NVDA,0,0.5131754637379938,5
2022-06-30,PFE,0,0.34694967413538075,5
2022-06-30,PYPL,0,0.5004800780458291,5
2022-06-30,SPY,0,0.047061238690478645,5
2022-06-30,ZM,1,0.19911527184366756,5
2022-07-01,AAPL,0,0.4511446559256708,6
2022-07-01,AMZN,0,0.567025937241925,6
2022-07-01,GOOGL,0,0.2653454170607763,6
2022-07-01,INTC,0,0.3732837302518241,6
2022-07-01,MSFT,0,0.30804664204182336,6
2022-07-01,NVDA,0,0.6336012799273064,6
2022-07-01,PFE,0,0.14765316710584467,6
2022-07-01,PYPL,0,0.3540209215402941,6
2022-07-01,SPY,0,0.1285959340951253,6
2022-07-01,ZM,1,0.15613540168069873,6
2022-07-05,AAPL,0,0.0646019744412819,6
2022-07-05,AMZN,0,0.26566679941286686,6
2022-07-05,GOOGL,0,0.05912932880658572,6
2022-07-05,INTC,0,0.378673507934228,6
2022-07-05,MSFT,0,0.17578459336785002,6
2022-07-05,NVDA,0,0.32279279517606996,6
2022-07-05,PFE,0,0.35644172749408365,6
2022-07-05,PYPL,0,0.5071103255706075,6
2022-07-05,SPY,0,0.005269247658010603,6
2022-07-05,ZM,0,0.11097910014582321,6
2022-07-06,AAPL,0,0.019462897562680635,6
2022-07-06,AMZN,0,0.24906199650522887,6
2022-07-06,GOOGL,0,0.09758055599753025,6
2022-07-06,INTC,0,0.17887543618895468,6
2022-07-06,MSFT,0,0.10045330372767,6
2022-07-06,NVDA,0,0.2591154052816458,6
2022-07-06,PFE,0,0.02770600925682997,6
2022-07-06,PYPL,0,0.4472869983134997,6
2022-07-06,SPY,0,0.005837223634700644,6
2022-07-06,ZM,0,0.09021970632158682,6
2022-07-07,AAPL,0,0.09561286197220346,6
2022-07-07,AMZN,0,0.13392857457592355,6
2022-07-07,GOOGL,0,0.09740441124057275,6
2022-07-07,INTC,0,0.29699193299780025,6
2022-07-07,MSFT,0,0.0779540539746564,6
2022-07-07,NVDA,0,0.23605534837192044,6
2022-07-07,PFE,0,0.06246264180179886,6
2022-07-07,PYPL,0,0.4924177422955859,6
2022-07-07,SPY,0,0.0027406436780384015,6
2022-07-07,ZM,0,0.3453254622247213,6
2022-07-08,AAPL,0,0.0038772441977732585,6
2022-07-08,AMZN,0,0.13320132120912895,6
2022-07-08,GOOGL,0,0.08767175623985074,6
2022-07-08,INTC,0,0.3696220744158437,6
2022-07-08,MSFT,0,0.3993801059559209,6
2022-07-08,NVDA,0,0.2535136649862742,6
2022-07-08,PFE,0,0.0888232657077783,6
2022-07-08,PYPL,0,0.285554038091155,6
2022-07-08,SPY,0,0.0019222051613970027,6
2022-07-08,ZM,0,0.20179348437866743,6
2022-07-11,AAPL,0,0.34866673280391897,6
2022-07-11,AMZN,0,0.23402437502295664,6
2022-07-11,GOOGL,0,0.1033880267715337,6
2022-07-11,INTC,0,0.13513252459236572,6
2022-07-11,MSFT,0,0.6499955666638347,6
2022-07-11,NVDA,1,0.06839970890893853,6
2022-07-11,PFE,0,0.051137585895230514,6
2022-07-11,PYPL,0,0.16226873191419583,6
2022-07-11,SPY,0,0.048480001285784904,6
2022-07-11,ZM,0,0.18039979439634177,6
2022-07-12,AAPL,0,0.0458293027478266,6
2022-07-12,AMZN,0,0.20150015552361103,6
2022-07-12,GOOGL,0,0.26761574495650253,6
2022-07-12,INTC,0,0.3300186815409736,6
2022-07-12,MSFT,0,0.2419965772188975,6
2022-07-12,NVDA,1,0.6793562465949902,6
2022-07-12,PFE,0,0.10373468601393256,6
2022-07-12,PYPL,0,0.07214812443420472,6
2022-07-12,SPY,0,0.009487031930574453,6
2022-07-12,ZM,0,0.12294335880154801,6
2022-07-13,AAPL,0,0.07300371687540892,6
2022-07-13,AMZN,1,0.2636864312992358,6
2022-07-13,GOOGL,0,0.04285002943133868,6
2022-07-13,INTC,0,0.24096501746240964,6
2022-07-13,MSFT,0,0.3554010782779036,6
2022-07-13,NVDA,1,0.2865523627185945,6
2022-07-13,PFE,0,0.29531713970221235,6
2022-07-13,PYPL,1,0.0806842604406473,6
2022-07-13,SPY,0,0.019581575570819066,6
2022-07-13,ZM,0,0.0705597950917323,6
2022-07-14,AAPL,0,0.025688092370617657,6
2022-07-14,AMZN,1,0.15066752176660494,6
2022-07-14,GOOGL,0,0.06746493204955331,6
2022-07-14,INTC,0,0.3129250270514002,6
2022-07-14,MSFT,0,0.4165061471646053,6
2022-07-14,NVDA,1,0.2688197335389125,6
2022-07-14,PFE,0,0.3254984755211125,6
2022-07-14,PYPL,1,0.28417018650006814,6
2022-07-14,SPY,0,0.0915331598716371,6
2022-07-14,ZM,1,0.23643156241994454,6
2022-07-15,AAPL,0,0.1435733947583621,6
2022-07-15,AMZN,1,0.22727388383567612,6
2022-07-15,GOOGL,0,0.210070889320662,6
2022-07-15,INTC,0,0.3310999834911514,6
2022-07-15,MSFT,0,0.4683785992621748,6
2022-07-15,NVDA,1,0.5978017175860606,6
2022-07-15,PFE,0,0.44410647960069777,6
2022-07-15,PYPL,1,0.1445025219519357,6
2022-07-15,SPY,0,0.011877541792395464,6
2022-07-15,ZM,1,0.3002969534983683,6
2022-07-18,AAPL,0,0.06215904438860046,6
2022-07-18,AMZN,1,0.14648080420545717,6
2022-07-18,GOOGL,0,0.06205408370522646,6
2022-07-18,INTC,0,0.3950010188072309,6
2022-07-18,MSFT,0,0.48821685601319603,6
2022-07-18,NVDA,1,0.2490195923328712,6
2022-07-18,PFE,0,0.4440465330281007,6
2022-07-18,PYPL,1,0.11452659809091285,6
2022-07-18,SPY,0,0.0470905806675851,6
2022-07-18,ZM,1,0.40381144474358865,6
2022-07-19,AAPL,0,0.0358959158306405,6
2022-07-19,AMZN,0,0.15963779950489704,6
2022-07-19,GOOGL,0,0.1565988009791192,6
2022-07-19,INTC,0,0.27608122962871934,6
2022-07-19,MSFT,0,0.18492934553954035,6
2022-07-19,NVDA,0,0.17133011930560557,6
2022-07-19,PFE,0,0.648100261572897,6
2022-07-19,PYPL,0,0.06076492734889269,6
2022-07-19,SPY,0,0.007914587524459346,6
2022-07-19,ZM,1,0.4638895759359564,6
2022-07-20,AAPL,0,0.005983062470992153,6
2022-07-20,AMZN,0,0.06761963698094887,6
2022-07-20,GOOGL,0,0.11129082660642259,6
2022-07-20,INTC,0,0.03421265709513783,6
2022-07-20,MSFT,0,0.27239701522746257,6
2022-07-20,NVDA,0,0.07910251118168615,6
2022-07-20,PFE,0,0.505208524746979,6
2022-07-20,PYPL,0,0.4650264828838219,6
2022-07-20,SPY,0,0.004014293731534308,6
2022-07-20,ZM,0,0.4223867232890045,6
2022-07-21,AAPL,0,0.0066837364954570625,6
2022-07-21,AMZN,0,0.023410589824707263,6
2022-07-21,GOOGL,0,0.035050480276741895,6
2022-07-21,INTC,0,0.03681847807763193,6
2022-07-21,MSFT,0,0.22843060589204495,6
2022-07-21,NVDA,0,0.0730281120221795,6
2022-07-21,PFE,0,0.5417885593490707,6
2022-07-21,PYPL,0,0.30765089889848496,6
2022-07-21,SPY,0,0.009701530840362101,6
2022-07-21,ZM,0,0.6733661083459097,6
2022-07-22,AAPL,0,0.02936610565282475,6
2022-07-22,AMZN,0,0.3323990519804933,6
2022-07-22,GOOGL,0,0.0765199918291312,6
2022-07-22,INTC,0,0.12662590825697737,6
2022-07-22,MSFT,0,0.1873552268506951,6
2022-07-22,NVDA,0,0.020938183256272315,6
2022-07-22,PFE,0,0.5002044157681038,6
2022-07-22,PYPL,0,0.17516210578730929,6
2022-07-22,SPY,0,0.03408572241139648,6
2022-07-22,ZM,0,0.23650853054969417,6
2022-07-25,AAPL,0,0.043018104512961106,6
2022-07-25,AMZN,0,0.09534286960128996,6
2022-07-25,GOOGL,0,0.1793622120013859,6
2022-07-25,INTC,0,0.14847522386376732,6
2022-07-25,MSFT,0,0.32646288107445054,6
2022-07-25,NVDA,1,0.02495209818437344,6
2022-07-25,PFE,0,0.5958272666389524,6
2022-07-25,PYPL,0,0.5347836377548846,6
2022-07-25,SPY,0,0.0254778846400564,6
2022-07-25,ZM,0,0.6122262360789744,6
2022-07-26,AAPL,0,0.06661372606074963,6
2022-07-26,AMZN,1,0.26071160527013454,6
2022-07-26,GOOGL,1,0.04273859108703602,6
2022-07-26,INTC,0,0.3604920738487225,6
2022-07-26,MSFT,1,0.4310787046440651,6
2022-07-26,NVDA,1,0.12086387789908953,6
2022-07-26,PFE,0,0.4948446662332871,6
2022-07-26,PYPL,1,0.6734014219818437,6
2022-07-26,SPY,0,0.06995963072154725,6
2022-07-26,ZM,0,0.421116936666465,6
2022-07-27,AAPL,0,0.09406545674303025,6
2022-07-27,AMZN,1,0.07264357625737897,6
2022-07-27,GOOGL,0,0.024496193928220427,6
2022-07-27,INTC,0,0.08148219302562508,6
2022-07-27,MSFT,0,0.052719446582355334,6
2022-07-27,NVDA,0,0.1951471543054624,6
2022-07-27,PFE,0,0.12889100189354544,6
2022-07-27,PYPL,1,0.06632932352677685,6
2022-07-27,SPY,0,0.008553238496306908,6
2022-07-27,ZM,0,0.25775977548771345,6
2022-07-28,AAPL,0,0.015201143363023827,6
2022-07-28,AMZN,1,0.07981089816506368,6
2022-07-28,GOOGL,0,0.08223079758774332,6
2022-07-28,INTC,0,0.04091471250946435,6
2022-07-28,MSFT,0,0.046893558446476864,6
2022-07-28,NVDA,0,0.23805394890969866,6
2022-07-28,PFE,0,0.22502009731251243,6
2022-07-28,PYPL,1,0.07141323446971037,6
2022-07-28,SPY,0,0.010677144613856547,6
2022-07-28,ZM,0,0.7308195490774466,6
2022-07-29,AAPL,0,0.010393617421728668,6
2022-07-29,AMZN,0,0.05107112143245897,6
2022-07-29,GOOGL,0,0.0976155523898898,6
2022-07-29,INTC,0,0.011883882195543389,6
2022-07-29,MSFT,0,0.0028020644199597184,6
2022-07-29,NVDA,0,0.003985917871476492,6
2022-07-29,PFE,0,0.07458369408604963,6
2022-07-29,PYPL,1,0.00804271319644795,6
2022-07-29,SPY,0,0.002794930463632401,6
2022-07-29,ZM,0,0.2608198628677707,6
2022-08-01,AAPL,0,0.007329766379504871,6
2022-08-01,AMZN,0,0.013055085372889682,6
2022-08-01,GOOGL,0,0.10628066615636848,6
2022-08-01,INTC,0,0.022570914589372083,6
2022-08-01,MSFT,0,0.1777567597407588,6
2022-08-01,NVDA,0,0.020679568767578337,6
2022-08-01,PFE,0,0.11085183465797326,6
2022-08-01,PYPL,1,0.007242515783360158,6
2022-08-01,SPY,0,0.0042028533895775,6
2022-08-01,ZM,1,0.5147893089348089,6
2022-08-02,AAPL,0,0.02279211995530449,6
2022-08-02,AMZN,0,0.031030682829923655,6
2022-08-02,GOOGL,0,0.09754199585251917,6
2022-08-02,INTC,0,0.04288250562658553,6
2022-08-02,MSFT,0,0.21137879529055995,6
2022-08-02,NVDA,0,0.025887609046465938,6
2022-08-02,PFE,0,0.09553289065204376,6
2022-08-02,PYPL,1,0.02792237197129559,6
2022-08-02,SPY,0,0.0039008402388384543,6
2022-08-02,ZM,0,0.47949811083846655,6
2022-08-03,AAPL,0,0.031646914448700936,6
2022-08-03,AMZN,0,0.04451335980194484,6
2022-08-03,GOOGL,0,0.04013700939696162,6
2022-08-03,INTC,0,0.022367138811352088,6
2022-08-03,MSFT,0,0.06284719568846865,6
2022-08-03,NVDA,0,0.04442919858118036,6
2022-08-03,PFE,0,0.13069428899815286,6
2022-08-03,PYPL,0,0.07107909273400526,6
2022-08-03,SPY,0,0.0011101469267631964,6
2022-08-03,ZM,0,0.3815264107193895,6
2022-08-04,AAPL,0,0.044747529824786775,6
2022-08-04,AMZN,0,0.03370724016221895,6
2022-08-04,GOOGL,0,0.03519156497191723,6
2022-08-04,INTC,0,0.28270658582035163,6
2022-08-04,MSFT,0,0.09404744275631101,6
2022-08-04,NVDA,0,0.03427286690327622,6
2022-08-04,PFE,0,0.20451241365478587,6
2022-08-04,PYPL,0,0.12055530415438585,6
2022-08-04,SPY,0,0.002285012018037103,6
2022-08-04,ZM,0,0.5428875425569973,6
2022-08-05,AAPL,0,0.007923906189356424,6
2022-08-05,AMZN,0,0.13914318655339256,6
2022-08-05,GOOGL,0,0.09160016422166126,6
2022-08-05,INTC,0,0.5250164050843701,6
2022-08-05,MSFT,0,0.2634420931950744,6
2022-08-05,NVDA,0,0.05848559918866831,6
2022-08-05,PFE,0,0.6341006997409264,6
2022-08-05,PYPL,0,0.11027810871335882,6
2022-08-05,SPY,0,0.004310438233031842,6
2022-08-05,ZM,0,0.37503420435009127,6
2022-08-08,AAPL,0,0.01827134860217952,6
2022-08-08,AMZN,0,0.08048374165206632,6
2022-08-08,GOOGL,0,0.07989305199917271,6
2022-08-08,INTC,0,0.1159439944247917,6
2022-08-08,MSFT,0,0.3681469413845279,6
2022-08-08,NVDA,0,0.10306806727249615,6
2022-08-08,PFE,0,0.49791035240983733,6
2022-08-08,PYPL,0,0.11887622895510443,6
2022-08-08,SPY,0,0.011794172515734308,6
2022-08-08,ZM,0,0.2579150925858634,6
2022-08-09,AAPL,0,0.012356281454978508,6
2022-08-09,AMZN,0,0.16474060552564834,6
2022-08-09,GOOGL,0,0.0951393776420491,6
2022-08-09,INTC,0,0.13041237377042664,6
2022-08-09,MSFT,0,0.13810171447957026,6
2022-08-09,NVDA,1,0.06519360104596629,6
2022-08-09,PFE,0,0.7031094753147663,6
2022-08-09,PYPL,0,0.1276565770176523,6
2022-08-09,SPY,0,0.08999649389646504,6
2022-08-09,ZM,0,0.21520919917363376,6
2022-08-10,AAPL,0,0.005498845246827911,6
2022-08-10,AMZN,0,0.34888855956049986,6
2022-08-10,GOOGL,0,0.0728039774591274,6
2022-08-10,INTC,0,0.10922313621120563,6
2022-08-10,MSFT,0,0.08777735641940376,6
2022-08-10,NVDA,0,0.26797162555209153,6
2022-08-10,PFE,0,0.7641656290673292,6
2022-08-10,PYPL,0,0.16934453662114002,6
2022-08-10,SPY,0,0.00453041414806453,6
2022-08-10,ZM,0,0.18030722792207252,6
2022-08-11,AAPL,0,0.02147066457354054,6
2022-08-11,AMZN,0,0.12997070537965238,6
2022-08-11,GOOGL,0,0.14182828362825253,6
2022-08-11,INTC,0,0.21038491046243585,6
2022-08-11,MSFT,0,0.2534394415697473,6
2022-08-11,NVDA,0,0.38833799521703927,6
2022-08-11,PFE,0,0.5407873769853555,6
2022-08-11,PYPL,0,0.12348217594529545,6
2022-08-11,SPY,0,0.0008191371871497652,6
2022-08-11,ZM,0,0.43769561738898805,6
2022-08-12,AAPL,0,0.008499666314431588,6
2022-08-12,AMZN,0,0.09254194864938205,6
2022-08-12,GOOGL,0,0.11935055490974053,6
2022-08-12,INTC,0,0.21313573809297484,6
2022-08-12,MSFT,0,0.04259329624645262,6
2022-08-12,NVDA,0,0.3375025075734717,6
2022-08-12,PFE,0,0.7459378840180058,6
2022-08-12,PYPL,0,0.20201115664835598,6
2022-08-12,SPY,0,0.0006341083424539875,6
2022-08-12,ZM,0,0.48377255033248245,6
2022-08-15,AAPL,0,0.004792375121867039,6
2022-08-15,AMZN,0,0.14316692063369404,6
2022-08-15,GOOGL,0,0.053569253986549034,6
2022-08-15,INTC,0,0.2404323183617446,6
2022-08-15,MSFT,0,0.049172627912101176,6
2022-08-15,NVDA,0,0.05605222565182888,6
2022-08-15,PFE,0,0.7515556913243175,6
2022-08-15,PYPL,0,0.18009923326568777,6
2022-08-15,SPY,0,0.0021791370219437704,6
2022-08-15,ZM,0,0.4748834226144846,6
2022-08-16,AAPL,0,0.020600604409790488,6
2022-08-16,AMZN,0,0.10410189662880737,6
2022-08-16,GOOGL,0,0.22090820607098532,6
2022-08-16,INTC,0,0.2663036838820947,6
2022-08-16,MSFT,0,0.21103694972821366,6
2022-08-16,NVDA,0,0.3305578706638101,6
2022-08-16,PFE,0,0.6340427326599521,6
2022-08-16,PYPL,0,0.41258923214090215,6
2022-08-16,SPY,0,0.0023613674583525196,6
2022-08-16,ZM,0,0.3813811240257772,6
2022-08-17,AAPL,0,0.037388154672325445,6
2022-08-17,AMZN,0,0.19481717385111108,6
2022-08-17,GOOGL,0,0.1704234319345361,6
2022-08-17,INTC,0,0.2928478853835153,6
2022-08-17,MSFT,0,0.7512450158095075,6
2022-08-17,NVDA,0,0.31515028804183426,6
2022-08-17,PFE,0,0.764451524388218,6
2022-08-17,PYPL,0,0.19027005122212712,6
2022-08-17,SPY,0,0.006217643010204398,6
2022-08-17,ZM,0,0.38312544696861284,6
2022-08-18,AAPL,0,0.04391445049719971,6
2022-08-18,AMZN,0,0.3459692808866403,6
2022-08-18,GOOGL,0,0.11078020447486515,6
2022-08-18,INTC,0,0.4988232697112875,6
2022-08-18,MSFT,0,0.13790516390105348,6
2022-08-18,NVDA,0,0.5638917057988119,6
2022-08-18,PFE,0,0.7462043487109696,6
2022-08-18,PYPL,0,0.11312238990272487,6
2022-08-18,SPY,0,0.0009335951508762869,6
2022-08-18,ZM,0,0.33222319739126127,6
2022-08-19,AAPL,0,0.034581013455701484,6
2022-08-19,AMZN,0,0.5533681994267168,6
2022-08-19,GOOGL,0,0.12913953303485176,6
2022-08-19,INTC,0,0.17942372155078104,6
2022-08-19,MSFT,0,0.012340121811327471,6
2022-08-19,NVDA,0,0.21518091515093823,6
2022-08-19,PFE,0,0.597920348170193,6
2022-08-19,PYPL,0,0.7144414089021138,6
2022-08-19,SPY,0,0.09738933733152445,6
2022-08-19,ZM,0,0.299571909565468,6
2022-08-22,AAPL,0,0.03270493532392654,6
2022-08-22,AMZN,0,0.518364138062737,6
2022-08-22,GOOGL,0,0.05927748723299797,6
2022-08-22,INTC,0,0.48499199210468114,6
2022-08-22,MSFT,0,0.06270665192247643,6
2022-08-22,NVDA,0,0.43130049811346355,6
2022-08-22,PFE,0,0.712867027671771,6
2022-08-22,PYPL,0,0.8117298284543065,6
2022-08-22,SPY,0,0.04786214225654075,6
2022-08-22,ZM,0,0.2861620353498753,6
2022-08-23,AAPL,0,0.3034773270562082,6
2022-08-23,AMZN,0,0.3210432276812759,6
2022-08-23,GOOGL,0,0.20407867249169154,6
2022-08-23,INTC,0,0.28803482808634484,6
2022-08-23,MSFT,0,0.02205449906422244,6
2022-08-23,NVDA,0,0.45828921582417476,6
2022-08-23,PFE,0,0.4547849298604929,6
2022-08-23,PYPL,0,0.7364182373149074,6
2022-08-23,SPY,0,0.0657356339423574,6
2022-08-23,ZM,0,0.5869393800256498,6
2022-08-24,AAPL,0,0.03924476703013649,6
2022-08-24,AMZN,0,0.0618734438396447,6
2022-08-24,GOOGL,0,0.033300672455717044,6
2022-08-24,INTC,0,0.2977221791050221,6
2022-08-24,MSFT,0,0.001388122383469564,6
2022-08-24,NVDA,0,0.6318814145562868,6
2022-08-24,PFE,0,0.6171960814281292,6
2022-08-24,PYPL,0,0.5960073580922677,6
2022-08-24,SPY,0,0.0014191558569253207,6
2022-08-24,ZM,0,0.4315075307929174,6
2022-08-25,AAPL,0,0.0038730692652669996,6
2022-08-25,AMZN,0,0.15098940933042385,6
2022-08-25,GOOGL,0,0.0568821240474453,6
2022-08-25,INTC,0,0.0637808067984999,6
2022-08-25,MSFT,0,0.001026873041475357,6
2022-08-25,NVDA,0,0.5057826789155254,6
2022-08-25,PFE,0,0.3606085710807128,6
2022-08-25,PYPL,0,0.807336237641766,6
2022-08-25,SPY,0,0.0004523120373412978,6
2022-08-25,ZM,0,0.4127832048984131,6
2022-08-26,AAPL,0,0.09821663221936738,6
2022-08-26,AMZN,0,0.07095636261778256,6
2022-08-26,GOOGL,0,0.022148251139405904,6
2022-08-26,INTC,0,0.12018236867816348,6
2022-08-26,MSFT,0,0.002398144185100676,6
2022-08-26,NVDA,0,0.6728948647272974,6
2022-08-26,PFE,0,0.2475720301973995,6
2022-08-26,PYPL,0,0.5769842560868298,6
2022-08-26,SPY,0,0.0007013819742537991,6
2022-08-26,ZM,0,0.795247275100699,6
2022-08-29,AAPL,0,0.12149526053849845,6
2022-08-29,AMZN,0,0.032242912150175,6
2022-08-29,GOOGL,0,0.024672409930958636,6
2022-08-29,INTC,0,0.1804976623344526,6
2022-08-29,MSFT,0,0.0033085002402241637,6
2022-08-29,NVDA,0,0.6902116199099202,6
2022-08-29,PFE,0,0.07431166072033617,6
2022-08-29,PYPL,0,0.6203543950189367,6
2022-08-29,SPY,0,0.002009723411227478,6
2022-08-29,ZM,0,0.45959675110927445,6
2022-08-30,AAPL,0,0.0482255753728246,6
2022-08-30,AMZN,0,0.1297109737999499,6
2022-08-30,GOOGL,0,0.08873634587037818,6
2022-08-30,INTC,0,0.27291931775641526,6
2022-08-30,MSFT,0,0.01988361096838631,6
2022-08-30,NVDA,0,0.6526333662195002,6
2022-08-30,PFE,0,0.2629106448313294,6
2022-08-30,PYPL,0,0.6132050628656386,6
2022-08-30,SPY,0,0.03350252932458675,6
2022-08-30,ZM,0,0.5396748128484832,6
2022-08-31,AAPL,0,0.09340788928845715,6
2022-08-31,AMZN,0,0.1944503146688529,6
2022-08-31,GOOGL,0,0.08220548489262593,6
2022-08-31,INTC,0,0.3389173880190642,6
2022-08-31,MSFT,0,0.016773747062429737,6
2022-08-31,NVDA,0,0.6514306250611136,6
2022-08-31,PFE,0,0.6216112156737067,6
2022-08-31,PYPL,0,0.2881114601141363,6
2022-08-31,SPY,0,0.08428980483136611,6
2022-08-31,ZM,0,0.5363729078266395,6
2022-09-01,AAPL,0,0.21456562545261149,6
2022-09-01,AMZN,0,0.5710063321201042,6
2022-09-01,GOOGL,0,0.04742616656688143,6
2022-09-01,INTC,0,0.37570655543943055,6
2022-09-01,MSFT,0,0.13751822933670665,6
2022-09-01,NVDA,0,0.6564374064346277,6
2022-09-01,PFE,0,0.11034679195779012,6
2022-09-01,PYPL,0,0.3834071236740378,6
2022-09-01,SPY,0,0.11996484724746513,6
2022-09-01,ZM,0,0.3290792124526674,6
2022-09-02,AAPL,0,0.4754777242437536,6
2022-09-02,AMZN,0,0.6180001518905757,6
2022-09-02,GOOGL,0,0.05754147583802451,6
2022-09-02,INTC,0,0.35463650637135796,6
2022-09-02,MSFT,0,0.6877877565132924,6
2022-09-02,NVDA,0,0.5581219706840361,6
2022-09-02,PFE,0,0.12951004125197538,6
2022-09-02,PYPL,0,0.2527175433045459,6
2022-09-02,SPY,0,0.5280344612432062,6
2022-09-02,ZM,0,0.588115714110009,6
2022-09-06,AAPL,0,0.5277827967444144,6
2022-09-06,AMZN,0,0.668749805115832,6
2022-09-06,GOOGL,0,0.3899425941048758,6
2022-09-06,INTC,0,0.3661910843892168,6
2022-09-06,MSFT,0,0.7591630060488245,6
2022-09-06,NVDA,0,0.8970714333445355,6
2022-09-06,PFE,0,0.07219762662691873,6
2022-09-06,PYPL,0,0.27930804687165656,6
2022-09-06,SPY,0,0.6114234298156201,6
2022-09-06,ZM,0,0.7995480688158594,6
2022-09-07,AAPL,0,0.657093023790468,6
2022-09-07,AMZN,0,0.4667538079895252,6
2022-09-07,GOOGL,0,0.20121508977617705,6
2022-09-07,INTC,0,0.3980125532579913,6
2022-09-07,MSFT,0,0.8573513350796754,6
2022-09-07,NVDA,0,0.8549893384670926,6
2022-09-07,PFE,0,0.1109145143402255,6
2022-09-07,PYPL,0,0.23156405739267666,6
2022-09-07,SPY,0,0.16222012669796324,6
2022-09-07,ZM,0,0.5403303204329996,6
2022-09-08,AAPL,0,0.691389097782587,6
2022-09-08,AMZN,0,0.5299852623284262,6
2022-09-08,GOOGL,0,0.2899784220861529,6
2022-09-08,INTC,0,0.6265093707678573,6
2022-09-08,MSFT,0,0.887221674156528,6
2022-09-08,NVDA,0,0.6145394492017348,6
2022-09-08,PFE,0,0.16596978917644697,6
2022-09-08,PYPL,0,0.49066053600809384,6
2022-09-08,SPY,0,0.33202814896551025,6
2022-09-08,ZM,0,0.8036065107753239,6
2022-09-09,AAPL,0,0.223713138122053,6
2022-09-09,AMZN,0,0.8315027469449074,6
2022-09-09,GOOGL,0,0.17737234256593004,6
2022-09-09,INTC,0,0.3350006500031308,6
2022-09-09,MSFT,0,0.35262389549126516,6
2022-09-09,NVDA,0,0.52258480645094,6
2022-09-09,PFE,0,0.25641279273842704,6
2022-09-09,PYPL,0,0.28954590156125504,6
2022-09-09,SPY,0,0.40856357548125366,6
2022-09-09,ZM,0,0.6167175160579137,6
2022-09-12,AAPL,0,0.2639096598587769,6
2022-09-12,AMZN,0,0.7441164547569876,6
2022-09-12,GOOGL,0,0.4106571463868896,6
2022-09-12,INTC,0,0.7763333562835707,6
2022-09-12,MSFT,0,0.6137751159884958,6
2022-09-12,NVDA,0,0.7045703205663993,6
2022-09-12,PFE,0,0.35112299656374246,6
2022-09-12,PYPL,0,0.1715180009106504,6
2022-09-12,SPY,0,0.09295680103046446,6
2022-09-12,ZM,0,0.6336587876255594,6
2022-09-13,AAPL,0,0.38369627945785767,6
2022-09-13,AMZN,0,0.6664377694411474,6
2022-09-13,GOOGL,0,0.08516765328886387,6
2022-09-13,INTC,0,0.5143564032461777,6
2022-09-13,MSFT,0,0.1961763255941438,6
2022-09-13,NVDA,0,0.7657936756715907,6
2022-09-13,PFE,0,0.08580255009456128,6
2022-09-13,PYPL,0,0.5033006636745398,6
2022-09-13,SPY,0,0.016242289066806966,6
2022-09-13,ZM,0,0.13344245730564083,6
2022-09-14,AAPL,0,0.06682503627988975,6
2022-09-14,AMZN,0,0.16109782125194955,6
2022-09-14,GOOGL,0,0.11819274383526043,6
2022-09-14,INTC,0,0.187301635812336,6
2022-09-14,MSFT,0,0.048500552009566524,6
2022-09-14,NVDA,0,0.7207000195719464,6
2022-09-14,PFE,0,0.13129589552282678,6
2022-09-14,PYPL,0,0.4251293437809633,6
2022-09-14,SPY,0,0.016082079843495002,6
2022-09-14,ZM,0,0.1416564626954495,6
2022-09-15,AAPL,0,0.07348761289120603,6
2022-09-15,AMZN,0,0.262161457966386,6
2022-09-15,GOOGL,0,0.264444875974145,6
2022-09-15,INTC,0,0.712795002789036,6
2022-09-15,MSFT,0,0.22254746838630535,6
2022-09-15,NVDA,0,0.6024242368440211,6
2022-09-15,PFE,0,0.5485238211812883,6
2022-09-15,PYPL,0,0.5891085566668208,6
2022-09-15,SPY,0,0.13224519937066515,6
2022-09-15,ZM,0,0.31646698327516914,6
2022-09-16,AAPL,0,0.3294508039543662,6
2022-09-16,AMZN,0,0.09381597979502725,6
2022-09-16,GOOGL,0,0.3444347096869097,6
2022-09-16,INTC,0,0.10344794596687219,6
2022-09-16,MSFT,0,0.5065440222801288,6
2022-09-16,NVDA,0,0.23430125610664523,6
2022-09-16,PFE,0,0.20537372375583748,6
2022-09-16,PYPL,0,0.38635731396964373,6
2022-09-16,SPY,0,0.18841362224024438,6
2022-09-16,ZM,0,0.4997395667478747,6
2022-09-19,AAPL,0,0.16658098052810374,6
2022-09-19,AMZN,0,0.22615829637868876,6
2022-09-19,GOOGL,0,0.4674100088735977,6
2022-09-19,INTC,0,0.02876048836744057,6
2022-09-19,MSFT,0,0.5432659087849181,6
2022-09-19,NVDA,0,0.39537141586493135,6
2022-09-19,PFE,0,0.339684970526779,6
2022-09-19,PYPL,0,0.5605048473285018,6
2022-09-19,SPY,0,0.0977201290027207,6
2022-09-19,ZM,0,0.39695674737877656,6
2022-09-20,AAPL,0,0.23575775981702898,6
2022-09-20,AMZN,0,0.213179298759776,6
2022-09-20,GOOGL,0,0.2808094726445933,6
2022-09-20,INTC,0,0.05488076380207754,6
2022-09-20,MSFT,0,0.40411546361171746,6
2022-09-20,NVDA,0,0.5762064694788219,6
2022-09-20,PFE,0,0.5185013168380035,6
2022-09-20,PYPL,0,0.3622334221516413,6
2022-09-20,SPY,0,0.3274095148693328,6
2022-09-20,ZM,0,0.46082010442292026,6
2022-09-21,AAPL,0,0.340091199849568,6
2022-09-21,AMZN,0,0.29724358739259776,6
2022-09-21,GOOGL,0,0.2501101664635796,6
2022-09-21,INTC,0,0.02976069034322183,6
2022-09-21,MSFT,0,0.3441813215959103,6
2022-09-21,NVDA,0,0.6232791833141474,6
2022-09-21,PFE,0,0.2627593992646497,6
2022-09-21,PYPL,0,0.3021867116331661,6
2022-09-21,SPY,0,0.2465055957041431,6
2022-09-21,ZM,0,0.4395317719097531,6
2022-09-22,AAPL,0,0.5550741203337641,6
2022-09-22,AMZN,0,0.27821858767593305,6
2022-09-22,GOOGL,0,0.3663954300349176,6
2022-09-22,INTC,0,0.017790623310807944,6
2022-09-22,MSFT,0,0.5264587570460627,6
2022-09-22,NVDA,0,0.5443937811675515,6
2022-09-22,PFE,0,0.140726103945153,6
2022-09-22,PYPL,0,0.2710849208837996,6
2022-09-22,SPY,0,0.23770335748923138,6
2022-09-22,ZM,0,0.3573081285852272,6
2022-09-23,AAPL,0,0.6611310146343611,6
2022-09-23,AMZN,0,0.3797133664228238,6
2022-09-23,GOOGL,0,0.2442544605468621,6
2022-09-23,INTC,0,0.011992907939450318,6
2022-09-23,MSFT,0,0.45331567976440557,6
2022-09-23,NVDA,0,0.7044175363459333,6
2022-09-23,PFE,0,0.24304381520401747,6
2022-09-23,PYPL,0,0.49061402046638175,6
2022-09-23,SPY,0,0.3086753471228368,6
2022-09-23,ZM,0,0.2268287155599347,6
2022-09-26,AAPL,0,0.5698453150787121,6
2022-09-26,AMZN,0,0.2945020786549492,6
2022-09-26,GOOGL,0,0.28100744144496265,6
2022-09-26,INTC,0,0.026423239138278036,6
2022-09-26,MSFT,0,0.605885440143429,6
2022-09-26,NVDA,0,0.6927139056788789,6
2022-09-26,PFE,0,0.21582486399592993,6
2022-09-26,PYPL,1,0.5006902630508688,6
2022-09-26,SPY,0,0.5264869735976946,6
2022-09-26,ZM,0,0.47187690658812387,6
2022-09-27,AAPL,0,0.15689539546505055,6
2022-09-27,AMZN,1,0.1514557018858499,6
2022-09-27,GOOGL,0,0.1954085062486648,6
2022-09-27,INTC,0,0.025253808940696502,6
2022-09-27,MSFT,0,0.47874267969788686,6
2022-09-27,NVDA,0,0.6953954059340189,6
2022-09-27,PFE,0,0.187769584509841,6
2022-09-27,PYPL,1,0.4879625479745716,6
2022-09-27,SPY,0,0.4302412508838804,6
2022-09-27,ZM,0,0.18740640767372208,6
2022-09-28,AAPL,0,0.264601396917822,6
2022-09-28,AMZN,0,0.26006374737243726,6
2022-09-28,GOOGL,0,0.18134523835640007,6
2022-09-28,INTC,0,0.06817119516148214,6
2022-09-28,MSFT,0,0.22470337986589953,6
2022-09-28,NVDA,0,0.7493882315824534,6
2022-09-28,PFE,0,0.10200082390092668,6
2022-09-28,PYPL,0,0.4066500172830471,6
2022-09-28,SPY,0,0.10335721611576124,6
2022-09-28,ZM,0,0.19396308145568314,6
2022-09-29,AAPL,0,0.4091659629047736,6
2022-09-29,AMZN,0,0.27685909928921004,6
2022-09-29,GOOGL,0,0.3085461772096684,6
2022-09-29,INTC,0,0.1826853728430848,6
2022-09-29,MSFT,0,0.6389271331552483,6
2022-09-29,NVDA,1,0.8567480963743965,6
2022-09-29,PFE,0,0.0659651459969927,6
2022-09-29,PYPL,0,0.4340956174174746,6
2022-09-29,SPY,0,0.4404176209777173,6
2022-09-29,ZM,0,0.3468148204341618,6
2022-09-30,AAPL,0,0.5327439029999951,6
2022-09-30,AMZN,1,0.38813437879561663,6
2022-09-30,GOOGL,0,0.3132789015043451,6
2022-09-30,INTC,0,0.08955769758595138,6
2022-09-30,MSFT,0,0.6229752777663149,6
2022-09-30,NVDA,1,0.7918828748622685,6
2022-09-30,PFE,0,0.15382592689163294,6
2022-09-30,PYPL,1,0.5365345980145498,6
2022-09-30,SPY,0,0.28711037019862234,6
2022-09-30,ZM,0,0.29172767637331054,6
2022-10-03,AAPL,0,0.4998670635488012,6
2022-10-03,AMZN,0,0.44685507379041567,6
2022-10-03,GOOGL,0,0.5090969269975845,6
2022-10-03,INTC,0,0.13564464648374633,6
2022-10-03,MSFT,0,0.452585935573579,6
2022-10-03,NVDA,0,0.2042003200971515,6
2022-10-03,PFE,0,0.12829390506664862,6
2022-10-03,PYPL,1,0.5487748088344133,6
2022-10-03,SPY,0,0.06168214681445542,6
2022-10-03,ZM,0,0.22044716826115635,6
2022-10-04,AAPL,0,0.3498640173738285,6
2022-10-04,AMZN,0,0.19634706353706693,6
2022-10-04,GOOGL,0,0.5621014800812445,6
2022-10-04,INTC,0,0.26147402909935413,6
2022-10-04,MSFT,0,0.7944187228504866,6
2022-10-04,NVDA,0,0.1154487453147017,6
2022-10-04,PFE,0,0.24930794866086875,6
2022-10-04,PYPL,0,0.5645185826375441,6
2022-10-04,SPY,0,0.02482718709055341,6
2022-10-04,ZM,0,0.37684005936205983,6
2022-10-05,AAPL,0,0.3073983677173765,6
2022-10-05,AMZN,0,0.1683710816968636,6
2022-10-05,GOOGL,0,0.6000588404780512,6
2022-10-05,INTC,0,0.6490673222801688,6
2022-10-05,MSFT,0,0.3884860476397506,6
2022-10-05,NVDA,0,0.14209627350286408,6
2022-10-05,PFE,0,0.44077155031452697,6
2022-10-05,PYPL,0,0.7056377795524568,6
2022-10-05,SPY,0,0.20206108006671022,6
2022-10-05,ZM,0,0.2799593917942187,6
2022-10-06,AAPL,0,0.4877963185313002,6
2022-10-06,AMZN,0,0.17080848588825975,6
2022-10-06,GOOGL,0,0.3148028576730188,6
2022-10-06,INTC,0,0.3891531913224011,6
2022-10-06,MSFT,0,0.5860105169160476,6
2022-10-06,NVDA,0,0.775577727641821,6
2022-10-06,PFE,0,0.08454712928295033,6
2022-10-06,PYPL,0,0.6557027285126776,6
2022-10-06,SPY,0,0.12780447694844113,6
2022-10-06,ZM,0,0.2798642636454415,6
2022-10-07,AAPL,0,0.6022649095886312,6
2022-10-07,AMZN,0,0.3064758466764658,6
2022-10-07,GOOGL,0,0.31855457531172787,6
2022-10-07,INTC,0,0.29619049174855056,6
2022-10-07,MSFT,0,0.3064636720793915,6
2022-10-07,NVDA,0,0.867153609232603,6
2022-10-07,PFE,0,0.20354580400477845,6
2022-10-07,PYPL,0,0.6264816339336102,6
2022-10-07,SPY,0,0.008571520226597022,6
2022-10-07,ZM,0,0.10704251199591,6
2022-10-10,AAPL,0,0.10258060531124803,6
2022-10-10,AMZN,0,0.1843272371016326,6
2022-10-10,GOOGL,0,0.6165601508155586,6
2022-10-10,INTC,0,0.23366889901101764,6
2022-10-10,MSFT,0,0.03932444863507989,6
2022-10-10,NVDA,0,0.7258544085538682,6
2022-10-10,PFE,0,0.3060938554951323,6
2022-10-10,PYPL,0,0.6231670085554862,6
2022-10-10,SPY,0,0.020206815754038387,6
2022-10-10,ZM,0,0.2992187396234137,6
2022-10-11,AAPL,0,0.14781678902289314,6
2022-10-11,AMZN,0,0.18697011003167918,6
2022-10-11,GOOGL,0,0.3485021883352593,6
2022-10-11,INTC,0,0.11333836733210496,6
2022-10-11,MSFT,0,0.06324742745091624,6
2022-10-11,NVDA,0,0.5752919063017822,6
2022-10-11,PFE,0,0.2714015533327535,6
2022-10-11,PYPL,0,0.7006017824644215,6
2022-10-11,SPY,0,0.02677603763540687,6
2022-10-11,ZM,0,0.3853472245444205,6
2022-10-12,AAPL,0,0.2347253786702478,6
2022-10-12,AMZN,0,0.2127148946799498,6
2022-10-12,GOOGL,0,0.4680135804298059,6
2022-10-12,INTC,0,0.012069026741169726,6
2022-10-12,MSFT,0,0.22025544448293952,6
2022-10-12,NVDA,0,0.6697524186854292,6
2022-10-12,PFE,0,0.07722291835929564,6
2022-10-12,PYPL,0,0.47407529699305867,6
2022-10-12,SPY,0,0.10166680082584784,6
2022-10-12,ZM,0,0.2175846848680284,6
2022-10-13,AAPL,0,0.2888713682857636,6
2022-10-13,AMZN,0,0.1607242524121566,6
2022-10-13,GOOGL,0,0.3298468753533344,6
2022-10-13,INTC,0,0.0407997457296625,6
2022-10-13,MSFT,0,0.4132323930656259,6
2022-10-13,NVDA,0,0.17430100199513873,6
2022-10-13,PFE,0,0.14310516936024578,6
2022-10-13,PYPL,0,0.7424031837233246,6
2022-10-13,SPY,0,0.02914312251784361,6
2022-10-13,ZM,0,0.3104196765954418,6
2022-10-14,AAPL,0,0.13961755066890508,6
2022-10-14,AMZN,1,0.05106118907778577,6
2022-10-14,GOOGL,0,0.13135210348509402,6
2022-10-14,INTC,0,0.030505358886248807,6
2022-10-14,MSFT,0,0.1706541903287578,6
2022-10-14,NVDA,1,0.2929258480617784,6
2022-10-14,PFE,0,0.5545821867358425,6
2022-10-14,PYPL,0,0.4941954427432294,6
2022-10-14,SPY,0,0.02326537075235254,6
2022-10-14,ZM,1,0.14380169759399344,6
2022-10-17,AAPL,0,0.11687676586405894,6
2022-10-17,AMZN,0,0.04512422199612272,6
2022-10-17,GOOGL,0,0.531752851584867,6
2022-10-17,INTC,0,0.03684459454361451,6
2022-10-17,MSFT,0,0.13694776931247096,6
2022-10-17,NVDA,0,0.0809840685536849,6
2022-10-17,PFE,0,0.02775055230815708,6
2022-10-17,PYPL,0,0.5610514677430892,6
2022-10-17,SPY,0,0.006834942835414698,6
2022-10-17,ZM,0,0.06441823088326476,6
2022-10-18,AAPL,0,0.03195420771743657,6
2022-10-18,AMZN,0,0.025272150631501775,6
2022-10-18,GOOGL,0,0.49206568896859904,6
2022-10-18,INTC,0,0.048789185716306804,6
2022-10-18,MSFT,0,0.034032835488747686,6
2022-10-18,NVDA,0,0.28951614048662844,6
2022-10-18,PFE,0,0.037250467484339835,6
2022-10-18,PYPL,0,0.47411869950890584,6
2022-10-18,SPY,0,0.004789707045222354,6
2022-10-18,ZM,0,0.2696604956082134,6
2022-10-19,AAPL,0,0.11362743133669659,6
2022-10-19,AMZN,0,0.12528437238078372,6
2022-10-19,GOOGL,0,0.5587037508083832,6
2022-10-19,INTC,0,0.04317990612047257,6
2022-10-19,MSFT,0,0.0679226644667811,6
2022-10-19,NVDA,1,0.23497048175503288,6
2022-10-19,PFE,0,0.20679543977141926,6
2022-10-19,PYPL,0,0.6376173959375107,6
2022-10-19,SPY,0,0.016289141586361605,6
2022-10-19,ZM,1,0.1884119546284474,6
2022-10-20,AAPL,0,0.04689139569055826,6
2022-10-20,AMZN,0,0.13317514617147397,6
2022-10-20,GOOGL,0,0.12844439280365585,6
2022-10-20,INTC,0,0.034410161951045785,6
2022-10-20,MSFT,0,0.1563686159718991,6
2022-10-20,NVDA,1,0.24439145874845483,6
2022-10-20,PFE,0,0.4583208872063437,6
2022-10-20,PYPL,0,0.2962535235446012,6
2022-10-20,SPY,0,0.027245269237732992,6
2022-10-20,ZM,0,0.15507573221735077,6
2022-10-21,AAPL,0,0.08652476227343191,6
2022-10-21,AMZN,0,0.16272607155296484,6
2022-10-21,GOOGL,0,0.33412981751734944,6
2022-10-21,INTC,0,0.13947770999686468,6
2022-10-21,MSFT,0,0.2857739456804322,6
2022-10-21,NVDA,1,0.09113418997207373,6
2022-10-21,PFE,0,0.42816912376411354,6
2022-10-21,PYPL,0,0.389667160007762,6
2022-10-21,SPY,0,0.016891523584525368,6
2022-10-21,ZM,0,0.20922484056628698,6
2022-10-24,AAPL,0,0.11501260616807613,6
2022-10-24,AMZN,0,0.09131339630486596,6
2022-10-24,GOOGL,0,0.5396841763548751,6
2022-10-24,INTC,0,0.00899454741654378,6
2022-10-24,MSFT,0,0.12892451752242626,6
2022-10-24,NVDA,1,0.3265109789717278,6
2022-10-24,PFE,0,0.4301393248365506,6
2022-10-24,PYPL,1,0.3523925647791101,6
2022-10-24,SPY,0,0.029253362890620256,6
2022-10-24,ZM,0,0.625524060281522,6
2022-10-25,AAPL,0,0.06442354377239437,6
2022-10-25,AMZN,0,0.13145476970538722,6
2022-10-25,GOOGL,0,0.41710636671208945,6
2022-10-25,INTC,0,0.015144518523886943,6
2022-10-25,MSFT,0,0.1657570571225664,6
2022-10-25,NVDA,0,0.23655174422275313,6
2022-10-25,PFE,0,0.2816705777555855,6
2022-10-25,PYPL,0,0.6950286780151306,6
2022-10-25,SPY,0,0.026630012398081156,6
2022-10-25,ZM,0,0.40668175262014855,6
2022-10-26,AAPL,0,0.27540269326161254,6
2022-10-26,AMZN,0,0.055059990716363506,6
2022-10-26,GOOGL,0,0.46783198280259203,6
2022-10-26,INTC,0,0.08848762665703637,6
2022-10-26,MSFT,0,0.05054978119302854,6
2022-10-26,NVDA,0,0.17767242933991662,6
2022-10-26,PFE,0,0.02237182487798031,6
2022-10-26,PYPL,0,0.30667145725239325,6
2022-10-26,SPY,0,0.005548137551709279,6
2022-10-26,ZM,0,0.054072282451700086,6
2022-10-27,AAPL,0,0.1842476861342335,6
2022-10-27,AMZN,0,0.02050760382130698,6
2022-10-27,GOOGL,0,0.3672007648055801,6
2022-10-27,INTC,0,0.04492999976550945,6
2022-10-27,MSFT,0,0.01782765383728602,6
2022-10-27,NVDA,0,0.11921361155527918,6
2022-10-27,PFE,0,0.014560367100194255,6
2022-10-27,PYPL,0,0.2962783421067114,6
2022-10-27,SPY,0,0.00898515023387861,6
2022-10-27,ZM,0,0.13801926629006864,6
2022-10-28,AAPL,0,0.11466494037136216,6
2022-10-28,AMZN,0,0.043221049666536816,6
2022-10-28,GOOGL,0,0.35424762197810533,6
2022-10-28,INTC,0,0.000808015226893224,6
2022-10-28,MSFT,0,0.02859785511047581,6
2022-10-28,NVDA,0,0.0028357893668686115,6
2022-10-28,PFE,0,0.0036360468840972472,6
2022-10-28,PYPL,0,0.34105720678399015,6
2022-10-28,SPY,0,0.01058179018400109,6
2022-10-28,ZM,0,0.005355780203687351,6
2022-10-31,AAPL,0,0.06397741681226378,6
2022-10-31,AMZN,0,0.07011580513627937,6
2022-10-31,GOOGL,0,0.4332059195914667,6
2022-10-31,INTC,0,0.0047175524862416475,6
2022-10-31,MSFT,0,0.03826193131518601,6
2022-10-31,NVDA,0,0.0700571176029892,6
2022-10-31,PFE,0,0.004231085317602075,6
2022-10-31,PYPL,0,0.4056954869766995,6
2022-10-31,SPY,0,0.014860813859734652,6
2022-10-31,ZM,0,0.023352688475168932,6
2022-11-01,AAPL,0,0.011023903064446273,6
2022-11-01,AMZN,0,0.07495480819452834,6
2022-11-01,GOOGL,0,0.4855985354058561,6
2022-11-01,INTC,0,0.04120528403875712,6
2022-11-01,MSFT,0,0.028348255082928212,6
2022-11-01,NVDA,0,0.039728057373686294,6
2022-11-01,PFE,0,0.005716956304966884,6
2022-11-01,PYPL,0,0.21447658444950315,6
2022-11-01,SPY,0,0.014973057584645715,6
2022-11-01,ZM,0,0.059629954308484785,6
2022-11-02,AAPL,0,0.07027185118470021,6
2022-11-02,AMZN,0,0.15623484939117152,6
2022-11-02,GOOGL,0,0.5029647027521357,6
2022-11-02,INTC,0,0.03705748679002058,6
2022-11-02,MSFT,0,0.011023904520931981,6
2022-11-02,NVDA,1,0.04089029483983076,6
2022-11-02,PFE,0,0.014035975971216644,6
2022-11-02,PYPL,0,0.21338071162928032,6
2022-11-02,SPY,0,0.006572743040557725,6
2022-11-02,ZM,0,0.18911570391596944,6
2022-11-03,AAPL,0,0.07563525979201688,6
2022-11-03,AMZN,0,0.4958341783909642,6
2022-11-03,GOOGL,1,0.5682597080943621,6
2022-11-03,INTC,0,0.02193223165380283,6
2022-11-03,MSFT,1,0.012193248258722452,6
2022-11-03,NVDA,1,0.022869011671185806,6
2022-11-03,PFE,0,0.07981373977175565,6
2022-11-03,PYPL,0,0.1168297739059862,6
2022-11-03,SPY,0,0.003208579483149012,6
2022-11-03,ZM,0,0.16380685018122934,6
2022-11-04,AAPL,0,0.12755939005200012,6
2022-11-04,AMZN,0,0.2454288137299139,6
2022-11-04,GOOGL,1,0.7088907797982221,6
2022-11-04,INTC,0,0.052614954012000455,6
2022-11-04,MSFT,0,0.010065244833705484,6
2022-11-04,NVDA,1,0.009742463151248635,6
2022-11-04,PFE,0,0.016431122140919244,6
2022-11-04,PYPL,1,0.06436052951091688,6
2022-11-04,SPY,0,0.00195323829031892,6
2022-11-04,ZM,0,0.2106143253396221,6
2022-11-07,AAPL,0,0.022899479099563965,6
2022-11-07,AMZN,0,0.5447585624631173,6
2022-11-07,GOOGL,0,0.453141676135504,6
2022-11-07,INTC,0,0.01468761397613114,6
2022-11-07,MSFT,0,0.030100451556135725,6
2022-11-07,NVDA,1,0.041136890857310315,6
2022-11-07,PFE,0,0.14533524759736363,6
2022-11-07,PYPL,1,0.17119457616380768,6
2022-11-07,SPY,0,0.0034258226638916823,6
2022-11-07,ZM,0,0.4732506278234799,6
2022-11-08,AAPL,0,0.14539415349451765,6
2022-11-08,AMZN,1,0.782759111619409,6
2022-11-08,GOOGL,1,0.8008522912336038,6
2022-11-08,INTC,0,0.023306342724669582,6
2022-11-08,MSFT,0,0.06299427578566241,6
2022-11-08,NVDA,0,0.050191955052062094,6
2022-11-08,PFE,0,0.02175938086152858,6
2022-11-08,PYPL,1,0.20872596980420183,6
2022-11-08,SPY,0,0.0013517577461246667,6
2022-11-08,ZM,0,0.5333189906514486,6
2022-11-09,AAPL,1,0.20795397901991788,6
2022-11-09,AMZN,1,0.891243105553782,6
2022-11-09,GOOGL,1,0.7365916904968388,6
2022-11-09,INTC,1,0.05883417528285819,6
2022-11-09,MSFT,0,0.03671992976782231,6
2022-11-09,NVDA,1,0.3653195595330935,6
2022-11-09,PFE,0,0.15338373278603326,6
2022-11-09,PYPL,1,0.2174566533951026,6
2022-11-09,SPY,0,0.009377308486112994,6
2022-11-09,ZM,1,0.1864156318844232,6
2022-11-10,AAPL,0,0.062142910950508785,6
2022-11-10,AMZN,0,0.118480988841919,6
2022-11-10,GOOGL,0,0.5473650304318652,6
2022-11-10,INTC,0,0.020214370458206527,6
2022-11-10,MSFT,0,0.016993033570565207,6
2022-11-10,NVDA,0,0.0012821586434014808,6
2022-11-10,PFE,0,0.011111775501488676,6
2022-11-10,PYPL,0,0.01873521673719197,6
2022-11-10,SPY,0,0.004145184817586442,6
2022-11-10,ZM,0,0.031131783929727184,6
2022-11-11,AAPL,0,0.02972982102589265,6
2022-11-11,AMZN,0,0.11091403425800796,6
2022-11-11,GOOGL,0,0.6136781579339109,6
2022-11-11,INTC,0,0.02885779222911477,6
2022-11-11,MSFT,0,0.020720265643883875,6
2022-11-11,NVDA,0,0.0012781907421768428,6
2022-11-11,PFE,0,0.010784233592136441,6
2022-11-11,PYPL,0,0.007480575912108483,6
2022-11-11,SPY,0,0.0024934950490095487,6
2022-11-11,ZM,0,0.010118126338944829,6
2022-11-14,AAPL,0,0.014826924196765434,6
2022-11-14,AMZN,0,0.10523304436244436,6
2022-11-14,GOOGL,0,0.29481436589330545,6
2022-11-14,INTC,0,0.04135979762786779,6
2022-11-14,MSFT,0,0.005783004189238274,6
2022-11-14,NVDA,0,0.0022847794616908134,6
2022-11-14,PFE,0,0.0010096443239380679,6
2022-11-14,PYPL,0,0.003915207831366713,6
2022-11-14,SPY,0,0.0013572794093633087,6
2022-11-14,ZM,0,0.013713630462708366,6
2022-11-15,AAPL,0,0.014950817563530948,6
2022-11-15,AMZN,0,0.10401159950749363,6
2022-11-15,GOOGL,0,0.3807737193941722,6
2022-11-15,INTC,0,0.0070349509702468385,6
2022-11-15,MSFT,0,0.004035053525424523,6
2022-11-15,NVDA,0,0.0012133733995876234,6
2022-11-15,PFE,0,0.006521701331627327,6
2022-11-15,PYPL,0,0.003829954024173262,6
2022-11-15,SPY,0,0.0010130483100665693,6
2022-11-15,ZM,0,0.01197025507022216,6
2022-11-16,AAPL,0,0.004683074763378064,6
2022-11-16,AMZN,0,0.09231198407469471,6
2022-11-16,GOOGL,0,0.13334923763111117,6
2022-11-16,INTC,0,0.027034952943306993,6
2022-11-16,MSFT,0,0.0016662709622120245,6
2022-11-16,NVDA,0,0.0033575170275322763,6
2022-11-16,PFE,0,0.002788618052791595,6
2022-11-16,PYPL,0,0.002495754949494128,6
2022-11-16,SPY,0,0.008012442392426274,6
2022-11-16,ZM,0,0.009837648892549388,6
2022-11-17,AAPL,0,0.007559593451190197,6
2022-11-17,AMZN,0,0.14629026529693165,6
2022-11-17,GOOGL,0,0.37758821300651113,6
2022-11-17,INTC,0,0.01695282333987921,6
2022-11-17,MSFT,0,0.005395337574985071,6
2022-11-17,NVDA,0,0.0024239491464303005,6
2022-11-17,PFE,0,0.0029493686930488687,6
2022-11-17,PYPL,0,0.0035755099768927175,6
2022-11-17,SPY,0,0.015761063965804793,6
2022-11-17,ZM,0,0.06698735391501587,6
2022-11-18,AAPL,0,0.038717385948226324,6
2022-11-18,AMZN,0,0.6887972769341327,6
2022-11-18,GOOGL,0,0.7457174472531661,6
2022-11-18,INTC,0,0.1050005113325558,6
2022-11-18,MSFT,0,0.02781940610253837,6
2022-11-18,NVDA,0,0.0996980093968099,6
2022-11-18,PFE,0,0.09689646786147484,6
2022-11-18,PYPL,0,0.06015440414717476,6
2022-11-18,SPY,0,0.00913514042153376,6
2022-11-18,ZM,0,0.10072567238804075,6
2022-11-21,AAPL,0,0.020409425947461507,6
2022-11-21,AMZN,0,0.6051851130209238,6
2022-11-21,GOOGL,0,0.6259398747965964,6
2022-11-21,INTC,0,0.20456063717884274,6
2022-11-21,MSFT,0,0.004526951897846946,6
2022-11-21,NVDA,0,0.1619452364431582,6
2022-11-21,PFE,0,0.05225392119644007,6
2022-11-21,PYPL,0,0.055556902589229844,6
2022-11-21,SPY,0,0.009321175183528983,6
2022-11-21,ZM,0,0.03419140206231715,6
2022-11-22,AAPL,0,0.023495894520803532,6
2022-11-22,AMZN,0,0.771577269703602,6
2022-11-22,GOOGL,0,0.559581925738337,6
2022-11-22,INTC,0,0.46341854401906163,6
2022-11-22,MSFT,0,0.009120218299090856,6
2022-11-22,NVDA,0,0.025829111186432198,6
2022-11-22,PFE,0,0.021100718864327156,6
2022-11-22,PYPL,0,0.1840792236134119,6
2022-11-22,SPY,0,0.014217521029094638,6
2022-11-22,ZM,0,0.1325716989976406,6
2022-11-23,AAPL,0,0.01423583150366827,6
2022-11-23,AMZN,0,0.39632634494839925,6
2022-11-23,GOOGL,0,0.05752430037813324,6
2022-11-23,INTC,0,0.25666665962059604,6
2022-11-23,MSFT,0,0.005228132581137219,6
2022-11-23,NVDA,0,0.030464961501551355,6
2022-11-23,PFE,0,0.11818681472870676,6
2022-11-23,PYPL,0,0.37754836477680126,6
2022-11-23,SPY,0,0.002154866485642589,6
2022-11-23,ZM,0,0.31594377760111575,6
2022-11-25,AAPL,0,0.025204065131647604,6
2022-11-25,AMZN,0,0.616495335801659,6
2022-11-25,GOOGL,0,0.13936736450266923,6
2022-11-25,INTC,0,0.4479430620428479,6
2022-11-25,MSFT,0,0.0033814888878161376,6
2022-11-25,NVDA,0,0.24109970423843946,6
2022-11-25,PFE,0,0.1796094893779267,6
2022-11-25,PYPL,0,0.1560638604472581,6
2022-11-25,SPY,0,0.0024411303071380044,6
2022-11-25,ZM,0,0.31422595908525214,6
2022-11-28,AAPL,0,0.08972404821187425,6
2022-11-28,AMZN,0,0.6188279767672934,6
2022-11-28,GOOGL,0,0.5874949206877645,6
2022-11-28,INTC,0,0.0861940915166745,6
2022-11-28,MSFT,0,0.09421644199801145,6
2022-11-28,NVDA,0,0.053102932643052075,6
2022-11-28,PFE,0,0.1253628768388561,6
2022-11-28,PYPL,0,0.5745949370181711,6
2022-11-28,SPY,0,0.16181452873708826,6
2022-11-28,ZM,1,0.48304270216553524,6
2022-11-29,AAPL,0,0.06312966387557985,6
2022-11-29,AMZN,0,0.5639252906287129,6
2022-11-29,GOOGL,0,0.5399357339097823,6
2022-11-29,INTC,0,0.302829035181863,6
2022-11-29,MSFT,0,0.11402688003618339,6
2022-11-29,NVDA,1,0.5191698547075392,6
2022-11-29,PFE,0,0.5908980698588403,6
2022-11-29,PYPL,0,0.1607323442512091,6
2022-11-29,SPY,0,0.18983288596134087,6
2022-11-29,ZM,1,0.6361224621238444,6
2022-11-30,AAPL,0,0.1876055447539501,6
2022-11-30,AMZN,0,0.5382306495478665,6
2022-11-30,GOOGL,0,0.08050819060453623,6
2022-11-30,INTC,0,0.3915331338869739,6
2022-11-30,MSFT,0,0.01804503096266724,6
2022-11-30,NVDA,0,0.08719076745065142,6
2022-11-30,PFE,0,0.004960199802482585,6
2022-11-30,PYPL,0,0.07549382534432313,6
2022-11-30,SPY,0,0.0021122866790301703,6
2022-11-30,ZM,0,0.17418529179804415,6
2022-12-01,AAPL,0,0.097009087976202,6
2022-12-01,AMZN,0,0.7349204702829777,6
2022-12-01,GOOGL,0,0.5039750688180578,6
2022-12-01,INTC,0,0.13687256271080114,6
2022-12-01,MSFT,0,0.24291690278220046,6
2022-12-01,NVDA,0,0.440851064416013,6
2022-12-01,PFE,0,0.012799626280035085,6
2022-12-01,PYPL,0,0.18119884358992977,6
2022-12-01,SPY,0,0.01007468794220192,6
2022-12-01,ZM,0,0.43670175117946575,6
2022-12-02,AAPL,0,0.10873153187829436,6
2022-12-02,AMZN,0,0.668114513247335,6
2022-12-02,GOOGL,0,0.2750901791438964,6
2022-12-02,INTC,0,0.3467122564609096,6
2022-12-02,MSFT,0,0.057611080089223936,6
2022-12-02,NVDA,0,0.14548186725352605,6
2022-12-02,PFE,0,0.11217607487149042,6
2022-12-02,PYPL,0,0.3507340614067272,6
2022-12-02,SPY,0,0.005022398017604485,6
2022-12-02,ZM,0,0.2751947757564708,6
2022-12-05,AAPL,0,0.10669919253776418,6
2022-12-05,AMZN,0,0.4512592994081529,6
2022-12-05,GOOGL,0,0.23364011281292266,6
2022-12-05,INTC,0,0.24163650515144114,6
2022-12-05,MSFT,0,0.06800185691210786,6
2022-12-05,NVDA,0,0.15889372437671007,6
2022-12-05,PFE,0,0.4052529939033684,6
2022-12-05,PYPL,0,0.33130108308141965,6
2022-12-05,SPY,0,0.007547792409344661,6
2022-12-05,ZM,0,0.29231334635562084,6
2022-12-06,AAPL,0,0.08025978042204089,6
2022-12-06,AMZN,0,0.3462600396919582,6
2022-12-06,GOOGL,0,0.1563596744895875,6
2022-12-06,INTC,0,0.07560982370281434,6
2022-12-06,MSFT,0,0.2257868546826208,6
2022-12-06,NVDA,1,0.07033652965007507,6
2022-12-06,PFE,0,0.036572792068665344,6
2022-12-06,PYPL,0,0.23631875672976047,6
2022-12-06,SPY,0,0.017014626373751725,6
2022-12-06,ZM,1,0.20864642411966527,6
2022-12-07,AAPL,0,0.10484218517822787,6
2022-12-07,AMZN,0,0.4520208560624125,6
2022-12-07,GOOGL,0,0.1835123792053627,6
2022-12-07,INTC,0,0.10249639485903163,6
2022-12-07,MSFT,0,0.8198119817297753,6
2022-12-07,NVDA,1,0.36018572645537006,6
2022-12-07,PFE,0,0.4879515413676081,6
2022-12-07,PYPL,0,0.3485792277770388,6
2022-12-07,SPY,0,0.08296051678197067,6
2022-12-07,ZM,1,0.41214650265840486,6
2022-12-08,AAPL,0,0.09448058683663342,6
2022-12-08,AMZN,0,0.37561480630789135,6
2022-12-08,GOOGL,0,0.43309858527071265,6
2022-12-08,INTC,0,0.03870809822631564,6
2022-12-08,MSFT,0,0.40416451661697267,6
2022-12-08,NVDA,0,0.3365257064407013,6
2022-12-08,PFE,0,0.14292488768455433,6
2022-12-08,PYPL,0,0.33029000088602867,6
2022-12-08,SPY,0,0.012938287210014245,6
2022-12-08,ZM,0,0.68088555795051,6
2022-12-09,AAPL,0,0.20561587046050658,6
2022-12-09,AMZN,0,0.5647997299304518,6
2022-12-09,GOOGL,0,0.4018424956596227,6
2022-12-09,INTC,0,0.09698858216054791,6
2022-12-09,MSFT,0,0.4796340420484707,6
2022-12-09,NVDA,1,0.3197820995322113,6
2022-12-09,PFE,0,0.6850726192008898,6
2022-12-09,PYPL,0,0.2708699492934428,6
2022-12-09,SPY,0,0.0461755133481846,6
2022-12-09,ZM,1,0.6489683875603872,6
2022-12-12,AAPL,0,0.06228045360566272,6
2022-12-12,AMZN,0,0.44064814629704485,6
2022-12-12,GOOGL,0,0.283236027449771,6
2022-12-12,INTC,0,0.0356338689777196,6
2022-12-12,MSFT,0,0.3907577048831114,6
2022-12-12,NVDA,0,0.5261895502426703,6
2022-12-12,PFE,0,0.659044815486978,6
2022-12-12,PYPL,0,0.39081813725504183,6
2022-12-12,SPY,0,0.007955364104879733,6
2022-12-12,ZM,0,0.664194986707207,6
2022-12-13,AAPL,0,0.12515288302500388,6
2022-12-13,AMZN,0,0.3391819023211658,6
2022-12-13,GOOGL,0,0.2748327126403661,6
2022-12-13,INTC,0,0.07305987497038531,6
2022-12-13,MSFT,0,0.339647760920588,6
2022-12-13,NVDA,0,0.5211035891036848,6
2022-12-13,PFE,0,0.7131948500874846,6
2022-12-13,PYPL,0,0.38775635231828914,6
2022-12-13,SPY,0,0.017516172492858643,6
2022-12-13,ZM,0,0.6366371880701845,6
2022-12-14,AAPL,0,0.13987943238542663,6
2022-12-14,AMZN,0,0.36761507337843147,6
2022-12-14,GOOGL,0,0.36894186911050597,6
2022-12-14,INTC,0,0.15428232714403756,6
2022-12-14,MSFT,0,0.5680688624731253,6
2022-12-14,NVDA,0,0.036927817247827774,6
2022-12-14,PFE,0,0.7045976202195593,6
2022-12-14,PYPL,0,0.3519374740217159,6
2022-12-14,SPY,0,0.06949758648267128,6
2022-12-14,ZM,0,0.584418436644469,6
2022-12-15,AAPL,0,0.19175260547848397,6
2022-12-15,AMZN,0,0.3422001705118644,6
2022-12-15,GOOGL,0,0.22463448993804996,6
2022-12-15,INTC,0,0.06139191829397352,6
2022-12-15,MSFT,0,0.7403572634564439,6
2022-12-15,NVDA,0,0.20510009115112834,6
2022-12-15,PFE,0,0.46429179080526284,6
2022-12-15,PYPL,0,0.5343908393168223,6
2022-12-15,SPY,0,0.246878054886252,6
2022-12-15,ZM,0,0.48792441192893377,6
2022-12-16,AAPL,0,0.2901236889285149,6
2022-12-16,AMZN,0,0.5744780105284679,6
2022-12-16,GOOGL,0,0.32807194380789556,6
2022-12-16,INTC,0,0.09609130928314882,6
2022-12-16,MSFT,0,0.6010238888460608,6
2022-12-16,NVDA,0,0.06773666515365949,6
2022-12-16,PFE,0,0.3502053140991717,6
2022-12-16,PYPL,0,0.4459309530208057,6
2022-12-16,SPY,0,0.24548347063244827,6
2022-12-16,ZM,0,0.5311713599521949,6
2022-12-19,AAPL,0,0.17646121191442002,6
2022-12-19,AMZN,0,0.34585114310247206,6
2022-12-19,GOOGL,0,0.18752928948944217,6
2022-12-19,INTC,0,0.0931284023331434,6
2022-12-19,MSFT,0,0.5359079778322863,6
2022-12-19,NVDA,0,0.08217395383079752,6
2022-12-19,PFE,0,0.6506084221406324,6
2022-12-19,PYPL,0,0.46079720665088575,6
2022-12-19,SPY,0,0.17245082506938622,6
2022-12-19,ZM,0,0.53700807785756,6
2022-12-20,AAPL,0,0.5967808524590456,6
2022-12-20,AMZN,0,0.4460431936801155,6
2022-12-20,GOOGL,0,0.5489482081589909,6
2022-12-20,INTC,0,0.051714470311294544,6
2022-12-20,MSFT,0,0.756885818183846,6
2022-12-20,NVDA,0,0.4056029598293164,6
2022-12-20,PFE,0,0.774005455988973,6
2022-12-20,PYPL,0,0.8013687353370964,6
2022-12-20,SPY,0,0.041416267541515436,6
2022-12-20,ZM,0,0.7284866021998828,6
2022-12-21,AAPL,0,0.07161610976167923,6
2022-12-21,AMZN,0,0.544777856269473,6
2022-12-21,GOOGL,0,0.5707077925548026,6
2022-12-21,INTC,0,0.049801114042553184,6
2022-12-21,MSFT,0,0.659071513492861,6
2022-12-21,NVDA,0,0.4308095919708084,6
2022-12-21,PFE,0,0.45861925794467057,6
2022-12-21,PYPL,0,0.7247247326965371,6
2022-12-21,SPY,0,0.018836747060632018,6
2022-12-21,ZM,0,0.35468397435360904,6
2022-12-22,AAPL,0,0.13308778375001562,6
2022-12-22,AMZN,0,0.4128240665399141,6
2022-12-22,GOOGL,0,0.4212708644262364,6
2022-12-22,INTC,0,0.12511144176979422,6
2022-12-22,MSFT,0,0.714251547569811,6
2022-12-22,NVDA,0,0.5300083518747046,6
2022-12-22,PFE,0,0.6859404079599167,6
2022-12-22,PYPL,0,0.6963987992535583,6
2022-12-22,SPY,0,0.16902281564985439,6
2022-12-22,ZM,0,0.6743818893496253,6
2022-12-23,AAPL,0,0.3627371243146722,6
2022-12-23,AMZN,0,0.591021260250498,6
2022-12-23,GOOGL,0,0.3518347769010432,6
2022-12-23,INTC,0,0.05729224101373625,6
2022-12-23,MSFT,0,0.6856997115704595,6
2022-12-23,NVDA,0,0.4746032452361752,6
2022-12-23,PFE,0,0.6295809849869313,6
2022-12-23,PYPL,1,0.5983767996563104,6
2022-12-23,SPY,0,0.11042561442552834,6
2022-12-23,ZM,0,0.7026512376515324,6
2022-12-27,AAPL,0,0.3199178408789615,6
2022-12-27,AMZN,0,0.7586260337106762,6
2022-12-27,GOOGL,0,0.3946960533877576,6
2022-12-27,INTC,0,0.08458843115646361,6
2022-12-27,MSFT,0,0.733075821987575,6
2022-12-27,NVDA,0,0.7329874395345264,6
2022-12-27,PFE,0,0.5799997365971515,6
2022-12-27,PYPL,1,0.7538120119679221,6
2022-12-27,SPY,0,0.242829528510803,6
2022-12-27,ZM,0,0.6323906504631364,6
2022-12-28,AAPL,0,0.45972648459693216,6
2022-12-28,AMZN,0,0.8022888931515564,6
2022-12-28,GOOGL,0,0.4962057553026781,6
2022-12-28,INTC,1,0.06013632069515525,6
2022-12-28,MSFT,0,0.6998262955340978,6
2022-12-28,NVDA,0,0.6555249168066811,6
2022-12-28,PFE,0,0.512026716610162,6
2022-12-28,PYPL,1,0.7990395729179256,6
2022-12-28,SPY,0,0.24389814668681636,6
2022-12-28,ZM,0,0.616212794538699,6
2022-12-29,AAPL,0,0.5042850228143382,6
2022-12-29,AMZN,0,0.692380140314194,6
2022-12-29,GOOGL,0,0.6858304821881894,6
2022-12-29,INTC,1,0.09523732309885935,6
2022-12-29,MSFT,0,0.796917474951532,6
2022-12-29,NVDA,0,0.6329772734730172,6
2022-12-29,PFE,0,0.5259306265188681,6
2022-12-29,PYPL,1,0.2860669777790564,6
2022-12-29,SPY,0,0.16711222389053004,6
2022-12-29,ZM,0,0.6561104240889405,6
2022-12-30,AAPL,0,0.5741724519264348,6
2022-12-30,AMZN,0,0.7291681691247718,6
2022-12-30,GOOGL,0,0.703935924242593,6
2022-12-30,INTC,1,0.22986939978155804,6
2022-12-30,MSFT,0,0.5913514587470807,6
2022-12-30,NVDA,1,0.6713295463790158,6
2022-12-30,PFE,0,0.6046662083941478,6
2022-12-30,PYPL,1,0.3559480747350655,6
2022-12-30,SPY,0,0.32358327662673964,6
2022-12-30,ZM,0,0.5282712573006539,6
2023-01-03,AAPL,0,0.3445283379185635,7
2023-01-03,AMZN,0,0.33037586055061263,7
2023-01-03,GOOGL,0,0.6074352853821593,7
2023-01-03,INTC,1,0.2984419669073826,7
2023-01-03,MSFT,0,0.19721018095094217,7
2023-01-03,NVDA,1,0.6336979624484376,7
2023-01-03,PFE,0,0.14008429297489913,7
2023-01-03,PYPL,0,0.4268161203939307,7
2023-01-03,SPY,0,0.02314228643286592,7
2023-01-03,ZM,0,0.07605621032166071,7
2023-01-04,AAPL,0,0.32952547750362937,7
2023-01-04,AMZN,0,0.6659245094798404,7
2023-01-04,GOOGL,0,0.5677221043565456,7
2023-01-04,INTC,0,0.33764568369235215,7
2023-01-04,MSFT,0,0.1540657679755162,7
2023-01-04,NVDA,0,0.5180900736443559,7
2023-01-04,PFE,0,0.06094678954484208,7
2023-01-04,PYPL,0,0.3770361177667892,7
2023-01-04,SPY,0,0.01529411733480871,7
2023-01-04,ZM,0,0.016136535172438272,7
2023-01-05,AAPL,0,0.27516798096826117,7
2023-01-05,AMZN,1,0.7129863189160799,7
2023-01-05,GOOGL,0,0.45925413046811725,7
2023-01-05,INTC,1,0.3453872934600904,7
2023-01-05,MSFT,0,0.4132389200172875,7
2023-01-05,NVDA,1,0.7103874302414763,7
2023-01-05,PFE,0,0.03577015240768401,7
2023-01-05,PYPL,0,0.24817835386748444,7
2023-01-05,SPY,0,0.015246776956377689,7
2023-01-05,ZM,1,0.04905252142555753,7
2023-01-06,AAPL,0,0.2136706821331411,7
2023-01-06,AMZN,1,0.4829783628740272,7
2023-01-06,GOOGL,0,0.7110120324753285,7
2023-01-06,INTC,0,0.44650939430051056,7
2023-01-06,MSFT,0,0.06431917628403482,7
2023-01-06,NVDA,1,0.46530928304155916,7
2023-01-06,PFE,0,0.1699709175733351,7
2023-01-06,PYPL,0,0.1320602867529892,7
2023-01-06,SPY,0,0.003364076724848371,7
2023-01-06,ZM,0,0.22254199229034521,7
2023-01-09,AAPL,0,0.4408551798018737,7
2023-01-09,AMZN,1,0.5886290347134832,7
2023-01-09,GOOGL,0,0.7586417303593107,7
2023-01-09,INTC,0,0.3437533752764714,7
2023-01-09,MSFT,0,0.46365263467297085,7
2023-01-09,NVDA,1,0.4697676712733121,7
2023-01-09,PFE,0,0.061055994598869366,7
2023-01-09,PYPL,0,0.09855077031928419,7
2023-01-09,SPY,0,0.0009353768349739037,7
2023-01-09,ZM,0,0.15549519841137827,7
2023-01-10,AAPL,0,0.40346881050233385,7
2023-01-10,AMZN,1,0.4359080240106878,7
2023-01-10,GOOGL,0,0.5117515068778217,7
2023-01-10,INTC,0,0.14306284480446324,7
2023-01-10,MSFT,0,0.23431785670775526,7
2023-01-10,NVDA,1,0.5739080464137181,7
2023-01-10,PFE,0,0.05594700018895149,7
2023-01-10,PYPL,0,0.1642917127049137,7
2023-01-10,SPY,0,0.0015990944343098217,7
2023-01-10,ZM,0,0.09107049120910991,7
2023-01-11,AAPL,0,0.2422607284999677,7
2023-01-11,AMZN,0,0.2904150250955727,7
2023-01-11,GOOGL,0,0.6158421995592923,7
2023-01-11,INTC,0,0.5783668453054719,7
2023-01-11,MSFT,0,0.3182842924377943,7
2023-01-11,NVDA,1,0.5892392263946529,7
2023-01-11,PFE,0,0.07941968053539948,7
2023-01-11,PYPL,0,0.27140852660351517,7
2023-01-11,SPY,0,0.0015721612902692677,7
2023-01-11,ZM,0,0.10879960858010627,7
2023-01-12,AAPL,0,0.28830511930844316,7
2023-01-12,AMZN,0,0.36938734715955335,7
2023-01-12,GOOGL,0,0.6968954372191672,7
2023-01-12,INTC,0,0.7728505131555741,7
2023-01-12,MSFT,0,0.09424031959820868,7
2023-01-12,NVDA,0,0.3891812388184208,7
2023-01-12,PFE,0,0.0955490740404995,7
2023-01-12,PYPL,0,0.6262919763476884,7
2023-01-12,SPY,0,0.0026378303489051277,7
2023-01-12,ZM,0,0.15527499660761326,7
2023-01-13,AAPL,0,0.6674793445518182,7
2023-01-13,AMZN,0,0.24059265149112724,7
2023-01-13,GOOGL,1,0.434134883534082,7
2023-01-13,INTC,0,0.8346367547851841,7
2023-01-13,MSFT,0,0.1973433804751512,7
2023-01-13,NVDA,1,0.8469862744461315,7
2023-01-13,PFE,0,0.0476218008354131,7
2023-01-13,PYPL,0,0.6585759843232266,7
2023-01-13,SPY,0,0.005349950903856449,7
2023-01-13,ZM,0,0.08837190074566546,7
2023-01-17,AAPL,0,0.6498766202161064,7
2023-01-17,AMZN,0,0.22419220206884583,7
2023-01-17,GOOGL,1,0.24360421685147307,7
2023-01-17,INTC,0,0.726364196109759,7
2023-01-17,MSFT,0,0.173027554120131,7
2023-01-17,NVDA,0,0.4350491885448041,7
2023-01-17,PFE,0,0.06417585434023,7
2023-01-17,PYPL,0,0.6381413578153152,7
2023-01-17,SPY,0,0.017621103821322145,7
2023-01-17,ZM,0,0.10816954067739516,7
2023-01-18,AAPL,0,0.5422995340701976,7
2023-01-18,AMZN,0,0.10459788346552487,7
2023-01-18,GOOGL,1,0.428054850115363,7
2023-01-18,INTC,0,0.5715388850165015,7
2023-01-18,MSFT,0,0.07515721203807553,7
2023-01-18,NVDA,1,0.6758481436143555,7
2023-01-18,PFE,0,0.027301099573145634,7
2023-01-18,PYPL,0,0.6085408173255032,7
2023-01-18,SPY,0,0.018434031729674876,7
2023-01-18,ZM,0,0.3205555002009445,7
2023-01-19,AAPL,0,0.28872987484540946,7
2023-01-19,AMZN,0,0.1484723790703327,7
2023-01-19,GOOGL,0,0.22894610610119503,7
2023-01-19,INTC,0,0.5993650785446931,7
2023-01-19,MSFT,0,0.2968838173355568,7
2023-01-19,NVDA,1,0.7490815339696502,7
2023-01-19,PFE,0,0.02542628715426985,7
2023-01-19,PYPL,0,0.39312940893156934,7
2023-01-19,SPY,0,0.009426282870069354,7
2023-01-19,ZM,1,0.1480622582435575,7
2023-01-20,AAPL,0,0.5915094400582415,7
2023-01-20,AMZN,0,0.16995576882832086,7
2023-01-20,GOOGL,0,0.25339652710358,7
2023-01-20,INTC,0,0.3827965952574094,7
2023-01-20,MSFT,0,0.09156308859407912,7
2023-01-20,NVDA,1,0.19450068113556987,7
2023-01-20,PFE,0,0.050684556113310665,7
2023-01-20,PYPL,0,0.33651466905770105,7
2023-01-20,SPY,0,0.0017207744124830783,7
2023-01-20,ZM,0,0.14418690701484185,7
2023-01-23,AAPL,0,0.09091131728873673,7
2023-01-23,AMZN,0,0.06593956265258635,7
2023-01-23,GOOGL,0,0.1350236090268669,7
2023-01-23,INTC,0,0.2868468037967868,7
2023-01-23,MSFT,0,0.3760082803432718,7
2023-01-23,NVDA,0,0.19895071519601787,7
2023-01-23,PFE,0,0.12085926484070282,7
2023-01-23,PYPL,0,0.07900381546340027,7
2023-01-23,SPY,0,0.0015891650655870957,7
2023-01-23,ZM,0,0.08507829849593561,7
2023-01-24,AAPL,0,0.2577327870731277,7
2023-01-24,AMZN,0,0.2832108409326228,7
2023-01-24,GOOGL,0,0.45327188968185234,7
2023-01-24,INTC,0,0.5782099772431543,7
2023-01-24,MSFT,0,0.34713242668352773,7
2023-01-24,NVDA,0,0.4818273393383711,7
2023-01-24,PFE,0,0.075345975207242,7
2023-01-24,PYPL,0,0.20660237350437735,7
2023-01-24,SPY,0,0.0010605833258582737,7
2023-01-24,ZM,0,0.045087161088535936,7
2023-01-25,AAPL,0,0.24993939032238363,7
2023-01-25,AMZN,1,0.1039273141251272,7
2023-01-25,GOOGL,0,0.3836539341990542,7
2023-01-25,INTC,0,0.6193278349065662,7
2023-01-25,MSFT,0,0.06881122448840374,7
2023-01-25,NVDA,1,0.3330186847422994,7
2023-01-25,PFE,0,0.05424308824939379,7
2023-01-25,PYPL,0,0.38523848487736584,7
2023-01-25,SPY,0,0.0011871255660213778,7
2023-01-25,ZM,1,0.16835364233163944,7
2023-01-26,AAPL,0,0.6634121804331954,7
2023-01-26,AMZN,1,0.1743624359165353,7
2023-01-26,GOOGL,1,0.23281857775688655,7
2023-01-26,INTC,0,0.7482365082429366,7
2023-01-26,MSFT,0,0.10452112630242544,7
2023-01-26,NVDA,0,0.7125215155723386,7
2023-01-26,PFE,0,0.06406239446904391,7
2023-01-26,PYPL,1,0.12139863473022341,7
2023-01-26,SPY,0,8.696831445748633e-05,7
2023-01-26,ZM,1,0.41296468599611247,7
2023-01-27,AAPL,0,0.7231364530450618,7
2023-01-27,AMZN,1,0.3549412890785875,7
2023-01-27,GOOGL,1,0.2732976043114162,7
2023-01-27,INTC,1,0.03772620216855033,7
2023-01-27,MSFT,0,0.01299531142898369,7
2023-01-27,NVDA,0,0.5540032211919709,7
2023-01-27,PFE,0,0.071274856959794,7
2023-01-27,PYPL,0,0.15535501942854296,7
2023-01-27,SPY,0,5.78994831375174e-05,7
2023-01-27,ZM,1,0.19824963031723983,7
2023-01-30,AAPL,1,0.37236312569125846,7
2023-01-30,AMZN,1,0.1704620484431211,7
2023-01-30,GOOGL,1,0.278593719641226,7
2023-01-30,INTC,1,0.019329226222725336,7
2023-01-30,MSFT,1,0.17204257990226118,7
2023-01-30,NVDA,1,0.20958460687533245,7
2023-01-30,PFE,0,0.040015491240703846,7
2023-01-30,PYPL,1,0.3269818770265313,7
2023-01-30,SPY,0,0.00364097893749365,7
2023-01-30,ZM,1,0.08039298025701098,7
2023-01-31,AAPL,0,0.5939754258002234,7
2023-01-31,AMZN,1,0.1623128534179321,7
2023-01-31,GOOGL,1,0.3613933506330472,7
2023-01-31,INTC,1,0.04416618362677377,7
2023-01-31,MSFT,0,0.23714542422690843,7
2023-01-31,NVDA,1,0.21242157970278105,7
2023-01-31,PFE,0,0.016117866964831484,7
2023-01-31,PYPL,0,0.18329858827738357,7
2023-01-31,SPY,0,0.0009095571722307717,7
2023-01-31,ZM,1,0.09447390689765824,7
2023-02-01,AAPL,0,0.19304950786421746,7
2023-02-01,AMZN,0,0.4594164528122015,7
2023-02-01,GOOGL,0,0.3915429472443111,7
2023-02-01,INTC,0,0.07710506246851037,7
2023-02-01,MSFT,1,0.22334511384460906,7
2023-02-01,NVDA,0,0.4343407604031562,7
2023-02-01,PFE,0,0.05048261095481045,7
2023-02-01,PYPL,0,0.13027163146099846,7
2023-02-01,SPY,0,0.000558538744018247,7
2023-02-01,ZM,0,0.12206402234215391,7
2023-02-02,AAPL,0,0.3517744426953169,7
2023-02-02,AMZN,0,0.10784294636883252,7
2023-02-02,GOOGL,0,0.04625626624518408,7
2023-02-02,INTC,0,0.15933486743659195,7
2023-02-02,MSFT,0,0.014775729003235255,7
2023-02-02,NVDA,0,0.30176668582998595,7
2023-02-02,PFE,0,0.01629578889985536,7
2023-02-02,PYPL,0,0.04441586917495586,7
2023-02-02,SPY,0,0.00010498841953503732,7
2023-02-02,ZM,0,0.06422711791150901,7
2023-02-03,AAPL,0,0.018508295969054307,7
2023-02-03,AMZN,0,0.3967463832076876,7
2023-02-03,GOOGL,0,0.30494343710323846,7
2023-02-03,INTC,0,0.005974163821863157,7
2023-02-03,MSFT,0,0.06774750746963216,7
2023-02-03,NVDA,0,0.1964027288889136,7
2023-02-03,PFE,0,0.00674796420860147,7
2023-02-03,PYPL,0,0.10548242270655898,7
2023-02-03,SPY,0,0.00025750632326249166,7
2023-02-03,ZM,0,0.10429818319233494,7
2023-02-06,AAPL,0,0.009355644252355902,7
2023-02-06,AMZN,0,0.21827368130114952,7
2023-02-06,GOOGL,0,0.41018013824319843,7
2023-02-06,INTC,0,0.005134558311300747,7
2023-02-06,MSFT,0,0.02614278076281961,7
2023-02-06,NVDA,0,0.06451997666520438,7
2023-02-06,PFE,0,0.00518354634876545,7
2023-02-06,PYPL,0,0.3743511925765581,7
2023-02-06,SPY,0,0.00011568823807216008,7
2023-02-06,ZM,0,0.05654131401614773,7
2023-02-07,AAPL,0,0.005592095597579659,7
2023-02-07,AMZN,0,0.18497860268911823,7
2023-02-07,GOOGL,0,0.2779549365298413,7
2023-02-07,INTC,0,0.005668890115051703,7
2023-02-07,MSFT,0,0.013388211143367267,7
2023-02-07,NVDA,0,0.08045551150891805,7
2023-02-07,PFE,0,0.01437789881792086,7
2023-02-07,PYPL,0,0.07597877533303637,7
2023-02-07,SPY,0,9.543718291819532e-06,7
2023-02-07,ZM,0,0.1873230168511288,7
2023-02-08,AAPL,0,0.004219222949803692,7
2023-02-08,AMZN,0,0.15272987473482746,7
2023-02-08,GOOGL,0,0.45836359847997354,7
2023-02-08,INTC,0,0.00347863057217161,7
2023-02-08,MSFT,0,0.008010274071976235,7
2023-02-08,NVDA,0,0.31220955412188106,7
2023-02-08,PFE,0,0.007335471260782456,7
2023-02-08,PYPL,0,0.18131559696436655,7
2023-02-08,SPY,0,0.00022038398405737055,7
2023-02-08,ZM,0,0.37510015427452087,7
2023-02-09,AAPL,0,0.026103600618502112,7
2023-02-09,AMZN,0,0.2971378255578458,7
2023-02-09,GOOGL,0,0.6106168893262032,7
2023-02-09,INTC,0,0.0032471810624117164,7
2023-02-09,MSFT,0,0.05538101138278217,7
2023-02-09,NVDA,0,0.34714350405672234,7
2023-02-09,PFE,0,0.018025702998760922,7
2023-02-09,PYPL,0,0.15104383215601724,7
2023-02-09,SPY,0,9.145621687481537e-05,7
2023-02-09,ZM,0,0.15430843414218243,7
2023-02-10,AAPL,0,0.008497423719256077,7
2023-02-10,AMZN,0,0.5804454065040761,7
2023-02-10,GOOGL,0,0.5968304834029249,7
2023-02-10,INTC,0,0.005355643474467725,7
2023-02-10,MSFT,0,0.09142124680700597,7
2023-02-10,NVDA,0,0.3363277583211438,7
2023-02-10,PFE,0,0.007070091512069894,7
2023-02-10,PYPL,0,0.46837438013289917,7
2023-02-10,SPY,0,7.744085749603259e-05,7
2023-02-10,ZM,0,0.19297365474869646,7
2023-02-13,AAPL,0,0.012405219087066046,7
2023-02-13,AMZN,0,0.4205694691482306,7
2023-02-13,GOOGL,0,0.5557816867839276,7
2023-02-13,INTC,0,0.008762895071172167,7
2023-02-13,MSFT,0,0.03415625394526539,7
2023-02-13,NVDA,0,0.08626941578266534,7
2023-02-13,PFE,0,0.005224308800670368,7
2023-02-13,PYPL,0,0.37330645551456454,7
2023-02-13,SPY,0,6.882898299349328e-05,7
2023-02-13,ZM,0,0.3174679704606705,7
2023-02-14,AAPL,0,0.04994034262315466,7
2023-02-14,AMZN,0,0.510561814116278,7
2023-02-14,GOOGL,0,0.43305983539613346,7
2023-02-14,INTC,0,0.06884664811325937,7
2023-02-14,MSFT,0,0.004785956931514266,7
2023-02-14,NVDA,0,0.039689121643490075,7
2023-02-14,PFE,0,0.05967698761964945,7
2023-02-14,PYPL,0,0.4052498321494729,7
2023-02-14,SPY,0,4.996182450706604e-05,7
2023-02-14,ZM,0,0.35167872067329453,7
2023-02-15,AAPL,0,0.007266072702106692,7
2023-02-15,AMZN,0,0.3406712710142337,7
2023-02-15,GOOGL,0,0.5380032873406296,7
2023-02-15,INTC,0,0.07454752431629745,7
2023-02-15,MSFT,0,0.19884230377437193,7
2023-02-15,NVDA,0,0.12502916989585824,7
2023-02-15,PFE,0,0.04084046330923316,7
2023-02-15,PYPL,0,0.4141120816676976,7
2023-02-15,SPY,0,0.0002946642565412977,7
2023-02-15,ZM,0,0.71077900544709,7
2023-02-16,AAPL,0,0.04357777499339323,7
2023-02-16,AMZN,0,0.3368863006928511,7
2023-02-16,GOOGL,0,0.41618236190245955,7
2023-02-16,INTC,0,0.05391221758984857,7
2023-02-16,MSFT,0,0.13326949621204767,7
2023-02-16,NVDA,0,0.5151839017435688,7
2023-02-16,PFE,0,0.06034335840493964,7
2023-02-16,PYPL,0,0.2708976668934001,7
2023-02-16,SPY,0,0.0035167288290461627,7
2023-02-16,ZM,0,0.762063334895864,7
2023-02-17,AAPL,0,0.03620779983513168,7
2023-02-17,AMZN,0,0.2944261261503478,7
2023-02-17,GOOGL,0,0.44747069058846073,7
2023-02-17,INTC,0,0.025708027614870416,7
2023-02-17,MSFT,0,0.574477330486521,7
2023-02-17,NVDA,1,0.5144097015613712,7
2023-02-17,PFE,0,0.10444108817683886,7
2023-02-17,PYPL,0,0.4230395770907353,7
2023-02-17,SPY,0,0.0012431042105010893,7
2023-02-17,ZM,0,0.5528395415009266,7
2023-02-21,AAPL,0,0.14516596804046128,7
2023-02-21,AMZN,0,0.3238724780474106,7
2023-02-21,GOOGL,0,0.4105755776102307,7
2023-02-21,INTC,0,0.07628244459790699,7
2023-02-21,MSFT,0,0.4911077296922686,7
2023-02-21,NVDA,1,0.5757732147115612,7
2023-02-21,PFE,0,0.25871096364671825,7
2023-02-21,PYPL,0,0.2680099199474981,7
2023-02-21,SPY,0,0.004548554719530952,7
2023-02-21,ZM,0,0.6619643299124834,7
2023-02-22,AAPL,0,0.11211472107142469,7
2023-02-22,AMZN,0,0.459812678965081,7
2023-02-22,GOOGL,0,0.593173464219181,7
2023-02-22,INTC,0,0.034765982879155485,7
2023-02-22,MSFT,0,0.35426921210726736,7
2023-02-22,NVDA,1,0.822355450503971,7
2023-02-22,PFE,0,0.09149796053227612,7
2023-02-22,PYPL,0,0.2612016829080623,7
2023-02-22,SPY,0,0.005968440441591926,7
2023-02-22,ZM,0,0.4558127991723894,7
2023-02-23,AAPL,0,0.07083948450184305,7
2023-02-23,AMZN,0,0.11033333303414114,7
2023-02-23,GOOGL,0,0.1922637004707005,7
2023-02-23,INTC,0,0.059052000077494664,7
2023-02-23,MSFT,0,0.3708820866581458,7
2023-02-23,NVDA,0,0.28901057798408364,7
2023-02-23,PFE,0,0.008205949637094579,7
2023-02-23,PYPL,0,0.11059110130047597,7
2023-02-23,SPY,0,0.0003576123353385872,7
2023-02-23,ZM,0,0.14330864110032607,7
2023-02-24,AAPL,0,0.07011581563877493,7
2023-02-24,AMZN,0,0.5868540201935194,7
2023-02-24,GOOGL,0,0.7327079006523175,7
2023-02-24,INTC,0,0.17264317985146144,7
2023-02-24,MSFT,0,0.0638223769355138,7
2023-02-24,NVDA,0,0.49157089111368807,7
2023-02-24,PFE,0,0.04987547044160206,7
2023-02-24,PYPL,0,0.41844854737832554,7
2023-02-24,SPY,0,0.00555896195440711,7
2023-02-24,ZM,0,0.41889280414359276,7
2023-02-27,AAPL,0,0.1308509133260041,7
2023-02-27,AMZN,0,0.3029731442664997,7
2023-02-27,GOOGL,0,0.33220381811014393,7
2023-02-27,INTC,0,0.20455723382605864,7
2023-02-27,MSFT,0,0.04508886132312212,7
2023-02-27,NVDA,0,0.5747695638461595,7
2023-02-27,PFE,0,0.03530996290898585,7
2023-02-27,PYPL,0,0.20757238047755985,7
2023-02-27,SPY,0,0.004541564392257293,7
2023-02-27,ZM,0,0.565785335502322,7
2023-02-28,AAPL,0,0.3227436095413809,7
2023-02-28,AMZN,0,0.2648916425083697,7
2023-02-28,GOOGL,0,0.17731719392120843,7
2023-02-28,INTC,0,0.14041726750931985,7
2023-02-28,MSFT,0,0.20869722680739175,7
2023-02-28,NVDA,0,0.8432780127831649,7
2023-02-28,PFE,0,0.016255661702819814,7
2023-02-28,PYPL,0,0.44497040802493903,7
2023-02-28,SPY,0,0.011676871520881659,7
2023-02-28,ZM,0,0.2887271674480576,7
2023-03-01,AAPL,0,0.25524232335506114,7
2023-03-01,AMZN,0,0.20800499762445074,7
2023-03-01,GOOGL,0,0.12941955888678405,7
2023-03-01,INTC,0,0.04369562057011131,7
2023-03-01,MSFT,0,0.10255261695072486,7
2023-03-01,NVDA,0,0.41642315855813444,7
2023-03-01,PFE,0,0.011242253594355286,7
2023-03-01,PYPL,0,0.2510546910164874,7
2023-03-01,SPY,0,0.011915855883609076,7
2023-03-01,ZM,0,0.4828736468500917,7
2023-03-02,AAPL,0,0.11543066615095783,7
2023-03-02,AMZN,0,0.5609528098872816,7
2023-03-02,GOOGL,0,0.36655220087443136,7
2023-03-02,INTC,0,0.21407845697711744,7
2023-03-02,MSFT,0,0.10600700900566878,7
2023-03-02,NVDA,0,0.7118197166977124,7
2023-03-02,PFE,0,0.014112791055536714,7
2023-03-02,PYPL,0,0.24592044539625912,7
2023-03-02,SPY,0,0.012702638533412804,7
2023-03-02,ZM,0,0.3483345363928036,7
2023-03-03,AAPL,0,0.28538651769908163,7
2023-03-03,AMZN,0,0.45978481491152184,7
2023-03-03,GOOGL,0,0.4721088876069677,7
2023-03-03,INTC,0,0.19524315686348723,7
2023-03-03,MSFT,0,0.21566494322854696,7
2023-03-03,NVDA,0,0.726483475253902,7
2023-03-03,PFE,0,0.014138865829966495,7
2023-03-03,PYPL,0,0.32955493911651723,7
2023-03-03,SPY,0,0.001863254810559712,7
2023-03-03,ZM,0,0.4730749945379211,7
2023-03-06,AAPL,0,0.11202624012915632,7
2023-03-06,AMZN,0,0.5621211309799898,7
2023-03-06,GOOGL,0,0.34863763975297013,7
2023-03-06,INTC,0,0.1392524879525863,7
2023-03-06,MSFT,0,0.3740808516484244,7
2023-03-06,NVDA,0,0.7907383113889066,7
2023-03-06,PFE,0,0.017497504119742234,7
2023-03-06,PYPL,0,0.3269541040379671,7
2023-03-06,SPY,0,0.0072734070367809454,7
2023-03-06,ZM,0,0.46144729633781967,7
2023-03-07,AAPL,0,0.1472245238039015,7
2023-03-07,AMZN,0,0.6689155877125216,7
2023-03-07,GOOGL,0,0.3350183320395562,7
2023-03-07,INTC,1,0.1042271210495631,7
2023-03-07,MSFT,0,0.2584087179358867,7
2023-03-07,NVDA,0,0.7180968342137479,7
2023-03-07,PFE,0,0.007421153046606303,7
2023-03-07,PYPL,0,0.30187597037588526,7
2023-03-07,SPY,0,0.015539164054747912,7
2023-03-07,ZM,0,0.4762485902054401,7
2023-03-08,AAPL,0,0.2568005951577012,7
2023-03-08,AMZN,0,0.17973685114287957,7
2023-03-08,GOOGL,0,0.3739575181772391,7
2023-03-08,INTC,1,0.0624860207734009,7
2023-03-08,MSFT,0,0.3531459620321969,7
2023-03-08,NVDA,0,0.7605156215493023,7
2023-03-08,PFE,0,0.00794264104506803,7
2023-03-08,PYPL,0,0.2331860207320172,7
2023-03-08,SPY,0,0.003865558653013132,7
2023-03-08,ZM,0,0.10233737721635865,7
2023-03-09,AAPL,0,0.16396785406443015,7
2023-03-09,AMZN,0,0.5704668042574461,7
2023-03-09,GOOGL,1,0.3731722044163964,7
2023-03-09,INTC,1,0.08144434020673053,7
2023-03-09,MSFT,1,0.20795619585563982,7
2023-03-09,NVDA,0,0.8293677224788418,7
2023-03-09,PFE,0,0.012113098794815647,7
2023-03-09,PYPL,0,0.3077244121212259,7
2023-03-09,SPY,0,0.005164982426301323,7
2023-03-09,ZM,0,0.1698972881705873,7
2023-03-10,AAPL,0,0.3453831128449659,7
2023-03-10,AMZN,1,0.26948692605507446,7
2023-03-10,GOOGL,1,0.4321474391902403,7
2023-03-10,INTC,1,0.18365507211330295,7
2023-03-10,MSFT,1,0.15493744221742722,7
2023-03-10,NVDA,1,0.521338090005044,7
2023-03-10,PFE,0,0.046579429093797114,7
2023-03-10,PYPL,0,0.3999139898575144,7
2023-03-10,SPY,0,0.0038154482248141516,7
2023-03-10,ZM,1,0.28755851725825243,7
2023-03-13,AAPL,0,0.2893430718940906,7
2023-03-13,AMZN,1,0.5756479677456554,7
2023-03-13,GOOGL,1,0.6574655825075595,7
2023-03-13,INTC,1,0.08020449900017732,7
2023-03-13,MSFT,1,0.14913904082663704,7
2023-03-13,NVDA,1,0.7108286012317414,7
2023-03-13,PFE,0,0.016291045156426306,7
2023-03-13,PYPL,0,0.2758709060533997,7
2023-03-13,SPY,0,0.006372647737945069,7
2023-03-13,ZM,0,0.45445833721570034,7
2023-03-14,AAPL,0,0.2448450385255674,7
2023-03-14,AMZN,0,0.48304481343346717,7
2023-03-14,GOOGL,1,0.657232953020514,7
2023-03-14,INTC,1,0.08671239818767462,7
2023-03-14,MSFT,1,0.291688670580775,7
2023-03-14,NVDA,1,0.5442566505559393,7
2023-03-14,PFE,0,0.012929954771258998,7
2023-03-14,PYPL,0,0.23569097263274796,7
2023-03-14,SPY,0,0.01048123959810054,7
2023-03-14,ZM,0,0.2969093408524639,7
2023-03-15,AAPL,0,0.19839142467488613,7
2023-03-15,AMZN,0,0.5945356849344964,7
2023-03-15,GOOGL,1,0.5327462513206532,7
2023-03-15,INTC,1,0.09368559257708549,7
2023-03-15,MSFT,0,0.19829690325097687,7
2023-03-15,NVDA,1,0.8302646070700906,7
2023-03-15,PFE,0,0.13312888147609006,7
2023-03-15,PYPL,0,0.31879499328595634,7
2023-03-15,SPY,0,0.01594093040899969,7
2023-03-15,ZM,0,0.6141054428483249,7
2023-03-16,AAPL,0,0.30445643079253987,7
2023-03-16,AMZN,0,0.32663378959479533,7
2023-03-16,GOOGL,0,0.16158975677503468,7
2023-03-16,INTC,0,0.18198971806526926,7
2023-03-16,MSFT,0,0.07716592723899152,7
2023-03-16,NVDA,0,0.6259439768033439,7
2023-03-16,PFE,0,0.17494841507899894,7
2023-03-16,PYPL,0,0.2850277760291054,7
2023-03-16,SPY,0,0.0018206207876685,7
2023-03-16,ZM,0,0.4698745373538748,7
2023-03-17,AAPL,0,0.24335706346269106,7
2023-03-17,AMZN,0,0.515499325640504,7
2023-03-17,GOOGL,0,0.13288030516372595,7
2023-03-17,INTC,0,0.7952543620296812,7
2023-03-17,MSFT,0,0.030854155855172895,7
2023-03-17,NVDA,0,0.7944669518960885,7
2023-03-17,PFE,0,0.1992217616120692,7
2023-03-17,PYPL,0,0.15886622582315402,7
2023-03-17,SPY,0,0.01716167832533219,7
2023-03-17,ZM,0,0.3913976724040122,7
2023-03-20,AAPL,0,0.31524707215538317,7
2023-03-20,AMZN,0,0.45666590855301775,7
2023-03-20,GOOGL,0,0.2656299144004144,7
2023-03-20,INTC,0,0.5342650878954773,7
2023-03-20,MSFT,0,0.7454762540229533,7
2023-03-20,NVDA,0,0.6946182897385133,7
2023-03-20,PFE,0,0.1804765164254403,7
2023-03-20,PYPL,0,0.2809796336498045,7
2023-03-20,SPY,0,0.002649224676572293,7
2023-03-20,ZM,0,0.5008655824089131,7
2023-03-21,AAPL,0,0.039120677961699095,7
2023-03-21,AMZN,0,0.39091810253875686,7
2023-03-21,GOOGL,0,0.29628754545665015,7
2023-03-21,INTC,0,0.6141044880395997,7
2023-03-21,MSFT,0,0.1833682328205197,7
2023-03-21,NVDA,0,0.7569057756557726,7
2023-03-21,PFE,0,0.24369156908798856,7
2023-03-21,PYPL,0,0.1745332471825353,7
2023-03-21,SPY,0,0.0016104060540555558,7
2023-03-21,ZM,0,0.650812991438046,7
2023-03-22,AAPL,0,0.15731809272152592,7
2023-03-22,AMZN,0,0.3284922021639038,7
2023-03-22,GOOGL,0,0.24678439704485672,7
2023-03-22,INTC,1,0.6265227552178583,7
2023-03-22,MSFT,0,0.7593814211014126,7
2023-03-22,NVDA,0,0.33336167675156103,7
2023-03-22,PFE,0,0.18048013485665887,7
2023-03-22,PYPL,0,0.5943254144272957,7
2023-03-22,SPY,0,0.011771584528435944,7
2023-03-22,ZM,0,0.45046545051198816,7
2023-03-23,AAPL,0,0.20609884134689244,7
2023-03-23,AMZN,0,0.3123630307603583,7
2023-03-23,GOOGL,0,0.26486278875339064,7
2023-03-23,INTC,1,0.6455513778893381,7
2023-03-23,MSFT,0,0.8280660130538026,7
2023-03-23,NVDA,0,0.2692721814529683,7
2023-03-23,PFE,0,0.11941385819398306,7
2023-03-23,PYPL,0,0.4709042989160036,7
2023-03-23,SPY,0,0.005164399190376624,7
2023-03-23,ZM,0,0.22445097713229722,7
2023-03-24,AAPL,0,0.43180430390411867,7
2023-03-24,AMZN,0,0.2605258282645322,7
2023-03-24,GOOGL,0,0.18305857645302734,7
2023-03-24,INTC,1,0.6491395089583624,7
2023-03-24,MSFT,0,0.5507298487465322,7
2023-03-24,NVDA,0,0.2613495280015156,7
2023-03-24,PFE,0,0.11704425959255595,7
2023-03-24,PYPL,0,0.32194024069063726,7
2023-03-24,SPY,0,0.00395188312045199,7
2023-03-24,ZM,1,0.33785540722236684,7
2023-03-27,AAPL,0,0.568872355324389,7
2023-03-27,AMZN,0,0.25141433932163365,7
2023-03-27,GOOGL,0,0.4076530108348903,7
2023-03-27,INTC,1,0.5479058857461163,7
2023-03-27,MSFT,0,0.4281345553427612,7
2023-03-27,NVDA,0,0.1992208397217268,7
2023-03-27,PFE,0,0.10391123814741474,7
2023-03-27,PYPL,0,0.24499859322208162,7
2023-03-27,SPY,0,0.0006804970384499668,7
2023-03-27,ZM,1,0.24326127650136128,7
2023-03-28,AAPL,0,0.5368707934812091,7
2023-03-28,AMZN,0,0.26352766647213227,7
2023-03-28,GOOGL,0,0.4546928037480709,7
2023-03-28,INTC,1,0.5128276734712272,7
2023-03-28,MSFT,0,0.35663358535491,7
2023-03-28,NVDA,0,0.2256448028903863,7
2023-03-28,PFE,0,0.09161977516224257,7
2023-03-28,PYPL,0,0.12093352144288591,7
2023-03-28,SPY,0,0.00585320196255876,7
2023-03-28,ZM,1,0.10685643687912541,7
2023-03-29,AAPL,0,0.14159295862605004,7
2023-03-29,AMZN,0,0.20906318026249798,7
2023-03-29,GOOGL,0,0.24248516362759673,7
2023-03-29,INTC,0,0.7080127398631857,7
2023-03-29,MSFT,0,0.16879887405553115,7
2023-03-29,NVDA,0,0.3706467372083599,7
2023-03-29,PFE,0,0.3141786981411273,7
2023-03-29,PYPL,0,0.19648349283788294,7
2023-03-29,SPY,0,0.0011841124372093538,7
2023-03-29,ZM,0,0.3607699254104107,7
2023-03-30,AAPL,0,0.03643720776560961,7
2023-03-30,AMZN,0,0.25095783845976566,7
2023-03-30,GOOGL,1,0.20466342744989935,7
2023-03-30,INTC,0,0.6242564096019668,7
2023-03-30,MSFT,0,0.008005555988091093,7
2023-03-30,NVDA,0,0.6860039605616574,7
2023-03-30,PFE,0,0.40618579185191056,7
2023-03-30,PYPL,0,0.2380548874086403,7
2023-03-30,SPY,0,0.0005339128601828899,7
2023-03-30,ZM,0,0.1895764490808592,7
2023-03-31,AAPL,0,0.03898781068614455,7
2023-03-31,AMZN,0,0.3434873129684029,7
2023-03-31,GOOGL,0,0.15978327421433114,7
2023-03-31,INTC,0,0.8172162619466725,7
2023-03-31,MSFT,0,0.013229224643802556,7
2023-03-31,NVDA,0,0.7558496725346338,7
2023-03-31,PFE,0,0.4654599871953996,7
2023-03-31,PYPL,0,0.0778878734814723,7
2023-03-31,SPY,0,0.00010576059641996276,7
2023-03-31,ZM,0,0.1527157083091439,7
2023-04-03,AAPL,0,0.022309827208089057,7
2023-04-03,AMZN,0,0.23961735397013717,7
2023-04-03,GOOGL,0,0.17003406231338575,7
2023-04-03,INTC,0,0.7248115400852891,7
2023-04-03,MSFT,0,0.07894053221042771,7
2023-04-03,NVDA,0,0.488166732468116,7
2023-04-03,PFE,0,0.600583549535293,7
2023-04-03,PYPL,0,0.06444092260984025,7
2023-04-03,SPY,0,0.0001920202601042204,7
2023-04-03,ZM,0,0.11967439746061423,7
2023-04-04,AAPL,0,0.029744475130097064,7
2023-04-04,AMZN,0,0.3460741606645894,7
2023-04-04,GOOGL,0,0.2899797953629577,7
2023-04-04,INTC,0,0.7738106803538688,7
2023-04-04,MSFT,0,0.13130995260835113,7
2023-04-04,NVDA,0,0.471765795379779,7
2023-04-04,PFE,0,0.1694200744948482,7
2023-04-04,PYPL,0,0.06236287935473628,7
2023-04-04,SPY,0,0.00042334091804417456,7
2023-04-04,ZM,0,0.056850758351863616,7
2023-04-05,AAPL,0,0.24696806653115502,7
2023-04-05,AMZN,0,0.25428296645650406,7
2023-04-05,GOOGL,0,0.2487642812287254,7
2023-04-05,INTC,0,0.564428859294175,7
2023-04-05,MSFT,0,0.3283600296693564,7
2023-04-05,NVDA,0,0.3773192718402145,7
2023-04-05,PFE,0,0.2992943042337333,7
2023-04-05,PYPL,0,0.06179032554287235,7
2023-04-05,SPY,0,0.0036346602678481526,7
2023-04-05,ZM,0,0.3038235818623749,7
2023-04-06,AAPL,0,0.02863905751585202,7
2023-04-06,AMZN,0,0.4664507148400384,7
2023-04-06,GOOGL,0,0.43057565063709224,7
2023-04-06,INTC,0,0.3993229473010641,7
2023-04-06,MSFT,0,0.395188587456501,7
2023-04-06,NVDA,0,0.6464589631804476,7
2023-04-06,PFE,0,0.33730772200562054,7
2023-04-06,PYPL,0,0.13457833076673464,7
2023-04-06,SPY,0,6.651787030829005e-05,7
2023-04-06,ZM,0,0.2148962441560459,7
2023-04-10,AAPL,0,0.09166781041677484,7
2023-04-10,AMZN,0,0.12188859892279039,7
2023-04-10,GOOGL,0,0.20947619503548703,7
2023-04-10,INTC,0,0.38354417091719045,7
2023-04-10,MSFT,0,0.014128747332980024,7
2023-04-10,NVDA,0,0.7295276175834382,7
2023-04-10,PFE,0,0.2537011123647189,7
2023-04-10,PYPL,0,0.09939706215166293,7
2023-04-10,SPY,0,0.0001004859558454105,7
2023-04-10,ZM,0,0.24229707070879392,7
2023-04-11,AAPL,0,0.032914156881999314,7
2023-04-11,AMZN,0,0.13225706828094383,7
2023-04-11,GOOGL,0,0.26527088169348023,7
2023-04-11,INTC,0,0.5506506364165079,7
2023-04-11,MSFT,0,0.1389852691658175,7
2023-04-11,NVDA,0,0.23330807396716524,7
2023-04-11,PFE,0,0.42191964666823517,7
2023-04-11,PYPL,0,0.17317128880424185,7
2023-04-11,SPY,0,0.00027702883462566314,7
2023-04-11,ZM,0,0.374406347115575,7
2023-04-12,AAPL,0,0.02673020557543774,7
2023-04-12,AMZN,1,0.10786026383235325,7
2023-04-12,GOOGL,0,0.2796404309365923,7
2023-04-12,INTC,0,0.3730165799260819,7
2023-04-12,MSFT,0,0.02709955126056672,7
2023-04-12,NVDA,1,0.10495723077220942,7
2023-04-12,PFE,0,0.340916227376207,7
2023-04-12,PYPL,1,0.08634636314394366,7
2023-04-12,SPY,0,4.9462528407065975e-05,7
2023-04-12,ZM,0,0.5612724291818243,7
2023-04-13,AAPL,0,0.046379800242268454,7
2023-04-13,AMZN,0,0.5261872263166948,7
2023-04-13,GOOGL,0,0.5947909993567486,7
2023-04-13,INTC,0,0.30458657893479235,7
2023-04-13,MSFT,0,0.018226790229471268,7
2023-04-13,NVDA,0,0.03183026111600182,7
2023-04-13,PFE,0,0.5475044801300385,7
2023-04-13,PYPL,0,0.12062561467338269,7
2023-04-13,SPY,0,2.8752822996567934e-05,7
2023-04-13,ZM,0,0.592482019937565,7
2023-04-14,AAPL,0,0.1646519894344411,7
2023-04-14,AMZN,0,0.3222527681965463,7
2023-04-14,GOOGL,0,0.7264728040901706,7
2023-04-14,INTC,0,0.46280058013503783,7
2023-04-14,MSFT,0,0.03463748552654895,7
2023-04-14,NVDA,0,0.024718051624149202,7
2023-04-14,PFE,0,0.24313138877295645,7
2023-04-14,PYPL,0,0.11631155301509055,7
2023-04-14,SPY,0,4.4070808401474054e-05,7
2023-04-14,ZM,0,0.3118406872560699,7
2023-04-17,AAPL,0,0.03322681313870519,7
2023-04-17,AMZN,0,0.1730109604624909,7
2023-04-17,GOOGL,0,0.5749295046197581,7
2023-04-17,INTC,0,0.7647167905592749,7
2023-04-17,MSFT,0,0.007416177077632832,7
2023-04-17,NVDA,0,0.028792880738762426,7
2023-04-17,PFE,0,0.16865226213061071,7
2023-04-17,PYPL,0,0.13794290816965935,7
2023-04-17,SPY,0,9.735941047418551e-06,7
2023-04-17,ZM,0,0.1855792690103895,7
2023-04-18,AAPL,0,0.04447450665498608,7
2023-04-18,AMZN,1,0.19256729562372582,7
2023-04-18,GOOGL,0,0.4714085920922255,7
2023-04-18,INTC,0,0.6997912866778294,7
2023-04-18,MSFT,0,0.013373403487416297,7
2023-04-18,NVDA,0,0.09428892731239015,7
2023-04-18,PFE,0,0.10996834538095207,7
2023-04-18,PYPL,0,0.14447844421338937,7
2023-04-18,SPY,0,5.719235588053982e-05,7
2023-04-18,ZM,0,0.1120721224762863,7
2023-04-19,AAPL,0,0.04435853236723153,7
2023-04-19,AMZN,0,0.2205308501968076,7
2023-04-19,GOOGL,0,0.2884664950405224,7
2023-04-19,INTC,0,0.05952290770600509,7
2023-04-19,MSFT,0,0.01170198977396398,7
2023-04-19,NVDA,0,0.04055995616013976,7
2023-04-19,PFE,0,0.035432916032138495,7
2023-04-19,PYPL,0,0.12872424793258552,7
2023-04-19,SPY,0,4.021559280317065e-05,7
2023-04-19,ZM,0,0.22138515960659896,7
2023-04-20,AAPL,0,0.020700809232648998,7
2023-04-20,AMZN,1,0.2929174514805261,7
2023-04-20,GOOGL,0,0.4536939123425234,7
2023-04-20,INTC,0,0.22371058022000573,7
2023-04-20,MSFT,0,0.04563771850041388,7
2023-04-20,NVDA,0,0.01504095824881959,7
2023-04-20,PFE,0,0.13630019071276214,7
2023-04-20,PYPL,0,0.1086390703472334,7
2023-04-20,SPY,0,0.000651672481027585,7
2023-04-20,ZM,0,0.4319524845099455,7
2023-04-21,AAPL,0,0.02285080105459662,7
2023-04-21,AMZN,0,0.3933338469750095,7
2023-04-21,GOOGL,0,0.2205860352777217,7
2023-04-21,INTC,0,0.04607231989535177,7
2023-04-21,MSFT,0,0.04430248169323286,7
2023-04-21,NVDA,0,0.009581569449681662,7
2023-04-21,PFE,0,0.131746823050002,7
2023-04-21,PYPL,0,0.22473280946420104,7
2023-04-21,SPY,0,0.0003168137157753334,7
2023-04-21,ZM,0,0.10590927491924243,7
2023-04-24,AAPL,0,0.022887231887281822,7
2023-04-24,AMZN,0,0.18073543910761827,7
2023-04-24,GOOGL,0,0.6257457959441651,7
2023-04-24,INTC,0,0.06161032817102935,7
2023-04-24,MSFT,1,0.41844541193780155,7
2023-04-24,NVDA,0,0.02009134653204708,7
2023-04-24,PFE,0,0.1339748103479197,7
2023-04-24,PYPL,0,0.11934313456886673,7
2023-04-24,SPY,0,0.0004918881028067077,7
2023-04-24,ZM,0,0.08858364193987449,7
2023-04-25,AAPL,0,0.1444333099387533,7
2023-04-25,AMZN,1,0.2676908621200034,7
2023-04-25,GOOGL,0,0.1637566855037883,7
2023-04-25,INTC,1,0.13038987872726046,7
2023-04-25,MSFT,1,0.26650972129665185,7
2023-04-25,NVDA,1,0.02565307561985447,7
2023-04-25,PFE,0,0.15288984891612029,7
2023-04-25,PYPL,1,0.4593400637501726,7
2023-04-25,SPY,0,0.0026653381269896768,7
2023-04-25,ZM,0,0.18667313148965992,7
2023-04-26,AAPL,0,0.02926299276320729,7
2023-04-26,AMZN,0,0.43664427025677655,7
2023-04-26,GOOGL,0,0.3334300917144606,7
2023-04-26,INTC,1,0.06849022084901525,7
2023-04-26,MSFT,0,0.05482004191415598,7
2023-04-26,NVDA,0,0.0658028832251417,7
2023-04-26,PFE,0,0.06365069533913315,7
2023-04-26,PYPL,0,0.2020796449178745,7
2023-04-26,SPY,0,0.0031644608330746696,7
2023-04-26,ZM,0,0.05864241076562819,7
2023-04-27,AAPL,0,0.07214338727651008,7
2023-04-27,AMZN,0,0.5095158641821798,7
2023-04-27,GOOGL,0,0.5057649667931972,7
2023-04-27,INTC,1,0.05609684637317781,7
2023-04-27,MSFT,0,0.022712981009413918,7
2023-04-27,NVDA,0,0.017964620028264617,7
2023-04-27,PFE,0,0.04422971533842633,7
2023-04-27,PYPL,0,0.27517266836763443,7
2023-04-27,SPY,0,0.0007925920855374359,7
2023-04-27,ZM,0,0.09032431163845349,7
2023-04-28,AAPL,0,0.06541335527760962,7
2023-04-28,AMZN,0,0.4452076298977311,7
2023-04-28,GOOGL,0,0.7941991762666362,7
2023-04-28,INTC,0,0.08159885133616795,7
2023-04-28,MSFT,0,0.019218022457429394,7
2023-04-28,NVDA,0,0.05803506219267139,7
2023-04-28,PFE,0,0.04295125926182355,7
2023-04-28,PYPL,0,0.3738390523631113,7
2023-04-28,SPY,0,0.0008619831994524838,7
2023-04-28,ZM,0,0.026650613509865896,7
2023-05-01,AAPL,0,0.015011043000684834,7
2023-05-01,AMZN,0,0.5840725245924739,7
2023-05-01,GOOGL,0,0.5357388350753961,7
2023-05-01,INTC,0,0.13528939495284703,7
2023-05-01,MSFT,0,0.05617904256347521,7
2023-05-01,NVDA,0,0.09261036034416376,7
2023-05-01,PFE,0,0.029950287711773917,7
2023-05-01,PYPL,0,0.32996915973914953,7
2023-05-01,SPY,0,0.0013873841957840526,7
2023-05-01,ZM,0,0.019725333664644386,7
2023-05-02,AAPL,0,0.0360489619818887,7
2023-05-02,AMZN,0,0.46190649336593426,7
2023-05-02,GOOGL,0,0.45471684439145055,7
2023-05-02,INTC,0,0.04866604480881085,7
2023-05-02,MSFT,0,0.00952232530591259,7
2023-05-02,NVDA,0,0.08709045544951916,7
2023-05-02,PFE,0,0.06198777610097787,7
2023-05-02,PYPL,0,0.30127377018524976,7
2023-05-02,SPY,0,0.0037773225302966894,7
2023-05-02,ZM,0,0.058462651838133706,7
2023-05-03,AAPL,0,0.08033679667785211,7
2023-05-03,AMZN,0,0.6121776248525654,7
2023-05-03,GOOGL,0,0.52720355105894,7
2023-05-03,INTC,0,0.0545420970708901,7
2023-05-03,MSFT,0,0.06682420882438009,7
2023-05-03,NVDA,0,0.031927846361332016,7
2023-05-03,PFE,0,0.05585052916174489,7
2023-05-03,PYPL,0,0.17538333280959123,7
2023-05-03,SPY,0,0.0031817706926985673,7
2023-05-03,ZM,1,0.03247058304582849,7
2023-05-04,AAPL,0,0.14106441243718632,7
2023-05-04,AMZN,1,0.692192209820931,7
2023-05-04,GOOGL,1,0.47056911345277447,7
2023-05-04,INTC,0,0.039408448965897805,7
2023-05-04,MSFT,0,0.0028729528159538733,7
2023-05-04,NVDA,0,0.025599851130482507,7
2023-05-04,PFE,0,0.06372164553854558,7
2023-05-04,PYPL,0,0.2242303814978286,7
2023-05-04,SPY,0,0.016194096853867995,7
2023-05-04,ZM,0,0.008369138414542301,7
2023-05-05,AAPL,0,0.16613479536905362,7
2023-05-05,AMZN,0,0.5208238437740073,7
2023-05-05,GOOGL,1,0.5304640447283921,7
2023-05-05,INTC,0,0.031692425268765125,7
2023-05-05,MSFT,0,0.009367252676020973,7
2023-05-05,NVDA,0,0.3270506917908787,7
2023-05-05,PFE,0,0.03705781172647964,7
2023-05-05,PYPL,0,0.22199242373269581,7
2023-05-05,SPY,0,0.005034315651470364,7
2023-05-05,ZM,0,0.05516577820105901,7
2023-05-08,AAPL,0,0.047753999193493574,7
2023-05-08,AMZN,0,0.5880570086422933,7
2023-05-08,GOOGL,1,0.3632798187110687,7
2023-05-08,INTC,0,0.025614375642487783,7
2023-05-08,MSFT,0,0.008336527862512693,7
2023-05-08,NVDA,0,0.1359942239295832,7
2023-05-08,PFE,0,0.03666926502118371,7
2023-05-08,PYPL,0,0.29997149721668376,7
2023-05-08,SPY,0,0.0008522885980197114,7
2023-05-08,ZM,0,0.09159844537501226,7
2023-05-09,AAPL,0,0.08274772460110953,7
2023-05-09,AMZN,1,0.7949034710112551,7
2023-05-09,GOOGL,1,0.5400080577661075,7
2023-05-09,INTC,0,0.015764395177013585,7
2023-05-09,MSFT,0,0.01677412123011618,7
2023-05-09,NVDA,0,0.022624643881832017,7
2023-05-09,PFE,0,0.07752353958791462,7
2023-05-09,PYPL,0,0.6926769705667734,7
2023-05-09,SPY,0,0.0039053784711795833,7
2023-05-09,ZM,0,0.048235328202410756,7
2023-05-10,AAPL,0,0.02274153226084268,7
2023-05-10,AMZN,0,0.3069565217793507,7
2023-05-10,GOOGL,0,0.07303409164760644,7
2023-05-10,INTC,0,0.14357085166644512,7
2023-05-10,MSFT,0,0.0003118288732319099,7
2023-05-10,NVDA,0,0.1071732402787698,7
2023-05-10,PFE,0,0.3957094002492413,7
2023-05-10,PYPL,0,0.5855968888954562,7
2023-05-10,SPY,0,0.0011685334622047066,7
2023-05-10,ZM,0,0.07025441016294931,7
2023-05-11,AAPL,0,0.03161287437013346,7
2023-05-11,AMZN,0,0.34523393218578685,7
2023-05-11,GOOGL,0,0.046890708620863523,7
2023-05-11,INTC,0,0.14916907074788907,7
2023-05-11,MSFT,0,0.0031188112330279663,7
2023-05-11,NVDA,1,0.15642288361787546,7
2023-05-11,PFE,0,0.13614721186575543,7
2023-05-11,PYPL,0,0.3728804837875377,7
2023-05-11,SPY,0,0.0033956858064112206,7
2023-05-11,ZM,0,0.07083517345499064,7
2023-05-12,AAPL,0,0.0839842695304492,7
2023-05-12,AMZN,0,0.4501609396409918,7
2023-05-12,GOOGL,0,0.27000158480059433,7
2023-05-12,INTC,0,0.033954733587596264,7
2023-05-12,MSFT,0,0.0007351592907970609,7
2023-05-12,NVDA,1,0.0668287453791026,7
2023-05-12,PFE,0,0.05927356827027532,7
2023-05-12,PYPL,0,0.15843797475565616,7
2023-05-12,SPY,0,0.0008552979418051396,7
2023-05-12,ZM,1,0.0241736782711642,7
2023-05-15,AAPL,0,0.1875955613570047,7
2023-05-15,AMZN,0,0.5460739145230042,7
2023-05-15,GOOGL,0,0.11104928737391116,7
2023-05-15,INTC,0,0.11984859856253251,7
2023-05-15,MSFT,0,0.0011229711656524065,7
2023-05-15,NVDA,1,0.2878939527423553,7
2023-05-15,PFE,0,0.040158584418759385,7
2023-05-15,PYPL,0,0.41279173422768384,7
2023-05-15,SPY,0,0.0012280598936696419,7
2023-05-15,ZM,1,0.1922474893762917,7
2023-05-16,AAPL,0,0.09482770938921367,7
2023-05-16,AMZN,0,0.6500640236615439,7
2023-05-16,GOOGL,0,0.4044788685007203,7
2023-05-16,INTC,0,0.014841613117324532,7
2023-05-16,MSFT,0,0.0025120714180298393,7
2023-05-16,NVDA,1,0.28559653600288865,7
2023-05-16,PFE,1,0.1173088325229797,7
2023-05-16,PYPL,0,0.11558023974643541,7
2023-05-16,SPY,0,0.0036816380911552558,7
2023-05-16,ZM,1,0.11833658501868248,7
2023-05-17,AAPL,0,0.11009626173682642,7
2023-05-17,AMZN,0,0.48524864083133284,7
2023-05-17,GOOGL,0,0.6080401857620502,7
2023-05-17,INTC,0,0.017767673921197477,7
2023-05-17,MSFT,0,0.007541048481449138,7
2023-05-17,NVDA,0,0.29919527223790876,7
2023-05-17,PFE,1,0.03773271653231592,7
2023-05-17,PYPL,0,0.013316490703166766,7
2023-05-17,SPY,0,0.0011028694906374617,7
2023-05-17,ZM,0,0.4734859667276531,7
2023-05-18,AAPL,0,0.14636347887926301,7
2023-05-18,AMZN,0,0.3825680766128151,7
2023-05-18,GOOGL,0,0.2692988670248759,7
2023-05-18,INTC,0,0.04200127042050255,7
2023-05-18,MSFT,0,0.0058373988507500404,7
2023-05-18,NVDA,0,0.1905296129405479,7
2023-05-18,PFE,1,0.03202162195191144,7
2023-05-18,PYPL,0,0.03202125407760418,7
2023-05-18,SPY,0,0.003096121268521644,7
2023-05-18,ZM,0,0.1711857314169093,7
2023-05-19,AAPL,0,0.0849833205562787,7
2023-05-19,AMZN,0,0.2612949251845869,7
2023-05-19,GOOGL,0,0.24840196686208935,7
2023-05-19,INTC,0,0.030827432801880737,7
2023-05-19,MSFT,0,0.0005422550449997724,7
2023-05-19,NVDA,0,0.09544357983841648,7
2023-05-19,PFE,1,0.018696176751221365,7
2023-05-19,PYPL,0,0.03139674672658636,7
2023-05-19,SPY,0,0.0006842952505331842,7
2023-05-19,ZM,0,0.6221740918644336,7
2023-05-22,AAPL,0,0.18496455422949099,7
2023-05-22,AMZN,0,0.6907184383038404,7
2023-05-22,GOOGL,0,0.6324172590471244,7
2023-05-22,INTC,0,0.10696781567077765,7
2023-05-22,MSFT,0,0.001745452689305888,7
2023-05-22,NVDA,0,0.26754262648129923,7
2023-05-22,PFE,0,0.3919411400750634,7
2023-05-22,PYPL,0,0.12358225269175169,7
2023-05-22,SPY,0,0.0003765679233544641,7
2023-05-22,ZM,0,0.7063284789491222,7
2023-05-23,AAPL,0,0.08280139892083292,7
2023-05-23,AMZN,0,0.4145710411217616,7
2023-05-23,GOOGL,0,0.7657637865123021,7
2023-05-23,INTC,0,0.02850718524856639,7
2023-05-23,MSFT,0,0.03570914624114001,7
2023-05-23,NVDA,1,0.18234635895256832,7
2023-05-23,PFE,0,0.5314711598066854,7
2023-05-23,PYPL,0,0.05619687109600627,7
2023-05-23,SPY,0,0.0025463354477505283,7
2023-05-23,ZM,0,0.10544351113088123,7
2023-05-24,AAPL,0,0.01909880920026134,7
2023-05-24,AMZN,0,0.16314611828671707,7
2023-05-24,GOOGL,0,0.7454169043012819,7
2023-05-24,INTC,0,0.023747061746649333,7
2023-05-24,MSFT,0,0.005390226304852179,7
2023-05-24,NVDA,1,0.25467219689392434,7
2023-05-24,PFE,0,0.15597501313864548,7
2023-05-24,PYPL,0,0.058264735233020316,7
2023-05-24,SPY,0,0.003946132957365613,7
2023-05-24,ZM,1,0.10057950760891467,7
2023-05-25,AAPL,0,0.08850976194542219,7
2023-05-25,AMZN,1,0.43687746350488393,7
2023-05-25,GOOGL,0,0.7829752277777614,7
2023-05-25,INTC,1,0.037817277460524594,7
2023-05-25,MSFT,0,0.008542401132413216,7
2023-05-25,NVDA,0,0.010112401644937784,7
2023-05-25,PFE,0,0.00021396910691808712,7
2023-05-25,PYPL,0,0.0014643169477513518,7
2023-05-25,SPY,0,5.953139567562682e-05,7
2023-05-25,ZM,0,0.0011377221783817793,7
2023-05-26,AAPL,0,0.0033610708040110225,7
2023-05-26,AMZN,0,0.16398652816594553,7
2023-05-26,GOOGL,0,0.0857214387534433,7
2023-05-26,INTC,0,0.002323666342292305,7
2023-05-26,MSFT,0,5.982260719076319e-05,7
2023-05-26,NVDA,0,0.002457671150411808,7
2023-05-26,PFE,0,0.0006970375891289092,7
2023-05-26,PYPL,0,0.0007389740705952633,7
2023-05-26,SPY,0,7.219545787539366e-05,7
2023-05-26,ZM,0,0.0012971383707495478,7
2023-05-30,AAPL,0,0.002845592737434217,7
2023-05-30,AMZN,0,0.0492550947619896,7
2023-05-30,GOOGL,0,0.0014640879454226932,7
2023-05-30,INTC,0,0.000662847008960969,7
2023-05-30,MSFT,0,3.432506524428471e-05,7
2023-05-30,NVDA,0,0.003127266313702619,7
2023-05-30,PFE,0,0.0016850810173867812,7
2023-05-30,PYPL,0,0.0034324206533666666,7
2023-05-30,SPY,0,6.129567803544589e-05,7
2023-05-30,ZM,0,0.009757220905117752,7
2023-05-31,AAPL,0,0.004019208530621941,7
2023-05-31,AMZN,0,0.36086771402608664,7
2023-05-31,GOOGL,0,0.07625471202400974,7
2023-05-31,INTC,0,0.014430711251534313,7
2023-05-31,MSFT,0,0.0008137180494961504,7
2023-05-31,NVDA,0,0.2050261080707534,7
2023-05-31,PFE,0,0.007412374599034168,7
2023-05-31,PYPL,0,0.007988898613788207,7
2023-05-31,SPY,0,0.00021603932480077637,7
2023-05-31,ZM,0,0.00395471177457565,7
2023-06-01,AAPL,0,0.008958071335858754,7
2023-06-01,AMZN,0,0.5107287298899672,7
2023-06-01,GOOGL,0,0.25360871494336323,7
2023-06-01,INTC,0,0.0067572406025468755,7
2023-06-01,MSFT,0,0.00012241416673431697,7
2023-06-01,NVDA,0,0.13937170829409626,7
2023-06-01,PFE,0,0.012717385855035837,7
2023-06-01,PYPL,0,0.004864803408968399,7
2023-06-01,SPY,0,6.635663147324452e-05,7
2023-06-01,ZM,0,0.0039166597600011665,7
2023-06-02,AAPL,0,0.0009236125980804786,7
2023-06-02,AMZN,0,0.3504774844660123,7
2023-06-02,GOOGL,0,0.06419371828307407,7
2023-06-02,INTC,0,0.005663455327932854,7
2023-06-02,MSFT,0,0.00015908700237476646,7
2023-06-02,NVDA,0,0.23213321755980004,7
2023-06-02,PFE,0,0.010843480130087716,7
2023-06-02,PYPL,0,0.0030384655547583124,7
2023-06-02,SPY,0,8.282545785190234e-05,7
2023-06-02,ZM,0,0.009089046676467294,7
2023-06-05,AAPL,0,0.014898584954529764,7
2023-06-05,AMZN,0,0.15410331379350703,7
2023-06-05,GOOGL,0,0.037237525581736625,7
2023-06-05,INTC,1,0.015833302407686926,7
2023-06-05,MSFT,0,0.00016157730957116042,7
2023-06-05,NVDA,0,0.2523364012342922,7
2023-06-05,PFE,0,0.04983171782276503,7
2023-06-05,PYPL,0,0.01794913661236207,7
2023-06-05,SPY,0,0.0002545591629044331,7
2023-06-05,ZM,0,0.10388473925270317,7
2023-06-06,AAPL,0,0.08424138021918298,7
2023-06-06,AMZN,0,0.04954002029749457,7
2023-06-06,GOOGL,0,0.05884980189117829,7
2023-06-06,INTC,0,0.15360555945813378,7
2023-06-06,MSFT,0,0.0004466750446996009,7
2023-06-06,NVDA,0,0.3175465135272424,7
2023-06-06,PFE,0,0.16038339985060948,7
2023-06-06,PYPL,0,0.010962024891641572,7
2023-06-06,SPY,0,1.066529192640349e-05,7
2023-06-06,ZM,0,0.05207772372691155,7
2023-06-07,AAPL,0,0.035746901257812554,7
2023-06-07,AMZN,0,0.10161871946497458,7
2023-06-07,GOOGL,0,0.2335837083540441,7
2023-06-07,INTC,1,0.04786144271281576,7
2023-06-07,MSFT,0,0.0057325340377108736,7
2023-06-07,NVDA,1,0.36813435577612585,7
2023-06-07,PFE,0,0.10016576318552277,7
2023-06-07,PYPL,0,0.023293444945334613,7
2023-06-07,SPY,0,0.0002921994686668432,7
2023-06-07,ZM,0,0.13573169379025934,7
2023-06-08,AAPL,0,0.02751835819843264,7
2023-06-08,AMZN,0,0.07579351686487787,7
2023-06-08,GOOGL,0,0.25049573468297703,7
2023-06-08,INTC,1,0.04882590095803836,7
2023-06-08,MSFT,0,0.0011805953546883629,7
2023-06-08,NVDA,1,0.190748090946123,7
2023-06-08,PFE,0,0.07046370123103972,7
2023-06-08,PYPL,0,0.0157421165736467,7
2023-06-08,SPY,0,0.0002592693959103509,7
2023-06-08,ZM,0,0.09743503556693181,7
2023-06-09,AAPL,0,0.07047204097486849,7
2023-06-09,AMZN,0,0.26065254007779554,7
2023-06-09,GOOGL,0,0.1556940559852726,7
2023-06-09,INTC,1,0.1974017573811023,7
2023-06-09,MSFT,0,0.0016589562232080853,7
2023-06-09,NVDA,1,0.32652835093628035,7
2023-06-09,PFE,0,0.5051876987077305,7
2023-06-09,PYPL,0,0.055100637534601364,7
2023-06-09,SPY,0,0.0002626881095901661,7
2023-06-09,ZM,0,0.07281764622385972,7
2023-06-12,AAPL,0,0.04438744324138449,7
2023-06-12,AMZN,0,0.15528243134173406,7
2023-06-12,GOOGL,0,0.24656826072925173,7
2023-06-12,INTC,1,0.24206243494080026,7
2023-06-12,MSFT,0,0.00802122119539517,7
2023-06-12,NVDA,1,0.3100165298564532,7
2023-06-12,PFE,0,0.20615117547151615,7
2023-06-12,PYPL,0,0.04007912246714974,7
2023-06-12,SPY,0,0.00047612655974296644,7
2023-06-12,ZM,0,0.12543715193523666,7
2023-06-13,AAPL,0,0.07314802236898928,7
2023-06-13,AMZN,0,0.16994757402786018,7
2023-06-13,GOOGL,0,0.26690784604244977,7
2023-06-13,INTC,1,0.3678742732809826,7
2023-06-13,MSFT,0,0.017316143180063876,7
2023-06-13,NVDA,0,0.29384476129041104,7
2023-06-13,PFE,0,0.18341592934769002,7
2023-06-13,PYPL,1,0.15793932624535187,7
2023-06-13,SPY,0,0.0002781531986208133,7
2023-06-13,ZM,0,0.15195502182213458,7
2023-06-14,AAPL,0,0.08772759362968523,7
2023-06-14,AMZN,0,0.6189014026383394,7
2023-06-14,GOOGL,0,0.4067304389021489,7
2023-06-14,INTC,0,0.34523256131086494,7
2023-06-14,MSFT,0,0.02215827926189798,7
2023-06-14,NVDA,0,0.566286231238921,7
2023-06-14,PFE,0,0.09092410790284688,7
2023-06-14,PYPL,1,0.04943428807699408,7
2023-06-14,SPY,0,0.00011866154139472055,7
2023-06-14,ZM,0,0.11846441307611287,7
2023-06-15,AAPL,0,0.020559124244091165,7
2023-06-15,AMZN,0,0.2060701750634641,7
2023-06-15,GOOGL,0,0.6360183243292847,7
2023-06-15,INTC,0,0.4848677040169991,7
2023-06-15,MSFT,0,0.11712874673558243,7
2023-06-15,NVDA,0,0.5949035271498375,7
2023-06-15,PFE,0,0.686968021480144,7
2023-06-15,PYPL,0,0.47155232844156164,7
2023-06-15,SPY,0,0.0006143815734602293,7
2023-06-15,ZM,0,0.1462748918515865,7
2023-06-16,AAPL,0,0.034154332608933205,7
2023-06-16,AMZN,0,0.4934418350333442,7
2023-06-16,GOOGL,0,0.32686422734753073,7
2023-06-16,INTC,0,0.714856564069665,7
2023-06-16,MSFT,0,0.2262632597815834,7
2023-06-16,NVDA,0,0.3472999713096035,7
2023-06-16,PFE,0,0.8002474129096212,7
2023-06-16,PYPL,0,0.572475053322396,7
2023-06-16,SPY,0,0.0001641630492456185,7
2023-06-16,ZM,0,0.1301947128005991,7
2023-06-20,AAPL,0,0.006556687519533115,7
2023-06-20,AMZN,0,0.3193344277454021,7
2023-06-20,GOOGL,0,0.3504352416847439,7
2023-06-20,INTC,0,0.5244375964924343,7
2023-06-20,MSFT,0,0.018604891591589026,7
2023-06-20,NVDA,0,0.5036827157556936,7
2023-06-20,PFE,0,0.45044210510169225,7
2023-06-20,PYPL,0,0.3081171390113723,7
2023-06-20,SPY,0,0.00015947787284201117,7
2023-06-20,ZM,0,0.12796856361168407,7
2023-06-21,AAPL,0,0.0678163904643436,7
2023-06-21,AMZN,0,0.37079431777627575,7
2023-06-21,GOOGL,0,0.3294394527845432,7
2023-06-21,INTC,0,0.25613096837657073,7
2023-06-21,MSFT,0,0.025155183808423347,7
2023-06-21,NVDA,0,0.4753071107424904,7
2023-06-21,PFE,0,0.29323854250077663,7
2023-06-21,PYPL,0,0.12476824822925249,7
2023-06-21,SPY,0,0.00043018028971975926,7
2023-06-21,ZM,0,0.19700141622054468,7
2023-06-22,AAPL,0,0.131842422546574,7
2023-06-22,AMZN,0,0.1553526762937422,7
2023-06-22,GOOGL,0,0.08999142744402393,7
2023-06-22,INTC,0,0.36680407189122183,7
2023-06-22,MSFT,0,0.006095429013816057,7
2023-06-22,NVDA,0,0.2373436741851941,7
2023-06-22,PFE,0,0.24288458154373724,7
2023-06-22,PYPL,0,0.1316429420474764,7
2023-06-22,SPY,0,7.731541897530783e-05,7
2023-06-22,ZM,0,0.1502451307814297,7
2023-06-23,AAPL,0,0.34171789287525145,7
2023-06-23,AMZN,0,0.5093110661080438,7
2023-06-23,GOOGL,0,0.42193131494219316,7
2023-06-23,INTC,0,0.4364416051597456,7
2023-06-23,MSFT,0,0.012471227234424327,7
2023-06-23,NVDA,0,0.20416160214393905,7
2023-06-23,PFE,0,0.11192561384540242,7
2023-06-23,PYPL,0,0.07627962333401525,7
2023-06-23,SPY,0,0.0027128864679606107,7
2023-06-23,ZM,0,0.0877113616476164,7
2023-06-26,AAPL,0,0.1381239235271681,7
2023-06-26,AMZN,0,0.5834470335042006,7
2023-06-26,GOOGL,0,0.5623439235443999,7
2023-06-26,INTC,0,0.7897183401048989,7
2023-06-26,MSFT,0,0.04013997333581336,7
2023-06-26,NVDA,0,0.12850825945737163,7
2023-06-26,PFE,0,0.1696736264340311,7
2023-06-26,PYPL,0,0.0650548891564892,7
2023-06-26,SPY,0,0.0035395379892106124,7
2023-06-26,ZM,0,0.1450428188730056,7
2023-06-27,AAPL,0,0.06751340250494851,7
2023-06-27,AMZN,0,0.6799961178442512,7
2023-06-27,GOOGL,0,0.1762997680505955,7
2023-06-27,INTC,0,0.7500726809434134,7
2023-06-27,MSFT,0,0.009422340173074048,7
2023-06-27,NVDA,0,0.32444960473840245,7
2023-06-27,PFE,0,0.1538827461870011,7
2023-06-27,PYPL,0,0.09085159759604111,7
2023-06-27,SPY,0,0.0006615266057984639,7
2023-06-27,ZM,0,0.20551123876219732,7
2023-06-28,AAPL,0,0.005031384492215314,7
2023-06-28,AMZN,0,0.4667404319176102,7
2023-06-28,GOOGL,0,0.37557573579992476,7
2023-06-28,INTC,0,0.39749227328256204,7
2023-06-28,MSFT,0,0.007463488643991729,7
2023-06-28,NVDA,0,0.20763451862223825,7
2023-06-28,PFE,0,0.13363567044408306,7
2023-06-28,PYPL,0,0.0851388475619442,7
2023-06-28,SPY,0,0.00011281415396521263,7
2023-06-28,ZM,0,0.304740470553718,7
2023-06-29,AAPL,0,0.006070207484923521,7
2023-06-29,AMZN,0,0.5203551057178667,7
2023-06-29,GOOGL,0,0.2691164594458211,7
2023-06-29,INTC,0,0.22327277824651146,7
2023-06-29,MSFT,0,0.040949027442676,7
2023-06-29,NVDA,0,0.2072895724510622,7
2023-06-29,PFE,0,0.21951713769438813,7
2023-06-29,PYPL,0,0.20192143030437673,7
2023-06-29,SPY,0,0.00016795714288123318,7
2023-06-29,ZM,0,0.19765632478204176,7
2023-06-30,AAPL,0,0.005458377551634126,7
2023-06-30,AMZN,0,0.5930241797627726,7
2023-06-30,GOOGL,0,0.3427144387454733,7
2023-06-30,INTC,0,0.43237927797514447,7
2023-06-30,MSFT,0,0.007410484929742615,7
2023-06-30,NVDA,0,0.4608939453988841,7
2023-06-30,PFE,0,0.367192715023894,7
2023-06-30,PYPL,0,0.15654296952321545,7
2023-06-30,SPY,0,0.0002129804854333961,7
2023-06-30,ZM,0,0.17418626238500087,7
2023-07-03,AAPL,0,0.03747999040739251,8
2023-07-03,AMZN,0,0.2977700892712479,8
2023-07-03,GOOGL,0,0.15346481768782919,8
2023-07-03,INTC,0,0.1735864557551059,8
2023-07-03,MSFT,0,0.01021061789968533,8
2023-07-03,NVDA,0,0.057731197929181265,8
2023-07-03,PFE,0,0.54003626526676,8
2023-07-03,PYPL,0,0.17934635529415524,8
2023-07-03,SPY,0,0.000696072051966037,8
2023-07-03,ZM,0,0.5450069767285387,8
2023-07-05,AAPL,0,0.05586858202725042,8
2023-07-05,AMZN,0,0.1824501111159495,8
2023-07-05,GOOGL,0,0.09026034260555521,8
2023-07-05,INTC,0,0.3614285598287771,8
2023-07-05,MSFT,0,0.006141376565729757,8
2023-07-05,NVDA,0,0.08015917176635366,8
2023-07-05,PFE,0,0.5752255977066475,8
2023-07-05,PYPL,0,0.14330454951635863,8
2023-07-05,SPY,0,0.0010218699276817146,8
2023-07-05,ZM,0,0.4688168304002487,8
2023-07-06,AAPL,0,0.034462932603834574,8
2023-07-06,AMZN,0,0.1786758241097243,8
2023-07-06,GOOGL,0,0.2929265373604466,8
2023-07-06,INTC,1,0.254584973354498,8
2023-07-06,MSFT,0,0.032164481703579204,8
2023-07-06,NVDA,1,0.1721028006759255,8
2023-07-06,PFE,0,0.607547226528315,8
2023-07-06,PYPL,1,0.2555282281892787,8
2023-07-06,SPY,0,0.002110896835896318,8
2023-07-06,ZM,1,0.6875231417910357,8
2023-07-07,AAPL,0,0.08672936930981828,8
2023-07-07,AMZN,0,0.17836721777354936,8
2023-07-07,GOOGL,0,0.24316713254088196,8
2023-07-07,INTC,1,0.33475034409654464,8
2023-07-07,MSFT,0,0.0987051915538268,8
2023-07-07,NVDA,1,0.14103343329611462,8
2023-07-07,PFE,0,0.675037661407393,8
2023-07-07,PYPL,1,0.3183312533245714,8
2023-07-07,SPY,0,0.00871210125999724,8
2023-07-07,ZM,1,0.5283691615031932,8
2023-07-10,AAPL,0,0.0477918535803359,8
2023-07-10,AMZN,1,0.039217410249395616,8
2023-07-10,GOOGL,1,0.29274350030755614,8
2023-07-10,INTC,0,0.3306259908909909,8
2023-07-10,MSFT,0,0.10383391435298377,8
2023-07-10,NVDA,1,0.053082574713634194,8
2023-07-10,PFE,0,0.4099266036863459,8
2023-07-10,PYPL,0,0.1711071598819475,8
2023-07-10,SPY,0,0.0008233892099111935,8
2023-07-10,ZM,1,0.382614312026411,8
2023-07-11,AAPL,0,0.20681686803400898,8
2023-07-11,AMZN,0,0.10530828877251108,8
2023-07-11,GOOGL,1,0.24684811685485175,8
2023-07-11,INTC,0,0.19952212435982594,8
2023-07-11,MSFT,1,0.01967373520524973,8
2023-07-11,NVDA,1,0.09788529182924913,8
2023-07-11,PFE,0,0.7072396659562885,8
2023-07-11,PYPL,0,0.08190623528489316,8
2023-07-11,SPY,0,0.0009763750006746004,8
2023-07-11,ZM,0,0.3122260637305426,8
2023-07-12,AAPL,0,0.05800118126127795,8
2023-07-12,AMZN,0,0.08322461663384723,8
2023-07-12,GOOGL,1,0.10450441155925175,8
2023-07-12,INTC,0,0.1062389810453453,8
2023-07-12,MSFT,1,0.003168376476065142,8
2023-07-12,NVDA,1,0.10309850422378876,8
2023-07-12,PFE,0,0.6162715897250775,8
2023-07-12,PYPL,0,0.34405092469078974,8
2023-07-12,SPY,0,0.0008865077091260443,8
2023-07-12,ZM,1,0.3240064502920109,8
2023-07-13,AAPL,0,0.023332448485668133,8
2023-07-13,AMZN,0,0.08713442856302515,8
2023-07-13,GOOGL,0,0.08977178636460811,8
2023-07-13,INTC,0,0.4141603773922154,8
2023-07-13,MSFT,1,0.007719452488792549,8
2023-07-13,NVDA,0,0.10271457382301202,8
2023-07-13,PFE,0,0.4892607780002589,8
2023-07-13,PYPL,0,0.18920497736419076,8
2023-07-13,SPY,0,0.0011314359523753987,8
2023-07-13,ZM,0,0.12460394403028503,8
2023-07-14,AAPL,0,0.035518610476875496,8
2023-07-14,AMZN,0,0.10148651462918656,8
2023-07-14,GOOGL,0,0.31182141234704525,8
2023-07-14,INTC,0,0.037843647093471294,8
2023-07-14,MSFT,0,0.015604508522766163,8
2023-07-14,NVDA,0,0.15476232483236338,8
2023-07-14,PFE,0,0.562346319745744,8
2023-07-14,PYPL,0,0.40748290281099353,8
2023-07-14,SPY,0,0.0003264608256012344,8
2023-07-14,ZM,0,0.22753250792462107,8
2023-07-17,AAPL,0,0.10301655523962217,8
2023-07-17,AMZN,0,0.06462648420118183,8
2023-07-17,GOOGL,0,0.1896181160843655,8
2023-07-17,INTC,0,0.02857657409196037,8
2023-07-17,MSFT,0,0.007132963669179868,8
2023-07-17,NVDA,0,0.09210789106728075,8
2023-07-17,PFE,0,0.4187505431862224,8
2023-07-17,PYPL,0,0.14283389665556573,8
2023-07-17,SPY,0,0.00020547079540647132,8
2023-07-17,ZM,0,0.15669874430167915,8
2023-07-18,AAPL,0,0.041198324271797475,8
2023-07-18,AMZN,0,0.050165661272545146,8
2023-07-18,GOOGL,0,0.18005290799780932,8
2023-07-18,INTC,0,0.02971659779611184,8
2023-07-18,MSFT,0,0.018313636877741457,8
2023-07-18,NVDA,0,0.09275680387698725,8
2023-07-18,PFE,0,0.06864331373825251,8
2023-07-18,PYPL,0,0.08930153086033057,8
2023-07-18,SPY,0,0.0003669208121847845,8
2023-07-18,ZM,0,0.2040914998614141,8
2023-07-19,AAPL,0,0.09859485814835388,8
2023-07-19,AMZN,0,0.09447853059941316,8
2023-07-19,GOOGL,1,0.14744876364824636,8
2023-07-19,INTC,0,0.04366242968977044,8
2023-07-19,MSFT,0,0.12856490901385248,8
2023-07-19,NVDA,0,0.25116742313954105,8
2023-07-19,PFE,0,0.07572702540433886,8
2023-07-19,PYPL,0,0.26026635718990065,8
2023-07-19,SPY,0,0.00024359511770416986,8
2023-07-19,ZM,0,0.11416742275686421,8
2023-07-20,AAPL,0,0.012926056014820091,8
2023-07-20,AMZN,0,0.19816770224897662,8
2023-07-20,GOOGL,1,0.2773658996882966,8
2023-07-20,INTC,0,0.11474202735066179,8
2023-07-20,MSFT,0,0.3086550117620364,8
2023-07-20,NVDA,0,0.17847688876989024,8
2023-07-20,PFE,0,0.1382270558094721,8
2023-07-20,PYPL,0,0.3066281936477952,8
2023-07-20,SPY,0,0.0005741395684720623,8
2023-07-20,ZM,0,0.4658424622808096,8
2023-07-21,AAPL,0,0.12248952298824027,8
2023-07-21,AMZN,0,0.18678057494832384,8
2023-07-21,GOOGL,1,0.528415896008854,8
2023-07-21,INTC,1,0.09843673170371427,8
2023-07-21,MSFT,0,0.04963246395436912,8
2023-07-21,NVDA,0,0.11747954810033288,8
2023-07-21,PFE,0,0.12031910428920423,8
2023-07-21,PYPL,0,0.24798341021992093,8
2023-07-21,SPY,0,0.0006129148817230928,8
2023-07-21,ZM,0,0.38171290593851215,8
2023-07-24,AAPL,0,0.0951590245950506,8
2023-07-24,AMZN,0,0.20713604304136501,8
2023-07-24,GOOGL,1,0.20951076913754285,8
2023-07-24,INTC,1,0.13811979117619191,8
2023-07-24,MSFT,0,0.04987221984053358,8
2023-07-24,NVDA,0,0.2352619683724844,8
2023-07-24,PFE,0,0.13487826958064197,8
2023-07-24,PYPL,0,0.20509893194759665,8
2023-07-24,SPY,0,0.0005820356337902618,8
2023-07-24,ZM,1,0.2258812906944939,8
2023-07-25,AAPL,0,0.029185543471869836,8
2023-07-25,AMZN,0,0.12817408112565257,8
2023-07-25,GOOGL,1,0.25510696759025914,8
2023-07-25,INTC,1,0.05416268653440278,8
2023-07-25,MSFT,0,0.02103105006899494,8
2023-07-25,NVDA,0,0.0987145251054071,8
2023-07-25,PFE,0,0.07526934737789036,8
2023-07-25,PYPL,0,0.25389481487977367,8
2023-07-25,SPY,0,9.676668943107046e-05,8
2023-07-25,ZM,1,0.5044541381108577,8
2023-07-26,AAPL,0,0.013265023116920353,8
2023-07-26,AMZN,0,0.03497244368692873,8
2023-07-26,GOOGL,0,0.2820806841750616,8
2023-07-26,INTC,1,0.19051069500500295,8
2023-07-26,MSFT,0,0.08678258286796339,8
2023-07-26,NVDA,0,0.2547436919612388,8
2023-07-26,PFE,0,0.10175342310939903,8
2023-07-26,PYPL,0,0.1373796953587512,8
2023-07-26,SPY,0,0.0002699811016351984,8
2023-07-26,ZM,0,0.1853696547770502,8
2023-07-27,AAPL,0,0.07775624221316908,8
2023-07-27,AMZN,0,0.11614919345843087,8
2023-07-27,GOOGL,0,0.1853907820030983,8
2023-07-27,INTC,1,0.3301130144016463,8
2023-07-27,MSFT,0,0.2728854078638702,8
2023-07-27,NVDA,0,0.20476296089600218,8
2023-07-27,PFE,0,0.11825030554317544,8
2023-07-27,PYPL,0,0.1738452125167015,8
2023-07-27,SPY,0,0.000617716843556427,8
2023-07-27,ZM,0,0.12564449980481499,8
2023-07-28,AAPL,0,0.04679545347505545,8
2023-07-28,AMZN,0,0.19320864874652655,8
2023-07-28,GOOGL,0,0.09356932980457078,8
2023-07-28,INTC,0,0.4820635431391421,8
2023-07-28,MSFT,0,0.039831970137649324,8
2023-07-28,NVDA,0,0.6925490998231397,8
2023-07-28,PFE,0,0.1984457944011459,8
2023-07-28,PYPL,0,0.5772188567210527,8
2023-07-28,SPY,0,0.00024752257856316636,8
2023-07-28,ZM,0,0.5793513529734555,8
2023-07-31,AAPL,0,0.014891731617236392,8
2023-07-31,AMZN,0,0.27874363920442685,8
2023-07-31,GOOGL,0,0.05812280891933626,8
2023-07-31,INTC,0,0.19576254587926384,8
2023-07-31,MSFT,0,0.04246634305597645,8
2023-07-31,NVDA,0,0.506165760133978,8
2023-07-31,PFE,0,0.08184924780568181,8
2023-07-31,PYPL,0,0.3593920102703744,8
2023-07-31,SPY,0,9.520882072454318e-05,8
2023-07-31,ZM,0,0.547059105143827,8
2023-08-01,AAPL,0,0.14549656422843404,8
2023-08-01,AMZN,0,0.23536729044543758,8
2023-08-01,GOOGL,0,0.2803379483404791,8
2023-08-01,INTC,0,0.06899084494909351,8
2023-08-01,MSFT,0,0.032121707358957204,8
2023-08-01,NVDA,0,0.47957313941997176,8
2023-08-01,PFE,0,0.08113210698252478,8
2023-08-01,PYPL,0,0.43778538486886887,8
2023-08-01,SPY,0,0.0037083887346189585,8
2023-08-01,ZM,0,0.6838339878549792,8
2023-08-02,AAPL,0,0.05966404947472633,8
2023-08-02,AMZN,1,0.20669953718544135,8
2023-08-02,GOOGL,0,0.3448751388469283,8
2023-08-02,INTC,0,0.030272241944179133,8
2023-08-02,MSFT,0,0.2189327331214183,8
2023-08-02,NVDA,0,0.4693275695100703,8
2023-08-02,PFE,0,0.10672940544650278,8
2023-08-02,PYPL,0,0.3481194688422786,8
2023-08-02,SPY,0,0.0019929248216757375,8
2023-08-02,ZM,0,0.38708058949592344,8
2023-08-03,AAPL,0,0.10885559571321593,8
2023-08-03,AMZN,1,0.3024284406243669,8
2023-08-03,GOOGL,0,0.2028053827739246,8
2023-08-03,INTC,0,0.059450749372403223,8
2023-08-03,MSFT,0,0.15744371406635024,8
2023-08-03,NVDA,0,0.37239207252267387,8
2023-08-03,PFE,0,0.12688979138834094,8
2023-08-03,PYPL,0,0.5731162063247615,8
2023-08-03,SPY,0,0.002987646636373394,8
2023-08-03,ZM,0,0.6723062202729888,8
2023-08-04,AAPL,0,0.2613597398895071,8
2023-08-04,AMZN,0,0.04265839810922618,8
2023-08-04,GOOGL,0,0.03713315868298388,8
2023-08-04,INTC,0,0.08601804506519861,8
2023-08-04,MSFT,0,0.004031190107025762,8
2023-08-04,NVDA,0,0.0897261062369211,8
2023-08-04,PFE,0,0.13127374613825066,8
2023-08-04,PYPL,0,0.6048416318361419,8
2023-08-04,SPY,0,0.005704387010343603,8
2023-08-04,ZM,0,0.6967563919050584,8
2023-08-07,AAPL,0,0.13869159091980238,8
2023-08-07,AMZN,0,0.03240759593656822,8
2023-08-07,GOOGL,0,0.038415563318331264,8
2023-08-07,INTC,0,0.05348756026615705,8
2023-08-07,MSFT,0,0.0077500368181159796,8
2023-08-07,NVDA,0,0.07636009870221216,8
2023-08-07,PFE,0,0.28262026835876436,8
2023-08-07,PYPL,0,0.3208872401677975,8
2023-08-07,SPY,0,0.0017303861044491253,8
2023-08-07,ZM,0,0.5721700361869109,8
2023-08-08,AAPL,0,0.23850800145011605,8
2023-08-08,AMZN,0,0.38689336735136337,8
2023-08-08,GOOGL,0,0.17311824104643678,8
2023-08-08,INTC,0,0.10870692367290402,8
2023-08-08,MSFT,0,0.03713892438159424,8
2023-08-08,NVDA,0,0.14052547785405056,8
2023-08-08,PFE,0,0.2654586483070025,8
2023-08-08,PYPL,0,0.34384306990614827,8
2023-08-08,SPY,0,0.02975947464721699,8
2023-08-08,ZM,0,0.5833783298805497,8
2023-08-09,AAPL,0,0.17904053704713185,8
2023-08-09,AMZN,0,0.2867073797222693,8
2023-08-09,GOOGL,0,0.45137538690786766,8
2023-08-09,INTC,0,0.04131382779018976,8
2023-08-09,MSFT,0,0.04108979674585818,8
2023-08-09,NVDA,0,0.3486756896429122,8
2023-08-09,PFE,0,0.16279946609863816,8
2023-08-09,PYPL,0,0.33970712836705164,8
2023-08-09,SPY,0,0.05481207819235595,8
2023-08-09,ZM,0,0.5337352811162568,8
2023-08-10,AAPL,0,0.11067095898118168,8
2023-08-10,AMZN,0,0.3699992789375875,8
2023-08-10,GOOGL,0,0.2886244935200823,8
2023-08-10,INTC,0,0.06607844394468335,8
2023-08-10,MSFT,0,0.02046571358781329,8
2023-08-10,NVDA,0,0.3719267897248166,8
2023-08-10,PFE,0,0.2996026155471066,8
2023-08-10,PYPL,0,0.3235169794664904,8
2023-08-10,SPY,0,0.025783747158472276,8
2023-08-10,ZM,0,0.5229974646871803,8
2023-08-11,AAPL,0,0.39818160048340673,8
2023-08-11,AMZN,0,0.2909354391528875,8
2023-08-11,GOOGL,0,0.2746114220043886,8
2023-08-11,INTC,0,0.050250345310445595,8
2023-08-11,MSFT,0,0.205237131117762,8
2023-08-11,NVDA,1,0.2573298608012424,8
2023-08-11,PFE,0,0.07657503876866514,8
2023-08-11,PYPL,0,0.2447181944793724,8
2023-08-11,SPY,0,0.005797791688102062,8
2023-08-11,ZM,0,0.6275674489208757,8
2023-08-14,AAPL,0,0.11563123703927868,8
2023-08-14,AMZN,0,0.543175646251537,8
2023-08-14,GOOGL,0,0.5215952054185022,8
2023-08-14,INTC,0,0.0825391086724654,8
2023-08-14,MSFT,0,0.18121386918969673,8
2023-08-14,NVDA,0,0.49568560274758483,8
2023-08-14,PFE,0,0.09035810732935476,8
2023-08-14,PYPL,0,0.4406083740079286,8
2023-08-14,SPY,0,0.018239261038530786,8
2023-08-14,ZM,0,0.6332432062479443,8
2023-08-15,AAPL,0,0.45985323685388935,8
2023-08-15,AMZN,0,0.26373855051968287,8
2023-08-15,GOOGL,0,0.3859191709322706,8
2023-08-15,INTC,0,0.03824180268923368,8
2023-08-15,MSFT,0,0.230345480883736,8
2023-08-15,NVDA,0,0.45085015727132793,8
2023-08-15,PFE,0,0.07585695707956724,8
2023-08-15,PYPL,0,0.4198755724025051,8
2023-08-15,SPY,0,0.028085092523438635,8
2023-08-15,ZM,0,0.6342006579570248,8
2023-08-16,AAPL,0,0.5022582503049591,8
2023-08-16,AMZN,0,0.22769155499641228,8
2023-08-16,GOOGL,0,0.4255136381509292,8
2023-08-16,INTC,0,0.05156757779455332,8
2023-08-16,MSFT,0,0.5762668845736559,8
2023-08-16,NVDA,1,0.705179967241371,8
2023-08-16,PFE,0,0.07042550136744936,8
2023-08-16,PYPL,0,0.117380209354353,8
2023-08-16,SPY,0,0.012243927395171616,8
2023-08-16,ZM,0,0.5936351309340097,8
2023-08-17,AAPL,0,0.5961541411338032,8
2023-08-17,AMZN,0,0.49137848991098776,8
2023-08-17,GOOGL,0,0.3239179524065189,8
2023-08-17,INTC,0,0.0335727813753498,8
2023-08-17,MSFT,0,0.1618761476605095,8
2023-08-17,NVDA,1,0.6575819630447632,8
2023-08-17,PFE,0,0.0854806072667359,8
2023-08-17,PYPL,0,0.1523914139284945,8
2023-08-17,SPY,0,0.014518998568039053,8
2023-08-17,ZM,0,0.4786531128622424,8
2023-08-18,AAPL,0,0.39089021954681996,8
2023-08-18,AMZN,0,0.29619500029943546,8
2023-08-18,GOOGL,0,0.15628601024013244,8
2023-08-18,INTC,0,0.07555731317766394,8
2023-08-18,MSFT,0,0.09373647451573718,8
2023-08-18,NVDA,1,0.2011475798920032,8
2023-08-18,PFE,0,0.09392952960837798,8
2023-08-18,PYPL,0,0.07401243236561637,8
2023-08-18,SPY,0,0.003442757305550484,8
2023-08-18,ZM,0,0.1498691168792517,8
2023-08-21,AAPL,0,0.46179692561887975,8
2023-08-21,AMZN,0,0.6023512188616718,8
2023-08-21,GOOGL,0,0.338852523029052,8
2023-08-21,INTC,0,0.07708033142840258,8
2023-08-21,MSFT,0,0.019524815089724028,8
2023-08-21,NVDA,0,0.7128361386640039,8
2023-08-21,PFE,0,0.3861297239140469,8
2023-08-21,PYPL,0,0.0933904884419258,8
2023-08-21,SPY,0,0.0078139926309457,8
2023-08-21,ZM,0,0.13284127339924565,8
2023-08-22,AAPL,0,0.4714929863934198,8
2023-08-22,AMZN,0,0.38589630876670883,8
2023-08-22,GOOGL,0,0.4153067187055866,8
2023-08-22,INTC,0,0.06348806383259514,8
2023-08-22,MSFT,0,0.0262175594725515,8
2023-08-22,NVDA,1,0.5759784899432596,8
2023-08-22,PFE,0,0.27603858663214903,8
2023-08-22,PYPL,0,0.07369114270522886,8
2023-08-22,SPY,0,0.012874485283040962,8
2023-08-22,ZM,0,0.2820515083201522,8
2023-08-23,AAPL,0,0.10259716472803243,8
2023-08-23,AMZN,0,0.2924826891608572,8
2023-08-23,GOOGL,0,0.30126115962038913,8
2023-08-23,INTC,0,0.044386799738084855,8
2023-08-23,MSFT,0,0.004257189582379885,8
2023-08-23,NVDA,0,0.6606400375486087,8
2023-08-23,PFE,0,0.29303152433501806,8
2023-08-23,PYPL,0,0.1953851969976817,8
2023-08-23,SPY,0,0.01045740327269119,8
2023-08-23,ZM,0,0.4169474772690176,8
2023-08-24,AAPL,0,0.1604907386863088,8
2023-08-24,AMZN,0,0.38148966317413785,8
2023-08-24,GOOGL,0,0.0716530734040484,8
2023-08-24,INTC,1,0.02758599869824009,8
2023-08-24,MSFT,0,0.07486370685342138,8
2023-08-24,NVDA,0,0.5204140908512741,8
2023-08-24,PFE,0,0.20929816227761835,8
2023-08-24,PYPL,0,0.17791866942231968,8
2023-08-24,SPY,0,0.020799192984571654,8
2023-08-24,ZM,1,0.3422060308845763,8
2023-08-25,AAPL,0,0.0405921024475729,8
2023-08-25,AMZN,0,0.36082913305465686,8
2023-08-25,GOOGL,0,0.1475185696823531,8
2023-08-25,INTC,1,0.04720520264511018,8
2023-08-25,MSFT,0,0.026063749936675228,8
2023-08-25,NVDA,1,0.4411120140365542,8
2023-08-25,PFE,0,0.16243680456449558,8
2023-08-25,PYPL,0,0.18857532689914444,8
2023-08-25,SPY,0,0.003431719748255977,8
2023-08-25,ZM,0,0.355184611847483,8
2023-08-28,AAPL,0,0.18298952220124448,8
2023-08-28,AMZN,0,0.3972588602968971,8
2023-08-28,GOOGL,0,0.2954061613642407,8
2023-08-28,INTC,1,0.06680057066726418,8
2023-08-28,MSFT,0,0.003799526912730501,8
2023-08-28,NVDA,0,0.71927383652769,8
2023-08-28,PFE,0,0.2090501523045996,8
2023-08-28,PYPL,0,0.1901748713871983,8
2023-08-28,SPY,0,0.0024784965213890875,8
2023-08-28,ZM,1,0.759688620575929,8
2023-08-29,AAPL,0,0.04488052834814452,8
2023-08-29,AMZN,0,0.16735492642065825,8
2023-08-29,GOOGL,0,0.2223004573198948,8
2023-08-29,INTC,1,0.03114249692876692,8
2023-08-29,MSFT,0,0.0019518689825712323,8
2023-08-29,NVDA,0,0.39499565083647936,8
2023-08-29,PFE,0,0.25766411072300394,8
2023-08-29,PYPL,0,0.1027011129747654,8
2023-08-29,SPY,0,0.0004740546207669805,8
2023-08-29,ZM,1,0.20569873594689905,8
2023-08-30,AAPL,0,0.06633232291378584,8
2023-08-30,AMZN,0,0.1634577881665884,8
2023-08-30,GOOGL,0,0.3376088342307268,8
2023-08-30,INTC,1,0.06771123504185957,8
2023-08-30,MSFT,0,0.002524971421074152,8
2023-08-30,NVDA,0,0.29853674684689435,8
2023-08-30,PFE,0,0.10135635847401032,8
2023-08-30,PYPL,0,0.10310638731912738,8
2023-08-30,SPY,0,0.0006952349149142226,8
2023-08-30,ZM,1,0.6029618268799194,8
2023-08-31,AAPL,0,0.02535033190376439,8
2023-08-31,AMZN,0,0.036838066515668635,8
2023-08-31,GOOGL,0,0.05345117569010627,8
2023-08-31,INTC,1,0.022825973962807562,8
2023-08-31,MSFT,0,0.010708574644362673,8
2023-08-31,NVDA,0,0.3662307891167062,8
2023-08-31,PFE,0,0.1111271182758096,8
2023-08-31,PYPL,0,0.13789198155267782,8
2023-08-31,SPY,0,0.00098191133896796,8
2023-08-31,ZM,1,0.22211487644836234,8
2023-09-01,AAPL,0,0.0534994348180844,8
2023-09-01,AMZN,0,0.05153600050310328,8
2023-09-01,GOOGL,0,0.06580937365650656,8
2023-09-01,INTC,0,0.019060057575069893,8
2023-09-01,MSFT,0,0.002051732089308106,8
2023-09-01,NVDA,0,0.10154163144229375,8
2023-09-01,PFE,0,0.061147477547748935,8
2023-09-01,PYPL,0,0.06697645207948437,8
2023-09-01,SPY,0,0.000836002502831748,8
2023-09-01,ZM,0,0.20163806274199952,8
2023-09-05,AAPL,0,0.005918715039603064,8
2023-09-05,AMZN,0,0.0374369206932769,8
2023-09-05,GOOGL,0,0.02591408549786077,8
2023-09-05,INTC,1,0.02883806679775884,8
2023-09-05,MSFT,0,0.006148857234721425,8
2023-09-05,NVDA,0,0.08807089590828716,8
2023-09-05,PFE,0,0.04901960755054168,8
2023-09-05,PYPL,0,0.13812861650286296,8
2023-09-05,SPY,0,0.0022460540734999495,8
2023-09-05,ZM,0,0.14514329609400034,8
2023-09-06,AAPL,0,0.07687684005942355,8
2023-09-06,AMZN,1,0.062173938498317795,8
2023-09-06,GOOGL,0,0.06128777929273206,8
2023-09-06,INTC,1,0.5396239182706588,8
2023-09-06,MSFT,0,0.03859310532199257,8
2023-09-06,NVDA,0,0.24215547515610417,8
2023-09-06,PFE,0,0.1812331021151873,8
2023-09-06,PYPL,0,0.2297031098326272,8
2023-09-06,SPY,0,0.0014974426662811456,8
2023-09-06,ZM,0,0.21623856351828655,8
2023-09-07,AAPL,0,0.1549332278417191,8
2023-09-07,AMZN,0,0.05409688616136004,8
2023-09-07,GOOGL,0,0.16910395542875628,8
2023-09-07,INTC,0,0.5154877643526421,8
2023-09-07,MSFT,0,0.011259547210454572,8
2023-09-07,NVDA,0,0.07061859380021611,8
2023-09-07,PFE,0,0.20478135959478705,8
2023-09-07,PYPL,0,0.021391576734698225,8
2023-09-07,SPY,0,0.0017828339025676037,8
2023-09-07,ZM,0,0.1599234158344875,8
2023-09-08,AAPL,0,0.021078201803219603,8
2023-09-08,AMZN,0,0.03281048063125008,8
2023-09-08,GOOGL,0,0.08284202386781861,8
2023-09-08,INTC,0,0.6961248465977362,8
2023-09-08,MSFT,0,0.002868454628322832,8
2023-09-08,NVDA,0,0.05263829420520859,8
2023-09-08,PFE,0,0.13540419444748006,8
2023-09-08,PYPL,1,0.02113487510690717,8
2023-09-08,SPY,0,0.0007072186945005121,8
2023-09-08,ZM,0,0.16871137505085,8
2023-09-11,AAPL,0,0.0677358962026528,8
2023-09-11,AMZN,0,0.292506891683672,8
2023-09-11,GOOGL,0,0.023056120750042913,8
2023-09-11,INTC,0,0.822864652945698,8
2023-09-11,MSFT,0,0.08095837058161409,8
2023-09-11,NVDA,0,0.1494118243712457,8
2023-09-11,PFE,0,0.11057864559633719,8
2023-09-11,PYPL,0,0.008932395949849955,8
2023-09-11,SPY,0,0.00121614627000915,8
2023-09-11,ZM,0,0.26152240730215276,8
2023-09-12,AAPL,0,0.016283302018935405,8
2023-09-12,AMZN,0,0.09187476280899941,8
2023-09-12,GOOGL,0,0.1423898359869935,8
2023-09-12,INTC,0,0.8657643082550256,8
2023-09-12,MSFT,0,0.06703920901049519,8
2023-09-12,NVDA,0,0.0982873576659379,8
2023-09-12,PFE,0,0.26774352485065495,8
2023-09-12,PYPL,0,0.010256404779049873,8
2023-09-12,SPY,0,0.0017114054521814837,8
2023-09-12,ZM,0,0.17031054547369584,8
2023-09-13,AAPL,0,0.06251655557514732,8
2023-09-13,AMZN,0,0.0760489866919028,8
2023-09-13,GOOGL,0,0.11675512412237594,8
2023-09-13,INTC,0,0.8627013623723715,8
2023-09-13,MSFT,0,0.003602730687414943,8
2023-09-13,NVDA,0,0.034598313054382,8
2023-09-13,PFE,0,0.2765547854503844,8
2023-09-13,PYPL,0,0.053726030958602504,8
2023-09-13,SPY,0,0.0009808993532964992,8
2023-09-13,ZM,0,0.1570254712062649,8
2023-09-14,AAPL,0,0.03727423669025819,8
2023-09-14,AMZN,0,0.11922544332715176,8
2023-09-14,GOOGL,0,0.19547747610524321,8
2023-09-14,INTC,0,0.7817009245461546,8
2023-09-14,MSFT,0,0.04960105846835543,8
2023-09-14,NVDA,0,0.12871960037383318,8
2023-09-14,PFE,0,0.1599773899927117,8
2023-09-14,PYPL,0,0.07946840415922654,8
2023-09-14,SPY,0,0.0011966200748047072,8
2023-09-14,ZM,0,0.05243568532206196,8
2023-09-15,AAPL,0,0.17774851675768732,8
2023-09-15,AMZN,0,0.34937971081586855,8
2023-09-15,GOOGL,0,0.088570637119344,8
2023-09-15,INTC,0,0.4361567778334474,8
2023-09-15,MSFT,0,0.23409403562206763,8
2023-09-15,NVDA,0,0.2673337044137283,8
2023-09-15,PFE,0,0.2995181658129526,8
2023-09-15,PYPL,0,0.3235653371549078,8
2023-09-15,SPY,0,0.0020918021474920657,8
2023-09-15,ZM,0,0.21486377982643712,8
2023-09-18,AAPL,0,0.03281350285200822,8
2023-09-18,AMZN,0,0.1281379159016105,8
2023-09-18,GOOGL,0,0.07838619585781881,8
2023-09-18,INTC,0,0.5043207501026273,8
2023-09-18,MSFT,0,0.04070687988749791,8
2023-09-18,NVDA,0,0.13965319583309957,8
2023-09-18,PFE,0,0.14726760151656407,8
2023-09-18,PYPL,0,0.08333299060415518,8
2023-09-18,SPY,0,0.0007174185204208576,8
2023-09-18,ZM,0,0.34120184459935976,8
2023-09-19,AAPL,0,0.1799726573445699,8
2023-09-19,AMZN,0,0.1016697941791027,8
2023-09-19,GOOGL,0,0.1513046172847859,8
2023-09-19,INTC,0,0.07276540663123718,8
2023-09-19,MSFT,0,0.005933414755741084,8
2023-09-19,NVDA,0,0.1047136452697956,8
2023-09-19,PFE,0,0.15897313060724264,8
2023-09-19,PYPL,0,0.1619214699212973,8
2023-09-19,SPY,0,0.03287048770230513,8
2023-09-19,ZM,0,0.3956599426832676,8
2023-09-20,AAPL,0,0.06906195346559527,8
2023-09-20,AMZN,0,0.20743155429743843,8
2023-09-20,GOOGL,0,0.5265534715409897,8
2023-09-20,INTC,0,0.0982741356652188,8
2023-09-20,MSFT,0,0.2615988655344667,8
2023-09-20,NVDA,0,0.3292864024761574,8
2023-09-20,PFE,0,0.23041276116635134,8
2023-09-20,PYPL,0,0.10320496017872277,8
2023-09-20,SPY,0,0.007143560444706774,8
2023-09-20,ZM,0,0.35872504151933626,8
2023-09-21,AAPL,0,0.01457312287921658,8
2023-09-21,AMZN,0,0.14680844724499834,8
2023-09-21,GOOGL,0,0.24647384629357,8
2023-09-21,INTC,0,0.041461441177527494,8
2023-09-21,MSFT,0,0.11199740389706066,8
2023-09-21,NVDA,0,0.4340204670529403,8
2023-09-21,PFE,0,0.3179035093753108,8
2023-09-21,PYPL,0,0.6649404296645429,8
2023-09-21,SPY,0,0.005182765745938046,8
2023-09-21,ZM,0,0.5627378335734211,8
2023-09-22,AAPL,0,0.018452656252387005,8
2023-09-22,AMZN,0,0.29912512336956004,8
2023-09-22,GOOGL,0,0.1084090610718385,8
2023-09-22,INTC,0,0.033174511872253544,8
2023-09-22,MSFT,0,0.06608036779358041,8
2023-09-22,NVDA,0,0.10860841917492164,8
2023-09-22,PFE,0,0.27801179366547285,8
2023-09-22,PYPL,0,0.3144306454393147,8
2023-09-22,SPY,0,0.012858012747626433,8
2023-09-22,ZM,0,0.30372787555249275,8
2023-09-25,AAPL,0,0.05386550807745685,8
2023-09-25,AMZN,0,0.07230115239971294,8
2023-09-25,GOOGL,0,0.21560594882109707,8
2023-09-25,INTC,0,0.03371917903707152,8
2023-09-25,MSFT,0,0.018504822767603322,8
2023-09-25,NVDA,1,0.1303986256241523,8
2023-09-25,PFE,0,0.1882726962464615,8
2023-09-25,PYPL,0,0.2350335017805576,8
2023-09-25,SPY,0,0.004778381095656168,8
2023-09-25,ZM,0,0.5394554776531773,8
2023-09-26,AAPL,0,0.021892088773463624,8
2023-09-26,AMZN,0,0.2563561110209281,8
2023-09-26,GOOGL,0,0.08661636746386664,8
2023-09-26,INTC,1,0.022348396833425255,8
2023-09-26,MSFT,0,0.21888743199146868,8
2023-09-26,NVDA,1,0.14618235800648235,8
2023-09-26,PFE,0,0.10666094917121473,8
2023-09-26,PYPL,0,0.4359824932665675,8
2023-09-26,SPY,0,0.007971424139507398,8
2023-09-26,ZM,0,0.4676198673755916,8
2023-09-27,AAPL,0,0.030474469077124335,8
2023-09-27,AMZN,0,0.1652204859155984,8
2023-09-27,GOOGL,0,0.06921859218129026,8
2023-09-27,INTC,0,0.008089038992452686,8
2023-09-27,MSFT,0,0.05331651552809426,8
2023-09-27,NVDA,1,0.09457148027776023,8
2023-09-27,PFE,1,0.10812901157556473,8
2023-09-27,PYPL,0,0.5258338396583481,8
2023-09-27,SPY,0,0.005342874589148434,8
2023-09-27,ZM,0,0.42297323897581346,8
2023-09-28,AAPL,0,0.020295536997593292,8
2023-09-28,AMZN,0,0.13868932502272086,8
2023-09-28,GOOGL,0,0.060335323095187396,8
2023-09-28,INTC,0,0.023772381832437187,8
2023-09-28,MSFT,0,0.04969886583734476,8
2023-09-28,NVDA,0,0.10796238461374065,8
2023-09-28,PFE,1,0.09686900339078097,8
2023-09-28,PYPL,0,0.06526259479352568,8
2023-09-28,SPY,0,0.005413406527330032,8
2023-09-28,ZM,0,0.28166025488602037,8
2023-09-29,AAPL,0,0.018886005896899975,8
2023-09-29,AMZN,0,0.25276700659933193,8
2023-09-29,GOOGL,0,0.3880132766349157,8
2023-09-29,INTC,0,0.0592875415848797,8
2023-09-29,MSFT,0,0.13657354235616173,8
2023-09-29,NVDA,0,0.11952781788072338,8
2023-09-29,PFE,0,0.054322912277071506,8
2023-09-29,PYPL,0,0.18986270198963393,8
2023-09-29,SPY,0,0.013444522439407402,8
2023-09-29,ZM,0,0.09154813048153666,8
2023-10-02,AAPL,0,0.045528156622934086,8
2023-10-02,AMZN,0,0.15142852780845925,8
2023-10-02,GOOGL,0,0.05908322726299943,8
2023-10-02,INTC,0,0.032615358363965244,8
2023-10-02,MSFT,0,0.05357544235566198,8
2023-10-02,NVDA,0,0.03255544169409695,8
2023-10-02,PFE,0,0.029912573326021426,8
2023-10-02,PYPL,0,0.20800243213257294,8
2023-10-02,SPY,0,0.005390911329699069,8
2023-10-02,ZM,0,0.2875852404230283,8
2023-10-03,AAPL,0,0.11134069807767309,8
2023-10-03,AMZN,0,0.6029541147287828,8
2023-10-03,GOOGL,0,0.21186657398490152,8
2023-10-03,INTC,0,0.052075143311542886,8
2023-10-03,MSFT,0,0.15752418170781796,8
2023-10-03,NVDA,0,0.28699655871099305,8
2023-10-03,PFE,0,0.11754517004654784,8
2023-10-03,PYPL,0,0.20264805918724463,8
2023-10-03,SPY,0,0.0056046417829023415,8
2023-10-03,ZM,0,0.8280079755069866,8
2023-10-04,AAPL,0,0.1753425996105415,8
2023-10-04,AMZN,0,0.10486712242508807,8
2023-10-04,GOOGL,0,0.08172214835921689,8
2023-10-04,INTC,0,0.05996564844748636,8
2023-10-04,MSFT,0,0.013622163582495359,8
2023-10-04,NVDA,0,0.13298664784083067,8
2023-10-04,PFE,0,0.05277954887443332,8
2023-10-04,PYPL,0,0.05714308493318635,8
2023-10-04,SPY,0,0.006412817789033519,8
2023-10-04,ZM,0,0.6390360643514076,8
2023-10-05,AAPL,0,0.11938155489754117,8
2023-10-05,AMZN,1,0.1512741094355739,8
2023-10-05,GOOGL,0,0.08617946484280758,8
2023-10-05,INTC,0,0.037489575236106625,8
2023-10-05,MSFT,0,0.023151153472136164,8
2023-10-05,NVDA,1,0.04974968841896484,8
2023-10-05,PFE,0,0.17317808603884133,8
2023-10-05,PYPL,0,0.1391435671658622,8
2023-10-05,SPY,0,0.004634815026828088,8
2023-10-05,ZM,0,0.6910479808068983,8
2023-10-06,AAPL,0,0.023353189160716457,8
2023-10-06,AMZN,0,0.08836698595741098,8
2023-10-06,GOOGL,0,0.047103810812416325,8
2023-10-06,INTC,0,0.03735593540747399,8
2023-10-06,MSFT,0,0.01076185286188404,8
2023-10-06,NVDA,0,0.04323005110293272,8
2023-10-06,PFE,0,0.2332988571732404,8
2023-10-06,PYPL,0,0.09105484032081869,8
2023-10-06,SPY,0,0.004454062150167934,8
2023-10-06,ZM,0,0.5251074084786177,8
2023-10-09,AAPL,0,0.08295752477017988,8
2023-10-09,AMZN,0,0.0912518122808326,8
2023-10-09,GOOGL,0,0.17363451752626144,8
2023-10-09,INTC,0,0.031879403728468814,8
2023-10-09,MSFT,0,0.029316830919938107,8
2023-10-09,NVDA,0,0.059643625195817326,8
2023-10-09,PFE,0,0.32263613746455794,8
2023-10-09,PYPL,0,0.15476968353025533,8
2023-10-09,SPY,0,0.007882204078172557,8
2023-10-09,ZM,0,0.3116992295422516,8
2023-10-10,AAPL,0,0.14826088391039144,8
2023-10-10,AMZN,0,0.10841430234658918,8
2023-10-10,GOOGL,0,0.11623894707939483,8
2023-10-10,INTC,0,0.39485435955035625,8
2023-10-10,MSFT,0,0.16029533092207468,8
2023-10-10,NVDA,0,0.19949261023636483,8
2023-10-10,PFE,0,0.3664317464376753,8
2023-10-10,PYPL,0,0.11118080118773496,8
2023-10-10,SPY,0,0.0036090316270859235,8
2023-10-10,ZM,0,0.06127563026521041,8
2023-10-11,AAPL,0,0.18993149672357498,8
2023-10-11,AMZN,0,0.06132910284387443,8
2023-10-11,GOOGL,0,0.13495381122712413,8
2023-10-11,INTC,0,0.5347105450222689,8
2023-10-11,MSFT,0,0.41694893081051865,8
2023-10-11,NVDA,0,0.20444004339236307,8
2023-10-11,PFE,0,0.30805642661525773,8
2023-10-11,PYPL,0,0.018337212607220908,8
2023-10-11,SPY,0,0.001537135030395111,8
2023-10-11,ZM,0,0.602034785493925,8
2023-10-12,AAPL,0,0.12453548027532704,8
2023-10-12,AMZN,0,0.11636022358785787,8
2023-10-12,GOOGL,0,0.2622730553453121,8
2023-10-12,INTC,0,0.5185009360392074,8
2023-10-12,MSFT,0,0.4297364171225401,8
2023-10-12,NVDA,0,0.1254724561971573,8
2023-10-12,PFE,0,0.16790022014950903,8
2023-10-12,PYPL,0,0.08936922622786299,8
2023-10-12,SPY,0,0.006088946524424853,8
2023-10-12,ZM,0,0.41373841298596853,8
2023-10-13,AAPL,0,0.11898484778527814,8
2023-10-13,AMZN,0,0.13681690277004338,8
2023-10-13,GOOGL,0,0.14029530693122708,8
2023-10-13,INTC,0,0.06089070844391012,8
2023-10-13,MSFT,0,0.050970733175985744,8
2023-10-13,NVDA,0,0.2948672263413081,8
2023-10-13,PFE,0,0.5956281690227205,8
2023-10-13,PYPL,0,0.04369053232033505,8
2023-10-13,SPY,0,0.0015175775873645693,8
2023-10-13,ZM,0,0.410329589634939,8
2023-10-16,AAPL,0,0.2326784491088294,8
2023-10-16,AMZN,0,0.086427813152701,8
2023-10-16,GOOGL,0,0.06104235418521261,8
2023-10-16,INTC,0,0.39207564439924003,8
2023-10-16,MSFT,0,0.02200892608527585,8
2023-10-16,NVDA,0,0.1557472687044108,8
2023-10-16,PFE,0,0.16833775047759503,8
2023-10-16,PYPL,0,0.0064109129246372595,8
2023-10-16,SPY,0,0.0012097528132666909,8
2023-10-16,ZM,0,0.4191989555330081,8
2023-10-17,AAPL,0,0.06457184673465981,8
2023-10-17,AMZN,0,0.055428352022741746,8
2023-10-17,GOOGL,0,0.09009080367321225,8
2023-10-17,INTC,0,0.04780047961333418,8
2023-10-17,MSFT,0,0.22712855536245713,8
2023-10-17,NVDA,0,0.20332467765782244,8
2023-10-17,PFE,0,0.030977318131811447,8
2023-10-17,PYPL,0,0.012763605097726973,8
2023-10-17,SPY,0,0.0008214735029408553,8
2023-10-17,ZM,0,0.2025140100634448,8
2023-10-18,AAPL,0,0.05482547311549461,8
2023-10-18,AMZN,0,0.21035925027150476,8
2023-10-18,GOOGL,0,0.15152614412639562,8
2023-10-18,INTC,0,0.014761162633912018,8
2023-10-18,MSFT,0,0.053077405458019096,8
2023-10-18,NVDA,0,0.10131921467121487,8
2023-10-18,PFE,0,0.28416861426312684,8
2023-10-18,PYPL,0,0.08875652128186548,8
2023-10-18,SPY,0,0.0034037359100767433,8
2023-10-18,ZM,0,0.5300294297125443,8
2023-10-19,AAPL,0,0.2702512725578517,8
2023-10-19,AMZN,0,0.1522158827961468,8
2023-10-19,GOOGL,0,0.06418967900682745,8
2023-10-19,INTC,0,0.009801731099839091,8
2023-10-19,MSFT,0,0.007318920740475547,8
2023-10-19,NVDA,0,0.19323814078380883,8
2023-10-19,PFE,0,0.40055477703237763,8
2023-10-19,PYPL,0,0.02481271978319622,8
2023-10-19,SPY,0,0.0017385860170569221,8
2023-10-19,ZM,0,0.39818757800929194,8
2023-10-20,AAPL,0,0.084049464912513,8
2023-10-20,AMZN,0,0.3032419459971543,8
2023-10-20,GOOGL,0,0.09242872030817298,8
2023-10-20,INTC,0,0.02020853229204101,8
2023-10-20,MSFT,0,0.08510669914881291,8
2023-10-20,NVDA,0,0.11790372344474252,8
2023-10-20,PFE,0,0.21945839140204054,8
2023-10-20,PYPL,0,0.0756600655835534,8
2023-10-20,SPY,0,0.007225032577571554,8
2023-10-20,ZM,0,0.41563954126955555,8
2023-10-23,AAPL,0,0.04683432964671391,8
2023-10-23,AMZN,0,0.23333175442548973,8
2023-10-23,GOOGL,0,0.16793204340513493,8
2023-10-23,INTC,0,0.10273359732762051,8
2023-10-23,MSFT,0,0.06535479064199977,8
2023-10-23,NVDA,0,0.08725142422569863,8
2023-10-23,PFE,0,0.34697718304787445,8
2023-10-23,PYPL,0,0.03819236664231978,8
2023-10-23,SPY,0,0.004575995975000537,8
2023-10-23,ZM,0,0.39818757800929194,8
2023-10-24,AAPL,0,0.04104167487205725,8
2023-10-24,AMZN,0,0.053424388674677054,8
2023-10-24,GOOGL,0,0.036294186639456764,8
2023-10-24,INTC,0,0.011236287899775524,8
2023-10-24,MSFT,0,0.011204232780837563,8
2023-10-24,NVDA,0,0.054745516146004265,8
2023-10-24,PFE,0,0.21020101083604048,8
2023-10-24,PYPL,0,0.011887105864747352,8
2023-10-24,SPY,0,0.0014324018682698376,8
2023-10-24,ZM,0,0.11032615970110222,8
2023-10-25,AAPL,0,0.09763825120138833,8
2023-10-25,AMZN,1,0.25638175491340254,8
2023-10-25,GOOGL,0,0.19413523829315157,8
2023-10-25,INTC,1,0.10240574678106222,8
2023-10-25,MSFT,0,0.03298587031727494,8
2023-10-25,NVDA,0,0.1668503418267328,8
2023-10-25,PFE,0,0.6111996201981384,8
2023-10-25,PYPL,0,0.10477175378916398,8
2023-10-25,SPY,0,0.01766889759167232,8
2023-10-25,ZM,0,0.7165902153032236,8
2023-10-26,AAPL,0,0.43257291439916606,8
2023-10-26,AMZN,1,0.21251167411224584,8
2023-10-26,GOOGL,0,0.2880546744773026,8
2023-10-26,INTC,1,0.023990268370848746,8
2023-10-26,MSFT,0,0.019244527479496936,8
2023-10-26,NVDA,0,0.1605549169361861,8
2023-10-26,PFE,0,0.7875601887895238,8
2023-10-26,PYPL,0,0.009612003382888656,8
2023-10-26,SPY,0,0.01585542809180692,8
2023-10-26,ZM,0,0.5883532282719104,8
2023-10-27,AAPL,0,0.3924710666582866,8
2023-10-27,AMZN,0,0.20999120251215708,8
2023-10-27,GOOGL,0,0.28136184488252813,8
2023-10-27,INTC,0,0.08414760628772092,8
2023-10-27,MSFT,0,0.00026167672206117877,8
2023-10-27,NVDA,1,0.06281557169569253,8
2023-10-27,PFE,0,0.617821469954044,8
2023-10-27,PYPL,1,0.055286536128847465,8
2023-10-27,SPY,0,0.004772086210774095,8
2023-10-27,ZM,0,0.2840466836364565,8
2023-10-30,AAPL,0,0.0809643798707666,8
2023-10-30,AMZN,0,0.08638494159233721,8
2023-10-30,GOOGL,0,0.1528792796182247,8
2023-10-30,INTC,0,0.04571736185889834,8
2023-10-30,MSFT,0,0.0005659344188090465,8
2023-10-30,NVDA,1,0.06590967960480078,8
2023-10-30,PFE,0,0.6829666628630218,8
2023-10-30,PYPL,1,0.02094000801592425,8
2023-10-30,SPY,0,0.0017827508738889294,8
2023-10-30,ZM,0,0.11098307335998235,8
2023-10-31,AAPL,0,0.07542912218057966,8
2023-10-31,AMZN,0,0.11679039845013246,8
2023-10-31,GOOGL,0,0.12207722132263979,8
2023-10-31,INTC,0,0.08108221335247177,8
2023-10-31,MSFT,0,0.0010552394527914783,8
2023-10-31,NVDA,1,0.042545875283283255,8
2023-10-31,PFE,0,0.6697483783961233,8
2023-10-31,PYPL,0,0.012614108298684847,8
2023-10-31,SPY,0,0.008354243768853025,8
2023-10-31,ZM,0,0.23334282999711842,8
2023-11-01,AAPL,0,0.20946773518493908,8
2023-11-01,AMZN,0,0.23409908350213068,8
2023-11-01,GOOGL,0,0.1842734606742801,8
2023-11-01,INTC,0,0.0631751616599744,8
2023-11-01,MSFT,0,0.0028573530856748227,8
2023-11-01,NVDA,1,0.23848767651666472,8
2023-11-01,PFE,0,0.784037455087093,8
2023-11-01,PYPL,1,0.08706129682296812,8
2023-11-01,SPY,0,0.011917576952258474,8
2023-11-01,ZM,0,0.4850636637712426,8
2023-11-02,AAPL,0,0.18219145217603358,8
2023-11-02,AMZN,0,0.08847531106106457,8
2023-11-02,GOOGL,0,0.19300553185245242,8
2023-11-02,INTC,0,0.0686421790477054,8
2023-11-02,MSFT,0,0.004674909807922246,8
2023-11-02,NVDA,1,0.1676288030462944,8
2023-11-02,PFE,0,0.29513469031078815,8
2023-11-02,PYPL,0,0.05291438311736447,8
2023-11-02,SPY,0,0.0027336926387369585,8
2023-11-02,ZM,0,0.40342456489092804,8
2023-11-03,AAPL,0,0.2911955238723486,8
2023-11-03,AMZN,0,0.07112665973654236,8
2023-11-03,GOOGL,0,0.14442941251291236,8
2023-11-03,INTC,0,0.07726403521386223,8
2023-11-03,MSFT,0,0.005510034570440042,8
2023-11-03,NVDA,0,0.12821986086047144,8
2023-11-03,PFE,0,0.5723795925585259,8
2023-11-03,PYPL,0,0.03621965891094427,8
2023-11-03,SPY,0,0.0025211091804265722,8
2023-11-03,ZM,0,0.3730028046822618,8
2023-11-06,AAPL,0,0.07920256280983831,8
2023-11-06,AMZN,0,0.27749731026840435,8
2023-11-06,GOOGL,0,0.14525361087195265,8
2023-11-06,INTC,0,0.1331623033191073,8
2023-11-06,MSFT,0,0.027212599287869135,8
2023-11-06,NVDA,0,0.07378739521879903,8
2023-11-06,PFE,0,0.5880033358405267,8
2023-11-06,PYPL,0,0.07789232871094143,8
2023-11-06,SPY,0,0.00186821069324688,8
2023-11-06,ZM,0,0.2515090366365529,8
2023-11-07,AAPL,0,0.06305669027341317,8
2023-11-07,AMZN,0,0.32612032082756126,8
2023-11-07,GOOGL,0,0.20194896803808304,8
2023-11-07,INTC,0,0.1365589407547672,8
2023-11-07,MSFT,0,0.008691606089536076,8
2023-11-07,NVDA,1,0.1103002759046187,8
2023-11-07,PFE,0,0.7867042911602775,8
2023-11-07,PYPL,0,0.0766028748940131,8
2023-11-07,SPY,0,0.0006516181914614494,8
2023-11-07,ZM,0,0.3476331006971878,8
2023-11-08,AAPL,0,0.18871162667011251,8
2023-11-08,AMZN,0,0.3242057093535498,8
2023-11-08,GOOGL,0,0.2542828350437897,8
2023-11-08,INTC,1,0.04747802064534414,8
2023-11-08,MSFT,0,0.008367059654620567,8
2023-11-08,NVDA,0,0.2742069768670167,8
2023-11-08,PFE,0,0.843884456706903,8
2023-11-08,PYPL,0,0.039860048177623314,8
2023-11-08,SPY,0,0.0005834658652440325,8
2023-11-08,ZM,0,0.4765895089403012,8
2023-11-09,AAPL,0,0.3155456955667102,8
2023-11-09,AMZN,0,0.3407382986023734,8
2023-11-09,GOOGL,0,0.3383416619673005,8
2023-11-09,INTC,1,0.17486636517425094,8
2023-11-09,MSFT,0,0.026571359284545088,8
2023-11-09,NVDA,0,0.16929860606498645,8
2023-11-09,PFE,0,0.8793070496958405,8
2023-11-09,PYPL,1,0.05999470300187237,8
2023-11-09,SPY,0,0.003998601541288774,8
2023-11-09,ZM,1,0.04425539349310435,8
2023-11-10,AAPL,0,0.016539319312458448,8
2023-11-10,AMZN,0,0.1478971334522201,8
2023-11-10,GOOGL,0,0.11506059103959883,8
2023-11-10,INTC,1,0.2586857172221419,8
2023-11-10,MSFT,0,0.005726113537288407,8
2023-11-10,NVDA,0,0.10877812527979099,8
2023-11-10,PFE,0,0.7101162531468898,8
2023-11-10,PYPL,0,0.04350021203161306,8
2023-11-10,SPY,0,0.0008437756982268936,8
2023-11-10,ZM,0,0.02234280262062509,8
2023-11-13,AAPL,0,0.0777275949882087,8
2023-11-13,AMZN,0,0.2618815844908922,8
2023-11-13,GOOGL,0,0.1699227547363947,8
2023-11-13,INTC,1,0.12794064315172382,8
2023-11-13,MSFT,0,0.013406102601555048,8
2023-11-13,NVDA,0,0.1782183009302989,8
2023-11-13,PFE,0,0.20728806947636777,8
2023-11-13,PYPL,1,0.05230351423945844,8
2023-11-13,SPY,0,0.0010320745114565436,8
2023-11-13,ZM,1,0.11118405593679136,8
2023-11-14,AAPL,0,0.004561399641795172,8
2023-11-14,AMZN,0,0.16099728536309524,8
2023-11-14,GOOGL,0,0.2295630131522558,8
2023-11-14,INTC,1,0.27937628868729236,8
2023-11-14,MSFT,0,0.008731181453082644,8
2023-11-14,NVDA,0,0.1739121250757608,8
2023-11-14,PFE,0,0.28739947203530414,8
2023-11-14,PYPL,0,0.01300835527148384,8
2023-11-14,SPY,0,0.00024537599748437037,8
2023-11-14,ZM,0,0.027799939912137212,8
2023-11-15,AAPL,0,0.012120971984807782,8
2023-11-15,AMZN,0,0.26213232350055005,8
2023-11-15,GOOGL,0,0.2415875658174811,8
2023-11-15,INTC,1,0.26339310988000947,8
2023-11-15,MSFT,0,0.0048295961124774954,8
2023-11-15,NVDA,0,0.28542476746503836,8
2023-11-15,PFE,0,0.14981474487006313,8
2023-11-15,PYPL,0,0.007948298809118747,8
2023-11-15,SPY,0,0.0001795644088165365,8
2023-11-15,ZM,0,0.021053099654841166,8
2023-11-16,AAPL,0,0.009325532843010105,8
2023-11-16,AMZN,0,0.6874752149134262,8
2023-11-16,GOOGL,0,0.21704892428654327,8
2023-11-16,INTC,0,0.43489338348398854,8
2023-11-16,MSFT,0,0.002422187973531354,8
2023-11-16,NVDA,0,0.6374279462946478,8
2023-11-16,PFE,0,0.3745051018258387,8
2023-11-16,PYPL,0,0.046109514175210545,8
2023-11-16,SPY,0,0.0001778716053569945,8
2023-11-16,ZM,0,0.09514575851472039,8
2023-11-17,AAPL,0,0.009128407216504484,8
2023-11-17,AMZN,0,0.29796940997078264,8
2023-11-17,GOOGL,0,0.4393021648638519,8
2023-11-17,INTC,0,0.6006216668718581,8
2023-11-17,MSFT,0,0.026173757001077085,8
2023-11-17,NVDA,0,0.7470833456850703,8
2023-11-17,PFE,0,0.37464985415276725,8
2023-11-17,PYPL,0,0.05316590537127294,8
2023-11-17,SPY,0,0.00018668874804884407,8
2023-11-17,ZM,0,0.2599534667840051,8
2023-11-20,AAPL,0,0.008684014397533885,8
2023-11-20,AMZN,0,0.3696699397505227,8
2023-11-20,GOOGL,0,0.5662119318780937,8
2023-11-20,INTC,0,0.3293383910026806,8
2023-11-20,MSFT,0,0.00329217234383405,8
2023-11-20,NVDA,0,0.4943350292730039,8
2023-11-20,PFE,0,0.3824275795044663,8
2023-11-20,PYPL,0,0.009741441045459187,8
2023-11-20,SPY,0,0.00016002979912445434,8
2023-11-20,ZM,0,0.07874836780805258,8
2023-11-21,AAPL,0,0.003412835127655442,8
2023-11-21,AMZN,0,0.1877380409289291,8
2023-11-21,GOOGL,0,0.3608271717700945,8
2023-11-21,INTC,0,0.39106216827500245,8
2023-11-21,MSFT,0,0.016725073899159806,8
2023-11-21,NVDA,0,0.573801938115993,8
2023-11-21,PFE,0,0.39892737487277075,8
2023-11-21,PYPL,1,0.055754766208313676,8
2023-11-21,SPY,0,0.0005108594549221179,8
2023-11-21,ZM,0,0.40929999594370026,8
2023-11-22,AAPL,0,0.011748898289602768,8
2023-11-22,AMZN,0,0.19443395640357813,8
2023-11-22,GOOGL,0,0.4107330682050257,8
2023-11-22,INTC,0,0.15518223989953966,8
2023-11-22,MSFT,0,0.005294986808124305,8
2023-11-22,NVDA,0,0.5940532144392636,8
2023-11-22,PFE,0,0.20486759780776617,8
2023-11-22,PYPL,1,0.006052857878848846,8
2023-11-22,SPY,0,0.00014852607462130917,8
2023-11-22,ZM,1,0.5640700332852324,8
2023-11-24,AAPL,0,0.01583100654132796,8
2023-11-24,AMZN,0,0.042888427650224506,8
2023-11-24,GOOGL,0,0.13739580330083115,8
2023-11-24,INTC,0,0.38643683619349734,8
2023-11-24,MSFT,0,0.003598422480045572,8
2023-11-24,NVDA,0,0.027197272017145422,8
2023-11-24,PFE,0,0.361252138891838,8
2023-11-24,PYPL,1,0.018121485459025817,8
2023-11-24,SPY,0,0.0001618006714591825,8
2023-11-24,ZM,1,0.19213364430295524,8
2023-11-27,AAPL,0,0.005402795269408313,8
2023-11-27,AMZN,0,0.061931098515919034,8
2023-11-27,GOOGL,0,0.17325313696355416,8
2023-11-27,INTC,0,0.21784108839659133,8
2023-11-27,MSFT,0,0.032999925481997636,8
2023-11-27,NVDA,0,0.11340783058454017,8
2023-11-27,PFE,0,0.25338542126503083,8
2023-11-27,PYPL,1,0.01734113214644228,8
2023-11-27,SPY,0,0.0013307346751654757,8
2023-11-27,ZM,1,0.11616952787213483,8
2023-11-28,AAPL,0,0.009045258970535363,8
2023-11-28,AMZN,0,0.031925435001843784,8
2023-11-28,GOOGL,0,0.1022572987654289,8
2023-11-28,INTC,0,0.23160981391988078,8
2023-11-28,MSFT,0,0.204989577038822,8
2023-11-28,NVDA,0,0.03189747677373262,8
2023-11-28,PFE,0,0.35373647039437106,8
2023-11-28,PYPL,0,0.018133563490096247,8
2023-11-28,SPY,0,0.00031885576309066834,8
2023-11-28,ZM,0,0.15910718749545227,8
2023-11-29,AAPL,0,0.045308205828990235,8
2023-11-29,AMZN,0,0.024998445379831195,8
2023-11-29,GOOGL,0,0.09882034286336532,8
2023-11-29,INTC,0,0.14066525574845373,8
2023-11-29,MSFT,0,0.035728135948432084,8
2023-11-29,NVDA,0,0.055566537283452136,8
2023-11-29,PFE,0,0.3235669883966586,8
2023-11-29,PYPL,0,0.045189038091207646,8
2023-11-29,SPY,0,0.0004291983766534296,8
2023-11-29,ZM,0,0.10908083563882463,8
2023-11-30,AAPL,0,0.028329734713655696,8
2023-11-30,AMZN,0,0.09990709993122937,8
2023-11-30,GOOGL,0,0.10075657407056064,8
2023-11-30,INTC,0,0.4219408111178217,8
2023-11-30,MSFT,0,0.11548302274644366,8
2023-11-30,NVDA,0,0.06476968442858361,8
2023-11-30,PFE,0,0.11312173762491476,8
2023-11-30,PYPL,0,0.009168411418028767,8
2023-11-30,SPY,0,0.0001913544925085694,8
2023-11-30,ZM,0,0.5049706278414583,8
2023-12-01,AAPL,0,0.3546449755880315,8
2023-12-01,AMZN,0,0.09223286601861098,8
2023-12-01,GOOGL,0,0.08189097932148998,8
2023-12-01,INTC,0,0.2705011327069994,8
2023-12-01,MSFT,0,0.2690226537606002,8
2023-12-01,NVDA,0,0.19364328712899087,8
2023-12-01,PFE,0,0.6703805534412323,8
2023-12-01,PYPL,0,0.017706241255575413,8
2023-12-01,SPY,0,0.00016991904657557145,8
2023-12-01,ZM,0,0.12426415035571975,8
2023-12-04,AAPL,0,0.04432725961568049,8
2023-12-04,AMZN,0,0.032292244837137433,8
2023-12-04,GOOGL,1,0.08005375490270916,8
2023-12-04,INTC,0,0.3285957728346562,8
2023-12-04,MSFT,0,0.06501530205413711,8
2023-12-04,NVDA,0,0.38445115751849934,8
2023-12-04,PFE,0,0.2507081160940653,8
2023-12-04,PYPL,0,0.010095669658038773,8
2023-12-04,SPY,0,0.0004197778797020434,8
2023-12-04,ZM,1,0.6152903777325354,8
2023-12-05,AAPL,0,0.07111808006006703,8
2023-12-05,AMZN,0,0.04136710266186034,8
2023-12-05,GOOGL,0,0.08550385891100899,8
2023-12-05,INTC,0,0.11719184921677787,8
2023-12-05,MSFT,0,0.057230790916113106,8
2023-12-05,NVDA,0,0.1335257871927476,8
2023-12-05,PFE,0,0.3812156031703035,8
2023-12-05,PYPL,0,0.07011056370426373,8
2023-12-05,SPY,0,0.0002192794040878733,8
2023-12-05,ZM,1,0.25130970026721217,8
2023-12-06,AAPL,0,0.11622013817778257,8
2023-12-06,AMZN,0,0.09198995967143232,8
2023-12-06,GOOGL,0,0.25183609104648563,8
2023-12-06,INTC,1,0.018485408345291218,8
2023-12-06,MSFT,0,0.016235285569910884,8
2023-12-06,NVDA,1,0.4282291020575672,8
2023-12-06,PFE,0,0.36482767926235804,8
2023-12-06,PYPL,0,0.014183938540035483,8
2023-12-06,SPY,0,0.0027074931885772654,8
2023-12-06,ZM,0,0.1047708647775498,8
2023-12-07,AAPL,0,0.09171698705242115,8
2023-12-07,AMZN,0,0.03103199218947936,8
2023-12-07,GOOGL,0,0.3757532485727816,8
2023-12-07,INTC,1,0.06336333839091013,8
2023-12-07,MSFT,0,0.021344838715442876,8
2023-12-07,NVDA,0,0.23312056224532512,8
2023-12-07,PFE,0,0.42213127046594584,8
2023-12-07,PYPL,1,0.01868525455485441,8
2023-12-07,SPY,0,0.0016459525735639708,8
2023-12-07,ZM,0,0.1279394783676786,8
2023-12-08,AAPL,0,0.09039746218632283,8
2023-12-08,AMZN,0,0.20276933570802297,8
2023-12-08,GOOGL,0,0.22272126513369356,8
2023-12-08,INTC,1,0.14456058609484554,8
2023-12-08,MSFT,0,0.014931351462382312,8
2023-12-08,NVDA,0,0.09626997191357758,8
2023-12-08,PFE,0,0.31408047036683623,8
2023-12-08,PYPL,1,0.02608377446059941,8
2023-12-08,SPY,0,0.00045599960624819114,8
2023-12-08,ZM,0,0.12294834178291804,8
2023-12-11,AAPL,0,0.06459988019953752,8
2023-12-11,AMZN,0,0.07759811484886657,8
2023-12-11,GOOGL,0,0.14798897424992427,8
2023-12-11,INTC,0,0.06970734890233014,8
2023-12-11,MSFT,0,0.025204363798370755,8
2023-12-11,NVDA,1,0.3309802413958674,8
2023-12-11,PFE,0,0.37266023778953866,8
2023-12-11,PYPL,1,0.028414793222600664,8
2023-12-11,SPY,0,0.0014715512874704875,8
2023-12-11,ZM,0,0.43917389628926645,8
2023-12-12,AAPL,0,0.036975597786640696,8
2023-12-12,AMZN,0,0.15393719660603103,8
2023-12-12,GOOGL,0,0.21357268215961184,8
2023-12-12,INTC,1,0.025774840958867562,8
2023-12-12,MSFT,0,0.004700980465678244,8
2023-12-12,NVDA,0,0.06117218604619434,8
2023-12-12,PFE,0,0.5164169773550565,8
2023-12-12,PYPL,1,0.03542232727868656,8
2023-12-12,SPY,0,0.000262287606689937,8
2023-12-12,ZM,0,0.07837338975309337,8
2023-12-13,AAPL,0,0.0237122684747059,8
2023-12-13,AMZN,0,0.09682559004122387,8
2023-12-13,GOOGL,1,0.09784196151986867,8
2023-12-13,INTC,0,0.09783914616146042,8
2023-12-13,MSFT,0,0.007648864065636547,8
2023-12-13,NVDA,0,0.15621683780249224,8
2023-12-13,PFE,0,0.3701619478428131,8
2023-12-13,PYPL,0,0.02175934739715479,8
2023-12-13,SPY,0,0.0010839481055161637,8
2023-12-13,ZM,0,0.472071135235959,8
2023-12-14,AAPL,0,0.05930213576366811,8
2023-12-14,AMZN,0,0.1631103205920893,8
2023-12-14,GOOGL,1,0.3884961492700716,8
2023-12-14,INTC,0,0.1131917940120433,8
2023-12-14,MSFT,0,0.015194265871314274,8
2023-12-14,NVDA,0,0.31334978096969307,8
2023-12-14,PFE,1,0.3545568621432714,8
2023-12-14,PYPL,0,0.009264921921819231,8
2023-12-14,SPY,0,0.001959031162424667,8
2023-12-14,ZM,0,0.1243176141654107,8
2023-12-15,AAPL,0,0.20235028835473534,8
2023-12-15,AMZN,0,0.08276489469983819,8
2023-12-15,GOOGL,1,0.15824170704331622,8
2023-12-15,INTC,0,0.08683370529186192,8
2023-12-15,MSFT,0,0.003579644743950997,8
2023-12-15,NVDA,0,0.2558105791297904,8
2023-12-15,PFE,1,0.20461809989446453,8
2023-12-15,PYPL,0,0.03187982217590999,8
2023-12-15,SPY,0,0.003684845549626149,8
2023-12-15,ZM,0,0.3542805497063493,8
2023-12-18,AAPL,0,0.04526044287273198,8
2023-12-18,AMZN,0,0.13813858942271778,8
2023-12-18,GOOGL,0,0.07063654184135418,8
2023-12-18,INTC,1,0.16419894148565767,8
2023-12-18,MSFT,0,0.008657035966537831,8
2023-12-18,NVDA,0,0.053173880741551535,8
2023-12-18,PFE,0,0.40686463202992434,8
2023-12-18,PYPL,0,0.010796905137097947,8
2023-12-18,SPY,0,0.0062524856401107165,8
2023-12-18,ZM,0,0.28707097449484303,8
2023-12-19,AAPL,0,0.04809513517756255,8
2023-12-19,AMZN,0,0.14551163178032156,8
2023-12-19,GOOGL,0,0.23421655638254965,8
2023-12-19,INTC,1,0.04106677162267798,8
2023-12-19,MSFT,0,0.01014099491702,8
2023-12-19,NVDA,0,0.09690315246630969,8
2023-12-19,PFE,0,0.28363304570133385,8
2023-12-19,PYPL,0,0.00804617424492539,8
2023-12-19,SPY,0,0.002592991282075978,8
2023-12-19,ZM,0,0.08624696105662694,8
2023-12-20,AAPL,0,0.021670369091186813,8
2023-12-20,AMZN,0,0.06191853680291433,8
2023-12-20,GOOGL,0,0.14272428737166917,8
2023-12-20,INTC,1,0.013375732318770345,8
2023-12-20,MSFT,0,0.020921711804048632,8
2023-12-20,NVDA,0,0.4733117786091275,8
2023-12-20,PFE,0,0.3257371336199941,8
2023-12-20,PYPL,0,0.011774617089555062,8
2023-12-20,SPY,0,0.09022990134264985,8
2023-12-20,ZM,0,0.5072892319046924,8
2023-12-21,AAPL,0,0.04349602855773811,8
2023-12-21,AMZN,0,0.09450001343013657,8
2023-12-21,GOOGL,0,0.092281453836651,8
2023-12-21,INTC,1,0.17121451686148964,8
2023-12-21,MSFT,0,0.004918710362743435,8
2023-12-21,NVDA,0,0.07139323421671619,8
2023-12-21,PFE,0,0.21405983068269116,8
2023-12-21,PYPL,0,0.01924345564124948,8
2023-12-21,SPY,0,0.038028107409281135,8
2023-12-21,ZM,0,0.2683959374199526,8
2023-12-22,AAPL,0,0.061038159266548236,8
2023-12-22,AMZN,0,0.16296096647779992,8
2023-12-22,GOOGL,0,0.11248273823703968,8
2023-12-22,INTC,1,0.257354882032964,8
2023-12-22,MSFT,0,0.0020039389832938433,8
2023-12-22,NVDA,0,0.11660823039441408,8
2023-12-22,PFE,1,0.3063237166726446,8
2023-12-22,PYPL,0,0.015288233117856603,8
2023-12-22,SPY,0,0.0031861646058393973,8
2023-12-22,ZM,0,0.2999573607896756,8
2023-12-26,AAPL,0,0.021708800401797044,8
2023-12-26,AMZN,0,0.027834264827062482,8
2023-12-26,GOOGL,0,0.03127494438503406,8
2023-12-26,INTC,0,0.16365298884321375,8
2023-12-26,MSFT,0,0.0042595461158051705,8
2023-12-26,NVDA,0,0.1167188231242575,8
2023-12-26,PFE,1,0.7530392676102947,8
2023-12-26,PYPL,0,0.0389240937923242,8
2023-12-26,SPY,0,0.004264897662160307,8
2023-12-26,ZM,0,0.10060627713185129,8
2023-12-27,AAPL,0,0.01759448803017788,8
2023-12-27,AMZN,0,0.004106655410448161,8
2023-12-27,GOOGL,0,0.04375625814861291,8
2023-12-27,INTC,0,0.5235873850956427,8
2023-12-27,MSFT,0,0.015173293717690804,8
2023-12-27,NVDA,0,0.12045351847489358,8
2023-12-27,PFE,0,0.7335260669001107,8
2023-12-27,PYPL,0,0.022083847634283123,8
2023-12-27,SPY,0,0.009930328544554733,8
2023-12-27,ZM,0,0.1489259971307255,8
2023-12-28,AAPL,0,0.08573674559421518,8
2023-12-28,AMZN,0,0.06318826920153046,8
2023-12-28,GOOGL,0,0.06668193200508736,8
2023-12-28,INTC,0,0.43158230221812843,8
2023-12-28,MSFT,0,0.00428992930202175,8
2023-12-28,NVDA,0,0.10219100348367506,8
2023-12-28,PFE,0,0.6045371729030683,8
2023-12-28,PYPL,0,0.026954678533330244,8
2023-12-28,SPY,0,0.08320448323776392,8
2023-12-28,ZM,0,0.1357718519086666,8
2023-12-29,AAPL,0,0.09959860028022116,8
2023-12-29,AMZN,0,0.0828461809989175,8
2023-12-29,GOOGL,0,0.1471593765088723,8
2023-12-29,INTC,0,0.7296628742684957,8
2023-12-29,MSFT,0,0.023641622673334445,8
2023-12-29,NVDA,0,0.5239811843711644,8
2023-12-29,PFE,0,0.8707920817943299,8
2023-12-29,PYPL,0,0.051537125351134125,8
2023-12-29,SPY,0,0.30553086096218385,8
2023-12-29,ZM,0,0.1641949920421595,8
2024-01-02,AAPL,0,0.06861229079836098,9
2024-01-02,AMZN,0,0.05648939024945421,9
2024-01-02,GOOGL,0,0.08991308864698849,9
2024-01-02,INTC,0,0.36681592783080785,9
2024-01-02,MSFT,0,0.0015213087251940488,9
2024-01-02,NVDA,1,0.43299771579468427,9
2024-01-02,PFE,0,0.16664740032903325,9
2024-01-02,PYPL,0,0.34317316178618334,9
2024-01-02,SPY,0,0.002367819050307587,9
2024-01-02,ZM,0,0.5197081330597565,9
2024-01-03,AAPL,0,0.03714768906262,9
2024-01-03,AMZN,0,0.11595590270062295,9
2024-01-03,GOOGL,0,0.010849408641593807,9
2024-01-03,INTC,0,0.2495120981840373,9
2024-01-03,MSFT,0,0.002172435947832245,9
2024-01-03,NVDA,1,0.33431543396118096,9
2024-01-03,PFE,0,0.197724090882717,9
2024-01-03,PYPL,0,0.6617740512173327,9
2024-01-03,SPY,0,0.003043492153697922,9
2024-01-03,ZM,0,0.7011405672280429,9
2024-01-04,AAPL,0,0.05486440237965917,9
2024-01-04,AMZN,1,0.29555985777630656,9
2024-01-04,GOOGL,0,0.12927172924520308,9
2024-01-04,INTC,0,0.28187636948586153,9
2024-01-04,MSFT,0,0.00315392488229736,9
2024-01-04,NVDA,1,0.26243715920311445,9
2024-01-04,PFE,0,0.20136628133017967,9
2024-01-04,PYPL,0,0.3094988651399315,9
2024-01-04,SPY,0,0.0024977643318829477,9
2024-01-04,ZM,0,0.5687985837890513,9
2024-01-05,AAPL,0,0.0353570926658615,9
2024-01-05,AMZN,1,0.12593352429993013,9
2024-01-05,GOOGL,1,0.06801547718333911,9
2024-01-05,INTC,0,0.11634936006216638,9
2024-01-05,MSFT,1,0.0010555191632735132,9
2024-01-05,NVDA,1,0.10076557249602641,9
2024-01-05,PFE,0,0.16003559787580193,9
2024-01-05,PYPL,0,0.1713043831015457,9
2024-01-05,SPY,0,0.0033988372246167822,9
2024-01-05,ZM,1,0.4068544931718319,9
2024-01-08,AAPL,0,0.004345730566101368,9
2024-01-08,AMZN,0,0.03598816714807384,9
2024-01-08,GOOGL,0,0.03380039247612875,9
2024-01-08,INTC,0,0.19283734865325192,9
2024-01-08,MSFT,0,0.001324680653506235,9
2024-01-08,NVDA,1,0.05671531091095415,9
2024-01-08,PFE,0,0.19933192615489725,9
2024-01-08,PYPL,0,0.2737910852550123,9
2024-01-08,SPY,0,0.0013749644971878172,9
2024-01-08,ZM,0,0.5246712732118006,9
2024-01-09,AAPL,0,0.014669376252105069,9
2024-01-09,AMZN,0,0.16343402152343448,9
2024-01-09,GOOGL,0,0.02885006367742264,9
2024-01-09,INTC,0,0.30989035578977103,9
2024-01-09,MSFT,0,0.0009304667490815011,9
2024-01-09,NVDA,0,0.08175707310929928,9
2024-01-09,PFE,0,0.3337802785488703,9
2024-01-09,PYPL,0,0.5044144086929037,9
2024-01-09,SPY,0,0.0013431047164227969,9
2024-01-09,ZM,0,0.5799343888649227,9
2024-01-10,AAPL,0,0.013968395797787874,9
2024-01-10,AMZN,0,0.04619423724844009,9
2024-01-10,GOOGL,0,0.021035753932769817,9
2024-01-10,INTC,0,0.43393854988201336,9
2024-01-10,MSFT,0,0.000770004658577959,9
2024-01-10,NVDA,0,0.05548613436615648,9
2024-01-10,PFE,0,0.32610304785858585,9
2024-01-10,PYPL,0,0.5536107008249225,9
2024-01-10,SPY,0,0.0017589290563371442,9
2024-01-10,ZM,0,0.7007582159736689,9
2024-01-11,AAPL,0,0.014494152421971171,9
2024-01-11,AMZN,0,0.06408902219201838,9
2024-01-11,GOOGL,0,0.019406668998429674,9
2024-01-11,INTC,0,0.18988788659097833,9
2024-01-11,MSFT,0,0.0004873075621852022,9
2024-01-11,NVDA,1,0.07138985602357276,9
2024-01-11,PFE,0,0.21362931718673936,9
2024-01-11,PYPL,0,0.5557851926920908,9
2024-01-11,SPY,0,0.0008909071974429005,9
2024-01-11,ZM,0,0.5718910006561111,9
2024-01-12,AAPL,0,0.01566444618295604,9
2024-01-12,AMZN,0,0.033876375269702295,9
2024-01-12,GOOGL,0,0.02035730275753849,9
2024-01-12,INTC,0,0.18852553300392194,9
2024-01-12,MSFT,0,0.0004527892008743169,9
2024-01-12,NVDA,1,0.13563379264445785,9
2024-01-12,PFE,0,0.27086840610082197,9
2024-01-12,PYPL,0,0.6582989329853826,9
2024-01-12,SPY,0,0.002168829729694251,9
2024-01-12,ZM,0,0.2330739692765577,9
2024-01-16,AAPL,1,0.008735426763546978,9
2024-01-16,AMZN,0,0.011461248581674112,9
2024-01-16,GOOGL,0,0.06710109680441483,9
2024-01-16,INTC,0,0.018027445685933938,9
2024-01-16,MSFT,0,0.008423047334787596,9
2024-01-16,NVDA,1,0.056909260092484704,9
2024-01-16,PFE,0,0.22915274056828222,9
2024-01-16,PYPL,0,0.5886471736254103,9
2024-01-16,SPY,0,0.004935829094897403,9
2024-01-16,ZM,0,0.6386409536451649,9
2024-01-17,AAPL,1,0.0071866258041336,9
2024-01-17,AMZN,0,0.051170550939887954,9
2024-01-17,GOOGL,0,0.027369250619811207,9
2024-01-17,INTC,1,0.352619198008959,9
2024-01-17,MSFT,0,0.008741172332421224,9
2024-01-17,NVDA,1,0.02718624530295871,9
2024-01-17,PFE,0,0.1762623613311438,9
2024-01-17,PYPL,1,0.023734933829009878,9
2024-01-17,SPY,0,0.009177024545800294,9
2024-01-17,ZM,0,0.2431106642269768,9
2024-01-18,AAPL,0,0.013361733452815971,9
2024-01-18,AMZN,0,0.04028732442303469,9
2024-01-18,GOOGL,1,0.01664177672106205,9
2024-01-18,INTC,1,0.21364308903340293,9
2024-01-18,MSFT,0,0.00880285166789107,9
2024-01-18,NVDA,1,0.06839001300122778,9
2024-01-18,PFE,0,0.24258108323213054,9
2024-01-18,PYPL,1,0.1779318083132157,9
2024-01-18,SPY,0,0.0014345668419217758,9
2024-01-18,ZM,0,0.573909922167496,9
2024-01-19,AAPL,0,0.012470761489399875,9
2024-01-19,AMZN,0,0.10450945220722543,9
2024-01-19,GOOGL,0,0.008141286108242803,9
2024-01-19,INTC,0,0.10316835280948701,9
2024-01-19,MSFT,0,0.001515045690961585,9
2024-01-19,NVDA,0,0.020165197275204785,9
2024-01-19,PFE,0,0.2295683882157365,9
2024-01-19,PYPL,0,0.07244770002551795,9
2024-01-19,SPY,0,0.001207966529476688,9
2024-01-19,ZM,0,0.6090635474777205,9
2024-01-22,AAPL,0,0.020900573674257353,9
2024-01-22,AMZN,0,0.07121139646027301,9
2024-01-22,GOOGL,0,0.020817136456431504,9
2024-01-22,INTC,0,0.29442746635528705,9
2024-01-22,MSFT,0,0.004279960800055556,9
2024-01-22,NVDA,0,0.043214365403909515,9
2024-01-22,PFE,0,0.14772550620042185,9
2024-01-22,PYPL,0,0.6010745252674297,9
2024-01-22,SPY,0,0.0008545961474142741,9
2024-01-22,ZM,0,0.6486135666762549,9
2024-01-23,AAPL,0,0.008506093972085866,9
2024-01-23,AMZN,0,0.015693201473741526,9
2024-01-23,GOOGL,0,0.011280027251760184,9
2024-01-23,INTC,0,0.4376654347706119,9
2024-01-23,MSFT,0,0.0010266841221355755,9
2024-01-23,NVDA,0,0.03712370676175861,9
2024-01-23,PFE,0,0.11480039904334441,9
2024-01-23,PYPL,0,0.4212905402337698,9
2024-01-23,SPY,0,0.000570465518239653,9
2024-01-23,ZM,0,0.8079427089922309,9
2024-01-24,AAPL,0,0.013633142014444691,9
2024-01-24,AMZN,0,0.016697317681193345,9
2024-01-24,GOOGL,0,0.0046628531724730886,9
2024-01-24,INTC,0,0.1214347866027113,9
2024-01-24,MSFT,0,0.0013858208414918017,9
2024-01-24,NVDA,0,0.021542820038637868,9
2024-01-24,PFE,0,0.3070254541379178,9
2024-01-24,PYPL,0,0.5286760399135455,9
2024-01-24,SPY,0,0.000232749526025945,9
2024-01-24,ZM,0,0.3434747550549724,9
2024-01-25,AAPL,0,0.002572978666557816,9
2024-01-25,AMZN,0,0.0017673179478668683,9
2024-01-25,GOOGL,0,0.001198472622788034,9
2024-01-25,INTC,0,0.100797573892913,9
2024-01-25,MSFT,0,0.0030343685254852256,9
2024-01-25,NVDA,0,0.08686489669935862,9
2024-01-25,PFE,0,0.2995810223415369,9
2024-01-25,PYPL,0,0.5459890372775399,9
2024-01-25,SPY,0,0.0003884846691263513,9
2024-01-25,ZM,0,0.8698830062112886,9
2024-01-26,AAPL,0,0.000935220978369546,9
2024-01-26,AMZN,1,0.002658325136465762,9
2024-01-26,GOOGL,0,0.0013917187716318317,9
2024-01-26,INTC,0,0.27327642877613983,9
2024-01-26,MSFT,0,0.10188174775222295,9
2024-01-26,NVDA,1,0.48338772949071035,9
2024-01-26,PFE,0,0.3028409489750197,9
2024-01-26,PYPL,0,0.23137015871898453,9
2024-01-26,SPY,0,0.0018202102913150054,9
2024-01-26,ZM,0,0.6034151762599331,9
2024-01-29,AAPL,0,0.013509921967098012,9
2024-01-29,AMZN,0,0.029887321500713743,9
2024-01-29,GOOGL,0,0.012143982499962208,9
2024-01-29,INTC,0,0.18892134420478132,9
2024-01-29,MSFT,0,0.008164619142952186,9
2024-01-29,NVDA,1,0.2893885227982861,9
2024-01-29,PFE,0,0.3519091954134993,9
2024-01-29,PYPL,0,0.24173987881499204,9
2024-01-29,SPY,0,0.00205618895558466,9
2024-01-29,ZM,0,0.6841442463790469,9
2024-01-30,AAPL,0,0.025065188502479307,9
2024-01-30,AMZN,1,0.24632889305970232,9
2024-01-30,GOOGL,0,0.004074179591811274,9
2024-01-30,INTC,0,0.4106716063056197,9
2024-01-30,MSFT,0,0.006598587756945235,9
2024-01-30,NVDA,1,0.10209693712844432,9
2024-01-30,PFE,0,0.43656192859441273,9
2024-01-30,PYPL,0,0.3358412279720526,9
2024-01-30,SPY,0,0.00018988623283453418,9
2024-01-30,ZM,0,0.5597930834653049,9
2024-01-31,AAPL,0,0.02012843661381495,9
2024-01-31,AMZN,1,0.24694398193999273,9
2024-01-31,GOOGL,0,0.1461018435836092,9
2024-01-31,INTC,0,0.183814917987872,9
2024-01-31,MSFT,0,0.006999494138633571,9
2024-01-31,NVDA,1,0.5714387235842734,9
2024-01-31,PFE,0,0.22138598289431988,9
2024-01-31,PYPL,0,0.5824568792787976,9
2024-01-31,SPY,0,0.003512121528049375,9
2024-01-31,ZM,0,0.5763975843821871,9
2024-02-01,AAPL,0,0.021887793794246654,9
2024-02-01,AMZN,0,0.06643078654613521,9
2024-02-01,GOOGL,0,0.08363358511057953,9
2024-02-01,INTC,0,0.3622676976357255,9
2024-02-01,MSFT,0,0.0014730261307625086,9
2024-02-01,NVDA,1,0.3788105466582725,9
2024-02-01,PFE,0,0.3106642895490892,9
2024-02-01,PYPL,0,0.28676427385986064,9
2024-02-01,SPY,0,0.0031980643339636493,9
2024-02-01,ZM,0,0.49796538209323427,9
2024-02-02,AAPL,0,0.008719134021430128,9
2024-02-02,AMZN,0,0.022763837864678515,9
2024-02-02,GOOGL,0,0.04123086042568955,9
2024-02-02,INTC,0,0.5469105708649667,9
2024-02-02,MSFT,0,0.0028292442061854622,9
2024-02-02,NVDA,0,0.16336124768096916,9
2024-02-02,PFE,0,0.20117997684054675,9
2024-02-02,PYPL,0,0.29654066394516043,9
2024-02-02,SPY,0,0.010013608177978677,9
2024-02-02,ZM,0,0.6006693413341383,9
2024-02-05,AAPL,0,0.018362862904204972,9
2024-02-05,AMZN,0,0.014626635733788534,9
2024-02-05,GOOGL,0,0.09444750330823119,9
2024-02-05,INTC,0,0.3725338596269281,9
2024-02-05,MSFT,0,0.004583207123096966,9
2024-02-05,NVDA,0,0.24426218407285108,9
2024-02-05,PFE,0,0.332014419069893,9
2024-02-05,PYPL,0,0.5232435939583373,9
2024-02-05,SPY,0,0.0076497109441785414,9
2024-02-05,ZM,0,0.5838810043426289,9
2024-02-06,AAPL,0,0.015005456032073683,9
2024-02-06,AMZN,0,0.018193154204882662,9
2024-02-06,GOOGL,0,0.018470971420438347,9
2024-02-06,INTC,0,0.21494310776542072,9
2024-02-06,MSFT,0,0.0007544154173539075,9
2024-02-06,NVDA,1,0.5167048178413047,9
2024-02-06,PFE,0,0.2385834700286211,9
2024-02-06,PYPL,0,0.33541874237581826,9
2024-02-06,SPY,0,0.0007393885825066314,9
2024-02-06,ZM,0,0.3313387051998603,9
2024-02-07,AAPL,0,0.011889918143085184,9
2024-02-07,AMZN,0,0.02242158077155338,9
2024-02-07,GOOGL,0,0.08630246942613173,9
2024-02-07,INTC,0,0.5224879060009356,9
2024-02-07,MSFT,0,0.001190388467707279,9
2024-02-07,NVDA,0,0.33234812443090217,9
2024-02-07,PFE,0,0.2429639515505944,9
2024-02-07,PYPL,0,0.5168546124649365,9
2024-02-07,SPY,0,0.00056194618675371,9
2024-02-07,ZM,0,0.27990628873508405,9
2024-02-08,AAPL,0,0.0332533313871299,9
2024-02-08,AMZN,0,0.011192844967067872,9
2024-02-08,GOOGL,0,0.03654996658860702,9
2024-02-08,INTC,0,0.7627643997743866,9
2024-02-08,MSFT,0,0.0005059925952044535,9
2024-02-08,NVDA,0,0.05998129526083278,9
2024-02-08,PFE,0,0.4508146120419863,9
2024-02-08,PYPL,0,0.31270691492643843,9
2024-02-08,SPY,0,0.0006100098490863959,9
2024-02-08,ZM,0,0.18098534759246926,9
2024-02-09,AAPL,0,0.007654656030001987,9
2024-02-09,AMZN,0,0.022557279810142092,9
2024-02-09,GOOGL,0,0.03512845550031729,9
2024-02-09,INTC,0,0.6286659793901964,9
2024-02-09,MSFT,0,0.004234216529472541,9
2024-02-09,NVDA,0,0.2098987390238358,9
2024-02-09,PFE,0,0.5337393765296964,9
2024-02-09,PYPL,0,0.3470156976228507,9
2024-02-09,SPY,0,0.0015937428314102577,9
2024-02-09,ZM,0,0.45935421163346274,9
2024-02-12,AAPL,0,0.01167085052153647,9
2024-02-12,AMZN,0,0.05605582594432851,9
2024-02-12,GOOGL,0,0.04859890521373545,9
2024-02-12,INTC,0,0.6335314132138105,9
2024-02-12,MSFT,0,0.010070394091060982,9
2024-02-12,NVDA,0,0.30281309034013265,9
2024-02-12,PFE,0,0.5594298491345695,9
2024-02-12,PYPL,0,0.1319148741588284,9
2024-02-12,SPY,0,0.0013126233916166245,9
2024-02-12,ZM,0,0.545961884337913,9
2024-02-13,AAPL,0,0.015875561174387636,9
2024-02-13,AMZN,0,0.08741230535187462,9
2024-02-13,GOOGL,0,0.10892232872228695,9
2024-02-13,INTC,0,0.6090641585664623,9
2024-02-13,MSFT,0,0.007852761286221713,9
2024-02-13,NVDA,0,0.5951138324889292,9
2024-02-13,PFE,0,0.6884709616393897,9
2024-02-13,PYPL,0,0.428823230546917,9
2024-02-13,SPY,0,0.009885638753927232,9
2024-02-13,ZM,0,0.5528640628870325,9
2024-02-14,AAPL,0,0.013279851130332046,9
2024-02-14,AMZN,0,0.05068636080838327,9
2024-02-14,GOOGL,0,0.11230729558056098,9
2024-02-14,INTC,0,0.2605682652631246,9
2024-02-14,MSFT,0,0.0017450044196134949,9
2024-02-14,NVDA,0,0.3472204450855612,9
2024-02-14,PFE,0,0.6878059902285176,9
2024-02-14,PYPL,0,0.22998136227686183,9
2024-02-14,SPY,0,0.00105571341933467,9
2024-02-14,ZM,0,0.5266489341159262,9
2024-02-15,AAPL,0,0.016623542173381627,9
2024-02-15,AMZN,0,0.05837349525663046,9
2024-02-15,GOOGL,0,0.10888913395448115,9
2024-02-15,INTC,0,0.665019937238242,9
2024-02-15,MSFT,0,0.001447895772989103,9
2024-02-15,NVDA,0,0.11303335621394237,9
2024-02-15,PFE,0,0.7497922615665671,9
2024-02-15,PYPL,0,0.20804042045595247,9
2024-02-15,SPY,0,0.0007992039385348981,9
2024-02-15,ZM,0,0.7050210997420564,9
2024-02-16,AAPL,0,0.025176837062694496,9
2024-02-16,AMZN,0,0.2727347476391076,9
2024-02-16,GOOGL,0,0.055113268866095765,9
2024-02-16,INTC,0,0.634723261260771,9
2024-02-16,MSFT,0,0.0030042138376193987,9
2024-02-16,NVDA,0,0.010150361742121654,9
2024-02-16,PFE,0,0.7066392908338814,9
2024-02-16,PYPL,0,0.49843985744315755,9
2024-02-16,SPY,0,0.0031748891223547827,9
2024-02-16,ZM,0,0.601588032563426,9
2024-02-20,AAPL,0,0.023495937782909596,9
2024-02-20,AMZN,0,0.31028723528056146,9
2024-02-20,GOOGL,0,0.045975217430763424,9
2024-02-20,INTC,0,0.20049463126901185,9
2024-02-20,MSFT,0,0.0020952774890028478,9
2024-02-20,NVDA,0,0.10964261005352484,9
2024-02-20,PFE,0,0.6988249018035323,9
2024-02-20,PYPL,0,0.4906936659277972,9
2024-02-20,SPY,0,0.003252915667015297,9
2024-02-20,ZM,1,0.6072440882650431,9
2024-02-21,AAPL,0,0.031641885670515485,9
2024-02-21,AMZN,0,0.08304861701978167,9
2024-02-21,GOOGL,0,0.035200195318049,9
2024-02-21,INTC,0,0.8298357947902291,9
2024-02-21,MSFT,0,0.0009082496687587635,9
2024-02-21,NVDA,1,0.45562587452885484,9
2024-02-21,PFE,0,0.6320671715570534,9
2024-02-21,PYPL,0,0.5359521375030084,9
2024-02-21,SPY,0,0.0002547340631043665,9
2024-02-21,ZM,1,0.5846261118173323,9
2024-02-22,AAPL,0,0.02104171236750576,9
2024-02-22,AMZN,0,0.34976924740433224,9
2024-02-22,GOOGL,0,0.03671431130926924,9
2024-02-22,INTC,0,0.8443148765155786,9
2024-02-22,MSFT,0,0.0008029842075270648,9
2024-02-22,NVDA,0,0.0267596657657886,9
2024-02-22,PFE,0,0.14839565743666316,9
2024-02-22,PYPL,0,0.06539827808808521,9
2024-02-22,SPY,0,0.0004959186552263708,9
2024-02-22,ZM,1,0.2572264080899865,9
2024-02-23,AAPL,0,0.005390495336436424,9
2024-02-23,AMZN,0,0.016255291467294136,9
2024-02-23,GOOGL,0,0.005960968025611787,9
2024-02-23,INTC,0,0.09317452069745821,9
2024-02-23,MSFT,0,0.0008090371621186402,9
2024-02-23,NVDA,0,0.0056509129154412125,9
2024-02-23,PFE,0,0.22637719108866636,9
2024-02-23,PYPL,0,0.3573229237913447,9
2024-02-23,SPY,0,0.000671390051784306,9
2024-02-23,ZM,1,0.31378691447024876,9
2024-02-26,AAPL,0,0.005435298532847176,9
2024-02-26,AMZN,0,0.040764985044601,9
2024-02-26,GOOGL,0,0.11173295667933128,9
2024-02-26,INTC,0,0.18895743774587945,9
2024-02-26,MSFT,0,0.0013799332873877727,9
2024-02-26,NVDA,1,0.013425873253554172,9
2024-02-26,PFE,0,0.2374630691773668,9
2024-02-26,PYPL,0,0.0993986543172439,9
2024-02-26,SPY,0,0.00320254993084374,9
2024-02-26,ZM,1,0.5620908634991594,9
2024-02-27,AAPL,0,0.010206761872393963,9
2024-02-27,AMZN,0,0.15054629342702433,9
2024-02-27,GOOGL,0,0.13037359068485999,9
2024-02-27,INTC,0,0.36381979937713405,9
2024-02-27,MSFT,0,0.007239768790001277,9
2024-02-27,NVDA,1,0.36881146696046585,9
2024-02-27,PFE,0,0.5995248569453898,9
2024-02-27,PYPL,0,0.1290106853463699,9
2024-02-27,SPY,0,0.002944296301861195,9
2024-02-27,ZM,0,0.49167362272427645,9
2024-02-28,AAPL,0,0.013004487218620025,9
2024-02-28,AMZN,0,0.14349467629625018,9
2024-02-28,GOOGL,0,0.227492756969982,9
2024-02-28,INTC,1,0.18265582918108517,9
2024-02-28,MSFT,0,0.005905792665028531,9
2024-02-28,NVDA,1,0.1519138928753326,9
2024-02-28,PFE,0,0.567118031964984,9
2024-02-28,PYPL,0,0.20625695573681446,9
2024-02-28,SPY,0,0.006204626237498334,9
2024-02-28,ZM,0,0.7007197399171426,9
2024-02-29,AAPL,0,0.013024007615807312,9
2024-02-29,AMZN,0,0.031436728937563954,9
2024-02-29,GOOGL,0,0.19755365664281987,9
2024-02-29,INTC,0,0.1548999808016137,9
2024-02-29,MSFT,0,0.0030269442567539364,9
2024-02-29,NVDA,1,0.24811201858053672,9
2024-02-29,PFE,0,0.661500625939273,9
2024-02-29,PYPL,0,0.42050663366321855,9
2024-02-29,SPY,0,0.0011329017402450959,9
2024-02-29,ZM,0,0.6042013618926131,9
2024-03-01,AAPL,0,0.040354814188387815,9
2024-03-01,AMZN,0,0.018181668423415318,9
2024-03-01,GOOGL,0,0.17512637294169078,9
2024-03-01,INTC,0,0.45981774518569407,9
2024-03-01,MSFT,0,0.0008629278749566749,9
2024-03-01,NVDA,1,0.14811738803649557,9
2024-03-01,PFE,0,0.6335354456830823,9
2024-03-01,PYPL,0,0.2619800031859976,9
2024-03-01,SPY,0,0.0010880247415876664,9
2024-03-01,ZM,0,0.535756277413127,9
2024-03-04,AAPL,0,0.155270828154607,9
2024-03-04,AMZN,0,0.01582127287778097,9
2024-03-04,GOOGL,0,0.24563759943253496,9
2024-03-04,INTC,0,0.2272099151815207,9
2024-03-04,MSFT,0,0.0011266968454268903,9
2024-03-04,NVDA,1,0.24357124011327957,9
2024-03-04,PFE,1,0.8097667972796789,9
2024-03-04,PYPL,0,0.24460936997172775,9
2024-03-04,SPY,0,0.0010085853828450157,9
2024-03-04,ZM,0,0.5846808589320308,9
2024-03-05,AAPL,0,0.28391017128840557,9
2024-03-05,AMZN,0,0.021330145313244765,9
2024-03-05,GOOGL,0,0.10437263135183457,9
2024-03-05,INTC,0,0.7137040946464596,9
2024-03-05,MSFT,0,0.005326815828828176,9
2024-03-05,NVDA,1,0.41706710871646235,9
2024-03-05,PFE,0,0.642109461854345,9
2024-03-05,PYPL,0,0.5467442777909013,9
2024-03-05,SPY,0,0.0027223413439341256,9
2024-03-05,ZM,0,0.7515572647817692,9
2024-03-06,AAPL,0,0.1348269734127487,9
2024-03-06,AMZN,0,0.021476659514447455,9
2024-03-06,GOOGL,0,0.2072017272634123,9
2024-03-06,INTC,0,0.2230356817636478,9
2024-03-06,MSFT,0,0.002570811069745938,9
2024-03-06,NVDA,1,0.5096874080243988,9
2024-03-06,PFE,0,0.40651747684658796,9
2024-03-06,PYPL,0,0.3196878137232826,9
2024-03-06,SPY,0,0.0033087459944662304,9
2024-03-06,ZM,0,0.30156901836358313,9
2024-03-07,AAPL,0,0.04878636041377148,9
2024-03-07,AMZN,0,0.024753111957820775,9
2024-03-07,GOOGL,0,0.10824861570029833,9
2024-03-07,INTC,0,0.4629709925733401,9
2024-03-07,MSFT,0,0.0030020318549177504,9
2024-03-07,NVDA,0,0.18465318822496765,9
2024-03-07,PFE,0,0.6626765323267806,9
2024-03-07,PYPL,1,0.21800100781534873,9
2024-03-07,SPY,0,0.004670287028602523,9
2024-03-07,ZM,0,0.45156509962424257,9
2024-03-08,AAPL,0,0.013257249871238812,9
2024-03-08,AMZN,0,0.009528359705304856,9
2024-03-08,GOOGL,0,0.245017696280786,9
2024-03-08,INTC,0,0.5515943613729687,9
2024-03-08,MSFT,0,0.004701708798074328,9
2024-03-08,NVDA,0,0.6581135959390719,9
2024-03-08,PFE,0,0.5184987295022853,9
2024-03-08,PYPL,0,0.24708433850998474,9
2024-03-08,SPY,0,0.005319332599645511,9
2024-03-08,ZM,0,0.27275931460606273,9
2024-03-11,AAPL,0,0.0104743912327777,9
2024-03-11,AMZN,0,0.03349561504753965,9
2024-03-11,GOOGL,1,0.24962377624194607,9
2024-03-11,INTC,0,0.3118951224849634,9
2024-03-11,MSFT,0,0.0026315870377665086,9
2024-03-11,NVDA,0,0.7656272511448172,9
2024-03-11,PFE,0,0.3825798259928102,9
2024-03-11,PYPL,0,0.2206533701435538,9
2024-03-11,SPY,0,0.003582258875933787,9
2024-03-11,ZM,0,0.39370889498846623,9
2024-03-12,AAPL,0,0.006037456320643159,9
2024-03-12,AMZN,0,0.023117710522777685,9
2024-03-12,GOOGL,1,0.44548994743552994,9
2024-03-12,INTC,0,0.6897713382127857,9
2024-03-12,MSFT,0,0.005822405226004565,9
2024-03-12,NVDA,0,0.22033554416348727,9
2024-03-12,PFE,0,0.6050886113543108,9
2024-03-12,PYPL,0,0.24287243185001925,9
2024-03-12,SPY,0,0.0045976620062789285,9
2024-03-12,ZM,0,0.22659586984539953,9
2024-03-13,AAPL,0,0.017639454146206192,9
2024-03-13,AMZN,0,0.03640694101798294,9
2024-03-13,GOOGL,0,0.38103001802031333,9
2024-03-13,INTC,0,0.42186576578943824,9
2024-03-13,MSFT,0,0.0025368780865746387,9
2024-03-13,NVDA,0,0.7217002627969072,9
2024-03-13,PFE,0,0.6170399060129508,9
2024-03-13,PYPL,0,0.1048635393870479,9
2024-03-13,SPY,0,0.00507924478492486,9
2024-03-13,ZM,0,0.5041920159033985,9
2024-03-14,AAPL,0,0.010402107791006776,9
2024-03-14,AMZN,0,0.01396095336226192,9
2024-03-14,GOOGL,0,0.06438055140325641,9
2024-03-14,INTC,0,0.4964402601860417,9
2024-03-14,MSFT,0,0.003547341371284731,9
2024-03-14,NVDA,0,0.6049107624701388,9
2024-03-14,PFE,0,0.6776486544980539,9
2024-03-14,PYPL,0,0.3269023359545352,9
2024-03-14,SPY,0,0.0029884722463671414,9
2024-03-14,ZM,0,0.612760175509103,9
2024-03-15,AAPL,0,0.019206393131663075,9
2024-03-15,AMZN,0,0.02283756479262918,9
2024-03-15,GOOGL,0,0.14745745470780594,9
2024-03-15,INTC,0,0.5848569895130666,9
2024-03-15,MSFT,0,0.003176590156465246,9
2024-03-15,NVDA,0,0.31695374492970624,9
2024-03-15,PFE,0,0.8488220929154131,9
2024-03-15,PYPL,0,0.6303637292712778,9
2024-03-15,SPY,0,0.00258609158108154,9
2024-03-15,ZM,0,0.5755147515468534,9
2024-03-18,AAPL,0,0.02116828495573533,9
2024-03-18,AMZN,0,0.020590605659627583,9
2024-03-18,GOOGL,0,0.03595283907423475,9
2024-03-18,INTC,0,0.29809488451632693,9
2024-03-18,MSFT,0,0.0006825068266025985,9
2024-03-18,NVDA,1,0.3965747089830859,9
2024-03-18,PFE,0,0.8619307478361447,9
2024-03-18,PYPL,0,0.14187782785052083,9
2024-03-18,SPY,0,0.0008457689879060826,9
2024-03-18,ZM,0,0.23125154057040992,9
2024-03-19,AAPL,0,0.017660921877080443,9
2024-03-19,AMZN,0,0.03181424319985051,9
2024-03-19,GOOGL,0,0.045758008849046496,9
2024-03-19,INTC,0,0.7167723154440411,9
2024-03-19,MSFT,0,0.0005821375554198589,9
2024-03-19,NVDA,1,0.3837394922031327,9
2024-03-19,PFE,0,0.8915549541114411,9
2024-03-19,PYPL,1,0.3122417555380192,9
2024-03-19,SPY,0,0.0007958983755631113,9
2024-03-19,ZM,0,0.42473781420459533,9
2024-03-20,AAPL,0,0.03319378036761706,9
2024-03-20,AMZN,0,0.03084161644064102,9
2024-03-20,GOOGL,0,0.029835892075963592,9
2024-03-20,INTC,0,0.6830705808784885,9
2024-03-20,MSFT,0,0.0010339083350655923,9
2024-03-20,NVDA,0,0.3875702053787081,9
2024-03-20,PFE,0,0.8346314717451336,9
2024-03-20,PYPL,0,0.2046501873752919,9
2024-03-20,SPY,0,0.00037602611430137767,9
2024-03-20,ZM,0,0.38410613528796284,9
2024-03-21,AAPL,0,0.03429359586887435,9
2024-03-21,AMZN,0,0.013168496147091955,9
2024-03-21,GOOGL,0,0.02164735076032365,9
2024-03-21,INTC,0,0.641342144838853,9
2024-03-21,MSFT,0,0.0005180524196604418,9
2024-03-21,NVDA,0,0.43180314555365085,9
2024-03-21,PFE,0,0.8490822946637567,9
2024-03-21,PYPL,0,0.08623734608977617,9
2024-03-21,SPY,0,0.0005282319924655457,9
2024-03-21,ZM,0,0.573272984193041,9
2024-03-22,AAPL,0,0.04477342449946772,9
2024-03-22,AMZN,0,0.022075238982249515,9
2024-03-22,GOOGL,0,0.002924581036948886,9
2024-03-22,INTC,0,0.6367412321048205,9
2024-03-22,MSFT,0,0.00037186063161562114,9
2024-03-22,NVDA,0,0.5650153202157102,9
2024-03-22,PFE,0,0.5902943871634476,9
2024-03-22,PYPL,0,0.22286730474563163,9
2024-03-22,SPY,0,0.001070826399102301,9
2024-03-22,ZM,0,0.6050032482469749,9
2024-03-25,AAPL,0,0.01442952865508633,9
2024-03-25,AMZN,0,0.005167784666444385,9
2024-03-25,GOOGL,0,0.0019383172272204705,9
2024-03-25,INTC,1,0.607992313575308,9
2024-03-25,MSFT,0,0.0006431164955686803,9
2024-03-25,NVDA,0,0.4248186726168046,9
2024-03-25,PFE,0,0.7173006841105767,9
2024-03-25,PYPL,0,0.04429655844319196,9
2024-03-25,SPY,0,0.002293842752205925,9
2024-03-25,ZM,0,0.5563997547849974,9
2024-03-26,AAPL,0,0.018951724497523994,9
2024-03-26,AMZN,0,0.004715468401134811,9
2024-03-26,GOOGL,0,0.0005115193201945584,9
2024-03-26,INTC,1,0.44594863262512074,9
2024-03-26,MSFT,0,0.001094943759163063,9
2024-03-26,NVDA,0,0.7266095710920606,9
2024-03-26,PFE,0,0.6281468560769005,9
2024-03-26,PYPL,0,0.04506449786806979,9
2024-03-26,SPY,0,0.0018795428110293427,9
2024-03-26,ZM,0,0.18544961030727963,9
2024-03-27,AAPL,0,0.008416724156968142,9
2024-03-27,AMZN,0,0.00959940044191445,9
2024-03-27,GOOGL,0,0.0012403889650438324,9
2024-03-27,INTC,0,0.5455006917070472,9
2024-03-27,MSFT,0,0.0015316308136385317,9
2024-03-27,NVDA,0,0.8232144385578761,9
2024-03-27,PFE,0,0.7683110723526094,9
2024-03-27,PYPL,0,0.14658334593841943,9
2024-03-27,SPY,0,0.0017089807250016903,9
2024-03-27,ZM,0,0.1116738750140501,9
2024-03-28,AAPL,0,0.015407031566783266,9
2024-03-28,AMZN,0,0.002432053243904653,9
2024-03-28,GOOGL,0,0.0013450322124867263,9
2024-03-28,INTC,0,0.7415253719451222,9
2024-03-28,MSFT,0,0.003364470913406937,9
2024-03-28,NVDA,0,0.33168390455504526,9
2024-03-28,PFE,0,0.4450511996695772,9
2024-03-28,PYPL,0,0.017790218576777914,9
2024-03-28,SPY,0,0.003975582160312114,9
2024-03-28,ZM,0,0.13961879130570315,9
2024-04-01,AAPL,0,0.048114997674774826,9
2024-04-01,AMZN,0,0.007536650580939113,9
2024-04-01,GOOGL,0,0.002201194259448828,9
2024-04-01,INTC,0,0.08382971290655925,9
2024-04-01,MSFT,0,0.0016427228662223231,9
2024-04-01,NVDA,0,0.09819412798646329,9
2024-04-01,PFE,0,0.9149064350723073,9
2024-04-01,PYPL,0,0.5609303624769053,9
2024-04-01,SPY,0,0.004259585439321448,9
2024-04-01,ZM,0,0.06370039296548152,9
2024-04-02,AAPL,0,0.023258973569260256,9
2024-04-02,AMZN,0,0.02083540799035116,9
2024-04-02,GOOGL,0,0.029836845669477006,9
2024-04-02,INTC,0,0.33670031224746205,9
2024-04-02,MSFT,0,0.002719906113871809,9
2024-04-02,NVDA,0,0.21948422006829355,9
2024-04-02,PFE,0,0.2524585222219668,9
2024-04-02,PYPL,0,0.031964265608738184,9
2024-04-02,SPY,0,0.007598016909916555,9
2024-04-02,ZM,0,0.22374734556329848,9
2024-04-03,AAPL,0,0.2199619156655603,9
2024-04-03,AMZN,0,0.047335529694646584,9
2024-04-03,GOOGL,0,0.17250198130193525,9
2024-04-03,INTC,0,0.6794352493554455,9
2024-04-03,MSFT,0,0.0011602639795855222,9
2024-04-03,NVDA,0,0.859800753891851,9
2024-04-03,PFE,0,0.3770320255534297,9
2024-04-03,PYPL,0,0.6236427508540975,9
2024-04-03,SPY,0,0.001097210257247676,9
2024-04-03,ZM,0,0.7160002079342664,9
2024-04-04,AAPL,0,0.048042394672588036,9
2024-04-04,AMZN,0,0.016973046230198994,9
2024-04-04,GOOGL,0,0.11796560573410349,9
2024-04-04,INTC,0,0.8450826025020534,9
2024-04-04,MSFT,0,0.004945095158167211,9
2024-04-04,NVDA,0,0.8671839160415122,9
2024-04-04,PFE,0,0.35613303605437296,9
2024-04-04,PYPL,0,0.7446316492364662,9
2024-04-04,SPY,0,0.0022860055486125627,9
2024-04-04,ZM,0,0.32213490347981777,9
2024-04-05,AAPL,0,0.04501859777748873,9
2024-04-05,AMZN,0,0.0010110295038810511,9
2024-04-05,GOOGL,0,0.011768872440041017,9
2024-04-05,INTC,0,0.7615819453842817,9
2024-04-05,MSFT,0,0.0005873308049662185,9
2024-04-05,NVDA,0,0.576206238071827,9
2024-04-05,PFE,0,0.4490882181818958,9
2024-04-05,PYPL,0,0.7893166891239971,9
2024-04-05,SPY,0,0.0009395322307710041,9
2024-04-05,ZM,0,0.6141488471064114,9
2024-04-08,AAPL,0,0.03201433447403433,9
2024-04-08,AMZN,0,0.00011963661165022478,9
2024-04-08,GOOGL,0,0.006554652892628856,9
2024-04-08,INTC,0,0.7802592512137954,9
2024-04-08,MSFT,0,0.0008180619398725069,9
2024-04-08,NVDA,0,0.8150753168062931,9
2024-04-08,PFE,0,0.30970806863761857,9
2024-04-08,PYPL,0,0.6345012586543068,9
2024-04-08,SPY,0,0.0017531906939247605,9
2024-04-08,ZM,0,0.29912598144108515,9
2024-04-09,AAPL,0,0.05907154726370461,9
2024-04-09,AMZN,0,0.0003984687501122011,9
2024-04-09,GOOGL,0,0.05595342772937866,9
2024-04-09,INTC,0,0.5381809594059801,9
2024-04-09,MSFT,0,0.0010589478095798391,9
2024-04-09,NVDA,1,0.7675557904505785,9
2024-04-09,PFE,0,0.6446130730354915,9
2024-04-09,PYPL,0,0.33994695021043153,9
2024-04-09,SPY,0,0.0016309259439904748,9
2024-04-09,ZM,0,0.2673145193206349,9
2024-04-10,AAPL,1,0.02342656766082874,9
2024-04-10,AMZN,0,0.0022372205910881054,9
2024-04-10,GOOGL,0,0.03367967969143571,9
2024-04-10,INTC,0,0.69528428616323,9
2024-04-10,MSFT,0,0.0037977469291244855,9
2024-04-10,NVDA,0,0.4780277063501676,9
2024-04-10,PFE,0,0.704097249315175,9
2024-04-10,PYPL,0,0.4882184003822124,9
2024-04-10,SPY,0,0.015273646097396846,9
2024-04-10,ZM,0,0.45752143140924034,9
2024-04-11,AAPL,0,0.005619317308514518,9
2024-04-11,AMZN,0,0.00013158497360442998,9
2024-04-11,GOOGL,0,0.004062263516387802,9
2024-04-11,INTC,0,0.5364417793510785,9
2024-04-11,MSFT,0,0.0007362621657930892,9
2024-04-11,NVDA,0,0.18837217372941836,9
2024-04-11,PFE,0,0.719215031086047,9
2024-04-11,PYPL,0,0.7916170106376744,9
2024-04-11,SPY,0,0.0015720150071714383,9
2024-04-11,ZM,0,0.2973848344362168,9
2024-04-12,AAPL,0,0.016536555770406344,9
2024-04-12,AMZN,0,0.004525029715644702,9
2024-04-12,GOOGL,0,0.00956078866195596,9
2024-04-12,INTC,0,0.319211813610131,9
2024-04-12,MSFT,0,0.003869736811403047,9
2024-04-12,NVDA,0,0.870359389241061,9
2024-04-12,PFE,0,0.7319753466940787,9
2024-04-12,PYPL,0,0.7779022638774883,9
2024-04-12,SPY,0,0.014494069850413474,9
2024-04-12,ZM,0,0.6873288041502028,9
2024-04-15,AAPL,0,0.1009892753474617,9
2024-04-15,AMZN,0,0.021614783224346304,9
2024-04-15,GOOGL,0,0.059143118134721104,9
2024-04-15,INTC,0,0.32083299519175773,9
2024-04-15,MSFT,0,0.005663825652279133,9
2024-04-15,NVDA,0,0.783335961305691,9
2024-04-15,PFE,0,0.763475840498067,9
2024-04-15,PYPL,0,0.7273940270599474,9
2024-04-15,SPY,0,0.011610475724904791,9
2024-04-15,ZM,0,0.5469393894563637,9
2024-04-16,AAPL,0,0.036571098083744154,9
2024-04-16,AMZN,0,0.011492061359687358,9
2024-04-16,GOOGL,0,0.08987965252967722,9
2024-04-16,INTC,0,0.16024431316951024,9
2024-04-16,MSFT,0,0.0012236459500628918,9
2024-04-16,NVDA,0,0.8034214895914527,9
2024-04-16,PFE,0,0.6018699453849119,9
2024-04-16,PYPL,0,0.5412566731792526,9
2024-04-16,SPY,0,0.0075027219443632364,9
2024-04-16,ZM,0,0.4987300842547991,9
2024-04-17,AAPL,0,0.027940946183471056,9
2024-04-17,AMZN,0,0.018950314871601533,9
2024-04-17,GOOGL,0,0.08679795000188387,9
2024-04-17,INTC,0,0.22992398510143197,9
2024-04-17,MSFT,0,0.0074621171306245605,9
2024-04-17,NVDA,0,0.8059811424801343,9
2024-04-17,PFE,0,0.6097812618129037,9
2024-04-17,PYPL,0,0.7146102650735956,9
2024-04-17,SPY,0,0.05428089933767265,9
2024-04-17,ZM,0,0.2900486198689166,9
2024-04-18,AAPL,0,0.04144772899075355,9
2024-04-18,AMZN,0,0.014165222156545821,9
2024-04-18,GOOGL,0,0.004786377746142858,9
2024-04-18,INTC,0,0.2838786025069455,9
2024-04-18,MSFT,0,0.012786581685526656,9
2024-04-18,NVDA,0,0.6518944081732426,9
2024-04-18,PFE,0,0.6922004749811798,9
2024-04-18,PYPL,0,0.31365302761771824,9
2024-04-18,SPY,0,0.026501277450369086,9
2024-04-18,ZM,0,0.25680878832682186,9
2024-04-19,AAPL,0,0.1611796506607636,9
2024-04-19,AMZN,0,0.042504317337072876,9
2024-04-19,GOOGL,1,0.08578676842960867,9
2024-04-19,INTC,0,0.36552056312613734,9
2024-04-19,MSFT,0,0.010893697814392532,9
2024-04-19,NVDA,1,0.5220901777832697,9
2024-04-19,PFE,0,0.4651272575112416,9
2024-04-19,PYPL,0,0.5669321967999377,9
2024-04-19,SPY,0,0.04308211300747568,9
2024-04-19,ZM,0,0.5748426925937486,9
2024-04-22,AAPL,0,0.21863629707216922,9
2024-04-22,AMZN,0,0.07435637746074401,9
2024-04-22,GOOGL,1,0.15850374358693622,9
2024-04-22,INTC,0,0.3534762985277018,9
2024-04-22,MSFT,0,0.0037207024475691044,9
2024-04-22,NVDA,1,0.21750379786196458,9
2024-04-22,PFE,0,0.7146703713179946,9
2024-04-22,PYPL,0,0.5369564343139147,9
2024-04-22,SPY,0,0.006418323396419329,9
2024-04-22,ZM,0,0.19262576870506218,9
2024-04-23,AAPL,0,0.2671726932842972,9
2024-04-23,AMZN,0,0.05451508114056194,9
2024-04-23,GOOGL,0,0.056535852066348945,9
2024-04-23,INTC,0,0.25285109955465185,9
2024-04-23,MSFT,0,0.0024324162757164425,9
2024-04-23,NVDA,0,0.5972437739386165,9
2024-04-23,PFE,0,0.547672898962042,9
2024-04-23,PYPL,1,0.4459876168637467,9
2024-04-23,SPY,0,0.003854907422331638,9
2024-04-23,ZM,0,0.3348133459742016,9
2024-04-24,AAPL,0,0.09443439418865625,9
2024-04-24,AMZN,0,0.021397017069804833,9
2024-04-24,GOOGL,0,0.038629912540864605,9
2024-04-24,INTC,0,0.27740803998899766,9
2024-04-24,MSFT,0,0.0010260411517743159,9
2024-04-24,NVDA,1,0.6184198195252744,9
2024-04-24,PFE,0,0.7838478164077421,9
2024-04-24,PYPL,1,0.6123399294691769,9
2024-04-24,SPY,0,0.0016593187340037021,9
2024-04-24,ZM,0,0.4146870486818136,9
2024-04-25,AAPL,0,0.2713506266205942,9
2024-04-25,AMZN,0,0.019284961546329013,9
2024-04-25,GOOGL,1,0.12773977894500083,9
2024-04-25,INTC,0,0.5851587043028653,9
2024-04-25,MSFT,0,0.012032147341647863,9
2024-04-25,NVDA,0,0.6664082329097026,9
2024-04-25,PFE,1,0.8140849686224428,9
2024-04-25,PYPL,1,0.5919132902669786,9
2024-04-25,SPY,0,0.011009540340569272,9
2024-04-25,ZM,0,0.5077528897514404,9
2024-04-26,AAPL,1,0.11532150741301123,9
2024-04-26,AMZN,0,0.04301914247419602,9
2024-04-26,GOOGL,0,0.02457574957515697,9
2024-04-26,INTC,0,0.20026008418195954,9
2024-04-26,MSFT,0,0.0013582486146145787,9
2024-04-26,NVDA,0,0.1248912281871388,9
2024-04-26,PFE,0,0.3998257281188437,9
2024-04-26,PYPL,0,0.05916694843111848,9
2024-04-26,SPY,0,0.0009213346845568653,9
2024-04-26,ZM,0,0.06821371237446569,9
2024-04-29,AAPL,0,0.005204383510936371,9
2024-04-29,AMZN,0,0.006839913077356022,9
2024-04-29,GOOGL,0,0.09796864418148889,9
2024-04-29,INTC,0,0.4296749563948931,9
2024-04-29,MSFT,0,0.0027346489458362692,9
2024-04-29,NVDA,0,0.0839149498185522,9
2024-04-29,PFE,0,0.3577350126155008,9
2024-04-29,PYPL,0,0.44322759966329234,9
2024-04-29,SPY,0,0.003838049116147216,9
2024-04-29,ZM,0,0.3141594612748469,9
2024-04-30,AAPL,0,0.023831654753136845,9
2024-04-30,AMZN,0,0.03826833091013517,9
2024-04-30,GOOGL,0,0.032612002770506715,9
2024-04-30,INTC,0,0.1482725318746241,9
2024-04-30,MSFT,0,0.012808702424673137,9
2024-04-30,NVDA,0,0.19181638028153145,9
2024-04-30,PFE,1,0.5091530351206504,9
2024-04-30,PYPL,0,0.3027058699538089,9
2024-04-30,SPY,0,0.004450182693740176,9
2024-04-30,ZM,0,0.27318025944061136,9
2024-05-01,AAPL,1,0.012419075575452394,9
2024-05-01,AMZN,0,0.007256131235028375,9
2024-05-01,GOOGL,0,0.0162074677700585,9
2024-05-01,INTC,0,0.08812347849215692,9
2024-05-01,MSFT,0,0.009032743759548692,9
2024-05-01,NVDA,1,0.30624002552313867,9
2024-05-01,PFE,0,0.22797358916891544,9
2024-05-01,PYPL,0,0.48856473679296053,9
2024-05-01,SPY,0,0.005767347328224174,9
2024-05-01,ZM,0,0.14397691625395537,9
2024-05-02,AAPL,0,0.05349632663557759,9
2024-05-02,AMZN,0,0.01826122770560891,9
2024-05-02,GOOGL,0,0.0064573055103160455,9
2024-05-02,INTC,0,0.07909394834410631,9
2024-05-02,MSFT,0,0.0015150261112146974,9
2024-05-02,NVDA,0,0.6226809142243797,9
2024-05-02,PFE,0,0.36814075424039777,9
2024-05-02,PYPL,0,0.23855223639319623,9
2024-05-02,SPY,0,0.004250488131904692,9
2024-05-02,ZM,0,0.3341260056366879,9
2024-05-03,AAPL,0,0.026502195544458828,9
2024-05-03,AMZN,0,0.006853057675931712,9
2024-05-03,GOOGL,0,0.0017420949830235497,9
2024-05-03,INTC,0,0.17809587441908561,9
2024-05-03,MSFT,0,0.002471841476965608,9
2024-05-03,NVDA,0,0.5561158966828585,9
2024-05-03,PFE,0,0.4508844549927812,9
2024-05-03,PYPL,0,0.5596342004139591,9
2024-05-03,SPY,0,0.0050850375003982365,9
2024-05-03,ZM,0,0.41939619397662364,9
2024-05-06,AAPL,0,0.10968912998811382,9
2024-05-06,AMZN,0,0.01895878003131445,9
2024-05-06,GOOGL,0,0.012570003477279648,9
2024-05-06,INTC,0,0.2464865398616003,9
2024-05-06,MSFT,0,0.006819344835178331,9
2024-05-06,NVDA,0,0.6304229915175515,9
2024-05-06,PFE,0,0.5619358810643256,9
2024-05-06,PYPL,0,0.6868412930500502,9
2024-05-06,SPY,0,0.005791347355405556,9
2024-05-06,ZM,0,0.3583690879024322,9
2024-05-07,AAPL,0,0.014753405757695508,9
2024-05-07,AMZN,0,0.009204885230692014,9
2024-05-07,GOOGL,0,0.05527677430834543,9
2024-05-07,INTC,0,0.5385328577416584,9
2024-05-07,MSFT,0,0.0018579735148236487,9
2024-05-07,NVDA,0,0.6674374744957265,9
2024-05-07,PFE,0,0.6412100398879732,9
2024-05-07,PYPL,0,0.6672602339902765,9
2024-05-07,SPY,0,0.0008583236853908688,9
2024-05-07,ZM,0,0.49947748741502174,9
2024-05-08,AAPL,0,0.0237069372076032,9
2024-05-08,AMZN,0,0.009888423743049312,9
2024-05-08,GOOGL,0,0.035253688545944746,9
2024-05-08,INTC,0,0.3602718336022562,9
2024-05-08,MSFT,0,0.0005082038708497538,9
2024-05-08,NVDA,0,0.6322907084429416,9
2024-05-08,PFE,0,0.6163380977351686,9
2024-05-08,PYPL,0,0.7824844370560913,9
2024-05-08,SPY,0,0.0007479486448670912,9
2024-05-08,ZM,0,0.46699474387225864,9
2024-05-09,AAPL,0,0.00467268459987389,9
2024-05-09,AMZN,0,0.022521812156592835,9
2024-05-09,GOOGL,0,0.008841609652952758,9
2024-05-09,INTC,0,0.21573233176796996,9
2024-05-09,MSFT,0,0.0007876094272502359,9
2024-05-09,NVDA,1,0.5641861547257054,9
2024-05-09,PFE,0,0.8566178522650875,9
2024-05-09,PYPL,0,0.6451104445406097,9
2024-05-09,SPY,0,0.0002959375924276339,9
2024-05-09,ZM,0,0.8584329836444096,9
2024-05-10,AAPL,0,0.008085683616024403,9
2024-05-10,AMZN,0,0.01054507079404118,9
2024-05-10,GOOGL,0,0.007330331202827864,9
2024-05-10,INTC,1,0.5920433310195099,9
2024-05-10,MSFT,0,0.0008661139236459177,9
2024-05-10,NVDA,0,0.3306454253590289,9
2024-05-10,PFE,0,0.9095217279322346,9
2024-05-10,PYPL,0,0.8304910166296147,9
2024-05-10,SPY,0,0.00020390306268100217,9
2024-05-10,ZM,0,0.34029141538286,9
2024-05-13,AAPL,0,0.0012311307484776486,9
2024-05-13,AMZN,0,0.008708179972996064,9
2024-05-13,GOOGL,0,0.007606046685584684,9
2024-05-13,INTC,0,0.212453981096691,9
2024-05-13,MSFT,0,0.0017049285553962699,9
2024-05-13,NVDA,0,0.6092266079112296,9
2024-05-13,PFE,0,0.7915041375144725,9
2024-05-13,PYPL,0,0.6788574888050773,9
2024-05-13,SPY,0,0.0006299097723030592,9
2024-05-13,ZM,0,0.5633202139089477,9
2024-05-14,AAPL,0,0.0034703030758369284,9
2024-05-14,AMZN,0,0.0012233568089598252,9
2024-05-14,GOOGL,0,0.01533895064531763,9
2024-05-14,INTC,0,0.6603188784410281,9
2024-05-14,MSFT,0,0.0009850994296732938,9
2024-05-14,NVDA,0,0.5517651111450097,9
2024-05-14,PFE,0,0.8398236515171253,9
2024-05-14,PYPL,0,0.7456963284605831,9
2024-05-14,SPY,0,0.0006301386017926084,9
2024-05-14,ZM,0,0.3176945729518277,9
2024-05-15,AAPL,0,0.003300102916828247,9
2024-05-15,AMZN,0,0.004683033194617622,9
2024-05-15,GOOGL,0,0.020749254436364228,9
2024-05-15,INTC,0,0.5528412370877901,9
2024-05-15,MSFT,0,0.0005447842630781124,9
2024-05-15,NVDA,0,0.3872177270142143,9
2024-05-15,PFE,0,0.7785950512499257,9
2024-05-15,PYPL,0,0.2761121467713647,9
2024-05-15,SPY,0,0.0004806894992299759,9
2024-05-15,ZM,0,0.22070363067775162,9
2024-05-16,AAPL,0,0.003649074303095876,9
2024-05-16,AMZN,0,0.007547502804817716,9
2024-05-16,GOOGL,0,0.07590426959168449,9
2024-05-16,INTC,0,0.12401459674901696,9
2024-05-16,MSFT,0,0.002055908893864629,9
2024-05-16,NVDA,1,0.5616814176947731,9
2024-05-16,PFE,0,0.89817814436131,9
2024-05-16,PYPL,0,0.03897739750159469,9
2024-05-16,SPY,0,0.0015323499999393832,9
2024-05-16,ZM,0,0.027564465945843043,9
2024-05-17,AAPL,0,0.01681351212220593,9
2024-05-17,AMZN,0,0.017040298530629487,9
2024-05-17,GOOGL,0,0.18496944686318373,9
2024-05-17,INTC,0,0.12029973552315727,9
2024-05-17,MSFT,0,0.004564776244994067,9
2024-05-17,NVDA,1,0.1199662717205909,9
2024-05-17,PFE,0,0.7327710272085675,9
2024-05-17,PYPL,0,0.12290073006243818,9
2024-05-17,SPY,0,0.004550931937773033,9
2024-05-17,ZM,0,0.05992995362985873,9
2024-05-20,AAPL,0,0.04100195205497176,9
2024-05-20,AMZN,0,0.0552157480878931,9
2024-05-20,GOOGL,0,0.19352587182641748,9
2024-05-20,INTC,0,0.39037597846173244,9
2024-05-20,MSFT,0,0.0015511525259713044,9
2024-05-20,NVDA,1,0.09017551155916124,9
2024-05-20,PFE,0,0.10565691375088099,9
2024-05-20,PYPL,0,0.5737683451856127,9
2024-05-20,SPY,0,0.0036474734621699243,9
2024-05-20,ZM,0,0.18284323288892845,9
2024-05-21,AAPL,0,0.07914261320453429,9
2024-05-21,AMZN,0,0.2774748104620709,9
2024-05-21,GOOGL,0,0.24712595414382185,9
2024-05-21,INTC,0,0.23858181296547745,9
2024-05-21,MSFT,0,0.0014764138155575579,9
2024-05-21,NVDA,1,0.22587206412676536,9
2024-05-21,PFE,0,0.1921056544298756,9
2024-05-21,PYPL,0,0.35041491875672365,9
2024-05-21,SPY,0,0.003992485678506268,9
2024-05-21,ZM,0,0.16477450996782317,9
2024-05-22,AAPL,0,0.029674712767591368,9
2024-05-22,AMZN,0,0.20029573968303377,9
2024-05-22,GOOGL,0,0.47063859341041464,9
2024-05-22,INTC,0,0.46089599671646186,9
2024-05-22,MSFT,0,0.002251947189632969,9
2024-05-22,NVDA,1,0.2446021236820663,9
2024-05-22,PFE,0,0.0830455732201126,9
2024-05-22,PYPL,0,0.5119197207763935,9
2024-05-22,SPY,0,0.00867885012256183,9
2024-05-22,ZM,0,0.21647890654789975,9
2024-05-23,AAPL,0,0.08323302250078958,9
2024-05-23,AMZN,0,0.13056230568489116,9
2024-05-23,GOOGL,0,0.2811434105241132,9
2024-05-23,INTC,0,0.05976799194416626,9
2024-05-23,MSFT,0,0.0006308910667393024,9
2024-05-23,NVDA,1,0.08836336095952724,9
2024-05-23,PFE,0,0.4531583798864453,9
2024-05-23,PYPL,0,0.6227569628612463,9
2024-05-23,SPY,0,0.0002329421080115009,9
2024-05-23,ZM,0,0.7136926432205263,9
2024-05-24,AAPL,0,0.012898790015179004,9
2024-05-24,AMZN,0,0.0463827757196352,9
2024-05-24,GOOGL,0,0.07509915162709056,9
2024-05-24,INTC,0,0.6597923771252384,9
2024-05-24,MSFT,0,0.00039318507355779337,9
2024-05-24,NVDA,1,0.21547807005375502,9
2024-05-24,PFE,0,0.463124058680542,9
2024-05-24,PYPL,0,0.42226638807032435,9
2024-05-24,SPY,0,0.0003728687594267535,9
2024-05-24,ZM,0,0.7572141812488352,9
2024-05-28,AAPL,0,0.006398193466078814,9
2024-05-28,AMZN,0,0.009060394902245238,9
2024-05-28,GOOGL,0,0.07996527481690636,9
2024-05-28,INTC,0,0.6005287929717437,9
2024-05-28,MSFT,0,0.00012474178286040204,9
2024-05-28,NVDA,0,0.034576116478138616,9
2024-05-28,PFE,0,0.2989771236264548,9
2024-05-28,PYPL,0,0.6118470042416994,9
2024-05-28,SPY,0,0.00014415018307957074,9
2024-05-28,ZM,0,0.4395396662443242,9
2024-05-29,AAPL,0,0.014675821533625384,9
2024-05-29,AMZN,0,0.007854263787161779,9
2024-05-29,GOOGL,0,0.06899662944174582,9
2024-05-29,INTC,0,0.5022947537276576,9
2024-05-29,MSFT,0,0.00014811042267030323,9
2024-05-29,NVDA,0,0.05846120161749891,9
2024-05-29,PFE,0,0.09110249525601197,9
2024-05-29,PYPL,0,0.7742847906089206,9
2024-05-29,SPY,0,0.0006528312395524339,9
2024-05-29,ZM,0,0.8998090818878132,9
2024-05-30,AAPL,0,0.007231871484546811,9
2024-05-30,AMZN,0,0.17312347060807773,9
2024-05-30,GOOGL,0,0.15936180366606506,9
2024-05-30,INTC,0,0.629374742901585,9
2024-05-30,MSFT,0,0.0037196179452859053,9
2024-05-30,NVDA,1,0.04177042473389717,9
2024-05-30,PFE,0,0.16520037278031696,9
2024-05-30,PYPL,1,0.1981841144639037,9
2024-05-30,SPY,0,0.002724987237476538,9
2024-05-30,ZM,0,0.5841897021329463,9
2024-05-31,AAPL,0,0.003649811118526917,9
2024-05-31,AMZN,0,0.1207676558332001,9
2024-05-31,GOOGL,0,0.008213730628240327,9
2024-05-31,INTC,0,0.2215418205582637,9
2024-05-31,MSFT,0,0.0006527221124319923,9
2024-05-31,NVDA,1,0.020550978618515535,9
2024-05-31,PFE,0,0.11090749283928336,9
2024-05-31,PYPL,1,0.7998484206912341,9
2024-05-31,SPY,0,0.0008858787834378302,9
2024-05-31,ZM,0,0.6461783224174835,9
2024-06-03,AAPL,0,0.007394784313933287,9
2024-06-03,AMZN,0,0.00546388457759189,9
2024-06-03,GOOGL,0,0.004225351889619342,9
2024-06-03,INTC,0,0.36292695238808637,9
2024-06-03,MSFT,0,0.0023423330078627554,9
2024-06-03,NVDA,1,0.010797927244253715,9
2024-06-03,PFE,0,0.03985311633517921,9
2024-06-03,PYPL,1,0.6595329336759368,9
2024-06-03,SPY,0,0.0005811776628275333,9
2024-06-03,ZM,0,0.6414381772933793,9
2024-06-04,AAPL,0,0.01427140626894265,9
2024-06-04,AMZN,0,0.01639420389734369,9
2024-06-04,GOOGL,0,0.0067460136565289704,9
2024-06-04,INTC,0,0.0789365513652477,9
2024-06-04,MSFT,0,0.0010322065653593582,9
2024-06-04,NVDA,1,0.050480431370563905,9
2024-06-04,PFE,0,0.14462921942365176,9
2024-06-04,PYPL,1,0.8345787423805525,9
2024-06-04,SPY,0,0.0010785676731986907,9
2024-06-04,ZM,0,0.7409104595290484,9
2024-06-05,AAPL,1,0.002988488455280535,9
2024-06-05,AMZN,0,0.007789424472046953,9
2024-06-05,GOOGL,0,0.013657045445073904,9
2024-06-05,INTC,0,0.010134587708214094,9
2024-06-05,MSFT,0,0.0005602299388957276,9
2024-06-05,NVDA,0,0.013527503426448975,9
2024-06-05,PFE,0,0.15093920115102782,9
2024-06-05,PYPL,1,0.6539966330154887,9
2024-06-05,SPY,0,0.0012229322390197377,9
2024-06-05,ZM,0,0.6605478487609006,9
2024-06-06,AAPL,1,0.0031560646617809444,9
2024-06-06,AMZN,0,0.03815638121478318,9
2024-06-06,GOOGL,0,0.022381886075240175,9
2024-06-06,INTC,0,0.11071770526491402,9
2024-06-06,MSFT,0,0.0007655785142215583,9
2024-06-06,NVDA,0,0.08532108124548748,9
2024-06-06,PFE,0,0.2123310233419926,9
2024-06-06,PYPL,0,0.3563469976263208,9
2024-06-06,SPY,0,0.0006410905511749028,9
2024-06-06,ZM,0,0.6432120921254104,9
2024-06-07,AAPL,1,0.004176289124388769,9
2024-06-07,AMZN,0,0.028390756267487115,9
2024-06-07,GOOGL,0,0.021544305695320332,9
2024-06-07,INTC,0,0.5687740705944626,9
2024-06-07,MSFT,0,0.001635592853715701,9
2024-06-07,NVDA,1,0.025117442437137913,9
2024-06-07,PFE,0,0.09213406133704424,9
2024-06-07,PYPL,0,0.46694280011428263,9
2024-06-07,SPY,0,0.0013549142243730326,9
2024-06-07,ZM,0,0.767526397681255,9
2024-06-10,AAPL,1,0.04347073064162253,9
2024-06-10,AMZN,0,0.015437809335163746,9
2024-06-10,GOOGL,0,0.022204004852510412,9
2024-06-10,INTC,0,0.5488305537692837,9
2024-06-10,MSFT,0,0.001324809144892203,9
2024-06-10,NVDA,1,0.07172371767354252,9
2024-06-10,PFE,0,0.06733990566317959,9
2024-06-10,PYPL,0,0.6762162212484095,9
2024-06-10,SPY,0,0.0018852565532160403,9
2024-06-10,ZM,0,0.7365998104599929,9
2024-06-11,AAPL,0,0.0069591845571242645,9
2024-06-11,AMZN,0,0.0034560324486445633,9
2024-06-11,GOOGL,0,0.015890268777762503,9
2024-06-11,INTC,0,0.4121529825505093,9
2024-06-11,MSFT,0,0.0016869367850828332,9
2024-06-11,NVDA,1,0.05457262298038649,9
2024-06-11,PFE,0,0.1516313993842972,9
2024-06-11,PYPL,0,0.7898708320876581,9
2024-06-11,SPY,0,0.0010622145366203887,9
2024-06-11,ZM,0,0.8144612638388572,9
2024-06-12,AAPL,0,0.0005904713917395688,9
2024-06-12,AMZN,0,0.01980545960587743,9
2024-06-12,GOOGL,0,0.04725283006586134,9
2024-06-12,INTC,0,0.5544863239696314,9
2024-06-12,MSFT,0,0.00038184984596375496,9
2024-06-12,NVDA,1,0.05856145194703211,9
2024-06-12,PFE,0,0.21872465785539688,9
2024-06-12,PYPL,0,0.8315967832756258,9
2024-06-12,SPY,0,0.0004565555703768571,9
2024-06-12,ZM,0,0.6109809315603122,9
2024-06-13,AAPL,0,0.0004828506060314393,9
2024-06-13,AMZN,0,0.03157338028847703,9
2024-06-13,GOOGL,0,0.04492081320727007,9
2024-06-13,INTC,0,0.5718629420352282,9
2024-06-13,MSFT,0,0.00017990845190713316,9
2024-06-13,NVDA,1,0.0599809308751671,9
2024-06-13,PFE,0,0.23191671466480332,9
2024-06-13,PYPL,0,0.6874589412354797,9
2024-06-13,SPY,0,0.00026386832175850504,9
2024-06-13,ZM,0,0.5908760765263589,9
2024-06-14,AAPL,0,0.000984962094808619,9
2024-06-14,AMZN,0,0.011253163445000169,9
2024-06-14,GOOGL,0,0.035859724391560266,9
2024-06-14,INTC,0,0.10382546962376694,9
2024-06-14,MSFT,0,0.00023828817432517722,9
2024-06-14,NVDA,0,0.01660617299527136,9
2024-06-14,PFE,0,0.27344321671349037,9
2024-06-14,PYPL,0,0.7630024747703572,9
2024-06-14,SPY,0,0.00014103346494787194,9
2024-06-14,ZM,0,0.3234833787704663,9
2024-06-17,AAPL,0,0.00024401893085498872,9
2024-06-17,AMZN,0,0.014912645436366868,9
2024-06-17,GOOGL,0,0.0160637979579812,9
2024-06-17,INTC,0,0.05725525576695804,9
2024-06-17,MSFT,0,0.000281786855144647,9
2024-06-17,NVDA,1,0.10178141228975798,9
2024-06-17,PFE,0,0.18463512247870342,9
2024-06-17,PYPL,0,0.7921155224392161,9
2024-06-17,SPY,0,0.00038205939590936386,9
2024-06-17,ZM,0,0.26440561480493274,9
2024-06-18,AAPL,0,0.0010491555430397776,9
2024-06-18,AMZN,0,0.020842985998310252,9
2024-06-18,GOOGL,0,0.0229501648106227,9
2024-06-18,INTC,0,0.029004953006911718,9
2024-06-18,MSFT,0,0.0004110054492722412,9
2024-06-18,NVDA,0,0.023081913237977297,9
2024-06-18,PFE,0,0.13924483495127962,9
2024-06-18,PYPL,0,0.6884009327553031,9
2024-06-18,SPY,0,0.00012121466118658324,9
2024-06-18,ZM,0,0.28543417092962925,9
2024-06-20,AAPL,0,0.13820354793822526,9
2024-06-20,AMZN,1,0.004706049771700006,9
2024-06-20,GOOGL,0,0.015051483321487183,9
2024-06-20,INTC,0,0.022631797876853967,9
2024-06-20,MSFT,0,9.317237518015239e-05,9
2024-06-20,NVDA,0,0.19807421653964388,9
2024-06-20,PFE,0,0.2067670008401879,9
2024-06-20,PYPL,0,0.5518798052758501,9
2024-06-20,SPY,0,0.0003433251853512853,9
2024-06-20,ZM,0,0.2255458457448847,9
2024-06-21,AAPL,0,0.008600101052356427,9
2024-06-21,AMZN,0,0.00016234710599667717,9
2024-06-21,GOOGL,0,0.004581761779101388,9
2024-06-21,INTC,0,0.06085448079713142,9
2024-06-21,MSFT,0,9.282304257146608e-05,9
2024-06-21,NVDA,0,0.517883388396863,9
2024-06-21,PFE,0,0.3395651900439065,9
2024-06-21,PYPL,0,0.38038555867654755,9
2024-06-21,SPY,0,0.00016370364249179928,9
2024-06-21,ZM,0,0.3500657390145042,9
2024-06-24,AAPL,0,0.004382262335752076,9
2024-06-24,AMZN,1,0.006964715537641463,9
2024-06-24,GOOGL,0,0.005845806393293583,9
2024-06-24,INTC,0,0.08130642657672595,9
2024-06-24,MSFT,0,0.00042280123341693367,9
2024-06-24,NVDA,1,0.47642523293355377,9
2024-06-24,PFE,0,0.18988208370280593,9
2024-06-24,PYPL,0,0.5891890147084924,9
2024-06-24,SPY,0,0.00028093698585181785,9
2024-06-24,ZM,0,0.427071981056218,9
2024-06-25,AAPL,0,0.00595034144554797,9
2024-06-25,AMZN,1,0.0031041961636112526,9
2024-06-25,GOOGL,0,0.030958537252708047,9
2024-06-25,INTC,0,0.05976807025980047,9
2024-06-25,MSFT,0,0.00022921702831426612,9
2024-06-25,NVDA,0,0.0213093827980826,9
2024-06-25,PFE,0,0.3971694548272987,9
2024-06-25,PYPL,0,0.5343426228876913,9
2024-06-25,SPY,0,0.0001256704604595144,9
2024-06-25,ZM,0,0.3085018853365464,9
2024-06-26,AAPL,0,0.048772452742170166,9
2024-06-26,AMZN,0,0.07910613718195453,9
2024-06-26,GOOGL,0,0.003449086879867143,9
2024-06-26,INTC,0,0.08246649811927863,9
2024-06-26,MSFT,0,0.00016256616575266114,9
2024-06-26,NVDA,0,0.23828492819638653,9
2024-06-26,PFE,0,0.4619534900388455,9
2024-06-26,PYPL,0,0.5212590945262552,9
2024-06-26,SPY,0,9.315725713196397e-05,9
2024-06-26,ZM,0,0.32147133730262945,9
2024-06-27,AAPL,0,0.025591885847214314,9
2024-06-27,AMZN,0,0.011052342841280312,9
2024-06-27,GOOGL,0,0.02437682442446156,9
2024-06-27,INTC,0,0.09284978987599678,9
2024-06-27,MSFT,0,0.00013187898307339514,9
2024-06-27,NVDA,0,0.5879109225697278,9
2024-06-27,PFE,0,0.3452260776624076,9
2024-06-27,PYPL,0,0.1537803586052636,9
2024-06-27,SPY,0,0.0003071343828922277,9
2024-06-27,ZM,0,0.21436064864215096,9
2024-06-28,AAPL,1,0.020850108993742004,9
2024-06-28,AMZN,0,0.02775549353728572,9
2024-06-28,GOOGL,0,0.005579997883636454,9
2024-06-28,INTC,1,0.056575779516907995,9
2024-06-28,MSFT,0,0.0005280393084657741,9
2024-06-28,NVDA,0,0.4599378974702332,9
2024-06-28,PFE,0,0.38915490803402064,9
2024-06-28,PYPL,0,0.28755023965091714,9
2024-06-28,SPY,0,0.0003504020776357159,9
2024-06-28,ZM,0,0.2126720563243792,9
2024-07-01,AAPL,0,0.021853226221471365,10
2024-07-01,AMZN,0,0.1663675928112574,10
2024-07-01,GOOGL,0,0.00944167408994765,10
2024-07-01,INTC,1,0.1439694478181399,10
2024-07-01,MSFT,0,9.929664767596923e-05,10
2024-07-01,NVDA,1,0.5428421170736657,10
2024-07-01,PFE,0,0.029524780722099835,10
2024-07-01,PYPL,0,0.10640513770770328,10
2024-07-01,SPY,0,0.0003992571481504217,10
2024-07-01,ZM,0,0.28198298412601375,10
2024-07-02,AAPL,0,0.5130867374808831,10
2024-07-02,AMZN,0,0.5982020346813076,10
2024-07-02,GOOGL,0,0.05362440907530582,10
2024-07-02,INTC,1,0.13453269357833814,10
2024-07-02,MSFT,0,0.0007503863780622565,10
2024-07-02,NVDA,1,0.6846935585606801,10
2024-07-02,PFE,0,0.022996571267407232,10
2024-07-02,PYPL,0,0.23683563808953495,10
2024-07-02,SPY,0,0.0007506791209343538,10
2024-07-02,ZM,0,0.2779637270333796,10
2024-07-03,AAPL,0,0.2689140238399961,10
2024-07-03,AMZN,0,0.6346960889551291,10
2024-07-03,GOOGL,0,0.0088569508039232,10
2024-07-03,INTC,1,0.12674269748873118,10
2024-07-03,MSFT,0,0.0007447363627141561,10
2024-07-03,NVDA,0,0.14829693389785684,10
2024-07-03,PFE,0,0.02307726576096323,10
2024-07-03,PYPL,0,0.27204596167635403,10
2024-07-03,SPY,0,0.0007495159110235565,10
2024-07-03,ZM,0,0.41728911957492765,10
2024-07-05,AAPL,0,0.6402836170326993,10
2024-07-05,AMZN,0,0.12187280623682922,10
2024-07-05,GOOGL,0,0.007895725820325175,10
2024-07-05,INTC,1,0.7501475977863673,10
2024-07-05,MSFT,0,0.0004898986375722849,10
2024-07-05,NVDA,1,0.5182155987808432,10
2024-07-05,PFE,0,0.023767106994668805,10
2024-07-05,PYPL,0,0.4479414629979459,10
2024-07-05,SPY,0,0.001372021997287681,10
2024-07-05,ZM,0,0.44979665012597514,10
2024-07-08,AAPL,0,0.061682778515081575,10
2024-07-08,AMZN,0,0.03868557334526902,10
2024-07-08,GOOGL,0,0.0018894549510756835,10
2024-07-08,INTC,0,0.43526470393545746,10
2024-07-08,MSFT,0,0.0006146337130283746,10
2024-07-08,NVDA,0,0.17247056709546862,10
2024-07-08,PFE,0,0.019333217053078493,10
2024-07-08,PYPL,0,0.3956025061600575,10
2024-07-08,SPY,0,0.0002486985776931347,10
2024-07-08,ZM,0,0.5404754653323253,10
2024-07-09,AAPL,0,0.13684396247780917,10
2024-07-09,AMZN,0,0.07624608414787155,10
2024-07-09,GOOGL,0,0.0013041221739014499,10
2024-07-09,INTC,0,0.47883939290148947,10
2024-07-09,MSFT,0,0.0021496534717499022,10
2024-07-09,NVDA,0,0.1428772668649154,10
2024-07-09,PFE,1,0.00790089327516223,10
2024-07-09,PYPL,0,0.3173883216420598,10
2024-07-09,SPY,0,0.00022627150367776554,10
2024-07-09,ZM,0,0.5366260847743034,10
2024-07-10,AAPL,0,0.12484421035052898,10
2024-07-10,AMZN,0,0.020878612882051693,10
2024-07-10,GOOGL,0,0.009315370273502597,10
2024-07-10,INTC,0,0.5719369557501288,10
2024-07-10,MSFT,0,0.00113366682333236,10
2024-07-10,NVDA,0,0.09781345744639222,10
2024-07-10,PFE,1,0.023472460981054138,10
2024-07-10,PYPL,0,0.3643306345862208,10
2024-07-10,SPY,0,0.0006142222716434228,10
2024-07-10,ZM,0,0.44088471210306707,10
2024-07-11,AAPL,0,0.13237840304841508,10
2024-07-11,AMZN,0,0.6895071818187124,10
2024-07-11,GOOGL,0,0.0664372448947746,10
2024-07-11,INTC,1,0.8416364013121495,10
2024-07-11,MSFT,0,0.0021369951602132732,10
2024-07-11,NVDA,0,0.6461140596900549,10
2024-07-11,PFE,0,0.056385485102317875,10
2024-07-11,PYPL,0,0.6303816703907852,10
2024-07-11,SPY,0,0.0002675895478297721,10
2024-07-11,ZM,0,0.43172581664149395,10
2024-07-12,AAPL,0,0.031236358298824655,10
2024-07-12,AMZN,0,0.12029373172500828,10
2024-07-12,GOOGL,0,0.012829076333338978,10
2024-07-12,INTC,1,0.5845856910404508,10
2024-07-12,MSFT,0,0.0016731221091159365,10
2024-07-12,NVDA,0,0.561231109746444,10
2024-07-12,PFE,0,0.024394126564577394,10
2024-07-12,PYPL,0,0.6160028764118589,10
2024-07-12,SPY,0,0.00016030771487009953,10
2024-07-12,ZM,0,0.5660878500338624,10
2024-07-15,AAPL,0,0.034257176152897424,10
2024-07-15,AMZN,0,0.057629598451398666,10
2024-07-15,GOOGL,0,0.014467530492928999,10
2024-07-15,INTC,1,0.6441759841741223,10
2024-07-15,MSFT,0,0.0004906526047445195,10
2024-07-15,NVDA,0,0.3607689976513723,10
2024-07-15,PFE,0,0.013466711203099837,10
2024-07-15,PYPL,0,0.4594020350306099,10
2024-07-15,SPY,0,0.0002910515490935969,10
2024-07-15,ZM,0,0.8746404163703776,10
2024-07-16,AAPL,0,0.03501307265982859,10
2024-07-16,AMZN,0,0.06139068104712838,10
2024-07-16,GOOGL,0,0.009209217661698514,10
2024-07-16,INTC,1,0.7028668439861244,10
2024-07-16,MSFT,0,0.0018069055129328342,10
2024-07-16,NVDA,0,0.5885847849949646,10
2024-07-16,PFE,0,0.03178429166324695,10
2024-07-16,PYPL,0,0.25594113553986153,10
2024-07-16,SPY,0,0.002704506989611206,10
2024-07-16,ZM,0,0.8798498016321865,10
2024-07-17,AAPL,0,0.6120310591572519,10
2024-07-17,AMZN,0,0.7460160010256854,10
2024-07-17,GOOGL,0,0.013118811744961859,10
2024-07-17,INTC,0,0.47881101594283426,10
2024-07-17,MSFT,0,0.003959019953464504,10
2024-07-17,NVDA,0,0.7182285537195234,10
2024-07-17,PFE,0,0.012900547544357998,10
2024-07-17,PYPL,0,0.1791887609531689,10
2024-07-17,SPY,0,0.0014898701390660962,10
2024-07-17,ZM,0,0.5197256935998935,10
2024-07-18,AAPL,0,0.44317792684800966,10
2024-07-18,AMZN,0,0.3221662805997406,10
2024-07-18,GOOGL,0,0.019305569012694028,10
2024-07-18,INTC,0,0.3716249225572092,10
2024-07-18,MSFT,0,0.0006939642269307643,10
2024-07-18,NVDA,0,0.16954460023552995,10
2024-07-18,PFE,0,0.04200169136480903,10
2024-07-18,PYPL,0,0.6649649699947676,10
2024-07-18,SPY,0,0.0011701172729879376,10
2024-07-18,ZM,0,0.6132555513559637,10
2024-07-19,AAPL,0,0.1734118781770371,10
2024-07-19,AMZN,0,0.09788703467324925,10
2024-07-19,GOOGL,0,0.009846167138988665,10
2024-07-19,INTC,0,0.5379322055514919,10
2024-07-19,MSFT,0,0.0012149254799510149,10
2024-07-19,NVDA,0,0.6451738205534495,10
2024-07-19,PFE,0,0.06041171112273587,10
2024-07-19,PYPL,0,0.740742385836294,10
2024-07-19,SPY,0,0.000606813881681441,10
2024-07-19,ZM,0,0.6751933272177414,10
2024-07-22,AAPL,0,0.1021865034300036,10
2024-07-22,AMZN,0,0.11704106183911145,10
2024-07-22,GOOGL,0,0.0028903860465216116,10
2024-07-22,INTC,0,0.3771068354832281,10
2024-07-22,MSFT,0,0.0011326931250054937,10
2024-07-22,NVDA,0,0.06459191378434102,10
2024-07-22,PFE,0,0.057980749147923206,10
2024-07-22,PYPL,0,0.26622194591583004,10
2024-07-22,SPY,0,0.000813029850405512,10
2024-07-22,ZM,0,0.7174763844674733,10
2024-07-23,AAPL,0,0.07655457732983373,10
2024-07-23,AMZN,0,0.04360802117860177,10
2024-07-23,GOOGL,0,0.006305565862947215,10
2024-07-23,INTC,0,0.43181673144276284,10
2024-07-23,MSFT,0,0.0012582997453735166,10
2024-07-23,NVDA,0,0.3552537078604871,10
2024-07-23,PFE,1,0.07720585397294807,10
2024-07-23,PYPL,0,0.7345826919620204,10
2024-07-23,SPY,0,0.000681502416514549,10
2024-07-23,ZM,0,0.5883384980424835,10
2024-07-24,AAPL,0,0.12138227315520023,10
2024-07-24,AMZN,0,0.1328474275735079,10
2024-07-24,GOOGL,0,0.010131054950439927,10
2024-07-24,INTC,0,0.2148186127035767,10
2024-07-24,MSFT,0,0.0009801284004984324,10
2024-07-24,NVDA,0,0.3253949502038175,10
2024-07-24,PFE,0,0.034389016289862157,10
2024-07-24,PYPL,1,0.47251805454175166,10
2024-07-24,SPY,0,0.00038306026494499645,10
2024-07-24,ZM,0,0.488869497869032,10
2024-07-25,AAPL,0,0.028582878648102397,10
2024-07-25,AMZN,0,0.1828008482846884,10
2024-07-25,GOOGL,0,0.04156051157565338,10
2024-07-25,INTC,0,0.3639302005115567,10
2024-07-25,MSFT,0,0.0011642047597869721,10
2024-07-25,NVDA,0,0.34634908961543903,10
2024-07-25,PFE,0,0.06000548649767254,10
2024-07-25,PYPL,1,0.337299583153961,10
2024-07-25,SPY,0,0.0003703230993062215,10
2024-07-25,ZM,0,0.2765822218412151,10
2024-07-26,AAPL,0,0.021430648972024135,10
2024-07-26,AMZN,0,0.036992796000796434,10
2024-07-26,GOOGL,0,0.014428551086297328,10
2024-07-26,INTC,0,0.6711174658047823,10
2024-07-26,MSFT,0,0.0006455432918449781,10
2024-07-26,NVDA,0,0.5085265050254387,10
2024-07-26,PFE,0,0.04857996951473537,10
2024-07-26,PYPL,1,0.534967920021289,10
2024-07-26,SPY,0,0.00016608674245726393,10
2024-07-26,ZM,0,0.33179952101851534,10
2024-07-29,AAPL,0,0.022343100339116243,10
2024-07-29,AMZN,0,0.008473422073726353,10
2024-07-29,GOOGL,0,0.015332030594948249,10
2024-07-29,INTC,0,0.5325905039162753,10
2024-07-29,MSFT,0,0.0005258509473965927,10
2024-07-29,NVDA,0,0.6636025329474914,10
2024-07-29,PFE,0,0.16709140768785702,10
2024-07-29,PYPL,1,0.6519524616706106,10
2024-07-29,SPY,0,0.00047277257219220973,10
2024-07-29,ZM,0,0.19717141322351625,10
2024-07-30,AAPL,0,0.07245103251546654,10
2024-07-30,AMZN,0,0.10034068666235314,10
2024-07-30,GOOGL,0,0.03867462100048889,10
2024-07-30,INTC,0,0.3615039717809332,10
2024-07-30,MSFT,0,0.001087657547737433,10
2024-07-30,NVDA,1,0.4843029909297453,10
2024-07-30,PFE,0,0.381729430036364,10
2024-07-30,PYPL,0,0.25435107703713383,10
2024-07-30,SPY,0,0.0006259850423564703,10
2024-07-30,ZM,0,0.07048485813175165,10
2024-07-31,AAPL,0,0.04036764603091462,10
2024-07-31,AMZN,0,0.008389244773364907,10
2024-07-31,GOOGL,0,0.10569038971743872,10
2024-07-31,INTC,0,0.5706883577209334,10
2024-07-31,MSFT,0,0.0009711327941778256,10
2024-07-31,NVDA,0,0.03260346933368054,10
2024-07-31,PFE,0,0.0693371331778656,10
2024-07-31,PYPL,0,0.0361372641101088,10
2024-07-31,SPY,0,0.0003620971767342999,10
2024-07-31,ZM,0,0.013773204990191119,10
2024-08-01,AAPL,0,0.05454692827281102,10
2024-08-01,AMZN,0,0.020115484073256387,10
2024-08-01,GOOGL,0,0.019421364508084044,10
2024-08-01,INTC,0,0.06902613952472966,10
2024-08-01,MSFT,0,0.00027464049501559426,10
2024-08-01,NVDA,0,0.24618145796432025,10
2024-08-01,PFE,0,0.033044781987524655,10
2024-08-01,PYPL,0,0.027906100074984383,10
2024-08-01,SPY,0,0.0004270141763778111,10
2024-08-01,ZM,0,0.08573076939873239,10
2024-08-02,AAPL,0,0.018792594465560693,10
2024-08-02,AMZN,0,0.0695055113128183,10
2024-08-02,GOOGL,0,0.007822423756832182,10
2024-08-02,INTC,0,0.05526177442498908,10
2024-08-02,MSFT,0,0.00012940269968463202,10
2024-08-02,NVDA,0,0.09726359485762488,10
2024-08-02,PFE,0,0.0057702138278565894,10
2024-08-02,PYPL,0,0.005062156084854222,10
2024-08-02,SPY,0,0.0002686318644949555,10
2024-08-02,ZM,0,0.0037382887645592594,10
2024-08-05,AAPL,0,0.09547572115272879,10
2024-08-05,AMZN,0,0.003445451039806925,10
2024-08-05,GOOGL,0,0.003950888101475671,10
2024-08-05,INTC,0,0.005320226147990808,10
2024-08-05,MSFT,0,0.00020298296388596653,10
2024-08-05,NVDA,0,0.06000067114631991,10
2024-08-05,PFE,0,0.004912859060736391,10
2024-08-05,PYPL,0,0.0045681140056259934,10
2024-08-05,SPY,0,8.786044712168683e-05,10
2024-08-05,ZM,0,0.006751129013849192,10
2024-08-06,AAPL,0,0.00922986671764822,10
2024-08-06,AMZN,0,0.001989144312161951,10
2024-08-06,GOOGL,0,0.0016257214970699385,10
2024-08-06,INTC,0,0.006564195103225429,10
2024-08-06,MSFT,0,9.4496384533971e-05,10
2024-08-06,NVDA,0,0.04015801749859412,10
2024-08-06,PFE,0,0.0029165328132530572,10
2024-08-06,PYPL,0,0.0018722623091303547,10
2024-08-06,SPY,0,0.00010168772197760778,10
2024-08-06,ZM,0,0.009244233996400094,10
2024-08-07,AAPL,0,0.0034125778615954577,10
2024-08-07,AMZN,0,0.002945155290665121,10
2024-08-07,GOOGL,0,0.0010900346971912242,10
2024-08-07,INTC,0,0.010901508199515623,10
2024-08-07,MSFT,0,4.0255448906810575e-05,10
2024-08-07,NVDA,1,0.051268448188273495,10
2024-08-07,PFE,0,0.0030061715902973494,10
2024-08-07,PYPL,0,0.0016594362240374399,10
2024-08-07,SPY,0,6.66975275957079e-05,10
2024-08-07,ZM,0,0.010546449850823167,10
2024-08-08,AAPL,0,0.004208845578235226,10
2024-08-08,AMZN,0,0.010165164261064844,10
2024-08-08,GOOGL,0,0.001056751552939909,10
2024-08-08,INTC,0,0.01620632383569184,10
2024-08-08,MSFT,0,0.000126671747610906,10
2024-08-08,NVDA,1,0.030843643903826053,10
2024-08-08,PFE,0,0.0035963287636329067,10
2024-08-08,PYPL,0,0.0033184302968471014,10
2024-08-08,SPY,0,4.102770358839483e-05,10
2024-08-08,ZM,0,0.005794623772862346,10
2024-08-09,AAPL,0,0.0015478917358314143,10
2024-08-09,AMZN,0,0.01146382025296039,10
2024-08-09,GOOGL,0,0.0034131392519253156,10
2024-08-09,INTC,0,0.003100632482130677,10
2024-08-09,MSFT,0,0.00010346134563587558,10
2024-08-09,NVDA,1,0.016985592086336054,10
2024-08-09,PFE,0,0.0025496047596740372,10
2024-08-09,PYPL,0,0.002359887881810294,10
2024-08-09,SPY,0,0.00017689594433283845,10
2024-08-09,ZM,0,0.07318417465748704,10
2024-08-12,AAPL,0,0.01457900178124648,10
2024-08-12,AMZN,0,0.02747539967292038,10
2024-08-12,GOOGL,0,0.008142514741187148,10
2024-08-12,INTC,0,0.021807135692403282,10
2024-08-12,MSFT,0,0.00021983001379808503,10
2024-08-12,NVDA,1,0.12342880239137625,10
2024-08-12,PFE,0,0.027150531560658334,10
2024-08-12,PYPL,0,0.01638120993335428,10
2024-08-12,SPY,0,0.00018384732252758635,10
2024-08-12,ZM,0,0.15099517202337884,10
2024-08-13,AAPL,0,0.02044964186376186,10
2024-08-13,AMZN,0,0.015190777942739219,10
2024-08-13,GOOGL,0,0.01993031649664713,10
2024-08-13,INTC,0,0.07497742794979433,10
2024-08-13,MSFT,0,0.00031150170275045976,10
2024-08-13,NVDA,0,0.07962535311646242,10
2024-08-13,PFE,0,0.05288388369780898,10
2024-08-13,PYPL,0,0.046131623921258066,10
2024-08-13,SPY,0,0.0003659813320906077,10
2024-08-13,ZM,0,0.10276779329507967,10
2024-08-14,AAPL,0,0.004314743182624485,10
2024-08-14,AMZN,0,0.005955765433715201,10
2024-08-14,GOOGL,0,0.0362672342611831,10
2024-08-14,INTC,0,0.060366863038657355,10
2024-08-14,MSFT,0,0.00014373231188305667,10
2024-08-14,NVDA,0,0.12217668886768003,10
2024-08-14,PFE,0,0.06571006029629829,10
2024-08-14,PYPL,0,0.017094024214905586,10
2024-08-14,SPY,0,0.00012366795315543717,10
2024-08-14,ZM,0,0.06011587098383161,10
2024-08-15,AAPL,0,0.021675829194705724,10
2024-08-15,AMZN,0,0.0017586810007840451,10
2024-08-15,GOOGL,0,0.042164699644453664,10
2024-08-15,INTC,0,0.008195755156255903,10
2024-08-15,MSFT,0,0.00017333017745750802,10
2024-08-15,NVDA,0,0.03445992806919408,10
2024-08-15,PFE,0,0.011543127304663506,10
2024-08-15,PYPL,0,0.006966463293481184,10
2024-08-15,SPY,0,0.00018901604529927537,10
2024-08-15,ZM,1,0.09682038702535736,10
2024-08-16,AAPL,0,0.008588700678706075,10
2024-08-16,AMZN,0,0.05753283937393228,10
2024-08-16,GOOGL,0,0.14678110086321647,10
2024-08-16,INTC,0,0.06127846300215049,10
2024-08-16,MSFT,0,0.00019968415161726428,10
2024-08-16,NVDA,0,0.11266613179166049,10
2024-08-16,PFE,0,0.1443294346404399,10
2024-08-16,PYPL,0,0.015030980093443771,10
2024-08-16,SPY,0,0.00019447478376264133,10
2024-08-16,ZM,1,0.3188275485169835,10
2024-08-19,AAPL,0,0.008631925172568115,10
2024-08-19,AMZN,0,0.03208012217837641,10
2024-08-19,GOOGL,0,0.19382006563966125,10
2024-08-19,INTC,0,0.1735600923979817,10
2024-08-19,MSFT,0,0.0002743936223854895,10
2024-08-19,NVDA,0,0.053153853786237305,10
2024-08-19,PFE,0,0.2019255956232242,10
2024-08-19,PYPL,0,0.19879292125176776,10
2024-08-19,SPY,0,0.00015089896656436653,10
2024-08-19,ZM,1,0.32231803133398673,10
2024-08-20,AAPL,0,0.0059291183561614395,10
2024-08-20,AMZN,0,0.05503400037838828,10
2024-08-20,GOOGL,0,0.14096153964830238,10
2024-08-20,INTC,0,0.6358859700116093,10
2024-08-20,MSFT,0,0.00025194522528204215,10
2024-08-20,NVDA,0,0.3167606296116878,10
2024-08-20,PFE,0,0.2103299680784823,10
2024-08-20,PYPL,0,0.21400830112713431,10
2024-08-20,SPY,0,0.00022357145062652534,10
2024-08-20,ZM,1,0.4110562785374531,10
2024-08-21,AAPL,0,0.017181584238399675,10
2024-08-21,AMZN,0,0.02456871189193548,10
2024-08-21,GOOGL,0,0.1867371864526168,10
2024-08-21,INTC,0,0.7295616164620726,10
2024-08-21,MSFT,0,0.0003315497165468171,10
2024-08-21,NVDA,0,0.27136475959087386,10
2024-08-21,PFE,0,0.3494128410972828,10
2024-08-21,PYPL,0,0.11656516007886329,10
2024-08-21,SPY,0,0.0002029446278671303,10
2024-08-21,ZM,1,0.4081548221203948,10
2024-08-22,AAPL,0,0.02147423773158593,10
2024-08-22,AMZN,0,0.2605146837474203,10
2024-08-22,GOOGL,0,0.056197524562004296,10
2024-08-22,INTC,0,0.8525899121639338,10
2024-08-22,MSFT,0,0.000512011238912902,10
2024-08-22,NVDA,0,0.20414235084675497,10
2024-08-22,PFE,0,0.27339892818135164,10
2024-08-22,PYPL,0,0.010841729735059754,10
2024-08-22,SPY,0,0.00022277571896784894,10
2024-08-22,ZM,0,0.02446512687128651,10
2024-08-23,AAPL,0,0.004571549910639169,10
2024-08-23,AMZN,0,0.0023368286122605153,10
2024-08-23,GOOGL,0,0.00795645653047241,10
2024-08-23,INTC,0,0.024000308765933006,10
2024-08-23,MSFT,0,2.1761151568290895e-05,10
2024-08-23,NVDA,0,0.047155838479558274,10
2024-08-23,PFE,0,0.08886404109407686,10
2024-08-23,PYPL,0,0.012502758267319752,10
2024-08-23,SPY,0,2.1415367680203833e-05,10
2024-08-23,ZM,0,0.04977649678748696,10
2024-08-26,AAPL,0,0.01614214127672435,10
2024-08-26,AMZN,0,0.012813903177724276,10
2024-08-26,GOOGL,0,0.004639199911184664,10
2024-08-26,INTC,0,0.06540719107735697,10
2024-08-26,MSFT,0,0.00023933627142690495,10
2024-08-26,NVDA,0,0.22029393291444974,10
2024-08-26,PFE,0,0.26015335730856154,10
2024-08-26,PYPL,0,0.027696515076834315,10
2024-08-26,SPY,0,9.986594447472938e-05,10
2024-08-26,ZM,0,0.08971523761451307,10
2024-08-27,AAPL,0,0.0035365572791323605,10
2024-08-27,AMZN,0,0.04324107054884046,10
2024-08-27,GOOGL,0,0.006090001901727237,10
2024-08-27,INTC,1,0.4157985437486855,10
2024-08-27,MSFT,0,0.00017523608181695932,10
2024-08-27,NVDA,0,0.017875605924947194,10
2024-08-27,PFE,0,0.22986145378550338,10
2024-08-27,PYPL,0,0.10755905918945959,10
2024-08-27,SPY,0,5.9918880666548636e-05,10
2024-08-27,ZM,0,0.28555016368175257,10
2024-08-28,AAPL,0,0.08562200960989845,10
2024-08-28,AMZN,0,0.026571496335460798,10
2024-08-28,GOOGL,0,0.14914101425678208,10
2024-08-28,INTC,1,0.5928234107846441,10
2024-08-28,MSFT,0,0.00020278432271755948,10
2024-08-28,NVDA,0,0.27152629429955366,10
2024-08-28,PFE,0,0.30406803742869887,10
2024-08-28,PYPL,0,0.5094663030984308,10
2024-08-28,SPY,0,0.00038860019125400185,10
2024-08-28,ZM,0,0.8168150258343955,10
2024-08-29,AAPL,0,0.05782555553810565,10
2024-08-29,AMZN,0,0.012882499044113153,10
2024-08-29,GOOGL,0,0.043481721535060226,10
2024-08-29,INTC,1,0.688307166634191,10
2024-08-29,MSFT,0,0.00019543082458356448,10
2024-08-29,NVDA,0,0.39727229923403257,10
2024-08-29,PFE,0,0.13752717117531296,10
2024-08-29,PYPL,0,0.07993669744344348,10
2024-08-29,SPY,0,0.00028775599574489794,10
2024-08-29,ZM,0,0.7095846564911165,10
2024-08-30,AAPL,0,0.021528960336896334,10
2024-08-30,AMZN,0,0.06560161263818613,10
2024-08-30,GOOGL,0,0.0794035480813976,10
2024-08-30,INTC,0,0.7221076598229166,10
2024-08-30,MSFT,0,0.00018255062982582042,10
2024-08-30,NVDA,0,0.394352011715439,10
2024-08-30,PFE,0,0.15693962845887355,10
2024-08-30,PYPL,0,0.1997686480678128,10
2024-08-30,SPY,0,3.375779336235956e-05,10
2024-08-30,ZM,0,0.05401324663725722,10
2024-09-03,AAPL,0,0.028872164177636495,10
2024-09-03,AMZN,0,0.009909966252407205,10
2024-09-03,GOOGL,0,0.09408458480005917,10
2024-09-03,INTC,0,0.837936070880761,10
2024-09-03,MSFT,0,0.00017413811413060618,10
2024-09-03,NVDA,0,0.20820743070941733,10
2024-09-03,PFE,0,0.021956539334274123,10
2024-09-03,PYPL,0,0.08218474371194062,10
2024-09-03,SPY,0,0.0001864995276663447,10
2024-09-03,ZM,0,0.005338575051988841,10
2024-09-04,AAPL,0,0.006656521204119779,10
2024-09-04,AMZN,0,0.0018705566797975295,10
2024-09-04,GOOGL,0,0.0716728267718109,10
2024-09-04,INTC,0,0.9241786698032253,10
2024-09-04,MSFT,0,0.00020249703681315923,10
2024-09-04,NVDA,0,0.3356913871308386,10
2024-09-04,PFE,0,0.03251494971944164,10
2024-09-04,PYPL,0,0.09759429241660966,10
2024-09-04,SPY,0,0.0001984215160947195,10
2024-09-04,ZM,0,0.015222839612520854,10
2024-09-05,AAPL,0,0.021469910303757868,10
2024-09-05,AMZN,0,0.0029693243209485205,10
2024-09-05,GOOGL,0,0.17177739934298336,10
2024-09-05,INTC,0,0.6361197762004206,10
2024-09-05,MSFT,0,0.0006793639644518758,10
2024-09-05,NVDA,0,0.6677140823088953,10
2024-09-05,PFE,0,0.017361328022379427,10
2024-09-05,PYPL,0,0.4567812850519354,10
2024-09-05,SPY,0,0.000336816165332709,10
2024-09-05,ZM,0,0.027066189498603677,10
2024-09-06,AAPL,0,0.1321415350059767,10
2024-09-06,AMZN,0,0.016610154032693978,10
2024-09-06,GOOGL,0,0.07151852139990655,10
2024-09-06,INTC,0,0.9532254465759219,10
2024-09-06,MSFT,0,0.0010009909487351811,10
2024-09-06,NVDA,1,0.5757772362977482,10
2024-09-06,PFE,0,0.007815008671868944,10
2024-09-06,PYPL,0,0.4432306206376134,10
2024-09-06,SPY,0,0.000875816914562718,10
2024-09-06,ZM,0,0.009368860734184484,10
2024-09-09,AAPL,0,0.023809105949227548,10
2024-09-09,AMZN,0,0.0033521285432156415,10
2024-09-09,GOOGL,0,0.31813261574924195,10
2024-09-09,INTC,1,0.767280949277999,10
2024-09-09,MSFT,0,0.0008646581632695711,10
2024-09-09,NVDA,1,0.7165908350255651,10
2024-09-09,PFE,0,0.01720889718787202,10
2024-09-09,PYPL,0,0.6031809683499317,10
2024-09-09,SPY,0,0.0005774030631215387,10
2024-09-09,ZM,0,0.18505775297723256,10
2024-09-10,AAPL,0,0.02280837515944889,10
2024-09-10,AMZN,0,0.005132746834795587,10
2024-09-10,GOOGL,0,0.12378539548945747,10
2024-09-10,INTC,1,0.8241355117060278,10
2024-09-10,MSFT,0,0.0001457215071310023,10
2024-09-10,NVDA,1,0.6608122432419621,10
2024-09-10,PFE,0,0.185882186761741,10
2024-09-10,PYPL,0,0.46921197754289307,10
2024-09-10,SPY,0,0.0002348352724356198,10
2024-09-10,ZM,0,0.18284277670042653,10
2024-09-11,AAPL,0,0.03444264086101027,10
2024-09-11,AMZN,0,0.00110121718156881,10
2024-09-11,GOOGL,0,0.032504328687049076,10
2024-09-11,INTC,1,0.8472699082072435,10
2024-09-11,MSFT,0,0.00020230542679725198,10
2024-09-11,NVDA,0,0.683923351114337,10
2024-09-11,PFE,0,0.11657170671269987,10
2024-09-11,PYPL,0,0.5445581899814337,10
2024-09-11,SPY,0,0.0002957639622673666,10
2024-09-11,ZM,0,0.06113871639199173,10
2024-09-12,AAPL,0,0.005575939416729177,10
2024-09-12,AMZN,0,0.0040928722695013535,10
2024-09-12,GOOGL,0,0.056433186342683184,10
2024-09-12,INTC,1,0.31951514306859957,10
2024-09-12,MSFT,0,0.00024217199285291196,10
2024-09-12,NVDA,0,0.48225310637812524,10
2024-09-12,PFE,0,0.14022091645532853,10
2024-09-12,PYPL,1,0.572939508958707,10
2024-09-12,SPY,0,0.0003648450594338988,10
2024-09-12,ZM,0,0.302540208913512,10
2024-09-13,AAPL,0,0.02212794532098219,10
2024-09-13,AMZN,0,0.0023342753226643573,10
2024-09-13,GOOGL,0,0.07997425735320764,10
2024-09-13,INTC,1,0.32217472389232754,10
2024-09-13,MSFT,0,0.00027497054364253575,10
2024-09-13,NVDA,0,0.30003631048850565,10
2024-09-13,PFE,0,0.08521056750437465,10
2024-09-13,PYPL,1,0.49480935212050087,10
2024-09-13,SPY,0,0.00021450316931147733,10
2024-09-13,ZM,0,0.16706075986992525,10
2024-09-16,AAPL,0,0.06690048924683246,10
2024-09-16,AMZN,0,0.002810041974726577,10
2024-09-16,GOOGL,0,0.032986669952916874,10
2024-09-16,INTC,1,0.16266178044615281,10
2024-09-16,MSFT,0,0.00018603776083122832,10
2024-09-16,NVDA,0,0.5635214559865144,10
2024-09-16,PFE,0,0.22120978348349973,10
2024-09-16,PYPL,1,0.4735971730125797,10
2024-09-16,SPY,0,0.00013199330047856372,10
2024-09-16,ZM,0,0.27249341130287014,10
2024-09-17,AAPL,0,0.01467409517161049,10
2024-09-17,AMZN,0,0.04589422157793759,10
2024-09-17,GOOGL,0,0.07032187325259873,10
2024-09-17,INTC,0,0.08645990444041068,10
2024-09-17,MSFT,0,0.0006515020025848927,10
2024-09-17,NVDA,0,0.4419884943803834,10
2024-09-17,PFE,0,0.10208206193986845,10
2024-09-17,PYPL,1,0.5544786973882493,10
2024-09-17,SPY,0,0.00021368938075998548,10
2024-09-17,ZM,0,0.24947942826772712,10
2024-09-18,AAPL,0,0.03297385147266302,10
2024-09-18,AMZN,0,0.09855678036154247,10
2024-09-18,GOOGL,0,0.08567676894210151,10
2024-09-18,INTC,1,0.5030524269807927,10
2024-09-18,MSFT,0,0.0002471679440376579,10
2024-09-18,NVDA,1,0.6054646499596822,10
2024-09-18,PFE,0,0.10299511730885795,10
2024-09-18,PYPL,1,0.6123007597988894,10
2024-09-18,SPY,0,0.0008313637420796191,10
2024-09-18,ZM,0,0.4904014480955668,10
2024-09-19,AAPL,0,0.01708292209552229,10
2024-09-19,AMZN,0,0.0651721294433689,10
2024-09-19,GOOGL,0,0.1774114215560125,10
2024-09-19,INTC,1,0.08979753664567906,10
2024-09-19,MSFT,0,0.00020297352800840591,10
2024-09-19,NVDA,1,0.4643137613880178,10
2024-09-19,PFE,0,0.25985989506119506,10
2024-09-19,PYPL,0,0.5972998016269934,10
2024-09-19,SPY,0,0.00016081553774224857,10
2024-09-19,ZM,0,0.6813118855819121,10
2024-09-20,AAPL,0,0.008500816914966668,10
2024-09-20,AMZN,0,0.028471938069997704,10
2024-09-20,GOOGL,0,0.05191961973230454,10
2024-09-20,INTC,1,0.08763027495429948,10
2024-09-20,MSFT,0,0.0003286441752960384,10
2024-09-20,NVDA,1,0.47462737816337924,10
2024-09-20,PFE,0,0.18131970394950325,10
2024-09-20,PYPL,0,0.5932241197999638,10
2024-09-20,SPY,0,0.0002680762798347573,10
2024-09-20,ZM,0,0.4332138829260358,10
2024-09-23,AAPL,0,0.04849868241243856,10
2024-09-23,AMZN,0,0.008089423777264536,10
2024-09-23,GOOGL,0,0.06634303517753633,10
2024-09-23,INTC,1,0.19609026131803037,10
2024-09-23,MSFT,0,0.00035637978742361544,10
2024-09-23,NVDA,1,0.48595667387939995,10
2024-09-23,PFE,0,0.31316910872717174,10
2024-09-23,PYPL,0,0.45933916124437585,10
2024-09-23,SPY,0,0.00014040566677694913,10
2024-09-23,ZM,0,0.7284812315829852,10
2024-09-24,AAPL,0,0.10039660988643646,10
2024-09-24,AMZN,0,0.0016235690301558971,10
2024-09-24,GOOGL,0,0.032149945277462205,10
2024-09-24,INTC,1,0.21991757387403868,10
2024-09-24,MSFT,0,0.0004253897549302472,10
2024-09-24,NVDA,0,0.46745870936675255,10
2024-09-24,PFE,0,0.4457767513167613,10
2024-09-24,PYPL,0,0.43922185260262975,10
2024-09-24,SPY,0,6.551224744721226e-05,10
2024-09-24,ZM,0,0.48333340263506974,10
2024-09-25,AAPL,0,0.15967899580780012,10
2024-09-25,AMZN,0,0.011057108636703812,10
2024-09-25,GOOGL,0,0.1193837069413094,10
2024-09-25,INTC,0,0.038906886969831814,10
2024-09-25,MSFT,0,0.0004322018201037388,10
2024-09-25,NVDA,0,0.1711447714557926,10
2024-09-25,PFE,0,0.18287552394450282,10
2024-09-25,PYPL,0,0.23036968364469002,10
2024-09-25,SPY,0,0.00018299620949894694,10
2024-09-25,ZM,0,0.8000327983699952,10
2024-09-26,AAPL,0,0.1242698305330102,10
2024-09-26,AMZN,0,0.017201366763473922,10
2024-09-26,GOOGL,0,0.009074434033310524,10
2024-09-26,INTC,0,0.05507723680645225,10
2024-09-26,MSFT,0,0.0014431378927593263,10
2024-09-26,NVDA,0,0.10794656935504701,10
2024-09-26,PFE,0,0.2269515706032745,10
2024-09-26,PYPL,0,0.23107048407076997,10
2024-09-26,SPY,0,0.00014167701627918304,10
2024-09-26,ZM,0,0.6799243207100288,10
2024-09-27,AAPL,0,0.10424639077020773,10
2024-09-27,AMZN,0,0.012363018873015455,10
2024-09-27,GOOGL,0,0.010129018446163164,10
2024-09-27,INTC,0,0.19222103062494478,10
2024-09-27,MSFT,0,0.0002937004873870167,10
2024-09-27,NVDA,0,0.38706563696366575,10
2024-09-27,PFE,0,0.2633317317030043,10
2024-09-27,PYPL,0,0.6035619023663177,10
2024-09-27,SPY,0,0.0003730479175720947,10
2024-09-27,ZM,0,0.6830531590542918,10
2024-09-30,AAPL,0,0.061835844821760286,10
2024-09-30,AMZN,0,0.04311167648073001,10
2024-09-30,GOOGL,0,0.0062069917789122735,10
2024-09-30,INTC,0,0.16612598536409057,10
2024-09-30,MSFT,0,0.0003786957648085551,10
2024-09-30,NVDA,0,0.189296773371537,10
2024-09-30,PFE,0,0.19772868166258825,10
2024-09-30,PYPL,0,0.454617520919016,10
2024-09-30,SPY,0,0.0005447612798935697,10
2024-09-30,ZM,0,0.7593890568311454,10
2024-10-01,AAPL,0,0.443240611466511,10
2024-10-01,AMZN,0,0.08854913648163819,10
2024-10-01,GOOGL,0,0.014552739724656595,10
2024-10-01,INTC,0,0.4362949997675953,10
2024-10-01,MSFT,0,0.0019435326411023272,10
2024-10-01,NVDA,1,0.8103908782097284,10
2024-10-01,PFE,0,0.28256577209060085,10
2024-10-01,PYPL,0,0.3140703814319643,10
2024-10-01,SPY,0,0.00014887484157490626,10
2024-10-01,ZM,0,0.6677287945706291,10
2024-10-02,AAPL,0,0.047464636517841094,10
2024-10-02,AMZN,0,0.10108025661277954,10
2024-10-02,GOOGL,0,0.019090613793917143,10
2024-10-02,INTC,0,0.16513642227986047,10
2024-10-02,MSFT,0,0.00167023036536813,10
2024-10-02,NVDA,1,0.6648126218272823,10
2024-10-02,PFE,0,0.22321239815565827,10
2024-10-02,PYPL,0,0.4101398526932083,10
2024-10-02,SPY,0,0.0006189655886472816,10
2024-10-02,ZM,0,0.7778274038415214,10
2024-10-03,AAPL,0,0.18652641879926876,10
2024-10-03,AMZN,0,0.3396489472246164,10
2024-10-03,GOOGL,0,0.006186137897309054,10
2024-10-03,INTC,0,0.19551125417110052,10
2024-10-03,MSFT,0,0.013312989022334822,10
2024-10-03,NVDA,1,0.34628980728814807,10
2024-10-03,PFE,1,0.5019664752104303,10
2024-10-03,PYPL,0,0.20277910573733493,10
2024-10-03,SPY,0,0.0025243072869767106,10
2024-10-03,ZM,1,0.3148520667822974,10
2024-10-04,AAPL,0,0.059613575052494046,10
2024-10-04,AMZN,0,0.14095530788744434,10
2024-10-04,GOOGL,0,0.011286926797993455,10
2024-10-04,INTC,0,0.1354112545907601,10
2024-10-04,MSFT,0,0.01913651481234856,10
2024-10-04,NVDA,1,0.4288128437442838,10
2024-10-04,PFE,1,0.39767346532874465,10
2024-10-04,PYPL,0,0.1485335826567581,10
2024-10-04,SPY,0,0.0021080141818225692,10
2024-10-04,ZM,0,0.4431847201798467,10
2024-10-07,AAPL,0,0.45620195904290267,10
2024-10-07,AMZN,0,0.5651127278226825,10
2024-10-07,GOOGL,0,0.22667207944196474,10
2024-10-07,INTC,0,0.7569968769452121,10
2024-10-07,MSFT,0,0.008524492662324077,10
2024-10-07,NVDA,1,0.25564787374079684,10
2024-10-07,PFE,0,0.11784436134956272,10
2024-10-07,PYPL,0,0.28459690912269586,10
2024-10-07,SPY,0,0.0015405523945588098,10
2024-10-07,ZM,0,0.7820416068764746,10
2024-10-08,AAPL,0,0.21745328882432752,10
2024-10-08,AMZN,0,0.2835969606748373,10
2024-10-08,GOOGL,0,0.15566243784155062,10
2024-10-08,INTC,0,0.4915448878866981,10
2024-10-08,MSFT,0,0.003349917258824894,10
2024-10-08,NVDA,0,0.028274519950758602,10
2024-10-08,PFE,0,0.13172683206140828,10
2024-10-08,PYPL,0,0.2734569787930449,10
2024-10-08,SPY,0,0.0005408360114318795,10
2024-10-08,ZM,0,0.724764232304332,10
2024-10-09,AAPL,0,0.40149887255459044,10
2024-10-09,AMZN,0,0.05029800786498475,10
2024-10-09,GOOGL,0,0.16593626128270042,10
2024-10-09,INTC,0,0.7671786342971028,10
2024-10-09,MSFT,0,0.0084878849382032,10
2024-10-09,NVDA,0,0.12421419951788605,10
2024-10-09,PFE,0,0.085755113732913,10
2024-10-09,PYPL,0,0.18271317224676764,10
2024-10-09,SPY,0,0.0014331677998510384,10
2024-10-09,ZM,0,0.6044009169265798,10
2024-10-10,AAPL,0,0.28555009797998726,10
2024-10-10,AMZN,0,0.05239904316055717,10
2024-10-10,GOOGL,0,0.09282084463679027,10
2024-10-10,INTC,0,0.4624736570574631,10
2024-10-10,MSFT,0,0.02211644745386723,10
2024-10-10,NVDA,0,0.04789959704743879,10
2024-10-10,PFE,0,0.4978408301463065,10
2024-10-10,PYPL,0,0.6511994245340788,10
2024-10-10,SPY,0,0.001209089197755028,10
2024-10-10,ZM,0,0.596561569502135,10
2024-10-11,AAPL,0,0.4607218643103545,10
2024-10-11,AMZN,0,0.12938591222237955,10
2024-10-11,GOOGL,0,0.23030818126898542,10
2024-10-11,INTC,0,0.3374503251761896,10
2024-10-11,MSFT,0,0.0053440977180475935,10
2024-10-11,NVDA,0,0.10352667189327823,10
2024-10-11,PFE,0,0.33751073101287726,10
2024-10-11,PYPL,0,0.3402111883589153,10
2024-10-11,SPY,0,0.0011401539016552666,10
2024-10-11,ZM,0,0.5252795892566245,10
2024-10-14,AAPL,0,0.07997596597254279,10
2024-10-14,AMZN,0,0.7350692675267632,10
2024-10-14,GOOGL,0,0.030947574256891767,10
2024-10-14,INTC,0,0.2489364873755613,10
2024-10-14,MSFT,0,0.008137696606683845,10
2024-10-14,NVDA,0,0.009157048496448984,10
2024-10-14,PFE,0,0.18026594244601915,10
2024-10-14,PYPL,0,0.37458698483294345,10
2024-10-14,SPY,0,0.0016356001093298692,10
2024-10-14,ZM,1,0.5451543038978315,10
2024-10-15,AAPL,0,0.13498529544296659,10
2024-10-15,AMZN,0,0.307207312000193,10
2024-10-15,GOOGL,0,0.029053741797315936,10
2024-10-15,INTC,0,0.8127373008477332,10
2024-10-15,MSFT,0,0.024975210282586296,10
2024-10-15,NVDA,1,0.6542807971307051,10
2024-10-15,PFE,0,0.044438459657092956,10
2024-10-15,PYPL,0,0.4836767396987439,10
2024-10-15,SPY,0,0.001069302657366256,10
2024-10-15,ZM,1,0.6433974683049295,10
2024-10-16,AAPL,0,0.10759630387769203,10
2024-10-16,AMZN,0,0.39111101847261026,10
2024-10-16,GOOGL,0,0.1908817053402276,10
2024-10-16,INTC,0,0.22446024321008726,10
2024-10-16,MSFT,0,0.007233754723984746,10
2024-10-16,NVDA,0,0.060859525256629424,10
2024-10-16,PFE,0,0.04616875171378357,10
2024-10-16,PYPL,0,0.23141266427752577,10
2024-10-16,SPY,0,0.0012284105469419822,10
2024-10-16,ZM,0,0.6508102572014852,10
2024-10-17,AAPL,0,0.035568477627919017,10
2024-10-17,AMZN,0,0.09743770951237564,10
2024-10-17,GOOGL,0,0.2538187241567782,10
2024-10-17,INTC,0,0.2436096070026632,10
2024-10-17,MSFT,0,0.011310372057553114,10
2024-10-17,NVDA,0,0.041128101887458884,10
2024-10-17,PFE,0,0.07074811946504822,10
2024-10-17,PYPL,0,0.3161615822992551,10
2024-10-17,SPY,0,0.0012519107442307091,10
2024-10-17,ZM,0,0.1174245526203499,10
2024-10-18,AAPL,0,0.07782394680873804,10
2024-10-18,AMZN,0,0.019475181545266916,10
2024-10-18,GOOGL,0,0.6586319501128828,10
2024-10-18,INTC,0,0.20058359041493634,10
2024-10-18,MSFT,0,0.018190055989163182,10
2024-10-18,NVDA,0,0.008595772414670856,10
2024-10-18,PFE,0,0.01611103560395945,10
2024-10-18,PYPL,0,0.08703939012613374,10
2024-10-18,SPY,0,0.0005597216265018882,10
2024-10-18,ZM,0,0.056204407802349365,10
2024-10-21,AAPL,0,0.04661198457324765,10
2024-10-21,AMZN,0,0.008933555111669971,10
2024-10-21,GOOGL,0,0.37970094671465787,10
2024-10-21,INTC,0,0.035441215053540774,10
2024-10-21,MSFT,0,0.0021195245442765746,10
2024-10-21,NVDA,0,0.00044420511554985883,10
2024-10-21,PFE,0,0.01373280203054803,10
2024-10-21,PYPL,0,0.29718890811203524,10
2024-10-21,SPY,0,0.0006446262408845839,10
2024-10-21,ZM,0,0.0688670515174192,10
2024-10-22,AAPL,0,0.0938713026653649,10
2024-10-22,AMZN,0,0.006983465546000159,10
2024-10-22,GOOGL,0,0.08122460847519043,10
2024-10-22,INTC,0,0.04655100466209871,10
2024-10-22,MSFT,0,0.0007421061736645842,10
2024-10-22,NVDA,0,0.0026738784079884713,10
2024-10-22,PFE,0,0.03995108829788348,10
2024-10-22,PYPL,0,0.17081286897436646,10
2024-10-22,SPY,0,0.0011077182158845988,10
2024-10-22,ZM,0,0.0848225219812659,10
2024-10-23,AAPL,0,0.2927862347602638,10
2024-10-23,AMZN,1,0.06275504130327085,10
2024-10-23,GOOGL,1,0.4218659303261707,10
2024-10-23,INTC,1,0.023346109171693028,10
2024-10-23,MSFT,0,0.0013513680891018222,10
2024-10-23,NVDA,0,0.0437825082223096,10
2024-10-23,PFE,0,0.01333404679748942,10
2024-10-23,PYPL,0,0.1036728421858745,10
2024-10-23,SPY,0,0.000633521275593173,10
2024-10-23,ZM,0,0.017556595678237513,10
2024-10-24,AAPL,0,0.01327238627999995,10
2024-10-24,AMZN,0,0.013594679325932148,10
2024-10-24,GOOGL,1,0.6175756910275366,10
2024-10-24,INTC,0,0.018327680297335638,10
2024-10-24,MSFT,0,0.0010967038849521709,10
2024-10-24,NVDA,0,0.0035719413793590333,10
2024-10-24,PFE,0,0.039779465351616326,10
2024-10-24,PYPL,0,0.18764243400287628,10
2024-10-24,SPY,0,0.0016905967655317204,10
2024-10-24,ZM,0,0.09075656211556062,10
2024-10-25,AAPL,0,0.30675013889498287,10
2024-10-25,AMZN,1,0.5033365537387405,10
2024-10-25,GOOGL,1,0.36214727769609906,10
2024-10-25,INTC,0,0.058347654622809886,10
2024-10-25,MSFT,0,0.0038479306384429997,10
2024-10-25,NVDA,0,0.18783626755399271,10
2024-10-25,PFE,0,0.2511510395477102,10
2024-10-25,PYPL,0,0.23824244084732407,10
2024-10-25,SPY,0,0.003144097417076378,10
2024-10-25,ZM,0,0.24959824416675894,10
2024-10-28,AAPL,0,0.8594495931261623,10
2024-10-28,AMZN,1,0.7729469082033201,10
2024-10-28,GOOGL,1,0.5832089550773456,10
2024-10-28,INTC,0,0.07830716035895707,10
2024-10-28,MSFT,0,0.0017367221797520984,10
2024-10-28,NVDA,0,0.38049341639420364,10
2024-10-28,PFE,0,0.11164677120155808,10
2024-10-28,PYPL,0,0.29726264477310677,10
2024-10-28,SPY,0,0.003236629807842182,10
2024-10-28,ZM,0,0.0740510296104027,10
2024-10-29,AAPL,0,0.3870226218383806,10
2024-10-29,AMZN,0,0.928008580408943,10
2024-10-29,GOOGL,1,0.07231719126897891,10
2024-10-29,INTC,0,0.4530280927546458,10
2024-10-29,MSFT,0,0.0014375320101390743,10
2024-10-29,NVDA,0,0.4546611386679948,10
2024-10-29,PFE,0,0.3045230229613664,10
2024-10-29,PYPL,0,0.3505611693313134,10
2024-10-29,SPY,0,0.00402890040641764,10
2024-10-29,ZM,0,0.07220972991454484,10
2024-10-30,AAPL,0,0.162467152401482,10
2024-10-30,AMZN,0,0.12468151080982685,10
2024-10-30,GOOGL,0,0.002415454936525962,10
2024-10-30,INTC,0,0.45743085948640116,10
2024-10-30,MSFT,0,0.0010517909784747178,10
2024-10-30,NVDA,0,0.07430408030553759,10
2024-10-30,PFE,0,0.08341652804731928,10
2024-10-30,PYPL,0,0.3665155091376086,10
2024-10-30,SPY,0,0.001766375305486062,10
2024-10-30,ZM,1,0.0873739792695047,10
2024-10-31,AAPL,0,0.11599410560136512,10
2024-10-31,AMZN,1,0.2799599480372866,10
2024-10-31,GOOGL,0,0.21317592167860946,10
2024-10-31,INTC,1,0.7098604808712137,10
2024-10-31,MSFT,0,0.0009768431379096059,10
2024-10-31,NVDA,1,0.426668350391377,10
2024-10-31,PFE,0,0.15966183681640575,10
2024-10-31,PYPL,0,0.16449113977490157,10
2024-10-31,SPY,0,0.0017236246567470458,10
2024-10-31,ZM,1,0.2263103087872651,10
2024-11-01,AAPL,0,0.2822938713556891,10
2024-11-01,AMZN,0,0.206605050505325,10
2024-11-01,GOOGL,0,0.05658815257804954,10
2024-11-01,INTC,0,0.06824578564278713,10
2024-11-01,MSFT,0,0.00032086425291220715,10
2024-11-01,NVDA,1,0.15657744844230467,10
2024-11-01,PFE,0,0.16078028522945562,10
2024-11-01,PYPL,0,0.6317542095487374,10
2024-11-01,SPY,0,0.0003882501640156051,10
2024-11-01,ZM,0,0.5416653700384632,10
2024-11-04,AAPL,0,0.024407563088777284,10
2024-11-04,AMZN,0,0.09052207097244598,10
2024-11-04,GOOGL,0,0.29810998950296735,10
2024-11-04,INTC,1,0.3183359491639804,10
2024-11-04,MSFT,0,0.0001919440922369566,10
2024-11-04,NVDA,1,0.06421698229738697,10
2024-11-04,PFE,0,0.12930274183230464,10
2024-11-04,PYPL,1,0.2603591776587452,10
2024-11-04,SPY,0,0.0005241401482786789,10
2024-11-04,ZM,1,0.2439339834635044,10
2024-11-05,AAPL,0,0.022912326710553755,10
2024-11-05,AMZN,0,0.45325526419945894,10
2024-11-05,GOOGL,0,0.06006449297275736,10
2024-11-05,INTC,1,0.04339536222782341,10
2024-11-05,MSFT,0,0.00021648564027790005,10
2024-11-05,NVDA,0,0.06761522967901083,10
2024-11-05,PFE,0,0.1368030203255013,10
2024-11-05,PYPL,1,0.23721622549756796,10
2024-11-05,SPY,0,0.00017192933467290278,10
2024-11-05,ZM,1,0.35186833536971196,10
2024-11-06,AAPL,0,0.04022806516474638,10
2024-11-06,AMZN,0,0.04922664988611712,10
2024-11-06,GOOGL,0,0.011223849036300146,10
2024-11-06,INTC,0,0.4159499925193457,10
2024-11-06,MSFT,0,0.00020543362731490828,10
2024-11-06,NVDA,0,0.021884143807788116,10
2024-11-06,PFE,0,0.05832248207322043,10
2024-11-06,PYPL,0,0.2826952414078585,10
2024-11-06,SPY,0,0.00026629632542274275,10
2024-11-06,ZM,1,0.47681943877579436,10
2024-11-07,AAPL,0,0.015971074986208752,10
2024-11-07,AMZN,0,0.036959915197400876,10
2024-11-07,GOOGL,0,0.009738528834315106,10
2024-11-07,INTC,0,0.7512642573492563,10
2024-11-07,MSFT,0,0.0001485034964723216,10
2024-11-07,NVDA,0,0.03960700149503989,10
2024-11-07,PFE,0,0.03921735232442767,10
2024-11-07,PYPL,0,0.3480423500920043,10
2024-11-07,SPY,0,0.00028799788117648894,10
2024-11-07,ZM,0,0.48544324809059053,10
2024-11-08,AAPL,0,0.009102541996840685,10
2024-11-08,AMZN,0,0.09992119376727565,10
2024-11-08,GOOGL,0,0.49023540847144387,10
2024-11-08,INTC,0,0.9131140769625017,10
2024-11-08,MSFT,0,0.0002429241369478801,10
2024-11-08,NVDA,0,0.07699259194235962,10
2024-11-08,PFE,0,0.09365475382166265,10
2024-11-08,PYPL,0,0.33015089950640936,10
2024-11-08,SPY,0,0.00019437739215213281,10
2024-11-08,ZM,0,0.16958388669462035,10
2024-11-11,AAPL,0,0.05816164455354113,10
2024-11-11,AMZN,0,0.2678386604069959,10
2024-11-11,GOOGL,0,0.01349284101378451,10
2024-11-11,INTC,0,0.9547061979330711,10
2024-11-11,MSFT,0,0.0001776217790377167,10
2024-11-11,NVDA,0,0.138781295963685,10
2024-11-11,PFE,0,0.06529057428049714,10
2024-11-11,PYPL,0,0.2702777793502656,10
2024-11-11,SPY,0,0.0002188253562635206,10
2024-11-11,ZM,0,0.46637668090758877,10
2024-11-12,AAPL,0,0.021310920807940923,10
2024-11-12,AMZN,0,0.07560180475625147,10
2024-11-12,GOOGL,0,0.015519921084109125,10
2024-11-12,INTC,0,0.9151208318899801,10
2024-11-12,MSFT,0,0.00015505334475541806,10
2024-11-12,NVDA,0,0.0326785764038227,10
2024-11-12,PFE,0,0.04085475264882272,10
2024-11-12,PYPL,0,0.5018045962387584,10
2024-11-12,SPY,0,0.0005079879884141125,10
2024-11-12,ZM,0,0.7480569585564701,10
2024-11-13,AAPL,0,0.007195428864038135,10
2024-11-13,AMZN,0,0.020230940239122672,10
2024-11-13,GOOGL,0,0.029578739502268636,10
2024-11-13,INTC,0,0.8163776155400474,10
2024-11-13,MSFT,0,0.0001913383001207783,10
2024-11-13,NVDA,0,0.03518159169869312,10
2024-11-13,PFE,0,0.15228772698672807,10
2024-11-13,PYPL,0,0.6606314321636289,10
2024-11-13,SPY,0,0.00041017536001852376,10
2024-11-13,ZM,0,0.5631960426496829,10
2024-11-14,AAPL,0,0.012358768853177677,10
2024-11-14,AMZN,0,0.01557902058831502,10
2024-11-14,GOOGL,0,0.1277799228120252,10
2024-11-14,INTC,0,0.8279975765907733,10
2024-11-14,MSFT,0,0.0003129791471657243,10
2024-11-14,NVDA,0,0.010983145646086429,10
2024-11-14,PFE,0,0.5350010751110681,10
2024-11-14,PYPL,0,0.5561930971323663,10
2024-11-14,SPY,0,0.0004255588394413967,10
2024-11-14,ZM,0,0.7462754140803843,10
2024-11-15,AAPL,0,0.07989384897509016,10
2024-11-15,AMZN,0,0.09314747929027152,10
2024-11-15,GOOGL,0,0.04476002250710469,10
2024-11-15,INTC,0,0.8478428525859718,10
2024-11-15,MSFT,0,0.00017920604789120893,10
2024-11-15,NVDA,0,0.15953330876830024,10
2024-11-15,PFE,0,0.2706101561410843,10
2024-11-15,PYPL,0,0.21697034061890025,10
2024-11-15,SPY,0,0.00047739030636820246,10
2024-11-15,ZM,0,0.8465028493697364,10
2024-11-18,AAPL,0,0.013748251765326269,10
2024-11-18,AMZN,0,0.02645210747169394,10
2024-11-18,GOOGL,0,0.00890655869447419,10
2024-11-18,INTC,0,0.5025364584486292,10
2024-11-18,MSFT,0,0.00011263657402622888,10
2024-11-18,NVDA,1,0.016971616533288818,10
2024-11-18,PFE,0,0.16079903370276347,10
2024-11-18,PYPL,0,0.5486443762612283,10
2024-11-18,SPY,0,0.00011449191322297841,10
2024-11-18,ZM,1,0.7186720091243071,10
2024-11-19,AAPL,0,0.0068745253413817235,10
2024-11-19,AMZN,0,0.078891424899656,10
2024-11-19,GOOGL,0,0.01704354534662579,10
2024-11-19,INTC,0,0.6722180779962588,10
2024-11-19,MSFT,0,0.00024016030953258408,10
2024-11-19,NVDA,0,0.00773771571609901,10
2024-11-19,PFE,0,0.1995846248148381,10
2024-11-19,PYPL,0,0.5009899961365606,10
2024-11-19,SPY,0,0.00014559044583252166,10
2024-11-19,ZM,1,0.6458118310363422,10
2024-11-20,AAPL,0,0.01410330134916226,10
2024-11-20,AMZN,0,0.13774370394043473,10
2024-11-20,GOOGL,0,0.051135724542236104,10
2024-11-20,INTC,0,0.23840944955711943,10
2024-11-20,MSFT,0,0.000694018160004739,10
2024-11-20,NVDA,0,0.0064130657872533085,10
2024-11-20,PFE,0,0.6694719329758012,10
2024-11-20,PYPL,0,0.570179434810639,10
2024-11-20,SPY,0,9.078817676683674e-05,10
2024-11-20,ZM,1,0.6776783723222751,10
2024-11-21,AAPL,0,0.634238323095563,10
2024-11-21,AMZN,0,0.35574853236439063,10
2024-11-21,GOOGL,0,0.03403081768866361,10
2024-11-21,INTC,0,0.28366217158797913,10
2024-11-21,MSFT,0,0.0011570493247257312,10
2024-11-21,NVDA,0,0.0030986299952065776,10
2024-11-21,PFE,0,0.5811088960171117,10
2024-11-21,PYPL,0,0.5772491720565066,10
2024-11-21,SPY,0,7.310530461016802e-05,10
2024-11-21,ZM,1,0.6327824496450906,10
2024-11-22,AAPL,0,0.43730618053086423,10
2024-11-22,AMZN,1,0.3445047668019052,10
2024-11-22,GOOGL,0,0.02784798125797405,10
2024-11-22,INTC,0,0.5332278873326862,10
2024-11-22,MSFT,0,0.0010501866663280078,10
2024-11-22,NVDA,0,0.29098566905308515,10
2024-11-22,PFE,0,0.6253805021937343,10
2024-11-22,PYPL,0,0.6169568729303823,10
2024-11-22,SPY,0,0.0001967944135677028,10
2024-11-22,ZM,0,0.5685929826727697,10
2024-11-25,AAPL,0,0.17650152455600743,10
2024-11-25,AMZN,0,0.1373438722919695,10
2024-11-25,GOOGL,0,0.00878260009086955,10
2024-11-25,INTC,0,0.09222161946031353,10
2024-11-25,MSFT,0,0.0003825455348124418,10
2024-11-25,NVDA,0,0.054198425346500836,10
2024-11-25,PFE,0,0.14920093851209015,10
2024-11-25,PYPL,0,0.4622339719895222,10
2024-11-25,SPY,0,4.531827088579375e-05,10
2024-11-25,ZM,0,0.719765777738313,10
2024-11-26,AAPL,0,0.04855873340958033,10
2024-11-26,AMZN,0,0.0401144072991321,10
2024-11-26,GOOGL,0,0.008085987092562821,10
2024-11-26,INTC,0,0.3915659003816144,10
2024-11-26,MSFT,0,0.00016613817790837903,10
2024-11-26,NVDA,0,0.023196670842018832,10
2024-11-26,PFE,0,0.14520248231499008,10
2024-11-26,PYPL,0,0.8092549103759386,10
2024-11-26,SPY,0,0.00021997262845302343,10
2024-11-26,ZM,0,0.7275334510598126,10
2024-11-27,AAPL,0,0.19594743636528777,10
2024-11-27,AMZN,0,0.009701202227729936,10
2024-11-27,GOOGL,0,0.007521648354926394,10
2024-11-27,INTC,0,0.22696742257976182,10
2024-11-27,MSFT,0,0.0003118679806842649,10
2024-11-27,NVDA,0,0.07871880264628803,10
2024-11-27,PFE,0,0.19949804427026005,10
2024-11-27,PYPL,0,0.545890860690725,10
2024-11-27,SPY,0,0.00022751496583484356,10
2024-11-27,ZM,0,0.3496606399355442,10
2024-11-29,AAPL,0,0.04268644435024066,10
2024-11-29,AMZN,1,0.01460118694446205,10
2024-11-29,GOOGL,0,0.022814263240207824,10
2024-11-29,INTC,0,0.2435379166339957,10
2024-11-29,MSFT,0,0.00038697771431118333,10
2024-11-29,NVDA,0,0.035542871181827425,10
2024-11-29,PFE,0,0.14003403287742208,10
2024-11-29,PYPL,0,0.6231250444385806,10
2024-11-29,SPY,0,0.0008072744390197324,10
2024-11-29,ZM,0,0.7497776891286424,10
2024-12-02,AAPL,0,0.05488496704154407,10
2024-12-02,AMZN,1,0.14315849123043398,10
2024-12-02,GOOGL,0,0.01071905345539048,10
2024-12-02,INTC,0,0.4654200010081664,10
2024-12-02,MSFT,0,0.0006572533146569905,10
2024-12-02,NVDA,0,0.05762812128532337,10
2024-12-02,PFE,0,0.2503584816906594,10
2024-12-02,PYPL,1,0.8864875491496614,10
2024-12-02,SPY,0,0.0008180186982974022,10
2024-12-02,ZM,0,0.6590164406824571,10
2024-12-03,AAPL,0,0.022853914898563553,10
2024-12-03,AMZN,1,0.20749520847282202,10
2024-12-03,GOOGL,1,0.0273582249981162,10
2024-12-03,INTC,0,0.47783866058097807,10
2024-12-03,MSFT,0,0.0004199529908184933,10
2024-12-03,NVDA,0,0.026817368211131162,10
2024-12-03,PFE,0,0.27477263033722116,10
2024-12-03,PYPL,1,0.8870147839749846,10
2024-12-03,SPY,0,0.0002967096650099341,10
2024-12-03,ZM,0,0.7793405307684109,10
2024-12-04,AAPL,0,0.010949145183907027,10
2024-12-04,AMZN,0,0.3049661094536966,10
2024-12-04,GOOGL,1,0.02719878670601398,10
2024-12-04,INTC,0,0.6886903728333857,10
2024-12-04,MSFT,0,0.000831758247393672,10
2024-12-04,NVDA,0,0.022875627344852423,10
2024-12-04,PFE,0,0.202391100813369,10
2024-12-04,PYPL,0,0.7137096110913336,10
2024-12-04,SPY,0,0.00023398759712516345,10
2024-12-04,ZM,0,0.6135233503755925,10
2024-12-05,AAPL,0,0.029964613047495387,10
2024-12-05,AMZN,0,0.18129390230593695,10
2024-12-05,GOOGL,1,0.01943196691050498,10
2024-12-05,INTC,0,0.5168717865809928,10
2024-12-05,MSFT,0,0.00023627343900800183,10
2024-12-05,NVDA,0,0.016206318016849366,10
2024-12-05,PFE,0,0.07777958248500381,10
2024-12-05,PYPL,0,0.673699891702835,10
2024-12-05,SPY,0,0.0003868180598948822,10
2024-12-05,ZM,0,0.5796871985178352,10
2024-12-06,AAPL,0,0.06938331461111662,10
2024-12-06,AMZN,0,0.018681283660741576,10
2024-12-06,GOOGL,1,0.04532206379949875,10
2024-12-06,INTC,0,0.6553959068382341,10
2024-12-06,MSFT,0,0.00021168831553595237,10
2024-12-06,NVDA,0,0.0307316505689515,10
2024-12-06,PFE,0,0.1414100658901487,10
2024-12-06,PYPL,0,0.6960434662448881,10
2024-12-06,SPY,0,0.00019575365372706012,10
2024-12-06,ZM,0,0.6655532990545543,10
2024-12-09,AAPL,0,0.023558464331023973,10
2024-12-09,AMZN,0,0.023442308743747982,10
2024-12-09,GOOGL,1,0.025019589804813138,10
2024-12-09,INTC,0,0.7717559323404896,10
2024-12-09,MSFT,0,0.00041787157620411594,10
2024-12-09,NVDA,0,0.11441166936350383,10
2024-12-09,PFE,0,0.14816335456117782,10
2024-12-09,PYPL,0,0.6410494909835454,10
2024-12-09,SPY,0,0.0004695748639271991,10
2024-12-09,ZM,0,0.6877072368963332,10
2024-12-10,AAPL,0,0.061982634099795715,10
2024-12-10,AMZN,0,0.02798906914285741,10
2024-12-10,GOOGL,1,0.005972727797574945,10
2024-12-10,INTC,0,0.9602875858898879,10
2024-12-10,MSFT,0,0.0002648225482775912,10
2024-12-10,NVDA,0,0.3045603933077447,10
2024-12-10,PFE,0,0.18292459615575282,10
2024-12-10,PYPL,0,0.9341905282392172,10
2024-12-10,SPY,0,9.847469973883848e-05,10
2024-12-10,ZM,0,0.8352571218141879,10
2024-12-11,AAPL,0,0.04613856943931098,10
2024-12-11,AMZN,0,0.030752575938514118,10
2024-12-11,GOOGL,0,0.005222480474361424,10
2024-12-11,INTC,0,0.8752769805241091,10
2024-12-11,MSFT,0,5.8367925652264866e-05,10
2024-12-11,NVDA,0,0.04888819799714787,10
2024-12-11,PFE,0,0.07510196360538714,10
2024-12-11,PYPL,0,0.9004508514118639,10
2024-12-11,SPY,0,0.00022502113859319643,10
2024-12-11,ZM,0,0.785806880306453,10
2024-12-12,AAPL,0,0.03440713133545252,10
2024-12-12,AMZN,0,0.018151852802570766,10
2024-12-12,GOOGL,0,0.061299252282608935,10
2024-12-12,INTC,0,0.8657068062041998,10
2024-12-12,MSFT,0,5.024882200091687e-05,10
2024-12-12,NVDA,0,0.21384828570243136,10
2024-12-12,PFE,0,0.12418217488983932,10
2024-12-12,PYPL,0,0.88887817635007,10
2024-12-12,SPY,0,0.0003556856630055432,10
2024-12-12,ZM,0,0.6671015177130075,10
2024-12-13,AAPL,0,0.03610300554483171,10
2024-12-13,AMZN,0,0.033259641704394216,10
2024-12-13,GOOGL,0,0.029000462533242156,10
2024-12-13,INTC,0,0.9561591399555646,10
2024-12-13,MSFT,0,0.0005219548633971157,10
2024-12-13,NVDA,0,0.32952062167930585,10
2024-12-13,PFE,0,0.1802035328981654,10
2024-12-13,PYPL,0,0.8687843246456108,10
2024-12-13,SPY,0,0.0006587012351795939,10
2024-12-13,ZM,0,0.7242770261379321,10
2024-12-16,AAPL,0,0.05963540385244044,10
2024-12-16,AMZN,0,0.03397586006729844,10
2024-12-16,GOOGL,0,0.015301203704301922,10
2024-12-16,INTC,0,0.9004984282571642,10
2024-12-16,MSFT,0,0.00014959861745002034,10
2024-12-16,NVDA,0,0.7341775132033629,10
2024-12-16,PFE,0,0.2153982673597052,10
2024-12-16,PYPL,0,0.7893848694926684,10
2024-12-16,SPY,0,0.00016824042752991515,10
2024-12-16,ZM,0,0.7958998659381799,10
2024-12-17,AAPL,0,0.10331832378173413,10
2024-12-17,AMZN,0,0.048147247784994775,10
2024-12-17,GOOGL,0,0.0924716465767033,10
2024-12-17,INTC,0,0.9189447656977277,10
2024-12-17,MSFT,0,0.00026150215463290386,10
2024-12-17,NVDA,1,0.462508042374059,10
2024-12-17,PFE,0,0.051288277755097395,10
2024-12-17,PYPL,0,0.8873245679307582,10
2024-12-17,SPY,0,0.0011069658536145028,10
2024-12-17,ZM,0,0.8212149544425595,10
2024-12-18,AAPL,0,0.18464666785893455,10
2024-12-18,AMZN,0,0.23333004198165883,10
2024-12-18,GOOGL,0,0.5511182807427306,10
2024-12-18,INTC,0,0.736607217523438,10
2024-12-18,MSFT,0,0.00010281159870520025,10
2024-12-18,NVDA,1,0.30551574573586415,10
2024-12-18,PFE,0,0.14127791413320215,10
2024-12-18,PYPL,0,0.6864508266601461,10
2024-12-18,SPY,0,0.0004748240191057083,10
2024-12-18,ZM,0,0.875434155035964,10
2024-12-19,AAPL,0,0.029634850393879177,10
2024-12-19,AMZN,0,0.13275981120939243,10
2024-12-19,GOOGL,0,0.08262443070040008,10
2024-12-19,INTC,0,0.3732194120412535,10
2024-12-19,MSFT,0,0.00024078020168016425,10
2024-12-19,NVDA,0,0.11317199903334213,10
2024-12-19,PFE,0,0.0791410652667754,10
2024-12-19,PYPL,0,0.3700438637492011,10
2024-12-19,SPY,0,0.00048293809402794827,10
2024-12-19,ZM,0,0.5645253379513301,10
2024-12-20,AAPL,0,0.0802365298904544,10
2024-12-20,AMZN,0,0.46712757304378966,10
2024-12-20,GOOGL,0,0.1603969046569942,10
2024-12-20,INTC,0,0.3179792561888697,10
2024-12-20,MSFT,0,0.00020282991352917198,10
2024-12-20,NVDA,0,0.43287208840772506,10
2024-12-20,PFE,0,0.026460074793151704,10
2024-12-20,PYPL,0,0.5400775747058785,10
2024-12-20,SPY,0,0.00014801667915139812,10
2024-12-20,ZM,0,0.6700575145540881,10
2024-12-23,AAPL,0,0.00858028186972092,10
2024-12-23,AMZN,0,0.12390443791288866,10
2024-12-23,GOOGL,0,0.01645924636299296,10
2024-12-23,INTC,0,0.45435606851102145,10
2024-12-23,MSFT,0,0.00025140395636818585,10
2024-12-23,NVDA,0,0.08751673727236156,10
2024-12-23,PFE,0,0.06361485175419224,10
2024-12-23,PYPL,0,0.7465622333182973,10
2024-12-23,SPY,0,0.00026292376581899993,10
2024-12-23,ZM,0,0.6365682162646911,10
2024-12-24,AAPL,0,0.03429938516169285,10
2024-12-24,AMZN,0,0.19167626469953436,10
2024-12-24,GOOGL,0,0.08234617364648662,10
2024-12-24,INTC,0,0.25365618298978315,10
2024-12-24,MSFT,0,0.00039577276148743714,10
2024-12-24,NVDA,0,0.657784722960325,10
2024-12-24,PFE,0,0.1210770346466847,10
2024-12-24,PYPL,0,0.7409351318842744,10
2024-12-24,SPY,0,0.0007470461266936871,10
2024-12-24,ZM,0,0.7856879280837403,10
2024-12-26,AAPL,0,0.012709974099413685,10
2024-12-26,AMZN,0,0.1389951646075955,10
2024-12-26,GOOGL,0,0.0131841333249314,10
2024-12-26,INTC,0,0.23126197026250747,10
2024-12-26,MSFT,0,0.0009338999403931955,10
2024-12-26,NVDA,0,0.7191293151327438,10
2024-12-26,PFE,0,0.025549567667900557,10
2024-12-26,PYPL,0,0.612695771180521,10
2024-12-26,SPY,0,0.0013769845578934588,10
2024-12-26,ZM,0,0.8030351938694127,10
2024-12-27,AAPL,0,0.1535984232741174,10
2024-12-27,AMZN,0,0.11979157938756574,10
2024-12-27,GOOGL,0,0.11301010452765242,10
2024-12-27,INTC,0,0.3221439332039542,10
2024-12-27,MSFT,0,0.003050617040190493,10
2024-12-27,NVDA,1,0.738993541337238,10
2024-12-27,PFE,0,0.03265255255133139,10
2024-12-27,PYPL,0,0.7474599447138627,10
2024-12-27,SPY,0,0.0008551204777880902,10
2024-12-27,ZM,0,0.8478474437801545,10
2024-12-30,AAPL,0,0.47919181159787605,10
2024-12-30,AMZN,0,0.5514975581321102,10
2024-12-30,GOOGL,0,0.05020277919971728,10
2024-12-30,INTC,0,0.49545628904741706,10
2024-12-30,MSFT,0,0.003981782461323864,10
2024-12-30,NVDA,1,0.13421217067219157,10
2024-12-30,PFE,0,0.035925283256900455,10
2024-12-30,PYPL,0,0.706126790000632,10
2024-12-30,SPY,0,0.006508133602718607,10
2024-12-30,ZM,0,0.8078421287454828,10
2024-12-31,AAPL,0,0.525896829568228,10
2024-12-31,AMZN,0,0.521712429345525,10
2024-12-31,GOOGL,0,0.06173940954809741,10
2024-12-31,INTC,0,0.5657444522596058,10
2024-12-31,MSFT,0,0.01767209214255521,10
2024-12-31,NVDA,1,0.5185612600973925,10
2024-12-31,PFE,0,0.019988528096453576,10
2024-12-31,PYPL,0,0.6811430777244138,10
2024-12-31,SPY,0,0.013006412278389237,10
2024-12-31,ZM,0,0.6223496301870932,10
2025-01-02,AAPL,0,0.9313419553203954,11
2025-01-02,AMZN,0,0.061580504059850896,11
2025-01-02,GOOGL,1,0.03643515896439899,11
2025-01-02,INTC,0,0.8697643645294755,11
2025-01-02,MSFT,0,0.0144781895188754,11
2025-01-02,NVDA,1,0.18666195962778523,11
2025-01-02,PFE,0,0.1252461231363936,11
2025-01-02,PYPL,0,0.31711764248123275,11
2025-01-02,SPY,0,0.0052317584065607065,11
2025-01-02,ZM,0,0.6987474394569283,11
2025-01-03,AAPL,0,0.5055000333212204,11
2025-01-03,AMZN,0,0.2938694170537822,11
2025-01-03,GOOGL,0,0.1348344100394312,11
2025-01-03,INTC,0,0.9385046747053878,11
2025-01-03,MSFT,0,0.017181208263166912,11
2025-01-03,NVDA,0,0.079524008689382,11
2025-01-03,PFE,0,0.11760770409708055,11
2025-01-03,PYPL,0,0.5199095104873092,11
2025-01-03,SPY,0,0.0012809276584384555,11
2025-01-03,ZM,0,0.48359240230886175,11
2025-01-06,AAPL,0,0.46448726423324604,11
2025-01-06,AMZN,0,0.27184894292434303,11
2025-01-06,GOOGL,0,0.10102474777702175,11
2025-01-06,INTC,0,0.9568703292445961,11
2025-01-06,MSFT,0,0.000615953247996876,11
2025-01-06,NVDA,0,0.0325437772302852,11
2025-01-06,PFE,0,0.05053815909249925,11
2025-01-06,PYPL,0,0.16111226407800128,11
2025-01-06,SPY,0,0.0037420298628054543,11
2025-01-06,ZM,0,0.642232681975616,11
2025-01-07,AAPL,0,0.4829681225274562,11
2025-01-07,AMZN,0,0.2642706782532395,11
2025-01-07,GOOGL,0,0.2819527382639654,11
2025-01-07,INTC,0,0.9551438253003002,11
2025-01-07,MSFT,0,0.0007906286602259152,11
2025-01-07,NVDA,0,0.4745898269744035,11
2025-01-07,PFE,0,0.01830321300273046,11
2025-01-07,PYPL,0,0.7592706356764884,11
2025-01-07,SPY,0,0.0016740610821359824,11
2025-01-07,ZM,0,0.5651199515755168,11
2025-01-08,AAPL,0,0.3139752366613225,11
2025-01-08,AMZN,0,0.04533605603014209,11
2025-01-08,GOOGL,0,0.4227831108878034,11
2025-01-08,INTC,0,0.935514798057388,11
2025-01-08,MSFT,0,0.0007526563392833644,11
2025-01-08,NVDA,0,0.19001681828655578,11
2025-01-08,PFE,0,0.11779780549883534,11
2025-01-08,PYPL,0,0.5203065747779521,11
2025-01-08,SPY,0,0.001052637180674975,11
2025-01-08,ZM,0,0.6607048356135352,11
2025-01-10,AAPL,0,0.8423216385999517,11
2025-01-10,AMZN,0,0.27494204942193606,11
2025-01-10,GOOGL,0,0.1553151132664661,11
2025-01-10,INTC,1,0.9387005317794114,11
2025-01-10,MSFT,0,0.000895369571859483,11
2025-01-10,NVDA,0,0.4867392825123899,11
2025-01-10,PFE,0,0.08001136713594052,11
2025-01-10,PYPL,1,0.7622026355488466,11
2025-01-10,SPY,0,0.0019908179277254045,11
2025-01-10,ZM,0,0.69866403075757,11
2025-01-13,AAPL,0,0.1371862048254239,11
2025-01-13,AMZN,0,0.16252886892818483,11
2025-01-13,GOOGL,0,0.664858178605423,11
2025-01-13,INTC,1,0.9114952808069233,11
2025-01-13,MSFT,0,0.0009574613422232819,11
2025-01-13,NVDA,0,0.733627584930192,11
2025-01-13,PFE,0,0.15073662166158838,11
2025-01-13,PYPL,1,0.5138235392474254,11
2025-01-13,SPY,0,0.0017907029932992704,11
2025-01-13,ZM,0,0.7395570380385003,11
2025-01-14,AAPL,0,0.17444973598226374,11
2025-01-14,AMZN,1,0.051933904741409756,11
2025-01-14,GOOGL,1,0.35508387325634616,11
2025-01-14,INTC,1,0.9544110099685863,11
2025-01-14,MSFT,1,0.00354041214395844,11
2025-01-14,NVDA,1,0.7324483207483025,11
2025-01-14,PFE,0,0.22110483644028295,11
2025-01-14,PYPL,1,0.47193274215865755,11
2025-01-14,SPY,0,0.0013688764990459983,11
2025-01-14,ZM,0,0.29014110340112553,11
2025-01-15,AAPL,0,0.0627052289886758,11
2025-01-15,AMZN,0,0.09077299616385177,11
2025-01-15,GOOGL,0,0.34420036614460836,11
2025-01-15,INTC,1,0.9410477688298793,11
2025-01-15,MSFT,0,0.0005506917388786869,11
2025-01-15,NVDA,1,0.45672466522142097,11
2025-01-15,PFE,0,0.09979273552993267,11
2025-01-15,PYPL,0,0.36778075605154037,11
2025-01-15,SPY,0,0.00230195348033027,11
2025-01-15,ZM,0,0.3011730247304259,11
2025-01-16,AAPL,0,0.3103309338486308,11
2025-01-16,AMZN,0,0.28658066165807317,11
2025-01-16,GOOGL,0,0.5733569711797575,11
2025-01-16,INTC,1,0.9649799222998661,11
2025-01-16,MSFT,0,0.002095479851752451,11
2025-01-16,NVDA,1,0.809277104840792,11
2025-01-16,PFE,0,0.06920907019171824,11
2025-01-16,PYPL,0,0.7546873778096398,11
2025-01-16,SPY,0,0.0021646238379993674,11
2025-01-16,ZM,0,0.49251131481821997,11
2025-01-17,AAPL,0,0.11760454356343572,11
2025-01-17,AMZN,0,0.04639525263872522,11
2025-01-17,GOOGL,0,0.6145890072303756,11
2025-01-17,INTC,0,0.8232169323599273,11
2025-01-17,MSFT,0,0.0018031638598468647,11
2025-01-17,NVDA,0,0.2357979473685838,11
2025-01-17,PFE,0,0.08704732117040459,11
2025-01-17,PYPL,0,0.455241025608868,11
2025-01-17,SPY,0,0.0012359413123852515,11
2025-01-17,ZM,0,0.2320162281874146,11
2025-01-21,AAPL,0,0.2083815930739309,11
2025-01-21,AMZN,0,0.04202942565615939,11
2025-01-21,GOOGL,0,0.17767502919440079,11
2025-01-21,INTC,0,0.8598854640220677,11
2025-01-21,MSFT,0,0.0005434196633609724,11
2025-01-21,NVDA,0,0.33627841808959447,11
2025-01-21,PFE,0,0.03745032608375878,11
2025-01-21,PYPL,0,0.47652921502673773,11
2025-01-21,SPY,0,0.0009548133485741908,11
2025-01-21,ZM,1,0.15494263127955796,11
2025-01-22,AAPL,0,0.02167989327245878,11
2025-01-22,AMZN,0,0.10142208299674327,11
2025-01-22,GOOGL,0,0.0633000343507443,11
2025-01-22,INTC,0,0.8912987920160055,11
2025-01-22,MSFT,0,0.00032550063535285724,11
2025-01-22,NVDA,0,0.10520108578782543,11
2025-01-22,PFE,0,0.1610299226033072,11
2025-01-22,PYPL,0,0.40822899772956156,11
2025-01-22,SPY,0,0.0015474233172881758,11
2025-01-22,ZM,1,0.3416140771986292,11
2025-01-23,AAPL,0,0.05071028382007474,11
2025-01-23,AMZN,0,0.003228049726126537,11
2025-01-23,GOOGL,0,0.07058755498639403,11
2025-01-23,INTC,0,0.9164425409385917,11
2025-01-23,MSFT,0,0.0002164090962546521,11
2025-01-23,NVDA,0,0.04868469776242203,11
2025-01-23,PFE,0,0.026121432840123027,11
2025-01-23,PYPL,0,0.4301178122499091,11
2025-01-23,SPY,0,0.0006960162510735654,11
2025-01-23,ZM,1,0.3069575513417482,11
2025-01-24,AAPL,1,0.12289355682154868,11
2025-01-24,AMZN,0,0.07813839219881621,11
2025-01-24,GOOGL,0,0.6773190878879882,11
2025-01-24,INTC,0,0.9224169823558829,11
2025-01-24,MSFT,0,0.0005674061414325012,11
2025-01-24,NVDA,0,0.587714797007639,11
2025-01-24,PFE,0,0.049697976715647324,11
2025-01-24,PYPL,0,0.6113042572706129,11
2025-01-24,SPY,0,0.0005560784317743476,11
2025-01-24,ZM,1,0.31936589429496065,11
2025-01-27,AAPL,0,0.17765534489546123,11
2025-01-27,AMZN,0,0.007899402524751681,11
2025-01-27,GOOGL,0,0.3266905799906677,11
2025-01-27,INTC,0,0.9205118469549373,11
2025-01-27,MSFT,0,0.0007333208520029922,11
2025-01-27,NVDA,0,0.19629454565394938,11
2025-01-27,PFE,0,0.09036888216523035,11
2025-01-27,PYPL,0,0.4608439822801008,11
2025-01-27,SPY,0,0.0003493424874514818,11
2025-01-27,ZM,0,0.04379725960057401,11
2025-01-28,AAPL,0,0.03691108346144044,11
2025-01-28,AMZN,0,0.013996567139194376,11
2025-01-28,GOOGL,0,0.005312550233185956,11
2025-01-28,INTC,0,0.3914654068554912,11
2025-01-28,MSFT,0,0.0002512129842651267,11
2025-01-28,NVDA,0,0.009876155059082898,11
2025-01-28,PFE,0,0.03275530901186884,11
2025-01-28,PYPL,0,0.10841050445839484,11
2025-01-28,SPY,0,0.0003101952651961688,11
2025-01-28,ZM,0,0.2313579319833671,11
2025-01-29,AAPL,0,0.017426762208374115,11
2025-01-29,AMZN,0,0.0017320575521158792,11
2025-01-29,GOOGL,0,0.0024598858870020046,11
2025-01-29,INTC,0,0.5339291511771826,11
2025-01-29,MSFT,0,0.0002377839008269545,11
2025-01-29,NVDA,0,0.053690339246933255,11
2025-01-29,PFE,0,0.026044078716701124,11
2025-01-29,PYPL,0,0.17878478669788725,11
2025-01-29,SPY,0,0.00025365403432093685,11
2025-01-29,ZM,0,0.07552770953078013,11
2025-01-30,AAPL,0,0.002541301014365311,11
2025-01-30,AMZN,0,0.02966479740898416,11
2025-01-30,GOOGL,0,0.004016534083797384,11
2025-01-30,INTC,0,0.6757025284613998,11
2025-01-30,MSFT,0,0.0009748945051575711,11
2025-01-30,NVDA,0,0.0035757974520458768,11
2025-01-30,PFE,0,0.038785217652774845,11
2025-01-30,PYPL,0,0.11454329236409157,11
2025-01-30,SPY,0,0.00017747446798105162,11
2025-01-30,ZM,0,0.022412376111236223,11
2025-01-31,AAPL,0,0.0012674576899153831,11
2025-01-31,AMZN,0,0.0013550700312684842,11
2025-01-31,GOOGL,0,0.008115726806637849,11
2025-01-31,INTC,0,0.8631538557451294,11
2025-01-31,MSFT,0,0.00025106318758303037,11
2025-01-31,NVDA,0,0.2902749866914691,11
2025-01-31,PFE,0,0.019808155819841976,11
2025-01-31,PYPL,0,0.07342562169879362,11
2025-01-31,SPY,0,0.00018080584316986002,11
2025-01-31,ZM,0,0.011297536228837626,11
2025-02-03,AAPL,0,0.08053793049501413,11
2025-02-03,AMZN,0,0.00048287735801757917,11
2025-02-03,GOOGL,0,0.011659696196631444,11
2025-02-03,INTC,0,0.5127396987176271,11
2025-02-03,MSFT,0,0.0005173474154264816,11
2025-02-03,NVDA,1,0.22245112189225436,11
2025-02-03,PFE,0,0.015767091610149025,11
2025-02-03,PYPL,0,0.056436662377940316,11
2025-02-03,SPY,0,0.00046666005153286747,11
2025-02-03,ZM,0,0.01518058609870594,11
2025-02-04,AAPL,0,0.006703289476520165,11
2025-02-04,AMZN,0,0.005510599425900511,11
2025-02-04,GOOGL,0,0.012797891394426613,11
2025-02-04,INTC,1,0.6913884317443946,11
2025-02-04,MSFT,0,0.0009682190722221432,11
2025-02-04,NVDA,1,0.15775668704520288,11
2025-02-04,PFE,0,0.020334446210749164,11
2025-02-04,PYPL,0,0.8280309191698275,11
2025-02-04,SPY,0,0.00025660256582830243,11
2025-02-04,ZM,0,0.018472636954549967,11
2025-02-05,AAPL,0,0.000989406870094142,11
2025-02-05,AMZN,0,0.10081393182633532,11
2025-02-05,GOOGL,0,0.03486177871555383,11
2025-02-05,INTC,1,0.7929978268778595,11
2025-02-05,MSFT,0,0.0005302051127972766,11
2025-02-05,NVDA,0,0.027397991346205047,11
2025-02-05,PFE,0,0.013422738502709239,11
2025-02-05,PYPL,0,0.6240662438866701,11
2025-02-05,SPY,0,0.0010499592564183929,11
2025-02-05,ZM,0,0.2183432387390673,11
2025-02-06,AAPL,0,0.0018062022754915985,11
2025-02-06,AMZN,0,0.007280689660552724,11
2025-02-06,GOOGL,0,0.0031987895558720897,11
2025-02-06,INTC,1,0.23064281145771942,11
2025-02-06,MSFT,0,0.0003084193330903777,11
2025-02-06,NVDA,0,0.00926698354680268,11
2025-02-06,PFE,0,0.040165524160375284,11
2025-02-06,PYPL,0,0.47967108897424054,11
2025-02-06,SPY,0,0.0002938417177856073,11
2025-02-06,ZM,0,0.05594059701725002,11
2025-02-07,AAPL,0,0.02707626312938539,11
2025-02-07,AMZN,0,0.06237937432751086,11
2025-02-07,GOOGL,0,0.09192299284631655,11
2025-02-07,INTC,1,0.38625899369153843,11
2025-02-07,MSFT,0,0.0006601223815638302,11
2025-02-07,NVDA,0,0.02428539620629703,11
2025-02-07,PFE,0,0.040514475329598086,11
2025-02-07,PYPL,0,0.37037884546493693,11
2025-02-07,SPY,0,0.0004416184263003078,11
2025-02-07,ZM,0,0.019596227594856186,11
2025-02-10,AAPL,0,0.001333720883125993,11
2025-02-10,AMZN,0,0.009511445416975912,11
2025-02-10,GOOGL,0,0.013852857012585275,11
2025-02-10,INTC,1,0.7305918016894365,11
2025-02-10,MSFT,0,0.0010779144436054088,11
2025-02-10,NVDA,0,0.12689004175531293,11
2025-02-10,PFE,0,0.057966463238970825,11
2025-02-10,PYPL,0,0.19188324408448693,11
2025-02-10,SPY,0,0.0013025686089126265,11
2025-02-10,ZM,0,0.11986753636140592,11
2025-02-11,AAPL,0,0.0017085159980043947,11
2025-02-11,AMZN,0,0.003715186209932049,11
2025-02-11,GOOGL,0,0.13310785968944744,11
2025-02-11,INTC,1,0.8018232414409412,11
2025-02-11,MSFT,0,0.0007133580691859002,11
2025-02-11,NVDA,0,0.21323442332517897,11
2025-02-11,PFE,0,0.026611313733518032,11
2025-02-11,PYPL,0,0.4032904707873464,11
2025-02-11,SPY,0,0.0007057768711629807,11
2025-02-11,ZM,0,0.35656768832499025,11
2025-02-12,AAPL,0,0.005089710167488829,11
2025-02-12,AMZN,0,0.044260485746245797,11
2025-02-12,GOOGL,0,0.07413907846631695,11
2025-02-12,INTC,1,0.4635403596964105,11
2025-02-12,MSFT,0,0.0004459262329710402,11
2025-02-12,NVDA,0,0.1222379850137722,11
2025-02-12,PFE,0,0.05121222210002409,11
2025-02-12,PYPL,0,0.03038493255898802,11
2025-02-12,SPY,0,0.0008587584409758175,11
2025-02-12,ZM,0,0.13566751871007146,11
2025-02-13,AAPL,0,0.01723849820927508,11
2025-02-13,AMZN,0,0.00906654964370169,11
2025-02-13,GOOGL,0,0.023193266406748087,11
2025-02-13,INTC,1,0.14211062958627083,11
2025-02-13,MSFT,0,0.0006666626462010107,11
2025-02-13,NVDA,0,0.15927206918508743,11
2025-02-13,PFE,0,0.07612451804117508,11
2025-02-13,PYPL,0,0.0779577957378717,11
2025-02-13,SPY,0,0.0017319519161795478,11
2025-02-13,ZM,0,0.08774408635679284,11
2025-02-14,AAPL,0,0.003875830113154764,11
2025-02-14,AMZN,0,0.038495629739795346,11
2025-02-14,GOOGL,0,0.021504773575906636,11
2025-02-14,INTC,1,0.2963069904218529,11
2025-02-14,MSFT,0,0.0018495045851158803,11
2025-02-14,NVDA,0,0.00824889235914506,11
2025-02-14,PFE,0,0.03556959620678777,11
2025-02-14,PYPL,0,0.10808033702886893,11
2025-02-14,SPY,0,0.0004839599469467127,11
2025-02-14,ZM,0,0.3052277943507221,11
2025-02-18,AAPL,0,0.0020569863102951596,11
2025-02-18,AMZN,0,0.029130111006400065,11
2025-02-18,GOOGL,0,0.027995499126559853,11
2025-02-18,INTC,0,0.030673828727900993,11
2025-02-18,MSFT,0,0.00017133463324660973,11
2025-02-18,NVDA,0,0.004139049512228284,11
2025-02-18,PFE,0,0.04464861680023968,11
2025-02-18,PYPL,0,0.20036628503647702,11
2025-02-18,SPY,0,0.0002620230304642135,11
2025-02-18,ZM,0,0.7141758377916557,11
2025-02-19,AAPL,0,0.0006660192619509456,11
2025-02-19,AMZN,0,0.0009951846289107474,11
2025-02-19,GOOGL,0,0.001099715279124098,11
2025-02-19,INTC,0,0.06989843372954734,11
2025-02-19,MSFT,0,0.00011550035167739401,11
2025-02-19,NVDA,0,0.000565423204549042,11
2025-02-19,PFE,0,0.09655967435442099,11
2025-02-19,PYPL,0,0.02854717153806861,11
2025-02-19,SPY,0,0.00033055813878478575,11
2025-02-19,ZM,0,0.7905844803780574,11
2025-02-20,AAPL,0,0.002054100458963374,11
2025-02-20,AMZN,0,0.008679939172227702,11
2025-02-20,GOOGL,0,0.0032880590428298524,11
2025-02-20,INTC,0,0.03206206683039735,11
2025-02-20,MSFT,0,0.0006659941683680535,11
2025-02-20,NVDA,0,0.00648747219310554,11
2025-02-20,PFE,0,0.027481171570608545,11
2025-02-20,PYPL,0,0.06723469364820871,11
2025-02-20,SPY,0,0.00025989538698069787,11
2025-02-20,ZM,0,0.8190822096015514,11
2025-02-21,AAPL,0,0.0012387333764350879,11
2025-02-21,AMZN,0,0.0461137277635681,11
2025-02-21,GOOGL,0,0.09391812801154223,11
2025-02-21,INTC,0,0.4834901448113305,11
2025-02-21,MSFT,0,0.0006646577733611697,11
2025-02-21,NVDA,0,0.10422917485806361,11
2025-02-21,PFE,0,0.07644104258754995,11
2025-02-21,PYPL,0,0.3226790561404523,11
2025-02-21,SPY,0,0.00026988195535894124,11
2025-02-21,ZM,0,0.7041720839565894,11
2025-02-24,AAPL,0,0.0004071659503516641,11
2025-02-24,AMZN,0,0.011214182805803536,11
2025-02-24,GOOGL,0,0.006410589482564961,11
2025-02-24,INTC,0,0.3926947500046988,11
2025-02-24,MSFT,0,0.0007748773579726973,11
2025-02-24,NVDA,0,0.053151539909832825,11
2025-02-24,PFE,0,0.03773730523516359,11
2025-02-24,PYPL,0,0.08287125462465458,11
2025-02-24,SPY,0,0.000770308042806516,11
2025-02-24,ZM,0,0.6800124375470864,11
2025-02-25,AAPL,0,0.0004116909806740618,11
2025-02-25,AMZN,0,0.009939937668228373,11
2025-02-25,GOOGL,0,0.04592947464502433,11
2025-02-25,INTC,0,0.44314906902534135,11
2025-02-25,MSFT,0,0.0015867326850206975,11
2025-02-25,NVDA,0,0.12597661582797412,11
2025-02-25,PFE,0,0.02439446011956207,11
2025-02-25,PYPL,0,0.4801269663865433,11
2025-02-25,SPY,0,0.0011234995065091146,11
2025-02-25,ZM,0,0.4345237847235619,11
2025-02-26,AAPL,0,0.01218027531034872,11
2025-02-26,AMZN,0,0.004323442263252359,11
2025-02-26,GOOGL,0,0.009839845292437626,11
2025-02-26,INTC,0,0.07113565418769664,11
2025-02-26,MSFT,0,0.0009401486102322503,11
2025-02-26,NVDA,0,0.0381608456580899,11
2025-02-26,PFE,0,0.029387057659674497,11
2025-02-26,PYPL,0,0.4056129853915214,11
2025-02-26,SPY,0,0.000797769856344947,11
2025-02-26,ZM,0,0.15586471931668064,11
2025-02-27,AAPL,0,0.00424515283980596,11
2025-02-27,AMZN,0,0.18307179750397296,11
2025-02-27,GOOGL,0,0.05571697775777452,11
2025-02-27,INTC,0,0.18218225157267615,11
2025-02-27,MSFT,0,0.001784211688596794,11
2025-02-27,NVDA,0,0.28868462454249616,11
2025-02-27,PFE,0,0.02917371358347489,11
2025-02-27,PYPL,0,0.29259279651933684,11
2025-02-27,SPY,0,0.0007909086967896944,11
2025-02-27,ZM,0,0.3118358131313867,11
2025-02-28,AAPL,0,0.003274693476241103,11
2025-02-28,AMZN,0,0.012477256928279425,11
2025-02-28,GOOGL,0,0.013290863890953965,11
2025-02-28,INTC,0,0.21648902442841203,11
2025-02-28,MSFT,0,0.0006373534825670165,11
2025-02-28,NVDA,0,0.1631920326542486,11
2025-02-28,PFE,0,0.04159225910314944,11
2025-02-28,PYPL,0,0.13657467988482472,11
2025-02-28,SPY,0,0.001265092611232478,11
2025-02-28,ZM,0,0.13416764646009385,11
2025-03-03,AAPL,0,0.00208123605388167,11
2025-03-03,AMZN,0,0.09328976811005078,11
2025-03-03,GOOGL,0,0.3095503029359694,11
2025-03-03,INTC,0,0.4119432554268567,11
2025-03-03,MSFT,0,0.0006617753707445235,11
2025-03-03,NVDA,0,0.24019277172180903,11
2025-03-03,PFE,0,0.053806961985053844,11
2025-03-03,PYPL,0,0.17006661727685868,11
2025-03-03,SPY,0,0.00037835650205177254,11
2025-03-03,ZM,0,0.09975392502012483,11
2025-03-04,AAPL,0,0.002871417548310035,11
2025-03-04,AMZN,0,0.024269692024219074,11
2025-03-04,GOOGL,0,0.015164221837512976,11
2025-03-04,INTC,0,0.5118897230026124,11
2025-03-04,MSFT,0,0.0003218134955027128,11
2025-03-04,NVDA,0,0.0395785056721102,11
2025-03-04,PFE,0,0.0709802031636058,11
2025-03-04,PYPL,0,0.20171415701118442,11
2025-03-04,SPY,0,0.0008805309380693943,11
2025-03-04,ZM,0,0.056094588889212545,11
2025-03-05,AAPL,0,0.0019210418957584898,11
2025-03-05,AMZN,0,0.0024613251797053815,11
2025-03-05,GOOGL,0,0.0033661720985121257,11
2025-03-05,INTC,0,0.670377715733735,11
2025-03-05,MSFT,0,0.0014690267783734545,11
2025-03-05,NVDA,0,0.11748543084956173,11
2025-03-05,PFE,0,0.04445595883289732,11
2025-03-05,PYPL,0,0.34694189324801095,11
2025-03-05,SPY,0,0.0008294169034320328,11
2025-03-05,ZM,0,0.08146358492541117,11
2025-03-06,AAPL,0,0.025956430747389285,11
2025-03-06,AMZN,0,0.07762209211920641,11
2025-03-06,GOOGL,0,0.08080024711024429,11
2025-03-06,INTC,0,0.4580272881753668,11
2025-03-06,MSFT,0,0.001455533843682361,11
2025-03-06,NVDA,0,0.636451562474741,11
2025-03-06,PFE,0,0.048239822106976984,11
2025-03-06,PYPL,0,0.25500406645431223,11
2025-03-06,SPY,0,0.0008566904013408695,11
2025-03-06,ZM,0,0.025987654664058817,11
2025-03-07,AAPL,0,0.014557516975963731,11
2025-03-07,AMZN,0,0.05140845456135825,11
2025-03-07,GOOGL,0,0.02146978213915455,11
2025-03-07,INTC,0,0.3965442636165772,11
2025-03-07,MSFT,0,0.0008086000352180682,11
2025-03-07,NVDA,0,0.27998025043433655,11
2025-03-07,PFE,0,0.03197020551752327,11
2025-03-07,PYPL,0,0.7063208616756672,11
2025-03-07,SPY,0,0.0008926744638238247,11
2025-03-07,ZM,0,0.07473087922611983,11
2025-03-10,AAPL,0,0.20292572686463486,11
2025-03-10,AMZN,0,0.15357445767775726,11
2025-03-10,GOOGL,0,0.19058101179258116,11
2025-03-10,INTC,1,0.30576054617313214,11
2025-03-10,MSFT,0,0.0011083863450701374,11
2025-03-10,NVDA,1,0.6054836143027755,11
2025-03-10,PFE,0,0.02795509020927719,11
2025-03-10,PYPL,0,0.5109121579017871,11
2025-03-10,SPY,0,0.0027721598065029765,11
2025-03-10,ZM,0,0.4237975206739158,11
2025-03-11,AAPL,0,0.08189580481013034,11
2025-03-11,AMZN,0,0.009009973156966684,11
2025-03-11,GOOGL,0,0.16687881323945242,11
2025-03-11,INTC,1,0.24972019744298965,11
2025-03-11,MSFT,0,0.0009457774186447626,11
2025-03-11,NVDA,1,0.32911014747348877,11
2025-03-11,PFE,0,0.11024662663327885,11
2025-03-11,PYPL,0,0.412859997222309,11
2025-03-11,SPY,0,0.0013138244120049697,11
2025-03-11,ZM,0,0.3081495432619387,11
2025-03-12,AAPL,0,0.020067735122462276,11
2025-03-12,AMZN,0,0.009108518297157961,11
2025-03-12,GOOGL,0,0.07986957463989217,11
2025-03-12,INTC,1,0.527245935388109,11
2025-03-12,MSFT,0,0.0008036403378965642,11
2025-03-12,NVDA,0,0.3391088909445868,11
2025-03-12,PFE,0,0.029325005515520395,11
2025-03-12,PYPL,0,0.191920739536246,11
2025-03-12,SPY,0,0.0006400065195748502,11
2025-03-12,ZM,0,0.22685518610353786,11
2025-03-13,AAPL,0,0.18604918484937788,11
2025-03-13,AMZN,0,0.15856683670967558,11
2025-03-13,GOOGL,0,0.11064703178397998,11
2025-03-13,INTC,0,0.3123840708883256,11
2025-03-13,MSFT,0,0.00022991133319994055,11
2025-03-13,NVDA,0,0.019794014270156635,11
2025-03-13,PFE,0,0.11013481415007563,11
2025-03-13,PYPL,0,0.1670242619118246,11
2025-03-13,SPY,0,0.00019520824849261073,11
2025-03-13,ZM,0,0.1588542621678202,11
2025-03-14,AAPL,0,0.008743178641504578,11
2025-03-14,AMZN,0,0.007587076179625513,11
2025-03-14,GOOGL,0,0.0011157666363420069,11
2025-03-14,INTC,0,0.33822276259120365,11
2025-03-14,MSFT,0,0.0001915450447359132,11
2025-03-14,NVDA,0,0.10833760867889426,11
2025-03-14,PFE,0,0.023926988123186468,11
2025-03-14,PYPL,0,0.32298022089285766,11
2025-03-14,SPY,0,0.000106395737434178,11
2025-03-14,ZM,0,0.3520481577183479,11
2025-03-17,AAPL,0,0.0010282719478436285,11
2025-03-17,AMZN,0,0.004006097240292548,11
2025-03-17,GOOGL,0,0.002027686041375479,11
2025-03-17,INTC,0,0.20932668642259328,11
2025-03-17,MSFT,0,0.0001976554649153091,11
2025-03-17,NVDA,0,0.013605650354931506,11
2025-03-17,PFE,0,0.07478543107435458,11
2025-03-17,PYPL,0,0.22693124227839692,11
2025-03-17,SPY,0,0.0001267174914531756,11
2025-03-17,ZM,0,0.39321652926168055,11
2025-03-18,AAPL,0,0.004936062091702241,11
2025-03-18,AMZN,0,0.018457989197687884,11
2025-03-18,GOOGL,0,0.014734407034049603,11
2025-03-18,INTC,0,0.1683264653808205,11
2025-03-18,MSFT,0,0.0006601223815638302,11
2025-03-18,NVDA,0,0.43180654738144136,11
2025-03-18,PFE,0,0.05600930086933507,11
2025-03-18,PYPL,0,0.3577085981612245,11
2025-03-18,SPY,0,0.00036574098910199056,11
2025-03-18,ZM,0,0.1789209291077086,11
2025-03-19,AAPL,0,0.007333958396066569,11
2025-03-19,AMZN,0,0.03212654704123453,11
2025-03-19,GOOGL,0,0.05670818229877044,11
2025-03-19,INTC,0,0.5575199950752364,11
2025-03-19,MSFT,0,0.0011163740565944462,11
2025-03-19,NVDA,0,0.11353001543920749,11
2025-03-19,PFE,0,0.035028189007993274,11
2025-03-19,PYPL,0,0.2516698502248531,11
2025-03-19,SPY,0,0.0010492414172656337,11
2025-03-19,ZM,0,0.29027512360505503,11
2025-03-20,AAPL,0,0.0070711003773373735,11
2025-03-20,AMZN,0,0.015131244407048551,11
2025-03-20,GOOGL,0,0.036134107781087735,11
2025-03-20,INTC,0,0.16801839497495172,11
2025-03-20,MSFT,0,0.0009252974057101725,11
2025-03-20,NVDA,0,0.4909789420056231,11
2025-03-20,PFE,0,0.042124887009251516,11
2025-03-20,PYPL,0,0.4048989499244373,11
2025-03-20,SPY,0,0.002646458100108266,11
2025-03-20,ZM,0,0.522331145818393,11
2025-03-21,AAPL,0,0.027779929109632357,11
2025-03-21,AMZN,0,0.029075040517766396,11
2025-03-21,GOOGL,0,0.006880694201335194,11
2025-03-21,INTC,0,0.33962016099495157,11
2025-03-21,MSFT,0,0.0018810911414380816,11
2025-03-21,NVDA,0,0.42317469468537827,11
2025-03-21,PFE,0,0.012792187361683194,11
2025-03-21,PYPL,0,0.832071414658581,11
2025-03-21,SPY,0,0.0003548128176729424,11
2025-03-21,ZM,0,0.2275374776920376,11
2025-03-24,AAPL,0,0.029157157003221253,11
2025-03-24,AMZN,0,0.061777828944763025,11
2025-03-24,GOOGL,0,0.0025531139493267098,11
2025-03-24,INTC,0,0.10569237719793141,11
2025-03-24,MSFT,0,0.0022617786622166933,11
2025-03-24,NVDA,0,0.39489793490473735,11
2025-03-24,PFE,0,0.07941043932879326,11
2025-03-24,PYPL,0,0.7474306075441589,11
2025-03-24,SPY,0,0.0012711914527859312,11
2025-03-24,ZM,0,0.4951629954455414,11
2025-03-25,AAPL,0,0.013684265751049573,11
2025-03-25,AMZN,0,0.4027411260868422,11
2025-03-25,GOOGL,0,0.0722114347977779,11
2025-03-25,INTC,0,0.36413854787845495,11
2025-03-25,MSFT,0,0.0020567486415606425,11
2025-03-25,NVDA,0,0.6630593820714941,11
2025-03-25,PFE,0,0.11683298469720373,11
2025-03-25,PYPL,0,0.5322287243632043,11
2025-03-25,SPY,0,0.0010680292368069708,11
2025-03-25,ZM,0,0.41716950217548504,11
2025-03-26,AAPL,0,0.09686101560905502,11
2025-03-26,AMZN,0,0.5230302605671021,11
2025-03-26,GOOGL,0,0.11965087066450884,11
2025-03-26,INTC,0,0.4764595316232897,11
2025-03-26,MSFT,0,0.0017334309996025526,11
2025-03-26,NVDA,0,0.5450217187690183,11
2025-03-26,PFE,0,0.05860338643789765,11
2025-03-26,PYPL,0,0.6814175267880476,11
2025-03-26,SPY,0,0.0009477560514158744,11
2025-03-26,ZM,0,0.4137887633020116,11
2025-03-27,AAPL,0,0.03262002246168822,11
2025-03-27,AMZN,0,0.09420844649654245,11
2025-03-27,GOOGL,0,0.06909680005899857,11
2025-03-27,INTC,0,0.27792921334145393,11
2025-03-27,MSFT,0,0.0008056735342957576,11
2025-03-27,NVDA,0,0.6545611398353115,11
2025-03-27,PFE,0,0.12430736860516117,11
2025-03-27,PYPL,0,0.7909719315366,11
2025-03-27,SPY,0,0.0014283718435945227,11
2025-03-27,ZM,0,0.47305432090063737,11
2025-03-28,AAPL,0,0.43411168925403787,11
2025-03-28,AMZN,0,0.1886032158243036,11
2025-03-28,GOOGL,0,0.06592849905460775,11
2025-03-28,INTC,0,0.4782983574768832,11
2025-03-28,MSFT,0,0.0008146028141509779,11
2025-03-28,NVDA,0,0.42849460988845733,11
2025-03-28,PFE,0,0.05111771971251352,11
2025-03-28,PYPL,0,0.39736089676198155,11
2025-03-28,SPY,0,0.0011775781004949913,11
2025-03-28,ZM,0,0.45998419486047337,11
2025-03-31,AAPL,0,0.03929392581154723,11
2025-03-31,AMZN,0,0.24695477780034028,11
2025-03-31,GOOGL,0,0.018494173897039477,11
2025-03-31,INTC,0,0.1899469012335509,11
2025-03-31,MSFT,0,0.0010842795739507154,11
2025-03-31,NVDA,0,0.5016552985201584,11
2025-03-31,PFE,0,0.019640471332162953,11
2025-03-31,PYPL,0,0.39249959095221953,11
2025-03-31,SPY,0,0.0022981942202649395,11
2025-03-31,ZM,0,0.45251839133139304,11
2025-04-01,AAPL,0,0.06139025076601162,11
2025-04-01,AMZN,0,0.2769309554893422,11
2025-04-01,GOOGL,0,0.023690870630554743,11
2025-04-01,INTC,0,0.6541134520379092,11
2025-04-01,MSFT,0,0.0018970289994991423,11
2025-04-01,NVDA,0,0.38225546845277936,11
2025-04-01,PFE,0,0.2485285824341713,11
2025-04-01,PYPL,0,0.5881770133503755,11
2025-04-01,SPY,0,0.0012972739294817323,11
2025-04-01,ZM,0,0.35184755271043355,11
2025-04-02,AAPL,0,0.009169475511304126,11
2025-04-02,AMZN,0,0.5310696310855608,11
2025-04-02,GOOGL,0,0.0304172774678473,11
2025-04-02,INTC,0,0.2761803167198717,11
2025-04-02,MSFT,0,0.0009616114711796369,11
2025-04-02,NVDA,0,0.5034889986124399,11
2025-04-02,PFE,0,0.020075813057908634,11
2025-04-02,PYPL,0,0.5714902293313406,11
2025-04-02,SPY,0,0.002257179034121837,11
2025-04-02,ZM,0,0.19098078717284256,11
2025-04-03,AAPL,0,0.08264670666632792,11
2025-04-03,AMZN,0,0.0525618022917388,11
2025-04-03,GOOGL,0,0.019771288468693488,11
2025-04-03,INTC,0,0.46764017761943877,11
2025-04-03,MSFT,0,0.0009387606714319095,11
2025-04-03,NVDA,0,0.3695586890327317,11
2025-04-03,PFE,0,0.08258086512526602,11
2025-04-03,PYPL,0,0.25957595245363074,11
2025-04-03,SPY,0,0.0004119670995572972,11
2025-04-03,ZM,0,0.659506665377242,11
2025-04-04,AAPL,0,0.022170401742228577,11
2025-04-04,AMZN,1,0.0059610470194760255,11
2025-04-04,GOOGL,0,0.0027965536539834262,11
2025-04-04,INTC,0,0.10361197145643947,11
2025-04-04,MSFT,0,0.00026692674094477983,11
2025-04-04,NVDA,0,0.06170939973459106,11
2025-04-04,PFE,0,0.2637411968011825,11
2025-04-04,PYPL,0,0.05070899447271382,11
2025-04-04,SPY,0,0.00013605020661417675,11
2025-04-04,ZM,0,0.09702505651743053,11
2025-04-07,AAPL,1,0.03420018009380466,11
2025-04-07,AMZN,0,0.0004802436635099452,11
2025-04-07,GOOGL,0,0.0006642816851696004,11
2025-04-07,INTC,0,0.0185351471157731,11
2025-04-07,MSFT,0,0.00019689790045990363,11
2025-04-07,NVDA,1,0.30958427654782444,11
2025-04-07,PFE,0,0.04979430111743515,11
2025-04-07,PYPL,0,0.027187478384193955,11
2025-04-07,SPY,0,0.00018187292052699867,11
2025-04-07,ZM,0,0.09921747877791122,11
2025-04-08,AAPL,1,0.013687981299374622,11
2025-04-08,AMZN,0,0.023978838892214843,11
2025-04-08,GOOGL,0,0.004764267258005541,11
2025-04-08,INTC,1,0.10779001376199317,11
2025-04-08,MSFT,0,0.00018696305839698747,11
2025-04-08,NVDA,1,0.5027040528285913,11
2025-04-08,PFE,0,0.5139225442289952,11
2025-04-08,PYPL,0,0.01972035694886467,11
2025-04-08,SPY,0,0.0002530304970962015,11
2025-04-08,ZM,0,0.09617023717963107,11
2025-04-09,AAPL,0,0.005122049166223048,11
2025-04-09,AMZN,0,0.001471185434592848,11
2025-04-09,GOOGL,0,0.005005708764667384,11
2025-04-09,INTC,0,0.04595032683952577,11
2025-04-09,MSFT,0,0.0004534839042053131,11
2025-04-09,NVDA,0,0.48063772785973186,11
2025-04-09,PFE,0,0.007740198854904288,11
2025-04-09,PYPL,0,0.010325555076293,11
2025-04-09,SPY,0,0.0002982331619704003,11
2025-04-09,ZM,0,0.0621369710776269,11
2025-04-10,AAPL,0,0.005484662046020766,11
2025-04-10,AMZN,0,0.012980926022757607,11
2025-04-10,GOOGL,0,0.00420557827495115,11
2025-04-10,INTC,0,0.016406231863058618,11
2025-04-10,MSFT,0,0.00010558579829802671,11
2025-04-10,NVDA,0,0.2699969102508427,11
2025-04-10,PFE,0,0.01406350509795745,11
2025-04-10,PYPL,0,0.010473163867983472,11
2025-04-10,SPY,0,0.0001252623855288099,11
2025-04-10,ZM,0,0.006671980127292497,11
2025-04-11,AAPL,0,0.0011953127629490065,11
2025-04-11,AMZN,0,0.0003433036200278688,11
2025-04-11,GOOGL,0,0.0013542361848400495,11
2025-04-11,INTC,0,0.0039492313357251604,11
2025-04-11,MSFT,0,7.665786291839262e-05,11
2025-04-11,NVDA,0,0.20895966951191935,11
2025-04-11,PFE,0,0.0037415572182904894,11
2025-04-11,PYPL,0,0.0030609395980853537,11
2025-04-11,SPY,0,5.009897389962037e-05,11
2025-04-11,ZM,0,0.008724930806718476,11
2025-04-14,AAPL,0,0.0001496295873623061,11
2025-04-14,AMZN,0,0.0006255883530620752,11
2025-04-14,GOOGL,0,0.003102907245180145,11
2025-04-14,INTC,0,0.017911385660863893,11
2025-04-14,MSFT,0,0.00012738649337392408,11
2025-04-14,NVDA,0,0.3662655968631397,11
2025-04-14,PFE,0,0.005900531090755907,11
2025-04-14,PYPL,0,0.004139623926114274,11
2025-04-14,SPY,0,7.299782961787636e-05,11
2025-04-14,ZM,0,0.008331078327563315,11
2025-04-15,AAPL,0,0.002288781064487295,11
2025-04-15,AMZN,0,0.0005737193256573105,11
2025-04-15,GOOGL,0,0.004825705457077129,11
2025-04-15,INTC,0,0.011221301522317945,11
2025-04-15,MSFT,0,0.00012475772704553372,11
2025-04-15,NVDA,0,0.223961407655466,11
2025-04-15,PFE,0,0.01617999349027395,11
2025-04-15,PYPL,0,0.0011457119449710825,11
2025-04-15,SPY,0,0.00026216314753825135,11
2025-04-15,ZM,0,0.01052467681424104,11
2025-04-16,AAPL,0,0.0028564079565778656,11
2025-04-16,AMZN,0,0.0026556168135573755,11
2025-04-16,GOOGL,0,0.006834822576205557,11
2025-04-16,INTC,0,0.04129434972989039,11
2025-04-16,MSFT,0,0.00020820045907155862,11
2025-04-16,NVDA,0,0.22613602570220287,11
2025-04-16,PFE,0,0.007327825009105708,11
2025-04-16,PYPL,0,0.0035783161595028703,11
2025-04-16,SPY,0,0.00012661852900842818,11
2025-04-16,ZM,0,0.009035237019222687,11
2025-04-17,AAPL,0,0.0002466223597467642,11
2025-04-17,AMZN,0,0.0008995350117470414,11
2025-04-17,GOOGL,0,0.0010814859575876898,11
2025-04-17,INTC,0,0.018581100799901794,11
2025-04-17,MSFT,0,0.00010000022187604963,11
2025-04-17,NVDA,0,0.10624235991798088,11
2025-04-17,PFE,0,0.012433716765188564,11
2025-04-17,PYPL,0,0.002657185473406864,11
2025-04-17,SPY,0,0.0001386902736312104,11
2025-04-17,ZM,0,0.010620380136470129,11
2025-04-21,AAPL,0,0.0005684589867949013,11
2025-04-21,AMZN,0,0.00662290770816174,11
2025-04-21,GOOGL,0,0.0040670594725949775,11
2025-04-21,INTC,0,0.01874571729649913,11
2025-04-21,MSFT,0,0.00010980865932044927,11
2025-04-21,NVDA,1,0.12894498069624255,11
2025-04-21,PFE,0,0.0030271649249836714,11
2025-04-21,PYPL,0,0.0011055818605824317,11
2025-04-21,SPY,0,0.00010042789768170178,11
2025-04-21,ZM,0,0.004794295621874925,11
2025-04-22,AAPL,0,0.0003652133906545623,11
2025-04-22,AMZN,0,0.0028713119096857144,11
2025-04-22,GOOGL,0,0.0017206441963218409,11
2025-04-22,INTC,0,0.049806946900136484,11
2025-04-22,MSFT,0,2.9644411939978703e-05,11
2025-04-22,NVDA,0,0.14235427442722987,11
2025-04-22,PFE,0,0.012112961335894604,11
2025-04-22,PYPL,0,0.001706133785826376,11
2025-04-22,SPY,0,0.00011156667678017813,11
2025-04-22,ZM,0,0.027665370573149738,11
2025-04-23,AAPL,0,0.00020125120002354235,11
2025-04-23,AMZN,0,0.012693187573359388,11
2025-04-23,GOOGL,0,0.000922523608625398,11
2025-04-23,INTC,0,0.026676676467138043,11
2025-04-23,MSFT,0,0.0001252999759756702,11
2025-04-23,NVDA,0,0.33803664009283174,11
2025-04-23,PFE,0,0.015598610821613275,11
2025-04-23,PYPL,0,0.016361882236597722,11
2025-04-23,SPY,0,0.0001568995764091401,11
2025-04-23,ZM,0,0.6631830319603247,11
2025-04-24,AAPL,0,0.0035105204932593457,11
2025-04-24,AMZN,0,0.008376969819289155,11
2025-04-24,GOOGL,0,0.01232575694237482,11
2025-04-24,INTC,0,0.30125968683025595,11
2025-04-24,MSFT,0,0.0003037271290838872,11
2025-04-24,NVDA,0,0.32907862941937227,11
2025-04-24,PFE,0,0.7320577575628675,11
2025-04-24,PYPL,0,0.012487147482743363,11
2025-04-24,SPY,0,0.000380802859136441,11
2025-04-24,ZM,0,0.22711546046356798,11
2025-04-25,AAPL,0,0.0014936094132588739,11
2025-04-25,AMZN,0,0.005046997864610696,11
2025-04-25,GOOGL,0,0.0085875080019998,11
2025-04-25,INTC,0,0.5663517838121941,11
2025-04-25,MSFT,0,0.0006419620750302013,11
2025-04-25,NVDA,0,0.06880404632137219,11
2025-04-25,PFE,0,0.6711844318610135,11
2025-04-25,PYPL,0,0.016952150234217873,11
2025-04-25,SPY,0,0.0006527556248825902,11
2025-04-25,ZM,0,0.3106376803346571,11
2025-04-28,AAPL,0,0.0007942572982794716,11
2025-04-28,AMZN,0,0.0010017692691577527,11
2025-04-28,GOOGL,0,0.0024431727633744474,11
2025-04-28,INTC,0,0.4581858136809429,11
2025-04-28,MSFT,1,0.0004263817448386102,11
2025-04-28,NVDA,0,0.10035898040703677,11
2025-04-28,PFE,0,0.32978798059453923,11
2025-04-28,PYPL,0,0.007661852247062686,11
2025-04-28,SPY,0,0.0001875993902784299,11
2025-04-28,ZM,0,0.11187426260386113,11
2025-04-29,AAPL,0,0.00036642215152845144,11
2025-04-29,AMZN,0,0.0002197267470835839,11
2025-04-29,GOOGL,0,0.003000828479736248,11
2025-04-29,INTC,0,0.23107759548458853,11
2025-04-29,MSFT,1,0.00037948810725436835,11
2025-04-29,NVDA,0,0.12139278816556426,11
2025-04-29,PFE,0,0.3119019362564421,11
2025-04-29,PYPL,0,0.006281524152364183,11
2025-04-29,SPY,0,0.0002619512805607186,11
2025-04-29,ZM,0,0.02870314974504081,11
2025-04-30,AAPL,0,0.0011981207367415417,11
2025-04-30,AMZN,0,0.005045629676565533,11
2025-04-30,GOOGL,0,0.021533706598213544,11
2025-04-30,INTC,0,0.794473650832216,11
2025-04-30,MSFT,1,0.0012904130869557744,11
2025-04-30,NVDA,0,0.47301072140765754,11
2025-04-30,PFE,0,0.6196916500820275,11
2025-04-30,PYPL,0,0.021301978249409693,11
2025-04-30,SPY,0,0.00039074498579528443,11
2025-04-30,ZM,0,0.1899161788562784,11
2025-05-01,AAPL,0,0.0007779910845145028,11
2025-05-01,AMZN,0,0.001368941364889987,11
2025-05-01,GOOGL,0,0.006923255654410479,11
2025-05-01,INTC,0,0.9626385835912958,11
2025-05-01,MSFT,0,7.155949239235478e-05,11
2025-05-01,NVDA,0,0.1816012214570051,11
2025-05-01,PFE,0,0.1681856292715667,11
2025-05-01,PYPL,0,0.011910812447120434,11
2025-05-01,SPY,0,0.00023974724101255297,11
2025-05-01,ZM,0,0.08608579277820502,11
2025-05-02,AAPL,0,0.003740416235874037,11
2025-05-02,AMZN,0,0.0003513778101930183,11
2025-05-02,GOOGL,0,0.010119040500174536,11
2025-05-02,INTC,0,0.6827747687235536,11
2025-05-02,MSFT,0,7.778441793555293e-05,11
2025-05-02,NVDA,0,0.3535277230142766,11
2025-05-02,PFE,0,0.5674159284661902,11
2025-05-02,PYPL,0,0.029735661557680457,11
2025-05-02,SPY,0,0.00046611174122256896,11
2025-05-02,ZM,0,0.0345131253077396,11
2025-05-05,AAPL,0,0.03591973843605804,11
2025-05-05,AMZN,1,0.0024449151509451164,11
2025-05-05,GOOGL,0,0.007360624419319617,11
2025-05-05,INTC,1,0.9415592751815809,11
2025-05-05,MSFT,0,4.641805174770345e-05,11
2025-05-05,NVDA,0,0.2890184457768216,11
2025-05-05,PFE,0,0.9067891674325121,11
2025-05-05,PYPL,0,0.045126666517629324,11
2025-05-05,SPY,0,0.0007126660020646534,11
2025-05-05,ZM,0,0.027605542916719458,11
2025-05-06,AAPL,0,0.026925627385540263,11
2025-05-06,AMZN,1,0.002771948909057933,11
2025-05-06,GOOGL,0,0.012627780365441005,11
2025-05-06,INTC,1,0.9441622833168899,11
2025-05-06,MSFT,0,0.0002308838610244908,11
2025-05-06,NVDA,1,0.2926579493383753,11
2025-05-06,PFE,0,0.9503852730872147,11
2025-05-06,PYPL,0,0.14525917910331737,11
2025-05-06,SPY,0,0.0006323577941771654,11
2025-05-06,ZM,0,0.466116108234975,11
2025-05-07,AAPL,1,0.06111564532424341,11
2025-05-07,AMZN,1,0.006996013682220109,11
2025-05-07,GOOGL,1,0.0533583516968547,11
2025-05-07,INTC,1,0.9218815377522613,11
2025-05-07,MSFT,0,3.707858899642051e-05,11
2025-05-07,NVDA,1,0.06791318178162377,11
2025-05-07,PFE,0,0.9411700404472085,11
2025-05-07,PYPL,0,0.05548908616314615,11
2025-05-07,SPY,0,9.303997010378615e-05,11
2025-05-07,ZM,0,0.19059176463966404,11
2025-05-08,AAPL,0,0.10694468851262019,11
2025-05-08,AMZN,1,0.004167676785774063,11
2025-05-08,GOOGL,0,0.023052474334662492,11
2025-05-08,INTC,0,0.9206705265550046,11
2025-05-08,MSFT,0,0.00010140745570714778,11
2025-05-08,NVDA,1,0.03582437207311989,11
2025-05-08,PFE,0,0.9334589234771814,11
2025-05-08,PYPL,0,0.2737880047818687,11
2025-05-08,SPY,0,0.0009855318065191813,11
2025-05-08,ZM,0,0.5743658186132429,11
2025-05-09,AAPL,0,0.12830489133327302,11
2025-05-09,AMZN,1,0.0007269825937900005,11
2025-05-09,GOOGL,1,0.07626803313293462,11
2025-05-09,INTC,0,0.9311342929122259,11
2025-05-09,MSFT,0,8.13812475270654e-05,11
2025-05-09,NVDA,1,0.05732519972653817,11
2025-05-09,PFE,0,0.939353554481436,11
2025-05-09,PYPL,0,0.23452320817269048,11
2025-05-09,SPY,0,7.513767120407783e-05,11
2025-05-09,ZM,0,0.4723630752701672,11
2025-05-12,AAPL,0,0.16800838966231513,11
2025-05-12,AMZN,0,0.0008405262944071654,11
2025-05-12,GOOGL,0,0.010734249533087915,11
2025-05-12,INTC,0,0.9142078226915583,11
2025-05-12,MSFT,0,0.00014354882145896591,11
2025-05-12,NVDA,1,0.0026011496969476685,11
2025-05-12,PFE,0,0.8404773809134859,11
2025-05-12,PYPL,0,0.03453644354672653,11
2025-05-12,SPY,0,8.648795925912645e-05,11
2025-05-12,ZM,0,0.16942251478555084,11
2025-05-13,AAPL,0,0.02332473784345449,11
2025-05-13,AMZN,0,0.0009174874920156857,11
2025-05-13,GOOGL,0,0.004628694779329683,11
2025-05-13,INTC,0,0.8845623698264871,11
2025-05-13,MSFT,0,0.00011094217025878843,11
2025-05-13,NVDA,0,0.005415907181744097,11
2025-05-13,PFE,0,0.9392812597264315,11
2025-05-13,PYPL,0,0.020957815519027624,11
2025-05-13,SPY,0,4.3713900464100406e-05,11
2025-05-13,ZM,0,0.26736251238736963,11
2025-05-14,AAPL,0,0.014891706001996508,11
2025-05-14,AMZN,0,0.0023532401974071114,11
2025-05-14,GOOGL,0,0.014548533869391278,11
2025-05-14,INTC,0,0.9713864408919445,11
2025-05-14,MSFT,0,7.325084604098238e-05,11
2025-05-14,NVDA,0,0.010672290173836953,11
2025-05-14,PFE,0,0.9707845144197973,11
2025-05-14,PYPL,0,0.017153407763820946,11
2025-05-14,SPY,0,1.9692007271855953e-05,11
2025-05-14,ZM,0,0.0775708670210625,11
2025-05-15,AAPL,0,0.0317458126573997,11
2025-05-15,AMZN,0,0.008974820694714142,11
2025-05-15,GOOGL,0,0.009165585059994071,11
2025-05-15,INTC,0,0.8859447781531785,11
2025-05-15,MSFT,0,5.8717836721651675e-05,11
2025-05-15,NVDA,0,0.11148728335391325,11
2025-05-15,PFE,0,0.9598261268977536,11
2025-05-15,PYPL,0,0.188687940424358,11
2025-05-15,SPY,0,0.00013666527777697233,11
2025-05-15,ZM,0,0.5903917006995963,11
2025-05-16,AAPL,0,0.03481702543232354,11
2025-05-16,AMZN,0,0.004782966843252931,11
2025-05-16,GOOGL,0,0.053755222679498116,11
2025-05-16,INTC,0,0.9212453310989344,11
2025-05-16,MSFT,0,8.873160684657692e-05,11
2025-05-16,NVDA,0,0.3526865670641766,11
2025-05-16,PFE,0,0.9568993821027006,11
2025-05-16,PYPL,0,0.09776995463794579,11
2025-05-16,SPY,0,0.00011030163463433346,11
2025-05-16,ZM,0,0.5025597558629368,11
2025-05-19,AAPL,0,0.3678158231672516,11
2025-05-19,AMZN,0,0.003395424278141015,11
2025-05-19,GOOGL,0,0.020456542536541538,11
2025-05-19,INTC,0,0.9030812477805498,11
2025-05-19,MSFT,0,8.098270642681393e-05,11
2025-05-19,NVDA,0,0.02891601232988865,11
2025-05-19,PFE,0,0.9583747353657327,11
2025-05-19,PYPL,0,0.03375842460499592,11
2025-05-19,SPY,0,2.5933432955899767e-05,11
2025-05-19,ZM,0,0.35175318811810097,11
2025-05-20,AAPL,0,0.6092985826625443,11
2025-05-20,AMZN,0,0.010518992631770065,11
2025-05-20,GOOGL,1,0.22242259642530052,11
2025-05-20,INTC,0,0.8940563855540355,11
2025-05-20,MSFT,0,0.00010081756368338391,11
2025-05-20,NVDA,0,0.25802390986512985,11
2025-05-20,PFE,0,0.9573781592481775,11
2025-05-20,PYPL,0,0.020746782072461264,11
2025-05-20,SPY,0,0.0006070993659343152,11
2025-05-20,ZM,0,0.4593599907018984,11
2025-05-21,AAPL,0,0.5734627806020856,11
2025-05-21,AMZN,0,0.3935822389450554,11
2025-05-21,GOOGL,0,0.05875976664005988,11
2025-05-21,INTC,0,0.9574839564251548,11
2025-05-21,MSFT,0,0.0003847793606794038,11
2025-05-21,NVDA,1,0.46404845439834486,11
2025-05-21,PFE,0,0.9634183640175052,11
2025-05-21,PYPL,0,0.087523516727808,11
2025-05-21,SPY,0,0.001703149822371851,11
2025-05-21,ZM,0,0.25896028858251713,11
2025-05-22,AAPL,0,0.6065935674414036,11
2025-05-22,AMZN,0,0.6998283510714994,11
2025-05-22,GOOGL,0,0.04444802869603885,11
2025-05-22,INTC,0,0.9533403935229248,11
2025-05-22,MSFT,0,0.00014757657049931412,11
2025-05-22,NVDA,1,0.1829162889854556,11
2025-05-22,PFE,0,0.9725885580514055,11
2025-05-22,PYPL,0,0.0856321641808333,11
2025-05-22,SPY,0,0.0012771950972515892,11
2025-05-22,ZM,0,0.1377260631121436,11
2025-05-23,AAPL,0,0.41687595279914824,11
2025-05-23,AMZN,0,0.16264125716037295,11
2025-05-23,GOOGL,0,0.2347204904509542,11
2025-05-23,INTC,0,0.9028939425692059,11
2025-05-23,MSFT,0,0.001955174935087944,11
2025-05-23,NVDA,1,0.15799792382459493,11
2025-05-23,PFE,0,0.9495639160846951,11
2025-05-23,PYPL,0,0.3000657647431761,11
2025-05-23,SPY,0,0.0022924791346814136,11
2025-05-23,ZM,0,0.44023244130385386,11
2025-05-27,AAPL,0,0.3434977854543721,11
2025-05-27,AMZN,0,0.020989814870976908,11
2025-05-27,GOOGL,0,0.029917066706973805,11
2025-05-27,INTC,0,0.9532610087917442,11
2025-05-27,MSFT,0,0.0004648227267033657,11
2025-05-27,NVDA,0,0.21529812535966733,11
2025-05-27,PFE,0,0.9211272764517869,11
2025-05-27,PYPL,0,0.31575472508155744,11
2025-05-27,SPY,0,0.0011196008421287258,11
2025-05-27,ZM,0,0.5778154916688388,11
2025-05-28,AAPL,0,0.06197892547029405,11
2025-05-28,AMZN,0,0.25781792935137465,11
2025-05-28,GOOGL,0,0.004368939263942449,11
2025-05-28,INTC,0,0.956918256869119,11
2025-05-28,MSFT,0,0.00020256165689419377,11
2025-05-28,NVDA,0,0.30000193198821046,11
2025-05-28,PFE,0,0.9183247772172565,11
2025-05-28,PYPL,0,0.3995101767830297,11
2025-05-28,SPY,0,0.0005336639815988685,11
2025-05-28,ZM,0,0.2532279226364614,11
2025-05-29,AAPL,0,0.6525359984314378,11
2025-05-29,AMZN,0,0.18857891296558452,11
2025-05-29,GOOGL,0,0.011305523800493864,11
2025-05-29,INTC,0,0.9419019732083675,11
2025-05-29,MSFT,0,0.00012596490138622196,11
2025-05-29,NVDA,0,0.10829218773386581,11
2025-05-29,PFE,0,0.8989786577260654,11
2025-05-29,PYPL,0,0.33692256101915324,11
2025-05-29,SPY,0,0.0006059113809937128,11
2025-05-29,ZM,0,0.3226374474346881,11
2025-05-30,AAPL,0,0.5563985794599072,11
2025-05-30,AMZN,0,0.24716489689185508,11
2025-05-30,GOOGL,0,0.0026728907283435823,11
2025-05-30,INTC,0,0.9420839917301225,11
2025-05-30,MSFT,0,0.00022263022870654223,11
2025-05-30,NVDA,0,0.2506320521978434,11
2025-05-30,PFE,0,0.8820498784161821,11
2025-05-30,PYPL,0,0.7760176744629387,11
2025-05-30,SPY,0,0.0005948089243018454,11
2025-05-30,ZM,0,0.2981842759709133,11
2025-06-02,AAPL,0,0.13515687191411085,11
2025-06-02,AMZN,0,0.3932303591120092,11
2025-06-02,GOOGL,0,0.03324036386345778,11
2025-06-02,INTC,0,0.8394235590287179,11
2025-06-02,MSFT,0,0.0012202741107592483,11
2025-06-02,NVDA,0,0.17171106688070506,11
2025-06-02,PFE,0,0.8733941805706236,11
2025-06-02,PYPL,0,0.5276382829489767,11
2025-06-02,SPY,0,0.0015706018892861703,11
2025-06-02,ZM,0,0.3335359528692654,11
2025-06-03,AAPL,0,0.16283612138355685,11
2025-06-03,AMZN,0,0.2042693523253014,11
2025-06-03,GOOGL,1,0.029186378077462046,11
2025-06-03,INTC,1,0.9549705730298041,11
2025-06-03,MSFT,0,0.005006689981104589,11
2025-06-03,NVDA,0,0.06873800203067233,11
2025-06-03,PFE,0,0.8751611040594447,11
2025-06-03,PYPL,0,0.5380802385837821,11
2025-06-03,SPY,0,0.004701295563929546,11
2025-06-03,ZM,0,0.35296307616049283,11
2025-06-04,AAPL,0,0.36791524448544216,11
2025-06-04,AMZN,0,0.39260230170787536,11
2025-06-04,GOOGL,1,0.19639027265257553,11
2025-06-04,INTC,1,0.5942462481750531,11
2025-06-04,MSFT,0,0.005884837084347075,11
2025-06-04,NVDA,0,0.033597418002902765,11
2025-06-04,PFE,0,0.6235636123696382,11
2025-06-04,PYPL,0,0.16998637041008163,11
2025-06-04,SPY,0,0.011489971040308907,11
2025-06-04,ZM,0,0.21705275632004606,11
2025-06-05,AAPL,0,0.39199399469723945,11
2025-06-05,AMZN,0,0.0481073559752232,11
2025-06-05,GOOGL,1,0.018884769636929387,11
2025-06-05,INTC,1,0.6259888213687941,11
2025-06-05,MSFT,0,0.01190428229174685,11
2025-06-05,NVDA,0,0.04086996778279228,11
2025-06-05,PFE,1,0.6223892029513586,11
2025-06-05,PYPL,0,0.1768635837242516,11
2025-06-05,SPY,0,0.00611297300237997,11
2025-06-05,ZM,0,0.1191104834383276,11
2025-06-06,AAPL,0,0.23254878242806878,11
2025-06-06,AMZN,0,0.3500439499769862,11
2025-06-06,GOOGL,0,0.05456754769978417,11
2025-06-06,INTC,1,0.5598681423050103,11
2025-06-06,MSFT,0,0.009081600226534993,11
2025-06-06,NVDA,0,0.030093272732262005,11
2025-06-06,PFE,1,0.5344705700982559,11
2025-06-06,PYPL,0,0.07109392194259181,11
2025-06-06,SPY,0,0.009755456820679981,11
2025-06-06,ZM,0,0.31401335789323265,11
2025-06-09,AAPL,0,0.552452129432041,11
2025-06-09,AMZN,0,0.38849667934154536,11
2025-06-09,GOOGL,0,0.01240818704242131,11
2025-06-09,INTC,1,0.6955831999957426,11
2025-06-09,MSFT,0,0.0046842507545594705,11
2025-06-09,NVDA,0,0.06649429081751496,11
2025-06-09,PFE,0,0.7707857396352643,11
2025-06-09,PYPL,0,0.04376023298772142,11
2025-06-09,SPY,0,0.01199928514500941,11
2025-06-09,ZM,0,0.21241550763946443,11
2025-06-10,AAPL,0,0.344297771522276,11
2025-06-10,AMZN,0,0.01694432686301838,11
2025-06-10,GOOGL,0,0.10133832479514009,11
2025-06-10,INTC,0,0.8340552782728089,11
2025-06-10,MSFT,0,0.0017536586801349362,11
2025-06-10,NVDA,0,0.03977878873948206,11
2025-06-10,PFE,0,0.8352544536548716,11
2025-06-10,PYPL,0,0.6629818580716323,11
2025-06-10,SPY,0,0.001967179884886661,11
2025-06-10,ZM,0,0.3909536967972048,11
2025-06-11,AAPL,0,0.6887810546489739,11
2025-06-11,AMZN,0,0.1111012394357846,11
2025-06-11,GOOGL,0,0.02401923032880068,11
2025-06-11,INTC,0,0.901229565341626,11
2025-06-11,MSFT,0,0.00012979719327133718,11
2025-06-11,NVDA,0,0.18367174905750433,11
2025-06-11,PFE,0,0.8248078413381618,11
2025-06-11,PYPL,0,0.2063913009780431,11
2025-06-11,SPY,0,0.0003798589968712944,11
2025-06-11,ZM,0,0.5207844654248466,11
2025-06-12,AAPL,0,0.3699901483994693,11
2025-06-12,AMZN,0,0.09959701656927619,11
2025-06-12,GOOGL,0,0.17443717889892443,11
2025-06-12,INTC,0,0.9407935706495908,11
2025-06-12,MSFT,0,0.00012489698203124885,11
2025-06-12,NVDA,0,0.1377595811764705,11
2025-06-12,PFE,0,0.7444924130065388,11
2025-06-12,PYPL,0,0.03757722212282332,11
2025-06-12,SPY,0,0.00023455120400984238,11
2025-06-12,ZM,0,0.4274806598460102,11
2025-06-13,AAPL,0,0.6535397428526571,11
2025-06-13,AMZN,0,0.028843943266400208,11
2025-06-13,GOOGL,0,0.13925949553751002,11
2025-06-13,INTC,1,0.9489475250055402,11
2025-06-13,MSFT,0,0.00023194971999937418,11
2025-06-13,NVDA,0,0.1865070169894699,11
2025-06-13,PFE,0,0.8432345470486681,11
2025-06-13,PYPL,0,0.4865790562439595,11
2025-06-13,SPY,0,0.0017978531881864125,11
2025-06-13,ZM,0,0.5062621691685381,11
2025-06-16,AAPL,0,0.5328349778780791,11
2025-06-16,AMZN,0,0.13651620874730724,11
2025-06-16,GOOGL,0,0.23085801629113217,11
2025-06-16,INTC,1,0.9394435158420692,11
2025-06-16,MSFT,0,0.00022194373299074124,11
2025-06-16,NVDA,0,0.10219488149014011,11
2025-06-16,PFE,0,0.8791149817275838,11
2025-06-16,PYPL,0,0.30332754043416377,11
2025-06-16,SPY,0,0.0013757236564528705,11
2025-06-16,ZM,0,0.44970371066177856,11
2025-06-17,AAPL,0,0.6185237539245338,11
2025-06-17,AMZN,0,0.10042366240668767,11
2025-06-17,GOOGL,0,0.09194612578368136,11
2025-06-17,INTC,1,0.9010367973585961,11
2025-06-17,MSFT,0,0.0004171057372769825,11
2025-06-17,NVDA,1,0.07123552393670357,11
2025-06-17,PFE,0,0.8181713129021858,11
2025-06-17,PYPL,0,0.5695376291805344,11
2025-06-17,SPY,0,0.0017175612447069746,11
2025-06-17,ZM,0,0.38094269596945624,11
2025-06-18,AAPL,0,0.5238173295290136,11
2025-06-18,AMZN,0,0.170349345165869,11
2025-06-18,GOOGL,0,0.14080415777914115,11
2025-06-18,INTC,0,0.8825192759483705,11
2025-06-18,MSFT,0,0.00047322256196679035,11
2025-06-18,NVDA,1,0.09440399973735679,11
2025-06-18,PFE,0,0.8520379006998215,11
2025-06-18,PYPL,1,0.6274286675265536,11
2025-06-18,SPY,0,0.002090990532845438,11
2025-06-18,ZM,0,0.32615889545682697,11
2025-06-20,AAPL,0,0.3194091546420294,11
2025-06-20,AMZN,0,0.17482514700734025,11
2025-06-20,GOOGL,1,0.15650473959415095,11
2025-06-20,INTC,1,0.916448248185084,11
2025-06-20,MSFT,0,0.00022956601249026366,11
2025-06-20,NVDA,1,0.10914674347065105,11
2025-06-20,PFE,0,0.8070617751736752,11
2025-06-20,PYPL,0,0.06569308283289277,11
2025-06-20,SPY,0,0.0012650421587362046,11
2025-06-20,ZM,0,0.3729459786182898,11
2025-06-23,AAPL,0,0.3889394429118747,11
2025-06-23,AMZN,1,0.6322379525545805,11
2025-06-23,GOOGL,1,0.28919809026317184,11
2025-06-23,INTC,1,0.8856844170388641,11
2025-06-23,MSFT,0,0.0002062228380036181,11
2025-06-23,NVDA,1,0.07404980304948254,11
2025-06-23,PFE,0,0.9119608959828813,11
2025-06-23,PYPL,0,0.1547220320914368,11
2025-06-23,SPY,0,0.0017492347143447736,11
2025-06-23,ZM,0,0.3515027045341173,11
2025-06-24,AAPL,0,0.5571806167016947,11
2025-06-24,AMZN,0,0.2966649371206289,11
2025-06-24,GOOGL,1,0.24686423832419474,11
2025-06-24,INTC,0,0.9185378453385633,11
2025-06-24,MSFT,0,0.00013763791652867684,11
2025-06-24,NVDA,1,0.10162021274615383,11
2025-06-24,PFE,0,0.8541723437164851,11
2025-06-24,PYPL,0,0.07487696253485414,11
2025-06-24,SPY,0,0.0027720629020091063,11
2025-06-24,ZM,0,0.4245532456291577,11
2025-06-25,AAPL,0,0.4878335992312016,11
2025-06-25,AMZN,0,0.18000591278388445,11
2025-06-25,GOOGL,0,0.16937408092253295,11
2025-06-25,INTC,0,0.8847923070214448,11
2025-06-25,MSFT,0,0.0001309394904241708,11
2025-06-25,NVDA,0,0.0063030474972563845,11
2025-06-25,PFE,0,0.8661156633064085,11
2025-06-25,PYPL,0,0.5181956528668465,11
2025-06-25,SPY,0,0.0011773841877708595,11
2025-06-25,ZM,0,0.14028129507176382,11
2025-06-26,AAPL,0,0.6057247880453086,11
2025-06-26,AMZN,0,0.27366668892706236,11
2025-06-26,GOOGL,0,0.15265633755977914,11
2025-06-26,INTC,0,0.8159479711697817,11
2025-06-26,MSFT,0,0.00037835854830822735,11
2025-06-26,NVDA,0,0.00910403007769129,11
2025-06-26,PFE,0,0.8886376590671544,11
2025-06-26,PYPL,0,0.313825060519024,11
2025-06-26,SPY,0,0.0008370816933006862,11
2025-06-26,ZM,0,0.09284140806649525,11
2025-06-27,AAPL,1,0.2732304886219175,11
2025-06-27,AMZN,0,0.40842583435444874,11
2025-06-27,GOOGL,0,0.2106363710431352,11
2025-06-27,INTC,0,0.8759011957262304,11
2025-06-27,MSFT,0,0.00027754083951982,11
2025-06-27,NVDA,0,0.019884819998161978,11
2025-06-27,PFE,0,0.8551899978439886,11
2025-06-27,PYPL,0,0.5851443647657039,11
2025-06-27,SPY,0,0.0021133120799602012,11
2025-06-27,ZM,0,0.33645086879135405,11
2025-06-30,AAPL,0,0.3464861692449157,11
2025-06-30,AMZN,0,0.5649174788620628,11
2025-06-30,GOOGL,0,0.5934997219349759,11
2025-06-30,INTC,0,0.8869681896990006,11
2025-06-30,MSFT,0,0.00015560883828408291,11
2025-06-30,NVDA,0,0.003707866382633301,11
2025-06-30,PFE,1,0.8109665502418778,11
2025-06-30,PYPL,0,0.3503742366351407,11
2025-06-30,SPY,0,0.0022681553541492204,11
2025-06-30,ZM,0,0.3307936579705089,11
2025-07-01,AAPL,0,0.0656011134155516,12
2025-07-01,AMZN,0,0.28601144623080915,12
2025-07-01,GOOGL,0,0.4082685231953404,12
2025-07-01,INTC,0,0.41510093257771097,12
2025-07-01,MSFT,0,0.00031807192536481045,12
2025-07-01,NVDA,1,0.09817607654889797,12
2025-07-01,PFE,0,0.504460343031746,12
2025-07-01,PYPL,0,0.490938663927287,12
2025-07-01,SPY,0,0.002947857332933994,12
2025-07-01,ZM,0,0.27617003268585777,12
2025-07-02,AAPL,0,0.007570806569348636,12
2025-07-02,AMZN,0,0.023392189819959885,12
2025-07-02,GOOGL,0,0.056104271100211614,12
2025-07-02,INTC,1,0.20772064175052132,12
2025-07-02,MSFT,0,0.0004891681707818865,12
2025-07-02,NVDA,0,0.009171409565260535,12
2025-07-02,PFE,0,0.5646337799393139,12
2025-07-02,PYPL,0,0.4336977649190658,12
2025-07-02,SPY,0,0.0001660215438745839,12
2025-07-02,ZM,0,0.399105289996901,12
2025-07-03,AAPL,0,0.006686574667902753,12
2025-07-03,AMZN,0,0.08616038854757521,12
2025-07-03,GOOGL,0,0.011148697310293025,12
2025-07-03,INTC,1,0.25433898773045105,12
2025-07-03,MSFT,0,0.001055776842214647,12
2025-07-03,NVDA,0,0.01331659649909099,12
2025-07-03,PFE,0,0.663601736562834,12
2025-07-03,PYPL,0,0.38970456492896033,12
2025-07-03,SPY,0,0.000260846262040177,12
2025-07-03,ZM,0,0.17583242770129906,12
2025-07-07,AAPL,0,0.00869203922143102,12
2025-07-07,AMZN,0,0.046678213279096485,12
2025-07-07,GOOGL,0,0.09390583084398454,12
2025-07-07,INTC,1,0.36217576827230774,12
2025-07-07,MSFT,0,0.00019235065284663077,12
2025-07-07,NVDA,1,0.0079800353799567,12
2025-07-07,PFE,0,0.5944024591102937,12
2025-07-07,PYPL,0,0.6934817419211208,12
2025-07-07,SPY,0,9.965181528998031e-05,12
2025-07-07,ZM,0,0.3831034313017667,12
2025-07-08,AAPL,0,0.00445860724595059,12
2025-07-08,AMZN,0,0.5541098037722383,12
2025-07-08,GOOGL,0,0.10271633637754694,12
2025-07-08,INTC,0,0.17435377830726786,12
2025-07-08,MSFT,0,0.00042154424478453475,12
2025-07-08,NVDA,1,0.04641955446920489,12
2025-07-08,PFE,0,0.26844419345845966,12
2025-07-08,PYPL,0,0.5849222940644404,12
2025-07-08,SPY,0,0.00015220496910552935,12
2025-07-08,ZM,0,0.41954871618267614,12
2025-07-09,AAPL,0,0.01651390695844497,12
2025-07-09,AMZN,0,0.08219622869685468,12
2025-07-09,GOOGL,0,0.06371104073644501,12
2025-07-09,INTC,0,0.0461960644596786,12
2025-07-09,MSFT,0,0.00034766154365330757,12
2025-07-09,NVDA,0,0.022731449963389723,12
2025-07-09,PFE,0,0.07206009033058931,12
2025-07-09,PYPL,0,0.31296999233573114,12
2025-07-09,SPY,0,0.0002530991483280496,12
2025-07-09,ZM,0,0.45440945883050626,12
2025-07-10,AAPL,0,0.01812879406149498,12
2025-07-10,AMZN,0,0.030172589562807575,12
2025-07-10,GOOGL,0,0.012754534545545993,12
2025-07-10,INTC,0,0.06373534316468966,12
2025-07-10,MSFT,0,0.0003051190860843792,12
2025-07-10,NVDA,1,0.014896259650888786,12
2025-07-10,PFE,0,0.0017986172630292101,12
2025-07-10,PYPL,0,0.3797584859271412,12
2025-07-10,SPY,0,0.00021835638700993878,12
2025-07-10,ZM,0,0.6586155800695347,12
2025-07-11,AAPL,0,0.0039763162347197095,12
2025-07-11,AMZN,0,0.0058691218164008165,12
2025-07-11,GOOGL,0,0.007138109892995088,12
2025-07-11,INTC,0,0.10384239584683189,12
2025-07-11,MSFT,0,0.00017372863573697123,12
2025-07-11,NVDA,0,0.012668657391969542,12
2025-07-11,PFE,0,0.00606647467017446,12
2025-07-11,PYPL,0,0.6575015569674648,12
2025-07-11,SPY,0,0.0004103021362216153,12
2025-07-11,ZM,0,0.35711103698850827,12
2025-07-14,AAPL,0,0.4029140831931008,12
2025-07-14,AMZN,0,0.0015498838784632782,12
2025-07-14,GOOGL,0,0.004769865370320043,12
2025-07-14,INTC,0,0.04350940333010367,12
2025-07-14,MSFT,0,0.00026533958473175457,12
2025-07-14,NVDA,0,0.0229212537513054,12
2025-07-14,PFE,0,0.007768842496359176,12
2025-07-14,PYPL,0,0.32236447536682994,12
2025-07-14,SPY,0,0.00025240890072787496,12
2025-07-14,ZM,0,0.1251287123751372,12
2025-07-15,AAPL,0,0.09900347640113556,12
2025-07-15,AMZN,0,0.0031871332059223,12
2025-07-15,GOOGL,0,0.003431688305958285,12
2025-07-15,INTC,0,0.16370817057320203,12
2025-07-15,MSFT,0,0.0002769629057514833,12
2025-07-15,NVDA,0,0.01641965676502102,12
2025-07-15,PFE,0,0.3238368858791015,12
2025-07-15,PYPL,0,0.5922905658744703,12
2025-07-15,SPY,0,0.0001076685848384491,12
2025-07-15,ZM,0,0.14973278210819202,12
2025-07-16,AAPL,0,0.1147171563886727,12
2025-07-16,AMZN,0,0.04033861317819077,12
2025-07-16,GOOGL,0,0.00392050078393018,12
2025-07-16,INTC,0,0.6113162760716774,12
2025-07-16,MSFT,0,0.001697187532874531,12
2025-07-16,NVDA,0,0.014366163995196088,12
2025-07-16,PFE,0,0.03939110279474007,12
2025-07-16,PYPL,0,0.5571481821692249,12
2025-07-16,SPY,0,0.00027366912929790917,12
2025-07-16,ZM,0,0.3011879060911454,12
2025-07-17,AAPL,0,0.012071684002877453,12
2025-07-17,AMZN,0,0.018790424499335767,12
2025-07-17,GOOGL,1,0.015231596941694462,12
2025-07-17,INTC,0,0.3311728571076242,12
2025-07-17,MSFT,0,0.001246049877595483,12
2025-07-17,NVDA,0,0.04911974396123787,12
2025-07-17,PFE,0,0.01584224047474325,12
2025-07-17,PYPL,1,0.12401061584140764,12
2025-07-17,SPY,0,0.0002177747759843537,12
2025-07-17,ZM,0,0.062276625240532055,12
2025-07-18,AAPL,0,0.004041934528200927,12
2025-07-18,AMZN,0,0.017154835395318445,12
2025-07-18,GOOGL,1,0.046846977385171996,12
2025-07-18,INTC,0,0.2150092943828311,12
2025-07-18,MSFT,0,0.0021075572104046173,12
2025-07-18,NVDA,0,0.038231511488451095,12
2025-07-18,PFE,0,0.0338038559782454,12
2025-07-18,PYPL,1,0.09992930537881337,12
2025-07-18,SPY,0,0.002297749432663558,12
2025-07-18,ZM,0,0.05901967442092033,12
2025-07-21,AAPL,0,0.2003027538421265,12
2025-07-21,AMZN,0,0.058415244650856166,12
2025-07-21,GOOGL,0,0.010923896673881776,12
2025-07-21,INTC,0,0.5685940450786464,12
2025-07-21,MSFT,0,0.00304931020749325,12
2025-07-21,NVDA,0,0.15076941137690852,12
2025-07-21,PFE,1,0.04398184381370938,12
2025-07-21,PYPL,1,0.1637203003067605,12
2025-07-21,SPY,0,0.0033495809819017027,12
2025-07-21,ZM,0,0.14795600385865515,12
2025-07-22,AAPL,0,0.2931836225862391,12
2025-07-22,AMZN,0,0.0689475586747088,12
2025-07-22,GOOGL,0,0.14177711659081474,12
2025-07-22,INTC,0,0.45997428362537784,12
2025-07-22,MSFT,0,0.0022463403602564747,12
2025-07-22,NVDA,1,0.1599144515045967,12
2025-07-22,PFE,0,0.0564844963321522,12
2025-07-22,PYPL,0,0.109025062650481,12
2025-07-22,SPY,0,0.0014011012280285787,12
2025-07-22,ZM,0,0.08352926829735213,12
2025-07-23,AAPL,0,0.07591943939837734,12
2025-07-23,AMZN,0,0.03676059273985359,12
2025-07-23,GOOGL,0,0.024187916685300594,12
2025-07-23,INTC,0,0.33022987562345074,12
2025-07-23,MSFT,0,0.001518068120206463,12
2025-07-23,NVDA,1,0.4882703196042861,12
2025-07-23,PFE,0,0.018054571501937646,12
2025-07-23,PYPL,0,0.1455109337456634,12
2025-07-23,SPY,0,0.0016243074561814775,12
2025-07-23,ZM,0,0.1784518950440799,12
2025-07-24,AAPL,0,0.17479092711027974,12
2025-07-24,AMZN,0,0.09472646525563538,12
2025-07-24,GOOGL,0,0.22091309544871093,12
2025-07-24,INTC,0,0.5465491140519645,12
2025-07-24,MSFT,1,0.0011359173531078186,12
2025-07-24,NVDA,1,0.23472592930462977,12
2025-07-24,PFE,0,0.021371531140541158,12
2025-07-24,PYPL,0,0.15082386029529132,12
2025-07-24,SPY,0,0.0019973592581567314,12
2025-07-24,ZM,0,0.14209527628698104,12
2025-07-25,AAPL,0,0.16650736581421213,12
2025-07-25,AMZN,0,0.04247650152590012,12
2025-07-25,GOOGL,0,0.06107650818620936,12
2025-07-25,INTC,0,0.5704245554609227,12
2025-07-25,MSFT,1,0.0001367217294354986,12
2025-07-25,NVDA,0,0.004146181859445615,12
2025-07-25,PFE,0,0.026374230997056356,12
2025-07-25,PYPL,0,0.13516150972472166,12
2025-07-25,SPY,0,0.0003290204397195161,12
2025-07-25,ZM,0,0.19315963957403692,12
2025-07-28,AAPL,0,0.11124662226699777,12
2025-07-28,AMZN,0,0.003360842006677338,12
2025-07-28,GOOGL,0,0.024712003528262805,12
2025-07-28,INTC,0,0.4403740246562555,12
2025-07-28,MSFT,1,0.0001452235580188205,12
2025-07-28,NVDA,0,0.021076858297979298,12
2025-07-28,PFE,0,0.05760582198306517,12
2025-07-28,PYPL,0,0.1647943649673926,12
2025-07-28,SPY,0,0.002592658183587208,12
2025-07-28,ZM,0,0.271706932962422,12
2025-07-29,AAPL,0,0.5732390471081239,12
2025-07-29,AMZN,0,0.025341676334288046,12
2025-07-29,GOOGL,0,0.016919280145667577,12
2025-07-29,INTC,0,0.860794767419269,12
2025-07-29,MSFT,1,0.0010954525357567018,12
2025-07-29,NVDA,0,0.009520509632874178,12
2025-07-29,PFE,0,0.06447340549657771,12
2025-07-29,PYPL,0,0.4694392130122579,12
2025-07-29,SPY,0,0.0001461659618941971,12
2025-07-29,ZM,0,0.3158308261924637,12
2025-07-30,AAPL,0,0.6791993147559705,12
2025-07-30,AMZN,0,0.020252155711227408,12
2025-07-30,GOOGL,0,0.007813981622887045,12
2025-07-30,INTC,0,0.4071985476596102,12
2025-07-30,MSFT,1,0.00022631855090776834,12
2025-07-30,NVDA,0,0.10266273488589556,12
2025-07-30,PFE,0,0.15575919389540396,12
2025-07-30,PYPL,0,0.33826154098953803,12
2025-07-30,SPY,0,0.0007188362497830283,12
2025-07-30,ZM,0,0.47892396512905133,12
2025-07-31,AAPL,0,0.6075233781955947,12
2025-07-31,AMZN,0,0.033360787516831567,12
2025-07-31,GOOGL,0,0.041673069918655783,12
2025-07-31,INTC,0,0.4498925802150412,12
2025-07-31,MSFT,0,0.00027442083441103863,12
2025-07-31,NVDA,0,0.020978531095891016,12
2025-07-31,PFE,0,0.2091526854652189,12
2025-07-31,PYPL,0,0.49561390401175065,12
2025-07-31,SPY,0,0.0036650503103273966,12
2025-07-31,ZM,0,0.523896943025741,12
2025-08-01,AAPL,1,0.45683028101394335,12
2025-08-01,AMZN,0,0.07329509265613778,12
2025-08-01,GOOGL,0,0.3567863812701205,12
2025-08-01,INTC,0,0.06580157016692549,12
2025-08-01,MSFT,0,0.0010865321426931922,12
2025-08-01,NVDA,0,0.12265388403236306,12
2025-08-01,PFE,0,0.052344271062985816,12
2025-08-01,PYPL,0,0.34183278024162983,12
2025-08-01,SPY,0,0.0006675774039258497,12
2025-08-01,ZM,0,0.5869358049173595,12
2025-08-04,AAPL,1,0.05230004213742545,12
2025-08-04,AMZN,0,0.1574080362196121,12
2025-08-04,GOOGL,0,0.03572055963012045,12
2025-08-04,INTC,1,0.1336581411909355,12
2025-08-04,MSFT,0,0.000528117491465781,12
2025-08-04,NVDA,0,0.055395522908079343,12
2025-08-04,PFE,0,0.026288852448774137,12
2025-08-04,PYPL,0,0.38230328427527793,12
2025-08-04,SPY,0,0.0006323368350885293,12
2025-08-04,ZM,0,0.1711497360461065,12
2025-08-05,AAPL,1,0.06947832292214115,12
2025-08-05,AMZN,0,0.031354951286590875,12
2025-08-05,GOOGL,0,0.04637901410384407,12
2025-08-05,INTC,0,0.48499893460053806,12
2025-08-05,MSFT,0,0.001122161748249298,12
2025-08-05,NVDA,0,0.26236992318155805,12
2025-08-05,PFE,0,0.02550704961163909,12
2025-08-05,PYPL,0,0.6018261022505665,12
2025-08-05,SPY,0,0.0009698068397033076,12
2025-08-05,ZM,0,0.18784936049320886,12
2025-08-06,AAPL,1,0.06413219270140615,12
2025-08-06,AMZN,0,0.017076679010244615,12
2025-08-06,GOOGL,0,0.10070918180106414,12
2025-08-06,INTC,1,0.6607469158139433,12
2025-08-06,MSFT,0,0.0005465422073155075,12
2025-08-06,NVDA,0,0.15074071515182866,12
2025-08-06,PFE,0,0.3739072516239658,12
2025-08-06,PYPL,0,0.4202672986767214,12
2025-08-06,SPY,0,0.0008266332757296292,12
2025-08-06,ZM,0,0.40960492968428724,12
2025-08-07,AAPL,0,0.13515984714780926,12
2025-08-07,AMZN,0,0.0512783467560499,12
2025-08-07,GOOGL,0,0.11809531175468765,12
2025-08-07,INTC,1,0.7303285001712656,12
2025-08-07,MSFT,0,0.00043531732963396705,12
2025-08-07,NVDA,0,0.017528401792691894,12
2025-08-07,PFE,0,0.015559897684507235,12
2025-08-07,PYPL,0,0.6290165198603777,12
2025-08-07,SPY,0,0.0011819498205546816,12
2025-08-07,ZM,0,0.320843814315973,12
2025-08-08,AAPL,0,0.0314892973380224,12
2025-08-08,AMZN,0,0.02690386855281176,12
2025-08-08,GOOGL,0,0.06797199748016265,12
2025-08-08,INTC,1,0.4257639002371345,12
2025-08-08,MSFT,0,0.0008578590356175245,12
2025-08-08,NVDA,0,0.046864330222374226,12
2025-08-08,PFE,0,0.1067242607299486,12
2025-08-08,PYPL,0,0.6973408220931601,12
2025-08-08,SPY,0,0.000562823203751497,12
2025-08-08,ZM,0,0.11671618203217618,12
2025-08-11,AAPL,0,0.08257682778426685,12
2025-08-11,AMZN,0,0.03813723316511479,12
2025-08-11,GOOGL,0,0.060518880005445815,12
2025-08-11,INTC,1,0.7026586400650671,12
2025-08-11,MSFT,0,0.0009610259881939896,12
2025-08-11,NVDA,0,0.0018152789310261308,12
2025-08-11,PFE,0,0.0643778779723381,12
2025-08-11,PYPL,0,0.6209627740750785,12
2025-08-11,SPY,0,0.0011298051523909206,12
2025-08-11,ZM,0,0.2670095305126549,12
2025-08-12,AAPL,0,0.09692938185967456,12
2025-08-12,AMZN,0,0.19236425444325514,12
2025-08-12,GOOGL,0,0.01619574624102714,12
2025-08-12,INTC,1,0.3921592364961644,12
2025-08-12,MSFT,0,0.0008989484861336532,12
2025-08-12,NVDA,0,0.009363569226628786,12
2025-08-12,PFE,0,0.06763086654916046,12
2025-08-12,PYPL,0,0.3249427659965495,12
2025-08-12,SPY,0,0.0009635867097465068,12
2025-08-12,ZM,0,0.06336743801798149,12
2025-08-13,AAPL,0,0.017940975559531686,12
2025-08-13,AMZN,0,0.0981740693554973,12
2025-08-13,GOOGL,0,0.15273777594182336,12
2025-08-13,INTC,1,0.41071161211757456,12
2025-08-13,MSFT,0,0.002019820251664213,12
2025-08-13,NVDA,0,0.028485116183973813,12
2025-08-13,PFE,0,0.07131855504316077,12
2025-08-13,PYPL,0,0.6610713243952174,12
2025-08-13,SPY,0,0.0009513167977381386,12
2025-08-13,ZM,0,0.22338997312958064,12
2025-08-14,AAPL,0,0.010799716370806314,12
2025-08-14,AMZN,0,0.3523134364533833,12
2025-08-14,GOOGL,0,0.13629007744265387,12
2025-08-14,INTC,1,0.0839201823866507,12
2025-08-14,MSFT,0,0.0006488085389120005,12
2025-08-14,NVDA,0,0.029081225993297932,12
2025-08-14,PFE,0,0.040936234580861514,12
2025-08-14,PYPL,0,0.5087205177707018,12
2025-08-14,SPY,0,0.0005532272970156992,12
2025-08-14,ZM,0,0.5844361784494132,12
2025-08-15,AAPL,0,0.026585432083540167,12
2025-08-15,AMZN,0,0.04432712473527464,12
2025-08-15,GOOGL,0,0.02998682944830115,12
2025-08-15,INTC,0,0.10549121993171459,12
2025-08-15,MSFT,0,0.0011492403755668874,12
2025-08-15,NVDA,0,0.018532555486033934,12
2025-08-15,PFE,0,0.017973047759988075,12
2025-08-15,PYPL,0,0.5214559418702258,12
2025-08-15,SPY,0,0.0013078620512249972,12
2025-08-15,ZM,1,0.685183953662649,12
2025-08-18,AAPL,0,0.00948082145989008,12
2025-08-18,AMZN,0,0.3616997063213258,12
2025-08-18,GOOGL,0,0.1602734907641879,12
2025-08-18,INTC,1,0.29759583715827415,12
2025-08-18,MSFT,0,0.002077535830335768,12
2025-08-18,NVDA,0,0.035858403660413575,12
2025-08-18,PFE,0,0.05782996952523914,12
2025-08-18,PYPL,0,0.4146453756221182,12
2025-08-18,SPY,0,0.0007480838600176298,12
2025-08-18,ZM,1,0.6963148471499833,12
2025-08-19,AAPL,0,0.003677598041212209,12
2025-08-19,AMZN,0,0.2983611362050628,12
2025-08-19,GOOGL,0,0.08070074552426863,12
2025-08-19,INTC,0,0.039030839396524165,12
2025-08-19,MSFT,0,0.0009536917182451393,12
2025-08-19,NVDA,0,0.04763810045326456,12
2025-08-19,PFE,0,0.015213198177995237,12
2025-08-19,PYPL,0,0.5446320807260189,12
2025-08-19,SPY,0,0.0006765256286098541,12
2025-08-19,ZM,1,0.7024600340340216,12
2025-08-20,AAPL,0,0.094454594880504,12
2025-08-20,AMZN,0,0.1322733692000889,12
2025-08-20,GOOGL,0,0.15929514135915035,12
2025-08-20,INTC,1,0.10897679875388296,12
2025-08-20,MSFT,0,0.0007846713309919859,12
2025-08-20,NVDA,0,0.0036291877554541735,12
2025-08-20,PFE,0,0.003629494039097718,12
2025-08-20,PYPL,0,0.5820237802383232,12
2025-08-20,SPY,0,0.0013182140651057052,12
2025-08-20,ZM,1,0.6323700358715209,12
2025-08-21,AAPL,0,0.00874748897506202,12
2025-08-21,AMZN,0,0.019663703231346235,12
2025-08-21,GOOGL,0,0.003294786533647869,12
2025-08-21,INTC,1,0.07462335292876715,12
2025-08-21,MSFT,0,0.0010087355881034394,12
2025-08-21,NVDA,0,0.014420741579915783,12
2025-08-21,PFE,0,0.0023171253807934664,12
2025-08-21,PYPL,0,0.5173234351128844,12
2025-08-21,SPY,0,0.000755808251539778,12
2025-08-21,ZM,1,0.382375181417015,12
2025-08-22,AAPL,0,0.0058415721693973926,12
2025-08-22,AMZN,0,0.015608471373460915,12
2025-08-22,GOOGL,0,0.009357533467320987,12
2025-08-22,INTC,0,0.04070520202103014,12
2025-08-22,MSFT,0,0.0010347818070548893,12
2025-08-22,NVDA,0,0.016576943138372525,12
2025-08-22,PFE,0,0.007026773891785581,12
2025-08-22,PYPL,0,0.40140160836100414,12
2025-08-22,SPY,0,0.0008308720314351425,12
2025-08-22,ZM,0,0.0379938317291176,12
2025-08-25,AAPL,0,0.0002648682635556096,12
2025-08-25,AMZN,0,0.002573297506444384,12
2025-08-25,GOOGL,0,0.0014943564468574981,12
2025-08-25,INTC,0,0.029492255100081403,12
2025-08-25,MSFT,0,0.003144287360944417,12
2025-08-25,NVDA,0,0.005118313153626609,12
2025-08-25,PFE,0,0.2136747281548054,12
2025-08-25,PYPL,0,0.25568123335563137,12
2025-08-25,SPY,0,0.0009743820850980605,12
2025-08-25,ZM,0,0.03009422437846817,12
2025-08-26,AAPL,0,0.00866715173333489,12
2025-08-26,AMZN,0,0.005350383733378757,12
2025-08-26,GOOGL,1,0.02565777208103074,12
2025-08-26,INTC,0,0.0983291538175937,12
2025-08-26,MSFT,0,0.002478442761430454,12
2025-08-26,NVDA,0,0.0072572907981642435,12
2025-08-26,PFE,0,0.045463523304092576,12
2025-08-26,PYPL,0,0.508314993368981,12
2025-08-26,SPY,0,0.0011964759902257133,12
2025-08-26,ZM,0,0.3761904833746475,12
2025-08-27,AAPL,0,0.23831417128014107,12
2025-08-27,AMZN,0,0.012704606903420039,12
2025-08-27,GOOGL,1,0.029390101294732743,12
2025-08-27,INTC,0,0.05275965360853469,12
2025-08-27,MSFT,0,0.0006498080910292949,12
2025-08-27,NVDA,0,0.024756137095147818,12
2025-08-27,PFE,0,0.03487405058473885,12
2025-08-27,PYPL,0,0.35259095346913993,12
2025-08-27,SPY,0,0.0018232203055191358,12
2025-08-27,ZM,0,0.5276387961952547,12
2025-08-28,AAPL,0,0.04638068369053196,12
2025-08-28,AMZN,0,0.04213372992701706,12
2025-08-28,GOOGL,1,0.0987592601558057,12
2025-08-28,INTC,0,0.10833243955096127,12
2025-08-28,MSFT,0,0.0005378668336999793,12
2025-08-28,NVDA,0,0.02276545689886807,12
2025-08-28,PFE,0,0.06802345148060901,12
2025-08-28,PYPL,0,0.6490364967861915,12
2025-08-28,SPY,0,0.0006380712899813838,12
2025-08-28,ZM,0,0.33605818607809934,12
2025-08-29,AAPL,0,0.012359526030943627,12
2025-08-29,AMZN,0,0.03627154395751269,12
2025-08-29,GOOGL,1,0.00940875078357786,12
2025-08-29,INTC,0,0.35325836588725495,12
2025-08-29,MSFT,0,0.0016926330617138417,12
2025-08-29,NVDA,0,0.03170619942305789,12
2025-08-29,PFE,0,0.015447863809426263,12
2025-08-29,PYPL,0,0.5635461407146404,12
2025-08-29,SPY,0,0.0008472028697526837,12
2025-08-29,ZM,0,0.44761572309358627,12
2025-09-02,AAPL,0,0.4059274434738659,12
2025-09-02,AMZN,0,0.1859676510841975,12
2025-09-02,GOOGL,1,0.23477775928313283,12
2025-09-02,INTC,0,0.1300501331778523,12
2025-09-02,MSFT,0,0.0041687661098114654,12
2025-09-02,NVDA,0,0.09894756461541762,12
2025-09-02,PFE,0,0.02485583726990594,12
2025-09-02,PYPL,0,0.49039844629053775,12
2025-09-02,SPY,0,0.00160368417254026,12
2025-09-02,ZM,0,0.30936084578511,12
2025-09-03,AAPL,0,0.1292322896805541,12
2025-09-03,AMZN,0,0.14952552907735783,12
2025-09-03,GOOGL,0,0.04823286042156253,12
2025-09-03,INTC,0,0.11523757889722339,12
2025-09-03,MSFT,0,0.0005932610216091382,12
2025-09-03,NVDA,0,0.003060525953483855,12
2025-09-03,PFE,0,0.023051104794967955,12
2025-09-03,PYPL,0,0.722970004016591,12
2025-09-03,SPY,0,0.0013288227571007618,12
2025-09-03,ZM,0,0.7404324866890882,12
2025-09-04,AAPL,0,0.009932926873780045,12
2025-09-04,AMZN,0,0.0025442090738196244,12
2025-09-04,GOOGL,0,0.051936248337180704,12
2025-09-04,INTC,0,0.11871414921374254,12
2025-09-04,MSFT,0,0.00042389045588145467,12
2025-09-04,NVDA,0,0.0017964621861280298,12
2025-09-04,PFE,0,0.020481546401659393,12
2025-09-04,PYPL,0,0.7002063247469934,12
2025-09-04,SPY,0,0.001538868366184369,12
2025-09-04,ZM,0,0.38445324412402976,12
2025-09-05,AAPL,0,0.021337774574153884,12
2025-09-05,AMZN,0,0.032302960920497316,12
2025-09-05,GOOGL,0,0.0075751434981645525,12
2025-09-05,INTC,0,0.056536140892216584,12
2025-09-05,MSFT,0,0.0008710541375023848,12
2025-09-05,NVDA,0,0.027147497983704447,12
2025-09-05,PFE,0,0.010864620372283395,12
2025-09-05,PYPL,0,0.7364834847971898,12
2025-09-05,SPY,0,0.0020488121058434934,12
2025-09-05,ZM,0,0.5934816241112788,12
2025-09-08,AAPL,0,0.043275726292902564,12
2025-09-08,AMZN,0,0.11385144392279735,12
2025-09-08,GOOGL,1,0.008946374508636853,12
2025-09-08,INTC,0,0.03960336323825198,12
2025-09-08,MSFT,0,0.0009527086030814622,12
2025-09-08,NVDA,0,0.013118440059459967,12
2025-09-08,PFE,0,0.016118800169985955,12
2025-09-08,PYPL,0,0.7973851862297262,12
2025-09-08,SPY,0,0.0008227381641427511,12
2025-09-08,ZM,0,0.4376535153599282,12
2025-09-09,AAPL,0,0.0348215040922536,12
2025-09-09,AMZN,0,0.02472612983717668,12
2025-09-09,GOOGL,0,0.04620598892764504,12
2025-09-09,INTC,0,0.09056900966374007,12
2025-09-09,MSFT,0,0.0023325462795916706,12
2025-09-09,NVDA,0,0.02051810593553343,12
2025-09-09,PFE,0,0.016987066790429186,12
2025-09-09,PYPL,0,0.8130186435100377,12
2025-09-09,SPY,0,0.0007970820712774299,12
2025-09-09,ZM,0,0.30750484385307536,12
2025-09-10,AAPL,0,0.05607071185502285,12
2025-09-10,AMZN,0,0.03974693803783549,12
2025-09-10,GOOGL,0,0.0066176274555353595,12
2025-09-10,INTC,0,0.1317806917752455,12
2025-09-10,MSFT,0,0.0020136641963816333,12
2025-09-10,NVDA,0,0.07059772444711604,12
2025-09-10,PFE,0,0.015700397767147812,12
2025-09-10,PYPL,0,0.6894294862889376,12
2025-09-10,SPY,0,0.000781060008235488,12
2025-09-10,ZM,0,0.4187239000882262,12
2025-09-11,AAPL,0,0.05089899619223856,12
2025-09-11,AMZN,0,0.01103045327940198,12
2025-09-11,GOOGL,0,0.007060087285805093,12
2025-09-11,INTC,1,0.2675794392956793,12
2025-09-11,MSFT,0,0.0011760811911881947,12
2025-09-11,NVDA,0,0.040871583775253545,12
2025-09-11,PFE,0,0.011890396509781348,12
2025-09-11,PYPL,0,0.470075914622781,12
2025-09-11,SPY,0,0.00020785638238040555,12
2025-09-11,ZM,0,0.30844025927159274,12
2025-09-12,AAPL,0,0.01597417746767755,12
2025-09-12,AMZN,0,0.057109403346638984,12
2025-09-12,GOOGL,0,0.0046949440718453495,12
2025-09-12,INTC,1,0.0597138550138867,12
2025-09-12,MSFT,0,0.0029470813232728476,12
2025-09-12,NVDA,0,0.042620025351468235,12
2025-09-12,PFE,0,0.5698035395106685,12
2025-09-12,PYPL,0,0.7021631104278487,12
2025-09-12,SPY,0,0.0006318236940061123,12
2025-09-12,ZM,0,0.6776950755937005,12
2025-09-15,AAPL,1,0.022653880993268743,12
2025-09-15,AMZN,0,0.13193326909381964,12
2025-09-15,GOOGL,0,0.005073411114150183,12
2025-09-15,INTC,1,0.17166547280312705,12
2025-09-15,MSFT,0,0.0011916157321758731,12
2025-09-15,NVDA,0,0.029000491637303148,12
2025-09-15,PFE,0,0.020591041528606358,12
2025-09-15,PYPL,0,0.6160416832735527,12
2025-09-15,SPY,0,0.00010073790954814593,12
2025-09-15,ZM,0,0.4747897051544487,12
2025-09-16,AAPL,1,0.021975261033473928,12
2025-09-16,AMZN,0,0.01951303915796949,12
2025-09-16,GOOGL,0,0.0035762181054942456,12
2025-09-16,INTC,1,0.18301229342587658,12
2025-09-16,MSFT,0,0.00028953571611151487,12
2025-09-16,NVDA,0,0.054415677120629107,12
2025-09-16,PFE,0,0.013004141147167005,12
2025-09-16,PYPL,0,0.550430401704258,12
2025-09-16,SPY,0,0.000364232186882602,12
2025-09-16,ZM,0,0.11741621551248214,12
2025-09-17,AAPL,1,0.01425708191966761,12
2025-09-17,AMZN,0,0.09967229279622442,12
2025-09-17,GOOGL,0,0.012756011759660867,12
2025-09-17,INTC,1,0.23779946192162574,12
2025-09-17,MSFT,0,0.012531685718984293,12
2025-09-17,NVDA,1,0.13069572950747976,12
2025-09-17,PFE,0,0.03943901068667286,12
2025-09-17,PYPL,0,0.7155862615304722,12
2025-09-17,SPY,0,0.0009064308507380878,12
2025-09-17,ZM,0,0.13959934764355209,12
2025-09-18,AAPL,1,0.019536028540370367,12
2025-09-18,AMZN,0,0.01724535730828043,12
2025-09-18,GOOGL,0,0.0032577040903436906,12
2025-09-18,INTC,0,0.001598322899666416,12
2025-09-18,MSFT,0,0.00551374183678091,12
2025-09-18,NVDA,0,0.0009228681249880442,12
2025-09-18,PFE,0,0.0012113326958237516,12
2025-09-18,PYPL,0,0.026321083255746912,12
2025-09-18,SPY,0,0.019333963827377877,12
2025-09-18,ZM,0,0.04747956051162069,12
2025-09-19,AAPL,0,0.004453142497722682,12
2025-09-19,AMZN,0,0.011784017893087593,12
2025-09-19,GOOGL,0,0.002188175208910353,12
2025-09-19,INTC,1,0.050314020646411835,12
2025-09-19,MSFT,0,0.005555253172659323,12
2025-09-19,NVDA,0,0.002940247246277205,12
2025-09-19,PFE,0,0.0024529786403043635,12
2025-09-19,PYPL,0,0.11981220576580916,12
2025-09-19,SPY,0,0.0018183592759356884,12
2025-09-19,ZM,0,0.0775990425578592,12
2025-09-22,AAPL,0,0.0008661905525802705,12
2025-09-22,AMZN,0,0.01781462554711485,12
2025-09-22,GOOGL,0,0.0025939629986674122,12
2025-09-22,INTC,1,0.10925172768684868,12
2025-09-22,MSFT,0,0.002190715705669889,12
2025-09-22,NVDA,0,0.0019098705428195575,12
2025-09-22,PFE,0,0.00392024650506616,12
2025-09-22,PYPL,0,0.02019034130990247,12
2025-09-22,SPY,0,0.003891103212573676,12
2025-09-22,ZM,0,0.009156942286488388,12
2025-09-23,AAPL,0,0.018116383848664333,12
2025-09-23,AMZN,0,0.020699414940203935,12
2025-09-23,GOOGL,0,0.0015119196712600452,12
2025-09-23,INTC,1,0.01612313996332566,12
2025-09-23,MSFT,0,0.0014254819886315208,12
2025-09-23,NVDA,0,0.01660427924294966,12
2025-09-23,PFE,0,0.030284357031909355,12
2025-09-23,PYPL,0,0.298753273694991,12
2025-09-23,SPY,0,0.0024375451961953683,12
2025-09-23,ZM,0,0.0561691199452142,12
2025-09-24,AAPL,0,0.0006067695866337813,12
2025-09-24,AMZN,0,0.00945238694542238,12
2025-09-24,GOOGL,0,0.00944482832191522,12
2025-09-24,INTC,1,0.02137330660056179,12
2025-09-24,MSFT,0,0.00703880177771262,12
2025-09-24,NVDA,0,0.0026615264626593618,12
2025-09-24,PFE,1,0.00943471932788764,12
2025-09-24,PYPL,0,0.1592232744579636,12
2025-09-24,SPY,0,0.004839224354428298,12
2025-09-24,ZM,0,0.06142944562912355,12
2025-09-25,AAPL,0,0.006587756965261322,12
2025-09-25,AMZN,0,0.006463289018360361,12
2025-09-25,GOOGL,0,0.007279685286543794,12
2025-09-25,INTC,0,0.009748089324365257,12
2025-09-25,MSFT,0,0.0026617148718272505,12
2025-09-25,NVDA,0,0.000681134290345186,12
2025-09-25,PFE,1,0.07283968384220478,12
2025-09-25,PYPL,0,0.130751187525817,12
2025-09-25,SPY,0,0.0029937148380137727,12
2025-09-25,ZM,0,0.34940971051022895,12
2025-09-26,AAPL,0,0.0166580646557691,12
2025-09-26,AMZN,0,0.0020852759250266804,12
2025-09-26,GOOGL,0,0.01376843562674843,12
2025-09-26,INTC,0,0.004390196408901679,12
2025-09-26,MSFT,0,0.0020781849774215775,12
2025-09-26,NVDA,0,0.0005485726625287078,12
2025-09-26,PFE,1,0.01863428822227031,12
2025-09-26,PYPL,0,0.2948256109193946,12
2025-09-26,SPY,0,0.0024473890562219974,12
2025-09-26,ZM,0,0.23555997123231,12
2025-09-29,AAPL,0,0.010596387995786619,12
2025-09-29,AMZN,0,0.0165889681532497,12
2025-09-29,GOOGL,0,0.012239549841807187,12
2025-09-29,INTC,1,0.04836194190796601,12
2025-09-29,MSFT,0,0.0009571874915276012,12
2025-09-29,NVDA,0,0.024758648305900972,12
2025-09-29,PFE,1,0.025128436462021,12
2025-09-29,PYPL,0,0.24350646251653296,12
2025-09-29,SPY,0,0.0006398956799101784,12
2025-09-29,ZM,0,0.49931793866364615,12
2025-09-30,AAPL,0,0.002203135395069221,12
2025-09-30,AMZN,0,0.05341759564616764,12
2025-09-30,GOOGL,0,0.0061546943945335,12
2025-09-30,INTC,1,0.1631548172416401,12
2025-09-30,MSFT,0,0.0005444055744405412,12
2025-09-30,NVDA,0,0.00865464768380934,12
2025-09-30,PFE,0,0.06131582754398916,12
2025-09-30,PYPL,1,0.19806505021832582,12
2025-09-30,SPY,0,0.0007930413595132108,12
2025-09-30,ZM,0,0.3264957638339493,12
2025-10-01,AAPL,0,0.01196281054998462,12
2025-10-01,AMZN,0,0.030189696029705296,12
2025-10-01,GOOGL,0,0.0059281612007082915,12
2025-10-01,INTC,0,0.055895212451562565,12
2025-10-01,MSFT,0,0.0031360665800537033,12
2025-10-01,NVDA,0,0.005829094349948906,12
2025-10-01,PFE,0,0.02667033130347705,12
2025-10-01,PYPL,1,0.18356873826759712,12
2025-10-01,SPY,0,0.004600639593556335,12
2025-10-01,ZM,0,0.2681508655252598,12
2025-10-02,AAPL,0,0.009013887394898027,12
2025-10-02,AMZN,0,0.016900401472011783,12
2025-10-02,GOOGL,0,0.006560187160925133,12
2025-10-02,INTC,0,0.05619096489590008,12
2025-10-02,MSFT,0,0.0003853313236120391,12
2025-10-02,NVDA,0,0.016727028130065505,12
2025-10-02,PFE,0,0.004015107207656806,12
2025-10-02,PYPL,1,0.1666107209666083,12
2025-10-02,SPY,0,0.0008114899550493419,12
2025-10-02,ZM,0,0.47410788548644217,12
2025-10-03,AAPL,0,0.007479274387389871,12
2025-10-03,AMZN,0,0.1889166074677025,12
2025-10-03,GOOGL,0,0.0041045538311123494,12
2025-10-03,INTC,0,0.024616820510816824,12
2025-10-03,MSFT,0,0.0007746843417556742,12
2025-10-03,NVDA,0,0.013134098611204464,12
2025-10-03,PFE,0,0.0027973808520089885,12
2025-10-03,PYPL,1,0.3845010448766297,12
2025-10-03,SPY,0,0.0008168797785075888,12
2025-10-03,ZM,0,0.6590081561956779,12
2025-10-06,AAPL,0,0.01882814585573379,12
2025-10-06,AMZN,0,0.023034166209060323,12
2025-10-06,GOOGL,0,0.011659866659414613,12
2025-10-06,INTC,0,0.051925055263969205,12
2025-10-06,MSFT,0,0.0015549557701129402,12
2025-10-06,NVDA,0,0.018959815488970487,12
2025-10-06,PFE,0,0.08241792976606818,12
2025-10-06,PYPL,0,0.8460566079989608,12
2025-10-06,SPY,0,0.0009284364196746111,12
2025-10-06,ZM,0,0.25140141899167323,12
2025-10-07,AAPL,0,0.02661705995571441,12
2025-10-07,AMZN,0,0.012185018298428647,12
2025-10-07,GOOGL,0,0.014742877928850255,12
2025-10-07,INTC,0,0.05145407569698278,12
2025-10-07,MSFT,0,0.0004865944076551926,12
2025-10-07,NVDA,0,0.008954581903585111,12
2025-10-07,PFE,0,0.027978589703874374,12
2025-10-07,PYPL,0,0.2675241295248005,12
2025-10-07,SPY,0,0.0037180553956440822,12
2025-10-07,ZM,0,0.5308039790309921,12
2025-10-08,AAPL,0,0.05265487721326077,12
2025-10-08,AMZN,0,0.01875663669684738,12
2025-10-08,GOOGL,0,0.03905579923271847,12
2025-10-08,INTC,0,0.5051879680618858,12
2025-10-08,MSFT,0,0.0008542516065965823,12
2025-10-08,NVDA,0,0.02116566743234928,12
2025-10-08,PFE,0,0.03161815992187885,12
2025-10-08,PYPL,0,0.5248882483051145,12
2025-10-08,SPY,0,0.000538438146067869,12
2025-10-08,ZM,0,0.40132110193129816,12
2025-10-09,AAPL,0,0.17454317978508285,12
2025-10-09,AMZN,0,0.04740973836567732,12
2025-10-09,GOOGL,0,0.026822684482628145,12
2025-10-09,INTC,0,0.17597081970682768,12
2025-10-09,MSFT,0,0.0014350405443775574,12
2025-10-09,NVDA,0,0.07140419360502115,12
2025-10-09,PFE,0,0.02153848181013975,12
2025-10-09,PYPL,0,0.30012892361862953,12
2025-10-09,SPY,0,0.0011945144135971995,12
2025-10-09,ZM,0,0.7026775521210535,12
2025-10-10,AAPL,0,0.19793891625477103,12
2025-10-10,AMZN,0,0.11872953708518012,12
2025-10-10,GOOGL,1,0.01902160568539571,12
2025-10-10,INTC,0,0.5034822660052465,12
2025-10-10,MSFT,0,0.0008575829589026239,12
2025-10-10,NVDA,0,0.25766364749048787,12
2025-10-10,PFE,0,0.017766735081421722,12
2025-10-10,PYPL,0,0.4557567541472219,12
2025-10-10,SPY,0,0.002582170861374765,12
2025-10-10,ZM,0,0.8090820149583404,12
2025-10-13,AAPL,0,0.04256215636667567,12
2025-10-13,AMZN,0,0.026351836732598305,12
2025-10-13,GOOGL,0,0.008040182264266118,12
2025-10-13,INTC,0,0.6568230872046706,12
2025-10-13,MSFT,0,0.0013978604499813852,12
2025-10-13,NVDA,0,0.01770208394861811,12
2025-10-13,PFE,0,0.04073980735522192,12
2025-10-13,PYPL,0,0.4257199964339186,12
2025-10-13,SPY,0,0.000512829812765609,12
2025-10-13,ZM,0,0.4263853532225544,12
2025-10-14,AAPL,0,0.044324847753407635,12
2025-10-14,AMZN,0,0.013283104897058834,12
2025-10-14,GOOGL,0,0.014470277052379603,12
2025-10-14,INTC,0,0.6933761786259129,12
2025-10-14,MSFT,0,0.0015449246541650741,12
2025-10-14,NVDA,0,0.24587650494975685,12
2025-10-14,PFE,0,0.020912996168010477,12
2025-10-14,PYPL,0,0.27901161821113984,12
2025-10-14,SPY,0,0.0013103670205259364,12
2025-10-14,ZM,0,0.28349154238504365,12
2025-10-15,AAPL,0,0.035255316944442304,12
2025-10-15,AMZN,0,0.038248923623198636,12
2025-10-15,GOOGL,0,0.0033485007266446623,12
2025-10-15,INTC,0,0.2598975405265536,12
2025-10-15,MSFT,0,0.0008951539217766037,12
2025-10-15,NVDA,0,0.060229902606202625,12
2025-10-15,PFE,0,0.011119582548369623,12
2025-10-15,PYPL,0,0.4168944568194931,12
2025-10-15,SPY,0,0.0009010629471355229,12
2025-10-15,ZM,0,0.14555089265725216,12
2025-10-16,AAPL,0,0.10712588747030569,12
2025-10-16,AMZN,0,0.020052329678677167,12
2025-10-16,GOOGL,0,0.01226761035218668,12
2025-10-16,INTC,0,0.15485944780574404,12
2025-10-16,MSFT,0,0.004137198925352504,12
2025-10-16,NVDA,0,0.09690641447532272,12
2025-10-16,PFE,0,0.024528667143787004,12
2025-10-16,PYPL,0,0.4048147960047023,12
2025-10-16,SPY,0,0.0011840253847591531,12
2025-10-16,ZM,0,0.15466105365478294,12
2025-10-17,AAPL,0,0.18348127163654251,12
2025-10-17,AMZN,0,0.06212614365599906,12
2025-10-17,GOOGL,0,0.012457869792201277,12
2025-10-17,INTC,1,0.21070635391432357,12
2025-10-17,MSFT,0,0.0014603383373082408,12
2025-10-17,NVDA,0,0.07769222867525931,12
2025-10-17,PFE,0,0.019161586574146953,12
2025-10-17,PYPL,0,0.2998258962850014,12
2025-10-17,SPY,0,0.0015642349742598827,12
2025-10-17,ZM,0,0.15928372000021032,12
2025-10-20,AAPL,0,0.07364801736673839,12
2025-10-20,AMZN,0,0.03740331159461177,12
2025-10-20,GOOGL,0,0.034568906108366305,12
2025-10-20,INTC,0,0.8781507345713143,12
2025-10-20,MSFT,0,0.0013497327799418101,12
2025-10-20,NVDA,0,0.0579782927202592,12
2025-10-20,PFE,0,0.03949244212114757,12
2025-10-20,PYPL,0,0.1858188014962659,12
2025-10-20,SPY,0,0.0018692768289563836,12
2025-10-20,ZM,0,0.39063982693575966,12
2025-10-21,AAPL,0,0.1369567311474505,12
2025-10-21,AMZN,0,0.2961382342987429,12
2025-10-21,GOOGL,1,0.08343678896496683,12
2025-10-21,INTC,0,0.17843884625197626,12
2025-10-21,MSFT,0,0.0017980354507807208,12
2025-10-21,NVDA,1,0.1892426595265535,12
2025-10-21,PFE,0,0.08227524173868384,12
2025-10-21,PYPL,1,0.1334005526604329,12
2025-10-21,SPY,0,0.0015773857253728628,12
2025-10-21,ZM,0,0.27954899471977823,12
2025-10-22,AAPL,0,0.736868216549845,12
2025-10-22,AMZN,0,0.17888959677421068,12
2025-10-22,GOOGL,1,0.041512821391540285,12
2025-10-22,INTC,1,0.36474974860482734,12
2025-10-22,MSFT,0,0.0008967330512507664,12
2025-10-22,NVDA,1,0.22680096124103646,12
2025-10-22,PFE,0,0.0753125770688226,12
2025-10-22,PYPL,1,0.4112879814110382,12
2025-10-22,SPY,0,0.0016296904943009333,12
2025-10-22,ZM,0,0.5985335121211427,12
2025-10-23,AAPL,0,0.6047714595725073,12
2025-10-23,AMZN,0,0.44442396337559315,12
2025-10-23,GOOGL,1,0.020922087219858988,12
2025-10-23,INTC,1,0.29545572703680356,12
2025-10-23,MSFT,0,0.00245694493166846,12
2025-10-23,NVDA,1,0.11676046350450325,12
2025-10-23,PFE,0,0.06411434381270527,12
2025-10-23,PYPL,1,0.0943885030244427,12
2025-10-23,SPY,0,0.0013347759067798537,12
2025-10-23,ZM,0,0.23232964717597365,12
2025-10-24,AAPL,0,0.1459722599971888,12
2025-10-24,AMZN,1,0.2943066990485466,12
2025-10-24,GOOGL,1,0.02137051878088011,12
2025-10-24,INTC,1,0.17327984170387872,12
2025-10-24,MSFT,0,0.0016930227582098278,12
2025-10-24,NVDA,1,0.010961590675122824,12
2025-10-24,PFE,0,0.10263001614595639,12
2025-10-24,PYPL,1,0.41443703284536504,12
2025-10-24,SPY,0,0.0025398053453882245,12
2025-10-24,ZM,0,0.18012696148737561,12
2025-10-27,AAPL,0,0.16341295290826266,12
2025-10-27,AMZN,1,0.07231436036590363,12
2025-10-27,GOOGL,1,0.014382867904040926,12
2025-10-27,INTC,1,0.3883949033270622,12
2025-10-27,MSFT,0,0.0006449501175290578,12
2025-10-27,NVDA,1,0.013553279170275837,12
2025-10-27,PFE,0,0.4254170015478753,12
2025-10-27,PYPL,1,0.1867285412193733,12
2025-10-27,SPY,0,0.0012303845730168477,12
2025-10-27,ZM,0,0.253085580482014,12
2025-10-28,AAPL,0,0.09390304005808495,12
2025-10-28,AMZN,1,0.23946585075812762,12
2025-10-28,GOOGL,1,0.00938492866869143,12
2025-10-28,INTC,0,0.17512463520084812,12
2025-10-28,MSFT,0,0.0006453228724420956,12
2025-10-28,NVDA,0,0.4469411101782368,12
2025-10-28,PFE,0,0.11348603420627562,12
2025-10-28,PYPL,0,0.46795632490849626,12
2025-10-28,SPY,0,0.0008684743965601067,12
2025-10-28,ZM,0,0.13692591624456968,12
2025-10-29,AAPL,0,0.0676086612243045,12
2025-10-29,AMZN,1,0.2508336261541754,12
2025-10-29,GOOGL,0,0.009289499691643152,12
2025-10-29,INTC,0,0.2701842037431616,12
2025-10-29,MSFT,0,0.00033878261062625077,12
2025-10-29,NVDA,0,0.17611017493700096,12
2025-10-29,PFE,0,0.10485262022921635,12
2025-10-29,PYPL,0,0.31771409234916215,12
2025-10-29,SPY,0,0.0009247913977450827,12
2025-10-29,ZM,0,0.5470648933282131,12
2025-10-30,AAPL,0,0.005824133899451014,12
2025-10-30,AMZN,1,0.0527215881933758,12
2025-10-30,GOOGL,0,0.012186140416062877,12
2025-10-30,INTC,0,0.14945350141760289,12
2025-10-30,MSFT,0,0.0005175726371082239,12
2025-10-30,NVDA,0,0.11668626249460619,12
2025-10-30,PFE,0,0.025464636734313505,12
2025-10-30,PYPL,0,0.3089263801293943,12
2025-10-30,SPY,0,9.563825954453564e-05,12
2025-10-30,ZM,0,0.12668416039705382,12
2025-10-31,AAPL,0,0.004488286278082685,12
2025-10-31,AMZN,0,0.005697513545013538,12
2025-10-31,GOOGL,0,0.0037220218075054963,12
2025-10-31,INTC,0,0.05847629162268091,12
2025-10-31,MSFT,0,0.0018275972839657904,12
2025-10-31,NVDA,0,0.20222062096412285,12
2025-10-31,PFE,0,0.027055411210323194,12
2025-10-31,PYPL,0,0.6035031985845699,12
2025-10-31,SPY,0,0.0014414582973924736,12
2025-10-31,ZM,0,0.33864183173513085,12
2025-11-03,AAPL,0,0.010048610294570905,12
2025-11-03,AMZN,0,0.016014323361143213,12
2025-11-03,GOOGL,0,0.005114793955886756,12
2025-11-03,INTC,0,0.07598672069820997,12
2025-11-03,MSFT,0,0.0019087381881222078,12
2025-11-03,NVDA,0,0.10898574026869345,12
2025-11-03,PFE,0,0.006891727408838457,12
2025-11-03,PYPL,0,0.2927479398634402,12
2025-11-03,SPY,0,0.0007866210434972877,12
2025-11-03,ZM,0,0.20838018420668747,12
2025-11-04,AAPL,0,0.0013533523880197651,12
2025-11-04,AMZN,0,0.0670227277538721,12
2025-11-04,GOOGL,0,0.023024129580577278,12
2025-11-04,INTC,0,0.11983289230819935,12
2025-11-04,MSFT,0,0.0008221146379554065,12
2025-11-04,NVDA,0,0.2145253161771996,12
2025-11-04,PFE,0,0.024829667424661292,12
2025-11-04,PYPL,0,0.3614289674449972,12
2025-11-04,SPY,0,0.0005578306572853374,12
2025-11-04,ZM,0,0.38840996646802983,12
2025-11-05,AAPL,0,0.008361716752988519,12
2025-11-05,AMZN,0,0.01966359370237771,12
2025-11-05,GOOGL,0,0.0020918709547820768,12
2025-11-05,INTC,0,0.04011889657156613,12
2025-11-05,MSFT,0,0.0011906939378402977,12
2025-11-05,NVDA,0,0.16948459330421553,12
2025-11-05,PFE,0,0.03881965793745497,12
2025-11-05,PYPL,0,0.30683623466877813,12
2025-11-05,SPY,0,0.001009288565653114,12
2025-11-05,ZM,0,0.2889444830146852,12
2025-11-06,AAPL,0,0.005536222162438862,12
2025-11-06,AMZN,0,0.17611846922407032,12
2025-11-06,GOOGL,0,0.0011886027820335906,12
2025-11-06,INTC,0,0.18972481516826523,12
2025-11-06,MSFT,0,0.0007675583011172761,12
2025-11-06,NVDA,0,0.3180056083210705,12
2025-11-06,PFE,0,0.04443865554562054,12
2025-11-06,PYPL,0,0.6430867191003267,12
2025-11-06,SPY,0,0.0007499931784722757,12
2025-11-06,ZM,0,0.3793245653653117,12
2025-11-07,AAPL,0,0.032390507241875276,12
2025-11-07,AMZN,0,0.11482052642094832,12
2025-11-07,GOOGL,0,0.03355729448434744,12
2025-11-07,INTC,0,0.09095929621046783,12
2025-11-07,MSFT,0,0.0011247193589324226,12
2025-11-07,NVDA,0,0.1558681412688875,12
2025-11-07,PFE,0,0.03542992532635345,12
2025-11-07,PYPL,0,0.631345190841168,12
2025-11-07,SPY,0,0.001342025547842183,12
2025-11-07,ZM,0,0.603867842854863,12
2025-11-10,AAPL,0,0.06873566355762774,12
2025-11-10,AMZN,0,0.04546298150134513,12
2025-11-10,GOOGL,0,0.0015114709731530874,12
2025-11-10,INTC,0,0.10660624475581865,12
2025-11-10,MSFT,0,0.0005387623646390807,12
2025-11-10,NVDA,0,0.03263885615660891,12
2025-11-10,PFE,0,0.02575921149068791,12
2025-11-10,PYPL,0,0.21789490031499517,12
2025-11-10,SPY,0,0.0003563569695230352,12
2025-11-10,ZM,0,0.5331774260145088,12
2025-11-11,AAPL,0,0.008203906438880668,12
2025-11-11,AMZN,0,0.009841422759600376,12
2025-11-11,GOOGL,0,0.0019974171447035526,12
2025-11-11,INTC,0,0.19936061294998,12
2025-11-11,MSFT,0,0.0008660436899121091,12
2025-11-11,NVDA,0,0.15952092920810723,12
2025-11-11,PFE,0,0.029051521250123835,12
2025-11-11,PYPL,0,0.26437418002728763,12
2025-11-11,SPY,0,0.0008037992227388972,12
2025-11-11,ZM,0,0.3601835756729775,12
2025-11-12,AAPL,0,0.0022013526354787167,12
2025-11-12,AMZN,0,0.35524257009481963,12
2025-11-12,GOOGL,0,0.0022127171579828736,12
2025-11-12,INTC,0,0.06614021212606641,12
2025-11-12,MSFT,0,0.001099171842038748,12
2025-11-12,NVDA,0,0.034258467641162804,12
2025-11-12,PFE,0,0.00419330103061951,12
2025-11-12,PYPL,0,0.5745828543091258,12
2025-11-12,SPY,0,0.0006625816097372558,12
2025-11-12,ZM,0,0.24759726799795137,12
2025-11-13,AAPL,0,0.0009053032963247759,12
2025-11-13,AMZN,0,0.10518248794306927,12
2025-11-13,GOOGL,1,0.011758770706798007,12
2025-11-13,INTC,0,0.2620173651879073,12
2025-11-13,MSFT,0,0.000886407682572802,12
2025-11-13,NVDA,0,0.2203452427414167,12
2025-11-13,PFE,0,0.018348393338416723,12
2025-11-13,PYPL,0,0.3151725781921662,12
2025-11-13,SPY,0,0.000639603393570178,12
2025-11-13,ZM,0,0.6340379782999687,12
2025-11-14,AAPL,0,0.01877611942701462,12
2025-11-14,AMZN,0,0.07511400582822314,12
2025-11-14,GOOGL,1,0.004278395179781673,12
2025-11-14,INTC,0,0.1975792313587064,12
2025-11-14,MSFT,0,0.0004211204229423671,12
2025-11-14,NVDA,0,0.11460447825334365,12
2025-11-14,PFE,0,0.3369982081582358,12
2025-11-14,PYPL,0,0.28063505524406795,12
2025-11-14,SPY,0,0.000902803258791084,12
2025-11-14,ZM,0,0.4729768571771046,12
2025-11-17,AAPL,0,0.08592986389549424,12
2025-11-17,AMZN,0,0.18044303146615243,12
2025-11-17,GOOGL,1,0.01475917003673932,12
2025-11-17,INTC,0,0.2418711564749209,12
2025-11-17,MSFT,0,0.001528784134697969,12
2025-11-17,NVDA,0,0.12187748796504913,12
2025-11-17,PFE,0,0.031659511350157515,12
2025-11-17,PYPL,0,0.17608864314884132,12
2025-11-17,SPY,0,0.0008679109336963472,12
2025-11-17,ZM,0,0.6222742918197136,12
2025-11-18,AAPL,0,0.02727729117997001,12
2025-11-18,AMZN,0,0.16405352838667295,12
2025-11-18,GOOGL,1,0.004232939244078679,12
2025-11-18,INTC,0,0.25523586248021796,12
2025-11-18,MSFT,0,0.0008098636134615476,12
2025-11-18,NVDA,1,0.08104143183505012,12
2025-11-18,PFE,0,0.06288863036527,12
2025-11-18,PYPL,0,0.16274352331121633,12
2025-11-18,SPY,0,0.0018967649272867444,12
2025-11-18,ZM,0,0.5539006678761395,12
2025-11-19,AAPL,0,0.26736195674509544,12
2025-11-19,AMZN,0,0.48317008240672904,12
2025-11-19,GOOGL,1,0.006484502533624022,12
2025-11-19,INTC,0,0.11546886878217259,12
2025-11-19,MSFT,0,0.0015444666765707024,12
2025-11-19,NVDA,0,0.008683502855049312,12
2025-11-19,PFE,0,0.11379409468142422,12
2025-11-19,PYPL,0,0.4276508157328642,12
2025-11-19,SPY,0,0.000559899883673401,12
2025-11-19,ZM,0,0.6277105273559467,12
2025-11-20,AAPL,0,0.3131158156337804,12
2025-11-20,AMZN,0,0.39564377140564844,12
2025-11-20,GOOGL,1,0.027327430541792975,12
2025-11-20,INTC,1,0.21921644031567364,12
2025-11-20,MSFT,0,0.0018470558100524307,12
2025-11-20,NVDA,0,0.09552098231444056,12
2025-11-20,PFE,0,0.08533159506444744,12
2025-11-20,PYPL,1,0.2418697494680302,12
2025-11-20,SPY,0,0.0019689488382711364,12
2025-11-20,ZM,1,0.40855739133444197,12
2025-11-21,AAPL,0,0.05289985313511479,12
2025-11-21,AMZN,0,0.026146001063178995,12
2025-11-21,GOOGL,1,0.0052458256269823506,12
2025-11-21,INTC,1,0.19242814703845837,12
2025-11-21,MSFT,0,0.0016722806677480434,12
2025-11-21,NVDA,0,0.06427401647331057,12
2025-11-21,PFE,0,0.015081531181845154,12
2025-11-21,PYPL,0,0.23809727181812143,12
2025-11-21,SPY,0,0.00035995872687714,12
2025-11-21,ZM,1,0.13102075138717345,12
2025-11-24,AAPL,0,0.014716837667720617,12
2025-11-24,AMZN,0,0.011339214642587367,12
2025-11-24,GOOGL,0,0.0016649085693040465,12
2025-11-24,INTC,1,0.19624483694953673,12
2025-11-24,MSFT,0,0.0010322109267417866,12
2025-11-24,NVDA,0,0.015206023524980843,12
2025-11-24,PFE,0,0.006502158332981794,12
2025-11-24,PYPL,0,0.06302682078037047,12
2025-11-24,SPY,0,0.001193342905684606,12
2025-11-24,ZM,1,0.3265855224044309,12
2025-11-25,AAPL,0,0.019684981598842077,12
2025-11-25,AMZN,0,0.023496244172665996,12
2025-11-25,GOOGL,0,0.001523876220069126,12
2025-11-25,INTC,1,0.01820949390872812,12
2025-11-25,MSFT,0,0.00048066316849181267,12
2025-11-25,NVDA,0,0.06984633688817335,12
2025-11-25,PFE,0,0.026770587314159044,12
2025-11-25,PYPL,0,0.10913925606491595,12
2025-11-25,SPY,0,0.0011077695008203004,12
2025-11-25,ZM,0,0.1089925576335161,12
2025-11-26,AAPL,0,0.00846284909510712,12
2025-11-26,AMZN,0,0.09075812418625183,12
2025-11-26,GOOGL,0,0.0025967222081795813,12
2025-11-26,INTC,1,0.05118214945357655,12
2025-11-26,MSFT,0,0.0006728478799004109,12
2025-11-26,NVDA,0,0.015244290033299015,12
2025-11-26,PFE,0,0.010657152117531458,12
2025-11-26,PYPL,0,0.1562076451643068,12
2025-11-26,SPY,0,0.0010565693921828088,12
2025-11-26,ZM,0,0.3220778224854711,12
2025-11-28,AAPL,0,0.12101879859766018,12
2025-11-28,AMZN,0,0.08017171049730257,12
2025-11-28,GOOGL,0,0.0011854325027077764,12
2025-11-28,INTC,0,0.00717717429916498,12
2025-11-28,MSFT,0,0.0024718501192045887,12
2025-11-28,NVDA,0,0.1298596989161833,12
2025-11-28,PFE,0,0.030413860995569034,12
2025-11-28,PYPL,0,0.19039031676283424,12
2025-11-28,SPY,0,0.0010000157080833952,12
2025-11-28,ZM,0,0.10434245806145045,12
2025-12-01,AAPL,0,0.007206995165491617,12
2025-12-01,AMZN,0,0.026924523986345896,12
2025-12-01,GOOGL,0,0.02857919397393078,12
2025-12-01,INTC,1,0.06049163610096248,12
2025-12-01,MSFT,0,0.0008662930318010976,12
2025-12-01,NVDA,0,0.008859283579708973,12
2025-12-01,PFE,0,0.04303306636546582,12
2025-12-01,PYPL,0,0.1042934058767401,12
2025-12-01,SPY,0,0.0005087509316994139,12
2025-12-01,ZM,0,0.20747074714285219,12
2025-12-02,AAPL,0,0.10041470024487648,12
2025-12-02,AMZN,0,0.03577528053583927,12
2025-12-02,GOOGL,0,0.014990497600109612,12
2025-12-02,INTC,0,0.0231136682336069,12
2025-12-02,MSFT,0,0.0007874775300865904,12
2025-12-02,NVDA,0,0.022832044842109156,12
2025-12-02,PFE,0,0.032085903751399296,12
2025-12-02,PYPL,0,0.22110325920501928,12
2025-12-02,SPY,0,0.0007366248715661167,12
2025-12-02,ZM,0,0.4820425601135618,12
2025-12-03,AAPL,0,0.04287938765086341,12
2025-12-03,AMZN,0,0.05355820167954932,12
2025-12-03,GOOGL,0,0.0033609646067976214,12
2025-12-03,INTC,0,0.4621764227493821,12
2025-12-03,MSFT,0,0.0009508078994038679,12
2025-12-03,NVDA,0,0.2211681204830594,12
2025-12-03,PFE,0,0.01990216943332283,12
2025-12-03,PYPL,0,0.4602076918847506,12
2025-12-03,SPY,0,0.0013422734007176986,12
2025-12-03,ZM,0,0.40701113349733936,12
2025-12-04,AAPL,0,0.024424579270037074,12
2025-12-04,AMZN,0,0.20634698409569602,12
2025-12-04,GOOGL,0,0.0015824661383149576,12
2025-12-04,INTC,0,0.3448614957235087,12
2025-12-04,MSFT,0,0.0007596259911134348,12
2025-12-04,NVDA,0,0.08333123132164101,12
2025-12-04,PFE,0,0.016119880560821764,12
2025-12-04,PYPL,0,0.0938395649309591,12
2025-12-04,SPY,0,0.0003251681368918525,12
2025-12-04,ZM,0,0.3640070887048144,12
2025-12-05,AAPL,0,0.015039246419059162,12
2025-12-05,AMZN,0,0.0540043421070057,12
2025-12-05,GOOGL,0,0.003959323030126074,12
2025-12-05,INTC,0,0.44979642072599935,12
2025-12-05,MSFT,0,0.0005421522300094938,12
2025-12-05,NVDA,0,0.3128416491454896,12
2025-12-05,PFE,0,0.052868246940893676,12
2025-12-05,PYPL,0,0.3572616836532283,12
2025-12-05,SPY,0,0.000618181639452,12
2025-12-05,ZM,0,0.22804406430208388,12
2025-12-08,AAPL,0,0.14408894848629564,12
2025-12-08,AMZN,0,0.13780423085822166,12
2025-12-08,GOOGL,0,0.005748343270062342,12
2025-12-08,INTC,0,0.5720194035145649,12
2025-12-08,MSFT,0,0.00031688639128892325,12
2025-12-08,NVDA,0,0.20830570651911112,12
2025-12-08,PFE,0,0.06164504845413867,12
2025-12-08,PYPL,0,0.42696360003886946,12
2025-12-08,SPY,0,0.001185709496826289,12
2025-12-08,ZM,0,0.3338295225834024,12
2025-12-09,AAPL,0,0.037129963842529846,12
2025-12-09,AMZN,0,0.03591407837590877,12
2025-12-09,GOOGL,0,0.0011273901488790688,12
2025-12-09,INTC,0,0.48167206369144294,12
2025-12-09,MSFT,0,0.0014603383373082408,12
2025-12-09,NVDA,0,0.09711116324033871,12
2025-12-09,PFE,0,0.0401873993611606,12
2025-12-09,PYPL,0,0.42165785281601587,12
2025-12-09,SPY,0,0.0005177001124011951,12
2025-12-09,ZM,0,0.3088677930786658,12
2025-12-10,AAPL,0,0.05275148426406345,12
2025-12-10,AMZN,0,0.04747872449556497,12
2025-12-10,GOOGL,0,0.004948119539283125,12
2025-12-10,INTC,0,0.6091043207152042,12
2025-12-10,MSFT,0,0.0008631555689039729,12
2025-12-10,NVDA,0,0.16520308664904845,12
2025-12-10,PFE,0,0.1826895066560355,12
2025-12-10,PYPL,0,0.44995755260073644,12
2025-12-10,SPY,0,0.00014274098579835962,12
2025-12-10,ZM,0,0.4093132800228647,12
2025-12-11,AAPL,0,0.0072342011423806515,12
2025-12-11,AMZN,0,0.006601035741184266,12
2025-12-11,GOOGL,0,0.006658626988313954,12
2025-12-11,INTC,0,0.4872097272646701,12
2025-12-11,MSFT,0,0.002786247848220635,12
2025-12-11,NVDA,0,0.26075721952981257,12
2025-12-11,PFE,0,0.33783815285094776,12
2025-12-11,PYPL,0,0.28150351661987166,12
2025-12-11,SPY,0,9.862101120154385e-05,12
2025-12-11,ZM,0,0.3290425222994304,12
2025-12-12,AAPL,0,0.0945637511068885,12
2025-12-12,AMZN,0,0.03870381599460457,12
2025-12-12,GOOGL,0,0.014647110485017874,12
2025-12-12,INTC,0,0.6150225842014202,12
2025-12-12,MSFT,0,0.0014489417621773644,12
2025-12-12,NVDA,0,0.25521138065992743,12
2025-12-12,PFE,0,0.22470443387878553,12
2025-12-12,PYPL,0,0.5103933523171953,12
2025-12-12,SPY,0,6.725937704805757e-05,12
2025-12-12,ZM,0,0.23734643373938985,12
2025-12-15,AAPL,0,0.40932740492452885,12
2025-12-15,AMZN,0,0.059257173969499796,12
2025-12-15,GOOGL,0,0.18460144066387335,12
2025-12-15,INTC,0,0.738184329456889,12
2025-12-15,MSFT,0,0.0011112071693777294,12
2025-12-15,NVDA,0,0.025046710556974185,12
2025-12-15,PFE,0,0.2257639557350624,12
2025-12-15,PYPL,0,0.7185997411622369,12
2025-12-15,SPY,0,0.000838332105449255,12
2025-12-15,ZM,0,0.7978061640129246,12
2025-12-16,AAPL,0,0.2644714487700248,12
2025-12-16,AMZN,0,0.11836170923384579,12
2025-12-16,GOOGL,0,0.13973199309186593,12
2025-12-16,INTC,0,0.522246493538429,12
2025-12-16,MSFT,0,0.0030652900147409,12
2025-12-16,NVDA,0,0.04933955607412107,12
2025-12-16,PFE,0,0.1739397744181886,12
2025-12-16,PYPL,0,0.698974292627876,12
2025-12-16,SPY,0,0.0007952674073064979,12
2025-12-16,ZM,0,0.5306092404567273,12
2025-12-17,AAPL,0,0.3760453403880582,12
2025-12-17,AMZN,0,0.19256369695083372,12
2025-12-17,GOOGL,0,0.15230664909152072,12
2025-12-17,INTC,0,0.4713483156862659,12
2025-12-17,MSFT,0,0.002630884970223743,12
2025-12-17,NVDA,1,0.12021500169031372,12
2025-12-17,PFE,0,0.12841151524843544,12
2025-12-17,PYPL,0,0.5973548426137262,12
2025-12-17,SPY,0,0.0014629629275235722,12
2025-12-17,ZM,0,0.5260839566187571,12
2025-12-18,AAPL,0,0.21605718971436397,12
2025-12-18,AMZN,0,0.013443305234566978,12
2025-12-18,GOOGL,0,0.021267488227851152,12
2025-12-18,INTC,0,0.2412071254693625,12
2025-12-18,MSFT,0,0.0011411227505649729,12
2025-12-18,NVDA,1,0.014853065907020258,12
2025-12-18,PFE,0,0.19520754222789463,12
2025-12-18,PYPL,0,0.5966038335455687,12
2025-12-18,SPY,0,0.000964090840451664,12
2025-12-18,ZM,0,0.6686132925169559,12
2025-12-19,AAPL,0,0.1892087628830785,12
2025-12-19,AMZN,0,0.04472675349682194,12
2025-12-19,GOOGL,0,0.16189177009594696,12
2025-12-19,INTC,0,0.27014397882281005,12
2025-12-19,MSFT,0,0.002975547360898151,12
2025-12-19,NVDA,0,0.012474886880839019,12
2025-12-19,PFE,0,0.16294200972456763,12
2025-12-19,PYPL,0,0.5949944499950178,12
2025-12-19,SPY,0,0.0014687817865925836,12
2025-12-19,ZM,0,0.5015169260170225,12
2025-12-22,AAPL,0,0.364318437039576,12
2025-12-22,AMZN,0,0.05437338794623469,12
2025-12-22,GOOGL,0,0.16820977494179237,12
2025-12-22,INTC,0,0.19022592382850925,12
2025-12-22,MSFT,0,0.0038352546215681366,12
2025-12-22,NVDA,0,0.06134521157617338,12
2025-12-22,PFE,0,0.3230961021980807,12
2025-12-22,PYPL,0,0.44077725828563896,12
2025-12-22,SPY,0,0.005736706163028881,12
2025-12-22,ZM,0,0.5019752374616853,12
2025-12-23,AAPL,0,0.265466065870921,12
2025-12-23,AMZN,0,0.04180145964821716,12
2025-12-23,GOOGL,0,0.18177879954975848,12
2025-12-23,INTC,0,0.16380043519720247,12
2025-12-23,MSFT,0,0.0008928550216770472,12
2025-12-23,NVDA,0,0.028320908492786952,12
2025-12-23,PFE,0,0.1905663013347891,12
2025-12-23,PYPL,0,0.6062192769957401,12
2025-12-23,SPY,0,0.0010755990623173442,12
2025-12-23,ZM,0,0.547097492591571,12
