time,symbol,rank_score,hybrid_score,hybrid_alpha,fold
2020-01-02,AAPL,0.02907109797787792,1.4956362153943623,0.0,1
2020-01-03,AAPL,0.005787548723778659,1.48518240576802,0.0,1
2020-01-06,AAPL,0.004248288048714635,1.3745099369415128,0.0,1
2020-01-07,AAPL,0.008174280714464804,0.6478587937453827,0.0,1
2020-01-08,AAPL,0.0015559109233829922,1.4596456013542605,0.0,1
2020-01-09,AAPL,0.000285535857022993,1.4555097966753308,0.0,1
2020-01-10,AAPL,-0.0028564116394966883,1.368200339209517,0.0,1
2020-01-13,AAPL,0.011674816063452258,1.3421597460766292,0.0,1
2020-01-14,AAPL,-0.008175332420809672,1.3670728617292354,0.0,1
2020-01-15,AAPL,-0.0038026429582105163,0.9808254757178122,0.0,1
2020-01-16,AAPL,-0.002703200286639761,1.2226428157926796,0.0,1
2020-01-17,AAPL,-0.004453212278479445,1.7232721813450942,0.0,1
2020-01-21,AAPL,-0.0027744980933639197,1.625269664256649,0.0,1
2020-01-22,AAPL,0.004276522597772745,1.6290549250981707,0.0,1
2020-01-23,AAPL,0.0009597670647699479,1.4130172144961275,0.0,1
2020-01-24,AAPL,0.007057707073299031,0.9925618434364486,0.0,1
2020-01-27,AAPL,0.012033585796906105,0.8081335512323519,0.0,1
2020-01-28,AAPL,0.010413928126369217,0.9133898039303162,0.0,1
2020-01-29,AAPL,0.009146468480124627,0.9415972169134795,0.0,1
2020-01-30,AAPL,0.008899351330946005,0.7335907352339002,0.0,1
2020-01-31,AAPL,0.025236421269049184,-0.1458295476135651,0.0,1
2020-02-03,AAPL,0.018337711363923568,-0.47532364011634953,0.0,1
2020-02-04,AAPL,0.00907718408238854,-0.2621710023827195,0.0,1
2020-02-05,AAPL,0.019563603496989032,-0.19372390752505578,0.0,1
2020-02-06,AAPL,0.012474492439115345,-0.2902107574919808,0.0,1
2020-02-07,AAPL,0.00968275812316395,-0.6395697873612607,0.0,1
2020-02-10,AAPL,0.006171018236210633,-0.7376129697398712,0.0,1
2020-02-11,AAPL,0.009242177394684619,-0.9723299578995183,0.0,1
2020-02-12,AAPL,0.008843731004168036,-0.5754448090976703,0.0,1
2020-02-13,AAPL,0.009086582391833683,-0.4943236058842083,0.0,1
2020-02-14,AAPL,0.0032095092262825298,-0.6418609113975513,0.0,1
2020-02-18,AAPL,0.010778818472145265,-0.8252414196901032,0.0,1
2020-02-19,AAPL,0.010412934323846918,-0.6786573191300689,0.0,1
2020-02-20,AAPL,0.012716983992647842,-0.6457383451126206,0.0,1
2020-02-21,AAPL,0.012653813721398694,-0.6262139999998605,0.0,1
2020-02-24,AAPL,0.021199209672234372,-0.5879696061897796,0.0,1
2020-02-25,AAPL,0.02602747704589087,-0.5301726878512837,0.0,1
2020-02-26,AAPL,0.023431181910845318,-0.5927006212454384,0.0,1
2020-02-27,AAPL,0.014421904620683082,-0.7024395898173623,0.0,1
2020-02-28,AAPL,0.01828788205819954,-0.7978400364858607,0.0,1
2020-03-02,AAPL,0.005376739806804504,-0.44103669737335566,0.0,1
2020-03-03,AAPL,0.01663080308280539,-0.34977294443790496,0.0,1
2020-03-04,AAPL,-0.00972057463833054,-0.4519400452202801,0.0,1
2020-03-05,AAPL,0.009165958355392995,-0.44567626850644043,0.0,1
2020-03-06,AAPL,0.0009109391094096328,-0.4511345217515464,0.0,1
2020-03-09,AAPL,0.009759568763186363,-0.452575997049234,0.0,1
2020-03-10,AAPL,0.0031307036608179094,-0.31172196636323507,0.0,1
2020-03-11,AAPL,0.007514643047705912,-0.1896205549406073,0.0,1
2020-03-12,AAPL,0.009118150603269107,-0.34898448793860654,0.0,1
2020-03-13,AAPL,-0.022991403126628583,-0.3233912570424272,0.0,1
2020-03-16,AAPL,0.003921889223537046,-0.2634371330011607,0.0,1
2020-03-17,AAPL,-0.020758770237727722,-0.29661255156099553,0.0,1
2020-03-18,AAPL,0.0005749662835721531,-0.25445338373369303,0.0,1
2020-03-19,AAPL,-0.007918000520150386,-0.33524876692959965,0.0,1
2020-03-20,AAPL,0.0002896020997146814,-0.4478352396300747,0.0,1
2020-03-23,AAPL,-0.0028924528746209913,-0.4994226178316405,0.0,1
2020-03-24,AAPL,-0.03071233803551706,-0.5659796865012274,0.0,1
2020-03-25,AAPL,-0.00913930902337811,-0.5260810099697961,0.0,1
2020-03-26,AAPL,0.020606262184191083,-0.5025880557702975,0.0,1
2020-03-27,AAPL,0.03970807452654438,-0.3801121968580256,0.0,1
2020-03-30,AAPL,-0.03299991986905734,-0.7220219909181352,0.0,1
2020-03-31,AAPL,0.005399086420817837,-0.8115390109700327,0.0,1
2020-04-01,AAPL,-0.007364086764211642,-0.8044098812925063,0.0,1
2020-04-02,AAPL,-0.014831759898784682,-1.3009138228834602,0.0,1
2020-04-03,AAPL,-0.01522788718699109,-1.0870112794024305,0.0,1
2020-04-06,AAPL,0.007139316591889138,-1.1386513865722145,0.0,1
2020-04-07,AAPL,0.03936598678717575,-1.25405444247493,0.0,1
2020-04-08,AAPL,0.02804855360149992,-1.6225046829469678,0.0,1
2020-04-09,AAPL,0.033346086079705343,-1.2528321978468553,0.0,1
2020-04-13,AAPL,0.020602065901577576,-0.955503393927159,0.0,1
2020-04-14,AAPL,-0.004738351643819133,-0.9769744250608512,0.0,1
2020-04-15,AAPL,0.00928215520872335,-0.7474163038013926,0.0,1
2020-04-16,AAPL,0.0030291050441453096,-0.7643982591642199,0.0,1
2020-04-17,AAPL,0.004165187761397006,-1.1121709208390567,0.0,1
2020-04-20,AAPL,0.015211986118209671,-0.6688098679040542,0.0,1
2020-04-21,AAPL,0.07920770224373763,0.1423567306043994,0.0,1
2020-04-22,AAPL,0.012603519560065153,-0.9633223903385896,0.0,1
2020-04-23,AAPL,0.010805671559637273,-1.3613635908679766,0.0,1
2020-04-24,AAPL,-0.00014914604387742308,-0.7864246256649996,0.0,1
2020-04-27,AAPL,0.005314393905951804,-0.5745128220261355,0.0,1
2020-04-28,AAPL,0.00833121696954109,-0.22934904517358448,0.0,1
2020-04-29,AAPL,-0.004330334865617001,-0.2594260545018842,0.0,1
2020-04-30,AAPL,0.006970016070876652,0.17823885131558292,0.0,1
2020-05-01,AAPL,0.008216703155890672,0.3605816398356236,0.0,1
2020-05-04,AAPL,0.003743787154483551,0.4088656005922998,0.0,1
2020-05-05,AAPL,0.005602470461558874,0.08698843869053749,0.0,1
2020-05-06,AAPL,0.011392570832367348,-0.07873959670587488,0.0,1
2020-05-07,AAPL,0.004398095154018171,-0.2136047344972895,0.0,1
2020-05-08,AAPL,-0.005806604438238692,-0.07554229851162177,0.0,1
2020-05-11,AAPL,0.0071467192462124456,-0.06559856839666567,0.0,1
2020-05-12,AAPL,0.0003790703094648202,0.013000620989421128,0.0,1
2020-05-13,AAPL,0.020989377669217612,-0.04126707329533809,0.0,1
2020-05-14,AAPL,0.019970597809937877,-0.016203148165070617,0.0,1
2020-05-15,AAPL,0.020104188463904018,-0.01917893781591028,0.0,1
2020-05-18,AAPL,0.021202468564082953,0.28220325547398906,0.0,1
2020-05-19,AAPL,0.011897452051582182,0.06631782484619872,0.0,1
2020-05-20,AAPL,0.007509751713450092,0.22347867602913754,0.0,1
2020-05-21,AAPL,0.012075688647565936,0.4767061202534286,0.0,1
2020-05-22,AAPL,0.007198674823790508,0.266842375800942,0.0,1
2020-05-26,AAPL,0.010413596259422508,0.48951752846832486,0.0,1
2020-05-27,AAPL,0.011002013481200062,0.4726054469075582,0.0,1
2020-05-28,AAPL,0.010426340190413063,0.4838573816007993,0.0,1
2020-05-29,AAPL,0.012996456239086511,-0.23584511234737063,0.0,1
2020-06-01,AAPL,0.013701252965779486,-0.23043868217189167,0.0,1
2020-06-02,AAPL,0.010599847468254523,-0.2513830608306231,0.0,1
2020-06-03,AAPL,0.010043794364773973,-0.2514979647993217,0.0,1
2020-06-04,AAPL,0.009773773684420147,-0.24271685415572244,0.0,1
2020-06-05,AAPL,-0.0008989022417979756,0.020072655328473757,0.0,1
2020-06-08,AAPL,0.0019241943119300833,-0.13959108958851743,0.0,1
2020-06-09,AAPL,-0.004555721223995427,0.224527369222565,0.0,1
2020-06-10,AAPL,-0.005577152234754834,0.03156079859505342,0.0,1
2020-06-11,AAPL,-0.0022830863473019894,0.11568440181122336,0.0,1
2020-06-12,AAPL,-0.0016914404333696574,0.21895434840447217,0.0,1
2020-06-15,AAPL,0.005585761265716228,0.29319254388955623,0.0,1
2020-06-16,AAPL,-0.0043540750225653435,0.18934656025259106,0.0,1
2020-06-17,AAPL,-0.006382196030946663,0.3105526385325854,0.0,1
2020-06-18,AAPL,-0.015253443632334005,0.26215798221671555,0.0,1
2020-06-19,AAPL,-0.006279763667455715,0.17008054443709347,0.0,1
2020-06-22,AAPL,-0.01713568989720092,0.1839416893645017,0.0,1
2020-06-23,AAPL,-0.016092538714423787,0.20137086955339856,0.0,1
2020-06-24,AAPL,-0.005319914741876839,0.11973706164424794,0.0,1
2020-06-25,AAPL,-0.016580429320896633,0.13216436587218605,0.0,1
2020-06-26,AAPL,0.0034032064598978726,0.3007038775612436,0.0,1
2020-06-29,AAPL,0.003445780589811,0.744011081535969,0.0,1
2020-06-30,AAPL,0.007512875663130693,0.6347765463608116,0.0,1
2020-01-02,AMZN,-0.005520847716785918,-0.021846900122216413,0.0,1
2020-01-03,AMZN,0.0024288298493034283,0.15286725496884823,0.0,1
2020-01-06,AMZN,0.0023617037431882914,0.5512143839753585,0.0,1
2020-01-07,AMZN,0.004895707807775482,0.3561880999939279,0.0,1
2020-01-08,AMZN,0.0047432061848249754,0.10635437640507947,0.0,1
2020-01-09,AMZN,0.004675250019307106,0.13647740486300847,0.0,1
2020-01-10,AMZN,0.005909000229430544,-0.16971482876586572,0.0,1
2020-01-13,AMZN,0.008163772455363675,-0.32614553382073647,0.0,1
2020-01-14,AMZN,0.006557324237167781,-0.38837186354848974,0.0,1
2020-01-15,AMZN,0.007730800513181409,-0.4082196012712637,0.0,1
2020-01-16,AMZN,0.008511864746400144,-0.7996074614128756,0.0,1
2020-01-17,AMZN,0.008177417497799228,-1.0383251104482636,0.0,1
2020-01-21,AMZN,0.00527087530314034,-0.5589695710771238,0.0,1
2020-01-22,AMZN,0.006305287705153025,-0.46178239574782226,0.0,1
2020-01-23,AMZN,0.0034084366857373488,-0.8587009977672475,0.0,1
2020-01-24,AMZN,0.002642911323765749,-0.8328822876886748,0.0,1
2020-01-27,AMZN,0.001674378609680438,-1.663302646961877,0.0,1
2020-01-28,AMZN,0.0008024615828261675,-1.2917931535288982,0.0,1
2020-01-29,AMZN,0.0007708142674086606,-1.190377976029706,0.0,1
2020-01-30,AMZN,0.0009843209497717121,-1.0237893198369004,0.0,1
2020-01-31,AMZN,-0.021802072203127753,0.4936146991169543,0.0,1
2020-02-03,AMZN,-0.016190662635980558,-0.13573399597394953,0.0,1
2020-02-04,AMZN,-0.010213953543545783,-0.06095760965230505,0.0,1
2020-02-05,AMZN,-0.00873645650041439,-0.3087449141614726,0.0,1
2020-02-06,AMZN,-0.014130940378671521,-0.11639368886374939,0.0,1
2020-02-07,AMZN,-0.02336630431275692,0.18923737450973413,0.0,1
2020-02-10,AMZN,-0.029821849374287147,0.48081045503174824,0.0,1
2020-02-11,AMZN,-0.02958360870025409,0.7717211329835266,0.0,1
2020-02-12,AMZN,-0.028711790646452528,0.803301310649047,0.0,1
2020-02-13,AMZN,-0.02667216729171032,0.8808954186484472,0.0,1
2020-02-14,AMZN,-0.0052591466445091805,0.5552584937798976,0.0,1
2020-02-18,AMZN,-0.003953020751276785,0.5627142189888057,0.0,1
2020-02-19,AMZN,-0.005171990700490489,0.2352200313880797,0.0,1
2020-02-20,AMZN,-0.009624972695567027,0.26327824754587487,0.0,1
2020-02-21,AMZN,-0.004437206669352299,0.31672957696905213,0.0,1
2020-02-24,AMZN,0.0020940283892120163,0.25106424372876446,0.0,1
2020-02-25,AMZN,0.0038877536317336683,0.20362347633641373,0.0,1
2020-02-26,AMZN,0.0019329488184863196,0.18619626739259887,0.0,1
2020-02-27,AMZN,0.009892045885797876,0.08373301757845057,0.0,1
2020-02-28,AMZN,0.012320175545175052,0.1116017357396522,0.0,1
2020-03-02,AMZN,-0.0007503513810627188,-0.41303988053609886,0.0,1
2020-03-03,AMZN,0.005521918772944778,-0.2614716418707853,0.0,1
2020-03-04,AMZN,-0.010934981507004057,-0.3683184929910023,0.0,1
2020-03-05,AMZN,-0.007084717618011649,-0.27857360736516273,0.0,1
2020-03-06,AMZN,-0.01118509858849451,-0.20029742175997042,0.0,1
2020-03-09,AMZN,0.0018681700229382274,-0.23007152042577986,0.0,1
2020-03-10,AMZN,-0.02892154993445042,-0.3187860441674658,0.0,1
2020-03-11,AMZN,-0.018825869847146206,-0.297882460755868,0.0,1
2020-03-12,AMZN,-0.019071612815776726,-0.24218223371937575,0.0,1
2020-03-13,AMZN,-0.041150763397026016,-0.5358679254196407,0.0,1
2020-03-16,AMZN,-0.005806220889846232,0.026363777508397003,0.0,1
2020-03-17,AMZN,-0.04026799478666472,0.057236439817528406,0.0,1
2020-03-18,AMZN,-0.030482353996192948,0.29353332215830996,0.0,1
2020-03-19,AMZN,-0.03256182122753591,0.4013725603724694,0.0,1
2020-03-20,AMZN,-0.03313497481381676,0.3560176690185111,0.0,1
2020-03-23,AMZN,-0.004276146320815849,0.28106623461569613,0.0,1
2020-03-24,AMZN,0.008437085273921622,0.3828067245512946,0.0,1
2020-03-25,AMZN,0.028142671514836955,0.24237372991284414,0.0,1
2020-03-26,AMZN,-0.033050339348573904,0.39045892247679254,0.0,1
2020-03-27,AMZN,0.02684174651344533,0.17990898553691384,0.0,1
2020-03-30,AMZN,-0.01715817005204012,0.2860863070782259,0.0,1
2020-03-31,AMZN,0.01464880606009844,0.4218779828646157,0.0,1
2020-04-01,AMZN,0.014199962456180054,0.6160629909877547,0.0,1
2020-04-02,AMZN,0.028306947116766453,1.3325219324111344,0.0,1
2020-04-03,AMZN,0.010638381603993429,0.6978138780715302,0.0,1
2020-04-06,AMZN,-0.0059034472486759965,0.839185640148805,0.0,1
2020-04-07,AMZN,0.010459526925794492,1.0931694335022768,0.0,1
2020-04-08,AMZN,-0.018067939530914085,1.0727732296596324,0.0,1
2020-04-09,AMZN,-0.052796408748082106,0.8826728797433352,0.0,1
2020-04-13,AMZN,-0.06892818444983924,1.2869151584928449,0.0,1
2020-04-14,AMZN,-0.051613573784625236,0.7567212724679939,0.0,1
2020-04-15,AMZN,-0.033103217022971594,0.8751412548552511,0.0,1
2020-04-16,AMZN,-0.03710542247685775,0.7043631533759184,0.0,1
2020-04-17,AMZN,-0.04081251888909612,0.36349759673813653,0.0,1
2020-04-20,AMZN,-0.033103217022971594,0.5079503966072393,0.0,1
2020-04-21,AMZN,-0.030741464305270166,0.3797346179891077,0.0,1
2020-04-22,AMZN,-0.03251687659459641,1.4020899828181996,0.0,1
2020-04-23,AMZN,-0.02409825203685998,1.7396278971072425,0.0,1
2020-04-24,AMZN,-0.02482519241264483,1.7873169256803427,0.0,1
2020-04-27,AMZN,-0.009025483806966746,1.0615340821592887,0.0,1
2020-04-28,AMZN,-0.000994571407315619,1.2464133767073848,0.0,1
2020-04-29,AMZN,-0.00803622086437505,0.8466604745202693,0.0,1
2020-04-30,AMZN,-0.012803964355783265,0.95356750178499,0.0,1
2020-05-01,AMZN,0.008942889488140279,0.5320293840078729,0.0,1
2020-05-04,AMZN,-0.004761648349710071,0.41354568707524064,0.0,1
2020-05-05,AMZN,-0.020517234868731436,0.5050397695242556,0.0,1
2020-05-06,AMZN,-0.0003579418396719685,0.03655047323229804,0.0,1
2020-05-07,AMZN,0.0009146829921925252,-0.07153784470223025,0.0,1
2020-05-08,AMZN,-0.028506250390653902,-0.028994232280514783,0.0,1
2020-05-11,AMZN,-0.020224140041090185,-0.5515209003751693,0.0,1
2020-05-12,AMZN,-0.007324631642143522,-0.6149051542393352,0.0,1
2020-05-13,AMZN,-0.005125942856820436,-0.6319446132102464,0.0,1
2020-05-14,AMZN,-0.011095095611295788,-0.8826310544508069,0.0,1
2020-05-15,AMZN,-0.013552835909342897,-0.7704379938849859,0.0,1
2020-05-18,AMZN,-0.010129301042666745,-1.0446318174895801,0.0,1
2020-05-19,AMZN,-0.017524347397130182,-1.0253546779650171,0.0,1
2020-05-20,AMZN,-0.01676146030755597,-0.868665908828061,0.0,1
2020-05-21,AMZN,-0.009390635161770232,-0.9033981403665172,0.0,1
2020-05-22,AMZN,-0.015769900157704353,-1.0400478068669643,0.0,1
2020-05-26,AMZN,-0.017261487754859178,-0.773188173583167,0.0,1
2020-05-27,AMZN,-0.012709008995493012,-0.7941988690350602,0.0,1
2020-05-28,AMZN,-0.012855752267864819,-0.901972464059758,0.0,1
2020-05-29,AMZN,-0.01818772420095436,-1.0360594017757259,0.0,1
2020-06-01,AMZN,0.006742239278256527,-0.4580759328788763,0.0,1
2020-06-02,AMZN,0.009656826192256,-0.5135734472366784,0.0,1
2020-06-03,AMZN,0.006581837001866501,-0.40090773872948826,0.0,1
2020-06-04,AMZN,0.008341723225733233,-0.45076157371485354,0.0,1
2020-06-05,AMZN,0.007932493425794917,-0.4383019275906397,0.0,1
2020-06-08,AMZN,0.005931294137988917,-0.2774348704473761,0.0,1
2020-06-09,AMZN,-0.002358849859490205,0.06665555805261997,0.0,1
2020-06-10,AMZN,-0.010380624594959432,-0.05590352778007448,0.0,1
2020-06-11,AMZN,-0.002799966176501123,0.013748562857212846,0.0,1
2020-06-12,AMZN,0.00605693326749969,-0.04566047774476867,0.0,1
2020-06-15,AMZN,0.008665788608681804,-0.07751420362652624,0.0,1
2020-06-16,AMZN,0.0063168918667777345,-0.05959731729286946,0.0,1
2020-06-17,AMZN,0.0034973545214859046,-0.04201538888197604,0.0,1
2020-06-18,AMZN,-0.004023567303998491,-0.024952808225472165,0.0,1
2020-06-19,AMZN,-0.006505376581494776,0.09775924572289163,0.0,1
2020-06-22,AMZN,-0.00735260204526986,0.11160603849340606,0.0,1
2020-06-23,AMZN,-0.006429606982113823,0.1166204424411599,0.0,1
2020-06-24,AMZN,-0.004292477110876273,0.13229563098355435,0.0,1
2020-06-25,AMZN,-0.007642311383628916,0.13617382820843357,0.0,1
2020-06-26,AMZN,0.001694329695810763,0.243178349010238,0.0,1
2020-06-29,AMZN,0.006379522030924234,0.32850467867734606,0.0,1
2020-06-30,AMZN,0.0019252602097497486,0.5078415335574177,0.0,1
2020-01-02,GOOGL,0.01121741946313922,-0.2929479787982736,0.0,1
2020-01-03,GOOGL,0.01899236854394408,-0.45544473216921316,0.0,1
2020-01-06,GOOGL,0.001748908845587716,-0.3733594572496327,0.0,1
2020-01-07,GOOGL,-0.002151936607679443,-0.6518219564760626,0.0,1
2020-01-08,GOOGL,-0.0012141302286958202,-0.7690514092825128,0.0,1
2020-01-09,GOOGL,-0.006796196431247167,-0.6474793997650768,0.0,1
2020-01-10,GOOGL,-0.000240439666490355,-0.47769851625534826,0.0,1
2020-01-13,GOOGL,0.006755572614154388,-0.44279592519526817,0.0,1
2020-01-14,GOOGL,0.005128951029918991,-0.37559738648717295,0.0,1
2020-01-15,GOOGL,0.00445794582838613,-0.2871345547252139,0.0,1
2020-01-16,GOOGL,-0.001610821496980407,-0.22151572922497098,0.0,1
2020-01-17,GOOGL,-0.013798242933620362,0.40372054704070254,0.0,1
2020-01-21,GOOGL,0.0020993084255514914,0.5234582013536756,0.0,1
2020-01-22,GOOGL,-0.0041991428691787,0.6214960478742445,0.0,1
2020-01-23,GOOGL,-0.002734835147156121,0.6412211316105623,0.0,1
2020-01-24,GOOGL,0.0032433298872353387,0.32023277357276575,0.0,1
2020-01-27,GOOGL,0.014491854491204994,0.38801950412319797,0.0,1
2020-01-28,GOOGL,0.01535919941787302,0.3788338461994221,0.0,1
2020-01-29,GOOGL,0.012861734261565682,0.43629388720126533,0.0,1
2020-01-30,GOOGL,0.015024184748262335,0.40062934852689147,0.0,1
2020-01-31,GOOGL,0.024347623553126276,0.22948759431332086,0.0,1
2020-02-03,GOOGL,-0.001085877974955383,0.08225366810672978,0.0,1
2020-02-04,GOOGL,0.024779242028580808,-0.6984942743136731,0.0,1
2020-02-05,GOOGL,0.028690739267817133,-0.8166107388855159,0.0,1
2020-02-06,GOOGL,0.021223120690443305,-0.6394868510420894,0.0,1
2020-02-07,GOOGL,0.022633567173406945,-0.5571531261084839,0.0,1
2020-02-10,GOOGL,0.020299228520286983,-0.5164457725025919,0.0,1
2020-02-11,GOOGL,0.012954411562855777,-0.44992797639809823,0.0,1
2020-02-12,GOOGL,0.01256814037097654,-0.41207259317741235,0.0,1
2020-02-13,GOOGL,0.016001044737321363,-0.42325379886483583,0.0,1
2020-02-14,GOOGL,0.007600947640378458,-0.47961826562617704,0.0,1
2020-02-18,GOOGL,0.0138394344818245,-0.6094323108413846,0.0,1
2020-02-19,GOOGL,0.014138136472147967,-0.6483538318159862,0.0,1
2020-02-20,GOOGL,0.013814577609199448,-0.5637256033666578,0.0,1
2020-02-21,GOOGL,0.019047311234771505,-0.5079575753806749,0.0,1
2020-02-24,GOOGL,0.024598260145063618,-0.4119980055055515,0.0,1
2020-02-25,GOOGL,0.029497029365300468,-0.3592186958985703,0.0,1
2020-02-26,GOOGL,0.028526139532085208,-0.40311000292426624,0.0,1
2020-02-27,GOOGL,0.037754606703919696,-0.43527526564464436,0.0,1
2020-02-28,GOOGL,0.03653125959781209,-0.3747327603331572,0.0,1
2020-03-02,GOOGL,0.015664917707141648,-0.44185767782677465,0.0,1
2020-03-03,GOOGL,0.025754671357170394,-0.6044447216059642,0.0,1
2020-03-04,GOOGL,0.014707061985709336,-0.4237751094513134,0.0,1
2020-03-05,GOOGL,0.016899630908031912,-0.46922576923743475,0.0,1
2020-03-06,GOOGL,0.018827825631174418,-0.5404964849039512,0.0,1
2020-03-09,GOOGL,-0.009494275182775054,-0.5157364402915321,0.0,1
2020-03-10,GOOGL,-0.03672169008785962,-0.666859264689578,0.0,1
2020-03-11,GOOGL,-0.014563682099717926,-0.6168929287412855,0.0,1
2020-03-12,GOOGL,0.009040387425281658,-0.5114266471677094,0.0,1
2020-03-13,GOOGL,-0.02908071783221598,-0.7699666423344422,0.0,1
2020-03-16,GOOGL,0.0015557644420032095,-0.5091262280519773,0.0,1
2020-03-17,GOOGL,-0.025727700618336492,-0.7339440630292036,0.0,1
2020-03-18,GOOGL,-0.001302635826746844,-0.5698444970485402,0.0,1
2020-03-19,GOOGL,-0.018606522237475463,-0.5467857305339942,0.0,1
2020-03-20,GOOGL,-0.0008303599301261781,-0.5138698304235693,0.0,1
2020-03-23,GOOGL,-0.010130312350281086,-0.539727539469635,0.0,1
2020-03-24,GOOGL,-0.0420702678216087,-0.8800869674191059,0.0,1
2020-03-25,GOOGL,-0.016971387975077308,-0.8416742386585349,0.0,1
2020-03-26,GOOGL,-0.025977807718657955,-1.0839285167509392,0.0,1
2020-03-27,GOOGL,-0.024262561541832234,-0.8026432434120385,0.0,1
2020-03-30,GOOGL,-0.032054114100018447,-0.8932267828124694,0.0,1
2020-03-31,GOOGL,-0.02010232460266795,-0.9009066727183738,0.0,1
2020-04-01,GOOGL,-0.018533524426880766,-0.7882331787182448,0.0,1
2020-04-02,GOOGL,-0.02118124147449858,-1.081249741701002,0.0,1
2020-04-03,GOOGL,-0.01352648729822228,-1.0012071872466128,0.0,1
2020-04-06,GOOGL,0.010989575496350963,-1.3457836444276348,0.0,1
2020-04-07,GOOGL,0.0361896998572767,-0.9771963013642027,0.0,1
2020-04-08,GOOGL,0.018311757165479014,-1.0909388574066523,0.0,1
2020-04-09,GOOGL,0.028561872194922528,-1.162345129548238,0.0,1
2020-04-13,GOOGL,0.022266042347219912,-0.8221252606294016,0.0,1
2020-04-14,GOOGL,-0.0037755973646934845,-1.0391588289961515,0.0,1
2020-04-15,GOOGL,0.012558548454791436,-0.7507818444906273,0.0,1
2020-04-16,GOOGL,-0.008616937532480821,-0.8589377525542666,0.0,1
2020-04-17,GOOGL,-0.009763879868565088,-1.1781746619741529,0.0,1
2020-04-20,GOOGL,-0.01899850148168012,-1.0331443151013664,0.0,1
2020-04-21,GOOGL,0.0539802791398933,-0.2578206032807425,0.0,1
2020-04-22,GOOGL,-0.004765515693428321,-1.0753406864138237,0.0,1
2020-04-23,GOOGL,-0.0016108224743149712,-0.6742330546778715,0.0,1
2020-04-24,GOOGL,0.0029733026725776808,-0.7333501526313754,0.0,1
2020-04-27,GOOGL,0.0032747236664864804,-0.549571933962976,0.0,1
2020-04-28,GOOGL,0.009017880826559797,-0.5421955720920628,0.0,1
2020-04-29,GOOGL,-0.0012265925759710496,0.04615834099608012,0.0,1
2020-04-30,GOOGL,-0.006159373319694149,0.20228579041940564,0.0,1
2020-05-01,GOOGL,-0.0005067655924566553,0.34661027572971603,0.0,1
2020-05-04,GOOGL,-0.000988968355001816,0.36128598490735114,0.0,1
2020-05-05,GOOGL,0.0018992963798715582,0.18854430184217802,0.0,1
2020-05-06,GOOGL,0.021378537798554652,-0.32082623291189116,0.0,1
2020-05-07,GOOGL,0.020941801960013336,-0.2721257627143391,0.0,1
2020-05-08,GOOGL,0.011305163346414451,-0.20977140568399133,0.0,1
2020-05-11,GOOGL,0.016390631372615448,-0.02637192259720673,0.0,1
2020-05-12,GOOGL,0.01732298316963889,0.0028386722200871434,0.0,1
2020-05-13,GOOGL,0.023222333102982735,-0.1641691175769705,0.0,1
2020-05-14,GOOGL,0.024925652229400404,-0.05014404667354117,0.0,1
2020-05-15,GOOGL,0.02106077439646231,-0.1911721848237555,0.0,1
2020-05-18,GOOGL,0.02031128054335173,-0.1580249738649002,0.0,1
2020-05-19,GOOGL,0.022636539193784614,-0.2682349555341168,0.0,1
2020-05-20,GOOGL,0.024557848311942587,-0.19808645011360984,0.0,1
2020-05-21,GOOGL,0.022457482273313,-0.017576523179913997,0.0,1
2020-05-22,GOOGL,0.016737225792055978,0.014584363852833758,0.0,1
2020-05-26,GOOGL,0.012494582857374627,0.451088346237029,0.0,1
2020-05-27,GOOGL,0.006964317710478183,0.5618662061446962,0.0,1
2020-05-28,GOOGL,0.01486200243221158,-0.26395446310174187,0.0,1
2020-05-29,GOOGL,0.013095237786455471,-0.4044691338613551,0.0,1
2020-06-01,GOOGL,0.01427132567200025,-0.40478010689271887,0.0,1
2020-06-02,GOOGL,0.01453892417950436,-0.35838633473361137,0.0,1
2020-06-03,GOOGL,0.008452962874092803,-0.41457380743056105,0.0,1
2020-06-04,GOOGL,0.017190425986390895,-0.41661525340648187,0.0,1
2020-06-05,GOOGL,0.015813750086520476,-0.4089024634581972,0.0,1
2020-06-08,GOOGL,0.016332901613234765,-0.4168438885037596,0.0,1
2020-06-09,GOOGL,0.015165444284602418,-0.5096195480439725,0.0,1
2020-06-10,GOOGL,0.01340030580845793,-0.5756109252062463,0.0,1
2020-06-11,GOOGL,0.02683838818857971,-0.34332557974049177,0.0,1
2020-06-12,GOOGL,0.030385634099200996,-0.2640348574127705,0.0,1
2020-06-15,GOOGL,0.030056028698255913,-0.3365080232299793,0.0,1
2020-06-16,GOOGL,0.02370851887497263,-0.2692921621742303,0.0,1
2020-06-17,GOOGL,0.02365798699430648,-0.2113383743373663,0.0,1
2020-06-18,GOOGL,0.023744475573621894,-0.35158452401237744,0.0,1
2020-06-19,GOOGL,0.023492382327129562,-0.460212999399579,0.0,1
2020-06-22,GOOGL,0.020433202505874114,-0.42607201630809466,0.0,1
2020-06-23,GOOGL,0.02020407110769782,-0.48161344750856766,0.0,1
2020-06-24,GOOGL,0.02180179240001546,-0.4867497572033618,0.0,1
2020-06-25,GOOGL,0.020565438703782454,-0.5033909959377405,0.0,1
2020-06-26,GOOGL,0.01742925928633267,-0.6597039724731938,0.0,1
2020-06-29,GOOGL,0.02170338190662992,-0.8435833530377632,0.0,1
2020-06-30,GOOGL,0.019007640985597127,-0.8521742141263249,0.0,1
2020-01-02,INTC,0.00542075733738186,0.20456370646352673,0.0,1
2020-01-03,INTC,0.005305351628900583,0.30063976966021577,0.0,1
2020-01-06,INTC,0.007099205620070468,-0.01990665186055905,0.0,1
2020-01-07,INTC,0.011499067316357775,-0.7436228852391581,0.0,1
2020-01-08,INTC,0.01194054029637791,-0.8446039452833047,0.0,1
2020-01-09,INTC,0.011553893143766085,-0.8528660379147813,0.0,1
2020-01-10,INTC,0.014615123261688111,-1.1497469327528147,0.0,1
2020-01-13,INTC,0.014495911019349753,-1.023336067925562,0.0,1
2020-01-14,INTC,0.008310205887848048,-1.1685474599741539,0.0,1
2020-01-15,INTC,0.00772010043238961,-1.12484140684152,0.0,1
2020-01-16,INTC,0.008114732024822153,-1.002054972049903,0.0,1
2020-01-17,INTC,0.00842885275821329,-1.1182348408523595,0.0,1
2020-01-21,INTC,0.008406853135895334,-0.8784235808113514,0.0,1
2020-01-22,INTC,-0.0018614205946646553,-0.2639061989597102,0.0,1
2020-01-23,INTC,0.0017039051239400422,-0.2990743772960308,0.0,1
2020-01-24,INTC,-0.003230832977930279,1.7469063671372898,0.0,1
2020-01-27,INTC,0.005926227283954541,1.7267262145138267,0.0,1
2020-01-28,INTC,0.0031745248931820645,1.4191080013730066,0.0,1
2020-01-29,INTC,0.0058328300783861975,0.9408714309252866,0.0,1
2020-01-30,INTC,0.004215883381204236,0.8829935395217836,0.0,1
2020-01-31,INTC,0.014094543035113946,0.32036681492059554,0.0,1
2020-02-03,INTC,0.010564542289422869,-0.10352280832785277,0.0,1
2020-02-04,INTC,0.0129892038410918,0.1629596528533335,0.0,1
2020-02-05,INTC,0.007544148345946944,0.8059633030998882,0.0,1
2020-02-06,INTC,0.0027904845395828734,0.8244384920250591,0.0,1
2020-02-07,INTC,0.00788917413905616,0.5490051965261149,0.0,1
2020-02-10,INTC,0.005865983114154591,0.4652555301703446,0.0,1
2020-02-11,INTC,0.006970879590606889,0.7661200266708611,0.0,1
2020-02-12,INTC,0.0008782928671741692,0.6127555186280371,0.0,1
2020-02-13,INTC,-0.00033703593146250035,0.8208929439152807,0.0,1
2020-02-14,INTC,-0.0011042571700019762,0.5124227865508161,0.0,1
2020-02-18,INTC,0.00019438104446512134,0.1918316071622173,0.0,1
2020-02-19,INTC,0.007554832520612111,-0.013145569044666326,0.0,1
2020-02-20,INTC,0.009620410782961367,-0.3809017359036637,0.0,1
2020-02-21,INTC,0.011344442165780427,-0.3478247553447065,0.0,1
2020-02-24,INTC,0.0005948826408586884,-0.7825290898325037,0.0,1
2020-02-25,INTC,0.0026129412953358076,-0.6365041067241611,0.0,1
2020-02-26,INTC,0.009822937773821296,-0.7691556316127403,0.0,1
2020-02-27,INTC,0.003446088081436282,-0.6999641905329506,0.0,1
2020-02-28,INTC,0.0013973981925877949,-0.8355184254307423,0.0,1
2020-03-02,INTC,-0.006405296865188061,-0.7380164779315591,0.0,1
2020-03-03,INTC,-0.005758405124478731,-0.8036895230654499,0.0,1
2020-03-04,INTC,-0.01563351089010659,-0.7994253347492482,0.0,1
2020-03-05,INTC,-0.03951490596363323,-0.801062995448958,0.0,1
2020-03-06,INTC,-0.034151503918023164,-0.8617629049198612,0.0,1
2020-03-09,INTC,-0.032334203376545245,-0.8517101485740818,0.0,1
2020-03-10,INTC,-0.029942404216930202,-0.9377824420116205,0.0,1
2020-03-11,INTC,-0.0043634920835420535,-0.8704409135129413,0.0,1
2020-03-12,INTC,0.0008451884995996671,-0.8573710334427092,0.0,1
2020-03-13,INTC,-0.0342940191708312,-0.730268794304112,0.0,1
2020-03-16,INTC,-0.008836077479827974,-0.7832495039289477,0.0,1
2020-03-17,INTC,-0.030861106002357037,-0.5696791664913886,0.0,1
2020-03-18,INTC,-0.007561360300145545,-0.6115341797203647,0.0,1
2020-03-19,INTC,-0.020899134824533476,-0.7549222851019628,0.0,1
2020-03-20,INTC,-0.013212696364202308,-0.5559317715735734,0.0,1
2020-03-23,INTC,-0.04740921315776901,-0.2975520057016272,0.0,1
2020-03-24,INTC,-0.028958914183909317,-0.41371296465735985,0.0,1
2020-03-25,INTC,-0.0310686967844018,-0.3882467485605971,0.0,1
2020-03-26,INTC,-0.0014517929821138333,-0.02259580305781532,0.0,1
2020-03-27,INTC,0.03751588022488884,-0.17784050574085328,0.0,1
2020-03-30,INTC,-0.008849108711076793,-0.05368217865746657,0.0,1
2020-03-31,INTC,0.04779012930267495,-0.04918052612946749,0.0,1
2020-04-01,INTC,0.0031831916393433523,-0.06509199277305253,0.0,1
2020-04-02,INTC,0.02226925616968796,0.6278050689576458,0.0,1
2020-04-03,INTC,0.003199239645758857,0.353951710670059,0.0,1
2020-04-06,INTC,-0.012629720614709405,1.475532793517065,0.0,1
2020-04-07,INTC,0.01519901151070315,1.3759539047709952,0.0,1
2020-04-08,INTC,-0.002613828014099051,1.413154862454865,0.0,1
2020-04-09,INTC,0.029254221020159635,1.4417506208512978,0.0,1
2020-04-13,INTC,0.000417758283500116,-0.03325102657488028,0.0,1
2020-04-14,INTC,0.008374427135143123,0.8402483828224602,0.0,1
2020-04-15,INTC,0.03918110633959887,-0.20524476597160182,0.0,1
2020-04-16,INTC,0.004755465789892991,0.33057194268476037,0.0,1
2020-04-17,INTC,0.01619262375724909,1.0675094493569914,0.0,1
2020-04-20,INTC,0.037012726764570035,0.43765500032455495,0.0,1
2020-04-21,INTC,0.06922599038600195,-0.37189027022952725,0.0,1
2020-04-22,INTC,0.017881283944779395,-0.2862102148336042,0.0,1
2020-04-23,INTC,0.05411435558085099,-0.7177289082667967,0.0,1
2020-04-24,INTC,0.053437908609300984,-1.3088869789453432,0.0,1
2020-04-27,INTC,0.04291239763664173,-0.6877829587949411,0.0,1
2020-04-28,INTC,0.004308751375127902,-0.8290053951050786,0.0,1
2020-04-29,INTC,0.0202261049741772,-0.12475641249206591,0.0,1
2020-04-30,INTC,0.017565033552598634,-0.45773852011886773,0.0,1
2020-05-01,INTC,0.05200046795201738,-1.5266034835541324,0.0,1
2020-05-04,INTC,0.045603031865029627,-1.4334493937176975,0.0,1
2020-05-05,INTC,-0.006491606661140014,-1.9275943201443437,0.0,1
2020-05-06,INTC,0.010044021462862792,-1.6831563819884197,0.0,1
2020-05-07,INTC,0.013072465214215132,-1.3026506132263194,0.0,1
2020-05-08,INTC,-0.00139106160482218,-1.2097584097610978,0.0,1
2020-05-11,INTC,0.0023625183161046243,-1.4170934780120628,0.0,1
2020-05-12,INTC,0.005691572905070413,-1.3408950868622498,0.0,1
2020-05-13,INTC,0.004935059022058841,-1.0336559955478841,0.0,1
2020-05-14,INTC,-0.00028548367620109436,-1.022251402385882,0.0,1
2020-05-15,INTC,0.0029477829017400853,-1.199744489583479,0.0,1
2020-05-18,INTC,0.00029775797754835075,-0.9966631438513485,0.0,1
2020-05-19,INTC,3.49488432323573e-05,-0.8058533249503533,0.0,1
2020-05-20,INTC,0.003796577474901509,-0.8797383772510988,0.0,1
2020-05-21,INTC,0.008739926055250839,-0.5364508923704582,0.0,1
2020-05-22,INTC,0.00662910879911097,-0.5400789654813158,0.0,1
2020-05-26,INTC,0.007189657323964802,-0.3424208153263479,0.0,1
2020-05-27,INTC,0.008817628630971476,-0.22600005558734818,0.0,1
2020-05-28,INTC,0.014458190849741016,-1.0153450879230712,0.0,1
2020-05-29,INTC,0.007106472412323998,-0.48098678007728296,0.0,1
2020-06-01,INTC,0.011609896185754772,-0.44818458487681984,0.0,1
2020-06-02,INTC,0.009660754133890045,-0.44712088838231506,0.0,1
2020-06-03,INTC,0.00927720054929021,-0.4532404798501955,0.0,1
2020-06-04,INTC,0.006812775430620671,-0.3229435478666869,0.0,1
2020-06-05,INTC,0.006174765911186873,-0.05000381709679715,0.0,1
2020-06-08,INTC,0.00696609393372654,-0.2173368646706569,0.0,1
2020-06-09,INTC,0.007394772417925552,-0.33266074805143975,0.0,1
2020-06-10,INTC,0.006292200501616847,-0.3186453121490139,0.0,1
2020-06-11,INTC,0.010388621566687494,-0.3943008949258551,0.0,1
2020-06-12,INTC,0.009719260970692187,-0.600645630197036,0.0,1
2020-06-15,INTC,0.005410912932075773,-0.36405683978348313,0.0,1
2020-06-16,INTC,0.004691185175734857,-0.4950731496685412,0.0,1
2020-06-17,INTC,0.0015740909266444263,-0.6350953697245878,0.0,1
2020-06-18,INTC,0.0003016409911036461,-0.8301526737475362,0.0,1
2020-06-19,INTC,0.0029752650899986443,-0.811942041035289,0.0,1
2020-06-22,INTC,0.0047036036691622644,-0.8043904464564273,0.0,1
2020-06-23,INTC,0.0035950740752638635,-0.8508569151331907,0.0,1
2020-06-24,INTC,-0.0024080911018507754,-0.8762335799527052,0.0,1
2020-06-25,INTC,0.006325371081997076,-0.8342558312373646,0.0,1
2020-06-26,INTC,0.01426132714998801,-0.8780149021884995,0.0,1
2020-06-29,INTC,0.002011398122550672,-1.178975569837146,0.0,1
2020-06-30,INTC,0.006794531765766109,-1.0576554233540676,0.0,1
2020-01-02,MSFT,0.011898149636402289,0.03868996324849039,0.0,1
2020-01-03,MSFT,0.013347002928871182,0.033876630883059235,0.0,1
2020-01-06,MSFT,0.012416492099339657,-0.20421272436859148,0.0,1
2020-01-07,MSFT,0.011791728841562314,-0.7200222002116062,0.0,1
2020-01-08,MSFT,0.009126219478428602,-0.483900697451069,0.0,1
2020-01-09,MSFT,0.00981726150360464,-0.3133127174088001,0.0,1
2020-01-10,MSFT,0.007831883501302983,-0.46592234884839806,0.0,1
2020-01-13,MSFT,0.0077488022063681265,-0.4851213310776555,0.0,1
2020-01-14,MSFT,0.007703084840149573,-0.6802382604135057,0.0,1
2020-01-15,MSFT,0.007513022698648776,-0.48393560404002184,0.0,1
2020-01-16,MSFT,0.006510156052826542,-0.11709686714186603,0.0,1
2020-01-17,MSFT,-0.0029151643806301602,0.05385470127174435,0.0,1
2020-01-21,MSFT,0.007859362942847873,-0.16064567971415308,0.0,1
2020-01-22,MSFT,0.005900160553871828,-0.5618431708429935,0.0,1
2020-01-23,MSFT,0.007513022698648776,-0.6075295279792085,0.0,1
2020-01-24,MSFT,0.00672522493132389,-0.6442546526258759,0.0,1
2020-01-27,MSFT,0.009709334104189586,-0.40689757096865214,0.0,1
2020-01-28,MSFT,0.007360767603537743,-0.24803063762520836,0.0,1
2020-01-29,MSFT,0.005173812928411484,0.015891275906601617,0.0,1
2020-01-30,MSFT,-0.006587868286178735,0.5921744776152539,0.0,1
2020-01-31,MSFT,0.005950053061411357,0.528096666691136,0.0,1
2020-02-03,MSFT,-0.00310832322204924,0.19586175791446786,0.0,1
2020-02-04,MSFT,-0.009168708060340544,0.7598673451230072,0.0,1
2020-02-05,MSFT,-0.007082845868399861,0.7896247844783191,0.0,1
2020-02-06,MSFT,-0.009475996775398957,0.8834630428913868,0.0,1
2020-02-07,MSFT,-0.010176343992855918,0.7743086075513225,0.0,1
2020-02-10,MSFT,-0.018618933877117563,0.9502625665281488,0.0,1
2020-02-11,MSFT,-0.0028231536359281635,0.6667048102356811,0.0,1
2020-02-12,MSFT,-0.0029974435246154603,0.5941694134291012,0.0,1
2020-02-13,MSFT,0.00023858564114588978,0.5166638638188076,0.0,1
2020-02-14,MSFT,-0.0003293425519677457,0.30800371843507496,0.0,1
2020-02-18,MSFT,0.0021601825072317888,0.23969900560300225,0.0,1
2020-02-19,MSFT,0.0030895297971672195,0.09201114576456779,0.0,1
2020-02-20,MSFT,0.0031754011769577132,0.0906135512553589,0.0,1
2020-02-21,MSFT,0.0032202615429103706,0.03906390963949867,0.0,1
2020-02-24,MSFT,0.0030668908771025903,0.0056981938135441295,0.0,1
2020-02-25,MSFT,0.0019058938989858665,-0.002154028155537156,0.0,1
2020-02-26,MSFT,0.004025978086026868,-0.012269237263275841,0.0,1
2020-02-27,MSFT,0.0225302112382583,-0.2434196196510448,0.0,1
2020-02-28,MSFT,0.011476650600691644,-0.26564021329331794,0.0,1
2020-03-02,MSFT,-0.016268302681244625,-0.16131512312092874,0.0,1
2020-03-03,MSFT,0.011004832904710627,-0.30599474441145164,0.0,1
2020-03-04,MSFT,-0.025902585719775856,-0.46746301675612406,0.0,1
2020-03-05,MSFT,-0.02721005643073521,-0.3708151680173788,0.0,1
2020-03-06,MSFT,-0.03997665514377908,-0.5103131310724149,0.0,1
2020-03-09,MSFT,-0.0024195629892213313,-0.5200235573914096,0.0,1
2020-03-10,MSFT,-0.037806319366651256,-0.5836430219131643,0.0,1
2020-03-11,MSFT,-0.001679795771265862,-0.37899429132931456,0.0,1
2020-03-12,MSFT,0.00023490367835675045,-0.37171604226851795,0.0,1
2020-03-13,MSFT,-0.03899427423947286,-0.22871774644279413,0.0,1
2020-03-16,MSFT,-0.001523479989562412,-0.34411808770207303,0.0,1
2020-03-17,MSFT,-0.0290546461951109,-0.3558103162707149,0.0,1
2020-03-18,MSFT,-0.002574159965948861,-0.3392883955222633,0.0,1
2020-03-19,MSFT,-0.026912345019909713,-0.2705202296031594,0.0,1
2020-03-20,MSFT,-0.0019855406347816344,-0.24862724911496226,0.0,1
2020-03-23,MSFT,-0.02711494671588912,-0.32590883963480566,0.0,1
2020-03-24,MSFT,-0.025271992357160166,-0.37374532959014906,0.0,1
2020-03-25,MSFT,-0.043740546967155076,-0.3610324819152887,0.0,1
2020-03-26,MSFT,-0.021486381811363215,-0.0984518506560762,0.0,1
2020-03-27,MSFT,0.019709249235858983,-0.283096908697505,0.0,1
2020-03-30,MSFT,-0.030010663985996416,-0.22870542251303613,0.0,1
2020-03-31,MSFT,0.0025736096104211716,-0.1209056280865855,0.0,1
2020-04-01,MSFT,-0.0017867118214964076,-0.00013983733000512725,0.0,1
2020-04-02,MSFT,0.03379092140108306,0.29446332507741474,0.0,1
2020-04-03,MSFT,-0.007888944950978999,0.15701570060623435,0.0,1
2020-04-06,MSFT,-0.021262649891904656,0.6445813819967687,0.0,1
2020-04-07,MSFT,-0.012163974839177541,0.37212413053814375,0.0,1
2020-04-08,MSFT,-0.028177635695441176,0.25817928781788246,0.0,1
2020-04-09,MSFT,-0.007352430497367581,0.40809417983853136,0.0,1
2020-04-13,MSFT,-0.012189359207530483,-0.3849514642610254,0.0,1
2020-04-14,MSFT,-0.021280459325480016,0.037964974633565705,0.0,1
2020-04-15,MSFT,-0.008082908054566816,-0.2356053265699401,0.0,1
2020-04-16,MSFT,-0.03500748204944318,0.17898580406311015,0.0,1
2020-04-17,MSFT,-0.03342472629453831,0.20974981764336117,0.0,1
2020-04-20,MSFT,-0.0413393078838757,0.2151879703067642,0.0,1
2020-04-21,MSFT,0.04726744613885909,0.4719909788699229,0.0,1
2020-04-22,MSFT,-0.014464264338586877,0.25375224913231587,0.0,1
2020-04-23,MSFT,0.019651382237568106,-0.41239737525365566,0.0,1
2020-04-24,MSFT,-0.02122787748810551,-0.35244383588588074,0.0,1
2020-04-27,MSFT,-0.010668700208813109,-0.2753749207016402,0.0,1
2020-04-28,MSFT,-0.014523185635962707,-0.8109535839550738,0.0,1
2020-04-29,MSFT,-0.023616788739567424,-0.34310084867630813,0.0,1
2020-04-30,MSFT,-0.027651920254277935,-0.23678789121572216,0.0,1
2020-05-01,MSFT,-0.014690768167521396,-0.4975402231224823,0.0,1
2020-05-04,MSFT,-0.01788846803331086,-0.2580200944626483,0.0,1
2020-05-05,MSFT,-0.021822572743268397,-0.540986108564244,0.0,1
2020-05-06,MSFT,-0.006700489650992249,-0.5643194357928135,0.0,1
2020-05-07,MSFT,-0.011769772224312892,-0.4575956403537786,0.0,1
2020-05-08,MSFT,-0.019349467773308638,-0.5083623477077636,0.0,1
2020-05-11,MSFT,-0.017337515823389556,-0.3629401053336667,0.0,1
2020-05-12,MSFT,-0.003486661948331033,-0.40611622917944007,0.0,1
2020-05-13,MSFT,0.002759674220024343,-0.43306758810453044,0.0,1
2020-05-14,MSFT,-0.00501712377074748,-0.6174733286261224,0.0,1
2020-05-15,MSFT,-0.008052281415347253,-0.6633552421650799,0.0,1
2020-05-18,MSFT,-0.007270476468034591,-0.5984723076500036,0.0,1
2020-05-19,MSFT,0.002614340071749772,-0.6351829438606146,0.0,1
2020-05-20,MSFT,-0.004194164708013159,-0.6975082212122472,0.0,1
2020-05-21,MSFT,0.00030969048361448526,-0.3600464095695768,0.0,1
2020-05-22,MSFT,-0.001123309179549942,-0.5653437515758645,0.0,1
2020-05-26,MSFT,0.0005870773208682459,-0.44207810321497737,0.0,1
2020-05-27,MSFT,0.0073474386612619345,-0.40166806631815255,0.0,1
2020-05-28,MSFT,0.008059469280445842,-0.7127600738305101,0.0,1
2020-05-29,MSFT,0.005635601129704862,-0.7239503870904732,0.0,1
2020-06-01,MSFT,0.006920596485935773,-0.654966181181156,0.0,1
2020-06-02,MSFT,0.009804560850842853,-0.7233499357696319,0.0,1
2020-06-03,MSFT,0.005789509994302701,-0.6338524296899499,0.0,1
2020-06-04,MSFT,0.006885895520118101,-0.7541421118869174,0.0,1
2020-06-05,MSFT,0.005736488636603323,-0.7024993891265615,0.0,1
2020-06-08,MSFT,0.005638145225246599,-0.6374881356641058,0.0,1
2020-06-09,MSFT,0.004400485275606844,-0.7055252390806857,0.0,1
2020-06-10,MSFT,-0.011213224520126993,-0.4288456594628501,0.0,1
2020-06-11,MSFT,0.00986346411034249,-0.3483613161603446,0.0,1
2020-06-12,MSFT,0.006415512612576254,-0.2502576042392898,0.0,1
2020-06-15,MSFT,0.005239595069986973,-0.3388349102688649,0.0,1
2020-06-16,MSFT,0.0054754733269781405,-0.23501056083336544,0.0,1
2020-06-17,MSFT,0.0026868636139992055,-0.18069419050622104,0.0,1
2020-06-18,MSFT,-0.00678719323219584,-0.06181325408921201,0.0,1
2020-06-19,MSFT,-0.009293175424953982,-0.10583805108328911,0.0,1
2020-06-22,MSFT,-0.015116623904397613,-0.015955039174481756,0.0,1
2020-06-23,MSFT,-0.016280048862184846,-0.041270773817701584,0.0,1
2020-06-24,MSFT,-0.007079110362006534,-0.09553301607275691,0.0,1
2020-06-25,MSFT,-0.011990995368120013,-0.07265693903640587,0.0,1
2020-06-26,MSFT,-0.0051695946283120435,0.058028397354787695,0.0,1
2020-06-29,MSFT,-0.005984214817955375,0.33550123464023884,0.0,1
2020-06-30,MSFT,-0.01127369995584427,0.35147194048523905,0.0,1
2020-01-02,NVDA,-0.004014926842548761,1.45401498745077,0.0,1
2020-01-03,NVDA,0.006064285283368454,1.315490798548582,0.0,1
2020-01-06,NVDA,0.0004362715265113795,1.5325150401759242,0.0,1
2020-01-07,NVDA,-0.0009214542486184242,1.2605124524593634,0.0,1
2020-01-08,NVDA,-0.0037798800263155055,1.3869824910471544,0.0,1
2020-01-09,NVDA,-0.0035442317672288648,1.0709360940326202,0.0,1
2020-01-10,NVDA,-0.001933726861950719,0.8802067626727907,0.0,1
2020-01-13,NVDA,-0.012514087808539763,0.5715956108045848,0.0,1
2020-01-14,NVDA,-0.014278723021071842,0.6060477468793442,0.0,1
2020-01-15,NVDA,-0.0042783684245373994,0.4766056969003531,0.0,1
2020-01-16,NVDA,-0.012331383576670189,0.31695377393441754,0.0,1
2020-01-17,NVDA,-0.021319437792845963,0.16165843441176633,0.0,1
2020-01-21,NVDA,0.0033405694581464585,-0.6358543793376588,0.0,1
2020-01-22,NVDA,-0.00532936940020564,-0.7646101744301047,0.0,1
2020-01-23,NVDA,-0.021111090426128524,-0.618595239254638,0.0,1
2020-01-24,NVDA,-0.008748415739926973,-0.6205290221183506,0.0,1
2020-01-27,NVDA,0.006021314063985086,-0.931384638402161,0.0,1
2020-01-28,NVDA,-0.02089789889378764,-0.12274242555164232,0.0,1
2020-01-29,NVDA,-0.011261567825276368,-0.1723020108989132,0.0,1
2020-01-30,NVDA,-0.010589908993191115,-0.3968071317790358,0.0,1
2020-01-31,NVDA,-0.02394613920847373,-1.1797890030381897,0.0,1
2020-02-03,NVDA,-0.025765050907043414,-0.6900955821392412,0.0,1
2020-02-04,NVDA,-0.018090786468697145,-0.5738262039729277,0.0,1
2020-02-05,NVDA,-0.019666391826659788,-0.6848338499339676,0.0,1
2020-02-06,NVDA,-0.02158446595801633,-0.525648645295267,0.0,1
2020-02-07,NVDA,-0.01609740589148716,-0.6507293975315633,0.0,1
2020-02-10,NVDA,-0.027406669372505504,-0.25147101631262414,0.0,1
2020-02-11,NVDA,-0.020538404312549725,-0.2498223382609645,0.0,1
2020-02-12,NVDA,-0.0026765370439277734,0.11364310157165344,0.0,1
2020-02-13,NVDA,-0.014833136537384915,0.2236260095448421,0.0,1
2020-02-14,NVDA,-0.017821396454904857,0.8711403599086253,0.0,1
2020-02-18,NVDA,-0.019468072262674926,0.8686115100891232,0.0,1
2020-02-19,NVDA,-0.020218351839649172,1.1480024042014005,0.0,1
2020-02-20,NVDA,-0.03719356279879821,0.9163771324474668,0.0,1
2020-02-21,NVDA,-0.038731088256522786,0.6875388372427345,0.0,1
2020-02-24,NVDA,0.00027786699729814683,0.3211009183462803,0.0,1
2020-02-25,NVDA,0.013505908235886719,0.2645725195766643,0.0,1
2020-02-26,NVDA,0.005110736578931627,0.24639911871825484,0.0,1
2020-02-27,NVDA,0.03169556770220106,0.15457221070575286,0.0,1
2020-02-28,NVDA,0.006643245056653724,0.6335297321898861,0.0,1
2020-03-02,NVDA,0.0011144312798637551,0.6879020892594748,0.0,1
2020-03-03,NVDA,0.006072607561268372,0.7939205201364887,0.0,1
2020-03-04,NVDA,-0.018940853899091673,0.9152127807441672,0.0,1
2020-03-05,NVDA,-0.009290696235506572,0.5472245743932286,0.0,1
2020-03-06,NVDA,0.02025339933476178,0.6248719879719011,0.0,1
2020-03-09,NVDA,0.015725029970853066,0.4850807519926242,0.0,1
2020-03-10,NVDA,-0.0007649451951787273,0.5814041869389541,0.0,1
2020-03-11,NVDA,0.005541906023726484,0.23010809989580555,0.0,1
2020-03-12,NVDA,-0.07271961106083238,-0.1330131549962161,0.0,1
2020-03-13,NVDA,-0.023043390566344978,-0.035684486991074384,0.0,1
2020-03-16,NVDA,-0.07730871582850783,-0.688494229011677,0.0,1
2020-03-17,NVDA,-0.08950444959834669,-0.7554087154667851,0.0,1
2020-03-18,NVDA,-0.0810070128355349,-1.0482374761491375,0.0,1
2020-03-19,NVDA,-0.1171531119159588,-0.8330766123766149,0.0,1
2020-03-20,NVDA,-0.11293852421657187,-0.6221218780661963,0.0,1
2020-03-23,NVDA,-0.1305901616673099,-0.3939679478031795,0.0,1
2020-03-24,NVDA,-0.052340922654812154,0.14275204520205614,0.0,1
2020-03-25,NVDA,-0.053508142289471705,0.009838815909412744,0.0,1
2020-03-26,NVDA,-0.046007754877121845,0.20388210982112046,0.0,1
2020-03-27,NVDA,-0.05038992888835957,-0.21868917175667796,0.0,1
2020-03-30,NVDA,-0.04761894288113931,-0.007225028308427125,0.0,1
2020-03-31,NVDA,-0.04705450742448402,0.16250158528982814,0.0,1
2020-04-01,NVDA,-0.09901059055598685,-0.3142139127170491,0.0,1
2020-04-02,NVDA,-0.03442643485798907,0.31100703491675086,0.0,1
2020-04-03,NVDA,-0.03797882397960747,-0.21855943866000285,0.0,1
2020-04-06,NVDA,-0.04675854153367231,0.5849300211963433,0.0,1
2020-04-07,NVDA,-0.028323354227497894,0.009302928458117622,0.0,1
2020-04-08,NVDA,-0.04632043053630272,0.4005310832485766,0.0,1
2020-04-09,NVDA,-0.04400373079275332,0.8400335100813644,0.0,1
2020-04-13,NVDA,-0.04499778451782914,0.37268443836439574,0.0,1
2020-04-14,NVDA,-0.033867823373364074,1.7349229784218947,0.0,1
2020-04-15,NVDA,-0.025879575606925005,1.047426313594727,0.0,1
2020-04-16,NVDA,-0.04014647769634098,2.014044377095197,0.0,1
2020-04-17,NVDA,-0.037562955992534515,1.874413305780872,0.0,1
2020-04-20,NVDA,-0.03711788927919917,1.817705866951604,0.0,1
2020-04-21,NVDA,0.018216528264386744,0.7578685445147789,0.0,1
2020-04-22,NVDA,-0.02159288312146368,-0.2525753057040932,0.0,1
2020-04-23,NVDA,0.0011247505318197262,-0.6255498858848774,0.0,1
2020-04-24,NVDA,-0.0021611193999876172,-0.20964099802552075,0.0,1
2020-04-27,NVDA,-0.019500490881431905,-0.08009236956446489,0.0,1
2020-04-28,NVDA,-0.017272304077964436,-0.1643381752553577,0.0,1
2020-04-29,NVDA,-0.019656135271488583,-0.24981979814720684,0.0,1
2020-04-30,NVDA,-6.761452525748878e-05,0.006838907345669147,0.0,1
2020-05-01,NVDA,0.02089676039073473,-0.7660173615260408,0.0,1
2020-05-04,NVDA,0.01894574378592252,0.14983782791744887,0.0,1
2020-05-05,NVDA,-0.03511215067183046,-0.5302059209872954,0.0,1
2020-05-06,NVDA,-0.03419948311611064,-0.1840898573080762,0.0,1
2020-05-07,NVDA,-0.028643889887355736,-0.20975016897575852,0.0,1
2020-05-08,NVDA,-0.03824555708316061,0.21328337213584134,0.0,1
2020-05-11,NVDA,-0.03359875119821069,0.3598903197476815,0.0,1
2020-05-12,NVDA,-0.03354624983365048,0.14113935118116058,0.0,1
2020-05-13,NVDA,-0.04025213493790836,0.19656705293365395,0.0,1
2020-05-14,NVDA,-0.02990922046154634,0.054184419780635346,0.0,1
2020-05-15,NVDA,-0.04221716923066715,0.6772832232106972,0.0,1
2020-05-18,NVDA,-0.030554881223890655,1.1083347398302374,0.0,1
2020-05-19,NVDA,-0.03494246501250025,1.3338291334171588,0.0,1
2020-05-20,NVDA,-0.033942232940916174,1.2313142449920411,0.0,1
2020-05-21,NVDA,-0.03023372751884091,1.2991982426185145,0.0,1
2020-05-22,NVDA,-0.03267492302832551,1.5500391478892566,0.0,1
2020-05-26,NVDA,-0.02314893183768484,1.134797025873908,0.0,1
2020-05-27,NVDA,-0.024931449105853182,0.7841082757299567,0.0,1
2020-05-28,NVDA,-0.004715625362479113,0.8888079868798576,0.0,1
2020-05-29,NVDA,-0.011135490581548717,0.8233945680965202,0.0,1
2020-06-01,NVDA,-0.02631572685962489,0.5987052052755901,0.0,1
2020-06-02,NVDA,-0.03278008585302405,0.47216315248820223,0.0,1
2020-06-03,NVDA,-0.03278767367310833,0.30894596969053695,0.0,1
2020-06-04,NVDA,-0.03361063112478495,0.5081075985562236,0.0,1
2020-06-05,NVDA,-0.03554355791580136,0.7890705792347521,0.0,1
2020-06-08,NVDA,-0.03421526192840542,0.3570471496360288,0.0,1
2020-06-09,NVDA,-0.033337442024737984,0.6089465049068601,0.0,1
2020-06-10,NVDA,-0.02976328990974602,0.639147664519651,0.0,1
2020-06-11,NVDA,-0.028164473805042452,0.462086007148455,0.0,1
2020-06-12,NVDA,-0.03474987193552721,0.38507802937604424,0.0,1
2020-06-15,NVDA,-0.04002802997496517,0.027536435245597124,0.0,1
2020-06-16,NVDA,-0.036343017464554414,-0.31542383860722084,0.0,1
2020-06-17,NVDA,-0.033881952365391016,-0.27058508577977347,0.0,1
2020-06-18,NVDA,-0.03502383483410133,-0.2756528997774808,0.0,1
2020-06-19,NVDA,-0.03225143794073127,-0.161436060663142,0.0,1
2020-06-22,NVDA,-0.031654675359212806,-0.2443942459982514,0.0,1
2020-06-23,NVDA,-0.011933482715870077,-0.18904433063325823,0.0,1
2020-06-24,NVDA,-0.010592417745775943,-0.11702395366914341,0.0,1
2020-06-25,NVDA,-0.009417098319211321,-0.0029871639160313434,0.0,1
2020-06-26,NVDA,-0.027689816259583343,-0.17598253701601918,0.0,1
2020-06-29,NVDA,-0.03058424485207816,-0.08891461530702448,0.0,1
2020-06-30,NVDA,-0.033695721976337564,0.10649457365519521,0.0,1
2020-01-02,PFE,0.033866959074178006,-0.7993010236740201,0.0,1
2020-01-03,PFE,0.03657074700430178,-0.6711885080486394,0.0,1
2020-01-06,PFE,0.0357538182420754,-1.0924047684493186,0.0,1
2020-01-07,PFE,0.02880809655213093,-1.2858709483473372,0.0,1
2020-01-08,PFE,0.03276619461727208,-1.4373601717506892,0.0,1
2020-01-09,PFE,0.03443405600744322,-1.6684615584818254,0.0,1
2020-01-10,PFE,0.03412181814975809,-1.1394891506365414,0.0,1
2020-01-13,PFE,0.03412181814975809,-1.253747247142172,0.0,1
2020-01-14,PFE,0.01041330127229142,-0.769104472586077,0.0,1
2020-01-15,PFE,0.01708454009594276,-0.7175710011976157,0.0,1
2020-01-16,PFE,0.014914744855867811,-0.9277679312664827,0.0,1
2020-01-17,PFE,0.034138933590525306,-1.1431249905532679,0.0,1
2020-01-21,PFE,0.03660171431945882,-1.156405669399341,0.0,1
2020-01-22,PFE,0.03409841877229311,-1.2949922808055132,0.0,1
2020-01-23,PFE,0.026886940688962403,-1.3482430133223702,0.0,1
2020-01-24,PFE,0.00916814765759253,-1.454510129277383,0.0,1
2020-01-27,PFE,0.007596889784856437,-0.4902318931996527,0.0,1
2020-01-28,PFE,0.01236161333928092,-1.7357836715838708,0.0,1
2020-01-29,PFE,0.012306707237328036,-1.9945617860603084,0.0,1
2020-01-30,PFE,0.01124286280396109,-2.121276112130612,0.0,1
2020-01-31,PFE,0.012862137013432145,-1.7385401621622218,0.0,1
2020-02-03,PFE,0.011651231280219741,-1.1769067989022999,0.0,1
2020-02-04,PFE,0.011946062309798397,-1.5087037902569236,0.0,1
2020-02-05,PFE,0.011934454268371326,-1.4494354198027106,0.0,1
2020-02-06,PFE,0.012794948430629498,-1.6009247859234184,0.0,1
2020-02-07,PFE,0.010510678551594852,-1.3238344937203357,0.0,1
2020-02-10,PFE,0.013293623146777052,-1.6575062436055967,0.0,1
2020-02-11,PFE,0.008116969835014705,-1.4464350025914614,0.0,1
2020-02-12,PFE,0.010420206122669822,-1.8369362299729997,0.0,1
2020-02-13,PFE,0.01729623509322993,-2.1221908008076475,0.0,1
2020-02-14,PFE,0.01992905082781825,-2.087014242692547,0.0,1
2020-02-18,PFE,0.016655742847706028,-1.7108006311734636,0.0,1
2020-02-19,PFE,0.012877159497449199,-1.5555737154587432,0.0,1
2020-02-20,PFE,0.014962611140811521,-1.4101132217852748,0.0,1
2020-02-21,PFE,-0.0007742126043927703,-1.331084247725645,0.0,1
2020-02-24,PFE,0.01051303136315912,-0.9432516078272647,0.0,1
2020-02-25,PFE,0.009125942530957585,-0.9428415128387904,0.0,1
2020-02-26,PFE,0.021451227220503757,-0.6128064837625011,0.0,1
2020-02-27,PFE,0.024615050248033378,-0.37020041012643146,0.0,1
2020-02-28,PFE,0.026342615241769233,-0.48426653662914676,0.0,1
2020-03-02,PFE,-0.01423504928330632,-0.614671714738099,0.0,1
2020-03-03,PFE,-0.002512177169736394,-0.5215079900430122,0.0,1
2020-03-04,PFE,-0.010961831849003173,-0.35603709619237184,0.0,1
2020-03-05,PFE,-0.00969638363829064,-0.3582457308190521,0.0,1
2020-03-06,PFE,-0.009706878926757688,-0.28258508338006955,0.0,1
2020-03-09,PFE,-0.02157138441797727,-0.09195103023134481,0.0,1
2020-03-10,PFE,-0.0065499913679995065,-0.0804892215181447,0.0,1
2020-03-11,PFE,-0.04804913680524509,-0.31228123989514733,0.0,1
2020-03-12,PFE,-0.045421685233760625,-0.12519099032351882,0.0,1
2020-03-13,PFE,-0.026759963495432745,-0.07116009991074429,0.0,1
2020-03-16,PFE,-0.023128833769633712,0.2501729728052787,0.0,1
2020-03-17,PFE,-0.022937114914099076,0.41754086264320933,0.0,1
2020-03-18,PFE,0.024917493327974632,0.6314101735270176,0.0,1
2020-03-19,PFE,-0.03363788987016955,0.232616458604897,0.0,1
2020-03-20,PFE,-0.024487898025671733,-0.015486045605851564,0.0,1
2020-03-23,PFE,-0.030212185033223368,-0.22147772005433886,0.0,1
2020-03-24,PFE,-0.02588710090096383,-0.42833793885509286,0.0,1
2020-03-25,PFE,-0.0342501409935481,-0.40508574344105264,0.0,1
2020-03-26,PFE,0.0042741005278691116,-0.635051247735296,0.0,1
2020-03-27,PFE,0.023860563901342977,-0.27993119256270016,0.0,1
2020-03-30,PFE,0.0037292981704067233,-0.16698060061706724,0.0,1
2020-03-31,PFE,0.02095184113127247,-0.18206398276779026,0.0,1
2020-04-01,PFE,-0.0327049988762631,-0.16437014471023687,0.0,1
2020-04-02,PFE,0.004130418343752139,0.18295580037411563,0.0,1
2020-04-03,PFE,-0.015375242382433867,0.2474975540857585,0.0,1
2020-04-06,PFE,-0.014584953468909041,-0.5307797748249696,0.0,1
2020-04-07,PFE,0.010079505588171502,-0.3026043436533916,0.0,1
2020-04-08,PFE,-0.011376458836085408,0.2699465265786366,0.0,1
2020-04-09,PFE,0.010087005748270142,0.2747757912744711,0.0,1
2020-04-13,PFE,-0.008102806557175584,-0.07345692315866639,0.0,1
2020-04-14,PFE,-0.006735281441798244,-0.7450169675617753,0.0,1
2020-04-15,PFE,-0.009489697320588053,-0.8157022793227874,0.0,1
2020-04-16,PFE,-0.020580865089593118,-1.2752766548215817,0.0,1
2020-04-17,PFE,-0.018602233993333227,-0.31455920958331574,0.0,1
2020-04-20,PFE,-0.00023613704863380055,-0.1947258188336973,0.0,1
2020-04-21,PFE,0.00600589411189899,0.611571107945768,0.0,1
2020-04-22,PFE,0.0018664081442912475,1.4567466518391792,0.0,1
2020-04-23,PFE,-0.0003743819663997105,0.9433010314960719,0.0,1
2020-04-24,PFE,0.0004768327331053989,0.7546852553226577,0.0,1
2020-04-27,PFE,-0.003481940029982433,0.9091570087433172,0.0,1
2020-04-28,PFE,-0.0042646511417555955,0.935846671285283,0.0,1
2020-04-29,PFE,-0.0012882999820976306,0.21162511812330678,0.0,1
2020-04-30,PFE,-0.00595409982533804,0.06436891426354518,0.0,1
2020-05-01,PFE,0.0010158972762571924,-0.17875974022135427,0.0,1
2020-05-04,PFE,0.0060678191588151974,-0.8281465728672618,0.0,1
2020-05-05,PFE,0.006792966129380048,-0.2228664302765794,0.0,1
2020-05-06,PFE,-0.0022387321039466757,-0.22824004659394878,0.0,1
2020-05-07,PFE,0.008946799950623127,-0.7284154193369455,0.0,1
2020-05-08,PFE,0.00015656892923548586,-1.0860991946259482,0.0,1
2020-05-11,PFE,0.008267106953089768,-0.7199387160867334,0.0,1
2020-05-12,PFE,0.0006641188857731568,-0.5785389104281925,0.0,1
2020-05-13,PFE,0.0017213899746743784,-0.48861054042126234,0.0,1
2020-05-14,PFE,-0.0008118513746172674,-0.16182554992447104,0.0,1
2020-05-15,PFE,-0.0021034556399870874,-0.587702571925887,0.0,1
2020-05-18,PFE,0.008945546954164335,-0.5000410148381533,0.0,1
2020-05-19,PFE,0.006200293224321014,-0.8743392612570631,0.0,1
2020-05-20,PFE,0.006672476051102845,-0.9589757233418151,0.0,1
2020-05-21,PFE,0.009174669854558868,-0.8428049301004272,0.0,1
2020-05-22,PFE,0.0067620091524922205,-1.0164574750700288,0.0,1
2020-05-26,PFE,0.004436861017765992,-1.1618365472053758,0.0,1
2020-05-27,PFE,0.004304334016790194,-1.3453565277152009,0.0,1
2020-05-28,PFE,0.004581394466787945,-0.9078233135136076,0.0,1
2020-05-29,PFE,0.004371661661898,-0.8866468072804358,0.0,1
2020-06-01,PFE,0.009614623589285106,-1.288497455178433,0.0,1
2020-06-02,PFE,0.01456613114830059,-1.1744110445782145,0.0,1
2020-06-03,PFE,0.007547946172768659,-1.0883672654519918,0.0,1
2020-06-04,PFE,0.0064068593490971175,-1.1948359122585692,0.0,1
2020-06-05,PFE,0.006340063014126798,-1.1918326306470588,0.0,1
2020-06-08,PFE,0.010797689145290765,-1.0142175522795844,0.0,1
2020-06-09,PFE,0.010448112722207392,-1.58501733197896,0.0,1
2020-06-10,PFE,0.006775554303720332,-1.501802090585259,0.0,1
2020-06-11,PFE,0.013489494741505723,-1.5852045899164118,0.0,1
2020-06-12,PFE,0.0015164554155933318,-1.6372206393723046,0.0,1
2020-06-15,PFE,-0.018964218336883585,-1.528112003235617,0.0,1
2020-06-16,PFE,-0.01941538297298136,-1.309307527713514,0.0,1
2020-06-17,PFE,0.00578195521846975,-1.5268280632428581,0.0,1
2020-06-18,PFE,-0.0008008862567115893,-1.332282946595875,0.0,1
2020-06-19,PFE,-0.009176671527278631,-1.2619214803974652,0.0,1
2020-06-22,PFE,-0.008765868797220069,-1.3115071922368615,0.0,1
2020-06-23,PFE,-0.009359475209067675,-1.318228500253733,0.0,1
2020-06-24,PFE,-0.015124042093088054,-1.2171281321601295,0.0,1
2020-06-25,PFE,-0.014419401363068667,-1.330802489130706,0.0,1
2020-06-26,PFE,-0.01627357174262022,-1.321806209196282,0.0,1
2020-06-29,PFE,0.010904779990875288,-1.4059354716584516,0.0,1
2020-06-30,PFE,0.013513683794627283,-1.6606768477693494,0.0,1
2020-01-02,PYPL,0.007398022051468724,-0.4395427485623115,0.0,1
2020-01-03,PYPL,0.010865552654822449,-0.3896919343441876,0.0,1
2020-01-06,PYPL,0.008323987064977278,-0.37432634812150484,0.0,1
2020-01-07,PYPL,0.007499813047018082,-0.44862631505304895,0.0,1
2020-01-08,PYPL,0.0074802786482953765,0.008018521612036875,0.0,1
2020-01-09,PYPL,0.007241589138104567,-0.009854269739031507,0.0,1
2020-01-10,PYPL,0.00048597734677767413,-0.31532442867538957,0.0,1
2020-01-13,PYPL,-0.0034723228169521937,-0.030062202072508863,0.0,1
2020-01-14,PYPL,0.00021212572402302108,-0.3104927210787133,0.0,1
2020-01-15,PYPL,0.005812384197885079,-0.5070303228134581,0.0,1
2020-01-16,PYPL,0.007330395548713451,-0.3911101443271596,0.0,1
2020-01-17,PYPL,0.006169866108537213,-0.13170141583691217,0.0,1
2020-01-21,PYPL,0.004453152044893869,-0.23427994934215896,0.0,1
2020-01-22,PYPL,0.005532085252401259,-0.3172961434843076,0.0,1
2020-01-23,PYPL,0.005572062712501152,0.21117408801896922,0.0,1
2020-01-24,PYPL,0.0038777789864972456,-0.008626420052070082,0.0,1
2020-01-27,PYPL,0.006899653165484466,0.3650500577919371,0.0,1
2020-01-28,PYPL,0.004968344095368428,0.2596043259863878,0.0,1
2020-01-29,PYPL,0.004289096571088454,0.29946475066697614,0.0,1
2020-01-30,PYPL,0.006126377328344384,0.3421130575048188,0.0,1
2020-01-31,PYPL,0.01101151768580334,-0.19512583389790913,0.0,1
2020-02-03,PYPL,0.007122609737331963,-0.11030368038890753,0.0,1
2020-02-04,PYPL,0.010193753810461968,0.1285956070445494,0.0,1
2020-02-05,PYPL,0.007563983360049305,0.025632771381169282,0.0,1
2020-02-06,PYPL,0.007413617019252473,-0.2974360428783697,0.0,1
2020-02-07,PYPL,0.0010774720137255683,-0.3521716736683326,0.0,1
2020-02-10,PYPL,0.006921694849175844,-0.4215709217250959,0.0,1
2020-02-11,PYPL,0.007224624325725979,-0.6947304162520402,0.0,1
2020-02-12,PYPL,0.007338656123058859,-0.7660861961582838,0.0,1
2020-02-13,PYPL,0.00608671379830406,-0.45195387146940835,0.0,1
2020-02-14,PYPL,-0.0057562773718177595,-0.26592857779556195,0.0,1
2020-02-18,PYPL,0.0035614510325117418,-0.36685450338545833,0.0,1
2020-02-19,PYPL,-0.004198908480008883,-0.36410474378074253,0.0,1
2020-02-20,PYPL,0.004696461411190628,-0.30058009528385427,0.0,1
2020-02-21,PYPL,0.007682092998558856,-0.40285839225424697,0.0,1
2020-02-24,PYPL,0.013007575042911118,-0.2507457136034559,0.0,1
2020-02-25,PYPL,0.0036904016347354073,-0.44415097280926524,0.0,1
2020-02-26,PYPL,-0.0008266162304255006,-0.5225670562054799,0.0,1
2020-02-27,PYPL,0.016029441576905175,-0.33421263612426394,0.0,1
2020-02-28,PYPL,0.012979509452186606,-0.3683805794431306,0.0,1
2020-03-02,PYPL,-0.00316137077355686,-0.3112810046299508,0.0,1
2020-03-03,PYPL,-0.008764286080714502,-0.332707380206657,0.0,1
2020-03-04,PYPL,-0.019509895952055618,-0.3941396374809805,0.0,1
2020-03-05,PYPL,-0.016855578761328923,-0.3132924571225029,0.0,1
2020-03-06,PYPL,-0.011601985021527522,-0.21632499624888651,0.0,1
2020-03-09,PYPL,-0.017747168447127423,-0.30201434100987956,0.0,1
2020-03-10,PYPL,0.006231291645683836,-0.08718319361834606,0.0,1
2020-03-11,PYPL,0.008860445644034124,-0.10031522672576129,0.0,1
2020-03-12,PYPL,0.0011174149028530225,0.010881140913337075,0.0,1
2020-03-13,PYPL,0.022623997485772023,0.1660447521065975,0.0,1
2020-03-16,PYPL,-0.0015822487056062007,-0.2096645110547191,0.0,1
2020-03-17,PYPL,-0.02667296491930378,-0.2367608575075188,0.0,1
2020-03-18,PYPL,7.568342267948852e-06,-0.41750579940039145,0.0,1
2020-03-19,PYPL,-0.012182488656615635,-0.32829479751659024,0.0,1
2020-03-20,PYPL,7.568342267948852e-06,-0.48498435758978053,0.0,1
2020-03-23,PYPL,-0.008688457388378729,-0.5806296521975137,0.0,1
2020-03-24,PYPL,-0.010417739328153139,-0.3393243657442813,0.0,1
2020-03-25,PYPL,-0.019447395852364917,-0.267644917332609,0.0,1
2020-03-26,PYPL,-0.0025993302517891875,-0.6152843020641687,0.0,1
2020-03-27,PYPL,-0.029249925198441735,-0.6023758856129702,0.0,1
2020-03-30,PYPL,-0.056870560339254125,-0.6757840672653851,0.0,1
2020-03-31,PYPL,0.000902041021905797,-0.869189785424028,0.0,1
2020-04-01,PYPL,-0.015551310674299962,-0.8313881398984333,0.0,1
2020-04-02,PYPL,-0.02596019751224369,-1.3418860767439926,0.0,1
2020-04-03,PYPL,-0.03121014022488065,-1.1090928526054478,0.0,1
2020-04-06,PYPL,-0.031042943957957453,-0.9093431264541298,0.0,1
2020-04-07,PYPL,0.005364124698614228,-1.1839903860792516,0.0,1
2020-04-08,PYPL,-0.028535053050336028,-0.8423681469742856,0.0,1
2020-04-09,PYPL,-0.013627777219788572,-1.068483545204686,0.0,1
2020-04-13,PYPL,-0.038076801236018094,-1.157265508298124,0.0,1
2020-04-14,PYPL,-0.045646350596329655,-0.9882081253214121,0.0,1
2020-04-15,PYPL,-0.03516425025334045,-0.9813081927313311,0.0,1
2020-04-16,PYPL,-0.019220851825192085,-0.554251836604809,0.0,1
2020-04-17,PYPL,-0.04000199271700146,-0.5828318072025799,0.0,1
2020-04-20,PYPL,-0.034061863820426315,0.47454733231308277,0.0,1
2020-04-21,PYPL,0.03578155456503691,0.7073486246897058,0.0,1
2020-04-22,PYPL,-0.04021625781567371,0.591032475447541,0.0,1
2020-04-23,PYPL,-0.014471462581654531,0.34772003689476927,0.0,1
2020-04-24,PYPL,-0.038618867144524956,1.0717312894780107,0.0,1
2020-04-27,PYPL,-0.04588611508599988,1.6539341653517032,0.0,1
2020-04-28,PYPL,-0.007506817995925696,1.57060156498997,0.0,1
2020-04-29,PYPL,-0.041274504070513494,1.802495211289684,0.0,1
2020-04-30,PYPL,-0.04539959927144521,1.4467838146428795,0.0,1
2020-05-01,PYPL,0.0018934563388888302,2.04257099146691,0.0,1
2020-05-04,PYPL,-0.0065739396526036725,2.0069460014572633,0.0,1
2020-05-05,PYPL,-0.04063273953423422,1.6583236715281264,0.0,1
2020-05-06,PYPL,-0.028784074412169066,1.3072578929462118,0.0,1
2020-05-07,PYPL,-0.038576526535563156,1.845325317958217,0.0,1
2020-05-08,PYPL,-0.020775468672618223,2.0779928918812547,0.0,1
2020-05-11,PYPL,-0.02202330230112373,2.109063984519284,0.0,1
2020-05-12,PYPL,-0.021833714927457996,2.237399527656684,0.0,1
2020-05-13,PYPL,-0.019837198134357054,2.4531991517786302,0.0,1
2020-05-14,PYPL,0.004089130339834267,2.379592185946656,0.0,1
2020-05-15,PYPL,-0.002195318505957126,2.0453119932275143,0.0,1
2020-05-18,PYPL,-0.0011370722511173472,1.9917451097067922,0.0,1
2020-05-19,PYPL,-0.0012158483720671551,1.7511063087069765,0.0,1
2020-05-20,PYPL,-0.03223412084782971,1.8332580561574232,0.0,1
2020-05-21,PYPL,0.025929680509839112,1.8114210073029773,0.0,1
2020-05-22,PYPL,-0.0003361587166664232,1.6436768340442747,0.0,1
2020-05-26,PYPL,0.027217760870728747,1.700703300291958,0.0,1
2020-05-27,PYPL,0.010611907565808994,1.8423519570139604,0.0,1
2020-05-28,PYPL,-0.0063129178167678985,1.8387337286095804,0.0,1
2020-05-29,PYPL,-0.03718247684452468,1.1960901921865097,0.0,1
2020-06-01,PYPL,-0.02655589485281032,0.8268763666647624,0.0,1
2020-06-02,PYPL,-0.041648926561236574,0.8934300390698333,0.0,1
2020-06-03,PYPL,-0.03920605417941579,0.6258334043923263,0.0,1
2020-06-04,PYPL,-0.03206475936835637,0.7035260497121197,0.0,1
2020-06-05,PYPL,-0.0012168473213569446,-0.261046525788895,0.0,1
2020-06-08,PYPL,0.000977260886294137,-0.12485340390308625,0.0,1
2020-06-09,PYPL,-0.005015692476637411,0.193999819288663,0.0,1
2020-06-10,PYPL,-0.004528644256637314,0.03900094050048895,0.0,1
2020-06-11,PYPL,0.01192842030285662,-0.12266254851829857,0.0,1
2020-06-12,PYPL,0.007686563200793459,0.042917887991037414,0.0,1
2020-06-15,PYPL,0.002128795149048014,0.041795268799081006,0.0,1
2020-06-16,PYPL,0.002133375437438305,0.0932593565852199,0.0,1
2020-06-17,PYPL,-0.002786015657672459,0.3425519409449782,0.0,1
2020-06-18,PYPL,-0.015152564161286138,0.3464456930537402,0.0,1
2020-06-19,PYPL,-0.01884178057895053,0.20576009989361288,0.0,1
2020-06-22,PYPL,-0.027958104192061135,0.2038278392475452,0.0,1
2020-06-23,PYPL,-0.02452570621370071,0.29910854319082225,0.0,1
2020-06-24,PYPL,-0.016307035673443195,0.21395305973697,0.0,1
2020-06-25,PYPL,-0.02541306309696249,0.19538089900937203,0.0,1
2020-06-26,PYPL,-0.02506262600568324,0.24170465833595092,0.0,1
2020-06-29,PYPL,-0.00844188893061501,0.3782985116854353,0.0,1
2020-06-30,PYPL,-0.01917504578598883,0.40993812577371846,0.0,1
2020-01-02,ZM,-0.0024321528492249134,-1.6392662214003284,0.0,1
2020-01-03,ZM,0.002858152557550354,-1.7717316852666845,0.0,1
2020-01-06,ZM,-0.015533925961973309,-1.3940294110431888,0.0,1
2020-01-07,ZM,-0.0015528083132162153,1.5854049591285384,0.0,1
2020-01-08,ZM,0.00250972913561053,0.5739152333490438,0.0,1
2020-01-09,ZM,0.005996931539348064,0.8290506877385555,0.0,1
2020-01-10,ZM,0.011727254405794137,1.46948910405205,0.0,1
2020-01-13,ZM,0.006985929801105504,1.647452950352688,0.0,1
2020-01-14,ZM,0.0014798732115297343,1.719231555479534,0.0,1
2020-01-15,ZM,-0.010149591958225396,2.0713013182709274,0.0,1
2020-01-16,ZM,0.0019690431468417885,1.9195565156961625,0.0,1
2020-01-17,ZM,-0.005224574360216832,1.0888804936214944,0.0,1
2020-01-21,ZM,0.009769993369514458,1.4758509640714639,0.0,1
2020-01-22,ZM,0.009786477227156086,1.4138793912980347,0.0,1
2020-01-23,ZM,0.014459628059768744,1.4667307214938354,0.0,1
2020-01-24,ZM,0.00442091878973207,0.5011015276158514,0.0,1
2020-01-27,ZM,0.026711107106033367,0.20388742187102882,0.0,1
2020-01-28,ZM,0.021234259844806567,0.42741391080048735,0.0,1
2020-01-29,ZM,0.018796607833122828,0.723123211375318,0.0,1
2020-01-30,ZM,0.008140275101889746,0.5903714053439,0.0,1
2020-01-31,ZM,0.006787504380084473,1.6877187716698792,0.0,1
2020-02-03,ZM,-0.015664054792634753,2.413771079827403,0.0,1
2020-02-04,ZM,0.0008749329163087895,2.0527302755576593,0.0,1
2020-02-05,ZM,-0.004419140576408918,1.8321279713493455,0.0,1
2020-02-06,ZM,-0.010238386666140511,1.7621992365784285,0.0,1
2020-02-07,ZM,-0.011708567797564995,2.010907299802805,0.0,1
2020-02-10,ZM,-0.0027393753628820196,1.6882783721555379,0.0,1
2020-02-11,ZM,-0.011187251471123389,1.6086997215120133,0.0,1
2020-02-12,ZM,-0.02253990846093877,1.4666704841285265,0.0,1
2020-02-13,ZM,-0.030733370064360888,1.049643841098722,0.0,1
2020-02-14,ZM,-0.03664873473397533,1.2275966388374233,0.0,1
2020-02-18,ZM,-0.032080981886300985,1.649472523247261,0.0,1
2020-02-19,ZM,-0.02650516517786745,1.784601597876158,0.0,1
2020-02-20,ZM,-0.019886368533171047,2.0307900702033708,0.0,1
2020-02-21,ZM,-0.02942099435310239,2.1726066468538487,0.0,1
2020-02-24,ZM,-0.0353829852784627,2.3986306670699666,0.0,1
2020-02-25,ZM,-0.04293640287644175,2.44684600836453,0.0,1
2020-02-26,ZM,-0.023218608269793738,2.480013646902848,0.0,1
2020-02-27,ZM,-0.043629400457629176,2.547206483612494,0.0,1
2020-02-28,ZM,-0.01929779811479509,2.3812470836858175,0.0,1
2020-03-02,ZM,-0.047071232186982434,2.433316486897292,0.0,1
2020-03-03,ZM,-0.04652428516207308,2.3856684255047367,0.0,1
2020-03-04,ZM,-0.0381073802659615,2.3458859520971527,0.0,1
2020-03-05,ZM,-0.04071516413502254,2.489667422123701,0.0,1
2020-03-06,ZM,-0.025022595948099306,2.438042556064799,0.0,1
2020-03-09,ZM,0.011135207545723532,2.479002282980638,0.0,1
2020-03-10,ZM,0.06494142247958656,2.4050609673426004,0.0,1
2020-03-11,ZM,0.048402418187566465,2.536319516005119,0.0,1
2020-03-12,ZM,0.06183489864628012,2.579003448943316,0.0,1
2020-03-13,ZM,0.05232182203680197,2.529012200338638,0.0,1
2020-03-16,ZM,0.05158193125206244,2.521552942436879,0.0,1
2020-03-17,ZM,0.033674822205529496,2.4734383678658696,0.0,1
2020-03-18,ZM,-0.00026706876569754543,2.3159202358890623,0.0,1
2020-03-19,ZM,-0.011629538248386384,2.4348594030845563,0.0,1
2020-03-20,ZM,-0.04159027374381136,2.532838702985497,0.0,1
2020-03-23,ZM,-0.039068747861193784,2.5776200880770443,0.0,1
2020-03-24,ZM,-0.024289697617921435,2.4756284830138657,0.0,1
2020-03-25,ZM,-0.019442859527608596,2.5375525940556214,0.0,1
2020-03-26,ZM,-0.033139273447699756,2.3635587437366796,0.0,1
2020-03-27,ZM,-0.04079840951587839,2.564780119103857,0.0,1
2020-03-30,ZM,0.0017625710190078037,2.461539764013761,0.0,1
2020-03-31,ZM,-0.027545172939361,2.349406037941834,0.0,1
2020-04-01,ZM,0.009010606027500909,2.351784096451773,0.0,1
2020-04-02,ZM,0.07052963696212912,0.9752964795913937,0.0,1
2020-04-03,ZM,0.03436326626427888,1.9595919144809113,0.0,1
2020-04-06,ZM,0.07862472966963809,0.38032809541996626,0.0,1
2020-04-07,ZM,0.07949397693572673,0.867295076302243,0.0,1
2020-04-08,ZM,0.05248941329224936,0.14122669756831183,0.0,1
2020-04-09,ZM,0.024221280998085532,-0.36366610918922165,0.0,1
2020-04-13,ZM,0.006265830022340142,1.7669539799920155,0.0,1
2020-04-14,ZM,0.0029548804312732805,0.37950073859427275,0.0,1
2020-04-15,ZM,-0.00023179107859948276,1.813491144437702,0.0,1
2020-04-16,ZM,-0.0014221085971612114,0.22489922592589243,0.0,1
2020-04-17,ZM,-0.019749115578730714,-0.32743356992025585,0.0,1
2020-04-20,ZM,-0.019749115578730714,-1.5563665646641243,0.0,1
2020-04-21,ZM,-0.0025541926030742735,-2.4411597311034128,0.0,1
2020-04-22,ZM,0.004695477465076469,-1.1261727619471278,0.0,1
2020-04-23,ZM,-0.039860612089126765,0.7606238494530948,0.0,1
2020-04-24,ZM,-0.02945521178488723,-0.22298687932789044,0.0,1
2020-04-27,ZM,-0.038877247997559816,-1.45729025120415,0.0,1
2020-04-28,ZM,-0.005304389840228118,-1.17701984140148,0.0,1
2020-04-29,ZM,0.04381332742902522,-1.9298360311118758,0.0,1
2020-04-30,ZM,0.0766459900904497,-2.1575573684374834,0.0,1
2020-05-01,ZM,0.06432154982076414,-0.312871482616113,0.0,1
2020-05-04,ZM,0.043537168665759116,-0.8208650409019953,0.0,1
2020-05-05,ZM,0.057999693822039,0.7827565983873644,0.0,1
2020-05-06,ZM,0.03222204585021345,1.7155631851225142,0.0,1
2020-05-07,ZM,0.004720961786755757,1.4103548658484433,0.0,1
2020-05-08,ZM,0.026378413080727015,0.8272516245538415,0.0,1
2020-05-11,ZM,-0.0010095784574997075,0.6745093865345381,0.0,1
2020-05-12,ZM,0.03061312554140927,0.5460772086618639,0.0,1
2020-05-13,ZM,-0.011907751921050638,0.14294872344394827,0.0,1
2020-05-14,ZM,-0.006540720457854013,0.3167519244986023,0.0,1
2020-05-15,ZM,-0.011547643466373025,0.7089962037608862,0.0,1
2020-05-18,ZM,0.025934729366064592,-0.08444984731703299,0.0,1
2020-05-19,ZM,-0.026712055871719525,0.4577118965968314,0.0,1
2020-05-20,ZM,-0.018651226330234815,0.3149237035682292,0.0,1
2020-05-21,ZM,0.027115029966396337,-0.9270484745880275,0.0,1
2020-05-22,ZM,0.02172754950690782,-0.31321472259313315,0.0,1
2020-05-26,ZM,0.04000786320075342,-1.0565825615413518,0.0,1
2020-05-27,ZM,0.04330245154571877,-0.8937083671404097,0.0,1
2020-05-28,ZM,0.05101028118612465,0.5904563053384515,0.0,1
2020-05-29,ZM,-0.005785620696565551,1.7484728621496135,0.0,1
2020-06-01,ZM,-0.03209888859592296,2.059361371239543,0.0,1
2020-06-02,ZM,-0.020583324974238825,2.1026315199730394,0.0,1
2020-06-03,ZM,-0.026273083928945486,2.3076603118686436,0.0,1
2020-06-04,ZM,-0.015208654626875576,2.1703816050208884,0.0,1
2020-06-05,ZM,-0.018923260792628672,2.243443519144924,0.0,1
2020-06-08,ZM,-0.002367033636391115,2.4707186554210585,0.0,1
2020-06-09,ZM,0.00439052459809323,2.0386936156843505,0.0,1
2020-06-10,ZM,-0.0034237065117762445,2.1710981115682504,0.0,1
2020-06-11,ZM,-0.03196347429371889,2.202335957444511,0.0,1
2020-06-12,ZM,-0.023707405462744403,2.1508689431946153,0.0,1
2020-06-15,ZM,-0.03036922694123839,2.282501732210236,0.0,1
2020-06-16,ZM,-0.019525078719399052,2.4010986394519307,0.0,1
2020-06-17,ZM,0.010442517895509533,2.213451892995219,0.0,1
2020-06-18,ZM,-0.018234389007488496,2.2678354311774975,0.0,1
2020-06-19,ZM,-0.023198573829778146,2.3277507425251662,0.0,1
2020-06-22,ZM,-0.02308955980194027,2.302943373068664,0.0,1
2020-06-23,ZM,-0.02441259243243536,2.2639141121610704,0.0,1
2020-06-24,ZM,-0.022149080397200874,2.3266826866933243,0.0,1
2020-06-25,ZM,-0.022338940676404104,2.280374326168257,0.0,1
2020-06-26,ZM,-0.019728857220957404,2.191892338611774,0.0,1
2020-06-29,ZM,0.032081230077247586,1.7310935033013968,0.0,1
2020-06-30,ZM,0.017651762149016644,1.55998376541736,0.0,1
2020-07-01,AAPL,0.0028676819576522756,1.1014817602308415,-1.0,2
2020-07-02,AAPL,0.0024011910460832626,0.969172081046259,-1.0,2
2020-07-06,AAPL,-0.003990386596702368,1.2413795285832228,-1.0,2
2020-07-07,AAPL,0.001891433887269278,0.9306373447987583,-1.0,2
2020-07-08,AAPL,-0.004299634329530641,1.1031293494873096,-1.0,2
2020-07-09,AAPL,-0.00710151435612201,1.0463032219580415,-1.0,2
2020-07-10,AAPL,-0.009894555437451177,1.1384349836528969,-1.0,2
2020-07-13,AAPL,-0.005259292778051535,1.4008665414870558,-1.0,2
2020-07-14,AAPL,-0.008353170588587727,1.66274785629337,-1.0,2
2020-07-15,AAPL,-0.005348987190902932,1.6677045503273376,-1.0,2
2020-07-16,AAPL,-0.004497387221090861,1.838771757531139,-1.0,2
2020-07-17,AAPL,-0.006107474944275321,1.9959472444528434,-1.0,2
2020-07-20,AAPL,-0.004358895818094314,1.6343585671788574,-1.0,2
2020-07-21,AAPL,0.0011274067361036748,1.2075104561596437,-1.0,2
2020-07-22,AAPL,0.0008007441943246016,0.4739448451699826,-1.0,2
2020-07-23,AAPL,0.021841890429605146,-0.08329467788403144,-1.0,2
2020-07-24,AAPL,-0.0017689429411437208,0.907982665180981,-1.0,2
2020-07-27,AAPL,0.013018365518279595,0.4887067001528292,-1.0,2
2020-07-28,AAPL,0.007990830810950386,0.7130758728709754,-1.0,2
2020-07-29,AAPL,0.009133376111445553,0.5975535630781765,-1.0,2
2020-07-30,AAPL,0.0016274843871244523,0.7367694367020908,-1.0,2
2020-07-31,AAPL,-0.0260821493690763,2.4532679527228423,-1.0,2
2020-08-03,AAPL,-0.024461313982252448,2.4811065678639355,-1.0,2
2020-08-04,AAPL,-0.03396084095188394,3.0200187990150402,-1.0,2
2020-08-05,AAPL,-0.03793955858966438,2.8582515316616206,-1.0,2
2020-08-06,AAPL,-0.004377528918031553,2.228146414152174,-1.0,2
2020-08-07,AAPL,-0.016112297759281045,2.508318287241709,-1.0,2
2020-08-10,AAPL,0.024229458547273177,1.191353772894131,-1.0,2
2020-08-11,AAPL,0.02874710325388187,1.1359029507629532,-1.0,2
2020-08-12,AAPL,0.02181143342769599,1.1378115360893606,-1.0,2
2020-08-13,AAPL,0.035157483455008416,1.0918464452742702,-1.0,2
2020-08-14,AAPL,0.05259258149483157,0.8445378436349011,-1.0,2
2020-08-17,AAPL,0.01757623377897967,1.316463505805574,-1.0,2
2020-08-18,AAPL,0.02823998425493772,1.0539000947765687,-1.0,2
2020-08-19,AAPL,0.02970314211519144,1.3827441239127307,-1.0,2
2020-08-20,AAPL,0.024981863339683323,1.613155436796893,-1.0,2
2020-08-21,AAPL,0.01758215849559668,2.233573081285603,-1.0,2
2020-08-24,AAPL,0.024310173844023012,2.330206814639621,-1.0,2
2020-08-25,AAPL,0.01737173834951419,2.2627776652049167,-1.0,2
2020-08-26,AAPL,0.003852316347665137,2.609878700141102,-1.0,2
2020-08-27,AAPL,0.00047098855812679986,2.545454803189898,-1.0,2
2020-08-28,AAPL,-0.005857436801141696,1.542504640248095,-1.0,2
2020-08-31,AAPL,-0.00771698791056182,1.759309267455135,-1.0,2
2020-09-01,AAPL,0.004314078016737572,1.3997668846075757,-1.0,2
2020-09-02,AAPL,0.03118794640046911,0.4834635295636316,-1.0,2
2020-09-03,AAPL,0.05655483466280484,0.02473323987208162,-1.0,2
2020-09-04,AAPL,0.03568064263908964,1.1618266568484146,-1.0,2
2020-09-08,AAPL,0.06794796946664947,-0.4814227257809613,-1.0,2
2020-09-09,AAPL,0.05479313401700662,0.4899363539369964,-1.0,2
2020-09-10,AAPL,0.06680328389076606,0.012922221333297679,-1.0,2
2020-09-11,AAPL,0.058445509910239,0.17021655413155867,-1.0,2
2020-09-14,AAPL,0.048413512691904886,0.17948548656868346,-1.0,2
2020-09-15,AAPL,0.03814856117755882,0.9227613723078854,-1.0,2
2020-09-16,AAPL,0.06716254385275826,-0.5764827769959522,-1.0,2
2020-09-17,AAPL,0.06244670458910532,-1.198360354083159,-1.0,2
2020-09-18,AAPL,0.040287314420629584,-0.6853703861848758,-1.0,2
2020-09-21,AAPL,-0.028173928561333557,1.513810174542043,-1.0,2
2020-09-22,AAPL,-0.001967592712837958,0.8620461368951742,-1.0,2
2020-09-23,AAPL,0.022384064348649826,0.06572132379626916,-1.0,2
2020-09-24,AAPL,-0.0058857880837540795,0.7253756012302627,-1.0,2
2020-09-25,AAPL,0.01083681765884183,0.5047999399324032,-1.0,2
2020-09-28,AAPL,0.03383681820961577,-0.9215018526926779,-1.0,2
2020-09-29,AAPL,0.007235372352455773,0.17767253111465953,-1.0,2
2020-09-30,AAPL,-0.0447696936287131,0.3795452943539188,-1.0,2
2020-10-01,AAPL,-0.025323743436433833,0.24419320849834403,-1.0,2
2020-10-02,AAPL,0.002289646558547258,0.13068128886821728,-1.0,2
2020-10-05,AAPL,-0.0070476336777713375,0.06818604231428571,-1.0,2
2020-10-06,AAPL,0.0034190956875658285,0.21989875948703763,-1.0,2
2020-10-07,AAPL,-0.00860140134889857,0.20280781855231722,-1.0,2
2020-10-08,AAPL,-0.004577312344246097,0.16958939709214138,-1.0,2
2020-10-09,AAPL,-0.008441364303451791,0.35422747031109325,-1.0,2
2020-10-12,AAPL,-0.016733542592699217,0.9024564223232329,-1.0,2
2020-10-13,AAPL,-0.011019166892196727,0.33177743161342665,-1.0,2
2020-10-14,AAPL,-0.012391797158812874,0.5945944695173535,-1.0,2
2020-10-15,AAPL,-0.017502426959644365,0.7707853861259838,-1.0,2
2020-10-16,AAPL,-0.010979300453441367,0.6925512729285948,-1.0,2
2020-10-19,AAPL,0.023448328698641458,-0.4578792652258095,-1.0,2
2020-10-20,AAPL,-0.003502197247752056,0.5674028361571162,-1.0,2
2020-10-21,AAPL,0.0007581635290313482,0.6876977947219585,-1.0,2
2020-10-22,AAPL,0.004693137661198504,0.13141042243369927,-1.0,2
2020-10-23,AAPL,-0.007360918422592968,0.5514313168873257,-1.0,2
2020-10-26,AAPL,-0.010770136064994731,0.9678024886235718,-1.0,2
2020-10-27,AAPL,-0.00820305977960118,0.9704678347372196,-1.0,2
2020-10-28,AAPL,0.001718914697789743,0.6258332683340233,-1.0,2
2020-10-29,AAPL,-0.012905562605984213,1.3744403599822714,-1.0,2
2020-10-30,AAPL,0.01783018925725029,0.2933599784228167,-1.0,2
2020-11-02,AAPL,0.009334656606944025,0.20870362171160328,-1.0,2
2020-11-03,AAPL,-0.0048069031895743315,0.8356822019089885,-1.0,2
2020-11-04,AAPL,-0.019181254393944424,1.1145980837110334,-1.0,2
2020-11-05,AAPL,-0.01924416287282163,1.2034019519820969,-1.0,2
2020-11-06,AAPL,-0.015459783176893505,1.0668751441913218,-1.0,2
2020-11-09,AAPL,-0.012745041559833475,0.7299348839133506,-1.0,2
2020-11-10,AAPL,0.026017699586528997,1.342228734900002,-1.0,2
2020-11-11,AAPL,0.02662104162089567,1.3858483928968264,-1.0,2
2020-11-12,AAPL,0.029417539134771544,1.2512834460971272,-1.0,2
2020-11-13,AAPL,0.029326482884967305,1.34500532784618,-1.0,2
2020-11-16,AAPL,0.026892051585018888,1.0535896433305276,-1.0,2
2020-11-17,AAPL,-0.012986388697517842,1.4592747324650488,-1.0,2
2020-11-18,AAPL,-0.011969480366693189,1.5834524717842022,-1.0,2
2020-11-19,AAPL,-0.012957945489916913,1.6407873036886809,-1.0,2
2020-11-20,AAPL,-0.007942708921177898,2.038609347793103,-1.0,2
2020-11-23,AAPL,0.007987139480672017,0.837119962174503,-1.0,2
2020-11-24,AAPL,-0.0054951339953574685,0.9951927624465353,-1.0,2
2020-11-25,AAPL,-0.010700544514883718,0.8772097372470689,-1.0,2
2020-11-27,AAPL,-0.010682640425029767,0.2749727396072227,-1.0,2
2020-11-30,AAPL,0.004950782329037926,0.8513651104098056,-1.0,2
2020-12-01,AAPL,-0.00813087127523019,1.4074012923708694,-1.0,2
2020-12-02,AAPL,-0.002292459688591004,1.3289017763176576,-1.0,2
2020-12-03,AAPL,0.0014447304118186252,1.1521370182701127,-1.0,2
2020-12-04,AAPL,-0.002868969507011986,0.9447973751195654,-1.0,2
2020-12-07,AAPL,-0.0024506649382630558,1.2661764058853966,-1.0,2
2020-12-08,AAPL,0.008781604937676582,0.7648340448221937,-1.0,2
2020-12-09,AAPL,0.0003329155263214896,0.5544866963637107,-1.0,2
2020-12-10,AAPL,0.005905663206919919,0.6945026515463149,-1.0,2
2020-12-11,AAPL,0.00267194939818393,0.674073991510328,-1.0,2
2020-12-14,AAPL,0.0014625073572264754,0.5216548758324063,-1.0,2
2020-12-15,AAPL,-0.011263641042003543,1.2939402594951417,-1.0,2
2020-12-16,AAPL,-0.008947318102337646,1.2454054956398521,-1.0,2
2020-12-17,AAPL,-0.005351703705613727,1.4233026220649667,-1.0,2
2020-12-18,AAPL,0.0002007702633263985,1.2366357568845157,-1.0,2
2020-12-21,AAPL,0.0007896807329858999,1.521095475709805,-1.0,2
2020-12-22,AAPL,0.003038935726473729,2.1769358337486917,-1.0,2
2020-12-23,AAPL,0.004084687457220697,2.130640501355657,-1.0,2
2020-12-24,AAPL,0.00709770114850454,2.2261265273639417,-1.0,2
2020-12-28,AAPL,-0.013028463356431513,2.6669944692806773,-1.0,2
2020-12-29,AAPL,-0.006459490360125929,2.4300408268233546,-1.0,2
2020-12-30,AAPL,0.005804948942204224,2.3070192128690494,-1.0,2
2020-12-31,AAPL,0.002593445116869009,1.9744039210064988,-1.0,2
2020-07-01,AMZN,-0.016240749016548713,2.8641184793891368,-1.0,2
2020-07-02,AMZN,-0.015916853698919264,2.5612491589989173,-1.0,2
2020-07-06,AMZN,-0.01072250995570092,2.606888887667136,-1.0,2
2020-07-07,AMZN,-0.015315448405021666,2.6390723705725208,-1.0,2
2020-07-08,AMZN,-0.009240921391015443,2.094700228394518,-1.0,2
2020-07-09,AMZN,-0.008035158000342137,2.190606480720976,-1.0,2
2020-07-10,AMZN,-0.016469434373801904,2.6852584693138475,-1.0,2
2020-07-13,AMZN,0.011845017109738227,1.995544642679974,-1.0,2
2020-07-14,AMZN,0.002406381618927889,2.260458091655548,-1.0,2
2020-07-15,AMZN,-0.0006992776141783325,2.264811833086293,-1.0,2
2020-07-16,AMZN,0.005224963876801043,2.2887576727932135,-1.0,2
2020-07-17,AMZN,0.030903388998942034,0.8921516495982453,-1.0,2
2020-07-20,AMZN,0.012584396909769415,2.1834974823878324,-1.0,2
2020-07-21,AMZN,0.010805696235642905,2.3720574584317657,-1.0,2
2020-07-22,AMZN,0.010847943888383903,1.1748115375383992,-1.0,2
2020-07-23,AMZN,0.047872700789448476,-0.44076957564669694,-1.0,2
2020-07-24,AMZN,0.04233044414057408,-0.14613724010765528,-1.0,2
2020-07-27,AMZN,0.04971422613433633,-0.34001081109837006,-1.0,2
2020-07-28,AMZN,0.04748733564188274,-0.35961506112105734,-1.0,2
2020-07-29,AMZN,0.04139483262458395,-0.4240860649424667,-1.0,2
2020-07-30,AMZN,0.02917288464653957,-0.5640440775147588,-1.0,2
2020-07-31,AMZN,0.029548900362799394,-0.3717634718171023,-1.0,2
2020-08-03,AMZN,0.03338518452869703,-1.376917473815044,-1.0,2
2020-08-04,AMZN,0.028709167791706458,-1.0778478566567056,-1.0,2
2020-08-05,AMZN,0.025851104713397306,-0.9862683473569145,-1.0,2
2020-08-06,AMZN,0.026213590450472616,-1.2420329137051727,-1.0,2
2020-08-07,AMZN,0.027603822195232542,-1.1890640266117247,-1.0,2
2020-08-10,AMZN,0.030374483226315165,-0.7375616460818191,-1.0,2
2020-08-11,AMZN,0.03382027350707554,-0.35412653944061284,-1.0,2
2020-08-12,AMZN,0.03051024140670441,-0.2370871085580968,-1.0,2
2020-08-13,AMZN,0.03617485381578538,-0.24238305743934957,-1.0,2
2020-08-14,AMZN,0.032539432635013084,0.0991493165546357,-1.0,2
2020-08-17,AMZN,0.04100174762859454,-0.9064866419347118,-1.0,2
2020-08-18,AMZN,0.037289178073435306,-0.36941932776469444,-1.0,2
2020-08-19,AMZN,0.043438838131211986,-0.16877966624773322,-1.0,2
2020-08-20,AMZN,0.03728702296298216,-0.005768060924861984,-1.0,2
2020-08-21,AMZN,0.04206130394273548,-0.53078602859413,-1.0,2
2020-08-24,AMZN,0.03894241331936523,-0.3724075926899489,-1.0,2
2020-08-25,AMZN,0.040708170093818115,-0.35286130599350063,-1.0,2
2020-08-26,AMZN,0.03600168943561549,-0.03210426502867898,-1.0,2
2020-08-27,AMZN,0.04024282526059871,-0.15919242742709075,-1.0,2
2020-08-28,AMZN,0.033902185361968006,-0.5438784728639137,-1.0,2
2020-08-31,AMZN,0.02770726857038349,0.05166332436479539,-1.0,2
2020-09-01,AMZN,0.02785109173249174,-1.2123993567491207,-1.0,2
2020-09-02,AMZN,0.03924430172027366,-0.7447302391965496,-1.0,2
2020-09-03,AMZN,0.06497572725906081,-0.7773768262354307,-1.0,2
2020-09-04,AMZN,0.06488955852801538,-0.8024655482251523,-1.0,2
2020-09-08,AMZN,0.07470171073371958,-0.9388597072113019,-1.0,2
2020-09-09,AMZN,0.07327775978702772,-0.9106390438939606,-1.0,2
2020-09-10,AMZN,0.07685189990374766,-0.5626583625321456,-1.0,2
2020-09-11,AMZN,0.07531642821529752,-1.0522072388504404,-1.0,2
2020-09-14,AMZN,0.06603799839082651,-1.2501740635997347,-1.0,2
2020-09-15,AMZN,0.05505291261041448,-0.9520997732513488,-1.0,2
2020-09-16,AMZN,0.06782819512530623,-0.854333170696182,-1.0,2
2020-09-17,AMZN,0.07060536292461154,-1.668425161434727,-1.0,2
2020-09-18,AMZN,0.05364403398661061,-1.408865840518788,-1.0,2
2020-09-21,AMZN,0.056748742438200654,-1.6506637677307772,-1.0,2
2020-09-22,AMZN,0.02835897894430226,-0.6347296379247969,-1.0,2
2020-09-23,AMZN,0.05186296456248323,-1.6052874811309865,-1.0,2
2020-09-24,AMZN,0.023433940344590933,-0.5698532826071239,-1.0,2
2020-09-25,AMZN,0.02239778152135013,-0.6450200773656825,-1.0,2
2020-09-28,AMZN,0.02542143873659601,-0.2980774347600289,-1.0,2
2020-09-29,AMZN,0.0272558826834354,-0.3886132589745544,-1.0,2
2020-09-30,AMZN,0.02374580458476927,-0.9790978049018195,-1.0,2
2020-10-01,AMZN,0.021787298323792212,-0.404406221161647,-1.0,2
2020-10-02,AMZN,0.032581119654924974,-0.4645020614525489,-1.0,2
2020-10-05,AMZN,0.025847794200966303,-0.45172330288797313,-1.0,2
2020-10-06,AMZN,0.03867179289131705,-0.6885510826436463,-1.0,2
2020-10-07,AMZN,0.027463821852174015,-0.6426441959031837,-1.0,2
2020-10-08,AMZN,0.030684159880104884,-0.7877713291202504,-1.0,2
2020-10-09,AMZN,0.024664377538911392,-0.3695510874431109,-1.0,2
2020-10-12,AMZN,0.024570714284935784,0.28267717691616684,-1.0,2
2020-10-13,AMZN,0.0182652090840058,0.12219039890395711,-1.0,2
2020-10-14,AMZN,0.027531106235214355,-0.03315989471470838,-1.0,2
2020-10-15,AMZN,0.02785986655715638,-0.02581328675455606,-1.0,2
2020-10-16,AMZN,0.031369258831521904,-0.3468435522309534,-1.0,2
2020-10-19,AMZN,0.05737240499739781,-0.9128183398571162,-1.0,2
2020-10-20,AMZN,0.05129494512024987,-1.9669506402506909,-1.0,2
2020-10-21,AMZN,0.04415075488229829,-0.8509898776491984,-1.0,2
2020-10-22,AMZN,0.04641483861173447,-2.122731248837294,-1.0,2
2020-10-23,AMZN,0.0432585858101349,-1.2772181897786277,-1.0,2
2020-10-26,AMZN,0.03916105990981166,-0.8168713434698152,-1.0,2
2020-10-27,AMZN,0.03702246882870357,-0.8806997284214682,-1.0,2
2020-10-28,AMZN,0.045284534299928056,-0.18035945368021566,-1.0,2
2020-10-29,AMZN,0.030262770615234344,0.05579706971836701,-1.0,2
2020-10-30,AMZN,0.05959778946532999,-0.7924577682529761,-1.0,2
2020-11-02,AMZN,0.05968502030767731,-1.1809872307470721,-1.0,2
2020-11-03,AMZN,0.05594600196280195,-0.7882057561156423,-1.0,2
2020-11-04,AMZN,0.029443585847758254,-0.21024412706572204,-1.0,2
2020-11-05,AMZN,0.02270842088185113,-0.07134808460782557,-1.0,2
2020-11-06,AMZN,0.02713044887401133,-0.43115250651934206,-1.0,2
2020-11-09,AMZN,0.029479608984519675,-0.4888193493587429,-1.0,2
2020-11-10,AMZN,0.04988613965978052,-0.3341534907865172,-1.0,2
2020-11-11,AMZN,0.06082517057144562,-1.0902321182225094,-1.0,2
2020-11-12,AMZN,0.06165706260567967,-0.6861162863582245,-1.0,2
2020-11-13,AMZN,0.058121584353595525,-0.17985689930905824,-1.0,2
2020-11-16,AMZN,0.040455300742784174,-0.04880286121227334,-1.0,2
2020-11-17,AMZN,0.02760557529509982,-0.12751111055907122,-1.0,2
2020-11-18,AMZN,0.03065477779806872,-0.07058361441201341,-1.0,2
2020-11-19,AMZN,0.03357916790567997,-0.07135836890691952,-1.0,2
2020-11-20,AMZN,0.03416676981343485,-0.19642386934075187,-1.0,2
2020-11-23,AMZN,0.03083253446930759,-0.19922339111228393,-1.0,2
2020-11-24,AMZN,0.02611017622183094,-0.4384630120593774,-1.0,2
2020-11-25,AMZN,0.026252914718059874,-0.4487384751511777,-1.0,2
2020-11-27,AMZN,0.027759178430834777,-0.8991043260682754,-1.0,2
2020-11-30,AMZN,0.030975297270158804,-0.9953471623433983,-1.0,2
2020-12-01,AMZN,0.02493999088980572,0.03250558819968721,-1.0,2
2020-12-02,AMZN,0.031208057082473116,-0.28653491325598435,-1.0,2
2020-12-03,AMZN,0.04599546122099707,-1.1589051150924272,-1.0,2
2020-12-04,AMZN,0.04305378732180923,-1.0717231132047589,-1.0,2
2020-12-07,AMZN,0.04211090508282632,-0.8498009812279577,-1.0,2
2020-12-08,AMZN,0.05109255284121488,-1.2791332305051797,-1.0,2
2020-12-09,AMZN,0.06336558524539188,-1.3190656008832016,-1.0,2
2020-12-10,AMZN,0.06255619065432586,-1.369923250703355,-1.0,2
2020-12-11,AMZN,0.055850652458976774,-0.9942275886762177,-1.0,2
2020-12-14,AMZN,0.0540521542861303,-0.8567230126513303,-1.0,2
2020-12-15,AMZN,0.054438698475736916,-1.0124456378092028,-1.0,2
2020-12-16,AMZN,0.050167942799997305,-0.8114272749998828,-1.0,2
2020-12-17,AMZN,0.04734135663234341,-0.6927707815694152,-1.0,2
2020-12-18,AMZN,0.054386651682327494,-0.7397779699742195,-1.0,2
2020-12-21,AMZN,0.05261463180687877,-0.6882816824573673,-1.0,2
2020-12-22,AMZN,0.05438569047123258,-0.7848229253725927,-1.0,2
2020-12-23,AMZN,0.054587960921351895,-0.6279398245840019,-1.0,2
2020-12-24,AMZN,0.05694473282323808,-0.8488820981693105,-1.0,2
2020-12-28,AMZN,0.05026134542040384,-0.40667920926104484,-1.0,2
2020-12-29,AMZN,0.049647034229956616,-0.17382264178438062,-1.0,2
2020-12-30,AMZN,0.051629037078896566,-0.7364986939081013,-1.0,2
2020-12-31,AMZN,0.055105987403146685,-0.8986994808767346,-1.0,2
2020-07-01,GOOGL,0.02256502674072592,-1.5714267922145737,-1.0,2
2020-07-02,GOOGL,0.018007198323517177,-0.9084030281302491,-1.0,2
2020-07-06,GOOGL,0.010940234371659715,-0.49491917027477084,-1.0,2
2020-07-07,GOOGL,0.017666501423840828,-0.8486500707799147,-1.0,2
2020-07-08,GOOGL,0.017666501423840828,-1.0665390813180902,-1.0,2
2020-07-09,GOOGL,0.008920076123002354,-0.35205694196727,-1.0,2
2020-07-10,GOOGL,0.008148832634084746,-0.25999028107966254,-1.0,2
2020-07-13,GOOGL,0.01207363346756333,-0.14269977159896485,-1.0,2
2020-07-14,GOOGL,0.011754949837570085,-0.3383304796117686,-1.0,2
2020-07-15,GOOGL,0.008035222513474863,-0.12708251737728699,-1.0,2
2020-07-16,GOOGL,0.008035222513474863,0.12638712145708164,-1.0,2
2020-07-17,GOOGL,0.011786875452161425,0.3272313905385067,-1.0,2
2020-07-20,GOOGL,0.012491032308957683,0.054193873358983624,-1.0,2
2020-07-21,GOOGL,0.013795154709302523,0.3595184887271963,-1.0,2
2020-07-22,GOOGL,0.013795154709302523,0.013110153796100199,-1.0,2
2020-07-23,GOOGL,0.023246348808629635,0.2865675820632946,-1.0,2
2020-07-24,GOOGL,0.022682085160835343,0.19032933978178668,-1.0,2
2020-07-27,GOOGL,0.019688784793221715,0.7408220158216722,-1.0,2
2020-07-28,GOOGL,0.021738796132018404,0.4887222605078687,-1.0,2
2020-07-29,GOOGL,0.018842401812833302,0.42816096037879403,-1.0,2
2020-07-30,GOOGL,0.013589221767043467,0.2577218060398511,-1.0,2
2020-07-31,GOOGL,0.014077891154376633,-0.5193938026605349,-1.0,2
2020-08-03,GOOGL,0.012364425973370945,-0.7537098899340398,-1.0,2
2020-08-04,GOOGL,0.01186006314855586,-0.8799668367297306,-1.0,2
2020-08-05,GOOGL,0.010498512962153676,-0.889068412173022,-1.0,2
2020-08-06,GOOGL,0.011138900641125448,-0.5631308242005666,-1.0,2
2020-08-07,GOOGL,0.011695389607224688,-0.5418050191295964,-1.0,2
2020-08-10,GOOGL,0.012426303169065667,-0.11695427282029441,-1.0,2
2020-08-11,GOOGL,0.011794278134088598,0.2222395019425426,-1.0,2
2020-08-12,GOOGL,0.014641183718951237,-0.20211617731077003,-1.0,2
2020-08-13,GOOGL,0.014999243303286261,-0.19795872660605257,-1.0,2
2020-08-14,GOOGL,0.012442184237049287,-0.06721834837294688,-1.0,2
2020-08-17,GOOGL,0.011228326652293823,-0.23354439104508207,-1.0,2
2020-08-18,GOOGL,0.00791540532385975,-0.1275114234007121,-1.0,2
2020-08-19,GOOGL,0.012670535408219876,0.007323257834963015,-1.0,2
2020-08-20,GOOGL,0.006233938224647734,0.23883645725331143,-1.0,2
2020-08-21,GOOGL,0.005903880750667894,-0.13200434926906346,-1.0,2
2020-08-24,GOOGL,0.00795100582704418,-0.10868322200416136,-1.0,2
2020-08-25,GOOGL,0.008535868570323827,0.03096123557012298,-1.0,2
2020-08-26,GOOGL,0.007881339329109496,0.08847721335389713,-1.0,2
2020-08-27,GOOGL,0.004532710750487234,-0.033687663876650564,-1.0,2
2020-08-28,GOOGL,0.008092616000445597,0.31156041291556563,-1.0,2
2020-08-31,GOOGL,0.00869146369902487,0.3454052175052752,-1.0,2
2020-09-01,GOOGL,0.008849299648745536,0.5292347054652388,-1.0,2
2020-09-02,GOOGL,0.02694584957438363,0.6366667127148353,-1.0,2
2020-09-03,GOOGL,0.045274151452644795,1.0584197770514407,-1.0,2
2020-09-04,GOOGL,0.05151783505699548,0.04752202780990644,-1.0,2
2020-09-08,GOOGL,0.04451422041154249,1.2195319038833805,-1.0,2
2020-09-09,GOOGL,0.058369120133910525,0.10329433157433299,-1.0,2
2020-09-10,GOOGL,0.05827998612935918,0.5393643731255808,-1.0,2
2020-09-11,GOOGL,0.05989186698261771,0.1947849723444549,-1.0,2
2020-09-14,GOOGL,0.054356919381219594,-0.2796520236410376,-1.0,2
2020-09-15,GOOGL,0.047762761962265414,-0.06950376586232498,-1.0,2
2020-09-16,GOOGL,0.052052953063092634,0.2832187923387545,-1.0,2
2020-09-17,GOOGL,0.01824278788512002,0.4966688050884562,-1.0,2
2020-09-18,GOOGL,0.029181633374686648,-0.02595370122764601,-1.0,2
2020-09-21,GOOGL,0.025346186047137263,-0.4266487711653886,-1.0,2
2020-09-22,GOOGL,0.018875992264703594,-0.19317972015038992,-1.0,2
2020-09-23,GOOGL,0.01821226980312813,0.39390261333558785,-1.0,2
2020-09-24,GOOGL,0.017396795634714947,-0.33611906646785616,-1.0,2
2020-09-25,GOOGL,0.025272110459169307,-1.0481026115406737,-1.0,2
2020-09-28,GOOGL,0.01915746037615685,-0.05982052603001409,-1.0,2
2020-09-29,GOOGL,0.027083371329481933,-0.4512892708203218,-1.0,2
2020-09-30,GOOGL,0.006653989301225904,-0.7268517075313308,-1.0,2
2020-10-01,GOOGL,0.002396950331102504,-0.5826894050306166,-1.0,2
2020-10-02,GOOGL,0.012192787652065095,-0.42143775315329834,-1.0,2
2020-10-05,GOOGL,0.013451475007780794,-0.5250624935738117,-1.0,2
2020-10-06,GOOGL,0.015045573101462808,-0.43273153661791774,-1.0,2
2020-10-07,GOOGL,0.014020853997889162,-0.7331159664381699,-1.0,2
2020-10-08,GOOGL,0.013696148898834588,-0.7661101702043168,-1.0,2
2020-10-09,GOOGL,0.005811981057950961,-0.5717058119614229,-1.0,2
2020-10-12,GOOGL,0.006749500211255519,-0.4274362290101795,-1.0,2
2020-10-13,GOOGL,0.00870092430239098,-0.5509851040294342,-1.0,2
2020-10-14,GOOGL,0.007370409719528055,-0.47115945113356783,-1.0,2
2020-10-15,GOOGL,0.008304404678182387,-0.34984065023638283,-1.0,2
2020-10-16,GOOGL,0.005030145692631757,-0.1643537204464814,-1.0,2
2020-10-19,GOOGL,0.013190064898560184,0.18574643634288557,-1.0,2
2020-10-20,GOOGL,0.005632247691993787,0.8300529098178273,-1.0,2
2020-10-21,GOOGL,0.005368125728748037,1.3177993754774537,-1.0,2
2020-10-22,GOOGL,0.004815636617703057,2.010166368468229,-1.0,2
2020-10-23,GOOGL,0.002515989266918852,2.5412423274571783,-1.0,2
2020-10-26,GOOGL,0.018591917665424895,1.5170022571822652,-1.0,2
2020-10-27,GOOGL,0.012763774329911241,0.9365186105901675,-1.0,2
2020-10-28,GOOGL,0.038373961400027246,0.44758799617147516,-1.0,2
2020-10-29,GOOGL,0.021390204626785845,1.2472676037505233,-1.0,2
2020-10-30,GOOGL,0.006879080879785951,2.994656522917769,-1.0,2
2020-11-02,GOOGL,0.005923238081129422,2.8680920418635867,-1.0,2
2020-11-03,GOOGL,0.006765620555659444,2.73841220378858,-1.0,2
2020-11-04,GOOGL,0.025858736187384258,2.073161294750073,-1.0,2
2020-11-05,GOOGL,0.006892970654746664,2.1882588032785755,-1.0,2
2020-11-06,GOOGL,-0.0035630999274732685,2.614168799303849,-1.0,2
2020-11-09,GOOGL,-0.007682767415242866,2.6096757129248407,-1.0,2
2020-11-10,GOOGL,0.03276292012409574,2.376715516246759,-1.0,2
2020-11-11,GOOGL,0.028904422629519817,2.6922761317971737,-1.0,2
2020-11-12,GOOGL,0.03697438718663083,2.295182596416672,-1.0,2
2020-11-13,GOOGL,0.03413444314156635,2.256756046721413,-1.0,2
2020-11-16,GOOGL,0.03033394900108843,1.8443942112674074,-1.0,2
2020-11-17,GOOGL,-0.00702236763421619,2.363168491210308,-1.0,2
2020-11-18,GOOGL,0.004510399579735729,2.0106041853916294,-1.0,2
2020-11-19,GOOGL,0.004084150770608649,1.920661346740525,-1.0,2
2020-11-20,GOOGL,0.003029305791238127,2.4111684364488033,-1.0,2
2020-11-23,GOOGL,0.007475137777100842,2.2859035398019474,-1.0,2
2020-11-24,GOOGL,0.0025231785843917165,2.0607439669104064,-1.0,2
2020-11-25,GOOGL,0.006556991616598927,1.894188998704887,-1.0,2
2020-11-27,GOOGL,0.005238968067877447,2.10846714856856,-1.0,2
2020-11-30,GOOGL,0.008010658940615253,0.541800710245463,-1.0,2
2020-12-01,GOOGL,0.00015789451316883498,0.9332060525594957,-1.0,2
2020-12-02,GOOGL,0.0033907181175928565,1.0977466224388364,-1.0,2
2020-12-03,GOOGL,0.013158348228140744,0.49357073762813997,-1.0,2
2020-12-04,GOOGL,0.0136860621765113,0.5390456400108297,-1.0,2
2020-12-07,GOOGL,0.005896035902649284,0.9293571557918336,-1.0,2
2020-12-08,GOOGL,0.004626532911528276,0.3158707900374187,-1.0,2
2020-12-09,GOOGL,0.010491198114991163,-0.1483697901236103,-1.0,2
2020-12-10,GOOGL,0.011445303739518471,0.265176635466049,-1.0,2
2020-12-11,GOOGL,0.00951754460308921,0.39123856070175655,-1.0,2
2020-12-14,GOOGL,0.0110526583685181,-0.19248724294721875,-1.0,2
2020-12-15,GOOGL,0.009141498876959656,-0.3131873105742924,-1.0,2
2020-12-16,GOOGL,0.00610881355399904,-0.21755144772157176,-1.0,2
2020-12-17,GOOGL,0.008849186471845457,-0.0861395506246424,-1.0,2
2020-12-18,GOOGL,0.00996696146773238,-0.11407973651382841,-1.0,2
2020-12-21,GOOGL,0.006869733926824557,0.2165516186992209,-1.0,2
2020-12-22,GOOGL,0.01980939840895551,-0.23697463448234962,-1.0,2
2020-12-23,GOOGL,0.016972067889033052,-0.17026625268081141,-1.0,2
2020-12-24,GOOGL,0.011157209739212946,0.2777922936407969,-1.0,2
2020-12-28,GOOGL,0.005986333421198884,0.5891502876120164,-1.0,2
2020-12-29,GOOGL,0.007077047448310419,0.8074311729792495,-1.0,2
2020-12-30,GOOGL,0.005551817293538653,0.5082595503005674,-1.0,2
2020-12-31,GOOGL,0.004530770432315695,0.5556791919546449,-1.0,2
2020-07-01,INTC,0.000731581320708608,-0.694406289798373,-1.0,2
2020-07-02,INTC,0.0033598266308100307,-1.0013344559067556,-1.0,2
2020-07-06,INTC,0.003722224265660849,-1.0804251049997227,-1.0,2
2020-07-07,INTC,0.0038185605711842123,-1.0058971362892573,-1.0,2
2020-07-08,INTC,0.001124462589370605,-0.7934380131400808,-1.0,2
2020-07-09,INTC,0.004280340403222296,-1.2196328744326284,-1.0,2
2020-07-10,INTC,0.01998114315964111,-1.978374762624397,-1.0,2
2020-07-13,INTC,0.021542395464744707,-1.7243985937833204,-1.0,2
2020-07-14,INTC,0.017290511502418223,-2.097129531520902,-1.0,2
2020-07-15,INTC,0.018645197421133443,-1.9962624489679845,-1.0,2
2020-07-16,INTC,0.02047692890012215,-1.804930010877373,-1.0,2
2020-07-17,INTC,0.01928944908420832,-1.3991207885258765,-1.0,2
2020-07-20,INTC,0.016339531224596138,-1.7497178092119547,-1.0,2
2020-07-21,INTC,0.020023777317766216,-1.3461023637827843,-1.0,2
2020-07-22,INTC,0.01608992890371729,-1.0709781380317174,-1.0,2
2020-07-23,INTC,0.021596689639493512,-0.22126326424709625,-1.0,2
2020-07-24,INTC,0.0011331641340736436,-0.9682038853504353,-1.0,2
2020-07-27,INTC,-0.0014718690363069037,-1.1142192299674316,-1.0,2
2020-07-28,INTC,-0.005422010487130682,-0.5344171238393842,-1.0,2
2020-07-29,INTC,-0.01777440899889503,-0.3095674021295729,-1.0,2
2020-07-30,INTC,-0.023509537081988524,-0.4414245790478728,-1.0,2
2020-07-31,INTC,-0.029161211642533914,-0.6959607624013944,-1.0,2
2020-08-03,INTC,-0.030638479998760848,-0.5857701693061474,-1.0,2
2020-08-04,INTC,-0.008917519992489426,-1.3733830886348086,-1.0,2
2020-08-05,INTC,-0.013838226788825042,-1.3209045509359831,-1.0,2
2020-08-06,INTC,0.005756386167242655,-1.699085478262377,-1.0,2
2020-08-07,INTC,-0.004009839993547753,-1.1975857303335098,-1.0,2
2020-08-10,INTC,0.0062223070598707245,-1.2163937462394814,-1.0,2
2020-08-11,INTC,0.009670913169439166,-1.2048616650342452,-1.0,2
2020-08-12,INTC,-0.014365775837466097,-0.6249938485344109,-1.0,2
2020-08-13,INTC,-0.031164915683704487,-0.6607236275579826,-1.0,2
2020-08-14,INTC,-0.011688332044134518,-1.0816321277797358,-1.0,2
2020-08-17,INTC,-0.016293445702125046,-0.8448836331051097,-1.0,2
2020-08-18,INTC,-0.04188328472516212,-0.5757637612313324,-1.0,2
2020-08-19,INTC,-0.017582243397587814,-0.9226532902880524,-1.0,2
2020-08-20,INTC,-0.008962721858373652,-1.087112724320345,-1.0,2
2020-08-21,INTC,0.008135978038726763,-0.7407198673656048,-1.0,2
2020-08-24,INTC,0.008462165776465165,-0.48798659466576955,-1.0,2
2020-08-25,INTC,0.007214484467116284,-0.450794771916193,-1.0,2
2020-08-26,INTC,0.0087952190171237,-0.3275219190326403,-1.0,2
2020-08-27,INTC,0.00721877226994819,-0.3143442864937301,-1.0,2
2020-08-28,INTC,0.00582285707675063,-0.1281611440627467,-1.0,2
2020-08-31,INTC,0.0038130264486750907,0.006247334165029872,-1.0,2
2020-09-01,INTC,0.005488611636384381,0.45596366425530366,-1.0,2
2020-09-02,INTC,0.027072079758686994,0.12497570634117572,-1.0,2
2020-09-03,INTC,0.040222322921644925,1.1293158951718894,-1.0,2
2020-09-04,INTC,0.022324723207676,1.5843200310344994,-1.0,2
2020-09-08,INTC,0.039122826728530756,1.4118751571796055,-1.0,2
2020-09-09,INTC,0.03905838439084913,1.4408259150662124,-1.0,2
2020-09-10,INTC,0.03929276500306869,1.5442087155114628,-1.0,2
2020-09-11,INTC,0.040785940592100514,1.7319431116335566,-1.0,2
2020-09-14,INTC,0.041882525738403134,0.7089707738825348,-1.0,2
2020-09-15,INTC,0.03744959904925825,1.071147424086963,-1.0,2
2020-09-16,INTC,0.036832471082166474,1.511107733380455,-1.0,2
2020-09-17,INTC,0.004848710645480882,1.4185852603943765,-1.0,2
2020-09-18,INTC,0.00488710024418797,1.7043149477262818,-1.0,2
2020-09-21,INTC,0.006978018380307333,0.7128651986659582,-1.0,2
2020-09-22,INTC,0.004242313064100907,0.9907748748023097,-1.0,2
2020-09-23,INTC,0.01782399148552213,0.8226758261823323,-1.0,2
2020-09-24,INTC,0.008271661839111153,0.6604096689986569,-1.0,2
2020-09-25,INTC,0.008354169679886534,1.207115171410828,-1.0,2
2020-09-28,INTC,0.006358128511836551,1.3723640797644565,-1.0,2
2020-09-29,INTC,0.006754502418254379,0.9087511489167789,-1.0,2
2020-09-30,INTC,0.0063151422107846035,1.5270543888402657,-1.0,2
2020-10-01,INTC,0.00677571593984717,0.9724043974865197,-1.0,2
2020-10-02,INTC,0.013538530494837898,0.6358873840993691,-1.0,2
2020-10-05,INTC,0.006775863140219351,0.43399714084222074,-1.0,2
2020-10-06,INTC,0.013447227430768307,0.37972942829414447,-1.0,2
2020-10-07,INTC,0.011573896684330913,0.6623491358625693,-1.0,2
2020-10-08,INTC,-0.0044734381961826315,1.08892031288702,-1.0,2
2020-10-09,INTC,-0.004165312323259357,0.5675107887032103,-1.0,2
2020-10-12,INTC,0.002967080675617055,0.5609763301212758,-1.0,2
2020-10-13,INTC,0.0020213750190881457,0.361640267280664,-1.0,2
2020-10-14,INTC,0.0035181236140827002,0.02332904775813266,-1.0,2
2020-10-15,INTC,0.004317014270895532,0.01953005154680415,-1.0,2
2020-10-16,INTC,-0.0025450823432104424,0.0821504249009315,-1.0,2
2020-10-19,INTC,-0.004438355233958577,1.2943925900748057,-1.0,2
2020-10-20,INTC,-0.00028138632651044754,1.3129207612155853,-1.0,2
2020-10-21,INTC,-0.010593475974727762,1.0301992169789211,-1.0,2
2020-10-22,INTC,-0.010717635355999778,1.605504825063154,-1.0,2
2020-10-23,INTC,-0.0048492466129146155,-0.84103143480083,-1.0,2
2020-10-26,INTC,0.001503059342956483,-1.3711437108797209,-1.0,2
2020-10-27,INTC,-0.0054989962652042985,-1.0140538840240771,-1.0,2
2020-10-28,INTC,-0.0052148867360450255,-0.7216351950013544,-1.0,2
2020-10-29,INTC,0.008954720165988184,-1.9362182597585929,-1.0,2
2020-10-30,INTC,0.0010676365940930916,-0.7564681416672164,-1.0,2
2020-11-02,INTC,0.0005714679877037766,-0.6974720942954272,-1.0,2
2020-11-03,INTC,0.003764628211018264,-0.8599500923344211,-1.0,2
2020-11-04,INTC,0.0031394420964012113,-1.1412778741320175,-1.0,2
2020-11-05,INTC,-0.0010180472336391842,-1.4466259925379865,-1.0,2
2020-11-06,INTC,0.00378428301043375,-1.5205318976807498,-1.0,2
2020-11-09,INTC,0.005101497207009765,-0.5684603704234152,-1.0,2
2020-11-10,INTC,0.048187658363925905,-0.5365804823803617,-1.0,2
2020-11-11,INTC,0.04175746171761234,-0.7183536354538707,-1.0,2
2020-11-12,INTC,0.026104349931106323,-0.14825794737333053,-1.0,2
2020-11-13,INTC,0.02337700581696431,0.20426819245664662,-1.0,2
2020-11-16,INTC,0.01467413776308035,0.13860445906820718,-1.0,2
2020-11-17,INTC,-0.023009182210248807,0.2961053127709464,-1.0,2
2020-11-18,INTC,-0.02392363059079095,0.19597673308160402,-1.0,2
2020-11-19,INTC,-0.024033217039749945,0.06154414089095006,-1.0,2
2020-11-20,INTC,0.02418690537164996,-0.20782151672348947,-1.0,2
2020-11-23,INTC,0.0233974215341798,0.40896154170264054,-1.0,2
2020-11-24,INTC,0.011789828391665072,1.0208671015512514,-1.0,2
2020-11-25,INTC,0.008373346006921453,0.7233616495160502,-1.0,2
2020-11-27,INTC,0.006531289581259764,1.0313249464995307,-1.0,2
2020-11-30,INTC,0.005409639617419955,0.9471698835328206,-1.0,2
2020-12-01,INTC,0.004399352938948483,1.0730535409883526,-1.0,2
2020-12-02,INTC,0.011076608846218538,1.0377295761198155,-1.0,2
2020-12-03,INTC,-0.0024290843744911245,1.8441794201978126,-1.0,2
2020-12-04,INTC,-0.002481942132333016,1.97817623663842,-1.0,2
2020-12-07,INTC,0.022772376961608727,1.095180285367937,-1.0,2
2020-12-08,INTC,0.007059552886847817,1.4035818477108846,-1.0,2
2020-12-09,INTC,0.006624148204137706,1.3346570766272858,-1.0,2
2020-12-10,INTC,0.00750949658538389,1.430776798485337,-1.0,2
2020-12-11,INTC,0.014606790707915278,1.3939992768615108,-1.0,2
2020-12-14,INTC,0.004608990179663325,1.8151684495875453,-1.0,2
2020-12-15,INTC,0.0054809573478792435,1.4842083630716956,-1.0,2
2020-12-16,INTC,0.004729125666996718,1.6665314246358376,-1.0,2
2020-12-17,INTC,0.006350573890464367,1.4916629011747133,-1.0,2
2020-12-18,INTC,0.009910171875204776,0.6295405061117486,-1.0,2
2020-12-21,INTC,0.01563108117871394,0.23090548222882884,-1.0,2
2020-12-22,INTC,0.015121175697935071,-0.021392698108854358,-1.0,2
2020-12-23,INTC,0.005393475236604195,0.2669502484399986,-1.0,2
2020-12-24,INTC,0.004737169463787506,0.6645635365369731,-1.0,2
2020-12-28,INTC,0.006348958238090946,0.5726296827122885,-1.0,2
2020-12-29,INTC,-0.0031995794895700955,1.3217215438196774,-1.0,2
2020-12-30,INTC,0.0011391061765733328,0.9477661072066794,-1.0,2
2020-12-31,INTC,0.0016873379526411226,1.1058748568805168,-1.0,2
2020-07-01,MSFT,0.028218979408388408,-0.7860227479196145,-1.0,2
2020-07-02,MSFT,0.03138060171376742,-0.8569065853032728,-1.0,2
2020-07-06,MSFT,0.026657014410543432,-0.741836153528843,-1.0,2
2020-07-07,MSFT,0.034551976697686726,-1.2081673188804456,-1.0,2
2020-07-08,MSFT,0.032767885072931074,-1.4062365366821477,-1.0,2
2020-07-09,MSFT,0.03386239794811212,-1.3362058081083357,-1.0,2
2020-07-10,MSFT,0.042473705314591645,-1.4204469947644713,-1.0,2
2020-07-13,MSFT,0.045338548407076476,-1.0814577876692173,-1.0,2
2020-07-14,MSFT,0.038871799202012475,-1.1111138344137805,-1.0,2
2020-07-15,MSFT,0.04723196772476995,-1.2952296550698674,-1.0,2
2020-07-16,MSFT,0.05257589431200012,-1.4795154223773554,-1.0,2
2020-07-17,MSFT,0.04851952769668332,-1.8310821596315447,-1.0,2
2020-07-20,MSFT,0.042702240711182594,-2.000829202209353,-1.0,2
2020-07-21,MSFT,0.044695177361902746,-1.9475641180302707,-1.0,2
2020-07-22,MSFT,0.04500752017754151,-1.8325246076484119,-1.0,2
2020-07-23,MSFT,0.051172766041159466,-1.7237617278425863,-1.0,2
2020-07-24,MSFT,0.043236850784714925,-1.201134771265005,-1.0,2
2020-07-27,MSFT,0.052394362496989734,-1.4476017199938043,-1.0,2
2020-07-28,MSFT,0.05027915691420698,-1.5467376988483081,-1.0,2
2020-07-29,MSFT,0.049038021158790725,-1.685231628768754,-1.0,2
2020-07-30,MSFT,0.041359486330096173,-1.7926312786406073,-1.0,2
2020-07-31,MSFT,0.04208515317859851,-1.7770260367512392,-1.0,2
2020-08-03,MSFT,0.02804350127696255,-1.0569187190602678,-1.0,2
2020-08-04,MSFT,0.02840904458395318,-1.279518734627039,-1.0,2
2020-08-05,MSFT,0.028572547705073476,-1.4936586512850853,-1.0,2
2020-08-06,MSFT,0.029192561937005215,-1.4541604559901131,-1.0,2
2020-08-07,MSFT,0.024027930686747436,-0.9700428445618839,-1.0,2
2020-08-10,MSFT,0.043243404713408644,-1.4351138665217529,-1.0,2
2020-08-11,MSFT,0.03527133058605677,-0.6363235630795672,-1.0,2
2020-08-12,MSFT,0.03126680294131132,-0.708841087091502,-1.0,2
2020-08-13,MSFT,0.03834129840333015,-0.5801432767240251,-1.0,2
2020-08-14,MSFT,0.031054986529516198,-0.17599884041806793,-1.0,2
2020-08-17,MSFT,0.03787578716770888,-0.8270453756613136,-1.0,2
2020-08-18,MSFT,0.03849860656754902,-0.7677693024425135,-1.0,2
2020-08-19,MSFT,0.04090699800185261,-0.623477302458672,-1.0,2
2020-08-20,MSFT,0.04319439931792861,-0.47087536258287155,-1.0,2
2020-08-21,MSFT,0.044249252721540566,-0.8496512158618563,-1.0,2
2020-08-24,MSFT,0.04061238727196011,-0.7147238490220531,-1.0,2
2020-08-25,MSFT,0.04042762116638441,-0.7166727681160847,-1.0,2
2020-08-26,MSFT,0.035616491964942834,-0.4834567941923965,-1.0,2
2020-08-27,MSFT,0.034886759013647066,-0.05644983332292112,-1.0,2
2020-08-28,MSFT,0.028690881010967645,0.12469715386229523,-1.0,2
2020-08-31,MSFT,0.02729116725105106,-0.7217173516411942,-1.0,2
2020-09-01,MSFT,0.02894656581876771,-1.5221433781366955,-1.0,2
2020-09-02,MSFT,0.035057539755300474,-0.4586059047674945,-1.0,2
2020-09-03,MSFT,0.06685555264897489,-1.1979976172586309,-1.0,2
2020-09-04,MSFT,0.0612513550606288,-0.8051416676936602,-1.0,2
2020-09-08,MSFT,0.07175656767898043,-0.9173733737785952,-1.0,2
2020-09-09,MSFT,0.0700261162975786,-0.7630817935371845,-1.0,2
2020-09-10,MSFT,0.0768253544626295,-0.6555460839545186,-1.0,2
2020-09-11,MSFT,0.06444248652569139,-0.2543360822837848,-1.0,2
2020-09-14,MSFT,0.06373915990676506,-1.0747082225750333,-1.0,2
2020-09-15,MSFT,0.053063869132732686,-0.722833769161742,-1.0,2
2020-09-16,MSFT,0.06484203057126003,-0.4365639806812456,-1.0,2
2020-09-17,MSFT,0.03186723695819115,0.015781347323632733,-1.0,2
2020-09-18,MSFT,0.051163114548619805,-1.0883015492542127,-1.0,2
2020-09-21,MSFT,0.03203050815643525,-0.49396796423587125,-1.0,2
2020-09-22,MSFT,0.028029221482362986,-0.523974529184944,-1.0,2
2020-09-23,MSFT,0.050098737728887656,-1.3856091713899137,-1.0,2
2020-09-24,MSFT,0.027687997649266178,-0.5879872769834712,-1.0,2
2020-09-25,MSFT,0.022930172671333366,-0.6730589250138144,-1.0,2
2020-09-28,MSFT,0.027440404626316823,-0.5135436733302298,-1.0,2
2020-09-29,MSFT,0.027684501601990995,-0.3586925049246641,-1.0,2
2020-09-30,MSFT,0.024167101367603378,-0.5624362308989201,-1.0,2
2020-10-01,MSFT,0.02156671413350546,-0.3385415458027846,-1.0,2
2020-10-02,MSFT,0.03515499790967247,-0.318675319004043,-1.0,2
2020-10-05,MSFT,0.028206782731797282,-0.3971189945177029,-1.0,2
2020-10-06,MSFT,0.04479492609783914,-0.5671117265607567,-1.0,2
2020-10-07,MSFT,0.04159342710913815,-0.7852557402179364,-1.0,2
2020-10-08,MSFT,0.0408930218664248,-0.7912112471128432,-1.0,2
2020-10-09,MSFT,0.03679717412668738,-0.6434396776106808,-1.0,2
2020-10-12,MSFT,0.039021208611415205,-0.6387312515283163,-1.0,2
2020-10-13,MSFT,0.03527080731716337,-0.6404205114643853,-1.0,2
2020-10-14,MSFT,0.03722056913721232,-0.451536788923099,-1.0,2
2020-10-15,MSFT,0.03939439177391704,-0.5931795226012664,-1.0,2
2020-10-16,MSFT,0.04226399205819005,-0.7588838786889889,-1.0,2
2020-10-19,MSFT,0.05066556295721366,-1.2205981819640366,-1.0,2
2020-10-20,MSFT,0.04782891825688601,-1.5708529922364296,-1.0,2
2020-10-21,MSFT,0.047305189377440056,-0.723558257378766,-1.0,2
2020-10-22,MSFT,0.04602574195394297,-1.9261254063252367,-1.0,2
2020-10-23,MSFT,0.04400648779395669,-1.1955605160106588,-1.0,2
2020-10-26,MSFT,0.05193417941015579,-1.4699403580735837,-1.0,2
2020-10-27,MSFT,0.04371516179495916,-1.4315695391450918,-1.0,2
2020-10-28,MSFT,0.05362056308906173,-1.0727895854406126,-1.0,2
2020-10-29,MSFT,0.04996235943972091,-1.2172192433956297,-1.0,2
2020-10-30,MSFT,0.06929928679924985,-0.9079521293617758,-1.0,2
2020-11-02,MSFT,0.06585818033610387,-1.004438039278806,-1.0,2
2020-11-03,MSFT,0.06158567599221215,-0.6783685105226486,-1.0,2
2020-11-04,MSFT,0.039079663504551235,-0.3060395872357502,-1.0,2
2020-11-05,MSFT,0.026822504378485722,0.02527447635887997,-1.0,2
2020-11-06,MSFT,0.03115344306304752,-0.18263062860831092,-1.0,2
2020-11-09,MSFT,0.031427108904785735,0.2400336487549275,-1.0,2
2020-11-10,MSFT,0.054021102689588735,0.06953098644262679,-1.0,2
2020-11-11,MSFT,0.04650486041708934,0.21928348765160893,-1.0,2
2020-11-12,MSFT,0.0551450966883933,0.09387730771750469,-1.0,2
2020-11-13,MSFT,0.05509199754846987,0.19365466409778137,-1.0,2
2020-11-16,MSFT,0.026635617906552556,0.8690518895758093,-1.0,2
2020-11-17,MSFT,0.02894770180381641,0.056191983897906916,-1.0,2
2020-11-18,MSFT,0.039202409011216195,-0.21504586005278054,-1.0,2
2020-11-19,MSFT,0.03255887133653545,0.06059104340537011,-1.0,2
2020-11-20,MSFT,0.03823333512693394,-0.17989644150308703,-1.0,2
2020-11-23,MSFT,0.04313633729345324,-0.03168466691306915,-1.0,2
2020-11-24,MSFT,0.029821444740427406,0.10115505642623933,-1.0,2
2020-11-25,MSFT,0.04351329693419071,-0.26602395765173764,-1.0,2
2020-11-27,MSFT,0.040893539859308735,-0.24118592028989316,-1.0,2
2020-11-30,MSFT,0.041102383236893546,-0.8177053982339444,-1.0,2
2020-12-01,MSFT,0.04279328197985466,-0.315510767807189,-1.0,2
2020-12-02,MSFT,0.04552618123330243,-0.7083000126649178,-1.0,2
2020-12-03,MSFT,0.04143348452353715,-0.917616160327873,-1.0,2
2020-12-04,MSFT,0.060464203008798456,-1.4576566311817172,-1.0,2
2020-12-07,MSFT,0.05931995859246595,-1.2964736242640724,-1.0,2
2020-12-08,MSFT,0.05253850140254631,-1.5851049294608286,-1.0,2
2020-12-09,MSFT,0.05823291254355158,-1.4972732632790617,-1.0,2
2020-12-10,MSFT,0.052246833298811995,-1.311781128444924,-1.0,2
2020-12-11,MSFT,0.05264302759873814,-1.0351082824625846,-1.0,2
2020-12-14,MSFT,0.052628416798670356,-1.086136050097224,-1.0,2
2020-12-15,MSFT,0.052628416798670356,-1.3440297362072442,-1.0,2
2020-12-16,MSFT,0.04986999318601938,-0.9281723777930916,-1.0,2
2020-12-17,MSFT,0.047341144896383046,-0.7236907636412857,-1.0,2
2020-12-18,MSFT,0.05267553866031279,-0.6695569832545981,-1.0,2
2020-12-21,MSFT,0.04841064226188288,-0.2831696433535702,-1.0,2
2020-12-22,MSFT,0.048971156559026716,-0.26071355266883844,-1.0,2
2020-12-23,MSFT,0.052777436454619395,-0.4318279642747534,-1.0,2
2020-12-24,MSFT,0.052777436454619395,-0.19250182263903776,-1.0,2
2020-12-28,MSFT,0.051995566905412266,-0.3092647955055171,-1.0,2
2020-12-29,MSFT,0.053745036025812626,-0.32225124759660123,-1.0,2
2020-12-30,MSFT,0.05338655878181495,-0.7420415906308166,-1.0,2
2020-12-31,MSFT,0.052684903462494166,-0.6157538169017476,-1.0,2
2020-07-01,NVDA,0.006512769958825061,0.48303922375831787,-1.0,2
2020-07-02,NVDA,0.0060741438571712,0.40778841247652253,-1.0,2
2020-07-06,NVDA,0.00828981901396415,0.23166769875246715,-1.0,2
2020-07-07,NVDA,0.008933492272562467,0.5244396614470798,-1.0,2
2020-07-08,NVDA,0.006933845776846436,0.4850425978744369,-1.0,2
2020-07-09,NVDA,-0.0018301784610971594,1.0760665650718089,-1.0,2
2020-07-10,NVDA,0.009766800644922009,0.7073859676784273,-1.0,2
2020-07-13,NVDA,0.024096847032512234,0.1345513746863611,-1.0,2
2020-07-14,NVDA,-0.0080691216674757,1.63667553087762,-1.0,2
2020-07-15,NVDA,0.005943932635327497,1.5292982347840751,-1.0,2
2020-07-16,NVDA,0.013135566949326867,1.1248154701144837,-1.0,2
2020-07-17,NVDA,0.004977951942824274,1.7856490949513373,-1.0,2
2020-07-20,NVDA,0.009337121084953205,1.053799533891588,-1.0,2
2020-07-21,NVDA,0.007359144088893364,0.9503433751194975,-1.0,2
2020-07-22,NVDA,0.007237189321262417,1.0159357341421635,-1.0,2
2020-07-23,NVDA,0.01963451406395735,1.09335592576675,-1.0,2
2020-07-24,NVDA,0.012371895060630632,0.9661085494161288,-1.0,2
2020-07-27,NVDA,0.003469513340713126,1.557122329234159,-1.0,2
2020-07-28,NVDA,0.011683697823073613,1.347114795740314,-1.0,2
2020-07-29,NVDA,0.006889173245327402,1.2569561340572875,-1.0,2
2020-07-30,NVDA,0.00904281574132626,0.945214265252379,-1.0,2
2020-07-31,NVDA,0.00827202825664761,0.5423025324869265,-1.0,2
2020-08-03,NVDA,0.007788729650041255,0.6661963603693132,-1.0,2
2020-08-04,NVDA,0.009651282255327333,0.6698782932596172,-1.0,2
2020-08-05,NVDA,0.00752006363671552,0.43183048705406635,-1.0,2
2020-08-06,NVDA,-0.0029984923007703454,1.0993898661890877,-1.0,2
2020-08-07,NVDA,0.006396583982761261,0.5699786408496732,-1.0,2
2020-08-10,NVDA,0.0010842044282658963,1.5976502473516259,-1.0,2
2020-08-11,NVDA,0.007979405767265668,1.0861975850440961,-1.0,2
2020-08-12,NVDA,-0.0016034517205274976,1.6255486898841165,-1.0,2
2020-08-13,NVDA,0.0035751481664898755,1.2871187263068165,-1.0,2
2020-08-14,NVDA,0.003583685362332396,1.487664742212314,-1.0,2
2020-08-17,NVDA,-0.00368476600803426,2.0168022851124174,-1.0,2
2020-08-18,NVDA,0.013216590884506958,1.3689126820777369,-1.0,2
2020-08-19,NVDA,0.010531263060314832,1.5928593515845662,-1.0,2
2020-08-20,NVDA,0.03275187412398586,0.8297124622167675,-1.0,2
2020-08-21,NVDA,0.004528091446210783,1.6420210719803934,-1.0,2
2020-08-24,NVDA,0.02527643506585976,1.2611157862006361,-1.0,2
2020-08-25,NVDA,0.016945688737705387,1.4385623609350753,-1.0,2
2020-08-26,NVDA,0.02542239344537251,1.0317787598975743,-1.0,2
2020-08-27,NVDA,0.012797876531138185,1.1529322934486164,-1.0,2
2020-08-28,NVDA,0.0031232101088247257,2.153323825696104,-1.0,2
2020-08-31,NVDA,0.024381048001074733,1.3987670530823717,-1.0,2
2020-09-01,NVDA,0.01802141405130129,0.19685156939031276,-1.0,2
2020-09-02,NVDA,0.016342332336606133,2.173812286611769,-1.0,2
2020-09-03,NVDA,0.08242220103619792,-1.4008066405049946,-1.0,2
2020-09-04,NVDA,0.0856579358027907,-1.3490415002809333,-1.0,2
2020-09-08,NVDA,0.08763668017050828,-1.338428243602063,-1.0,2
2020-09-09,NVDA,0.08634960584612947,-1.355790217662871,-1.0,2
2020-09-10,NVDA,0.10192209448018202,-1.6539556589148336,-1.0,2
2020-09-11,NVDA,0.08886557086782906,-1.6762030329865765,-1.0,2
2020-09-14,NVDA,0.07658610139651872,-1.4693143201749204,-1.0,2
2020-09-15,NVDA,0.06533385246654651,-1.703904516520192,-1.0,2
2020-09-16,NVDA,0.09416895786698556,-1.7992485903892097,-1.0,2
2020-09-17,NVDA,0.04578495674036488,-0.1816281849436838,-1.0,2
2020-09-18,NVDA,0.051549959579021684,-0.7480519605768838,-1.0,2
2020-09-21,NVDA,0.05165260147082803,-1.0833016101580681,-1.0,2
2020-09-22,NVDA,0.054359358330962816,-1.9241921321831317,-1.0,2
2020-09-23,NVDA,0.030290293542719053,-0.07785992844397585,-1.0,2
2020-09-24,NVDA,0.02478162722010382,-0.23562621552831534,-1.0,2
2020-09-25,NVDA,0.018882752566242646,0.15103881875063546,-1.0,2
2020-09-28,NVDA,0.03811251651421958,-0.9065763539016137,-1.0,2
2020-09-29,NVDA,0.04014174794840307,-0.39567523776916386,-1.0,2
2020-09-30,NVDA,0.03133108544874277,0.1275580459408049,-1.0,2
2020-10-01,NVDA,0.04386552850707398,-0.39000157262095947,-1.0,2
2020-10-02,NVDA,0.033183763121239905,0.21274486444247437,-1.0,2
2020-10-05,NVDA,0.017000787540212874,0.6832938602039826,-1.0,2
2020-10-06,NVDA,0.01491844471158445,1.1645695973601717,-1.0,2
2020-10-07,NVDA,-0.005728753102644778,1.4667390444702182,-1.0,2
2020-10-08,NVDA,-0.0033473289576808262,1.4678080287429989,-1.0,2
2020-10-09,NVDA,0.0082204931026694,0.9506417293675639,-1.0,2
2020-10-12,NVDA,0.0073382713222318215,0.6837882086454468,-1.0,2
2020-10-13,NVDA,0.009425516506510058,0.4314584278988003,-1.0,2
2020-10-14,NVDA,0.008073343180565438,0.8360190204159096,-1.0,2
2020-10-15,NVDA,0.008236851057785568,0.5299735975278917,-1.0,2
2020-10-16,NVDA,0.0078065716918943005,0.5578402202785819,-1.0,2
2020-10-19,NVDA,0.019263744435238733,0.1688979958272217,-1.0,2
2020-10-20,NVDA,0.021021770098356086,1.1739894926621677,-1.0,2
2020-10-21,NVDA,0.01947970112030132,0.8129962123318639,-1.0,2
2020-10-22,NVDA,0.018500052670144183,-0.035463726416516725,-1.0,2
2020-10-23,NVDA,0.009025072285044133,0.5587974443004062,-1.0,2
2020-10-26,NVDA,0.004414448656063193,0.5142445920953025,-1.0,2
2020-10-27,NVDA,0.0017302142551799086,0.3631525125964063,-1.0,2
2020-10-28,NVDA,0.01972955221441033,-0.3852303369766041,-1.0,2
2020-10-29,NVDA,0.0060007858064341545,0.17277080757391183,-1.0,2
2020-10-30,NVDA,0.020528653474024525,0.15562721343593605,-1.0,2
2020-11-02,NVDA,0.016888124682728305,-0.19433368825571407,-1.0,2
2020-11-03,NVDA,0.00673150347457985,0.11006334179153499,-1.0,2
2020-11-04,NVDA,0.005739158634946465,0.21038623038392007,-1.0,2
2020-11-05,NVDA,0.009712589593871859,0.13074325981638957,-1.0,2
2020-11-06,NVDA,0.013957942482023656,0.6539701028890277,-1.0,2
2020-11-09,NVDA,0.028419663633608944,0.011030735565019961,-1.0,2
2020-11-10,NVDA,0.04954603482780399,-0.18902933925678678,-1.0,2
2020-11-11,NVDA,0.046531800365530514,-0.09662681558367274,-1.0,2
2020-11-12,NVDA,0.061721622556938596,-0.3609852275323976,-1.0,2
2020-11-13,NVDA,0.06327545601709131,-0.3206676738326351,-1.0,2
2020-11-16,NVDA,0.048205451075260246,-0.20073261394671543,-1.0,2
2020-11-17,NVDA,0.05881427430248189,-0.963255734051778,-1.0,2
2020-11-18,NVDA,0.06142341602350019,-0.7921125560435167,-1.0,2
2020-11-19,NVDA,0.04881717630191045,-0.20779677108253902,-1.0,2
2020-11-20,NVDA,0.0504747100014976,-0.7725274307824412,-1.0,2
2020-11-23,NVDA,0.04246854663058651,-0.053322370348683173,-1.0,2
2020-11-24,NVDA,0.04249041690884491,-0.7265201847884186,-1.0,2
2020-11-25,NVDA,0.01274731512501122,0.3522724562433337,-1.0,2
2020-11-27,NVDA,0.014393645708169625,-0.21448289942551085,-1.0,2
2020-11-30,NVDA,0.01604219455788834,-0.03525488790057235,-1.0,2
2020-12-01,NVDA,0.019342772473356844,0.04619954447465768,-1.0,2
2020-12-02,NVDA,0.02153618176627143,-0.1622472105308061,-1.0,2
2020-12-03,NVDA,0.008486638133522921,-0.15483871955258466,-1.0,2
2020-12-04,NVDA,0.009050951556781395,-0.06674653355895988,-1.0,2
2020-12-07,NVDA,0.00980064053886322,-0.06966888627737278,-1.0,2
2020-12-08,NVDA,0.00590151952044394,-0.3976720792788505,-1.0,2
2020-12-09,NVDA,-0.00558806662923581,0.02483229991226954,-1.0,2
2020-12-10,NVDA,0.01052282579337496,-0.3658681406272517,-1.0,2
2020-12-11,NVDA,0.016422590960698185,-0.4401202792037132,-1.0,2
2020-12-14,NVDA,0.008083296804414252,0.0658260982788399,-1.0,2
2020-12-15,NVDA,-0.0016950254509324886,-0.1378282584988092,-1.0,2
2020-12-16,NVDA,0.001796202849524343,-0.26310501288838495,-1.0,2
2020-12-17,NVDA,0.0013180430564832817,0.05797188682757115,-1.0,2
2020-12-18,NVDA,-0.0016324849564226783,0.27754607875001736,-1.0,2
2020-12-21,NVDA,0.0028716790150296293,0.5735618977451974,-1.0,2
2020-12-22,NVDA,-0.0008929725995039572,0.5465577676850351,-1.0,2
2020-12-23,NVDA,0.0023301321919575297,0.516998398634802,-1.0,2
2020-12-24,NVDA,0.002588578083544088,0.5067137872676908,-1.0,2
2020-12-28,NVDA,0.008171137536631875,0.35890635847112085,-1.0,2
2020-12-29,NVDA,0.01427759352034668,0.248496498264282,-1.0,2
2020-12-30,NVDA,0.0014512253126231706,0.9102584885599542,-1.0,2
2020-12-31,NVDA,0.01174266319464625,0.29995339947701893,-1.0,2
2020-07-01,PFE,0.006751719976409061,-1.2889355286846482,-1.0,2
2020-07-02,PFE,0.0065789322886030625,-1.0081735042100424,-1.0,2
2020-07-06,PFE,0.004002499902788747,-0.7959651351703948,-1.0,2
2020-07-07,PFE,0.004587319916552977,-0.9256928475495687,-1.0,2
2020-07-08,PFE,0.002710821281708452,-0.8856591771769389,-1.0,2
2020-07-09,PFE,0.0008174971203777129,-0.8583254973314651,-1.0,2
2020-07-10,PFE,-0.0010570167271697281,-0.7182593976956199,-1.0,2
2020-07-13,PFE,-0.01690000471684048,0.6953612900470786,-1.0,2
2020-07-14,PFE,-0.009497701220186923,0.44918048844192415,-1.0,2
2020-07-15,PFE,-0.00858970822421519,0.9990130742167693,-1.0,2
2020-07-16,PFE,-0.009495719301845758,1.212028324924594,-1.0,2
2020-07-17,PFE,-0.010246111065540605,2.0571660512283154,-1.0,2
2020-07-20,PFE,-0.00847434918570351,1.1545456787327975,-1.0,2
2020-07-21,PFE,-0.008160918107281801,2.2864690232140608,-1.0,2
2020-07-22,PFE,-0.023419627830797356,3.8491488468504222,-1.0,2
2020-07-23,PFE,-0.009985700221965292,4.190481225381398,-1.0,2
2020-07-24,PFE,-0.014921381518765113,3.2255226520400337,-1.0,2
2020-07-27,PFE,-0.016649907045437944,2.7115447981608263,-1.0,2
2020-07-28,PFE,0.018149308703194453,1.901150543221806,-1.0,2
2020-07-29,PFE,0.01965000917890792,1.553733104872544,-1.0,2
2020-07-30,PFE,-0.009683570644208215,2.3075802700399195,-1.0,2
2020-07-31,PFE,-0.013774155405794204,1.5978297168389757,-1.0,2
2020-08-03,PFE,-0.009960821716752381,1.4535323762104113,-1.0,2
2020-08-04,PFE,-0.01767995293633745,1.9174697136343257,-1.0,2
2020-08-05,PFE,-0.020652274796885604,2.0819987201899277,-1.0,2
2020-08-06,PFE,-0.020307792338800115,2.8416062133506106,-1.0,2
2020-08-07,PFE,-0.022148753564098147,2.694724009291392,-1.0,2
2020-08-10,PFE,-0.01853663436471784,2.4406987386698034,-1.0,2
2020-08-11,PFE,-0.01858164081994307,2.46282822386856,-1.0,2
2020-08-12,PFE,-0.01660781508884942,1.8455216477883298,-1.0,2
2020-08-13,PFE,-0.018875523668127635,1.4213090125458847,-1.0,2
2020-08-14,PFE,-0.018872265697275438,1.3565981011393573,-1.0,2
2020-08-17,PFE,-0.020708375328225302,1.538429557989214,-1.0,2
2020-08-18,PFE,-0.024508670059972048,1.158462419176982,-1.0,2
2020-08-19,PFE,-0.010544603655936723,0.6960869700361263,-1.0,2
2020-08-20,PFE,-0.007998068074604299,0.4156778376171786,-1.0,2
2020-08-21,PFE,-0.012509795360139736,0.26122825064003496,-1.0,2
2020-08-24,PFE,-0.012234758179843848,0.43059918662710717,-1.0,2
2020-08-25,PFE,-0.010337704633646158,-0.15891634217511075,-1.0,2
2020-08-26,PFE,-0.008552408417355719,-0.4911368482957923,-1.0,2
2020-08-27,PFE,-0.007120414541994015,-0.6421630005818313,-1.0,2
2020-08-28,PFE,-0.006723657633356197,-0.8794603906444697,-1.0,2
2020-08-31,PFE,-0.006027053263800298,-0.703058483301997,-1.0,2
2020-09-01,PFE,0.005219678227893837,0.11668296925341326,-1.0,2
2020-09-02,PFE,0.038907088073200015,-1.5010805200949533,-1.0,2
2020-09-03,PFE,0.05555965700476271,-0.7088781652060433,-1.0,2
2020-09-04,PFE,0.05956561928787555,-1.1661356095791695,-1.0,2
2020-09-08,PFE,0.0652082235111428,-0.7560062466782199,-1.0,2
2020-09-09,PFE,0.05724517116669727,-0.21486241748115364,-1.0,2
2020-09-10,PFE,0.0701361242433209,-0.5285350804957454,-1.0,2
2020-09-11,PFE,0.0667218480906959,-0.6124383327417494,-1.0,2
2020-09-14,PFE,0.03871969783848139,0.7750873001148493,-1.0,2
2020-09-15,PFE,0.039943434204319415,0.4922047707867089,-1.0,2
2020-09-16,PFE,0.039943434204319415,0.8878811440872905,-1.0,2
2020-09-17,PFE,0.005946749032061606,0.9525127619276568,-1.0,2
2020-09-18,PFE,0.006236699721319901,1.283903685839018,-1.0,2
2020-09-21,PFE,0.011563867239975028,0.17977498320163188,-1.0,2
2020-09-22,PFE,0.010337852688718913,0.33530672670829126,-1.0,2
2020-09-23,PFE,0.010560509260967039,1.0835702919777945,-1.0,2
2020-09-24,PFE,0.007738750846028329,0.45331295760804535,-1.0,2
2020-09-25,PFE,0.010762120926019813,0.7257798343576989,-1.0,2
2020-09-28,PFE,0.00751409569384445,1.0346779694045494,-1.0,2
2020-09-29,PFE,0.00987793881624833,0.513707542337089,-1.0,2
2020-09-30,PFE,0.0005459949948208006,1.2850658981091168,-1.0,2
2020-10-01,PFE,0.0018784928561733642,0.7974815226522325,-1.0,2
2020-10-02,PFE,0.0014808126571765842,0.7303237080305591,-1.0,2
2020-10-05,PFE,0.0015474287253989427,0.3372836660917727,-1.0,2
2020-10-06,PFE,0.0026509351570982607,0.26555606024434747,-1.0,2
2020-10-07,PFE,-0.005445323152498115,0.4389421891454542,-1.0,2
2020-10-08,PFE,-0.008583598923603162,0.5274289316730183,-1.0,2
2020-10-09,PFE,-0.009431017503520807,0.09282407542402393,-1.0,2
2020-10-12,PFE,-0.008394357654209619,-0.7068104106053686,-1.0,2
2020-10-13,PFE,-0.009246555911753692,-0.3711218415655987,-1.0,2
2020-10-14,PFE,-0.008720552258829652,-0.6037333350431389,-1.0,2
2020-10-15,PFE,-0.007830452659589874,-0.6271010025457712,-1.0,2
2020-10-16,PFE,-0.01491339955282447,-0.37913349140148633,-1.0,2
2020-10-19,PFE,-0.010878760848849875,0.5232241920197289,-1.0,2
2020-10-20,PFE,-0.008934548102184216,-0.031378289597955744,-1.0,2
2020-10-21,PFE,-0.01031484647247189,-0.37325138939718394,-1.0,2
2020-10-22,PFE,-0.011354367356369155,0.0598127519277063,-1.0,2
2020-10-23,PFE,-0.004941431007197654,1.2020181229884055,-1.0,2
2020-10-26,PFE,-0.004759153685674883,1.5574719048109378,-1.0,2
2020-10-27,PFE,-0.004756600400153098,0.9869915603178433,-1.0,2
2020-10-28,PFE,-0.0206998989035828,1.4678018844959382,-1.0,2
2020-10-29,PFE,-0.02545489816220526,1.4958350062846955,-1.0,2
2020-10-30,PFE,-0.015367660361135179,1.459545108302371,-1.0,2
2020-11-02,PFE,-0.024970339601371037,2.040566753808594,-1.0,2
2020-11-03,PFE,-0.026239337828651364,1.792409013917226,-1.0,2
2020-11-04,PFE,-0.00742158985766484,1.0444312130626838,-1.0,2
2020-11-05,PFE,-0.012669404118451636,0.5307208712123919,-1.0,2
2020-11-06,PFE,-0.011947934913518848,0.7332926082582506,-1.0,2
2020-11-09,PFE,-0.013820592731852318,2.2207611619939214,-1.0,2
2020-11-10,PFE,0.024338450099455976,2.288336717230478,-1.0,2
2020-11-11,PFE,0.0252787375382,2.2037744150540037,-1.0,2
2020-11-12,PFE,0.021443263162948627,2.0864505140757985,-1.0,2
2020-11-13,PFE,0.026969755171250023,1.6470468492998211,-1.0,2
2020-11-16,PFE,0.01318863037008011,1.3454483569561462,-1.0,2
2020-11-17,PFE,-0.006880578937893932,1.333777735555211,-1.0,2
2020-11-18,PFE,-0.006770363793228023,1.7637011174038055,-1.0,2
2020-11-19,PFE,-0.00697746147355272,1.5138057479879912,-1.0,2
2020-11-20,PFE,-0.006480317159782607,2.0243905018499238,-1.0,2
2020-11-23,PFE,-0.004976692395295352,1.7140137682833896,-1.0,2
2020-11-24,PFE,-0.0060089460394729295,1.6074136383917221,-1.0,2
2020-11-25,PFE,-0.0062044443683649374,1.3771307286148684,-1.0,2
2020-11-27,PFE,-0.006539572917549998,1.9870458297607678,-1.0,2
2020-11-30,PFE,-0.0027029637251876773,2.3416895870146663,-1.0,2
2020-12-01,PFE,-0.00454561922032733,1.693680401941875,-1.0,2
2020-12-02,PFE,0.015512606427567976,1.850800399138365,-1.0,2
2020-12-03,PFE,-0.004605133953288567,2.1255975811129786,-1.0,2
2020-12-04,PFE,-0.006289755319891439,2.373725215488606,-1.0,2
2020-12-07,PFE,0.016316669322026047,2.084301632537764,-1.0,2
2020-12-08,PFE,-0.00401942273918157,2.180379297939333,-1.0,2
2020-12-09,PFE,-0.009153817309956737,2.3651553543586985,-1.0,2
2020-12-10,PFE,-0.009644408990406418,2.7173399390490554,-1.0,2
2020-12-11,PFE,-0.010321075094424792,2.6417769362812074,-1.0,2
2020-12-14,PFE,0.012510246731775301,1.0215011903606153,-1.0,2
2020-12-15,PFE,0.009112664568947578,1.3378639891108146,-1.0,2
2020-12-16,PFE,0.012568162946417811,0.3915441862240129,-1.0,2
2020-12-17,PFE,0.0409929631330048,-0.44757980187983915,-1.0,2
2020-12-18,PFE,0.03574525913160911,-0.058506277125333836,-1.0,2
2020-12-21,PFE,0.02238425709734795,0.00022501393484342103,-1.0,2
2020-12-22,PFE,0.01844380678926645,-0.07552840953122436,-1.0,2
2020-12-23,PFE,0.023793465428752058,0.19142180492240338,-1.0,2
2020-12-24,PFE,0.019616602275058855,0.48352660936874203,-1.0,2
2020-12-28,PFE,0.021476708132458427,0.10547570906866185,-1.0,2
2020-12-29,PFE,0.0322214559981965,-0.33281920896877726,-1.0,2
2020-12-30,PFE,0.03147314560104765,-1.1495023253484988,-1.0,2
2020-12-31,PFE,0.0035988834572153656,-0.06706162482429212,-1.0,2
2020-07-01,PYPL,0.020309862246539474,0.05929086764111169,-1.0,2
2020-07-02,PYPL,0.031335305667616185,-0.6671361646886222,-1.0,2
2020-07-06,PYPL,0.03354692718344361,-1.1486390151466939,-1.0,2
2020-07-07,PYPL,0.026863379481212032,-0.45873066730206824,-1.0,2
2020-07-08,PYPL,0.025010057233387038,-0.5524725373310531,-1.0,2
2020-07-09,PYPL,0.03205124416761177,-0.6969286602854147,-1.0,2
2020-07-10,PYPL,0.03850542428333433,-1.0138674814246664,-1.0,2
2020-07-13,PYPL,0.05187906014243557,-1.333353158718545,-1.0,2
2020-07-14,PYPL,0.04144321841940921,-1.3879999573035904,-1.0,2
2020-07-15,PYPL,0.04823650961495196,-1.4872460381634613,-1.0,2
2020-07-16,PYPL,0.051916216102778794,-1.7477347162667702,-1.0,2
2020-07-17,PYPL,0.04385014447328343,-1.5940556729557933,-1.0,2
2020-07-20,PYPL,0.030373887339186733,-1.201491456267826,-1.0,2
2020-07-21,PYPL,0.0423026901876136,-2.0347006729524564,-1.0,2
2020-07-22,PYPL,0.039554258435020036,-1.8943280522665544,-1.0,2
2020-07-23,PYPL,0.0441672451270393,-1.1809863645953218,-1.0,2
2020-07-24,PYPL,0.04201625313215011,-1.198796660402743,-1.0,2
2020-07-27,PYPL,0.04071803627786396,-0.9441587315446132,-1.0,2
2020-07-28,PYPL,0.04194618029916193,-0.8282650260665694,-1.0,2
2020-07-29,PYPL,0.02652483349943697,-0.07832859559866742,-1.0,2
2020-07-30,PYPL,0.020249364506975627,0.11572693824500452,-1.0,2
2020-07-31,PYPL,0.013513344454393436,0.3574397459353994,-1.0,2
2020-08-03,PYPL,0.01976528559366648,0.15057895690895684,-1.0,2
2020-08-04,PYPL,0.013164396667015462,0.27479493175015884,-1.0,2
2020-08-05,PYPL,0.00790183872949463,0.540943928018817,-1.0,2
2020-08-06,PYPL,0.01646887969482585,0.28261706724121877,-1.0,2
2020-08-07,PYPL,0.022738366060213296,0.15453392822483125,-1.0,2
2020-08-10,PYPL,0.03513200522802904,0.13076448465567458,-1.0,2
2020-08-11,PYPL,0.0421918307168109,0.3109470942985937,-1.0,2
2020-08-12,PYPL,0.042995733815566595,-0.10984515413307128,-1.0,2
2020-08-13,PYPL,0.042572640827497295,0.3741192195560673,-1.0,2
2020-08-14,PYPL,0.04660691214349259,0.10663181920321613,-1.0,2
2020-08-17,PYPL,0.03412495439374021,0.20215108546658656,-1.0,2
2020-08-18,PYPL,0.03812582851320954,0.06766314060546602,-1.0,2
2020-08-19,PYPL,0.038471419936229184,0.18459114280963348,-1.0,2
2020-08-20,PYPL,0.03527207732458029,0.3179935583430634,-1.0,2
2020-08-21,PYPL,0.033032964281459826,0.09734795316147371,-1.0,2
2020-08-24,PYPL,0.03545691432408625,0.04100984554167479,-1.0,2
2020-08-25,PYPL,0.03085420630665331,0.15343203009175374,-1.0,2
2020-08-26,PYPL,0.035616491964942834,-0.33168027505491016,-1.0,2
2020-08-27,PYPL,0.03712091040048771,-0.638938718638169,-1.0,2
2020-08-28,PYPL,0.03306268903211063,-0.9352645445281335,-1.0,2
2020-08-31,PYPL,0.03144254503048727,-0.9104106075916023,-1.0,2
2020-09-01,PYPL,0.02894656581876771,-1.564473166717693,-1.0,2
2020-09-02,PYPL,0.03656739794828891,-0.8865657931147575,-1.0,2
2020-09-03,PYPL,0.05260095450834976,-0.08878581519587309,-1.0,2
2020-09-04,PYPL,0.06061136745713921,-1.0834619217436599,-1.0,2
2020-09-08,PYPL,0.06806010838795507,-0.7646092526907735,-1.0,2
2020-09-09,PYPL,0.0700261162975786,-0.8175747631523506,-1.0,2
2020-09-10,PYPL,0.0753141908449439,-0.5243715136252215,-1.0,2
2020-09-11,PYPL,0.07118368484066165,-0.9100984856773892,-1.0,2
2020-09-14,PYPL,0.06404597055171338,-1.140238457982108,-1.0,2
2020-09-15,PYPL,0.05581981589404986,-1.2723243005317615,-1.0,2
2020-09-16,PYPL,0.07132465280302018,-1.0478383755249818,-1.0,2
2020-09-17,PYPL,0.059315655730822696,-1.298291954741562,-1.0,2
2020-09-18,PYPL,0.05364403398661061,-1.448288225576023,-1.0,2
2020-09-21,PYPL,0.03887089845902711,-0.8406006487332263,-1.0,2
2020-09-22,PYPL,0.027496830332379714,-0.592977544209115,-1.0,2
2020-09-23,PYPL,0.03725992121791526,-0.6926207430520098,-1.0,2
2020-09-24,PYPL,0.02200040724599751,-0.4217846574760901,-1.0,2
2020-09-25,PYPL,0.024873308609094685,-0.877698783237782,-1.0,2
2020-09-28,PYPL,0.029232733269311476,-0.53100356059005,-1.0,2
2020-09-29,PYPL,0.027983237602207157,-0.16956182612330445,-1.0,2
2020-09-30,PYPL,0.027983237602207157,-0.3779396912690669,-1.0,2
2020-10-01,PYPL,0.02128314672041696,-0.12367628478767186,-1.0,2
2020-10-02,PYPL,0.03313213592652444,-0.3984027728353935,-1.0,2
2020-10-05,PYPL,0.028685207454322056,-0.0127850258103894,-1.0,2
2020-10-06,PYPL,0.033552397071147454,-0.20859796175315387,-1.0,2
2020-10-07,PYPL,0.029177429584973238,-0.4279127850867842,-1.0,2
2020-10-08,PYPL,0.035785600113189604,-0.7833341934908131,-1.0,2
2020-10-09,PYPL,0.033328594350749904,-0.38603853441928104,-1.0,2
2020-10-12,PYPL,0.03479087233508894,-0.522781567902131,-1.0,2
2020-10-13,PYPL,0.01820836995559154,0.46215649110757073,-1.0,2
2020-10-14,PYPL,0.028026731224255766,0.42378837774105627,-1.0,2
2020-10-15,PYPL,0.02884679044943804,0.49178578283385455,-1.0,2
2020-10-16,PYPL,0.03269057719845895,0.42127015192228423,-1.0,2
2020-10-19,PYPL,0.0410084403378521,-0.23177516795667347,-1.0,2
2020-10-20,PYPL,0.04618095131320728,0.2900271582290163,-1.0,2
2020-10-21,PYPL,0.031004142682724604,1.7933382026374491,-1.0,2
2020-10-22,PYPL,0.042904255542606816,0.15224979761486512,-1.0,2
2020-10-23,PYPL,0.03032629806717897,0.31378731428263207,-1.0,2
2020-10-26,PYPL,0.039427719986008906,-0.4926836586795987,-1.0,2
2020-10-27,PYPL,0.03246355792940763,-0.8671724225661388,-1.0,2
2020-10-28,PYPL,0.06250706543504855,-1.1865471674692414,-1.0,2
2020-10-29,PYPL,0.04116673908659699,-0.4353731118506705,-1.0,2
2020-10-30,PYPL,0.05853714053730809,-0.7887391861711357,-1.0,2
2020-11-02,PYPL,0.03764858485480221,-0.3024058094667128,-1.0,2
2020-11-03,PYPL,0.05480245316222327,-1.3934568354353298,-1.0,2
2020-11-04,PYPL,0.036442926809985406,-0.6164718097438419,-1.0,2
2020-11-05,PYPL,0.044389771536188526,-0.5473441784916364,-1.0,2
2020-11-06,PYPL,0.05259024237986058,-0.9948939802008199,-1.0,2
2020-11-09,PYPL,0.07683062335978395,-1.5389362433979468,-1.0,2
2020-11-10,PYPL,0.06959193785837758,-1.1412642317363297,-1.0,2
2020-11-11,PYPL,0.0715550787320383,-1.5450013442139419,-1.0,2
2020-11-12,PYPL,0.09231556136745087,-1.9679983240719698,-1.0,2
2020-11-13,PYPL,0.08793199567501389,-1.6204730677708286,-1.0,2
2020-11-16,PYPL,0.05586419238297398,-0.8737063767430634,-1.0,2
2020-11-17,PYPL,0.06618140930125063,-1.467608677949852,-1.0,2
2020-11-18,PYPL,0.06489372171578547,-1.9681502066684513,-1.0,2
2020-11-19,PYPL,0.08409832843358579,-1.885794295962848,-1.0,2
2020-11-20,PYPL,0.08566740715779265,-2.101688256421605,-1.0,2
2020-11-23,PYPL,0.0997050742195446,-1.4731550017754977,-1.0,2
2020-11-24,PYPL,0.09669018472814678,-1.6846734060542714,-1.0,2
2020-11-25,PYPL,0.12251251014424892,-1.4811561855410846,-1.0,2
2020-11-27,PYPL,0.12536399835840772,-1.7050262256834836,-1.0,2
2020-11-30,PYPL,0.13569908167702166,-0.7365741402904389,-1.0,2
2020-12-01,PYPL,0.13500234576322453,-1.054342623853637,-1.0,2
2020-12-02,PYPL,0.10833171259939407,-0.7315934750545565,-1.0,2
2020-12-03,PYPL,0.025783178232459788,0.7767767436898756,-1.0,2
2020-12-04,PYPL,0.019665464819486746,0.6568783768326178,-1.0,2
2020-12-07,PYPL,0.021895868774319312,0.8410915590442092,-1.0,2
2020-12-08,PYPL,0.0322959668917449,1.5441987168561173,-1.0,2
2020-12-09,PYPL,0.04093961346535015,1.4256271114691266,-1.0,2
2020-12-10,PYPL,0.04294283230933805,1.0489646647367412,-1.0,2
2020-12-11,PYPL,0.04539685633945676,0.9432485856493124,-1.0,2
2020-12-14,PYPL,0.0397817246547885,1.9422625866732117,-1.0,2
2020-12-15,PYPL,0.04056455541509054,1.657967675555712,-1.0,2
2020-12-16,PYPL,0.04108310424606192,1.833176474942582,-1.0,2
2020-12-17,PYPL,0.027794457775607687,2.2597904468542693,-1.0,2
2020-12-18,PYPL,0.03636330209546915,2.419520241054124,-1.0,2
2020-12-21,PYPL,0.042819089534982695,1.99203099367351,-1.0,2
2020-12-22,PYPL,0.02909859220521965,2.0551149734526946,-1.0,2
2020-12-23,PYPL,0.019428951395281124,2.0462102662364083,-1.0,2
2020-12-24,PYPL,0.038686042085131864,1.0486955160915756,-1.0,2
2020-12-28,PYPL,0.038686042085131864,0.6719042937196859,-1.0,2
2020-12-29,PYPL,0.05032691739135098,0.07682977721825557,-1.0,2
2020-12-30,PYPL,0.0503981879605248,0.03710470698723389,-1.0,2
2020-12-31,PYPL,0.0452098397160837,0.4792356966287854,-1.0,2
2020-07-01,ZM,0.0280221906956999,-0.16713897240219977,-1.0,2
2020-07-02,ZM,0.02831752134483545,0.503744085717243,-1.0,2
2020-07-06,ZM,0.03080642589240135,0.1818484641176008,-1.0,2
2020-07-07,ZM,0.03021890120021149,0.35298866398289497,-1.0,2
2020-07-08,ZM,0.019355068431979386,1.0214731698920452,-1.0,2
2020-07-09,ZM,0.029340107088596985,0.15017351437428617,-1.0,2
2020-07-10,ZM,0.018149642016741865,0.8598594969436475,-1.0,2
2020-07-13,ZM,0.04636068631073823,0.05558546286957844,-1.0,2
2020-07-14,ZM,0.03295987796350903,-1.0744881644184214,-1.0,2
2020-07-15,ZM,0.04478056319744214,-1.5550070328358763,-1.0,2
2020-07-16,ZM,0.05453443099715409,-1.5585801972990128,-1.0,2
2020-07-17,ZM,0.050783605694340504,-2.233886809656034,-1.0,2
2020-07-20,ZM,0.03480315848026868,-1.1283566678609245,-1.0,2
2020-07-21,ZM,0.04093591886022668,-1.8475316468866534,-1.0,2
2020-07-22,ZM,0.03622278134779735,-1.729120319550384,-1.0,2
2020-07-23,ZM,0.04209833447702743,-1.9203291229957078,-1.0,2
2020-07-24,ZM,0.041885586256246415,-1.775670649293092,-1.0,2
2020-07-27,ZM,0.043081499826822925,-1.6522053507652685,-1.0,2
2020-07-28,ZM,0.04228848692464704,-1.1810285624656442,-1.0,2
2020-07-29,ZM,0.04045547302592453,-1.3391900709473417,-1.0,2
2020-07-30,ZM,0.030226352455424148,-1.5649127810760057,-1.0,2
2020-07-31,ZM,0.0316433222304698,-1.586695874353873,-1.0,2
2020-08-03,ZM,0.02600038040643019,-0.9780980092371183,-1.0,2
2020-08-04,ZM,0.027316314204934862,-1.271445221010858,-1.0,2
2020-08-05,ZM,0.027820296151308533,-1.223124705173427,-1.0,2
2020-08-06,ZM,0.027587346241088585,-1.4933498887748613,-1.0,2
2020-08-07,ZM,0.035173322809346534,-2.0290572449708906,-1.0,2
2020-08-10,ZM,0.04282858194281711,-1.854443711907888,-1.0,2
2020-08-11,ZM,0.07537132365033376,-3.0228035883623203,-1.0,2
2020-08-12,ZM,0.06385843383471991,-2.7259984981339564,-1.0,2
2020-08-13,ZM,0.10336832408584504,-2.493184715355629,-1.0,2
2020-08-14,ZM,0.1133353645465086,-2.569732506173673,-1.0,2
2020-08-17,ZM,0.08445489532129126,-2.261886392627575,-1.0,2
2020-08-18,ZM,0.09814311656563361,-1.8084745217975002,-1.0,2
2020-08-19,ZM,0.1239800348519965,-2.148694587183563,-1.0,2
2020-08-20,ZM,0.13100909973429717,-1.8516196043991364,-1.0,2
2020-08-21,ZM,0.1393192573475418,-1.981008895976847,-1.0,2
2020-08-24,ZM,0.1422681068887833,-2.379130374627106,-1.0,2
2020-08-25,ZM,0.12731082536323785,-2.2064881036009814,-1.0,2
2020-08-26,ZM,0.1385635088938477,-2.0642345717881563,-1.0,2
2020-08-27,ZM,0.16137504555841625,-1.8536111662981223,-1.0,2
2020-08-28,ZM,0.1557760338063708,-1.6453214806227967,-1.0,2
2020-08-31,ZM,0.14403838230288787,-1.2262057540378144,-1.0,2
2020-09-01,ZM,0.026679661114856732,1.6005161086316626,-1.0,2
2020-09-02,ZM,0.059592549177666945,0.17206422194234605,-1.0,2
2020-09-03,ZM,0.06492212769771705,1.9613761523055628,-1.0,2
2020-09-04,ZM,0.05599811403682521,2.412577531829755,-1.0,2
2020-09-08,ZM,0.06503189555658116,2.565292488678926,-1.0,2
2020-09-09,ZM,0.07213467803677324,2.0278916351499765,-1.0,2
2020-09-10,ZM,0.08633125738213533,1.8285713895521276,-1.0,2
2020-09-11,ZM,0.06884127914349926,2.40833853443037,-1.0,2
2020-09-14,ZM,0.04294955060153234,3.5505435274067674,-1.0,2
2020-09-15,ZM,0.053268747785270396,2.234552558145812,-1.0,2
2020-09-16,ZM,0.07327688074024392,2.0322592244810727,-1.0,2
2020-09-17,ZM,0.07164923603321442,1.4631574804690082,-1.0,2
2020-09-18,ZM,0.04024204040894915,2.4166130297731274,-1.0,2
2020-09-21,ZM,0.04024204040894915,2.088732405613699,-1.0,2
2020-09-22,ZM,0.04030712841569432,1.6809258252466015,-1.0,2
2020-09-23,ZM,0.05256487437993777,1.3955072687249022,-1.0,2
2020-09-24,ZM,0.07007730894514719,0.31227227122589163,-1.0,2
2020-09-25,ZM,0.039356096143939014,0.6551466327063884,-1.0,2
2020-09-28,ZM,0.0532447123865958,0.8234813521356088,-1.0,2
2020-09-29,ZM,0.09689096989987818,0.16370087624348084,-1.0,2
2020-09-30,ZM,0.08709548953224051,-0.6728981926429685,-1.0,2
2020-10-01,ZM,0.15154918056503686,-0.1747640992334163,-1.0,2
2020-10-02,ZM,0.18678296683433532,-0.10661933899533516,-1.0,2
2020-10-05,ZM,0.17735725742887168,-0.13607089266238415,-1.0,2
2020-10-06,ZM,0.15269689165827163,-0.13276153781022648,-1.0,2
2020-10-07,ZM,0.13600835687309648,-0.1819095003844846,-1.0,2
2020-10-08,ZM,0.12124226221365625,-0.12531973046695422,-1.0,2
2020-10-09,ZM,0.11623137832227878,0.005531047628604124,-1.0,2
2020-10-12,ZM,0.10503255859425213,-0.13413867896012643,-1.0,2
2020-10-13,ZM,0.11365437951510338,-0.1466955597450017,-1.0,2
2020-10-14,ZM,0.152424014242387,-0.31814144561793833,-1.0,2
2020-10-15,ZM,0.13912776362319373,-0.21614035589655867,-1.0,2
2020-10-16,ZM,0.1316817711307251,-0.10459742726248189,-1.0,2
2020-10-19,ZM,0.09104957690463991,0.6508097407389932,-1.0,2
2020-10-20,ZM,0.10226938748601035,-0.6052112359966362,-1.0,2
2020-10-21,ZM,0.1421986773696394,-3.694231277722499,-1.0,2
2020-10-22,ZM,0.04369793961881449,0.12517621607139373,-1.0,2
2020-10-23,ZM,0.0547150561384207,-1.8534663853258309,-1.0,2
2020-10-26,ZM,0.05481480424724186,-0.40588217160935924,-1.0,2
2020-10-27,ZM,0.03262170065571842,0.9363650559151377,-1.0,2
2020-10-28,ZM,0.051491511775794765,1.0053385895665916,-1.0,2
2020-10-29,ZM,0.06271346076547588,-0.757300232304877,-1.0,2
2020-10-30,ZM,0.08044595667806452,-1.6575715976257877,-1.0,2
2020-11-02,ZM,0.07552723144327816,-1.7377255553400512,-1.0,2
2020-11-03,ZM,0.07050053772562516,-1.756585566998288,-1.0,2
2020-11-04,ZM,0.08959559137036484,-2.168543423730379,-1.0,2
2020-11-05,ZM,0.08208130506578656,-2.0130811070108847,-1.0,2
2020-11-06,ZM,0.07686432270956163,-1.9390976416332268,-1.0,2
2020-11-09,ZM,0.11489436550967388,-3.215220179971956,-1.0,2
2020-11-10,ZM,0.1020290541405272,-3.875784410659871,-1.0,2
2020-11-11,ZM,0.07228591476284124,-3.0509685139256186,-1.0,2
2020-11-12,ZM,0.07381860427581464,-2.56343607897118,-1.0,2
2020-11-13,ZM,0.09229151833302646,-3.5257334395093203,-1.0,2
2020-11-16,ZM,0.08337206588549213,-4.127846708296046,-1.0,2
2020-11-17,ZM,0.053063423163904534,-2.950142733338719,-1.0,2
2020-11-18,ZM,0.05303786397072615,-2.5078422704844776,-1.0,2
2020-11-19,ZM,0.07044845950711716,-3.0324401467612105,-1.0,2
2020-11-20,ZM,0.06564992290687469,-3.015810771320454,-1.0,2
2020-11-23,ZM,0.07619431627643541,-3.4886133818129466,-1.0,2
2020-11-24,ZM,0.04920288432537779,-2.9357159228240883,-1.0,2
2020-11-25,ZM,0.062481070938520254,-3.028244951982207,-1.0,2
2020-11-27,ZM,0.0676944956969983,-2.3420112929689183,-1.0,2
2020-11-30,ZM,0.07420944581306103,-2.097143702434401,-1.0,2
2020-12-01,ZM,0.11012820103827618,-3.8161930288741113,-1.0,2
2020-12-02,ZM,0.09214210751326833,-3.4265027625084086,-1.0,2
2020-12-03,ZM,0.09888119408597287,-4.160901505926034,-1.0,2
2020-12-04,ZM,0.10088847386161283,-3.8964965661446023,-1.0,2
2020-12-07,ZM,0.10669855824951058,-4.0001635468577375,-1.0,2
2020-12-08,ZM,0.10197722798113354,-2.946954458121088,-1.0,2
2020-12-09,ZM,0.12951070142181756,-2.7400498844452175,-1.0,2
2020-12-10,ZM,0.11625030655926903,-3.1091881695079664,-1.0,2
2020-12-11,ZM,0.1191920304458027,-3.5748812006615998,-1.0,2
2020-12-14,ZM,0.13997078092693221,-3.2310668950368457,-1.0,2
2020-12-15,ZM,0.13548653556512416,-2.966489344143815,-1.0,2
2020-12-16,ZM,0.11650952478151097,-2.916401468039352,-1.0,2
2020-12-17,ZM,0.10546713486740104,-3.282546959206336,-1.0,2
2020-12-18,ZM,0.11525155562321655,-2.9813216159324245,-1.0,2
2020-12-21,ZM,0.10840247033344265,-3.5629191561804685,-1.0,2
2020-12-22,ZM,0.10967454046196977,-3.3991763547225613,-1.0,2
2020-12-23,ZM,0.12175251167248263,-3.922187178049703,-1.0,2
2020-12-24,ZM,0.11147510958390028,-4.166034349461372,-1.0,2
2020-12-28,ZM,0.09983918285887894,-4.249116796097889,-1.0,2
2020-12-29,ZM,0.08318618828872525,-4.055626720755059,-1.0,2
2020-12-30,ZM,0.03170656760777387,-2.082365456036067,-1.0,2
2020-12-31,ZM,0.047014696381813346,-2.8336321433446896,-1.0,2
2021-01-04,AAPL,0.023534656771597055,2.607389278457828,1.0,3
2021-01-05,AAPL,0.028564681485170603,3.0155529219197597,1.0,3
2021-01-06,AAPL,0.012506210868067904,1.8834805000761485,1.0,3
2021-01-07,AAPL,0.021773077333442862,2.4545974386970917,1.0,3
2021-01-08,AAPL,0.02824516261139868,2.554202156515949,1.0,3
2021-01-11,AAPL,0.01991160865337259,2.466265880516147,1.0,3
2021-01-12,AAPL,0.02277168305523245,2.2329437674258923,1.0,3
2021-01-13,AAPL,0.022265474810494176,2.352632782644066,1.0,3
2021-01-14,AAPL,0.020525223801518635,0.3101659957786732,1.0,3
2021-01-15,AAPL,0.01825032065274211,0.8595039968354135,1.0,3
2021-01-19,AAPL,0.008777133635707255,-0.1261480610593667,1.0,3
2021-01-20,AAPL,0.0040091925089708845,-0.0180946620591335,1.0,3
2021-01-21,AAPL,0.017188826247625074,0.43613634569316895,1.0,3
2021-01-22,AAPL,0.015797399899088575,0.21903439556236287,1.0,3
2021-01-25,AAPL,0.02094470355699207,1.079601503415197,1.0,3
2021-01-26,AAPL,0.01889738769042943,0.6905920242715465,1.0,3
2021-01-27,AAPL,0.013280313858785727,0.3561999313189408,1.0,3
2021-01-28,AAPL,0.022869054352946467,0.19886963881329417,1.0,3
2021-01-29,AAPL,0.01974978015043183,-0.4795780869730868,1.0,3
2021-02-01,AAPL,0.01279071612262771,-0.47660720729812395,1.0,3
2021-02-02,AAPL,0.019979939739692927,-0.005041635227188979,1.0,3
2021-02-03,AAPL,0.02064300847941934,0.06622058776638395,1.0,3
2021-02-04,AAPL,0.02873320896561092,0.3595464618714254,1.0,3
2021-02-05,AAPL,0.01836354191488765,-0.106555279869673,1.0,3
2021-02-08,AAPL,0.022315288554860258,-0.21611324857332515,1.0,3
2021-02-09,AAPL,0.023227178382193504,-0.11694877677603421,1.0,3
2021-02-10,AAPL,0.021528314282631123,-0.23027077528437206,1.0,3
2021-02-11,AAPL,0.016420757159080198,0.32640678870555717,1.0,3
2021-02-12,AAPL,0.012284929513303003,0.47534092161712516,1.0,3
2021-02-16,AAPL,0.015658951759079,0.2793035249913023,1.0,3
2021-02-17,AAPL,0.012984925267278439,0.27514644534187727,1.0,3
2021-02-18,AAPL,0.011673229782839589,-0.13661846983829395,1.0,3
2021-02-19,AAPL,0.006662999456583738,-0.6044632952531903,1.0,3
2021-02-22,AAPL,0.029667351058251957,-0.39792625573375684,1.0,3
2021-02-23,AAPL,0.023647633594457606,0.02595647923960165,1.0,3
2021-02-24,AAPL,0.02323977066740283,-0.2539873066700147,1.0,3
2021-02-25,AAPL,0.023479197479914612,-0.1509204657518315,1.0,3
2021-02-26,AAPL,0.044608982993440974,0.2212506472216893,1.0,3
2021-03-01,AAPL,0.012793052877812542,-0.7955734009676387,1.0,3
2021-03-02,AAPL,0.022076264602312955,-0.18739277272420118,1.0,3
2021-03-03,AAPL,0.0228563279372018,0.1494805714338322,1.0,3
2021-03-04,AAPL,0.027004351845336793,-0.169255587031089,1.0,3
2021-03-05,AAPL,0.011993961589933669,-0.09915027408373167,1.0,3
2021-03-08,AAPL,0.01308220421468411,-0.1874334089500755,1.0,3
2021-03-09,AAPL,-0.002282642470253414,-0.8720741194607373,1.0,3
2021-03-10,AAPL,0.017177776649096598,-0.06563092879674082,1.0,3
2021-03-11,AAPL,-0.003250014649683093,-0.1919233585021024,1.0,3
2021-03-12,AAPL,-0.00016199342376979983,-0.08561462345288345,1.0,3
2021-03-15,AAPL,-0.008533277332903436,0.004968017323008556,1.0,3
2021-03-16,AAPL,-0.01028154926510452,-0.00335704416610344,1.0,3
2021-03-17,AAPL,-0.006739807059755439,-0.0607604684156863,1.0,3
2021-03-18,AAPL,0.002316473899735448,0.027768190412050683,1.0,3
2021-03-19,AAPL,-0.00011626517928225183,0.05706850528929243,1.0,3
2021-03-22,AAPL,-0.004736938255141745,-0.021538421194185184,1.0,3
2021-03-23,AAPL,-0.003316852485569768,-0.4473023998695466,1.0,3
2021-03-24,AAPL,-0.002075944884028239,-0.20689012254447547,1.0,3
2021-03-25,AAPL,-0.007510624839285036,-0.04990890547929816,1.0,3
2021-03-26,AAPL,-0.005798279845725579,-0.06314319961028991,1.0,3
2021-03-29,AAPL,-0.0015210669327099787,-0.3584566663735589,1.0,3
2021-03-30,AAPL,-0.0029155201093336485,-0.24656955423089064,1.0,3
2021-03-31,AAPL,-0.00997301752991794,-1.3813571971864202,1.0,3
2021-04-01,AAPL,-0.007584662866452075,-0.6770942267536673,1.0,3
2021-04-05,AAPL,-0.012231537559854656,-0.8925374781548472,1.0,3
2021-04-06,AAPL,0.015462320241784035,-0.09581913374331227,1.0,3
2021-04-07,AAPL,0.010985634503195197,0.7696312500670253,1.0,3
2021-04-08,AAPL,0.00286388914695234,0.9662269702237947,1.0,3
2021-04-09,AAPL,-0.008566631236237812,0.787519601880288,1.0,3
2021-04-12,AAPL,0.002032464495707056,0.4248272700183734,1.0,3
2021-04-13,AAPL,-0.008477151049631189,0.07510984796499923,1.0,3
2021-04-14,AAPL,-0.005562295369711151,-0.08880020727342744,1.0,3
2021-04-15,AAPL,-0.005002300818333691,0.3770601957436246,1.0,3
2021-04-16,AAPL,0.0020385370651951995,0.6270215975694796,1.0,3
2021-04-19,AAPL,-0.0018316919578220746,0.8961857809970937,1.0,3
2021-04-20,AAPL,0.0036203334632969575,0.890047213652473,1.0,3
2021-04-21,AAPL,0.007694971035192206,1.0579793975695249,1.0,3
2021-04-22,AAPL,0.02902646232950033,1.471408775199271,1.0,3
2021-04-23,AAPL,0.025111509348984776,1.463117405438656,1.0,3
2021-04-26,AAPL,0.025766139820395974,1.5943461164871777,1.0,3
2021-04-27,AAPL,0.025159283261343878,1.5684632970154568,1.0,3
2021-04-28,AAPL,0.022656716216438007,1.5294164815220954,1.0,3
2021-04-29,AAPL,0.02317989033983862,1.7149066668080533,1.0,3
2021-04-30,AAPL,0.0318974409156649,2.1192549047612395,1.0,3
2021-05-03,AAPL,0.026502211068994242,1.9828972398341873,1.0,3
2021-05-04,AAPL,0.017797586337203016,1.4638370305587076,1.0,3
2021-05-05,AAPL,0.01598298571273064,1.1577906860466365,1.0,3
2021-05-06,AAPL,0.011518439773501126,0.8584986801352986,1.0,3
2021-05-07,AAPL,0.008801564802082442,0.8516278503665287,1.0,3
2021-05-10,AAPL,0.011007178279160122,0.8198848766309245,1.0,3
2021-05-11,AAPL,0.014354286782020635,0.8094839633600024,1.0,3
2021-05-12,AAPL,0.023136636084241814,1.178187939270662,1.0,3
2021-05-13,AAPL,0.022780124372874973,1.0372467558369216,1.0,3
2021-05-14,AAPL,0.012425800653688795,0.7169553173344759,1.0,3
2021-05-17,AAPL,0.012663430113921159,0.5982039375740537,1.0,3
2021-05-18,AAPL,0.018035415473791477,0.6265573850817887,1.0,3
2021-05-19,AAPL,0.011192360086053359,0.5744680681082246,1.0,3
2021-05-20,AAPL,0.004367221491189586,0.28193477593678995,1.0,3
2021-05-21,AAPL,0.011043304549424175,-0.06649580042100212,1.0,3
2021-05-24,AAPL,0.004669634365607863,-0.38312523376748076,1.0,3
2021-05-25,AAPL,0.005100849438646156,-0.48151198471607237,1.0,3
2021-05-26,AAPL,0.005100849438646156,-0.5814738222946717,1.0,3
2021-05-27,AAPL,0.010239963218177389,-0.6957693414338951,1.0,3
2021-05-28,AAPL,0.008669669878749679,-0.5132278816098707,1.0,3
2021-06-01,AAPL,0.008288825445431502,-0.6693262379700629,1.0,3
2021-06-02,AAPL,0.01058886182801345,-0.36474716355731335,1.0,3
2021-06-03,AAPL,0.010644326424405612,-0.5514776593581563,1.0,3
2021-06-04,AAPL,0.006394330602142427,-0.5530041555315032,1.0,3
2021-06-07,AAPL,0.00682554567518072,-0.3973330785695334,1.0,3
2021-06-08,AAPL,0.007945788151890999,-0.3010444696636426,1.0,3
2021-06-09,AAPL,0.01076715139374075,-0.23393029600817217,1.0,3
2021-06-10,AAPL,0.01516738879610762,-0.018780130926039584,1.0,3
2021-06-11,AAPL,0.01455357102705616,-0.093715296146203,1.0,3
2021-06-14,AAPL,0.011256068179881111,0.0941982807075622,1.0,3
2021-06-15,AAPL,0.015318074479486687,0.2583465617621432,1.0,3
2021-06-16,AAPL,0.016157223584300235,0.4022814911547563,1.0,3
2021-06-17,AAPL,0.015713788590524545,0.5239561233396137,1.0,3
2021-06-18,AAPL,0.01565826363427728,0.28127140427536446,1.0,3
2021-06-21,AAPL,0.019914617672102498,0.5429311880450527,1.0,3
2021-06-22,AAPL,0.016689896230630094,0.6439124453404275,1.0,3
2021-06-23,AAPL,0.010516873171535256,0.44375510074240615,1.0,3
2021-06-24,AAPL,0.012635822291214363,0.3886403994724055,1.0,3
2021-06-25,AAPL,0.025757035775634127,0.8666112779445734,1.0,3
2021-06-28,AAPL,0.017462743117353255,0.7113198762097092,1.0,3
2021-06-29,AAPL,0.013485095703939855,0.7641386017990481,1.0,3
2021-06-30,AAPL,0.015492534655560915,1.0551716574629115,1.0,3
2021-01-04,AMZN,-0.0124821097491432,-0.4535092032157133,1.0,3
2021-01-05,AMZN,-0.00667171202445879,0.14193244417807072,1.0,3
2021-01-06,AMZN,-0.007801226885101308,-0.31736956700613855,1.0,3
2021-01-07,AMZN,-0.005051958576063276,-0.022223623990539565,1.0,3
2021-01-08,AMZN,-0.0005649433399731701,0.12480744228448855,1.0,3
2021-01-11,AMZN,-0.003144103764086529,-0.21366419684212623,1.0,3
2021-01-12,AMZN,-0.003847300529463478,-0.21307101319416788,1.0,3
2021-01-13,AMZN,-0.0094072456601767,-0.5909803470234518,1.0,3
2021-01-14,AMZN,-0.006535459232720312,-1.1340919752101881,1.0,3
2021-01-15,AMZN,-0.0037124595364006695,-1.2075037913407962,1.0,3
2021-01-19,AMZN,-0.0118751830029687,-1.4116290164985408,1.0,3
2021-01-20,AMZN,-0.025985281703041548,-1.1875159882342459,1.0,3
2021-01-21,AMZN,-0.02096064987188396,-1.2509414189567143,1.0,3
2021-01-22,AMZN,-0.024554138287247097,-1.4239263151465738,1.0,3
2021-01-25,AMZN,-0.01358755171588366,-1.1145240464433654,1.0,3
2021-01-26,AMZN,-0.01621486098971993,-1.2734108567454407,1.0,3
2021-01-27,AMZN,-0.003955404459880023,-1.1560390674366232,1.0,3
2021-01-28,AMZN,-0.009950650023087287,-1.562689370100395,1.0,3
2021-01-29,AMZN,-0.010352335625536174,-1.4702450801789224,1.0,3
2021-02-01,AMZN,-0.018095968304573037,-1.095473033478814,1.0,3
2021-02-02,AMZN,-0.008499109242754876,-0.43932672465149303,1.0,3
2021-02-03,AMZN,-0.012917610375931948,-0.7721431476843856,1.0,3
2021-02-04,AMZN,-0.003379498399216655,-0.7872040316526822,1.0,3
2021-02-05,AMZN,-0.011431404420725731,-0.6838270878214616,1.0,3
2021-02-08,AMZN,-0.003139046690305042,-0.7617680082374845,1.0,3
2021-02-09,AMZN,0.00026878416255069046,-0.5819873827634363,1.0,3
2021-02-10,AMZN,-0.006468138507641473,-0.9043696779206074,1.0,3
2021-02-11,AMZN,-0.008396904028087166,-0.6733444288904451,1.0,3
2021-02-12,AMZN,-0.006578996059802455,-0.3365302780187613,1.0,3
2021-02-16,AMZN,-0.0031691844380001832,-0.33225977155051833,1.0,3
2021-02-17,AMZN,-0.009144589678518084,-0.3946300986347506,1.0,3
2021-02-18,AMZN,-0.00850431148388056,-0.4125315030535322,1.0,3
2021-02-19,AMZN,-0.011036733070901982,-0.7718729554757402,1.0,3
2021-02-22,AMZN,-0.010073863597787766,-1.294710824240198,1.0,3
2021-02-23,AMZN,-0.008947798358988929,-1.6471975169029593,1.0,3
2021-02-24,AMZN,-0.007508448239093361,-1.0018362249686217,1.0,3
2021-02-25,AMZN,0.009056332395021027,-0.8336553275708212,1.0,3
2021-02-26,AMZN,0.001746614328613047,-1.1485606029792566,1.0,3
2021-03-01,AMZN,-0.003963538852996037,-1.1795359220339718,1.0,3
2021-03-02,AMZN,0.0045030202598810385,-1.1225071739025103,1.0,3
2021-03-03,AMZN,0.019249986799877473,-0.310960721569412,1.0,3
2021-03-04,AMZN,0.016877997379917218,-0.5962946525716935,1.0,3
2021-03-05,AMZN,0.01612405167434323,0.3946544648055861,1.0,3
2021-03-08,AMZN,0.022926892801543367,0.8243492326716286,1.0,3
2021-03-09,AMZN,0.013172851701448735,0.37661407124901297,1.0,3
2021-03-10,AMZN,0.015793803664168393,0.370363307519816,1.0,3
2021-03-11,AMZN,0.002645119060302643,0.6513264237500335,1.0,3
2021-03-12,AMZN,0.009744423009797092,1.15022352115309,1.0,3
2021-03-15,AMZN,0.004112410609444637,0.7788160796696508,1.0,3
2021-03-16,AMZN,0.01964430445391152,1.8138050778961359,1.0,3
2021-03-17,AMZN,0.03436148160831508,1.0795100938597169,1.0,3
2021-03-18,AMZN,0.03386891647472138,1.0702917862700694,1.0,3
2021-03-19,AMZN,0.020005978058228326,0.912481974809845,1.0,3
2021-03-22,AMZN,0.018712768721346064,0.6550316708736164,1.0,3
2021-03-23,AMZN,0.024757645370508844,0.3078104919931034,1.0,3
2021-03-24,AMZN,0.02316670446761872,0.5879648186225963,1.0,3
2021-03-25,AMZN,0.025678871603251063,0.7436872123489944,1.0,3
2021-03-26,AMZN,0.02465500116409036,0.32911848711933234,1.0,3
2021-03-29,AMZN,0.02178319656135612,1.30289497629549,1.0,3
2021-03-30,AMZN,0.02475668573943572,1.4274884506607683,1.0,3
2021-03-31,AMZN,0.018929733246885964,1.9227903827042896,1.0,3
2021-04-01,AMZN,0.016058674897284818,1.685671901670728,1.0,3
2021-04-05,AMZN,0.017124685955442483,1.3152053987002856,1.0,3
2021-04-06,AMZN,0.01683463242443641,0.12126908989426416,1.0,3
2021-04-07,AMZN,0.021003877970176308,1.5497301967897736,1.0,3
2021-04-08,AMZN,-0.0004323844859872569,0.6620559965806675,1.0,3
2021-04-09,AMZN,-0.008159188450329268,0.6845801518056167,1.0,3
2021-04-12,AMZN,-0.017789472770761986,-0.23755151033188748,1.0,3
2021-04-13,AMZN,-0.017789472770761986,0.05096966164761568,1.0,3
2021-04-14,AMZN,0.004147673700474948,0.8339024718875648,1.0,3
2021-04-15,AMZN,-0.006233137099083478,0.32699301496746747,1.0,3
2021-04-16,AMZN,-0.008063301867606914,0.3321847041270996,1.0,3
2021-04-19,AMZN,-0.01430487849402783,-0.16061839493934163,1.0,3
2021-04-20,AMZN,-0.004795630378488343,0.23628923191842668,1.0,3
2021-04-21,AMZN,-0.014456394047855045,-0.4111424754874844,1.0,3
2021-04-22,AMZN,-0.0005931422662897426,-0.3968604356260636,1.0,3
2021-04-23,AMZN,-0.004696132791980814,0.09833264354259631,1.0,3
2021-04-26,AMZN,-0.009088530030089465,0.430199743681842,1.0,3
2021-04-27,AMZN,-0.01191610036983844,0.2472071856296879,1.0,3
2021-04-28,AMZN,-0.011907744486300019,0.35267170835053396,1.0,3
2021-04-29,AMZN,-0.0192332534018667,0.041690849969422517,1.0,3
2021-04-30,AMZN,-0.01774608321059252,0.07461855593091582,1.0,3
2021-05-03,AMZN,0.0004133870700923029,0.34722248638671643,1.0,3
2021-05-04,AMZN,-0.0023780003405785345,-0.08307791274411236,1.0,3
2021-05-05,AMZN,-0.004423327811201366,-0.5236644778693577,1.0,3
2021-05-06,AMZN,-0.0006842569883847078,-0.20238594104461405,1.0,3
2021-05-07,AMZN,-0.005386388643552374,-0.6453451397330334,1.0,3
2021-05-10,AMZN,-0.0010513568483624777,-0.36543652366577706,1.0,3
2021-05-11,AMZN,-0.006372442176888859,-0.3058435400477712,1.0,3
2021-05-12,AMZN,-0.0029915522957080433,-0.26124986456700494,1.0,3
2021-05-13,AMZN,-0.0029796272254985125,-0.5492687312796687,1.0,3
2021-05-14,AMZN,-0.0037629132988488546,-0.12822655813980877,1.0,3
2021-05-17,AMZN,-0.015530125477352885,-0.23664900714821063,1.0,3
2021-05-18,AMZN,-0.013347882478493531,-0.27800116977846573,1.0,3
2021-05-19,AMZN,-0.013619243501445584,-0.23161490109338212,1.0,3
2021-05-20,AMZN,-0.011088212261091726,-0.27208126732803156,1.0,3
2021-05-21,AMZN,-0.004472119320582711,-0.3332237284234881,1.0,3
2021-05-24,AMZN,-0.009333319554867638,-0.8734416290848275,1.0,3
2021-05-25,AMZN,-0.015395111213730592,-1.3778919084614625,1.0,3
2021-05-26,AMZN,-0.01653321804414317,-1.856097982294318,1.0,3
2021-05-27,AMZN,-0.01207071783281794,-2.06454646569477,1.0,3
2021-05-28,AMZN,-0.016102002971104885,-1.8081003926017067,1.0,3
2021-06-01,AMZN,-0.011841416501310998,-1.3083401160189836,1.0,3
2021-06-02,AMZN,-0.012570850571144782,-1.216575668838069,1.0,3
2021-06-03,AMZN,-0.010720902048228571,-1.3206794456863356,1.0,3
2021-06-04,AMZN,-3.8301740550228966e-05,-0.8102768783813287,1.0,3
2021-06-07,AMZN,0.0025108514923799364,-0.5050046684380259,1.0,3
2021-06-08,AMZN,0.0032676294104311333,-0.19512087377077386,1.0,3
2021-06-09,AMZN,0.002102537219018608,-0.4627679233527048,1.0,3
2021-06-10,AMZN,-0.018207437303875775,-0.8341725619573142,1.0,3
2021-06-11,AMZN,-0.017746649772929477,-0.6538604706442258,1.0,3
2021-06-14,AMZN,-0.020908738696707854,-0.6757104052664358,1.0,3
2021-06-15,AMZN,-0.020351646107628966,-0.8774370542541541,1.0,3
2021-06-16,AMZN,-0.02080538800166611,-0.659527422589849,1.0,3
2021-06-17,AMZN,-0.027163975560512626,-0.9164366030085422,1.0,3
2021-06-18,AMZN,-0.02817362109431552,-0.5907995777555035,1.0,3
2021-06-21,AMZN,-0.018556420595856056,-0.48405685348817407,1.0,3
2021-06-22,AMZN,-0.025527848238483714,-0.3502302662159409,1.0,3
2021-06-23,AMZN,-0.011836077038904373,0.031782596896951995,1.0,3
2021-06-24,AMZN,-0.004381108162927373,-0.12006167646855068,1.0,3
2021-06-25,AMZN,0.004602697727228677,0.01848646856815328,1.0,3
2021-06-28,AMZN,0.0018965624154842382,0.08480138055965802,1.0,3
2021-06-29,AMZN,0.002137508945325954,0.1040541906812042,1.0,3
2021-06-30,AMZN,0.003338427206698423,0.18720626296157422,1.0,3
2021-01-04,GOOGL,0.006883431611057648,-0.04648864827481203,1.0,3
2021-01-05,GOOGL,0.006985900171762553,-0.035012638857129574,1.0,3
2021-01-06,GOOGL,0.009773651306756942,0.5108718624465792,1.0,3
2021-01-07,GOOGL,0.007579081201097512,0.6242832185445599,1.0,3
2021-01-08,GOOGL,0.011690688565487703,0.6722205317195495,1.0,3
2021-01-11,GOOGL,0.00919461425470785,0.795512294818509,1.0,3
2021-01-12,GOOGL,0.007835898272872177,0.2328695354822342,1.0,3
2021-01-13,GOOGL,0.007638936079784528,0.36359647488284635,1.0,3
2021-01-14,GOOGL,0.011984717460810798,-0.4122854401924442,1.0,3
2021-01-15,GOOGL,0.015520432966298599,0.47657677414558053,1.0,3
2021-01-19,GOOGL,0.006964791071949438,0.3570301231382179,1.0,3
2021-01-20,GOOGL,0.0023261333898777882,0.48430572799462956,1.0,3
2021-01-21,GOOGL,0.008912345518763175,0.2979405168448781,1.0,3
2021-01-22,GOOGL,0.009574725874090383,0.5834935210487048,1.0,3
2021-01-25,GOOGL,0.014419045769973195,0.9336227375528023,1.0,3
2021-01-26,GOOGL,0.015234084133818384,0.8250561889255565,1.0,3
2021-01-27,GOOGL,0.019766826416412173,0.24017112241842448,1.0,3
2021-01-28,GOOGL,0.014204647611691115,0.6990072239406906,1.0,3
2021-01-29,GOOGL,0.01718657132846279,0.7153001782434311,1.0,3
2021-02-01,GOOGL,0.006131540964338739,0.5903569887029538,1.0,3
2021-02-02,GOOGL,0.014259840548406545,1.0382038842482855,1.0,3
2021-02-03,GOOGL,0.006269895285581372,1.878050269721681,1.0,3
2021-02-04,GOOGL,0.015808790887940138,1.460445418850775,1.0,3
2021-02-05,GOOGL,0.006624297033701363,1.1539401677533603,1.0,3
2021-02-08,GOOGL,0.005753850366918452,0.9753027139038958,1.0,3
2021-02-09,GOOGL,0.010487498786127345,0.8501667577915475,1.0,3
2021-02-10,GOOGL,0.008251937781856332,1.1727983623229978,1.0,3
2021-02-11,GOOGL,0.003931411587790939,1.7642863085893654,1.0,3
2021-02-12,GOOGL,-0.0046451752908647425,1.579136058463102,1.0,3
2021-02-16,GOOGL,0.0005395738804624534,1.5113305174366762,1.0,3
2021-02-17,GOOGL,-0.0038358472783071988,1.5074856627836377,1.0,3
2021-02-18,GOOGL,0.00418963795311924,1.4507745701813946,1.0,3
2021-02-19,GOOGL,0.0049990357947223415,1.5303542872726088,1.0,3
2021-02-22,GOOGL,0.012093803013887457,1.5337960902830257,1.0,3
2021-02-23,GOOGL,-0.0012731962012416638,0.5584351825089827,1.0,3
2021-02-24,GOOGL,0.0006522479976423519,0.9289806212335908,1.0,3
2021-02-25,GOOGL,0.010022861021846718,1.0315338659574858,1.0,3
2021-02-26,GOOGL,0.019229130177770164,1.5401651967208971,1.0,3
2021-03-01,GOOGL,0.008348334076242837,1.0233051049673918,1.0,3
2021-03-02,GOOGL,0.010489233015974776,1.395952451009097,1.0,3
2021-03-03,GOOGL,0.014924847439902116,1.8533904124830984,1.0,3
2021-03-04,GOOGL,0.008782140733695414,1.0648797721602077,1.0,3
2021-03-05,GOOGL,0.011798288938825547,2.0485818536633973,1.0,3
2021-03-08,GOOGL,0.011438990160997333,0.9428047698913061,1.0,3
2021-03-09,GOOGL,0.008092967872261955,0.8926588910370803,1.0,3
2021-03-10,GOOGL,0.029571054090226586,1.7234440473085093,1.0,3
2021-03-11,GOOGL,-0.0006506679594383755,1.281651699020956,1.0,3
2021-03-12,GOOGL,0.00385120257107363,1.2281628097404163,1.0,3
2021-03-15,GOOGL,-0.0017351019926940432,1.0881585316304128,1.0,3
2021-03-16,GOOGL,-0.0013823420310999789,0.9858606813107402,1.0,3
2021-03-17,GOOGL,-0.0023186531346037513,0.40503762098979024,1.0,3
2021-03-18,GOOGL,0.0050353745298541315,0.46541981751411926,1.0,3
2021-03-19,GOOGL,-0.005491436060604188,0.4662068519268626,1.0,3
2021-03-22,GOOGL,-0.0026409552951208956,0.15959349045978033,1.0,3
2021-03-23,GOOGL,0.0003966136560141597,-0.0663588522033452,1.0,3
2021-03-24,GOOGL,-0.004222316441285289,-0.02072381724336142,1.0,3
2021-03-25,GOOGL,0.004113403615563683,0.4215428570249967,1.0,3
2021-03-26,GOOGL,-0.0036794442215452527,0.002312131528323408,1.0,3
2021-03-29,GOOGL,-0.0011540866779001606,0.06004601816885485,1.0,3
2021-03-30,GOOGL,-0.002302432491639055,0.23028817257510675,1.0,3
2021-03-31,GOOGL,0.002410747694603891,0.31305422583648057,1.0,3
2021-04-01,GOOGL,-0.0030196024452988704,0.10662584768624028,1.0,3
2021-04-05,GOOGL,-0.008364949596489707,-0.24405351898011032,1.0,3
2021-04-06,GOOGL,0.002610137020882089,-0.09197011733377011,1.0,3
2021-04-07,GOOGL,0.003543437192083664,1.2243765551345507,1.0,3
2021-04-08,GOOGL,0.005621141992380786,1.491119432062896,1.0,3
2021-04-09,GOOGL,0.010197762816227486,1.6951450965322652,1.0,3
2021-04-12,GOOGL,0.022746565776220674,1.4240959234409134,1.0,3
2021-04-13,GOOGL,0.021733967205276348,1.4235675854835046,1.0,3
2021-04-14,GOOGL,0.02314285782157282,1.563162540198702,1.0,3
2021-04-15,GOOGL,0.018286694801397323,1.4863019358837417,1.0,3
2021-04-16,GOOGL,0.01834539443168077,1.5792281385320441,1.0,3
2021-04-19,GOOGL,0.01377268504421774,1.7798553594859485,1.0,3
2021-04-20,GOOGL,0.012370869494080484,2.149568893307798,1.0,3
2021-04-21,GOOGL,0.011366913968582741,1.6597322906423329,1.0,3
2021-04-22,GOOGL,0.01857848852432077,1.2166080668031336,1.0,3
2021-04-23,GOOGL,0.00973714393816217,1.140052489434742,1.0,3
2021-04-26,GOOGL,0.005819719450425051,1.245737874476651,1.0,3
2021-04-27,GOOGL,0.007802752349349052,1.0841695504004836,1.0,3
2021-04-28,GOOGL,0.00270415851692077,1.1930945880146737,1.0,3
2021-04-29,GOOGL,0.0028833444305077695,1.5984888473199126,1.0,3
2021-04-30,GOOGL,0.0083889825908566,1.4875799856390335,1.0,3
2021-05-03,GOOGL,0.007730830710925152,0.8848479168207577,1.0,3
2021-05-04,GOOGL,0.007265963106437303,0.9952042922175695,1.0,3
2021-05-05,GOOGL,0.014166270325168089,1.4644762387643326,1.0,3
2021-05-06,GOOGL,0.01381020386754696,1.6562681013736253,1.0,3
2021-05-07,GOOGL,0.0075356403504261505,1.5019635672652876,1.0,3
2021-05-10,GOOGL,0.012195248004341647,1.672577266840805,1.0,3
2021-05-11,GOOGL,0.010201867380945038,1.5811736752870014,1.0,3
2021-05-12,GOOGL,0.005130641429293973,0.7745990939456151,1.0,3
2021-05-13,GOOGL,0.0068925690814544685,0.6162949973462872,1.0,3
2021-05-14,GOOGL,0.007765531641773528,1.3342856053174108,1.0,3
2021-05-17,GOOGL,0.0012277353981456351,1.2575327232973113,1.0,3
2021-05-18,GOOGL,0.0029842211337816234,1.043730145731887,1.0,3
2021-05-19,GOOGL,-0.0037715590362084124,1.149927057786138,1.0,3
2021-05-20,GOOGL,-0.00129308354666884,1.31781731435763,1.0,3
2021-05-21,GOOGL,-0.0003426629312666203,0.9878766178521462,1.0,3
2021-05-24,GOOGL,0.0007190482970084705,1.58329174793628,1.0,3
2021-05-25,GOOGL,-0.00024659675363374517,1.710447554644325,1.0,3
2021-05-26,GOOGL,-0.001313359658411102,1.1408316676385997,1.0,3
2021-05-27,GOOGL,-0.0003162422674918658,0.3242131329568824,1.0,3
2021-05-28,GOOGL,0.0023683021420758577,0.4334601727939674,1.0,3
2021-06-01,GOOGL,0.0060482546491717965,0.8387716711105047,1.0,3
2021-06-02,GOOGL,0.012542560657769312,0.4776339781113339,1.0,3
2021-06-03,GOOGL,0.012383374004870749,0.2607937193829276,1.0,3
2021-06-04,GOOGL,0.006390765901153759,0.0787018335336924,1.0,3
2021-06-07,GOOGL,0.004823703874980985,0.19113029358456668,1.0,3
2021-06-08,GOOGL,0.009066652949034614,0.2992902939990879,1.0,3
2021-06-09,GOOGL,0.010249321660840511,0.5256625812516801,1.0,3
2021-06-10,GOOGL,0.004826240353693678,0.5875382894502138,1.0,3
2021-06-11,GOOGL,0.009189906966231306,0.42829133728736746,1.0,3
2021-06-14,GOOGL,0.004170218278151852,0.44589167704545685,1.0,3
2021-06-15,GOOGL,0.006771349278520422,0.3794361242308771,1.0,3
2021-06-16,GOOGL,0.006723038453620231,0.3887365843530919,1.0,3
2021-06-17,GOOGL,0.008573347427021665,0.39429312069580374,1.0,3
2021-06-18,GOOGL,0.022061432323493755,0.6601886189230866,1.0,3
2021-06-21,GOOGL,0.023461017047147155,0.7573595751501051,1.0,3
2021-06-22,GOOGL,0.015075492964170678,0.35519053239702136,1.0,3
2021-06-23,GOOGL,0.01794656112692781,0.4224608587673876,1.0,3
2021-06-24,GOOGL,0.016975657311128264,0.23522748539107086,1.0,3
2021-06-25,GOOGL,0.017536226414157183,0.25493888529440545,1.0,3
2021-06-28,GOOGL,0.019946622999539806,0.22499841723276814,1.0,3
2021-06-29,GOOGL,0.015510271961962554,-0.03580115754850499,1.0,3
2021-06-30,GOOGL,0.015459716029576223,0.1658267356027463,1.0,3
2021-01-04,INTC,-0.001315729845571168,-0.151097088225593,1.0,3
2021-01-05,INTC,0.0018274172722256136,-0.03935667497214468,1.0,3
2021-01-06,INTC,0.0038277572150064733,1.0552051775090163,1.0,3
2021-01-07,INTC,-0.00598458164617795,0.33449895078373604,1.0,3
2021-01-08,INTC,-0.0016591386179022072,0.13813001631050786,1.0,3
2021-01-11,INTC,0.00013250186227292563,0.36311126990135256,1.0,3
2021-01-12,INTC,-0.02107042297359043,-0.3651273475613691,1.0,3
2021-01-13,INTC,-0.022024810423508654,0.4225607477898754,1.0,3
2021-01-14,INTC,0.010741800621032001,2.1669966964104463,1.0,3
2021-01-15,INTC,-0.021175123557661397,0.7146482718494587,1.0,3
2021-01-19,INTC,-0.01022939046956465,1.7655364937256326,1.0,3
2021-01-20,INTC,-0.018994083965429023,1.5869304036628973,1.0,3
2021-01-21,INTC,0.0022618775979004815,2.2881144839427354,1.0,3
2021-01-22,INTC,0.07726081644277127,4.333902940955909,1.0,3
2021-01-25,INTC,0.06842056514298149,4.450258281961912,1.0,3
2021-01-26,INTC,0.05796298741024629,3.7162079584982495,1.0,3
2021-01-27,INTC,0.09981296960164306,4.452637702222368,1.0,3
2021-01-28,INTC,0.07659908784920434,4.07501247365856,1.0,3
2021-01-29,INTC,0.09427198378199124,4.36314866956902,1.0,3
2021-02-01,INTC,0.07899341925238576,3.7679614193174595,1.0,3
2021-02-02,INTC,0.08264937164440667,3.782696684384428,1.0,3
2021-02-03,INTC,0.07349317079080105,3.14743729962287,1.0,3
2021-02-04,INTC,0.08006342979251586,2.650698383183775,1.0,3
2021-02-05,INTC,0.08768876938100649,2.513107155185018,1.0,3
2021-02-08,INTC,0.09019835386521644,2.941346293978913,1.0,3
2021-02-09,INTC,0.0891031435970988,2.277447625015541,1.0,3
2021-02-10,INTC,0.09336912645817687,2.2037947917308003,1.0,3
2021-02-11,INTC,-0.012301251040330884,-0.3341561006798145,1.0,3
2021-02-12,INTC,-0.019895577422422987,-0.863583155555556,1.0,3
2021-02-16,INTC,-0.018616022376320526,-0.47553964960068473,1.0,3
2021-02-17,INTC,-0.00797142939859327,-0.17022167226463492,1.0,3
2021-02-18,INTC,-0.01355097544148647,-0.10165951078804655,1.0,3
2021-02-19,INTC,-0.0022662866658599806,-0.02036055973762063,1.0,3
2021-02-22,INTC,0.010777507596748212,1.3601359895177645,1.0,3
2021-02-23,INTC,0.0031778481887960864,1.226530313972602,1.0,3
2021-02-24,INTC,-0.007435812750440512,1.1621364187741607,1.0,3
2021-02-25,INTC,0.005363021935846132,0.7638612179639774,1.0,3
2021-02-26,INTC,0.005736165248738854,0.8191539537515651,1.0,3
2021-03-01,INTC,-0.00864079620802018,0.5795270964731083,1.0,3
2021-03-02,INTC,-0.004361069213418627,0.65201311582592,1.0,3
2021-03-03,INTC,0.008590078006327669,1.3475412516194873,1.0,3
2021-03-04,INTC,0.002966441427032153,1.4794546722772492,1.0,3
2021-03-05,INTC,-0.0029172297866923297,1.3667704072167237,1.0,3
2021-03-08,INTC,-0.0038426251678533307,0.6563153397083697,1.0,3
2021-03-09,INTC,-0.012304230498480586,0.9778719456408183,1.0,3
2021-03-10,INTC,0.00912822532889571,1.6083684435502097,1.0,3
2021-03-11,INTC,-0.0103188056620412,1.77216470222604,1.0,3
2021-03-12,INTC,-0.007224114351074282,1.2605395862270983,1.0,3
2021-03-15,INTC,-0.008615154642798445,1.5016775961877689,1.0,3
2021-03-16,INTC,-0.008472966877188359,1.0740655975069657,1.0,3
2021-03-17,INTC,-0.01056624390848894,1.0889574972168854,1.0,3
2021-03-18,INTC,-0.00628344277142847,0.8180485448527848,1.0,3
2021-03-19,INTC,-0.005511896009078967,0.9706932401350399,1.0,3
2021-03-22,INTC,-0.010323865254929567,1.1261851360866397,1.0,3
2021-03-23,INTC,-0.0005983827087994863,0.7439670907158966,1.0,3
2021-03-24,INTC,-0.002576359207405159,0.10023897766388068,1.0,3
2021-03-25,INTC,0.0012160106105248997,0.6630531600898374,1.0,3
2021-03-26,INTC,-0.014892522751513242,0.7231629475990833,1.0,3
2021-03-29,INTC,-0.0005772683451647895,0.4780512578748829,1.0,3
2021-03-30,INTC,-0.006529459993926369,0.7150019034116781,1.0,3
2021-03-31,INTC,-0.003966481372874161,0.7048837944230212,1.0,3
2021-04-01,INTC,-0.010747069409255856,0.8091787038394029,1.0,3
2021-04-05,INTC,-0.009310363639802994,0.5396682608792868,1.0,3
2021-04-06,INTC,-0.0022862006374704553,-0.3555264461059127,1.0,3
2021-04-07,INTC,-0.001089497137290665,0.19451153939153165,1.0,3
2021-04-08,INTC,0.004406473120720874,0.8280943880912649,1.0,3
2021-04-09,INTC,0.0039009294022347278,1.2890867562079895,1.0,3
2021-04-12,INTC,0.01584983587085431,0.3189774091745572,1.0,3
2021-04-13,INTC,0.007576572975547887,-0.3715677557212749,1.0,3
2021-04-14,INTC,0.0002942597093625755,-1.054947594692853,1.0,3
2021-04-15,INTC,-0.005527885605396122,-0.9960741985182332,1.0,3
2021-04-16,INTC,0.008270310929430265,-0.5599151688325575,1.0,3
2021-04-19,INTC,-0.004393935574825915,-1.197794778096359,1.0,3
2021-04-20,INTC,-0.009813750650369806,-1.9452352498878724,1.0,3
2021-04-21,INTC,0.012037013419247164,-0.006120913931184857,1.0,3
2021-04-22,INTC,0.009511143990498459,-1.301565899447394,1.0,3
2021-04-23,INTC,-0.011596886714252633,-2.1886493870908583,1.0,3
2021-04-26,INTC,-0.008990655809178693,-2.121051477163677,1.0,3
2021-04-27,INTC,0.001420311295039769,-1.8785319283366424,1.0,3
2021-04-28,INTC,0.00143691341998114,-1.8753637606352092,1.0,3
2021-04-29,INTC,0.003944761636901983,-1.5471527734387647,1.0,3
2021-04-30,INTC,0.005084305594876992,-1.8140707667421196,1.0,3
2021-05-03,INTC,0.011343721168115915,-1.6865954051727678,1.0,3
2021-05-04,INTC,0.010320940680438921,-1.260064989754957,1.0,3
2021-05-05,INTC,0.010449943684106774,-1.2875493496188943,1.0,3
2021-05-06,INTC,0.009063807965869593,-1.2095167262550717,1.0,3
2021-05-07,INTC,0.007543338533638057,-1.1200316843744602,1.0,3
2021-05-10,INTC,0.009260116212597801,-0.8657903408293768,1.0,3
2021-05-11,INTC,0.010215791946117863,-0.7719808300425852,1.0,3
2021-05-12,INTC,0.010835262448175939,-0.9302494067702887,1.0,3
2021-05-13,INTC,0.00404793651098939,-1.4340678351651943,1.0,3
2021-05-14,INTC,-0.007821298885134957,-1.9179730441260545,1.0,3
2021-05-17,INTC,-0.00765466629799764,-1.7673570223933306,1.0,3
2021-05-18,INTC,-0.004261435665526706,-1.7787894548181429,1.0,3
2021-05-19,INTC,0.00035951444340090227,-1.4508751440278493,1.0,3
2021-05-20,INTC,-0.0010828093984706307,-1.6258794333783344,1.0,3
2021-05-21,INTC,-0.009049882414313653,-0.7778651532935748,1.0,3
2021-05-24,INTC,-0.0027426767149382795,0.10428966406731456,1.0,3
2021-05-25,INTC,-0.0015757436746876427,0.34994507638759753,1.0,3
2021-05-26,INTC,-0.000709510700088171,0.640676165929206,1.0,3
2021-05-27,INTC,-0.0005485372945065808,0.6103241987187291,1.0,3
2021-05-28,INTC,-0.0011985271645133134,0.25688442772714104,1.0,3
2021-06-01,INTC,-0.0003891293229102102,0.21381630954852868,1.0,3
2021-06-02,INTC,0.002511351691415068,-0.04977136143189867,1.0,3
2021-06-03,INTC,0.004324904687499694,-0.36695581562023105,1.0,3
2021-06-04,INTC,0.005683877484105888,-0.20017652478608988,1.0,3
2021-06-07,INTC,-0.0003203277021972109,-0.38885845806733244,1.0,3
2021-06-08,INTC,0.008077162378933106,-0.06928247070513638,1.0,3
2021-06-09,INTC,0.015217009696380832,0.3433169235969791,1.0,3
2021-06-10,INTC,0.008545928294603301,0.2689888921972046,1.0,3
2021-06-11,INTC,0.011184575668046641,0.3039322544369281,1.0,3
2021-06-14,INTC,0.00714688162454175,0.27419250680992596,1.0,3
2021-06-15,INTC,0.006878448990862487,0.2269794141057141,1.0,3
2021-06-16,INTC,0.009153042204648139,0.1803521668867789,1.0,3
2021-06-17,INTC,0.009559306096021028,0.048268895234362064,1.0,3
2021-06-18,INTC,0.0008739949841661024,-0.5036763575114516,1.0,3
2021-06-21,INTC,0.0021213768491070957,-0.8211790110230637,1.0,3
2021-06-22,INTC,-0.002061698120984452,-0.924252566598233,1.0,3
2021-06-23,INTC,-0.0028455704203555698,-0.9816481162044691,1.0,3
2021-06-24,INTC,0.001130136362562569,-0.8844620477015994,1.0,3
2021-06-25,INTC,-0.0037423069084431,-1.3623263570939337,1.0,3
2021-06-28,INTC,0.0028010899498351655,-0.7202274465930336,1.0,3
2021-06-29,INTC,-0.0011872762814473254,-0.9048622165156838,1.0,3
2021-06-30,INTC,-0.0037879655142372642,-1.2580291510694364,1.0,3
2021-01-04,MSFT,0.009938699885412641,1.1967803327102335,1.0,3
2021-01-05,MSFT,0.0093336193188045,1.0548706479985066,1.0,3
2021-01-06,MSFT,0.01852712670000092,1.910259518684151,1.0,3
2021-01-07,MSFT,0.016029397133981996,1.561844837796995,1.0,3
2021-01-08,MSFT,0.004981711811572501,0.595823788671981,1.0,3
2021-01-11,MSFT,-0.0029052861020696565,0.17917697480627073,1.0,3
2021-01-12,MSFT,0.012571439925688961,0.9463679879386528,1.0,3
2021-01-13,MSFT,0.01095664874083717,0.7472023189370433,1.0,3
2021-01-14,MSFT,0.027200249356095507,0.41001510786363576,1.0,3
2021-01-15,MSFT,0.025815696173302684,0.8920209109463783,1.0,3
2021-01-19,MSFT,0.02003849393887361,0.18553563702096365,1.0,3
2021-01-20,MSFT,0.0001166326459691101,-0.32470610732617067,1.0,3
2021-01-21,MSFT,-0.0037515099227996476,-0.8057572485250177,1.0,3
2021-01-22,MSFT,0.0008249531057679707,-0.8263627665897165,1.0,3
2021-01-25,MSFT,-0.009172308608337532,-0.8848081003384466,1.0,3
2021-01-26,MSFT,-0.008633212755896588,-1.0827276742940488,1.0,3
2021-01-27,MSFT,-0.018820752970170346,-0.5136030371474155,1.0,3
2021-01-28,MSFT,-0.030153557807009377,-0.3349933788021321,1.0,3
2021-01-29,MSFT,-0.0081869072686719,-0.05756404402826487,1.0,3
2021-02-01,MSFT,-0.027992029483736136,-0.4531615518343202,1.0,3
2021-02-02,MSFT,-0.03063524998229702,-0.3275102965194001,1.0,3
2021-02-03,MSFT,-0.03576197153418456,-0.22505218819058226,1.0,3
2021-02-04,MSFT,-0.0342476167159673,-0.5228870083148947,1.0,3
2021-02-05,MSFT,-0.03821276226772693,-0.7650213808166774,1.0,3
2021-02-08,MSFT,-0.024712394609732076,-0.4978617944492485,1.0,3
2021-02-09,MSFT,-0.018746422793360612,-0.41537426051438675,1.0,3
2021-02-10,MSFT,-0.015730829797495006,-0.236518594379915,1.0,3
2021-02-11,MSFT,-0.025545733554463105,-0.1497842686641982,1.0,3
2021-02-12,MSFT,-0.02210592632338877,0.1837621490533769,1.0,3
2021-02-16,MSFT,-0.014383795651104968,0.22509855960587088,1.0,3
2021-02-17,MSFT,-0.013478770447951639,0.29392684701201277,1.0,3
2021-02-18,MSFT,-0.015147892818709999,0.2874030274490046,1.0,3
2021-02-19,MSFT,-0.0037708471080458764,0.7395095182924682,1.0,3
2021-02-22,MSFT,0.008971455319146206,0.7012115360267523,1.0,3
2021-02-23,MSFT,0.01710219909691131,1.2478991732569154,1.0,3
2021-02-24,MSFT,0.019769290105876178,1.0199095598029904,1.0,3
2021-02-25,MSFT,0.02578999792421845,1.5471442248279401,1.0,3
2021-02-26,MSFT,0.03038152085749492,0.6224237454938374,1.0,3
2021-03-01,MSFT,0.010923511521555889,-0.2046466355379737,1.0,3
2021-03-02,MSFT,0.016967119280831215,0.17143127782583073,1.0,3
2021-03-03,MSFT,0.030087931498688474,1.279596794719672,1.0,3
2021-03-04,MSFT,0.03064965289561161,0.826215786772041,1.0,3
2021-03-05,MSFT,0.02266157290306334,1.70936437226431,1.0,3
2021-03-08,MSFT,0.02756372819390147,1.8238546087380292,1.0,3
2021-03-09,MSFT,0.017940205574885897,1.2047487456945816,1.0,3
2021-03-10,MSFT,0.023885037246388418,1.1369970208841835,1.0,3
2021-03-11,MSFT,0.00681033061690185,1.2284807897538672,1.0,3
2021-03-12,MSFT,0.013285307793762103,1.6046635043889204,1.0,3
2021-03-15,MSFT,0.012928211982317738,1.3641501220369965,1.0,3
2021-03-16,MSFT,0.011889314430773052,1.6787425641433442,1.0,3
2021-03-17,MSFT,0.013456444280525202,0.7289225250686888,1.0,3
2021-03-18,MSFT,0.01944719317027882,0.8918972192605782,1.0,3
2021-03-19,MSFT,0.024546594521799987,1.1631449821535818,1.0,3
2021-03-22,MSFT,0.004424589090285412,0.5977640214919713,1.0,3
2021-03-23,MSFT,0.013755839794074347,0.70310028446839,1.0,3
2021-03-24,MSFT,0.0152605099584756,0.7773589397966895,1.0,3
2021-03-25,MSFT,0.00860297941601547,0.6370271796982835,1.0,3
2021-03-26,MSFT,0.013057506437958492,0.5472918779911295,1.0,3
2021-03-29,MSFT,0.01583603445904518,1.1082233452702772,1.0,3
2021-03-30,MSFT,0.01589302061999475,1.0726645359483253,1.0,3
2021-03-31,MSFT,-0.00856978881682701,-0.45114496746364985,1.0,3
2021-04-01,MSFT,-0.023857559967215166,-0.846518091879576,1.0,3
2021-04-05,MSFT,-0.024667450639262466,-0.6132503217325549,1.0,3
2021-04-06,MSFT,-0.027342320417977104,-1.2115594359682766,1.0,3
2021-04-07,MSFT,-0.02204675390438114,-0.5984331697247616,1.0,3
2021-04-08,MSFT,-0.039166546619181196,-0.7720349228057227,1.0,3
2021-04-09,MSFT,-0.03357129636526448,-0.8322430715204152,1.0,3
2021-04-12,MSFT,-0.01907527346071888,-0.4144921726732218,1.0,3
2021-04-13,MSFT,-0.026865526084916644,-0.32872652702792327,1.0,3
2021-04-14,MSFT,-0.014781179714818828,0.009162206538656514,1.0,3
2021-04-15,MSFT,-0.034328975955257024,-0.39762293890964195,1.0,3
2021-04-16,MSFT,-0.029701093211346116,-0.495982782513071,1.0,3
2021-04-19,MSFT,-0.03072411464809756,-0.5776657514309751,1.0,3
2021-04-20,MSFT,-0.029299820271852132,-0.9936796661302392,1.0,3
2021-04-21,MSFT,-0.03269035581467511,-1.0165296687318557,1.0,3
2021-04-22,MSFT,-0.007741620152923349,-0.2785064464558593,1.0,3
2021-04-23,MSFT,-0.012789072654380012,0.1853728013769092,1.0,3
2021-04-26,MSFT,-0.01563813568911292,0.0664666876715727,1.0,3
2021-04-27,MSFT,-0.01563813568911292,0.14084875066310487,1.0,3
2021-04-28,MSFT,0.0017550328330608557,0.49142675729919466,1.0,3
2021-04-29,MSFT,0.009664192144224109,0.7838775886083591,1.0,3
2021-04-30,MSFT,0.009990113217002088,0.6204004420132042,1.0,3
2021-05-03,MSFT,0.01699209775229733,0.8100274312385001,1.0,3
2021-05-04,MSFT,0.02015020834598059,1.478230463371852,1.0,3
2021-05-05,MSFT,0.023941509186041834,1.576563605793208,1.0,3
2021-05-06,MSFT,0.01706685805640219,1.2604009376786494,1.0,3
2021-05-07,MSFT,0.007315476175609859,0.7872486368846834,1.0,3
2021-05-10,MSFT,0.021773341197588503,1.5307030009869687,1.0,3
2021-05-11,MSFT,0.018732358868345112,1.2907313557573943,1.0,3
2021-05-12,MSFT,0.02711030859758002,1.4822485277208381,1.0,3
2021-05-13,MSFT,0.029704837790133172,1.5589763596309867,1.0,3
2021-05-14,MSFT,0.02262102345204586,1.2110413557590771,1.0,3
2021-05-17,MSFT,0.01783986560697746,1.0671833418931531,1.0,3
2021-05-18,MSFT,0.016178278478032118,0.5713278910712372,1.0,3
2021-05-19,MSFT,0.0067621575893928336,0.3142821032567248,1.0,3
2021-05-20,MSFT,0.0062070796484544445,0.249854238017375,1.0,3
2021-05-21,MSFT,0.01394006041420431,0.25970121899218335,1.0,3
2021-05-24,MSFT,0.004880410110995019,0.07511927501778198,1.0,3
2021-05-25,MSFT,-0.002807676923707623,-0.4142263560400583,1.0,3
2021-05-26,MSFT,-0.006830321821888223,0.22057986398700402,1.0,3
2021-05-27,MSFT,0.005441263270072329,0.6674462999393589,1.0,3
2021-05-28,MSFT,0.00585171266748413,0.35004841939699827,1.0,3
2021-06-01,MSFT,0.011249331728907255,0.40309910868664933,1.0,3
2021-06-02,MSFT,0.01321889331365288,0.05803745717471648,1.0,3
2021-06-03,MSFT,0.013766030464129067,0.08928255024775594,1.0,3
2021-06-04,MSFT,-0.0006059463669506009,-0.3834479663013832,1.0,3
2021-06-07,MSFT,0.0001341082114984794,-0.1553666559236629,1.0,3
2021-06-08,MSFT,0.0016855291524206732,-0.2417700359963992,1.0,3
2021-06-09,MSFT,-0.008647436185592574,-0.6777568827916196,1.0,3
2021-06-10,MSFT,-0.016885004422250712,-0.5827464480469562,1.0,3
2021-06-11,MSFT,-0.008753447919423785,-0.34577038559115214,1.0,3
2021-06-14,MSFT,-0.014474558605023594,-0.46396001880770255,1.0,3
2021-06-15,MSFT,-0.013990142632576322,-0.3942711349995268,1.0,3
2021-06-16,MSFT,-0.015763687174458797,-0.4358841992975097,1.0,3
2021-06-17,MSFT,-0.016420117725128802,-0.5637211798068101,1.0,3
2021-06-18,MSFT,-0.00871264031478593,-0.19724880716125892,1.0,3
2021-06-21,MSFT,-0.02190724891574872,-0.6908423699971679,1.0,3
2021-06-22,MSFT,-0.027265016070593,-0.6911377659887936,1.0,3
2021-06-23,MSFT,-0.025894111353887132,-0.6604494203181711,1.0,3
2021-06-24,MSFT,-0.020528165727195603,-0.6062943951832029,1.0,3
2021-06-25,MSFT,-0.00826903194697651,-0.2941633661253358,1.0,3
2021-06-28,MSFT,-0.021401723446940454,-0.48738285691952976,1.0,3
2021-06-29,MSFT,-0.03269035581467511,-0.6358765422626907,1.0,3
2021-06-30,MSFT,-0.03141830496569619,-0.6379997990821422,1.0,3
2021-01-04,NVDA,-0.004575004183904647,-0.2814855491408016,1.0,3
2021-01-05,NVDA,-0.005145207829323793,-0.2123546554378368,1.0,3
2021-01-06,NVDA,-0.0044404639121955695,-1.0393171018417273,1.0,3
2021-01-07,NVDA,-0.00790914031940747,-0.15908166042848743,1.0,3
2021-01-08,NVDA,0.006344641489543929,0.5499888621604572,1.0,3
2021-01-11,NVDA,0.00681883468703033,1.2970383157825418,1.0,3
2021-01-12,NVDA,0.006828467392998067,0.9705176757371875,1.0,3
2021-01-13,NVDA,0.005950822769738692,0.5391004764039782,1.0,3
2021-01-14,NVDA,0.0025504817280730297,-0.7451462324601676,1.0,3
2021-01-15,NVDA,-0.0018723961126622692,-0.8511999681484677,1.0,3
2021-01-19,NVDA,-0.001640481446797124,-0.8152955182386077,1.0,3
2021-01-20,NVDA,0.01117620116772752,-0.22190017570215786,1.0,3
2021-01-21,NVDA,0.0006322762522441038,-0.3954745873309341,1.0,3
2021-01-22,NVDA,0.0062060335518212915,-0.35961393114935547,1.0,3
2021-01-25,NVDA,0.004445636293925579,-0.21898821626510864,1.0,3
2021-01-26,NVDA,0.005402731797765245,-0.7141180819405415,1.0,3
2021-01-27,NVDA,0.013331140212348177,-0.3931698687926458,1.0,3
2021-01-28,NVDA,0.001295386640685364,-0.5764210786527808,1.0,3
2021-01-29,NVDA,-0.008044681466400755,-1.1728812329483067,1.0,3
2021-02-01,NVDA,0.007131969547265437,-0.5866925491480632,1.0,3
2021-02-02,NVDA,0.000477584622762067,-0.6727576091155109,1.0,3
2021-02-03,NVDA,-0.0014246607749939385,-0.7254024675566854,1.0,3
2021-02-04,NVDA,-0.003629438613041907,-0.5003140645825357,1.0,3
2021-02-05,NVDA,0.0019787394027361185,-0.8423335514608703,1.0,3
2021-02-08,NVDA,-0.00825692934677802,-0.3141298665678007,1.0,3
2021-02-09,NVDA,-0.002585315747071617,-0.7874959834810717,1.0,3
2021-02-10,NVDA,-0.024759261436061806,-0.8613406602211647,1.0,3
2021-02-11,NVDA,0.004015868057630877,0.9543237879519786,1.0,3
2021-02-12,NVDA,-0.012204469324637358,0.39961372239225373,1.0,3
2021-02-16,NVDA,-0.0034398082907041677,1.0726410706452831,1.0,3
2021-02-17,NVDA,-0.004248304478347125,0.9356407511483209,1.0,3
2021-02-18,NVDA,-0.0005197085393036395,1.1251517613700952,1.0,3
2021-02-19,NVDA,0.0028706528508043606,1.0094756164904881,1.0,3
2021-02-22,NVDA,0.010161196179464045,0.8565664896922612,1.0,3
2021-02-23,NVDA,0.007903801503610051,0.6759198953197783,1.0,3
2021-02-24,NVDA,0.00213258760029954,0.863370474357672,1.0,3
2021-02-25,NVDA,0.002907688992250055,-0.6408926142575132,1.0,3
2021-02-26,NVDA,0.008437778619950048,0.44633948055329953,1.0,3
2021-03-01,NVDA,-0.005709061482967395,-0.2198121566881147,1.0,3
2021-03-02,NVDA,0.004236344506193179,0.047821699533389356,1.0,3
2021-03-03,NVDA,-0.006754109121692732,-0.9797169684561016,1.0,3
2021-03-04,NVDA,-0.011934963674773365,-1.5051759766401096,1.0,3
2021-03-05,NVDA,-0.013773319115914076,-1.2000957091889544,1.0,3
2021-03-08,NVDA,0.004647320024362653,-0.7420515602753888,1.0,3
2021-03-09,NVDA,-0.02951396183553309,-2.4219797969468964,1.0,3
2021-03-10,NVDA,-0.008298766687227222,-1.4413572229205123,1.0,3
2021-03-11,NVDA,-0.04069668215848932,-1.9966272544476351,1.0,3
2021-03-12,NVDA,-0.02078528882291341,-1.9742097123324285,1.0,3
2021-03-15,NVDA,-0.035742495999714574,-1.4241972824620248,1.0,3
2021-03-16,NVDA,-0.026160479056513627,-1.728033387800631,1.0,3
2021-03-17,NVDA,0.0013631917954671684,-0.4905099681756751,1.0,3
2021-03-18,NVDA,-0.023950833398470373,-1.7777263750582266,1.0,3
2021-03-19,NVDA,-0.03941870660901912,-1.851865406163355,1.0,3
2021-03-22,NVDA,-0.01881232065555234,-1.2170155630240673,1.0,3
2021-03-23,NVDA,0.04940653579212959,-0.16333671273285388,1.0,3
2021-03-24,NVDA,0.023327978585314168,-0.8099518205700296,1.0,3
2021-03-25,NVDA,0.004418188686490113,-0.6716627878648115,1.0,3
2021-03-26,NVDA,0.008170042046901312,-0.6923244827278269,1.0,3
2021-03-29,NVDA,0.008875727683542141,0.10987564623949492,1.0,3
2021-03-30,NVDA,0.0013424165005915826,-0.020059384437014258,1.0,3
2021-03-31,NVDA,-0.0033150161521911746,0.18294220344867212,1.0,3
2021-04-01,NVDA,-0.008877174576025614,1.1458627819305935,1.0,3
2021-04-05,NVDA,-0.003321155547651544,1.4218097917129124,1.0,3
2021-04-06,NVDA,0.018417449027408946,2.641332910605178,1.0,3
2021-04-07,NVDA,0.009962505626787029,2.183103508651924,1.0,3
2021-04-08,NVDA,-0.005695588448131903,1.9407020549992844,1.0,3
2021-04-09,NVDA,-0.004148943211550907,1.3387230543277515,1.0,3
2021-04-12,NVDA,0.03578881478975973,3.2743418642148763,1.0,3
2021-04-13,NVDA,0.033062413516596154,3.389911664197214,1.0,3
2021-04-14,NVDA,0.026392607490653166,3.15847496713679,1.0,3
2021-04-15,NVDA,0.022888551934018248,3.3414475169657383,1.0,3
2021-04-16,NVDA,-0.007665822930752116,2.272342594751547,1.0,3
2021-04-19,NVDA,0.017456305550837107,3.0004209907200745,1.0,3
2021-04-20,NVDA,0.009629940797262744,2.4219246902069713,1.0,3
2021-04-21,NVDA,-0.00021416005094654174,1.9254921895461894,1.0,3
2021-04-22,NVDA,0.013474418535993677,2.4041259902485494,1.0,3
2021-04-23,NVDA,0.015036837750390287,2.5738629769256947,1.0,3
2021-04-26,NVDA,0.007199688711800087,2.076834215890786,1.0,3
2021-04-27,NVDA,0.002280611979933609,1.7197798689064312,1.0,3
2021-04-28,NVDA,0.0020428705785902994,1.579453027239946,1.0,3
2021-04-29,NVDA,-0.0035690170274778454,1.1327718326642693,1.0,3
2021-04-30,NVDA,0.0014783500180846983,0.8764681912037833,1.0,3
2021-05-03,NVDA,-0.0015390142707216081,0.388323490368346,1.0,3
2021-05-04,NVDA,-0.000557200131147304,0.18968296052435296,1.0,3
2021-05-05,NVDA,-0.003377904519900041,-0.09146622500744322,1.0,3
2021-05-06,NVDA,-0.0060344006228712724,-0.5439829487431329,1.0,3
2021-05-07,NVDA,-0.0017709090449869096,0.46140252342547405,1.0,3
2021-05-10,NVDA,-0.021035683830622747,-1.8366235420058328,1.0,3
2021-05-11,NVDA,-0.023214353285282322,-1.8671303604886564,1.0,3
2021-05-12,NVDA,-0.01774188803178289,-1.8518691645057135,1.0,3
2021-05-13,NVDA,-0.009817625311716911,-2.175568145957336,1.0,3
2021-05-14,NVDA,-0.02151499123513268,-1.9448386661928572,1.0,3
2021-05-17,NVDA,-0.016414768713225183,-1.261739962521564,1.0,3
2021-05-18,NVDA,-0.014749617002300578,-1.340903545371779,1.0,3
2021-05-19,NVDA,-0.009820966016076137,-1.0706843999082005,1.0,3
2021-05-20,NVDA,-0.010173863988918343,-0.15818810043351378,1.0,3
2021-05-21,NVDA,-0.007405368430001799,0.14251956214689165,1.0,3
2021-05-24,NVDA,-0.006354938309564734,0.8615024518253152,1.0,3
2021-05-25,NVDA,-0.005286331289896586,1.0250695065749669,1.0,3
2021-05-26,NVDA,-0.010843959560882792,1.3447812435021003,1.0,3
2021-05-27,NVDA,-0.00619098668230775,0.7927290887986231,1.0,3
2021-05-28,NVDA,-0.016296563036844812,1.6048620546848344,1.0,3
2021-06-01,NVDA,-0.01445534474973697,1.6180715925473115,1.0,3
2021-06-02,NVDA,0.0276612354327334,3.2922626517643527,1.0,3
2021-06-03,NVDA,0.03334906608365732,3.5919556936297745,1.0,3
2021-06-04,NVDA,0.03810007971701067,3.472018071629461,1.0,3
2021-06-07,NVDA,0.016870320252710014,2.7001288338376264,1.0,3
2021-06-08,NVDA,0.008614807162252384,2.3674814876547665,1.0,3
2021-06-09,NVDA,0.006353726939543678,2.705043537782385,1.0,3
2021-06-10,NVDA,0.0005205849833150402,2.4304425388015627,1.0,3
2021-06-11,NVDA,-0.005846573806723037,2.0332145730173248,1.0,3
2021-06-14,NVDA,-0.00411109452564329,2.3624431522473195,1.0,3
2021-06-15,NVDA,0.003066601538172535,2.621312552114657,1.0,3
2021-06-16,NVDA,-0.0030184854801907205,2.494255303992367,1.0,3
2021-06-17,NVDA,-0.005601838519523457,2.3520546579524058,1.0,3
2021-06-18,NVDA,0.0010063129356670413,2.4809135708852574,1.0,3
2021-06-21,NVDA,0.015063260958417245,2.6128344817774765,1.0,3
2021-06-22,NVDA,0.012581699128157169,2.58289212817266,1.0,3
2021-06-23,NVDA,0.008271788527487603,2.423456800491068,1.0,3
2021-06-24,NVDA,0.012051753570064626,2.657698389704531,1.0,3
2021-06-25,NVDA,0.012155274183373603,2.555179305768127,1.0,3
2021-06-28,NVDA,-0.0019168343202558627,2.1393161775798566,1.0,3
2021-06-29,NVDA,0.004836130340665133,2.1593471034880425,1.0,3
2021-06-30,NVDA,-0.0015404297549302514,1.7659188812348372,1.0,3
2021-01-04,PFE,0.0026471733760263863,-0.7603987174632229,1.0,3
2021-01-05,PFE,-0.006085726456940829,-1.2868554990944854,1.0,3
2021-01-06,PFE,-0.0051415128257879215,-1.604853593701042,1.0,3
2021-01-07,PFE,-0.018324060107080133,-2.418450976132867,1.0,3
2021-01-08,PFE,-0.01300328860538553,-2.320898401437731,1.0,3
2021-01-11,PFE,-0.01053794958155845,-2.1641800051220654,1.0,3
2021-01-12,PFE,-0.005134773491394027,-1.660286190429076,1.0,3
2021-01-13,PFE,-0.009615930217249538,-1.4931837324596098,1.0,3
2021-01-14,PFE,-0.011308621387029266,-1.886108800162217,1.0,3
2021-01-15,PFE,-0.011588666905143652,-1.4929353141442245,1.0,3
2021-01-19,PFE,-0.00661001479823416,-1.1858398266726642,1.0,3
2021-01-20,PFE,-0.007963499838504131,-1.2475954902514321,1.0,3
2021-01-21,PFE,-0.008608998743607899,-1.27859141398994,1.0,3
2021-01-22,PFE,-0.00827552203805145,-1.2943579031436667,1.0,3
2021-01-25,PFE,-0.008420168478976593,-1.5969496840471256,1.0,3
2021-01-26,PFE,-0.008129771258222111,-1.8040723440010678,1.0,3
2021-01-27,PFE,-0.007902957873003765,-1.2553935248471508,1.0,3
2021-01-28,PFE,-0.008606547043822882,-1.449150910689823,1.0,3
2021-01-29,PFE,-0.009574488484793293,-1.2194486719665418,1.0,3
2021-02-01,PFE,0.003896036877923077,-1.2423914937253007,1.0,3
2021-02-02,PFE,0.008434059122967255,-1.7311374660758778,1.0,3
2021-02-03,PFE,0.004530197712802678,-1.4173775759843288,1.0,3
2021-02-04,PFE,0.0036197616496975466,-2.014231407813979,1.0,3
2021-02-05,PFE,0.0036197616496975466,-1.5834316462354128,1.0,3
2021-02-08,PFE,0.0037345283829521387,-1.8596958446170109,1.0,3
2021-02-09,PFE,-0.004327230180247957,-1.9364875152715526,1.0,3
2021-02-10,PFE,-0.0017234200940276802,-2.053295443389218,1.0,3
2021-02-11,PFE,0.002343757376497717,-1.2830401208133453,1.0,3
2021-02-12,PFE,0.0074904120334763295,-0.8140581082962087,1.0,3
2021-02-16,PFE,0.006614272646333035,-0.9857305948371158,1.0,3
2021-02-17,PFE,9.580650275320491e-05,-1.2113745992046452,1.0,3
2021-02-18,PFE,0.0019417171136796023,-0.8763116408656773,1.0,3
2021-02-19,PFE,0.006140079000863175,-0.5662638378884719,1.0,3
2021-02-22,PFE,0.008487660545565077,-0.7403200702208339,1.0,3
2021-02-23,PFE,0.006752720249133457,-0.9457361813394618,1.0,3
2021-02-24,PFE,0.006752720249133457,-0.6724027184975329,1.0,3
2021-02-25,PFE,0.002430726749362294,-1.6321284972492678,1.0,3
2021-02-26,PFE,0.009045694048407995,-1.0395673751074148,1.0,3
2021-03-01,PFE,-0.00681149309019421,-1.783167206806795,1.0,3
2021-03-02,PFE,0.002711366173404401,-1.065897126018625,1.0,3
2021-03-03,PFE,-0.012999092061936116,-0.7605770853179623,1.0,3
2021-03-04,PFE,-0.01214038594338772,0.01084554899370238,1.0,3
2021-03-05,PFE,-0.012897654759086946,0.021241525887651047,1.0,3
2021-03-08,PFE,-0.012217176320387494,-0.42645997867689756,1.0,3
2021-03-09,PFE,-0.013414069439176737,-0.01073954994448667,1.0,3
2021-03-10,PFE,-0.0007254930520104825,0.4035985352425163,1.0,3
2021-03-11,PFE,-0.012059202176726782,0.7140708881190938,1.0,3
2021-03-12,PFE,-0.010142209492182074,0.8092860050266244,1.0,3
2021-03-15,PFE,-0.010762982665550976,1.266383743667179,1.0,3
2021-03-16,PFE,-0.014792157154305232,0.6545982912844516,1.0,3
2021-03-17,PFE,-0.014257083726504551,0.5475693366549677,1.0,3
2021-03-18,PFE,-0.012928373684176445,0.560929018530215,1.0,3
2021-03-19,PFE,-0.010696680447360867,1.0602709622554003,1.0,3
2021-03-22,PFE,-0.013528365993549589,0.6412244052175491,1.0,3
2021-03-23,PFE,-0.0036834090755272155,0.7496045068394146,1.0,3
2021-03-24,PFE,-0.007843382547957533,0.9680304132168709,1.0,3
2021-03-25,PFE,-0.008797539308404162,0.8879393259145112,1.0,3
2021-03-26,PFE,-0.012512234578627445,0.9818486561687134,1.0,3
2021-03-29,PFE,-0.01282141539512644,0.38507676353231113,1.0,3
2021-03-30,PFE,-0.01060087945445356,1.0198686184333918,1.0,3
2021-03-31,PFE,-0.00830706343517702,-0.03182255463123329,1.0,3
2021-04-01,PFE,-0.012481419274033232,-0.23595080076420857,1.0,3
2021-04-05,PFE,-0.007391569723796899,-0.26924051968755,1.0,3
2021-04-06,PFE,0.0001587207766803919,-1.3771193026147812,1.0,3
2021-04-07,PFE,-0.002218784366542914,-0.15490565488944208,1.0,3
2021-04-08,PFE,-0.004666679156250411,-0.5966404671196961,1.0,3
2021-04-09,PFE,-0.006028703577246407,0.32236606714670235,1.0,3
2021-04-12,PFE,-0.005883962039318482,-0.2902216581767173,1.0,3
2021-04-13,PFE,-0.0035245977276434463,-0.32858424585551277,1.0,3
2021-04-14,PFE,-0.003850653669127381,-0.2985656044343533,1.0,3
2021-04-15,PFE,-0.011772220310158005,-0.2756214513293749,1.0,3
2021-04-16,PFE,-0.009512808285297724,-0.39735570033676293,1.0,3
2021-04-19,PFE,-0.00960103478785184,0.06384033841140913,1.0,3
2021-04-20,PFE,-0.007197161121182177,0.2753218138295002,1.0,3
2021-04-21,PFE,-0.00857982620127013,0.6076057594308852,1.0,3
2021-04-22,PFE,-0.009583836441467757,-0.5106168406519516,1.0,3
2021-04-23,PFE,-0.01103918782507153,-0.32453116207118704,1.0,3
2021-04-26,PFE,-0.008521599177909286,-0.1538501316314026,1.0,3
2021-04-27,PFE,-0.006606939087218066,-0.3103548652740765,1.0,3
2021-04-28,PFE,-0.007676191118081617,-0.16941797987940965,1.0,3
2021-04-29,PFE,-0.011171946742962069,-0.2932826883645243,1.0,3
2021-04-30,PFE,-0.012146364023036314,-0.12074506653696732,1.0,3
2021-05-03,PFE,-0.0101623908763081,0.3934439663760956,1.0,3
2021-05-04,PFE,-0.010687066691190147,0.3519807063443865,1.0,3
2021-05-05,PFE,-0.010485452770163396,0.6129511036285902,1.0,3
2021-05-06,PFE,0.013028459020551452,2.4121598067631007,1.0,3
2021-05-07,PFE,0.00943495965997997,2.488606602574743,1.0,3
2021-05-10,PFE,0.011280390965781322,2.598637223506766,1.0,3
2021-05-11,PFE,0.01616402787913665,2.876153471271325,1.0,3
2021-05-12,PFE,0.014235368330398328,2.7683489856431063,1.0,3
2021-05-13,PFE,0.01454108327390784,2.4659528758717197,1.0,3
2021-05-14,PFE,0.01473614236554376,2.571681381259272,1.0,3
2021-05-17,PFE,0.013841484381310205,2.7598089138618156,1.0,3
2021-05-18,PFE,0.016205016881662006,2.6495345353984625,1.0,3
2021-05-19,PFE,0.015567911583650127,2.715424157001305,1.0,3
2021-05-20,PFE,0.014816120414461929,2.843169460394104,1.0,3
2021-05-21,PFE,0.015440574003421583,3.201625222215782,1.0,3
2021-05-24,PFE,0.019117980695996684,2.9620455695497756,1.0,3
2021-05-25,PFE,0.02279590226477649,3.0186159887922166,1.0,3
2021-05-26,PFE,0.021715929316491023,2.361099239378002,1.0,3
2021-05-27,PFE,0.021567547718379702,2.125968611172812,1.0,3
2021-05-28,PFE,0.025031853186308187,1.4445729888189642,1.0,3
2021-06-01,PFE,0.014912568876884925,0.38604897358698187,1.0,3
2021-06-02,PFE,0.016728040851744317,-0.1421308858626017,1.0,3
2021-06-03,PFE,0.016581593807680227,-0.016975000717840305,1.0,3
2021-06-04,PFE,0.01201918525357297,-0.024405006937004703,1.0,3
2021-06-07,PFE,0.014088017378770515,0.1015106992071102,1.0,3
2021-06-08,PFE,0.01708867176008446,-0.24533470406970292,1.0,3
2021-06-09,PFE,0.01370738314306639,-0.08383265872211498,1.0,3
2021-06-10,PFE,0.005260394941273099,-0.4213143730567116,1.0,3
2021-06-11,PFE,0.013459856830679892,-0.29480955299641354,1.0,3
2021-06-14,PFE,0.012799081308466118,-0.240090213556294,1.0,3
2021-06-15,PFE,0.01151707484016434,-0.35434161085140414,1.0,3
2021-06-16,PFE,0.01587733389078303,-0.3378795159871455,1.0,3
2021-06-17,PFE,0.015504716347730483,-0.13105156874854096,1.0,3
2021-06-18,PFE,0.015151338335246024,-0.3439332854788054,1.0,3
2021-06-21,PFE,0.01296681474972418,-0.5685734032576407,1.0,3
2021-06-22,PFE,0.01160230079467029,-0.3028956916978005,1.0,3
2021-06-23,PFE,0.015056944494053986,-0.17355538107878765,1.0,3
2021-06-24,PFE,0.018921796392371768,0.0029061358466305753,1.0,3
2021-06-25,PFE,0.01703588393902989,-0.13094779483817132,1.0,3
2021-06-28,PFE,0.014927890795510216,-0.31819634135947206,1.0,3
2021-06-29,PFE,0.018212520008209894,-0.09425714579383904,1.0,3
2021-06-30,PFE,0.017601089135758925,-0.03625737837294485,1.0,3
2021-01-04,PYPL,0.0017346094234206516,1.678317092750746,1.0,3
2021-01-05,PYPL,-0.007937896070025215,1.0003762090576667,1.0,3
2021-01-06,PYPL,0.0009470166558106789,1.1537673745388917,1.0,3
2021-01-07,PYPL,-0.0072759092970927156,0.9048722931723883,1.0,3
2021-01-08,PYPL,-0.016606125134118098,0.7297671061556285,1.0,3
2021-01-11,PYPL,-0.013307521645311567,0.10696056224312644,1.0,3
2021-01-12,PYPL,-0.020551689647785257,0.22356465658859093,1.0,3
2021-01-13,PYPL,-0.02058402412619273,0.23800125326571164,1.0,3
2021-01-14,PYPL,-0.015229827790879218,-0.03602907667323385,1.0,3
2021-01-15,PYPL,0.000829332929815046,0.5927557844970923,1.0,3
2021-01-19,PYPL,-0.027640843192981168,-0.538137083357211,1.0,3
2021-01-20,PYPL,-0.005686350226560395,-0.41851116799318555,1.0,3
2021-01-21,PYPL,-0.008580257864745417,-0.6792466457665018,1.0,3
2021-01-22,PYPL,-0.011254437848229637,-0.8940286747149689,1.0,3
2021-01-25,PYPL,3.662443136772493e-05,-0.6285134572117882,1.0,3
2021-01-26,PYPL,0.012181460306151071,-0.884349511187561,1.0,3
2021-01-27,PYPL,0.016206177689330345,-0.8359152621125253,1.0,3
2021-01-28,PYPL,-0.004447563523791493,-0.32672055813994805,1.0,3
2021-01-29,PYPL,0.027266252394440874,0.199899302796457,1.0,3
2021-02-01,PYPL,-0.006317339813288466,-0.6376442021828909,1.0,3
2021-02-02,PYPL,-0.01918657743966735,-0.48424460796465224,1.0,3
2021-02-03,PYPL,-0.02471836578120195,-0.5074091424913745,1.0,3
2021-02-04,PYPL,-0.022016824236791858,0.49022011990063574,1.0,3
2021-02-05,PYPL,-0.022953324520705375,0.05133004220538928,1.0,3
2021-02-08,PYPL,-0.04236426688169622,-0.14151605105216236,1.0,3
2021-02-09,PYPL,0.01195695893554309,1.03239807249442,1.0,3
2021-02-10,PYPL,0.0160143432171342,1.2530518217084847,1.0,3
2021-02-11,PYPL,-0.014493291007809857,0.677820447733654,1.0,3
2021-02-12,PYPL,-0.013524700749210725,1.468392463843829,1.0,3
2021-02-16,PYPL,-0.039479978027101924,0.628677286259042,1.0,3
2021-02-17,PYPL,-0.011725874722965228,1.297525157453137,1.0,3
2021-02-18,PYPL,-0.06145930354571687,-0.0872175845070613,1.0,3
2021-02-19,PYPL,-0.06734928767719485,-0.3636224503352461,1.0,3
2021-02-22,PYPL,-0.035434924649610906,-0.5952420920591304,1.0,3
2021-02-23,PYPL,-0.01286462432069936,-0.6799088431856106,1.0,3
2021-02-24,PYPL,-0.0377008954265937,-0.8528075426099543,1.0,3
2021-02-25,PYPL,0.004979350733256834,0.40066013571984394,1.0,3
2021-02-26,PYPL,-0.020502277471734852,-0.5430123815000163,1.0,3
2021-03-01,PYPL,-0.044572088670058505,-0.19959749514989578,1.0,3
2021-03-02,PYPL,-0.043061052336331146,-0.7985132921211635,1.0,3
2021-03-03,PYPL,-0.014024858147893948,-0.19629275975550764,1.0,3
2021-03-04,PYPL,0.03863801959946992,1.4886089462981091,1.0,3
2021-03-05,PYPL,-0.011771694064791106,-1.5260081624962152,1.0,3
2021-03-08,PYPL,0.02010371170028197,0.1624748925173214,1.0,3
2021-03-09,PYPL,0.04054526410013473,0.8382485285811537,1.0,3
2021-03-10,PYPL,0.02580904205231459,0.012564767097898666,1.0,3
2021-03-11,PYPL,0.008319619555320212,0.2268051231742868,1.0,3
2021-03-12,PYPL,0.0001468069290280397,-0.28404479506323427,1.0,3
2021-03-15,PYPL,0.0006617731350574412,-0.6692321346470634,1.0,3
2021-03-16,PYPL,-0.007610584451996029,-1.1286910592100707,1.0,3
2021-03-17,PYPL,0.05434305421950611,0.5004715724408304,1.0,3
2021-03-18,PYPL,0.049876874420882254,0.7374445421517892,1.0,3
2021-03-19,PYPL,0.05545472438331065,0.6621838981705741,1.0,3
2021-03-22,PYPL,0.07621273940527014,1.248919508828935,1.0,3
2021-03-23,PYPL,0.11963324100655069,1.271870032093783,1.0,3
2021-03-24,PYPL,0.12751248153680494,1.5297631555003937,1.0,3
2021-03-25,PYPL,0.09243706336337514,1.112576625518142,1.0,3
2021-03-26,PYPL,0.12992055359622517,1.4740267820346555,1.0,3
2021-03-29,PYPL,0.03027731782823695,0.6067767619598379,1.0,3
2021-03-30,PYPL,0.020182636607520295,-0.26028418677546517,1.0,3
2021-03-31,PYPL,0.006255965406870942,-0.9976932643098543,1.0,3
2021-04-01,PYPL,-0.023689094765354628,-1.522211029307285,1.0,3
2021-04-05,PYPL,-0.026131831541555104,-1.2423381436937535,1.0,3
2021-04-06,PYPL,-0.04064423507313939,-0.887855539037697,1.0,3
2021-04-07,PYPL,-0.03393053289773411,-1.4152271908348297,1.0,3
2021-04-08,PYPL,-0.04955561858739947,-1.1523910780929616,1.0,3
2021-04-09,PYPL,-0.03624153729833074,-1.4570141121553404,1.0,3
2021-04-12,PYPL,-0.03378317620067938,-1.1748298463835543,1.0,3
2021-04-13,PYPL,-0.04073803172458485,-0.8295724918733293,1.0,3
2021-04-14,PYPL,-0.0492135667546975,-1.458722999437863,1.0,3
2021-04-15,PYPL,-0.0664749405654519,-1.6011614773931997,1.0,3
2021-04-16,PYPL,-0.025884061864038417,-0.30250098952742477,1.0,3
2021-04-19,PYPL,-0.03333644809182838,-0.9112464673737938,1.0,3
2021-04-20,PYPL,-0.011708377442385797,-0.05098649266320984,1.0,3
2021-04-21,PYPL,-0.015844139497179117,-0.25840331007946615,1.0,3
2021-04-22,PYPL,-0.0007973734546021259,0.6070665022546875,1.0,3
2021-04-23,PYPL,-0.03550375993316785,-0.499638882193842,1.0,3
2021-04-26,PYPL,-0.04308420400310172,-0.6447574735414114,1.0,3
2021-04-27,PYPL,-0.042533420375530644,-0.5200158125009111,1.0,3
2021-04-28,PYPL,-0.04460940470448271,-0.7947973241387961,1.0,3
2021-04-29,PYPL,-0.0427135237403132,-1.3340739943768547,1.0,3
2021-04-30,PYPL,-0.02793930666636776,-0.9782917497958168,1.0,3
2021-05-03,PYPL,-0.027566721274301154,-1.6056053427437338,1.0,3
2021-05-04,PYPL,-0.004971089940255053,-0.8699189399595391,1.0,3
2021-05-05,PYPL,-0.004511596574482814,-0.9414798246688035,1.0,3
2021-05-06,PYPL,-0.009551873634086216,-1.7013216309926247,1.0,3
2021-05-07,PYPL,-0.016822810172758343,-2.1722103493787235,1.0,3
2021-05-10,PYPL,-0.012597347748471733,-1.7258320184209757,1.0,3
2021-05-11,PYPL,-0.01636284096257594,-1.5957530128400477,1.0,3
2021-05-12,PYPL,-0.012081190330559155,-1.5354081895493492,1.0,3
2021-05-13,PYPL,0.02562785105389528,0.5255961264641548,1.0,3
2021-05-14,PYPL,0.018611202471123734,0.309337916454935,1.0,3
2021-05-17,PYPL,0.003038222504050144,-0.4411560625724952,1.0,3
2021-05-18,PYPL,0.016391867060578488,0.1126508994888199,1.0,3
2021-05-19,PYPL,0.004349531582106969,-0.09081942366539797,1.0,3
2021-05-20,PYPL,-0.006565366732210644,-0.5376193445708939,1.0,3
2021-05-21,PYPL,0.0017285418906567043,-0.4236626663325589,1.0,3
2021-05-24,PYPL,-0.016508596123363032,-1.3752252940598504,1.0,3
2021-05-25,PYPL,-0.015768541544913958,-1.1509725638629014,1.0,3
2021-05-26,PYPL,-0.012195271493555633,-0.9477654807867502,1.0,3
2021-05-27,PYPL,-0.00434276799699816,-0.4689473326841988,1.0,3
2021-05-28,PYPL,-0.010636043658412525,-0.23718877355963525,1.0,3
2021-06-01,PYPL,-0.0055311148333459514,0.012745577223639892,1.0,3
2021-06-02,PYPL,-0.026660180897319318,-0.5418969227939847,1.0,3
2021-06-03,PYPL,-0.008794638527450703,-0.20257616253085137,1.0,3
2021-06-04,PYPL,-0.019160276282427932,-0.5954628123871628,1.0,3
2021-06-07,PYPL,-0.018391260109367622,-0.6069299509350502,1.0,3
2021-06-08,PYPL,-0.026708719428813005,-0.6507230014173518,1.0,3
2021-06-09,PYPL,-0.013084522854866991,-0.4288729665964973,1.0,3
2021-06-10,PYPL,-0.02285069125678501,-0.251509416208645,1.0,3
2021-06-11,PYPL,-0.03415907359931289,-0.47656729586829566,1.0,3
2021-06-14,PYPL,-0.05468049675924115,-1.0369537524021601,1.0,3
2021-06-15,PYPL,-0.049045817299004334,-0.9175650015959509,1.0,3
2021-06-16,PYPL,-0.04385162613651457,-0.845311008579172,1.0,3
2021-06-17,PYPL,-0.04807648648105412,-1.1650263896947899,1.0,3
2021-06-18,PYPL,-0.05206802839346972,-0.7875531785818762,1.0,3
2021-06-21,PYPL,-0.045500855023079205,-0.7618855567658902,1.0,3
2021-06-22,PYPL,-0.054227393634631,-0.8004627892331646,1.0,3
2021-06-23,PYPL,-0.059067506745814465,-0.9212847479650821,1.0,3
2021-06-24,PYPL,-0.057514709068199804,-1.028052793185784,1.0,3
2021-06-25,PYPL,-0.05250990246109979,-1.124766700557809,1.0,3
2021-06-28,PYPL,-0.057514709068199804,-0.8254609328107663,1.0,3
2021-06-29,PYPL,-0.050953362595764926,-0.7939028826258642,1.0,3
2021-06-30,PYPL,-0.04772230890475889,-1.004548320936429,1.0,3
2021-01-04,ZM,-0.03407624179411965,-3.789507497598664,1.0,3
2021-01-05,ZM,-0.03553845427558748,-3.639152754792407,1.0,3
2021-01-06,ZM,-0.018986225116599927,-3.5520441707058787,1.0,3
2021-01-07,ZM,-0.02407364596452936,-3.2803404784428762,1.0,3
2021-01-08,ZM,-0.029497774457701364,-3.0440415023808307,1.0,3
2021-01-11,ZM,-0.009933465365450244,-2.8302210961037555,1.0,3
2021-01-12,ZM,-0.014825241307884925,-2.3677790719879446,1.0,3
2021-01-13,ZM,-0.0229999056556449,-2.5789299744404586,1.0,3
2021-01-14,ZM,0.060150034317417445,1.326483724645495,1.0,3
2021-01-15,ZM,0.017159710656121333,0.01613333535956485,1.0,3
2021-01-19,ZM,0.06415556317060432,1.7689472519415759,1.0,3
2021-01-20,ZM,0.08912960821840964,1.3470874599087987,1.0,3
2021-01-21,ZM,0.07452705723798843,1.3878199680883256,1.0,3
2021-01-22,ZM,0.04347988895322652,-0.33814126682269463,1.0,3
2021-01-25,ZM,-0.032855825009757825,-2.0196990186240766,1.0,3
2021-01-26,ZM,0.055309792014274724,0.5268222964733074,1.0,3
2021-01-27,ZM,-0.050190283866391114,-0.894887995623373,1.0,3
2021-01-28,ZM,-0.046735362201351265,-0.7229140400274648,1.0,3
2021-01-29,ZM,-0.044764099207193896,-0.8786310345137851,1.0,3
2021-02-01,ZM,-0.042107534153441546,0.13365162964710042,1.0,3
2021-02-02,ZM,-0.054908874339294776,-1.1608822290785918,1.0,3
2021-02-03,ZM,-0.04958542455071508,-1.4443236352035793,1.0,3
2021-02-04,ZM,-0.053960588868750554,-1.1362738714425196,1.0,3
2021-02-05,ZM,-0.051907936559289936,0.2627915810603285,1.0,3
2021-02-08,ZM,-0.047798219646282204,-0.12556419438577748,1.0,3
2021-02-09,ZM,-0.08223151543572335,-0.3217185364950268,1.0,3
2021-02-10,ZM,-0.05770583531306613,-0.34384982456700497,1.0,3
2021-02-11,ZM,-0.0723806524531094,-1.2825124139327535,1.0,3
2021-02-12,ZM,-0.07228710388006834,-2.0920737734991603,1.0,3
2021-02-16,ZM,-0.07942972347485476,-1.9235209429498563,1.0,3
2021-02-17,ZM,-0.058980608116862544,-2.5334984936349545,1.0,3
2021-02-18,ZM,-0.05627238418060422,-1.2489906499478831,1.0,3
2021-02-19,ZM,-0.058838140126984795,-0.9527563233652966,1.0,3
2021-02-22,ZM,-0.03405655356616028,-1.423510863265885,1.0,3
2021-02-23,ZM,0.0015899933499895266,-0.4618985028698481,1.0,3
2021-02-24,ZM,-0.028377681844909883,-1.19336328142229,1.0,3
2021-02-25,ZM,0.008523671527393074,-0.4856025396398142,1.0,3
2021-02-26,ZM,-0.0016322628812959765,-0.9181926641546008,1.0,3
2021-03-01,ZM,0.07699973731267774,2.77950061574389,1.0,3
2021-03-02,ZM,0.0333239414287676,0.907091820572262,1.0,3
2021-03-03,ZM,-0.011856971509375216,-2.3824614951571057,1.0,3
2021-03-04,ZM,-0.030535703977167043,-2.5992785102584173,1.0,3
2021-03-05,ZM,-0.026822676418944667,-2.715358478068766,1.0,3
2021-03-08,ZM,-0.010631275954726772,-3.053853895624294,1.0,3
2021-03-09,ZM,0.009603387570769485,-0.985348715850527,1.0,3
2021-03-10,ZM,-0.03233924238025266,-3.74834796988588,1.0,3
2021-03-11,ZM,-0.06409465862508758,-3.68594901309454,1.0,3
2021-03-12,ZM,-0.04083045056316231,-3.7090062956876038,1.0,3
2021-03-15,ZM,-0.07781554686885513,-3.9107246734059284,1.0,3
2021-03-16,ZM,-0.03371702243501095,-3.3469907209648317,1.0,3
2021-03-17,ZM,-0.06781460429906357,-3.799198209639518,1.0,3
2021-03-18,ZM,-0.022093831856342994,-2.7940727439333797,1.0,3
2021-03-19,ZM,-0.06100579932891023,-3.4401850085772407,1.0,3
2021-03-22,ZM,-0.048129105704278,-3.1901642487402393,1.0,3
2021-03-23,ZM,-0.04678385926987879,-3.0993544413048415,1.0,3
2021-03-24,ZM,-0.04133547665618784,-2.9257905444425654,1.0,3
2021-03-25,ZM,-0.0684693051009711,-3.7442546672506554,1.0,3
2021-03-26,ZM,-0.07024806710095227,-3.3022932001031204,1.0,3
2021-03-29,ZM,-0.0236164143883261,-3.69248810296759,1.0,3
2021-03-30,ZM,-0.048031068782926636,-3.9383985555858994,1.0,3
2021-03-31,ZM,0.01712575481370969,-0.2616526228213063,1.0,3
2021-04-01,ZM,0.017880153245733846,-0.46556508642222805,1.0,3
2021-04-05,ZM,0.043627773276094337,-0.01526346904366882,1.0,3
2021-04-06,ZM,0.08169124714254611,1.2572479743043088,1.0,3
2021-04-07,ZM,-0.03570401390159731,-3.7527870345857712,1.0,3
2021-04-08,ZM,-0.04708504433805139,-3.367132373939526,1.0,3
2021-04-09,ZM,-0.03557042605647208,-3.8281635442248585,1.0,3
2021-04-12,ZM,-0.03265913615056837,-3.3251472792833403,1.0,3
2021-04-13,ZM,-0.04554143779532379,-3.0811077388152937,1.0,3
2021-04-14,ZM,-0.03514610791476148,-2.6636657799232157,1.0,3
2021-04-15,ZM,-0.04117550195519351,-2.261322597410122,1.0,3
2021-04-16,ZM,-0.05853191612127801,-3.0550223937703547,1.0,3
2021-04-19,ZM,-0.036613804948618,-2.8929770777740558,1.0,3
2021-04-20,ZM,-0.0317884594279685,-2.983250434233848,1.0,3
2021-04-21,ZM,-0.038661327826384095,-3.5586132689589416,1.0,3
2021-04-22,ZM,-0.050483499539337826,-3.2116597123243733,1.0,3
2021-04-23,ZM,-0.06230541527528462,-2.4479188853627125,1.0,3
2021-04-26,ZM,-0.06946295259857216,-2.4939255558715385,1.0,3
2021-04-27,ZM,-0.0641878098444427,-2.0515660465035332,1.0,3
2021-04-28,ZM,-0.05555577314213572,-2.3064834977730286,1.0,3
2021-04-29,ZM,-0.031025267380410535,-2.0972263291898727,1.0,3
2021-04-30,ZM,-0.03021537320616572,-2.2652144964732726,1.0,3
2021-05-03,ZM,-0.011267458529128386,-1.514561783108101,1.0,3
2021-05-04,ZM,-0.010564830712801428,-2.26587361055826,1.0,3
2021-05-05,ZM,-0.009187266661479787,-1.9676217570682681,1.0,3
2021-05-06,ZM,-0.008651196417513147,-2.5301202789152306,1.0,3
2021-05-07,ZM,-0.01178298623909256,-2.153262007030499,1.0,3
2021-05-10,ZM,-0.01232726796599367,-1.8281199430435016,1.0,3
2021-05-11,ZM,-0.016765095829289804,-2.016834722256663,1.0,3
2021-05-12,ZM,-0.009356299337571348,-1.624607921187864,1.0,3
2021-05-13,ZM,-0.013242851666217775,-2.045162402747871,1.0,3
2021-05-14,ZM,-0.040102037736019114,-2.15226330766645,1.0,3
2021-05-17,ZM,-0.04175935465078908,-1.9758268619907335,1.0,3
2021-05-18,ZM,-0.041474334164525,-1.6061066868038085,1.0,3
2021-05-19,ZM,-0.04362925245168095,-1.9101075174575608,1.0,3
2021-05-20,ZM,-0.04523126389909585,-2.0990076429951254,1.0,3
2021-05-21,ZM,-0.04025831721689358,-2.990475272736379,1.0,3
2021-05-24,ZM,-0.0543196325656951,-2.9544565514843093,1.0,3
2021-05-25,ZM,-0.044322449343455916,-2.679475313318611,1.0,3
2021-05-26,ZM,-0.056152063924516604,-2.3226308950591723,1.0,3
2021-05-27,ZM,-0.05415559316601582,-1.2914181917735423,1.0,3
2021-05-28,ZM,-0.07859533426433955,-1.5313110156506926,1.0,3
2021-06-01,ZM,-0.061170282703027504,-1.4948868787145693,1.0,3
2021-06-02,ZM,-0.06663644661615487,-1.5128120845665358,1.0,3
2021-06-03,ZM,-0.05019851608922144,-1.4833678793470428,1.0,3
2021-06-04,ZM,-0.0649551872032084,-0.9839465608386808,1.0,3
2021-06-07,ZM,-0.06932511906684341,-0.9392770146956979,1.0,3
2021-06-08,ZM,-0.06720895538841351,-0.9634962260308482,1.0,3
2021-06-09,ZM,-0.06316107225670252,-1.6868623151599356,1.0,3
2021-06-10,ZM,-0.07156565383641947,-1.1784467902533142,1.0,3
2021-06-11,ZM,-0.09322893124124941,-0.9007151634953312,1.0,3
2021-06-14,ZM,-0.0712969523574853,-0.7600112267776717,1.0,3
2021-06-15,ZM,-0.06716644893879303,-0.9424598505123564,1.0,3
2021-06-16,ZM,-0.07248799124450195,-1.1870233999333184,1.0,3
2021-06-17,ZM,-0.04836903422060643,-0.5423370559635031,1.0,3
2021-06-18,ZM,-0.06741393437266628,-0.9991623875948127,1.0,3
2021-06-21,ZM,-0.054427301485653244,-0.5865880504406988,1.0,3
2021-06-22,ZM,-0.06610598119161151,-0.5130160261761758,1.0,3
2021-06-23,ZM,-0.07223551199470983,-0.5845176913313037,1.0,3
2021-06-24,ZM,-0.05540261256580428,-0.6456014978755013,1.0,3
2021-06-25,ZM,-0.0519484744487132,-0.7830117189600094,1.0,3
2021-06-28,ZM,-0.07703651759685795,-0.8091682738991908,1.0,3
2021-06-29,ZM,-0.07389840727621595,-0.5628399512217115,1.0,3
2021-06-30,ZM,-0.053425714350731277,-0.237288887801117,1.0,3
2021-07-01,AAPL,0.006373877196267697,0.19452797332740931,0.0,4
2021-07-02,AAPL,-0.002256308127744472,0.3968947344389776,0.0,4
2021-07-06,AAPL,-0.0022046876190673034,0.4314456296341662,0.0,4
2021-07-07,AAPL,-0.0035594390601741428,0.6491866911747506,0.0,4
2021-07-08,AAPL,-0.004308552879744126,0.5747700988495236,0.0,4
2021-07-09,AAPL,-0.003081412683306477,1.0668527070746818,0.0,4
2021-07-12,AAPL,0.0029978618187892774,1.0277543823634356,0.0,4
2021-07-13,AAPL,0.00512813002423019,1.061504463310265,0.0,4
2021-07-14,AAPL,0.0029619324048702177,1.422834566938806,0.0,4
2021-07-15,AAPL,-0.0022951721943449185,1.5790422453852777,0.0,4
2021-07-16,AAPL,0.0008316077470645949,1.6350443639196657,0.0,4
2021-07-19,AAPL,0.002305951685154146,1.5340313522156077,0.0,4
2021-07-20,AAPL,-0.0010231097112259292,1.7268851145953454,0.0,4
2021-07-21,AAPL,-0.0008451853659490157,1.3589718868094562,0.0,4
2021-07-22,AAPL,-0.0010084933489405256,1.3720253169428573,0.0,4
2021-07-23,AAPL,0.0008454880766442757,1.2327261701528265,0.0,4
2021-07-26,AAPL,3.658225603735452e-05,1.2564724994662049,0.0,4
2021-07-27,AAPL,0.002177687260464762,1.0237737957050463,0.0,4
2021-07-28,AAPL,0.012285891718404884,0.49087810740437754,0.0,4
2021-07-29,AAPL,0.01252950755958636,0.5433500766065813,0.0,4
2021-07-30,AAPL,0.010925049998047122,0.7950871650677562,0.0,4
2021-08-02,AAPL,0.012204748523277652,0.5700770021502235,0.0,4
2021-08-03,AAPL,0.010822535193797111,0.4120511571122865,0.0,4
2021-08-04,AAPL,0.010350091206477475,0.10440972073354182,0.0,4
2021-08-05,AAPL,0.020708675732479913,0.02488964412081171,0.0,4
2021-08-06,AAPL,0.020052197921900477,-0.019883369521762853,0.0,4
2021-08-09,AAPL,0.020754369556812174,0.05274944009407768,0.0,4
2021-08-10,AAPL,0.021281271357261367,-0.05452860099343232,0.0,4
2021-08-11,AAPL,0.019286914648173014,-0.24325374317381437,0.0,4
2021-08-12,AAPL,0.01916478069795976,-0.17608530973638153,0.0,4
2021-08-13,AAPL,0.020164085015376136,-0.12798485438746252,0.0,4
2021-08-16,AAPL,0.019653080566300624,0.22878653079329128,0.0,4
2021-08-17,AAPL,0.02098163355327872,0.07410340132436363,0.0,4
2021-08-18,AAPL,0.019208369498061525,0.10023595309190829,0.0,4
2021-08-19,AAPL,0.020002504187561776,0.09441257920254155,0.0,4
2021-08-20,AAPL,0.022444780392781395,-0.026655873544255027,0.0,4
2021-08-23,AAPL,0.019278768701574304,-0.08149002510588026,0.0,4
2021-08-24,AAPL,0.021986925184252572,-0.0513454855300983,0.0,4
2021-08-25,AAPL,0.019705166021972396,0.12212428158558161,0.0,4
2021-08-26,AAPL,0.02043873550021764,0.046877933077270374,0.0,4
2021-08-27,AAPL,0.021317008531578797,-0.21530544216733166,0.0,4
2021-08-30,AAPL,0.01982623848269921,0.10401955295880841,0.0,4
2021-08-31,AAPL,0.01987124528753036,0.1469883807300085,0.0,4
2021-09-01,AAPL,0.030280195802696013,0.25266598668038814,0.0,4
2021-09-02,AAPL,0.03011199539414374,0.4040300095489335,0.0,4
2021-09-03,AAPL,0.031232187853837617,0.39275383706575395,0.0,4
2021-09-07,AAPL,0.029892481771177617,0.5469823637042129,0.0,4
2021-09-08,AAPL,0.02257965927206029,0.5262726188508867,0.0,4
2021-09-09,AAPL,0.02280011758481949,0.44202502483104594,0.0,4
2021-09-10,AAPL,0.029234189018208304,-0.0854492322222176,0.0,4
2021-09-13,AAPL,0.02364222321616727,0.0574822479041754,0.0,4
2021-09-14,AAPL,0.016622657011955085,-0.15901701180371414,0.0,4
2021-09-15,AAPL,0.02004124985129377,-0.17802383285705806,0.0,4
2021-09-16,AAPL,0.024919847637786402,-0.06009560820175163,0.0,4
2021-09-17,AAPL,0.019706337563772377,-0.13595734990040637,0.0,4
2021-09-20,AAPL,0.015278908378804834,-0.11876034703576942,0.0,4
2021-09-21,AAPL,0.019134856490192812,0.08823230926886051,0.0,4
2021-09-22,AAPL,0.014370311202420721,0.16624095060369123,0.0,4
2021-09-23,AAPL,0.016253547863738334,0.21513920288247498,0.0,4
2021-09-24,AAPL,0.019611097406195717,0.2465672740585664,0.0,4
2021-09-27,AAPL,0.019579826716477216,0.2715018496020952,0.0,4
2021-09-28,AAPL,0.017717775697576304,0.122281172186012,0.0,4
2021-09-29,AAPL,0.014370214648087314,0.25110150996104547,0.0,4
2021-09-30,AAPL,0.014452440360830723,-0.1362745577795299,0.0,4
2021-10-01,AAPL,0.009546339510629054,-0.4311570915622334,0.0,4
2021-10-04,AAPL,0.010352028603542056,-0.25099476074500005,0.0,4
2021-10-05,AAPL,0.0018489504732537335,-0.4426032381273557,0.0,4
2021-10-06,AAPL,0.0018961671524208538,-0.42963438759485506,0.0,4
2021-10-07,AAPL,0.005403619031400726,-0.377928187686776,0.0,4
2021-10-08,AAPL,0.009347318957467904,0.2682665175403248,0.0,4
2021-10-11,AAPL,0.008877587884646373,0.3112266437355555,0.0,4
2021-10-12,AAPL,0.00573519118183412,0.6157019002067925,0.0,4
2021-10-13,AAPL,0.007795903581931736,0.1361288834406622,0.0,4
2021-10-14,AAPL,0.0025660263895850815,0.05330814846827198,0.0,4
2021-10-15,AAPL,0.00620437403564905,0.3230303280390668,0.0,4
2021-10-18,AAPL,0.007608330362581823,0.3232784103563965,0.0,4
2021-10-19,AAPL,0.009801377163411673,0.5110987654970179,0.0,4
2021-10-20,AAPL,0.009459789224411198,0.7175613934686237,0.0,4
2021-10-21,AAPL,0.01043422787680806,0.4728452240043043,0.0,4
2021-10-22,AAPL,0.009878016055079514,0.616339369103315,0.0,4
2021-10-25,AAPL,0.01887992530144371,0.5529336422387447,0.0,4
2021-10-26,AAPL,0.010146770268717712,0.23797582715507234,0.0,4
2021-10-27,AAPL,0.019170782653775347,0.047800776128164614,0.0,4
2021-10-28,AAPL,0.018487193843657358,0.28590953198586616,0.0,4
2021-10-29,AAPL,0.010511830742759586,0.07746411623717289,0.0,4
2021-11-01,AAPL,0.018710217988017436,0.038408043594654044,0.0,4
2021-11-02,AAPL,0.018475348480001454,-0.006887931784626363,0.0,4
2021-11-03,AAPL,0.018572467333357646,0.007836960882643115,0.0,4
2021-11-04,AAPL,0.017730529371462928,-0.13254445429794742,0.0,4
2021-11-05,AAPL,0.029481178711375816,-0.1681708313076305,0.0,4
2021-11-08,AAPL,0.029000457300815186,-0.2631970176295235,0.0,4
2021-11-09,AAPL,0.030282109581266106,-0.14012048790735104,0.0,4
2021-11-10,AAPL,0.02868903334346372,-0.0967783205739745,0.0,4
2021-11-11,AAPL,0.03093577282770595,-0.11299101293982293,0.0,4
2021-11-12,AAPL,0.031124329423251565,-0.10159433628701124,0.0,4
2021-11-15,AAPL,0.03181836568563137,-0.13878044456257185,0.0,4
2021-11-16,AAPL,0.030811881722544277,-0.1707070864021902,0.0,4
2021-11-17,AAPL,0.020213909214081092,-0.10139653955156464,0.0,4
2021-11-18,AAPL,0.0193923086499713,-0.01626491778075232,0.0,4
2021-11-19,AAPL,0.032275544971203475,-0.002197918083636547,0.0,4
2021-11-22,AAPL,0.03214125276860344,0.13123362212921727,0.0,4
2021-11-23,AAPL,0.03214125276860344,0.2896767170154617,0.0,4
2021-11-24,AAPL,0.03187563128972552,0.2961982152081927,0.0,4
2021-11-26,AAPL,0.04191242665991136,0.05943146048227518,0.0,4
2021-11-29,AAPL,0.039569421623799034,0.24961111708765985,0.0,4
2021-11-30,AAPL,0.035088880022731424,0.49932292216108726,0.0,4
2021-12-01,AAPL,0.03331100148102933,0.606621514754878,0.0,4
2021-12-02,AAPL,0.03433385850540187,0.5268491918106372,0.0,4
2021-12-03,AAPL,0.035017441770074216,0.6725599573870272,0.0,4
2021-12-06,AAPL,0.03299371092962966,1.1366213387131112,0.0,4
2021-12-07,AAPL,0.014091056177673844,1.242107861736998,0.0,4
2021-12-08,AAPL,0.011232555001544381,1.4692177320815876,0.0,4
2021-12-09,AAPL,0.00672343649213988,1.5949560917044499,0.0,4
2021-12-10,AAPL,-0.027762388435148094,1.7792885105451037,0.0,4
2021-12-13,AAPL,-0.006230375526060145,1.5411652026969753,0.0,4
2021-12-14,AAPL,-0.0022702547928289923,1.4569238064897618,0.0,4
2021-12-15,AAPL,-0.0030283825571809065,1.323998392386534,0.0,4
2021-12-16,AAPL,-0.003462536499548478,1.0207752659092295,0.0,4
2021-12-17,AAPL,-0.01522626881219372,1.0914120549976758,0.0,4
2021-12-20,AAPL,-0.009447113459359361,0.8192257466925781,0.0,4
2021-12-21,AAPL,-0.005229612968735681,0.9429891293103128,0.0,4
2021-12-22,AAPL,-0.016195977632674483,0.9736959950433499,0.0,4
2021-12-23,AAPL,-0.01371807942197146,1.0296503819235785,0.0,4
2021-12-27,AAPL,-0.01966901421221645,1.4824595796153741,0.0,4
2021-12-28,AAPL,-0.00791607338612368,1.3316143524008637,0.0,4
2021-12-29,AAPL,-0.005231498601965523,1.056853620416055,0.0,4
2021-12-30,AAPL,0.00041456809235635643,1.0694113453263632,0.0,4
2021-12-31,AAPL,0.003568274170674589,1.147060936439101,0.0,4
2021-07-01,AMZN,0.013397471223738164,-0.2683415171612597,0.0,4
2021-07-02,AMZN,-8.8046330611908e-05,0.11873046096278109,0.0,4
2021-07-06,AMZN,-0.004713277052086068,0.7366191092068118,0.0,4
2021-07-07,AMZN,-0.002852280251852042,0.5248154426319489,0.0,4
2021-07-08,AMZN,-0.002103594125304786,0.7243150490726158,0.0,4
2021-07-09,AMZN,0.0008255330241478131,0.47886644333173295,0.0,4
2021-07-12,AMZN,-0.004062039430186251,0.6470450838377734,0.0,4
2021-07-13,AMZN,0.010349991451503957,0.4876427094039742,0.0,4
2021-07-14,AMZN,0.012799300084617922,0.3688760800631416,0.0,4
2021-07-15,AMZN,0.026536381811603553,0.14760093944599362,0.0,4
2021-07-16,AMZN,0.028161287401653783,-0.049847297640941805,0.0,4
2021-07-19,AMZN,0.027200403017858543,-0.16198796253515058,0.0,4
2021-07-20,AMZN,0.021669052771565073,0.04071053918385245,0.0,4
2021-07-21,AMZN,0.021972651858602303,-0.19313345311573563,0.0,4
2021-07-22,AMZN,0.01524784502470065,-0.10271016500956656,0.0,4
2021-07-23,AMZN,0.015359951975636573,0.299854086508271,0.0,4
2021-07-26,AMZN,-0.00471333060598653,0.621995672707742,0.0,4
2021-07-27,AMZN,0.011215231291093392,0.45730767287464097,0.0,4
2021-07-28,AMZN,0.010460022853757535,0.3342023474234298,0.0,4
2021-07-29,AMZN,0.009788902575952482,0.2474304191082422,0.0,4
2021-07-30,AMZN,0.02373305129989229,-0.7410414890877921,0.0,4
2021-08-02,AMZN,0.029262047125105717,-0.8335224923257559,0.0,4
2021-08-03,AMZN,0.03401921994499767,-1.0326619059909152,0.0,4
2021-08-04,AMZN,0.03532990829588081,-1.3389096807256031,0.0,4
2021-08-05,AMZN,0.022974091437110326,-1.609411682001518,0.0,4
2021-08-06,AMZN,0.01837301279720611,-1.4682722889538045,0.0,4
2021-08-09,AMZN,0.02052470249369286,-1.332451437290308,0.0,4
2021-08-10,AMZN,0.027140320675601397,-1.0579685113783484,0.0,4
2021-08-11,AMZN,0.026952680127154335,-1.295114949003271,0.0,4
2021-08-12,AMZN,0.024305881233602986,-1.2919991900679906,0.0,4
2021-08-13,AMZN,0.022522897041181805,-1.1849494594786532,0.0,4
2021-08-16,AMZN,0.01927536576158467,-1.1939083218880862,0.0,4
2021-08-17,AMZN,0.02376859751797882,-1.1115916041617475,0.0,4
2021-08-18,AMZN,0.022522897041181805,-1.0540264743279995,0.0,4
2021-08-19,AMZN,0.028618160365661314,-1.1821287239776845,0.0,4
2021-08-20,AMZN,0.018454677636556647,-1.3224801065639966,0.0,4
2021-08-23,AMZN,0.004088473855738327,-1.2167539865594657,0.0,4
2021-08-24,AMZN,-0.00899480855968807,-1.2637476376781676,0.0,4
2021-08-25,AMZN,-0.01378765770393972,-1.2590419603162226,0.0,4
2021-08-26,AMZN,-0.017079830305255426,-1.1269006241475161,0.0,4
2021-08-27,AMZN,-0.013304557854325548,-0.40804712050718334,0.0,4
2021-08-30,AMZN,-0.017093504729567728,-0.3284617257456991,0.0,4
2021-08-31,AMZN,-0.017114451039437446,0.13872147294763998,0.0,4
2021-09-01,AMZN,-0.0054532735141950665,0.2315829954336784,0.0,4
2021-09-02,AMZN,-0.004985720910269391,0.20295933558295576,0.0,4
2021-09-03,AMZN,-0.0029956343823565584,0.22594550853050882,0.0,4
2021-09-07,AMZN,-0.012920491632323111,0.3119665946667432,0.0,4
2021-09-08,AMZN,-0.012199441196409644,0.4883219262680085,0.0,4
2021-09-09,AMZN,-0.010950326175986595,0.46662182450281714,0.0,4
2021-09-10,AMZN,-7.024298344070571e-05,0.5351962920055267,0.0,4
2021-09-13,AMZN,0.003539690057540712,0.6213674403831658,0.0,4
2021-09-14,AMZN,0.02199938532728667,0.5885545772313107,0.0,4
2021-09-15,AMZN,0.01823900875757174,0.5982595792748686,0.0,4
2021-09-16,AMZN,0.004941731414387233,0.6410153124857633,0.0,4
2021-09-17,AMZN,0.01576505197269066,1.0118388472582232,0.0,4
2021-09-20,AMZN,0.006089991110642864,1.1513922823138387,0.0,4
2021-09-21,AMZN,0.011211934693149609,1.1054490665542702,0.0,4
2021-09-22,AMZN,0.006819973149859077,0.9141968067840595,0.0,4
2021-09-23,AMZN,0.010284021245787704,0.9125349466346736,0.0,4
2021-09-24,AMZN,0.010649177678745037,0.755447351254056,0.0,4
2021-09-27,AMZN,0.01256205315389478,0.863362361223803,0.0,4
2021-09-28,AMZN,0.01213637668319635,0.7412381439290036,0.0,4
2021-09-29,AMZN,0.011494152115192797,0.5958624587786298,0.0,4
2021-09-30,AMZN,0.011494152115192797,0.4763877046029739,0.0,4
2021-10-01,AMZN,0.01233350427158989,0.24852009805505776,0.0,4
2021-10-04,AMZN,0.011844377194993577,0.11817200510736224,0.0,4
2021-10-05,AMZN,0.009856738040460885,-0.05052063779481193,0.0,4
2021-10-06,AMZN,0.0038346303755886833,-0.19700760209836748,0.0,4
2021-10-07,AMZN,-0.0024780135961815753,0.0321613063017133,0.0,4
2021-10-08,AMZN,-0.0016909592729821665,0.038787282621695326,0.0,4
2021-10-11,AMZN,-0.0006946171151916091,-0.13528514739585656,0.0,4
2021-10-12,AMZN,-0.0005376701656004323,0.018277216654349716,0.0,4
2021-10-13,AMZN,4.280456006633682e-05,0.1027122936321647,0.0,4
2021-10-14,AMZN,-0.003874881233125207,-0.9489040455356061,0.0,4
2021-10-15,AMZN,-0.015277767553274986,0.08310856818233657,0.0,4
2021-10-18,AMZN,-0.018120090194407336,0.37380748381374523,0.0,4
2021-10-19,AMZN,-0.014585089539437029,0.27470472176936006,0.0,4
2021-10-20,AMZN,-0.010516958232935893,0.24967805281984876,0.0,4
2021-10-21,AMZN,-0.013014257834920736,0.22539436070756294,0.0,4
2021-10-22,AMZN,-0.007630225423482301,-0.05764284854668932,0.0,4
2021-10-25,AMZN,-0.004813407129513636,-0.26046813409170033,0.0,4
2021-10-26,AMZN,-0.011562018306049365,-0.1484466141156955,0.0,4
2021-10-27,AMZN,-0.002379225200482764,-0.09984678344625166,0.0,4
2021-10-28,AMZN,-0.0011592627872858922,-0.0050615391732729215,0.0,4
2021-10-29,AMZN,-0.011723763042254977,-0.1340279054361978,0.0,4
2021-11-01,AMZN,-0.009346606073111467,-0.21425570804031033,0.0,4
2021-11-02,AMZN,-0.009403442532358952,-0.29687507257622053,0.0,4
2021-11-03,AMZN,-0.0068559492563203565,-0.24004649052026839,0.0,4
2021-11-04,AMZN,-0.01525994927247788,-0.13691724312955383,0.0,4
2021-11-05,AMZN,-0.010842386481528276,-0.10477737534023983,0.0,4
2021-11-08,AMZN,0.0072183035539375206,-0.14452213283665968,0.0,4
2021-11-09,AMZN,-0.00513114557300843,0.048577116943268044,0.0,4
2021-11-10,AMZN,0.01277109081848684,-0.044037713633272475,0.0,4
2021-11-11,AMZN,0.00893801274609981,0.009751087065167613,0.0,4
2021-11-12,AMZN,0.01144555841143542,-0.11884805321921436,0.0,4
2021-11-15,AMZN,0.018503445880789626,-0.11622123478238415,0.0,4
2021-11-16,AMZN,0.026788162854995873,-0.09924738088877143,0.0,4
2021-11-17,AMZN,0.01253983091838202,-0.040740248514027806,0.0,4
2021-11-18,AMZN,0.005878857044737832,0.09016954386789361,0.0,4
2021-11-19,AMZN,0.005559917606708394,0.1132703165128186,0.0,4
2021-11-22,AMZN,0.02158352883662628,0.08069436049695529,0.0,4
2021-11-23,AMZN,0.017656464849729037,0.16313591618437318,0.0,4
2021-11-24,AMZN,0.01834307256426763,0.10255563288819147,0.0,4
2021-11-26,AMZN,0.03214626917029064,-0.01552604012050286,0.0,4
2021-11-29,AMZN,0.022475306079361754,0.15755540509259958,0.0,4
2021-11-30,AMZN,0.02327466392836258,0.18399660805901122,0.0,4
2021-12-01,AMZN,0.029695707058662243,0.24999783427196792,0.0,4
2021-12-02,AMZN,0.027319155616366695,0.1342032805349663,0.0,4
2021-12-03,AMZN,0.021836589473290566,0.06916617670554137,0.0,4
2021-12-06,AMZN,0.021274526217984424,0.15888543303299005,0.0,4
2021-12-07,AMZN,0.021865434756553285,0.2244607578167438,0.0,4
2021-12-08,AMZN,0.02242080401384397,-0.12510941471997397,0.0,4
2021-12-09,AMZN,0.02599330812097907,0.023272095756471538,0.0,4
2021-12-10,AMZN,0.026755829548311245,-0.049839835234090114,0.0,4
2021-12-13,AMZN,0.028036909086510006,-0.10022528741535518,0.0,4
2021-12-14,AMZN,0.034276412328830094,-0.08125305528093539,0.0,4
2021-12-15,AMZN,0.02481999999889201,-0.08030078159129017,0.0,4
2021-12-16,AMZN,0.02487463704813693,-0.18513825079790938,0.0,4
2021-12-17,AMZN,0.025456850520556542,-0.3810918534634665,0.0,4
2021-12-20,AMZN,0.024631264744874756,-0.40793802609666485,0.0,4
2021-12-21,AMZN,0.021871780132626976,-0.3406502815381996,0.0,4
2021-12-22,AMZN,0.009984614965677817,-0.74939862153393,0.0,4
2021-12-23,AMZN,0.00830516769610507,-0.6646271423580684,0.0,4
2021-12-27,AMZN,0.01337667422225166,-0.6526359831624066,0.0,4
2021-12-28,AMZN,0.013734349293992467,-0.4737332765235342,0.0,4
2021-12-29,AMZN,0.008036877621553544,-0.5367876897057372,0.0,4
2021-12-30,AMZN,0.00520854749070411,-0.8929945836220617,0.0,4
2021-12-31,AMZN,0.005646377323737918,-0.7119706279327582,0.0,4
2021-07-01,GOOGL,0.019999874415972882,-0.7320007043517779,0.0,4
2021-07-02,GOOGL,0.01663100197335736,-0.6874819279437238,0.0,4
2021-07-06,GOOGL,0.016974680081551955,-0.676028744609358,0.0,4
2021-07-07,GOOGL,0.012248476896567178,-0.6575407277330537,0.0,4
2021-07-08,GOOGL,0.01683168577710706,-0.6796917557698465,0.0,4
2021-07-09,GOOGL,0.01644113927017253,-0.6807432086518629,0.0,4
2021-07-12,GOOGL,0.01666159758293172,-0.41894285894048316,0.0,4
2021-07-13,GOOGL,0.016655766007414047,-0.42312443279461204,0.0,4
2021-07-14,GOOGL,0.0165655142620049,-0.17461427535318472,0.0,4
2021-07-15,GOOGL,0.01683168577710706,-0.06683752323783126,0.0,4
2021-07-16,GOOGL,0.01297099753223215,0.31485776501236645,0.0,4
2021-07-19,GOOGL,0.01845827535237093,0.27876982264458416,0.0,4
2021-07-20,GOOGL,0.015406074939133926,0.07859708645555497,0.0,4
2021-07-21,GOOGL,0.01572060668966312,0.3013325724411124,0.0,4
2021-07-22,GOOGL,0.010321530676720146,0.22439319707028413,0.0,4
2021-07-23,GOOGL,0.005784580965347107,0.7482473047069613,0.0,4
2021-07-26,GOOGL,0.006779921286453132,0.7500022237391881,0.0,4
2021-07-27,GOOGL,0.007075915054917142,0.8262547789284272,0.0,4
2021-07-28,GOOGL,0.005690241584639458,1.2228425588272962,0.0,4
2021-07-29,GOOGL,-0.003725211314828588,1.3949089125494911,0.0,4
2021-07-30,GOOGL,-0.0010951013744186302,1.4164598746555237,0.0,4
2021-08-02,GOOGL,0.000741852622796322,1.140047405093361,0.0,4
2021-08-03,GOOGL,0.00027414947972333794,0.8533849412426746,0.0,4
2021-08-04,GOOGL,0.0013913830242493611,0.7925774253143907,0.0,4
2021-08-05,GOOGL,0.0001856095662066912,0.8688549678965551,0.0,4
2021-08-06,GOOGL,-0.0014161814035584268,0.9452854215861984,0.0,4
2021-08-09,GOOGL,-0.00022227857108868225,0.852908790645584,0.0,4
2021-08-10,GOOGL,-0.0009098057636525896,0.6923965315128278,0.0,4
2021-08-11,GOOGL,-0.000921381814281298,0.7849629879788557,0.0,4
2021-08-12,GOOGL,-0.0007198581945052332,0.7208286518164664,0.0,4
2021-08-13,GOOGL,-0.0011158535610545721,0.5675949040364943,0.0,4
2021-08-16,GOOGL,-0.0014289360596748076,0.7395893073443665,0.0,4
2021-08-17,GOOGL,0.0027228893978654242,0.5958493542380241,0.0,4
2021-08-18,GOOGL,0.002717228846695847,0.6394978884727555,0.0,4
2021-08-19,GOOGL,0.004314268302970726,0.6651815141679854,0.0,4
2021-08-20,GOOGL,0.0023396724305611294,0.33087014534408415,0.0,4
2021-08-23,GOOGL,0.0004429872838053683,0.27182304331812307,0.0,4
2021-08-24,GOOGL,-4.326308084771286e-05,0.5033150869402059,0.0,4
2021-08-25,GOOGL,-0.003773618473799762,0.34977690740277795,0.0,4
2021-08-26,GOOGL,-0.00368575219884605,0.3878966006661018,0.0,4
2021-08-27,GOOGL,-0.0030117963145810177,0.4683103424604569,0.0,4
2021-08-30,GOOGL,-0.001441845061465166,0.40127795814402983,0.0,4
2021-08-31,GOOGL,0.0008310775612870621,0.4999954421550165,0.0,4
2021-09-01,GOOGL,0.011188529586433146,0.5698958938693888,0.0,4
2021-09-02,GOOGL,0.007299711978782126,0.4554430535100418,0.0,4
2021-09-03,GOOGL,0.010086099340734851,0.4250674823969677,0.0,4
2021-09-07,GOOGL,-0.00017813931798058518,0.35082775664265275,0.0,4
2021-09-08,GOOGL,0.001411457422628114,0.36973535041394334,0.0,4
2021-09-09,GOOGL,-0.000685050878501703,0.4060332384262262,0.0,4
2021-09-10,GOOGL,0.010309454243901464,0.24360744669253856,0.0,4
2021-09-13,GOOGL,0.010742478985920746,0.42612611606370066,0.0,4
2021-09-14,GOOGL,0.01141297676888481,0.4159183639531749,0.0,4
2021-09-15,GOOGL,0.012123673252365987,0.44966444337902994,0.0,4
2021-09-16,GOOGL,0.013599715367694611,0.3587907108307682,0.0,4
2021-09-17,GOOGL,0.01051367122890394,0.39762852124484377,0.0,4
2021-09-20,GOOGL,0.004368270732343628,0.5579862109896503,0.0,4
2021-09-21,GOOGL,0.002333489593232325,0.6257299477043721,0.0,4
2021-09-22,GOOGL,0.004696333291207466,0.45299322640088446,0.0,4
2021-09-23,GOOGL,0.009384915085128617,0.27979208441991843,0.0,4
2021-09-24,GOOGL,0.012328924952546616,0.37884589295975435,0.0,4
2021-09-27,GOOGL,0.00954375976335323,0.29264473617400477,0.0,4
2021-09-28,GOOGL,0.004069395902026416,0.30677985157999127,0.0,4
2021-09-29,GOOGL,0.002184576375852207,-0.1540289047219939,0.0,4
2021-09-30,GOOGL,-0.002237697560189954,-0.4072950536213522,0.0,4
2021-10-01,GOOGL,-0.006983350809505284,0.41690355062507084,0.0,4
2021-10-04,GOOGL,-0.008549015371215113,0.42460261195725596,0.0,4
2021-10-05,GOOGL,-0.0069132483703134105,0.5148138894863816,0.0,4
2021-10-06,GOOGL,-0.0057161794248694235,0.5664859869899611,0.0,4
2021-10-07,GOOGL,-0.007576213199101564,0.5408385208761748,0.0,4
2021-10-08,GOOGL,-0.0017170971287845437,0.9389771109510375,0.0,4
2021-10-11,GOOGL,-0.0028352473113077863,0.9014002597944586,0.0,4
2021-10-12,GOOGL,-0.005183488861600114,0.694582911804638,0.0,4
2021-10-13,GOOGL,0.0014141436223183647,0.5220241282700655,0.0,4
2021-10-14,GOOGL,-0.0023383408453416295,0.8811129164134069,0.0,4
2021-10-15,GOOGL,-0.0023575082646650875,0.741685683315786,0.0,4
2021-10-18,GOOGL,-0.0017038346609895138,0.43166055330792913,0.0,4
2021-10-19,GOOGL,-0.0026012471804668664,0.28050986050463295,0.0,4
2021-10-20,GOOGL,0.00254699269874528,0.25800193351495676,0.0,4
2021-10-21,GOOGL,0.0001337339692824502,0.2091292448818384,0.0,4
2021-10-22,GOOGL,0.0017640847209041022,-0.1706152362901188,0.0,4
2021-10-25,GOOGL,0.002494846763613128,-0.27093520529176685,0.0,4
2021-10-26,GOOGL,0.0005848318433088475,-0.06363524672483198,0.0,4
2021-10-27,GOOGL,0.002035411912691259,0.5187876849621199,0.0,4
2021-10-28,GOOGL,0.0027209657393363665,0.41436737539366325,0.0,4
2021-10-29,GOOGL,-0.005325152329481747,0.3917184390347799,0.0,4
2021-11-01,GOOGL,0.0018820676920497722,0.06359198998330619,0.0,4
2021-11-02,GOOGL,0.007314484690536133,0.04359463047437601,0.0,4
2021-11-03,GOOGL,0.009960890205048952,-0.00199522774741618,0.0,4
2021-11-04,GOOGL,0.008928279949058298,-0.05762635595635872,0.0,4
2021-11-05,GOOGL,0.01560914417268917,-0.13813731919663372,0.0,4
2021-11-08,GOOGL,0.015813802926123242,-0.1560757862777762,0.0,4
2021-11-09,GOOGL,0.01734883784997032,-0.006339394416729338,0.0,4
2021-11-10,GOOGL,0.02562010112138361,-0.04289291983938417,0.0,4
2021-11-11,GOOGL,0.02322277822944584,-0.09858574533714674,0.0,4
2021-11-12,GOOGL,0.02841557586994405,-0.017468653910200797,0.0,4
2021-11-15,GOOGL,0.02649781204114725,-0.048394281892489684,0.0,4
2021-11-16,GOOGL,0.022880410017217225,-0.07217721918878321,0.0,4
2021-11-17,GOOGL,0.0174493260188953,-0.007999761030322308,0.0,4
2021-11-18,GOOGL,0.018703068481011567,-0.025679127720793952,0.0,4
2021-11-19,GOOGL,0.02539735314269816,0.0046456092198787855,0.0,4
2021-11-22,GOOGL,0.025770143612205434,0.015320211059184132,0.0,4
2021-11-23,GOOGL,0.02359366709465636,0.08337463056510072,0.0,4
2021-11-24,GOOGL,0.021620326764441793,-0.21545788688080986,0.0,4
2021-11-26,GOOGL,0.018723611989447036,-0.26785253731173336,0.0,4
2021-11-29,GOOGL,0.02077205652943948,-0.2858824161498961,0.0,4
2021-11-30,GOOGL,0.020484259325517753,-0.21096074159869904,0.0,4
2021-12-01,GOOGL,0.019633884461102934,-0.1613782325134478,0.0,4
2021-12-02,GOOGL,0.02179291916994821,-0.10409199340987048,0.0,4
2021-12-03,GOOGL,0.023684683303014323,-0.03583941794525632,0.0,4
2021-12-06,GOOGL,0.01887642562275763,0.05820898447818291,0.0,4
2021-12-07,GOOGL,0.024085546870731403,0.05234491055999688,0.0,4
2021-12-08,GOOGL,0.025053271567578868,-0.035095246228104705,0.0,4
2021-12-09,GOOGL,0.02712178446238081,0.12443799592880463,0.0,4
2021-12-10,GOOGL,0.026438727069919864,0.143803317744039,0.0,4
2021-12-13,GOOGL,0.024508129891128647,0.046794115846237,0.0,4
2021-12-14,GOOGL,0.02216534538938508,0.033847925565403884,0.0,4
2021-12-15,GOOGL,0.02831161921907807,-0.004109283566317192,0.0,4
2021-12-16,GOOGL,0.023362487908343894,-0.015411777518268714,0.0,4
2021-12-17,GOOGL,0.01670906581676681,-0.1490056908128684,0.0,4
2021-12-20,GOOGL,0.02278234533797662,-0.06094514260049179,0.0,4
2021-12-21,GOOGL,0.026740752490707616,-0.056522309185215266,0.0,4
2021-12-22,GOOGL,0.027151989749522567,-0.11502755898195652,0.0,4
2021-12-23,GOOGL,0.024123410421563442,-0.0291887082838403,0.0,4
2021-12-27,GOOGL,0.02708637911867442,0.19307448524366427,0.0,4
2021-12-28,GOOGL,0.023984057498752005,0.0840505808903843,0.0,4
2021-12-29,GOOGL,0.01928617116795871,0.37242313423136747,0.0,4
2021-12-30,GOOGL,0.02054380687681996,0.20421717114851887,0.0,4
2021-12-31,GOOGL,0.014512680327616897,-0.009960087955319047,0.0,4
2021-07-01,INTC,-5.0483022656831067e-05,-1.3758955070218193,0.0,4
2021-07-02,INTC,-0.001720518173420096,-1.6403955828692194,0.0,4
2021-07-06,INTC,0.0004127987161080168,-1.6495556437215866,0.0,4
2021-07-07,INTC,0.0004127987161080168,-1.7643329704176127,0.0,4
2021-07-08,INTC,-0.001154558960969531,-1.6312136616371558,0.0,4
2021-07-09,INTC,0.0033437017148055742,-1.4850877752620246,0.0,4
2021-07-12,INTC,0.0028901049090230765,-1.45676511756821,0.0,4
2021-07-13,INTC,0.0014050834378386441,-1.6441056307175828,0.0,4
2021-07-14,INTC,0.0018612160050256738,-1.5545301585699138,0.0,4
2021-07-15,INTC,0.0018612160050256738,-1.473206011046708,0.0,4
2021-07-16,INTC,-0.0009887760837699675,-1.2724234433893744,0.0,4
2021-07-19,INTC,0.003121907643976214,-0.9989224803766703,0.0,4
2021-07-20,INTC,-0.0034151651383306737,-1.0598184692792048,0.0,4
2021-07-21,INTC,0.0069255750724394475,-0.5982691116346363,0.0,4
2021-07-22,INTC,0.0018805914016746053,-0.7362438998211568,0.0,4
2021-07-23,INTC,-0.001972626896048586,-1.708650409797641,0.0,4
2021-07-26,INTC,-0.005831944122430573,-1.7149266901402624,0.0,4
2021-07-27,INTC,-0.008829935368112418,-1.5554965339228741,0.0,4
2021-07-28,INTC,-0.008941756098102284,-1.4028102190292102,0.0,4
2021-07-29,INTC,-0.006840322719157453,-1.323357921357461,0.0,4
2021-07-30,INTC,-0.014174857611714178,-0.9088433695319841,0.0,4
2021-08-02,INTC,-0.01414923081019592,-0.8820057040807966,0.0,4
2021-08-03,INTC,-0.010615902433675009,-0.46321410612010194,0.0,4
2021-08-04,INTC,-0.00840423718927678,-0.6013912875316095,0.0,4
2021-08-05,INTC,-0.008196817647184235,-0.6108554029062379,0.0,4
2021-08-06,INTC,-0.0061094219190816505,-0.5410738990653493,0.0,4
2021-08-09,INTC,-0.003484111986800179,-0.5992019628872292,0.0,4
2021-08-10,INTC,-0.0047564819066047105,-0.5304232744291242,0.0,4
2021-08-11,INTC,-0.005458933407522967,-0.43199667411139075,0.0,4
2021-08-12,INTC,-0.0005731999901163365,-0.6330764943512391,0.0,4
2021-08-13,INTC,-0.0026762944677839115,-0.5649702991595086,0.0,4
2021-08-16,INTC,0.0026056595116882323,-0.5999721060317977,0.0,4
2021-08-17,INTC,0.0027090393304448185,-0.598573926670419,0.0,4
2021-08-18,INTC,-0.0018063806757721839,-0.6404091021803687,0.0,4
2021-08-19,INTC,-0.006721473938920727,-0.4960610072040338,0.0,4
2021-08-20,INTC,0.0009572007046567258,-0.1449081269981064,0.0,4
2021-08-23,INTC,0.0007233280391929951,-0.2638147222864699,0.0,4
2021-08-24,INTC,-0.0014291085350150324,-0.07932185323022926,0.0,4
2021-08-25,INTC,0.0021152082797202786,0.07078617507057172,0.0,4
2021-08-26,INTC,0.0005102210596519851,-0.18865880742184862,0.0,4
2021-08-27,INTC,0.00040325210991210003,-0.3649595455012298,0.0,4
2021-08-30,INTC,0.001574395021790309,-0.5816847185985269,0.0,4
2021-08-31,INTC,0.002832162491878581,-0.10915370427673363,0.0,4
2021-09-01,INTC,-0.00235369201824154,-0.08171725770628663,0.0,4
2021-09-02,INTC,-0.0076598931872472464,-0.0783669168909181,0.0,4
2021-09-03,INTC,-0.005036208021772603,-0.26690883252253766,0.0,4
2021-09-07,INTC,-0.005368174636871908,-0.28966377798082965,0.0,4
2021-09-08,INTC,0.001996893728059083,-0.22708817218932686,0.0,4
2021-09-09,INTC,-0.0006282055223033574,-0.39747515361061164,0.0,4
2021-09-10,INTC,-0.0023283308781810947,-0.022066642647302383,0.0,4
2021-09-13,INTC,0.0009089463069914059,0.3607679831823291,0.0,4
2021-09-14,INTC,0.0016144392645831443,0.2908139880116354,0.0,4
2021-09-15,INTC,0.001098388791230098,0.3454223319285503,0.0,4
2021-09-16,INTC,0.0035159267897417815,0.2660201770621097,0.0,4
2021-09-17,INTC,0.005341014765567941,0.3592284023034383,0.0,4
2021-09-20,INTC,0.000331464107865283,0.6978780867493092,0.0,4
2021-09-21,INTC,-0.0007387647157085803,0.632511613498894,0.0,4
2021-09-22,INTC,0.00830848274223531,0.47123495721504216,0.0,4
2021-09-23,INTC,0.008866588842289773,0.43480110159323876,0.0,4
2021-09-24,INTC,0.005235002018914313,0.5844230584941047,0.0,4
2021-09-27,INTC,0.005122597711608261,0.8252323142232647,0.0,4
2021-09-28,INTC,0.0032414373967425813,1.2086714521334474,0.0,4
2021-09-29,INTC,0.002304933059292067,1.8679691250761676,0.0,4
2021-09-30,INTC,0.001925220413363612,2.28320914944881,0.0,4
2021-10-01,INTC,-0.0004802535558636411,2.128084896527227,0.0,4
2021-10-04,INTC,1.9567110811714087e-05,2.0912628516042373,0.0,4
2021-10-05,INTC,-0.005503626838575617,1.9401526877186452,0.0,4
2021-10-06,INTC,-0.005127895138735705,1.7623360047285515,0.0,4
2021-10-07,INTC,0.0016294945073111586,1.5695463199103226,0.0,4
2021-10-08,INTC,0.0034104328564149603,1.0849640888716527,0.0,4
2021-10-11,INTC,0.0018635408891357252,0.7845059112438789,0.0,4
2021-10-12,INTC,-0.00339230953620782,0.6801292089111474,0.0,4
2021-10-13,INTC,-0.0011477819637404718,0.27787755579297285,0.0,4
2021-10-14,INTC,0.0014647250049351927,0.8891141451805995,0.0,4
2021-10-15,INTC,0.0008484122300708534,0.7299220866516927,0.0,4
2021-10-18,INTC,0.002916725883316965,0.40097258356523713,0.0,4
2021-10-19,INTC,0.0022588812168202687,0.7475260353943476,0.0,4
2021-10-20,INTC,-0.010038422877418957,1.1333881510046058,0.0,4
2021-10-21,INTC,-0.00013253355623719137,0.837860237110646,0.0,4
2021-10-22,INTC,-0.039142038617705495,-1.1400051067495882,0.0,4
2021-10-25,INTC,-0.03559076319204547,-1.4736928080162965,0.0,4
2021-10-26,INTC,-0.019561129268462134,-1.5546877855878367,0.0,4
2021-10-27,INTC,-0.022310071272244575,-1.4505726070909961,0.0,4
2021-10-28,INTC,-0.020934250630648382,-1.4745281190948867,0.0,4
2021-10-29,INTC,-0.037051622860633994,-1.2151921262190795,0.0,4
2021-11-01,INTC,-0.03993229467808273,-1.1596681317590527,0.0,4
2021-11-02,INTC,-0.03643377386689218,-1.1695376550922691,0.0,4
2021-11-03,INTC,-0.031405783554156734,-1.1150961111330255,0.0,4
2021-11-04,INTC,-0.029192482296234078,-0.9098544141716504,0.0,4
2021-11-05,INTC,-0.023034530821653344,-0.8578939424011782,0.0,4
2021-11-08,INTC,-0.02103302837857013,-0.7646430229080746,0.0,4
2021-11-09,INTC,-0.021619036620091014,-0.5787027860974289,0.0,4
2021-11-10,INTC,-0.018044191834021575,-0.5289049084677341,0.0,4
2021-11-11,INTC,-0.013161705221214518,-0.5884228811904118,0.0,4
2021-11-12,INTC,-0.007950638605139303,-0.7155275502714689,0.0,4
2021-11-15,INTC,-0.009880738636240827,-0.7214849603295636,0.0,4
2021-11-16,INTC,-0.013354077975155585,-0.7519319753898525,0.0,4
2021-11-17,INTC,-0.014143850463818459,-0.8538756698244505,0.0,4
2021-11-18,INTC,-0.013223297632447045,-0.9707569199373876,0.0,4
2021-11-19,INTC,0.002193588738910766,-0.406437452392938,0.0,4
2021-11-22,INTC,0.002255175890875625,-0.26198378570170117,0.0,4
2021-11-23,INTC,-0.004979158060649009,-0.04478966212067528,0.0,4
2021-11-24,INTC,-0.001866644089044428,0.05082356432796528,0.0,4
2021-11-26,INTC,-0.005974021386605693,0.013271958607396961,0.0,4
2021-11-29,INTC,-0.013811160898146671,-0.015871813453018073,0.0,4
2021-11-30,INTC,-0.009463425873429784,-0.14723019579196384,0.0,4
2021-12-01,INTC,-0.010991523215514281,-0.09268687014061118,0.0,4
2021-12-02,INTC,-0.008325675532654004,-0.02213278596144349,0.0,4
2021-12-03,INTC,-0.007322424194304041,0.09369258048065021,0.0,4
2021-12-06,INTC,-0.007374817034070212,0.38439433311986687,0.0,4
2021-12-07,INTC,-0.008509591556812229,0.30357209505971966,0.0,4
2021-12-08,INTC,-0.008683586720178625,0.10692812151627952,0.0,4
2021-12-09,INTC,-0.007386732892525781,-0.02841405000581957,0.0,4
2021-12-10,INTC,-0.009627247490849672,0.027100160454959363,0.0,4
2021-12-13,INTC,-0.0017913164723416125,0.14871629505497524,0.0,4
2021-12-14,INTC,0.001505411493654029,0.16887058575259195,0.0,4
2021-12-15,INTC,0.0046267730109619595,0.0692620941916889,0.0,4
2021-12-16,INTC,-0.00959386386174207,0.2409532614691083,0.0,4
2021-12-17,INTC,-0.008423798865631658,0.5068078522427513,0.0,4
2021-12-20,INTC,-0.005706211844463002,0.35878421016257006,0.0,4
2021-12-21,INTC,-0.011769900823376322,0.3510981025566045,0.0,4
2021-12-22,INTC,-0.009392576091303936,0.3232673626169687,0.0,4
2021-12-23,INTC,-0.011147816123072812,0.2982560439172732,0.0,4
2021-12-27,INTC,-0.012526296362327606,0.481255591890888,0.0,4
2021-12-28,INTC,-0.011577987107362672,0.390530431520307,0.0,4
2021-12-29,INTC,-0.012695193486165296,0.6364846324161674,0.0,4
2021-12-30,INTC,-0.008584562621747312,0.7445374010859915,0.0,4
2021-12-31,INTC,-0.008148140663724074,0.4326229770451615,0.0,4
2021-07-01,MSFT,0.025566587830291268,0.11588398928469322,0.0,4
2021-07-02,MSFT,0.021227847288064764,0.3192855992985144,0.0,4
2021-07-06,MSFT,0.025470504509364444,-0.05566070006294524,0.0,4
2021-07-07,MSFT,0.02547633608488212,0.15782348469457247,0.0,4
2021-07-08,MSFT,0.02669774715421649,0.10855820351416762,0.0,4
2021-07-09,MSFT,0.03790541386063692,0.04261015035775126,0.0,4
2021-07-12,MSFT,0.034935035302853856,0.07080925902820168,0.0,4
2021-07-13,MSFT,0.017667431093617052,0.37888017472031343,0.0,4
2021-07-14,MSFT,0.017667431093617052,0.45739169735181745,0.0,4
2021-07-15,MSFT,0.018044872094560016,0.6761647992048743,0.0,4
2021-07-16,MSFT,0.033552028801684446,0.9598957514514324,0.0,4
2021-07-19,MSFT,0.017690614441766877,0.9801787905851447,0.0,4
2021-07-20,MSFT,0.019057367019339307,0.7383178557747473,0.0,4
2021-07-21,MSFT,0.020403689530140313,0.7282892428682635,0.0,4
2021-07-22,MSFT,0.03317690121527161,0.89494208022936,0.0,4
2021-07-23,MSFT,0.026190292999036222,0.7540318674313244,0.0,4
2021-07-26,MSFT,0.02919560729035726,0.6813976834262206,0.0,4
2021-07-27,MSFT,0.024288094315102354,0.6671211257038209,0.0,4
2021-07-28,MSFT,0.01735528616810474,0.360351756893884,0.0,4
2021-07-29,MSFT,0.024000905059568537,0.44217723220894867,0.0,4
2021-07-30,MSFT,0.026241909257338825,0.571583558517008,0.0,4
2021-08-02,MSFT,0.03080324736298029,0.35529630937293133,0.0,4
2021-08-03,MSFT,0.02362019905676905,0.37018547525490025,0.0,4
2021-08-04,MSFT,0.03244492331645205,0.19772815412296776,0.0,4
2021-08-05,MSFT,0.01697458016530525,0.2520737330329623,0.0,4
2021-08-06,MSFT,0.017378080496853496,0.41541876386676585,0.0,4
2021-08-09,MSFT,0.01725593784532139,0.38358866175314765,0.0,4
2021-08-10,MSFT,0.03006448333625802,0.1315080001011183,0.0,4
2021-08-11,MSFT,0.028536574427474416,0.2048995881846884,0.0,4
2021-08-12,MSFT,0.018620922866575483,0.14246061178847072,0.0,4
2021-08-13,MSFT,0.024006736635086214,0.11998812685186619,0.0,4
2021-08-16,MSFT,0.025343943944788755,0.23998163339604928,0.0,4
2021-08-17,MSFT,0.026276966173336778,0.2694449542434155,0.0,4
2021-08-18,MSFT,0.020872460232756764,0.3709646079809456,0.0,4
2021-08-19,MSFT,0.025995608493320638,0.48703987614502764,0.0,4
2021-08-20,MSFT,0.03228409070229509,0.5351949779200443,0.0,4
2021-08-23,MSFT,0.03227986246890451,0.37444177670829154,0.0,4
2021-08-24,MSFT,0.03256705172443832,0.36102125290328246,0.0,4
2021-08-25,MSFT,0.032953589302755486,0.5069831411007986,0.0,4
2021-08-26,MSFT,0.025625301624804895,0.44109322433749787,0.0,4
2021-08-27,MSFT,0.029579711492482154,0.25898016984018585,0.0,4
2021-08-30,MSFT,0.0277958230536302,0.33252056606541,0.0,4
2021-08-31,MSFT,0.02840665010044934,0.36440907396571737,0.0,4
2021-09-01,MSFT,0.03913085997183482,0.3974032604985062,0.0,4
2021-09-02,MSFT,0.025830908418878716,0.36281529802004175,0.0,4
2021-09-03,MSFT,0.02400448948254086,0.25244505945620377,0.0,4
2021-09-07,MSFT,0.02344671068851903,0.23866058376183003,0.0,4
2021-09-08,MSFT,0.018536698889844615,0.367230976600522,0.0,4
2021-09-09,MSFT,0.019701501830662563,0.2211088621109459,0.0,4
2021-09-10,MSFT,0.03425581730056664,0.1869760604511248,0.0,4
2021-09-13,MSFT,0.03406398887872778,0.21576522784526062,0.0,4
2021-09-14,MSFT,0.028542406002992095,0.28999132582921555,0.0,4
2021-09-15,MSFT,0.016174073433913735,0.3058531857026199,0.0,4
2021-09-16,MSFT,0.01967362739314216,0.2588754363119858,0.0,4
2021-09-17,MSFT,0.03120661407263378,0.05173658567613192,0.0,4
2021-09-20,MSFT,0.03504282024634065,-0.0829031972138984,0.0,4
2021-09-21,MSFT,0.033629311140584095,0.23697814371771372,0.0,4
2021-09-22,MSFT,0.034386259367067316,0.35214515080868874,0.0,4
2021-09-23,MSFT,0.035073833007657616,0.24870523085116988,0.0,4
2021-09-24,MSFT,0.03033705828303673,0.31588489021075283,0.0,4
2021-09-27,MSFT,0.03244436927990269,0.32097820787569836,0.0,4
2021-09-28,MSFT,0.04048166040977299,0.2260870596591334,0.0,4
2021-09-29,MSFT,0.03776421398828522,0.25267516752252206,0.0,4
2021-09-30,MSFT,0.03969065134763738,0.09580785193448305,0.0,4
2021-10-01,MSFT,0.038694382656741966,0.6608053247753509,0.0,4
2021-10-04,MSFT,0.04065199565990609,0.6709296544660394,0.0,4
2021-10-05,MSFT,0.028761099500170643,0.9501579001941215,0.0,4
2021-10-06,MSFT,0.028761099500170643,1.0179127665323655,0.0,4
2021-10-07,MSFT,0.030191357150435104,1.0472777946061382,0.0,4
2021-10-08,MSFT,0.028689824311929114,1.0371825913186132,0.0,4
2021-10-11,MSFT,0.03331557925268357,1.3142081865123953,0.0,4
2021-10-12,MSFT,0.040308950985586754,1.5286920503638244,0.0,4
2021-10-13,MSFT,0.044059653307308225,1.585211099736151,0.0,4
2021-10-14,MSFT,0.04067354086830923,1.329179984153634,0.0,4
2021-10-15,MSFT,0.04188114839759837,1.0945226933740162,0.0,4
2021-10-18,MSFT,0.03454285898549151,0.834727565941156,0.0,4
2021-10-19,MSFT,0.034741514767934106,0.7907173644050489,0.0,4
2021-10-20,MSFT,0.03831688560086959,0.9400840125102805,0.0,4
2021-10-21,MSFT,0.03253490931930678,0.8562322772616972,0.0,4
2021-10-22,MSFT,0.035731223617066134,0.9809185009013801,0.0,4
2021-10-25,MSFT,0.035543170109320434,0.9796800271307279,0.0,4
2021-10-26,MSFT,0.015583048657391923,0.7091939782728693,0.0,4
2021-10-27,MSFT,0.02346499201642102,1.0250953718799025,0.0,4
2021-10-28,MSFT,0.021246990941099636,1.0094877170264345,0.0,4
2021-10-29,MSFT,0.01866609135420894,0.9703885888792613,0.0,4
2021-11-01,MSFT,0.019585661245032443,0.8112926402655887,0.0,4
2021-11-02,MSFT,0.02054453036800512,0.7504621098658147,0.0,4
2021-11-03,MSFT,0.01766736834719741,0.619875716900599,0.0,4
2021-11-04,MSFT,0.020010618955702813,0.44160400966265706,0.0,4
2021-11-05,MSFT,0.020953860966039937,0.34329346824052426,0.0,4
2021-11-08,MSFT,0.024254251488282464,0.27866504777779577,0.0,4
2021-11-09,MSFT,0.0214054760889739,0.3025591266338486,0.0,4
2021-11-10,MSFT,0.01991435168274136,0.2874975159949369,0.0,4
2021-11-11,MSFT,0.022455848440941985,0.262210718766112,0.0,4
2021-11-12,MSFT,0.015630668896308007,0.2994627826306019,0.0,4
2021-11-15,MSFT,0.017861685838026286,0.28302131666520636,0.0,4
2021-11-16,MSFT,0.017385511499980827,0.35742055076197227,0.0,4
2021-11-17,MSFT,0.010377145271375642,0.38574237787392024,0.0,4
2021-11-18,MSFT,0.005140257693968694,0.23065604466671732,0.0,4
2021-11-19,MSFT,-0.04007948491130482,0.16634248127841042,0.0,4
2021-11-22,MSFT,-0.043278468183395175,0.2447752975144083,0.0,4
2021-11-23,MSFT,-0.044651855490119206,0.3374352718063649,0.0,4
2021-11-24,MSFT,-0.029139188834416813,0.057914844052478674,0.0,4
2021-11-26,MSFT,-0.011182934483258,-0.006703429961699904,0.0,4
2021-11-29,MSFT,-0.01421486015181111,-0.07982839810140398,0.0,4
2021-11-30,MSFT,-0.016267847797756585,-0.11417399144538865,0.0,4
2021-12-01,MSFT,-0.014897830742339592,-0.026842686642149217,0.0,4
2021-12-02,MSFT,-0.015605913856583973,-0.02723249711746289,0.0,4
2021-12-03,MSFT,-0.015512158875306974,-0.01078013364749964,0.0,4
2021-12-06,MSFT,-0.015691008944117752,0.1460695153090674,0.0,4
2021-12-07,MSFT,-0.01935438055189722,0.11192429805374454,0.0,4
2021-12-08,MSFT,-0.01823095419594104,-0.0004216766053519786,0.0,4
2021-12-09,MSFT,-0.01870392070833051,0.09675052899225402,0.0,4
2021-12-10,MSFT,-0.021003271646657534,0.2837698228353597,0.0,4
2021-12-13,MSFT,-0.015854062373689793,0.27371716304005334,0.0,4
2021-12-14,MSFT,-0.008690156100555504,0.1032403292583064,0.0,4
2021-12-15,MSFT,-0.019471713840398645,-0.023022433249469006,0.0,4
2021-12-16,MSFT,-0.004723855689437747,-0.13981075399310505,0.0,4
2021-12-17,MSFT,-0.009748513721138287,-0.12246525288854344,0.0,4
2021-12-20,MSFT,-0.009748513721138287,-0.21364778160554798,0.0,4
2021-12-21,MSFT,-0.018063008982040177,-0.24389119871445367,0.0,4
2021-12-22,MSFT,-0.017292809820730493,-0.34375300673295,0.0,4
2021-12-23,MSFT,-0.01932320077031541,-0.2200643610125041,0.0,4
2021-12-27,MSFT,-0.026900276461215216,0.17521567938140156,0.0,4
2021-12-28,MSFT,-0.01653408325236654,0.14902116821801548,0.0,4
2021-12-29,MSFT,-0.027372666238826435,0.38348521852249695,0.0,4
2021-12-30,MSFT,-0.031752264265888175,0.04059448588732713,0.0,4
2021-12-31,MSFT,-0.016956980909979123,0.11262875871697225,0.0,4
2021-07-01,NVDA,0.019198789512715073,1.287485493076369,0.0,4
2021-07-02,NVDA,0.020090051144060535,1.2953393087324958,0.0,4
2021-07-06,NVDA,0.023532844994748135,1.103604541640645,0.0,4
2021-07-07,NVDA,0.032298605290965,1.05242148381417,0.0,4
2021-07-08,NVDA,0.0312236815581355,0.8575692954946678,0.0,4
2021-07-09,NVDA,0.030660990258038562,1.0668255536111109,0.0,4
2021-07-12,NVDA,0.03367460302067943,1.2872367556169166,0.0,4
2021-07-13,NVDA,0.04220889624645475,1.2104078265810494,0.0,4
2021-07-14,NVDA,0.04191020449120376,0.8288377146500732,0.0,4
2021-07-15,NVDA,0.05300154833650987,0.17850520355977034,0.0,4
2021-07-16,NVDA,0.0521484151668757,-1.03794002609442,0.0,4
2021-07-19,NVDA,0.04864040338537681,-0.4009045017936094,0.0,4
2021-07-20,NVDA,0.046820210421286035,-0.5479047376632062,0.0,4
2021-07-21,NVDA,0.054906782002938734,-0.07013528364612559,0.0,4
2021-07-22,NVDA,0.0498574551782423,-0.3532636246010963,0.0,4
2021-07-23,NVDA,0.05116745541537049,-0.4310561579281448,0.0,4
2021-07-26,NVDA,0.047183487906116615,-0.8624423380857635,0.0,4
2021-07-27,NVDA,0.05139317225319837,-0.9896234302394107,0.0,4
2021-07-28,NVDA,0.05093047353624322,-0.8316775952445444,0.0,4
2021-07-29,NVDA,0.05088339433559693,-0.8614005753661281,0.0,4
2021-07-30,NVDA,0.04916134968996077,-0.8164610401243779,0.0,4
2021-08-02,NVDA,0.052696702946335126,-0.5994461597414257,0.0,4
2021-08-03,NVDA,0.05360118326778787,-0.5402207346607832,0.0,4
2021-08-04,NVDA,0.05284342870043637,-0.17726348948291779,0.0,4
2021-08-05,NVDA,0.05431983950289228,0.16193322634121807,0.0,4
2021-08-06,NVDA,0.05307965432854523,0.07476588383864237,0.0,4
2021-08-09,NVDA,0.05328330545670167,-0.22864803615261953,0.0,4
2021-08-10,NVDA,0.05053179381349343,-0.22544262396956258,0.0,4
2021-08-11,NVDA,0.05112567521810256,-0.07772900348536932,0.0,4
2021-08-12,NVDA,0.04331871454055897,0.357988055752635,0.0,4
2021-08-13,NVDA,0.029785348608900666,0.8567214089297733,0.0,4
2021-08-16,NVDA,0.03585238669787457,0.22730524617858855,0.0,4
2021-08-17,NVDA,0.03881846805962103,0.23239866440197873,0.0,4
2021-08-18,NVDA,0.045445616017677215,-0.1720002069321304,0.0,4
2021-08-19,NVDA,0.033568581299256973,0.19273104000004593,0.0,4
2021-08-20,NVDA,0.04610802949659559,0.6564900428009857,0.0,4
2021-08-23,NVDA,0.038340027416658255,1.128236296936525,0.0,4
2021-08-24,NVDA,0.041690505077193456,1.2084910512507558,0.0,4
2021-08-25,NVDA,0.037354758897045315,1.4800138269580418,0.0,4
2021-08-26,NVDA,0.04507526889928229,1.4012273796132257,0.0,4
2021-08-27,NVDA,0.03468173671558738,1.7639940271565957,0.0,4
2021-08-30,NVDA,0.04296180370480432,1.638612414677187,0.0,4
2021-08-31,NVDA,0.017289537480444848,1.1362766499043793,0.0,4
2021-09-01,NVDA,0.026782050662474195,0.8613179353438436,0.0,4
2021-09-02,NVDA,0.03688778341105928,0.7857741583259424,0.0,4
2021-09-03,NVDA,0.035006110150333794,1.0788829950497745,0.0,4
2021-09-07,NVDA,0.03425865910242628,1.0101857420111264,0.0,4
2021-09-08,NVDA,0.03793818011322143,1.104712903853114,0.0,4
2021-09-09,NVDA,0.038220062588287744,1.2785275763018134,0.0,4
2021-09-10,NVDA,0.04176102730685041,1.5275892692298927,0.0,4
2021-09-13,NVDA,0.038759482554106085,1.2023035218291025,0.0,4
2021-09-14,NVDA,0.03842496345605308,1.3780841102592698,0.0,4
2021-09-15,NVDA,0.039614747528363775,1.3394646991889352,0.0,4
2021-09-16,NVDA,0.03643927640920213,1.396464421560968,0.0,4
2021-09-17,NVDA,0.04921903700271246,1.2675094887123697,0.0,4
2021-09-20,NVDA,0.059993656589897776,0.6344040587867885,0.0,4
2021-09-21,NVDA,0.05406285629752459,0.23817440562107617,0.0,4
2021-09-22,NVDA,0.04529289081214363,0.6709987047223418,0.0,4
2021-09-23,NVDA,0.03613265620192352,0.5598785809294347,0.0,4
2021-09-24,NVDA,0.034387298880938034,0.31446146325903923,0.0,4
2021-09-27,NVDA,0.04074470426789282,-0.05455266997069512,0.0,4
2021-09-28,NVDA,0.05968738169065182,-0.08668581475441438,0.0,4
2021-09-29,NVDA,0.06736672288899662,-0.5509056135464356,0.0,4
2021-09-30,NVDA,0.06713462384398525,-0.31053891996315086,0.0,4
2021-10-01,NVDA,0.05773366068816463,-0.5093332170831888,0.0,4
2021-10-04,NVDA,0.06907311051422423,-1.1624163283231355,0.0,4
2021-10-05,NVDA,0.0627081234023435,-0.4002193451391068,0.0,4
2021-10-06,NVDA,0.05317292145826216,-0.1644496953662266,0.0,4
2021-10-07,NVDA,0.049511735786641184,0.08898566489134425,0.0,4
2021-10-08,NVDA,0.05276414759757118,-0.3926914019770094,0.0,4
2021-10-11,NVDA,0.05663176570774973,-0.26923491201967803,0.0,4
2021-10-12,NVDA,0.05535651973410219,-0.48472439661167754,0.0,4
2021-10-13,NVDA,0.058502640482993085,-0.3148915236609342,0.0,4
2021-10-14,NVDA,0.049621420891668044,0.6242060032622888,0.0,4
2021-10-15,NVDA,0.05156954631146417,0.5466983003695403,0.0,4
2021-10-18,NVDA,0.04581551011766431,1.0619214037815272,0.0,4
2021-10-19,NVDA,0.04251676751559694,0.9100319194152847,0.0,4
2021-10-20,NVDA,0.041849294850532924,0.1428061584279154,0.0,4
2021-10-21,NVDA,0.05493543326376482,0.30023956440118793,0.0,4
2021-10-22,NVDA,0.04921299474080863,0.9182801305227292,0.0,4
2021-10-25,NVDA,0.04683479055030186,1.3570463329140807,0.0,4
2021-10-26,NVDA,0.015470375578789752,1.846514381530828,0.0,4
2021-10-27,NVDA,0.008882913027062686,1.5742887944645962,0.0,4
2021-10-28,NVDA,-0.0011884034982910935,1.5445855476214347,0.0,4
2021-10-29,NVDA,-0.0038760234526909435,1.7582171628967755,0.0,4
2021-11-01,NVDA,-0.0076398228010135,2.022698934893867,0.0,4
2021-11-02,NVDA,-0.0026713769636801097,1.8991248246576988,0.0,4
2021-11-03,NVDA,0.0032665850254039682,1.8445955175222852,0.0,4
2021-11-04,NVDA,-0.005417256754758731,2.232317244716116,0.0,4
2021-11-05,NVDA,-0.0030970581919834016,2.1974604039286283,0.0,4
2021-11-08,NVDA,-0.007553219931874653,2.3363332260198217,0.0,4
2021-11-09,NVDA,-0.007609001235015306,2.1670957598772045,0.0,4
2021-11-10,NVDA,0.003556551080955234,2.00176317398244,0.0,4
2021-11-11,NVDA,-0.007567510624558324,1.915915130539478,0.0,4
2021-11-12,NVDA,-0.004339151700891703,1.9268032198723613,0.0,4
2021-11-15,NVDA,-0.013862947053889131,1.865681321772545,0.0,4
2021-11-16,NVDA,-0.02133871148439569,1.9336597435729168,0.0,4
2021-11-17,NVDA,0.0095932837195424,1.7998610286224737,0.0,4
2021-11-18,NVDA,0.09317713578246872,1.9477887952523794,0.0,4
2021-11-19,NVDA,0.08434377345689281,2.042559545297932,0.0,4
2021-11-22,NVDA,0.12873107770297673,1.8012960862233625,0.0,4
2021-11-23,NVDA,0.11904690215504592,1.4438810560187432,0.0,4
2021-11-24,NVDA,0.057110431732044255,1.6960984725991881,0.0,4
2021-11-26,NVDA,0.09422005701553961,1.465422630064126,0.0,4
2021-11-29,NVDA,0.0728358938560034,1.670652776577654,0.0,4
2021-11-30,NVDA,0.07665312543023621,1.391814371394135,0.0,4
2021-12-01,NVDA,0.08619238537331085,1.1434213685630348,0.0,4
2021-12-02,NVDA,0.08072146309533107,1.2639440158454598,0.0,4
2021-12-03,NVDA,0.05824500893167882,0.4061961890597862,0.0,4
2021-12-06,NVDA,0.05125806853281521,0.4529070197031777,0.0,4
2021-12-07,NVDA,0.04273076628639836,0.5661169390642878,0.0,4
2021-12-08,NVDA,0.03985615696543804,0.3565184386076177,0.0,4
2021-12-09,NVDA,0.06298907113175382,0.3270284139551164,0.0,4
2021-12-10,NVDA,0.0443331527339037,-0.03381647553700224,0.0,4
2021-12-13,NVDA,0.015967427914307542,-0.3764376144826603,0.0,4
2021-12-14,NVDA,0.03245258623728519,-0.15427032252960038,0.0,4
2021-12-15,NVDA,0.02666780803251556,0.11921197736295859,0.0,4
2021-12-16,NVDA,0.019478306122037818,-0.05371839644296102,0.0,4
2021-12-17,NVDA,0.0015669017941940036,-0.7597605853369117,0.0,4
2021-12-20,NVDA,-0.020578735370166443,-0.9737427592304434,0.0,4
2021-12-21,NVDA,-0.015471206141214161,-0.8109046217741963,0.0,4
2021-12-22,NVDA,0.0029850456897334643,-1.1298361107246315,0.0,4
2021-12-23,NVDA,0.009751717935554046,-1.2803860446805593,0.0,4
2021-12-27,NVDA,0.03518166004269721,-0.4866202737274939,0.0,4
2021-12-28,NVDA,0.02384152965921607,-1.0330775946637265,0.0,4
2021-12-29,NVDA,0.03690962529120406,-1.1551587479147936,0.0,4
2021-12-30,NVDA,0.048768452742718675,-1.6283846226129597,0.0,4
2021-12-31,NVDA,0.05016121554520035,-1.5990306499449913,0.0,4
2021-07-01,PFE,0.002982803334426863,-1.1138156512366508,0.0,4
2021-07-02,PFE,0.005259202874211646,-1.2168229878533479,0.0,4
2021-07-06,PFE,0.004622751452773262,-1.2891216203665,0.0,4
2021-07-07,PFE,0.00616051899068671,-1.2918012945082114,0.0,4
2021-07-08,PFE,0.0013839761190877027,-1.429374150266582,0.0,4
2021-07-09,PFE,0.0005332764895965073,-1.5154083586312008,0.0,4
2021-07-12,PFE,0.0021263747808135764,-1.301156354382734,0.0,4
2021-07-13,PFE,0.0036922712376835335,-1.1923175820332494,0.0,4
2021-07-14,PFE,0.005692030442208364,-0.9713545573822338,0.0,4
2021-07-15,PFE,0.0038499889833581657,-0.6479132773590736,0.0,4
2021-07-16,PFE,0.004187671304666565,-0.09166531644454019,0.0,4
2021-07-19,PFE,0.013849085362589834,0.21766424924167846,0.0,4
2021-07-20,PFE,0.00844051077102194,0.20484108097524067,0.0,4
2021-07-21,PFE,0.012691743822097416,0.12590071641403947,0.0,4
2021-07-22,PFE,0.003992309329876798,0.482178619692018,0.0,4
2021-07-23,PFE,0.003162570021280245,0.35854268218225904,0.0,4
2021-07-26,PFE,0.0009953944064006529,0.318382544201882,0.0,4
2021-07-27,PFE,0.002500833792992663,0.8224336435549794,0.0,4
2021-07-28,PFE,-0.0007580613152280147,1.1964858008446773,0.0,4
2021-07-29,PFE,-0.000425033527559064,1.2285556460415297,0.0,4
2021-07-30,PFE,-0.007153749197829271,1.2789177440395447,0.0,4
2021-08-02,PFE,-0.00995798052956344,1.7560489352029147,0.0,4
2021-08-03,PFE,-0.013168423098776486,2.0200501792766064,0.0,4
2021-08-04,PFE,-0.0067648557495221875,1.9903374565247918,0.0,4
2021-08-05,PFE,-0.008510237451036011,1.7910354986546275,0.0,4
2021-08-06,PFE,-0.0058824095105460186,1.8297622488885161,0.0,4
2021-08-09,PFE,-0.005786131759437563,1.931827508702509,0.0,4
2021-08-10,PFE,-0.017288974940542896,2.2459425423282933,0.0,4
2021-08-11,PFE,0.005547221106658039,2.105478473870337,0.0,4
2021-08-12,PFE,0.000740183882874285,2.0054230683634833,0.0,4
2021-08-13,PFE,0.0018743869633380953,1.9401532652338325,0.0,4
2021-08-16,PFE,0.003212445240341461,2.011928021231468,0.0,4
2021-08-17,PFE,0.004126329841773433,2.118985108502589,0.0,4
2021-08-18,PFE,0.004623331093548057,2.152777721614977,0.0,4
2021-08-19,PFE,0.012355583528633024,2.0063246227396836,0.0,4
2021-08-20,PFE,0.014303433440076643,1.8610485351726709,0.0,4
2021-08-23,PFE,0.010688663576551885,1.743072672018078,0.0,4
2021-08-24,PFE,0.009776248889982856,1.4856378990780488,0.0,4
2021-08-25,PFE,0.008158576495367553,1.0562627748665938,0.0,4
2021-08-26,PFE,0.010085090284502203,1.2115249352163682,0.0,4
2021-08-27,PFE,0.012868566921965838,0.7452603990807007,0.0,4
2021-08-30,PFE,0.012734906077030742,0.26387059213050323,0.0,4
2021-08-31,PFE,0.022671165267033236,-0.08857075718099011,0.0,4
2021-09-01,PFE,0.01658552428511489,0.06760078309082568,0.0,4
2021-09-02,PFE,0.01614341330155511,0.3368294411914016,0.0,4
2021-09-03,PFE,0.013460202892489654,0.2205145221123002,0.0,4
2021-09-07,PFE,0.01754918703915111,-0.03700386026985192,0.0,4
2021-09-08,PFE,0.013309659377339658,-0.5193738254807009,0.0,4
2021-09-09,PFE,0.014552428465681853,-0.3060113483851177,0.0,4
2021-09-10,PFE,0.013828438024514448,-0.5291664916739135,0.0,4
2021-09-13,PFE,0.012506154361650835,-0.9540529390656215,0.0,4
2021-09-14,PFE,0.011959426916946965,-0.9110823999685239,0.0,4
2021-09-15,PFE,0.013373705979537754,-1.192341288757329,0.0,4
2021-09-16,PFE,0.014722188098113926,-1.1613960370481424,0.0,4
2021-09-17,PFE,0.01693802213338447,-1.355923876537482,0.0,4
2021-09-20,PFE,0.013168905687478534,-0.9847758162782877,0.0,4
2021-09-21,PFE,0.015462479616889442,-1.124873020183733,0.0,4
2021-09-22,PFE,0.013630036460676852,-0.8752627220653517,0.0,4
2021-09-23,PFE,0.013704268712661078,-0.6934474477655904,0.0,4
2021-09-24,PFE,0.012845559558503458,-0.6884109973538601,0.0,4
2021-09-27,PFE,0.016899483789169806,-0.39383491814434024,0.0,4
2021-09-28,PFE,0.01417269205734241,0.029539982920220247,0.0,4
2021-09-29,PFE,0.013425236168617632,0.388544897588388,0.0,4
2021-09-30,PFE,0.01417269205734241,0.1014617669834697,0.0,4
2021-10-01,PFE,0.01417269205734241,-0.8421074439003652,0.0,4
2021-10-04,PFE,0.01417269205734241,-0.1576419908976568,0.0,4
2021-10-05,PFE,0.01417269205734241,-0.3365919910676902,0.0,4
2021-10-06,PFE,0.01417269205734241,-0.7154313273241656,0.0,4
2021-10-07,PFE,0.006704613656742608,-0.41262130704315264,0.0,4
2021-10-08,PFE,0.013118385473314346,-0.3033408115287382,0.0,4
2021-10-11,PFE,0.015020037220925033,-0.010043374490906086,0.0,4
2021-10-12,PFE,0.016941002430841814,-0.20271162236672063,0.0,4
2021-10-13,PFE,0.016899483789169806,-0.9733741371256924,0.0,4
2021-10-14,PFE,0.013383717526945622,-1.3934638503404355,0.0,4
2021-10-15,PFE,0.01417269205734241,-1.242846080389765,0.0,4
2021-10-18,PFE,0.01388269335355295,-2.125546154030319,0.0,4
2021-10-19,PFE,0.007689980861429064,-2.1143209062793056,0.0,4
2021-10-20,PFE,0.012658213548411726,-1.0626178386095917,0.0,4
2021-10-21,PFE,0.011629005835939933,-0.48154490213669654,0.0,4
2021-10-22,PFE,0.008885633030058106,0.09211972514081412,0.0,4
2021-10-25,PFE,0.008869734339249377,0.003561148952527587,0.0,4
2021-10-26,PFE,0.008810803337697308,-0.21697725929074138,0.0,4
2021-10-27,PFE,0.01148447071200588,-0.5135513886436578,0.0,4
2021-10-28,PFE,0.010167294156064469,-0.4577954620087377,0.0,4
2021-10-29,PFE,0.010420252953081658,-0.2103860919409429,0.0,4
2021-11-01,PFE,0.011282458037724643,-0.30976978525820953,0.0,4
2021-11-02,PFE,0.005593088355987547,0.08362728777334606,0.0,4
2021-11-03,PFE,0.010182611130072922,0.006186744059372639,0.0,4
2021-11-04,PFE,0.0112111988284733,-0.254233048026898,0.0,4
2021-11-05,PFE,-0.01570743884483385,0.44225403834025817,0.0,4
2021-11-08,PFE,-0.013039549941642805,0.3615992376940568,0.0,4
2021-11-09,PFE,-0.009427921653846323,0.2642236942778099,0.0,4
2021-11-10,PFE,-0.024206419889092386,0.7446943767563358,0.0,4
2021-11-11,PFE,-0.01256324369080011,0.9069829721121537,0.0,4
2021-11-12,PFE,-0.015233429087985011,0.8870183873072685,0.0,4
2021-11-15,PFE,-0.017225903539881328,1.0113254432117045,0.0,4
2021-11-16,PFE,-0.016779496403135637,0.9001322102884788,0.0,4
2021-11-17,PFE,-0.027175919787127724,0.9924049318251891,0.0,4
2021-11-18,PFE,-0.0042251244600854275,0.8684723004692485,0.0,4
2021-11-19,PFE,-0.005989316859651465,0.5835117207323329,0.0,4
2021-11-22,PFE,-0.006387551417051306,0.7668179608365471,0.0,4
2021-11-23,PFE,-0.004074631316367978,0.8637299364888142,0.0,4
2021-11-24,PFE,-0.0008800628357895292,0.8928669744010095,0.0,4
2021-11-26,PFE,-0.01612709820572845,1.45613217598912,0.0,4
2021-11-29,PFE,-0.003245425154806946,1.0824687388270662,0.0,4
2021-11-30,PFE,-0.016122663578583267,1.257423849109455,0.0,4
2021-12-01,PFE,-0.012323480921732919,1.2781879956611977,0.0,4
2021-12-02,PFE,-0.0038172201666699965,1.1805121667802372,0.0,4
2021-12-03,PFE,-0.005578363412729338,1.67491984625349,0.0,4
2021-12-06,PFE,0.011460092031278391,0.8588186495830538,0.0,4
2021-12-07,PFE,0.001858913841536017,0.7038336718348261,0.0,4
2021-12-08,PFE,0.00045373159349288263,0.7957281010349178,0.0,4
2021-12-09,PFE,0.004259207996530072,0.5657818049139218,0.0,4
2021-12-10,PFE,0.007130928560911764,0.44477895159158126,0.0,4
2021-12-13,PFE,-0.009370667365587228,1.0581899800141836,0.0,4
2021-12-14,PFE,-0.009930852242233907,1.1353599476166756,0.0,4
2021-12-15,PFE,-0.012773578215629893,1.3109733143074285,0.0,4
2021-12-16,PFE,-0.024061549298840863,1.5986047059385342,0.0,4
2021-12-17,PFE,-0.006854143205990087,1.7458585919158842,0.0,4
2021-12-20,PFE,-0.009280974232272223,2.008856191261407,0.0,4
2021-12-21,PFE,-0.001926933904839346,1.7648521804128436,0.0,4
2021-12-22,PFE,-0.013715752996477659,1.9823933429520013,0.0,4
2021-12-23,PFE,0.004001662243464825,1.8593191361414116,0.0,4
2021-12-27,PFE,-0.0025753337115913596,0.8515629048779396,0.0,4
2021-12-28,PFE,-0.0008780325482232525,1.1986585728790153,0.0,4
2021-12-29,PFE,0.005230186448374219,0.8776445132963356,0.0,4
2021-12-30,PFE,0.0030344977279198313,0.8103476342296922,0.0,4
2021-12-31,PFE,-0.00016722004072103433,1.618402497526794,0.0,4
2021-07-01,PYPL,0.02275923201385722,0.3298483372137374,0.0,4
2021-07-02,PYPL,0.013108404828984403,0.25777652694087694,0.0,4
2021-07-06,PYPL,0.014908619389293946,0.3586542957417715,0.0,4
2021-07-07,PYPL,0.019340397462722952,0.47372222044664863,0.0,4
2021-07-08,PYPL,0.013389762509000543,0.46926447365093654,0.0,4
2021-07-09,PYPL,0.013491024733466306,0.5329877436784093,0.0,4
2021-07-12,PYPL,0.01981910068813168,0.7285171831196506,0.0,4
2021-07-13,PYPL,0.013389762509000543,0.6587629836799339,0.0,4
2021-07-14,PYPL,0.01310257325346673,0.6719415356205629,0.0,4
2021-07-15,PYPL,0.008787084116946287,0.8812404469067271,0.0,4
2021-07-16,PYPL,0.028567817772728286,0.6353250137180355,0.0,4
2021-07-19,PYPL,0.023463526221305844,0.35413606881202975,0.0,4
2021-07-20,PYPL,0.022721312941372994,0.4818977758167306,0.0,4
2021-07-21,PYPL,0.020591102552740624,0.5428025024142853,0.0,4
2021-07-22,PYPL,0.025995608493320638,0.2861620453981915,0.0,4
2021-07-23,PYPL,0.026344155668073948,0.16128638046667648,0.0,4
2021-07-26,PYPL,0.01997989445662629,0.053034895612554776,0.0,4
2021-07-27,PYPL,0.02841443177594231,-0.01097786305123687,0.0,4
2021-07-28,PYPL,0.017361117743622416,0.019201623805390346,0.0,4
2021-07-29,PYPL,0.03909865620506598,-1.0620964250664502,0.0,4
2021-07-30,PYPL,0.049285278436174466,-1.0031058562632178,0.0,4
2021-08-02,PYPL,0.05678326981038807,-1.0683406911301938,0.0,4
2021-08-03,PYPL,0.05313392251768598,-0.8097149393413111,0.0,4
2021-08-04,PYPL,0.051121612583092495,-1.0781304962458635,0.0,4
2021-08-05,PYPL,0.04009161717949133,-0.9859092808203854,0.0,4
2021-08-06,PYPL,0.03255689200577541,-1.0466105602396358,0.0,4
2021-08-09,PYPL,0.0365472605379304,-1.096644778446052,0.0,4
2021-08-10,PYPL,0.035155616925456205,-0.9767798238605726,0.0,4
2021-08-11,PYPL,0.03437392203814527,-0.9879986293896355,0.0,4
2021-08-12,PYPL,0.042711072658504344,-1.0993144960530912,0.0,4
2021-08-13,PYPL,0.03966597122486212,-1.0631701848895851,0.0,4
2021-08-16,PYPL,0.036512419212648854,-1.0399145983701858,0.0,4
2021-08-17,PYPL,0.04096191159074893,-1.0900283343809756,0.0,4
2021-08-18,PYPL,0.042568177318582784,-1.07427804467982,0.0,4
2021-08-19,PYPL,0.03999265373329072,-1.0310514075597708,0.0,4
2021-08-20,PYPL,0.02947371913014857,-1.2220253497395805,0.0,4
2021-08-23,PYPL,0.030608036137427748,-1.032243518362708,0.0,4
2021-08-24,PYPL,0.03572434453902779,-1.0572895259542006,0.0,4
2021-08-25,PYPL,0.030705429549122504,-1.1307664083305664,0.0,4
2021-08-26,PYPL,0.03050604789721145,-0.5597708033374161,0.0,4
2021-08-27,PYPL,0.028133074095926178,-0.3582192553419613,0.0,4
2021-08-30,PYPL,0.03226192952773964,0.2769651398965508,0.0,4
2021-08-31,PYPL,0.0325290777437891,0.38468971272205144,0.0,4
2021-09-01,PYPL,0.03708800698347663,0.2656477307089174,0.0,4
2021-09-02,PYPL,0.052419023713694834,0.11993321801474292,0.0,4
2021-09-03,PYPL,0.0381803844722171,0.1688795336860792,0.0,4
2021-09-07,PYPL,0.029483875904662237,0.35618290956748666,0.0,4
2021-09-08,PYPL,0.026504908834812085,0.257659219514353,0.0,4
2021-09-09,PYPL,0.02483916187098931,0.22111581965497001,0.0,4
2021-09-10,PYPL,0.030609253247790423,0.35116492963160156,0.0,4
2021-09-13,PYPL,0.032020536141971236,0.26690139796156653,0.0,4
2021-09-14,PYPL,0.03153428736144897,0.22921970629622704,0.0,4
2021-09-15,PYPL,0.01977658396832075,0.30336477459034256,0.0,4
2021-09-16,PYPL,0.02355464937940501,0.2849697585954689,0.0,4
2021-09-17,PYPL,0.03493471538409222,0.18915077169191452,0.0,4
2021-09-20,PYPL,0.0342178916406538,0.24749818614303357,0.0,4
2021-09-21,PYPL,0.039933376780545246,0.3188161100118525,0.0,4
2021-09-22,PYPL,0.03296742337214851,0.15909748825199524,0.0,4
2021-09-23,PYPL,0.03243906909288205,0.44989137164431364,0.0,4
2021-09-24,PYPL,0.031088369577151505,0.5282994968466371,0.0,4
2021-09-27,PYPL,0.033435127996360864,0.33279386118478316,0.0,4
2021-09-28,PYPL,0.04123744057167535,-0.13923503720885927,0.0,4
2021-09-29,PYPL,0.04552379791974232,-1.1913085512745434,0.0,4
2021-09-30,PYPL,0.05059648714100336,-0.8950984809498216,0.0,4
2021-10-01,PYPL,0.038667502635375044,-0.48426092639948654,0.0,4
2021-10-04,PYPL,0.04509198661172809,-0.7256576208979102,0.0,4
2021-10-05,PYPL,0.030898822599908393,-0.7482346847649151,0.0,4
2021-10-06,PYPL,0.028761099500170643,-0.18469917960452284,0.0,4
2021-10-07,PYPL,0.027601119952532904,-0.6401974369472105,0.0,4
2021-10-08,PYPL,0.03881538599736764,-0.6376626516212185,0.0,4
2021-10-11,PYPL,0.0312399605309071,-0.9680387291287121,0.0,4
2021-10-12,PYPL,0.04190193775175433,-1.452424553922606,0.0,4
2021-10-13,PYPL,0.043017516409457106,-1.9267433228525215,0.0,4
2021-10-14,PYPL,0.035866071944015046,-1.1660470623059622,0.0,4
2021-10-15,PYPL,0.03910267493597453,-0.3719111934990693,0.0,4
2021-10-18,PYPL,0.05619762029254169,-0.3186076534530201,0.0,4
2021-10-19,PYPL,0.056502663101196865,-0.4534411848599881,0.0,4
2021-10-20,PYPL,0.03319364277654512,-1.9668625215247555,0.0,4
2021-10-21,PYPL,0.07321470840757183,-2.4340325385503703,0.0,4
2021-10-22,PYPL,0.08434236247921956,-1.9809663310021637,0.0,4
2021-10-25,PYPL,0.0833210630307385,-1.4894095644533785,0.0,4
2021-10-26,PYPL,0.08756904267416973,-1.1836141833177776,0.0,4
2021-10-27,PYPL,0.10673707502856955,-1.3301990246585558,0.0,4
2021-10-28,PYPL,0.09776390137649742,-1.3969645842214697,0.0,4
2021-10-29,PYPL,0.09525016011701509,-1.499839299968782,0.0,4
2021-11-01,PYPL,0.03665010212954634,-1.3240587379957893,0.0,4
2021-11-02,PYPL,0.00399621075349903,-1.522291322438126,0.0,4
2021-11-03,PYPL,-0.007303323903075056,-1.629167033846807,0.0,4
2021-11-04,PYPL,0.007541466426992081,-1.3627992164474652,0.0,4
2021-11-05,PYPL,-0.0031144911496009857,-1.4022014920338401,0.0,4
2021-11-08,PYPL,-0.008190301127173498,-1.195378823029296,0.0,4
2021-11-09,PYPL,-0.005093037981275178,-1.6070848811169167,0.0,4
2021-11-10,PYPL,-0.01788998478095104,-1.5899267012392848,0.0,4
2021-11-11,PYPL,-0.005923627266949372,-1.6142717156053674,0.0,4
2021-11-12,PYPL,-0.009442115411123617,-1.6003802665301277,0.0,4
2021-11-15,PYPL,-0.01123720392178449,-1.6066822650490575,0.0,4
2021-11-16,PYPL,-0.057082744717466216,-1.5557004989469763,0.0,4
2021-11-17,PYPL,-0.03169208060128338,-1.5981718567035343,0.0,4
2021-11-18,PYPL,-0.01351556926512055,-1.3710144996070037,0.0,4
2021-11-19,PYPL,0.0058006375943925334,-1.526989852634753,0.0,4
2021-11-22,PYPL,0.0030851665684297988,-1.668123902571129,0.0,4
2021-11-23,PYPL,0.0072788934912312395,-1.4755070536826271,0.0,4
2021-11-24,PYPL,-0.0019390598603159206,-1.3279204691105038,0.0,4
2021-11-26,PYPL,-0.004594946848071606,-1.3618828525105937,0.0,4
2021-11-29,PYPL,0.00036981779851774513,-1.3659412418461911,0.0,4
2021-11-30,PYPL,-0.0006724906905752443,-1.309698046464403,0.0,4
2021-12-01,PYPL,0.015444318769490331,-1.2739231018031272,0.0,4
2021-12-02,PYPL,-0.009962203844582804,-1.0613657836147234,0.0,4
2021-12-03,PYPL,0.01177160020324751,-0.9637136544414452,0.0,4
2021-12-06,PYPL,0.009746817343511975,-1.1179712531246908,0.0,4
2021-12-07,PYPL,0.011096239697844016,-1.184131866564478,0.0,4
2021-12-08,PYPL,0.0014703543147248632,-0.34684472911111136,0.0,4
2021-12-09,PYPL,0.010934899877131804,-0.5310648132468334,0.0,4
2021-12-10,PYPL,0.008373754250482493,-0.5348149700715119,0.0,4
2021-12-13,PYPL,0.008673240085535005,-0.6269898904591737,0.0,4
2021-12-14,PYPL,0.01891872344822894,-0.6340178401143413,0.0,4
2021-12-15,PYPL,0.010744926349286622,-0.7200374829127822,0.0,4
2021-12-16,PYPL,0.014771615382871068,-0.443737567707709,0.0,4
2021-12-17,PYPL,0.0172574866161215,-0.30314201268462587,0.0,4
2021-12-20,PYPL,0.016929946032347945,-0.12134933346980278,0.0,4
2021-12-21,PYPL,0.002585259403879773,0.1306809456540614,0.0,4
2021-12-22,PYPL,0.0033837149174732848,0.07930372406058714,0.0,4
2021-12-23,PYPL,0.002096789472511761,0.12417069820466375,0.0,4
2021-12-27,PYPL,0.00138075752504526,-0.01586820607721447,0.0,4
2021-12-28,PYPL,0.002596940202872189,0.16645580805665586,0.0,4
2021-12-29,PYPL,0.0007050234808444065,0.2922287745706739,0.0,4
2021-12-30,PYPL,-5.996653331487467e-05,0.8489928821565114,0.0,4
2021-12-31,PYPL,0.016455306450308894,-0.10024416602702428,0.0,4
2021-07-01,ZM,-0.03580905090771909,1.562307586869298,0.0,4
2021-07-02,ZM,-0.040805864699980626,1.1566738682926456,0.0,4
2021-07-06,ZM,-0.042358411007905675,1.040043132536996,0.0,4
2021-07-07,ZM,-0.04317882383728209,0.8557056698967875,0.0,4
2021-07-08,ZM,-0.10003005435732855,1.0058024470916735,0.0,4
2021-07-09,ZM,-0.09764605285061513,0.4930967444914022,0.0,4
2021-07-12,ZM,-0.09139584623384965,-0.5844983330745517,0.0,4
2021-07-13,ZM,-0.09162794737137385,-0.537650512150092,0.0,4
2021-07-14,ZM,-0.07160132761354418,-1.049382603319068,0.0,4
2021-07-15,ZM,-0.07619743923758476,-1.2745968228590308,0.0,4
2021-07-16,ZM,-0.08070718105325497,-1.0932468105322233,0.0,4
2021-07-19,ZM,-0.05274182669652086,-1.8029653387936142,0.0,4
2021-07-20,ZM,-0.060902208433157745,-1.6635262458590607,0.0,4
2021-07-21,ZM,0.010070194951132774,-2.19575907255066,0.0,4
2021-07-22,ZM,-0.023154019769727315,-2.067483569900892,0.0,4
2021-07-23,ZM,-0.008126100820055661,-1.4149819237225338,0.0,4
2021-07-26,ZM,-0.01679366109177268,-1.1039164909277666,0.0,4
2021-07-27,ZM,-0.014955075795114094,-1.2407931895533932,0.0,4
2021-07-28,ZM,-0.022007387730337596,-1.3894743809253007,0.0,4
2021-07-29,ZM,-0.01950482114857213,-0.6095673647247537,0.0,4
2021-07-30,ZM,-0.01699027224864688,-0.5925965872724605,0.0,4
2021-08-02,ZM,-0.01981266456309435,-0.43815460454125826,0.0,4
2021-08-03,ZM,-0.015118351415502617,-0.809860066773356,0.0,4
2021-08-04,ZM,-0.014956236525687757,0.11064219729030192,0.0,4
2021-08-05,ZM,-0.020523897610796593,0.10738929568196666,0.0,4
2021-08-06,ZM,-0.028732930395041496,-0.18939220039957025,0.0,4
2021-08-09,ZM,-0.02863260606985132,0.03587181358089056,0.0,4
2021-08-10,ZM,-0.034307653413181184,-0.22470423931119926,0.0,4
2021-08-11,ZM,-0.00954255949905259,-0.0592480508704001,0.0,4
2021-08-12,ZM,-0.015947297993785157,-0.02622489751235287,0.0,4
2021-08-13,ZM,-0.023305604770855196,-0.5433829071367571,0.0,4
2021-08-16,ZM,-0.02367336235341919,-0.6137957126536931,0.0,4
2021-08-17,ZM,-0.023305604770855196,-0.4905876174972287,0.0,4
2021-08-18,ZM,-0.0066834795766708205,-0.32276234304026824,0.0,4
2021-08-19,ZM,0.01940515116647866,-0.7364484935137954,0.0,4
2021-08-20,ZM,-0.0025393906887284986,-0.6675342443918463,0.0,4
2021-08-23,ZM,0.005577406755114051,-0.9232715366664936,0.0,4
2021-08-24,ZM,0.023701169168979696,-1.1067607877795969,0.0,4
2021-08-25,ZM,0.01952943060359751,-1.1961387383375763,0.0,4
2021-08-26,ZM,0.0005425380913055952,-1.6132898380036833,0.0,4
2021-08-27,ZM,-0.007136638686423803,-1.890013575020233,0.0,4
2021-08-30,ZM,-0.0020857688578828745,-2.1071197795282632,0.0,4
2021-08-31,ZM,0.045308883831205515,-2.473356270967089,0.0,4
2021-09-01,ZM,0.06707027834468447,-2.5643973279192616,0.0,4
2021-09-02,ZM,0.09119841859811742,-2.5894175973031417,0.0,4
2021-09-03,ZM,0.09119841859811742,-2.4975801057750506,0.0,4
2021-09-07,ZM,0.08864470310214947,-2.48813831210337,0.0,4
2021-09-08,ZM,0.06939172281336019,-2.3674709978307997,0.0,4
2021-09-09,ZM,0.06493683593848769,-2.3319458438320892,0.0,4
2021-09-10,ZM,0.06493683593848769,-2.2078516314672507,0.0,4
2021-09-13,ZM,0.08982692067905082,-2.196660996103679,0.0,4
2021-09-14,ZM,0.09279499461020914,-2.122482659808595,0.0,4
2021-09-15,ZM,0.0803584724236904,-1.9716638924499594,0.0,4
2021-09-16,ZM,0.08501570993644963,-1.9846441715971697,0.0,4
2021-09-17,ZM,0.0828483777969575,-1.7852113904490332,0.0,4
2021-09-20,ZM,0.09218068436122508,-2.1027194644546645,0.0,4
2021-09-21,ZM,0.07355537044973567,-2.121018576193306,0.0,4
2021-09-22,ZM,0.05488803972431824,-2.3116445627213515,0.0,4
2021-09-23,ZM,0.0634280473180506,-2.4072950711896337,0.0,4
2021-09-24,ZM,0.08513615696900649,-2.4355184297290506,0.0,4
2021-09-27,ZM,0.07525357612934264,-2.4581257421686145,0.0,4
2021-09-28,ZM,0.08494138005080754,-2.408676810444534,0.0,4
2021-09-29,ZM,0.05248720816365419,-1.4599100893837804,0.0,4
2021-09-30,ZM,0.04128695308234585,-1.207659460655884,0.0,4
2021-10-01,ZM,0.041813635368908864,-1.1874551910374334,0.0,4
2021-10-04,ZM,0.04372678550689448,-1.0082564222711918,0.0,4
2021-10-05,ZM,0.04496026070230669,-1.4269545805052675,0.0,4
2021-10-06,ZM,0.04861907101409325,-1.65551256626274,0.0,4
2021-10-07,ZM,0.04128695308234585,-1.8480626749085547,0.0,4
2021-10-08,ZM,0.046642333970288365,-2.034482726176357,0.0,4
2021-10-11,ZM,0.046013711473754146,-1.9287388382511355,0.0,4
2021-10-12,ZM,0.03327826588649793,-1.3975227150397471,0.0,4
2021-10-13,ZM,0.04051758992973587,0.5910550227671322,0.0,4
2021-10-14,ZM,0.03875485079185189,-0.2685062392961983,0.0,4
2021-10-15,ZM,0.032564462601718046,-1.904210386043604,0.0,4
2021-10-18,ZM,0.04824644132290206,-0.9822141932826519,0.0,4
2021-10-19,ZM,0.04700104717411111,-0.9468265758463983,0.0,4
2021-10-20,ZM,0.047954704388913624,-0.41203934161188377,0.0,4
2021-10-21,ZM,0.0424413691879828,0.013876532319830269,0.0,4
2021-10-22,ZM,0.05402100279644767,0.7415717969203214,0.0,4
2021-10-25,ZM,0.032921000130001855,0.6012845606170615,0.0,4
2021-10-26,ZM,0.03558659527845664,0.3736769020781133,0.0,4
2021-10-27,ZM,0.03643702258798178,0.22819717640467863,0.0,4
2021-10-28,ZM,0.03014561671874907,0.07999953247096832,0.0,4
2021-10-29,ZM,0.03511672602090379,-0.13834288348298743,0.0,4
2021-11-01,ZM,0.019386924977359003,0.07176075431594624,0.0,4
2021-11-02,ZM,0.0036396626386837536,0.2187831291200067,0.0,4
2021-11-03,ZM,0.018950776517800645,0.5078099238826171,0.0,4
2021-11-04,ZM,0.01603271217010461,0.1800534776510998,0.0,4
2021-11-05,ZM,0.022560673772025717,-0.3118269502298882,0.0,4
2021-11-08,ZM,0.03931116623310538,-0.45278072881034476,0.0,4
2021-11-09,ZM,0.03862658719634687,-0.4502081481937047,0.0,4
2021-11-10,ZM,0.05488785971742356,-0.731414502980062,0.0,4
2021-11-11,ZM,0.05848994707261795,-0.6805885534101624,0.0,4
2021-11-12,ZM,0.048246234803466174,-0.5594655295922087,0.0,4
2021-11-15,ZM,0.030938581785756925,-0.5284648950333892,0.0,4
2021-11-16,ZM,0.028297225439879843,-0.5414483438067941,0.0,4
2021-11-17,ZM,0.030239870655387878,-0.5758242626976835,0.0,4
2021-11-18,ZM,0.03355073853372659,-0.7533712192103013,0.0,4
2021-11-19,ZM,0.05172226396585119,-0.9747044499300453,0.0,4
2021-11-22,ZM,0.06310481603211732,-1.1100298499868444,0.0,4
2021-11-23,ZM,0.07363163943351297,-1.6609368122755555,0.0,4
2021-11-24,ZM,0.011471829846840156,-1.553079347485712,0.0,4
2021-11-26,ZM,0.03355578332310634,-1.3422933652383882,0.0,4
2021-11-29,ZM,0.033092228245815945,-1.4127641680344705,0.0,4
2021-11-30,ZM,0.04375293441758353,-1.5504947754232337,0.0,4
2021-12-01,ZM,0.03135142416732623,-1.7233978221517434,0.0,4
2021-12-02,ZM,0.0545284490896577,-1.8906855948678003,0.0,4
2021-12-03,ZM,0.06280048327936709,-1.9062015438522941,0.0,4
2021-12-06,ZM,0.0448881707009512,-2.077934020814759,0.0,4
2021-12-07,ZM,0.037315703052997945,-2.0202286675618386,0.0,4
2021-12-08,ZM,0.02917553338769657,-2.2209213265758607,0.0,4
2021-12-09,ZM,0.053318905604973967,-2.1727480679983655,0.0,4
2021-12-10,ZM,0.03549701133319623,-2.060269482328439,0.0,4
2021-12-13,ZM,0.03383395366731526,-1.9649299642952356,0.0,4
2021-12-14,ZM,0.05999755426570973,-2.0287013767578626,0.0,4
2021-12-15,ZM,0.022921327647936324,-1.995975796928751,0.0,4
2021-12-16,ZM,0.04219363585468824,-2.0225164868569188,0.0,4
2021-12-17,ZM,0.006174400533171794,-1.6286131039698954,0.0,4
2021-12-20,ZM,0.031969665433869955,-1.4092431051136038,0.0,4
2021-12-21,ZM,0.030704630621539088,-1.7376519467217573,0.0,4
2021-12-22,ZM,0.10898840549916573,-1.020645126699439,0.0,4
2021-12-23,ZM,0.1255251739439871,-1.117130003851955,0.0,4
2021-12-27,ZM,0.024871290124808616,-2.0284437780421527,0.0,4
2021-12-28,ZM,0.007859109264982782,-1.813520042777981,0.0,4
2021-12-29,ZM,0.002519610616928126,-1.927173455832566,0.0,4
2021-12-30,ZM,0.0020105006731540413,-1.1967217135993828,0.0,4
2021-12-31,ZM,0.018074596463926965,-0.8895096378679357,0.0,4
2022-01-03,AAPL,-0.012277052558743005,1.779102050653589,0.5,5
2022-01-04,AAPL,-0.021034343485641427,1.205890152470042,0.5,5
2022-01-05,AAPL,0.0023661257239748763,0.8629487055819117,0.5,5
2022-01-06,AAPL,0.005617977053042544,0.6758838416373699,0.5,5
2022-01-07,AAPL,-0.0010464433390310918,0.30070026536548594,0.5,5
2022-01-10,AAPL,0.006792251414692315,0.024356279523435526,0.5,5
2022-01-11,AAPL,-0.0006744853151459344,0.35787904994381936,0.5,5
2022-01-12,AAPL,-0.005741391201546788,0.40085452574237657,0.5,5
2022-01-13,AAPL,-0.006728895617554242,0.2950948098330734,0.5,5
2022-01-14,AAPL,-0.00821288474943843,0.8003686328189755,0.5,5
2022-01-18,AAPL,-0.007589328525271103,0.4951348354242976,0.5,5
2022-01-19,AAPL,-0.006521933937688486,0.35296180871815047,0.5,5
2022-01-20,AAPL,0.007798624101140869,0.4948067736715803,0.5,5
2022-01-21,AAPL,0.003920132116877065,0.4933260367332981,0.5,5
2022-01-24,AAPL,0.012291209512053093,0.7701384291921555,0.5,5
2022-01-25,AAPL,0.009344792263660525,0.5163314515142934,0.5,5
2022-01-26,AAPL,0.006670489464608757,0.46788007674555476,0.5,5
2022-01-27,AAPL,0.005195496177388974,0.522206398310242,0.5,5
2022-01-28,AAPL,-0.005519226956534578,0.9075249902649623,0.5,5
2022-01-31,AAPL,-0.006377394298840281,1.2287188669918454,0.5,5
2022-02-01,AAPL,-0.0017662625433007742,0.8804494556237862,0.5,5
2022-02-02,AAPL,-0.005058820714485502,0.43822022569396263,0.5,5
2022-02-03,AAPL,0.011043263385339567,0.375511493462147,0.5,5
2022-02-04,AAPL,0.009830000442959123,0.3634975249772922,0.5,5
2022-02-07,AAPL,0.013086053723225573,0.33357749876691145,0.5,5
2022-02-08,AAPL,0.004168451565197371,0.4574473557538098,0.5,5
2022-02-09,AAPL,0.004108545595944173,0.3823958543935303,0.5,5
2022-02-10,AAPL,0.0171578315867258,0.395240981307942,0.5,5
2022-02-11,AAPL,0.014536445296600564,0.4046254476807037,0.5,5
2022-02-14,AAPL,0.00762528386067757,0.5412279247611247,0.5,5
2022-02-15,AAPL,0.007072390183464924,0.535013834040127,0.5,5
2022-02-16,AAPL,0.008052068221106299,0.5238802865892416,0.5,5
2022-02-17,AAPL,0.0032125125224499364,0.4388535439270934,0.5,5
2022-02-18,AAPL,-0.0022954535334922302,0.4558862035661817,0.5,5
2022-02-22,AAPL,-0.007071885219998175,0.5143869196202899,0.5,5
2022-02-23,AAPL,-0.011222215140051083,0.26999578749351005,0.5,5
2022-02-24,AAPL,-0.014412634752512735,0.17673656750408667,0.5,5
2022-02-25,AAPL,-0.007289306068276485,0.1460981958575337,0.5,5
2022-02-28,AAPL,-0.003886175486599557,-0.11557177460379825,0.5,5
2022-03-01,AAPL,0.0007320437794461939,-0.007360938528561345,0.5,5
2022-03-02,AAPL,-0.004554758237463464,0.12214180204664679,0.5,5
2022-03-03,AAPL,-0.002978493480431573,0.2501726947758589,0.5,5
2022-03-04,AAPL,-0.002205975494271512,-0.139951838656302,0.5,5
2022-03-07,AAPL,-0.0007287343619666283,0.29012293242676235,0.5,5
2022-03-08,AAPL,-0.002898632177316873,0.36497342197275473,0.5,5
2022-03-09,AAPL,-0.003927545296929305,0.09125887049431902,0.5,5
2022-03-10,AAPL,0.0012943335581089741,0.008259475367298763,0.5,5
2022-03-11,AAPL,-0.0018102155939061365,-0.007895490021793988,0.5,5
2022-03-14,AAPL,-0.003579870977853192,-0.18466125070992512,0.5,5
2022-03-15,AAPL,0.0007557652956062676,-0.2005997957283833,0.5,5
2022-03-16,AAPL,0.005508769014418591,-0.26407471256769743,0.5,5
2022-03-17,AAPL,-0.0005024046155562756,-0.6159255719011483,0.5,5
2022-03-18,AAPL,-0.00451501684353552,-1.050666676009356,0.5,5
2022-03-21,AAPL,-0.005087336501483657,-1.2152006053348077,0.5,5
2022-03-22,AAPL,-0.007394622430394976,-1.1166711617888856,0.5,5
2022-03-23,AAPL,-0.009029506724301842,-0.806357984098915,0.5,5
2022-03-24,AAPL,-0.015663692081072517,-0.502134683876629,0.5,5
2022-03-25,AAPL,-0.00237036056953571,-0.21248809581835992,0.5,5
2022-03-28,AAPL,-0.0032296606860104126,-0.2799642960929637,0.5,5
2022-03-29,AAPL,-0.0075320456623693965,-0.5645000536708152,0.5,5
2022-03-30,AAPL,-0.006955458379488047,-0.5212576108242324,0.5,5
2022-03-31,AAPL,-0.0033080061572056344,-0.8778115856943786,0.5,5
2022-04-01,AAPL,0.0016759722661115707,-0.6607339627634321,0.5,5
2022-04-04,AAPL,0.0068048678017768455,-0.47743633342858605,0.5,5
2022-04-05,AAPL,0.012818983247366559,-0.47722664448791446,0.5,5
2022-04-06,AAPL,0.021624666126050386,-0.376580613893524,0.5,5
2022-04-07,AAPL,0.004388932225582142,0.061574569931368464,0.5,5
2022-04-08,AAPL,0.001364091180555808,0.28062030850520425,0.5,5
2022-04-11,AAPL,0.010830246167856834,0.5978830158258104,0.5,5
2022-04-12,AAPL,0.0011594921945437624,0.978552792689195,0.5,5
2022-04-13,AAPL,0.001565984237893261,1.197187590408378,0.5,5
2022-04-14,AAPL,-0.0050438495198793926,1.235496732458532,0.5,5
2022-04-18,AAPL,-0.007190327648340624,1.060124828842235,0.5,5
2022-04-19,AAPL,-0.007497813388709073,0.8680119880686092,0.5,5
2022-04-20,AAPL,-0.006172331556426452,0.8031014322653471,0.5,5
2022-04-21,AAPL,-0.006684549551071576,0.7792967749766615,0.5,5
2022-04-22,AAPL,-0.00032519154784519527,0.8423801649656667,0.5,5
2022-04-25,AAPL,-0.002742473681094226,0.6132503177446825,0.5,5
2022-04-26,AAPL,-0.0022232564799837713,0.5825588244595188,0.5,5
2022-04-27,AAPL,-0.0035632566920912744,0.447000985694726,0.5,5
2022-04-28,AAPL,-0.0024318156224926004,0.5325610607973451,0.5,5
2022-04-29,AAPL,0.024934376328066738,0.4498375848221399,0.5,5
2022-05-02,AAPL,0.01731119954494694,0.36260998478264267,0.5,5
2022-05-03,AAPL,0.011338152088680598,0.2466803433279286,0.5,5
2022-05-04,AAPL,0.005276788130712651,0.4825965618882664,0.5,5
2022-05-05,AAPL,0.026426545179771912,0.3939379103971976,0.5,5
2022-05-06,AAPL,0.007968493695851453,0.5589276414615305,0.5,5
2022-05-09,AAPL,0.02875386653568374,0.5235213745196472,0.5,5
2022-05-10,AAPL,0.011912655931242981,0.5291776214237713,0.5,5
2022-05-11,AAPL,0.035718317189648914,0.3405107204280525,0.5,5
2022-05-12,AAPL,0.014959542315028182,0.24835163322386256,0.5,5
2022-05-13,AAPL,0.0019080470904905237,0.09398904332954311,0.5,5
2022-05-16,AAPL,0.01901432139332874,0.10235310101801845,0.5,5
2022-05-17,AAPL,0.017245172439822428,0.1616848092047823,0.5,5
2022-05-18,AAPL,0.03557367898939915,-0.16858266426093232,0.5,5
2022-05-19,AAPL,0.03042403507118041,-0.7113235037654508,0.5,5
2022-05-20,AAPL,0.03133921247811362,-0.6386651084993019,0.5,5
2022-05-23,AAPL,0.02735477855205698,-0.0848037764729411,0.5,5
2022-05-24,AAPL,0.01602178695834846,-0.3478262996554894,0.5,5
2022-05-25,AAPL,0.014425095755181092,-0.4578930951680723,0.5,5
2022-05-26,AAPL,0.005829130500836942,-0.6965817073771265,0.5,5
2022-05-27,AAPL,-3.869629187836666e-05,-1.3039551508399714,0.5,5
2022-05-31,AAPL,0.007970003235123308,-1.2109703968235697,0.5,5
2022-06-01,AAPL,0.0062559853168132565,-1.4005826537027106,0.5,5
2022-06-02,AAPL,0.0013117391697527615,-1.9213690792281395,0.5,5
2022-06-03,AAPL,0.0028934034606025263,-1.889949854205367,0.5,5
2022-06-06,AAPL,0.0001597860520466432,-1.7899038943922823,0.5,5
2022-06-07,AAPL,-0.009340798089979046,-1.7464294769101967,0.5,5
2022-06-08,AAPL,-0.00697716449734181,-1.4245609665682326,0.5,5
2022-06-09,AAPL,0.003020120280640105,-1.2119351775415903,0.5,5
2022-06-10,AAPL,0.0011097910198969302,-1.1551240858185645,0.5,5
2022-06-13,AAPL,-0.007883662504170896,-1.088896099769418,0.5,5
2022-06-14,AAPL,-0.003139541965240088,-0.9526839842578001,0.5,5
2022-06-15,AAPL,0.0032341080710980023,-0.9883934931183637,0.5,5
2022-06-16,AAPL,0.00809425764331991,-0.8020700982083488,0.5,5
2022-06-17,AAPL,-0.0033275983227449998,-0.5778617676930766,0.5,5
2022-06-21,AAPL,-0.010413951429361752,-0.6278112489853847,0.5,5
2022-06-22,AAPL,-0.0045555814326910206,-0.8068905630600995,0.5,5
2022-06-23,AAPL,-0.008070473789169174,-0.7404619057153585,0.5,5
2022-06-24,AAPL,-0.009832655087960591,-0.8239477515554483,0.5,5
2022-06-27,AAPL,-0.007592765265024883,-0.5812988879127373,0.5,5
2022-06-28,AAPL,-0.012521148751755322,-0.7548935874309688,0.5,5
2022-06-29,AAPL,-0.007306217748241692,-0.31474985916418163,0.5,5
2022-06-30,AAPL,-0.010572364914499971,-0.4046187378654787,0.5,5
2022-01-03,AMZN,-0.005741628776777507,-0.7234024375665793,0.5,5
2022-01-04,AMZN,0.0011116946671573741,-0.7976016707475284,0.5,5
2022-01-05,AMZN,-0.004399862105718833,-0.813333264461061,0.5,5
2022-01-06,AMZN,0.0032049941561976304,-0.3088658814168551,0.5,5
2022-01-07,AMZN,-0.004986457423543586,-0.6558168316679595,0.5,5
2022-01-10,AMZN,-0.003434616620920514,-0.5525199827442567,0.5,5
2022-01-11,AMZN,-0.005342676168542139,-0.17538496188088257,0.5,5
2022-01-12,AMZN,-0.008962810236466568,-0.31893811896817104,0.5,5
2022-01-13,AMZN,-0.003866679074648667,-0.08284114971833671,0.5,5
2022-01-14,AMZN,-0.005100223982446087,0.21965034095212102,0.5,5
2022-01-18,AMZN,-0.0038984376838622726,-0.09791487097027957,0.5,5
2022-01-19,AMZN,-0.003637313597499654,-0.09842048712684823,0.5,5
2022-01-20,AMZN,0.005321635459129899,-0.4866833752410098,0.5,5
2022-01-21,AMZN,0.00430409862221596,-0.6995193627037685,0.5,5
2022-01-24,AMZN,0.008649994738563049,-0.4216189165913085,0.5,5
2022-01-25,AMZN,0.00555158431859805,-0.411506890798574,0.5,5
2022-01-26,AMZN,0.00045857263670556335,-0.7027347341299119,0.5,5
2022-01-27,AMZN,0.0019317843889625143,-0.4527433472323418,0.5,5
2022-01-28,AMZN,-0.0018587489824042564,-0.4207495890432993,0.5,5
2022-01-31,AMZN,-0.00788098753776831,-0.620387610981137,0.5,5
2022-02-01,AMZN,-0.0005942662178113751,-0.5812689309269825,0.5,5
2022-02-02,AMZN,-0.007683123943374223,-0.36884278166600015,0.5,5
2022-02-03,AMZN,0.03221001484086452,-0.5456726275344104,0.5,5
2022-02-04,AMZN,0.062012475321391584,1.1384969285226878,0.5,5
2022-02-07,AMZN,0.08836113078832705,1.2683599205152956,0.5,5
2022-02-08,AMZN,0.0985572240381753,1.6837516259085636,0.5,5
2022-02-09,AMZN,0.09540632372528023,1.4935877003569495,0.5,5
2022-02-10,AMZN,0.09527088403792054,1.4264761193436422,0.5,5
2022-02-11,AMZN,0.1150735538617964,1.4952723069002067,0.5,5
2022-02-14,AMZN,0.09345947031874671,1.6253616928846926,0.5,5
2022-02-15,AMZN,0.09812238290168544,1.4391954085922025,0.5,5
2022-02-16,AMZN,0.10824470708362666,1.4115639744334039,0.5,5
2022-02-17,AMZN,0.11379639883055434,1.719455689892106,0.5,5
2022-02-18,AMZN,0.11186910473179618,2.273864355042834,0.5,5
2022-02-22,AMZN,0.1143313697828453,2.199538361282912,0.5,5
2022-02-23,AMZN,0.11710658710803927,2.082372374916153,0.5,5
2022-02-24,AMZN,0.10785782442861304,2.2727452119056286,0.5,5
2022-02-25,AMZN,0.0959283724216674,2.197002082065944,0.5,5
2022-02-28,AMZN,0.09287061909614533,2.194449996083569,0.5,5
2022-03-01,AMZN,0.07121979365528329,1.9954569456456261,0.5,5
2022-03-02,AMZN,0.07123906819278221,1.897369505450238,0.5,5
2022-03-03,AMZN,0.0685663682325634,2.038205877000917,0.5,5
2022-03-04,AMZN,0.09238145681862378,2.5929485851903378,0.5,5
2022-03-07,AMZN,0.008341396604916756,-0.09511911130678859,0.5,5
2022-03-08,AMZN,0.0048491360617272826,-0.21278857708240673,0.5,5
2022-03-09,AMZN,0.010625303979145014,-0.591194397292718,0.5,5
2022-03-10,AMZN,0.007335110248066385,0.32919834278416565,0.5,5
2022-03-11,AMZN,0.00495308117575234,0.32225295262681425,0.5,5
2022-03-14,AMZN,0.003144031616405195,0.28204567565951605,0.5,5
2022-03-15,AMZN,0.012137576971096305,0.3528207781630344,0.5,5
2022-03-16,AMZN,0.015158996417134012,0.5329474346841376,0.5,5
2022-03-17,AMZN,0.02249907198055796,0.5806777475532917,0.5,5
2022-03-18,AMZN,0.016904786899848836,0.17273714228664472,0.5,5
2022-03-21,AMZN,0.018002801503554378,0.040055326016847775,0.5,5
2022-03-22,AMZN,0.03163799044269313,0.4163259336888892,0.5,5
2022-03-23,AMZN,-0.0015033938698311904,0.49016019029966856,0.5,5
2022-03-24,AMZN,-0.00024396131861520863,-0.18781721761724657,0.5,5
2022-03-25,AMZN,-0.005740070214790791,-0.07067557815121844,0.5,5
2022-03-28,AMZN,0.011857510243877864,0.3525374404317011,0.5,5
2022-03-29,AMZN,-0.005504876038998598,-0.13063251001105222,0.5,5
2022-03-30,AMZN,-0.007480459452611231,0.11731322451677395,0.5,5
2022-03-31,AMZN,0.004098843307207318,0.31072508406733707,0.5,5
2022-04-01,AMZN,-0.003464480791946808,0.302487728035331,0.5,5
2022-04-04,AMZN,-0.00472673722729728,0.4388227692883169,0.5,5
2022-04-05,AMZN,0.005954410384565533,0.761111466253713,0.5,5
2022-04-06,AMZN,0.0021983943607913506,1.3014674589284496,0.5,5
2022-04-07,AMZN,0.0002651857619338536,-0.2623229938214148,0.5,5
2022-04-08,AMZN,-0.015602078214936945,-0.7911925370525779,0.5,5
2022-04-11,AMZN,-0.013357089574091555,-0.5167924346816827,0.5,5
2022-04-12,AMZN,-0.007302766886306006,-0.30518101561038397,0.5,5
2022-04-13,AMZN,-0.008828536467278277,0.013465482398734296,0.5,5
2022-04-14,AMZN,-0.007905132473826574,-0.12931429665137364,0.5,5
2022-04-18,AMZN,-0.00674578756203617,0.0701167997411884,0.5,5
2022-04-19,AMZN,-0.011862677395730487,0.12585026497173202,0.5,5
2022-04-20,AMZN,-0.005000082697250932,0.03610300468302208,0.5,5
2022-04-21,AMZN,-0.006641083203886053,-0.15907879208598175,0.5,5
2022-04-22,AMZN,-0.009784435286117337,0.058025017967992254,0.5,5
2022-04-25,AMZN,-0.010897935439918172,-0.1661236654309989,0.5,5
2022-04-26,AMZN,-0.0033338663482822563,-0.2525067021569955,0.5,5
2022-04-27,AMZN,-0.006245058832427589,-0.18788584577003067,0.5,5
2022-04-28,AMZN,-0.006809971000560002,-0.17625630121084956,0.5,5
2022-04-29,AMZN,0.07331432391492562,-0.477524525503714,0.5,5
2022-05-02,AMZN,0.0541603204973027,-0.8828016058790169,0.5,5
2022-05-03,AMZN,0.047503898109270554,-0.8941183947993601,0.5,5
2022-05-04,AMZN,0.05019155594531496,-1.1150904761577305,0.5,5
2022-05-05,AMZN,0.07535372472628574,-1.2126034217213952,0.5,5
2022-05-06,AMZN,0.04009101671794675,-1.3624716435744642,0.5,5
2022-05-09,AMZN,0.07950845488063352,-1.1185555498829216,0.5,5
2022-05-10,AMZN,0.05365274286455312,-1.2303871725824136,0.5,5
2022-05-11,AMZN,0.07368051436193163,-1.0592910265578455,0.5,5
2022-05-12,AMZN,0.011217282747409575,-1.2890338494180134,0.5,5
2022-05-13,AMZN,0.0042101152951681065,-1.772928223961784,0.5,5
2022-05-16,AMZN,0.0470017605848964,-1.4663814088557812,0.5,5
2022-05-17,AMZN,0.028311288900569463,-1.447690393736514,0.5,5
2022-05-18,AMZN,0.06414721426493694,-1.5118142377818409,0.5,5
2022-05-19,AMZN,0.03768972686059689,-1.851239525660587,0.5,5
2022-05-20,AMZN,0.03821418339716083,-1.6985266898963303,0.5,5
2022-05-23,AMZN,0.032259673118194145,-1.5616856506422843,0.5,5
2022-05-24,AMZN,0.03997531122719323,-1.610045277749752,0.5,5
2022-05-25,AMZN,0.0035102975232223733,-2.109765207955948,0.5,5
2022-05-26,AMZN,0.004072953112824963,-1.9565464340703573,0.5,5
2022-05-27,AMZN,0.05142258706161278,-0.8513262755942077,0.5,5
2022-05-31,AMZN,0.05442718274481363,0.027411836700722003,0.5,5
2022-06-01,AMZN,0.07262507034662403,0.7035858573247324,0.5,5
2022-06-02,AMZN,0.04140066181115181,0.5927044653986797,0.5,5
2022-06-03,AMZN,0.022572176032232723,0.44117656573065644,0.5,5
2022-06-06,AMZN,0.01769794296123282,0.6151307435807497,0.5,5
2022-06-07,AMZN,0.004019702211578641,0.2684329785903567,0.5,5
2022-06-08,AMZN,0.009593584833332738,0.2698100414864413,0.5,5
2022-06-09,AMZN,0.02236394015662327,0.15742434947603395,0.5,5
2022-06-10,AMZN,0.09727441397260149,0.3224585949647426,0.5,5
2022-06-13,AMZN,0.07860866077666452,0.0684387578624295,0.5,5
2022-06-14,AMZN,0.07642542213698617,-0.06569852871349896,0.5,5
2022-06-15,AMZN,0.06677062411468504,-0.0456764329708553,0.5,5
2022-06-16,AMZN,0.013742460727005988,-0.3399449747769289,0.5,5
2022-06-17,AMZN,-0.0005848844039198191,-0.21447952671645049,0.5,5
2022-06-21,AMZN,-0.004794672293848752,-0.34502531789093455,0.5,5
2022-06-22,AMZN,-0.00037129847301172467,-0.18800898942078112,0.5,5
2022-06-23,AMZN,-0.005217311844212639,0.20854270224693638,0.5,5
2022-06-24,AMZN,0.009196116529523651,0.430161851135227,0.5,5
2022-06-27,AMZN,-0.005751261978891397,-0.0744671693987537,0.5,5
2022-06-28,AMZN,0.04393948501793223,0.5267998646872053,0.5,5
2022-06-29,AMZN,-0.005457778779368534,-0.6848565312902684,0.5,5
2022-06-30,AMZN,-0.005875728803265297,-1.0269239418568032,0.5,5
2022-01-03,GOOGL,0.009355450418370236,0.07398241416499984,0.5,5
2022-01-04,GOOGL,0.011575562868856583,0.27472052913193823,0.5,5
2022-01-05,GOOGL,0.003361490858821248,-0.3702678569639688,0.5,5
2022-01-06,GOOGL,-0.0005784162965640401,-0.3889590212663022,0.5,5
2022-01-07,GOOGL,-0.0011394481292196514,-0.634723904507173,0.5,5
2022-01-10,GOOGL,0.0022602426506346677,-0.428820344316825,0.5,5
2022-01-11,GOOGL,0.00012586859962534613,-0.29160410444829704,0.5,5
2022-01-12,GOOGL,-0.001428356055596934,0.11335341531374143,0.5,5
2022-01-13,GOOGL,-0.002248486707066861,0.24482715314022419,0.5,5
2022-01-14,GOOGL,-0.001428356055596934,0.454472639847626,0.5,5
2022-01-18,GOOGL,0.0005267223123594294,0.4158320918830922,0.5,5
2022-01-19,GOOGL,-0.0015270131558025666,0.2252626406427841,0.5,5
2022-01-20,GOOGL,-0.0007557751447635811,-0.17851586424806165,0.5,5
2022-01-21,GOOGL,0.003334175759094602,0.01104489050890528,0.5,5
2022-01-24,GOOGL,0.0017132398555982017,0.020654347196504108,0.5,5
2022-01-25,GOOGL,0.009903225029480019,0.15069984748343068,0.5,5
2022-01-26,GOOGL,6.641416493487278e-06,0.15335938225588186,0.5,5
2022-01-27,GOOGL,-0.0005990817712217089,0.23504421923936883,0.5,5
2022-01-28,GOOGL,0.0010567503177827471,0.46789710315021416,0.5,5
2022-01-31,GOOGL,0.002259712029971053,0.5679830812490384,0.5,5
2022-02-01,GOOGL,-0.00020184674551279109,0.7232441227749798,0.5,5
2022-02-02,GOOGL,-0.016040502102287694,0.7559086583821291,0.5,5
2022-02-03,GOOGL,0.023182385300477743,1.0018208490588898,0.5,5
2022-02-04,GOOGL,0.005088042089877879,0.573318482755228,0.5,5
2022-02-07,GOOGL,0.02258917128742617,0.6355383196568534,0.5,5
2022-02-08,GOOGL,0.00637314443527432,0.38960492025695653,0.5,5
2022-02-09,GOOGL,0.006311002644851491,0.4603563838057497,0.5,5
2022-02-10,GOOGL,0.019519779531998446,0.4160931096741854,0.5,5
2022-02-11,GOOGL,0.020859656138721313,0.3804203554947158,0.5,5
2022-02-14,GOOGL,0.000520208701012324,0.3837075963177475,0.5,5
2022-02-15,GOOGL,0.0011361967250869617,0.32870899470801773,0.5,5
2022-02-16,GOOGL,7.554927794442673e-05,0.28204589869657687,0.5,5
2022-02-17,GOOGL,0.0011894269694090504,0.16374372765986622,0.5,5
2022-02-18,GOOGL,-0.0008866239630517135,0.23972530779450318,0.5,5
2022-02-22,GOOGL,-0.015858331551692046,0.20401272745608517,0.5,5
2022-02-23,GOOGL,-0.0136770749901703,0.2562778920153789,0.5,5
2022-02-24,GOOGL,-0.01580516593578276,0.2090900717034696,0.5,5
2022-02-25,GOOGL,-0.010309922956127333,0.14583706341169306,0.5,5
2022-02-28,GOOGL,-0.004374004057352774,0.2296765844621364,0.5,5
2022-03-01,GOOGL,-0.013798506552715369,0.15694235888340968,0.5,5
2022-03-02,GOOGL,-0.008046547219730133,0.22633622060564962,0.5,5
2022-03-03,GOOGL,-0.004219964972962146,-0.2761639328380233,0.5,5
2022-03-04,GOOGL,0.006670855042095269,-0.27047734343785523,0.5,5
2022-03-07,GOOGL,-0.0009090095918870473,-0.23565762808657464,0.5,5
2022-03-08,GOOGL,-0.005674713587599318,0.22289398986478165,0.5,5
2022-03-09,GOOGL,-0.008384529204643238,0.3560118466043634,0.5,5
2022-03-10,GOOGL,0.0019820476039635274,0.4538955022560307,0.5,5
2022-03-11,GOOGL,0.0019820476039635274,0.4823062297951779,0.5,5
2022-03-14,GOOGL,-0.00653413448412589,0.2088792024546513,0.5,5
2022-03-15,GOOGL,-0.00803160732088641,-0.013049865146704753,0.5,5
2022-03-16,GOOGL,-0.005588935749101421,0.08534441231307222,0.5,5
2022-03-17,GOOGL,-0.003852190447859189,-0.14460885741652796,0.5,5
2022-03-18,GOOGL,-0.004124700838522062,-0.26633095015825836,0.5,5
2022-03-21,GOOGL,-0.003350989583590422,-0.36503683912387536,0.5,5
2022-03-22,GOOGL,-0.015023441370945042,-0.365101529911912,0.5,5
2022-03-23,GOOGL,-0.008037359153376248,-0.4116136832695037,0.5,5
2022-03-24,GOOGL,-0.004167295551323253,-0.42347460664530834,0.5,5
2022-03-25,GOOGL,-0.009784049919525691,-0.37547444748953884,0.5,5
2022-03-28,GOOGL,-0.009326943954847667,-0.5502326430320359,0.5,5
2022-03-29,GOOGL,-0.009251432755121535,-1.1707850757825824,0.5,5
2022-03-30,GOOGL,-0.00298803098957673,-0.7927581449832362,0.5,5
2022-03-31,GOOGL,0.004275064573666572,-1.0614912861071004,0.5,5
2022-04-01,GOOGL,0.00120631171059802,-0.7723343934308371,0.5,5
2022-04-04,GOOGL,-0.0023815210343663936,-0.5274967705330404,0.5,5
2022-04-05,GOOGL,0.007495417835857401,-0.6278504320781627,0.5,5
2022-04-06,GOOGL,0.014090986928247989,-1.1454692685315204,0.5,5
2022-04-07,GOOGL,0.009080483472479615,-1.2892203916661662,0.5,5
2022-04-08,GOOGL,0.00735939845857411,-1.2735927437809997,0.5,5
2022-04-11,GOOGL,-0.0017459118819656803,-1.1973196330688136,0.5,5
2022-04-12,GOOGL,-0.001077404327237804,-0.910106378250304,0.5,5
2022-04-13,GOOGL,-0.0010359587793183666,-0.6572233202756266,0.5,5
2022-04-14,GOOGL,0.0013343150290410525,-0.35205136699263107,0.5,5
2022-04-18,GOOGL,-0.002022616282427745,-0.004567158594744131,0.5,5
2022-04-19,GOOGL,-0.0035887144955715636,-0.003402247882497822,0.5,5
2022-04-20,GOOGL,-0.002730662659299327,-0.14312957010718474,0.5,5
2022-04-21,GOOGL,-0.00176587533086784,-0.06590141915604417,0.5,5
2022-04-22,GOOGL,-0.0008635220601681667,-0.2036218149565571,0.5,5
2022-04-25,GOOGL,-0.00395632268865273,-0.25668634576370614,0.5,5
2022-04-26,GOOGL,-0.0029282693266685215,-0.07862905807381973,0.5,5
2022-04-27,GOOGL,-0.00406376981175374,-0.29540855016468304,0.5,5
2022-04-28,GOOGL,-0.01726223300909394,-0.7641393262254939,0.5,5
2022-04-29,GOOGL,0.027019296745980838,-0.4790850855527867,0.5,5
2022-05-02,GOOGL,0.015456227238400455,-0.6017366501262511,0.5,5
2022-05-03,GOOGL,0.014052454122065936,-0.5307023632061408,0.5,5
2022-05-04,GOOGL,0.008049948519982643,-0.44228962906395575,0.5,5
2022-05-05,GOOGL,0.033334537776714135,-0.2554634848926354,0.5,5
2022-05-06,GOOGL,0.019991168946981386,-0.07544335196366547,0.5,5
2022-05-09,GOOGL,0.037456642503184825,0.024728328323288612,0.5,5
2022-05-10,GOOGL,0.016528738829165054,0.0981673431076179,0.5,5
2022-05-11,GOOGL,0.01980135268234259,0.3092545159670947,0.5,5
2022-05-12,GOOGL,0.002309453317899812,0.41903520330414357,0.5,5
2022-05-13,GOOGL,-0.006482725699715225,0.33184494225883476,0.5,5
2022-05-16,GOOGL,0.015774213258484736,0.22702104531941036,0.5,5
2022-05-17,GOOGL,0.012701810621267143,0.1423945399531147,0.5,5
2022-05-18,GOOGL,0.037210070809608975,0.19517290891860992,0.5,5
2022-05-19,GOOGL,0.01813246505415574,-0.17363212431753802,0.5,5
2022-05-20,GOOGL,0.020813480807787287,-0.1305495947700378,0.5,5
2022-05-23,GOOGL,0.01330868348191611,-0.03723907819664671,0.5,5
2022-05-24,GOOGL,0.013229052886708087,-0.42218509190382125,0.5,5
2022-05-25,GOOGL,0.0015679007624968134,-0.456695633545754,0.5,5
2022-05-26,GOOGL,-0.00018809952192540183,-0.5222037757919719,0.5,5
2022-05-27,GOOGL,-0.004075440716701651,-0.8449058445489999,0.5,5
2022-05-31,GOOGL,-0.00141523041025165,-0.7804200536227383,0.5,5
2022-06-01,GOOGL,-0.004815764337767849,-0.8899977246926524,0.5,5
2022-06-02,GOOGL,-0.0038711611787745465,-0.9540447089506552,0.5,5
2022-06-03,GOOGL,0.0019647205992012833,-0.9606786333575812,0.5,5
2022-06-06,GOOGL,-0.0023443236642751867,-0.6737804807740244,0.5,5
2022-06-07,GOOGL,-0.003095413234033564,-0.9045943570957884,0.5,5
2022-06-08,GOOGL,-0.004316105411170665,-0.7376894817862291,0.5,5
2022-06-09,GOOGL,0.0007543185538315658,-0.8834212066082496,0.5,5
2022-06-10,GOOGL,0.00598109102236615,-0.8909667460356396,0.5,5
2022-06-13,GOOGL,0.0029870498933981665,-0.6711461668289584,0.5,5
2022-06-14,GOOGL,0.013760437366888355,-0.5755336307704556,0.5,5
2022-06-15,GOOGL,0.012309787536242062,-0.5658516132085356,0.5,5
2022-06-16,GOOGL,0.018825288892704524,-0.47194193000083384,0.5,5
2022-06-17,GOOGL,-0.001750668802661143,-0.42592817240495207,0.5,5
2022-06-21,GOOGL,-0.004564900984452703,-0.21516799167651102,0.5,5
2022-06-22,GOOGL,-0.0010707856911892823,-0.30585567486803195,0.5,5
2022-06-23,GOOGL,-0.00858718934880341,-0.03707535424727598,0.5,5
2022-06-24,GOOGL,-0.009168663477126702,0.4017490863645362,0.5,5
2022-06-27,GOOGL,-0.004978454849464379,0.7175819169519342,0.5,5
2022-06-28,GOOGL,-0.007422296238714902,0.5522967101382223,0.5,5
2022-06-29,GOOGL,-0.0045500177905953895,0.3686345764975877,0.5,5
2022-06-30,GOOGL,-0.004941293200972884,0.23389029894357383,0.5,5
2022-01-03,INTC,-0.012384615704654305,0.7765379105085397,0.5,5
2022-01-04,INTC,-0.0074706214925858196,0.5199380821474926,0.5,5
2022-01-05,INTC,-0.010281178828003246,0.24583868516061846,0.5,5
2022-01-06,INTC,-0.009387384371158573,1.1728952051610742,0.5,5
2022-01-07,INTC,-0.01200250253463587,1.1598042953617171,0.5,5
2022-01-10,INTC,-0.01848464554481499,1.4372285023471907,0.5,5
2022-01-11,INTC,-0.01855940421840929,1.921383650837149,0.5,5
2022-01-12,INTC,-0.018122204742261377,2.114477656377931,0.5,5
2022-01-13,INTC,-0.01592538361339377,1.9490446786574116,0.5,5
2022-01-14,INTC,-0.0178556175661034,1.8554041013074833,0.5,5
2022-01-18,INTC,-0.006463270308088054,1.7137352705495712,0.5,5
2022-01-19,INTC,0.00023054633119837202,1.930111874381098,0.5,5
2022-01-20,INTC,0.012154193008486887,1.7426932359717062,0.5,5
2022-01-21,INTC,0.005343050280197341,1.8352335703922629,0.5,5
2022-01-24,INTC,0.00819696172063615,2.052607603626919,0.5,5
2022-01-25,INTC,-0.0036340692617231806,1.4967798663376755,0.5,5
2022-01-26,INTC,-0.007572731066109404,1.4570069297446406,0.5,5
2022-01-27,INTC,-0.021781449318203177,0.2610863652354011,0.5,5
2022-01-28,INTC,-0.02254589246136626,0.003636044851523579,0.5,5
2022-01-31,INTC,-0.01795516799728205,-0.008911082452818353,0.5,5
2022-02-01,INTC,-0.014452838315376521,-0.3555768748560215,0.5,5
2022-02-02,INTC,-0.020320651063564604,-0.20592530281382804,0.5,5
2022-02-03,INTC,0.011013267689926665,-0.42843706167867046,0.5,5
2022-02-04,INTC,0.003846144527896702,-0.6706709806640875,0.5,5
2022-02-07,INTC,0.005184437910766968,-0.5761193533722353,0.5,5
2022-02-08,INTC,0.004465709679072517,-0.6452015873761321,0.5,5
2022-02-09,INTC,0.0027840520037242665,-0.5718831029426867,0.5,5
2022-02-10,INTC,0.011546352917135218,-0.6103744747577888,0.5,5
2022-02-11,INTC,0.017514063082809363,-0.5667697845240989,0.5,5
2022-02-14,INTC,0.0009234802179222827,-0.6778283186471795,0.5,5
2022-02-15,INTC,-0.002900738998305864,-0.7270516401070892,0.5,5
2022-02-16,INTC,0.0035716075049659645,-0.5530616922158913,0.5,5
2022-02-17,INTC,0.00785997910175333,-0.3003715920576483,0.5,5
2022-02-18,INTC,0.00832574721956471,-0.6089310667596611,0.5,5
2022-02-22,INTC,0.003980064721791714,-0.5306748905925222,0.5,5
2022-02-23,INTC,0.01652249901694416,-0.34612934479547575,0.5,5
2022-02-24,INTC,0.026744980174854584,-0.16390804711428342,0.5,5
2022-02-25,INTC,0.021735327339945,0.2892755494074929,0.5,5
2022-02-28,INTC,0.02246933669157381,0.5991131495834138,0.5,5
2022-03-01,INTC,0.018029016441473335,0.5880130027613779,0.5,5
2022-03-02,INTC,0.021706331647240795,0.9862676593060447,0.5,5
2022-03-03,INTC,0.025050123589801035,1.1313016281039017,0.5,5
2022-03-04,INTC,0.0242328823433319,0.9683849932690375,0.5,5
2022-03-07,INTC,0.02578047158022372,1.9014914719888365,0.5,5
2022-03-08,INTC,0.025419641907879292,2.209431368248445,0.5,5
2022-03-09,INTC,0.030212318775243597,1.455078084444882,0.5,5
2022-03-10,INTC,0.029846402935264735,1.299759305371548,0.5,5
2022-03-11,INTC,0.03132332952264693,1.1788606743687229,0.5,5
2022-03-14,INTC,0.03567828779956462,1.0267176266136222,0.5,5
2022-03-15,INTC,0.032753893885922265,0.6822737519883973,0.5,5
2022-03-16,INTC,0.03172305309532498,0.6954861658330239,0.5,5
2022-03-17,INTC,0.02532268434285088,0.40586650621586357,0.5,5
2022-03-18,INTC,0.02561289160534582,-0.36406381408641475,0.5,5
2022-03-21,INTC,0.02419068794642677,0.0015609590314789902,0.5,5
2022-03-22,INTC,0.011146664663287389,-0.026971087993044193,0.5,5
2022-03-23,INTC,0.02273011673009316,-0.17485708605967268,0.5,5
2022-03-24,INTC,0.0017708343938289094,0.15773372015145812,0.5,5
2022-03-25,INTC,0.006303637937241402,0.2663351636786091,0.5,5
2022-03-28,INTC,0.014658948675260122,0.11762754691536217,0.5,5
2022-03-29,INTC,-0.0018306628768970745,-0.17628477656639208,0.5,5
2022-03-30,INTC,0.002924774296337667,-0.798968131631528,0.5,5
2022-03-31,INTC,0.011886244968458207,-1.0885144667832445,0.5,5
2022-04-01,INTC,0.014899727992803926,-1.7784222309392188,0.5,5
2022-04-04,INTC,0.004460866180768196,-1.4747129452184182,0.5,5
2022-04-05,INTC,0.007809654027772955,-1.9311402308602077,0.5,5
2022-04-06,INTC,0.008310512158931792,-1.7688480784358824,0.5,5
2022-04-07,INTC,0.0031125702841769726,-1.5350570305004414,0.5,5
2022-04-08,INTC,0.0015883424125236485,-1.357552346194661,0.5,5
2022-04-11,INTC,-0.007204652800287714,-0.7531364116882253,0.5,5
2022-04-12,INTC,-0.006420527198381903,-0.0014414294519700666,0.5,5
2022-04-13,INTC,-0.0087278778952143,-0.13578812414090752,0.5,5
2022-04-14,INTC,-0.00945267322939653,-0.07150818858812835,0.5,5
2022-04-18,INTC,-0.006871988347187598,0.6656997030633346,0.5,5
2022-04-19,INTC,-0.006488083720876934,0.8893306343047751,0.5,5
2022-04-20,INTC,-0.007901037336604574,0.7895902828810409,0.5,5
2022-04-21,INTC,-0.0094256476707939,0.7747868000417311,0.5,5
2022-04-22,INTC,-0.009520976407523817,0.30293313459821486,0.5,5
2022-04-25,INTC,0.0037368803047396126,0.4269373431503247,0.5,5
2022-04-26,INTC,0.01888124352138553,0.8263195911808298,0.5,5
2022-04-27,INTC,0.016488383152996687,0.6612519945283739,0.5,5
2022-04-28,INTC,0.027574631321494254,0.8463796161697984,0.5,5
2022-04-29,INTC,0.046366213850341245,0.49190340960531137,0.5,5
2022-05-02,INTC,0.036896385095724966,1.0262590237783429,0.5,5
2022-05-03,INTC,0.03782597247564677,0.9451650005000863,0.5,5
2022-05-04,INTC,0.03391876420285638,1.1005732378520496,0.5,5
2022-05-05,INTC,0.045514920757679427,1.05430407697994,0.5,5
2022-05-06,INTC,0.03535863012862461,1.1527433698524807,0.5,5
2022-05-09,INTC,0.04684579198070782,1.0692290039822496,0.5,5
2022-05-10,INTC,0.03355883347196818,1.009834967484398,0.5,5
2022-05-11,INTC,0.04341890292910564,0.9819359089472146,0.5,5
2022-05-12,INTC,0.025923276543629623,1.1697674485141483,0.5,5
2022-05-13,INTC,0.02253544786737291,1.2012208308019159,0.5,5
2022-05-16,INTC,0.03392918687962451,0.8091768956084356,0.5,5
2022-05-17,INTC,0.03093164124134768,0.7521597905404068,0.5,5
2022-05-18,INTC,0.04514383200684305,0.434533221736568,0.5,5
2022-05-19,INTC,0.03638406908009802,0.14065786110242243,0.5,5
2022-05-20,INTC,0.03754609441304464,-0.029306604363230994,0.5,5
2022-05-23,INTC,0.033745533196577304,0.23465106727184767,0.5,5
2022-05-24,INTC,0.027216590055872538,0.08681034051792755,0.5,5
2022-05-25,INTC,0.02149990899493268,0.16984345018079916,0.5,5
2022-05-26,INTC,0.023462317922016813,0.3416527852912984,0.5,5
2022-05-27,INTC,0.026589939599909955,0.3602293621622263,0.5,5
2022-05-31,INTC,0.02786685151832557,0.11550457822346885,0.5,5
2022-06-01,INTC,0.02798860826608268,0.024125294452154805,0.5,5
2022-06-02,INTC,0.024491264481958482,-0.2539404362503388,0.5,5
2022-06-03,INTC,0.02745781043634291,-0.8540899316118136,0.5,5
2022-06-06,INTC,0.03255558645703533,-0.799895404037823,0.5,5
2022-06-07,INTC,0.02601922862503098,-0.9970560377747045,0.5,5
2022-06-08,INTC,0.03447257182991015,-1.2465631313041958,0.5,5
2022-06-09,INTC,0.017657325176279336,-1.4556234683528404,0.5,5
2022-06-10,INTC,0.019097513938587978,-1.4404328835455829,0.5,5
2022-06-13,INTC,0.023113028456194278,-1.2507349422610257,0.5,5
2022-06-14,INTC,0.030653042602134098,-0.9599784365766229,0.5,5
2022-06-15,INTC,0.02453727491313931,-1.0925543063186416,0.5,5
2022-06-16,INTC,0.02662366527745145,-0.9934456161977142,0.5,5
2022-06-17,INTC,0.02544669902603975,-1.0022663791021973,0.5,5
2022-06-21,INTC,0.02494109483859901,-0.8620962011704879,0.5,5
2022-06-22,INTC,0.019725431980963482,-0.9301523704350212,0.5,5
2022-06-23,INTC,0.02583794810588363,-1.125707352737693,0.5,5
2022-06-24,INTC,0.02831515021582438,-1.2497281133560076,0.5,5
2022-06-27,INTC,0.026912033743146442,-1.456723641958982,0.5,5
2022-06-28,INTC,0.0237506763681287,-1.155255839692203,0.5,5
2022-06-29,INTC,0.02342453046150211,-1.1006711381091434,0.5,5
2022-06-30,INTC,0.022729712476317478,-0.9712536061892316,0.5,5
2022-01-03,MSFT,-0.026367600195091656,-0.629987920851711,0.5,5
2022-01-04,MSFT,-0.024974807483746815,-0.8212859078449823,0.5,5
2022-01-05,MSFT,-0.007919917393977282,-0.8232925599615024,0.5,5
2022-01-06,MSFT,-0.01801064230656533,-0.8465854467039355,0.5,5
2022-01-07,MSFT,0.02024404576750981,0.18507588544411313,0.5,5
2022-01-10,MSFT,0.01496889598808827,-0.42420871087219375,0.5,5
2022-01-11,MSFT,0.011993753767183044,-0.4257691870056194,0.5,5
2022-01-12,MSFT,0.009597614456217743,0.3183658559049838,0.5,5
2022-01-13,MSFT,0.023184683708877583,0.6724279517421987,0.5,5
2022-01-14,MSFT,0.010823078957674249,0.7750461426829653,0.5,5
2022-01-18,MSFT,0.01908650003232773,0.8822712034942755,0.5,5
2022-01-19,MSFT,0.016378040568218035,0.8502046084422562,0.5,5
2022-01-20,MSFT,0.030521460519512152,1.025331608564219,0.5,5
2022-01-21,MSFT,0.03167175909900838,1.1472757465445682,0.5,5
2022-01-24,MSFT,0.024540280206299787,0.715232616330161,0.5,5
2022-01-25,MSFT,0.024076073593351833,0.292932653165478,0.5,5
2022-01-26,MSFT,0.015270504659898699,0.4388251445615986,0.5,5
2022-01-27,MSFT,0.01131605051701806,0.5560426634553308,0.5,5
2022-01-28,MSFT,0.01399673641410135,0.7509618671288938,0.5,5
2022-01-31,MSFT,0.012049020359775819,0.7919382991501536,0.5,5
2022-02-01,MSFT,0.01440107272476216,0.6408535982927923,0.5,5
2022-02-02,MSFT,0.005400918064207726,0.3153035436852921,0.5,5
2022-02-03,MSFT,0.02952784159267063,0.348151904659706,0.5,5
2022-02-04,MSFT,0.008134419558551124,0.08497809236561288,0.5,5
2022-02-07,MSFT,0.009040531969191265,-0.07944943169879753,0.5,5
2022-02-08,MSFT,-0.00016158797196465935,-0.02383763855192289,0.5,5
2022-02-09,MSFT,-0.0005539595781200346,0.13816535841761934,0.5,5
2022-02-10,MSFT,0.014698392605892063,0.0612458819745596,0.5,5
2022-02-11,MSFT,-0.005184855138022461,0.015937778686607618,0.5,5
2022-02-14,MSFT,-0.00839205295061017,0.05239506597592164,0.5,5
2022-02-15,MSFT,-0.009795071888778947,0.08038902583859825,0.5,5
2022-02-16,MSFT,-0.011406892897745602,-0.0759880471731974,0.5,5
2022-02-17,MSFT,-0.01611573647088151,-0.25689207680248755,0.5,5
2022-02-18,MSFT,-0.018880558719974315,-0.19598354021233066,0.5,5
2022-02-22,MSFT,-0.0173897991220937,0.031213770339064695,0.5,5
2022-02-23,MSFT,-0.020204242620477028,-0.07283912150385946,0.5,5
2022-02-24,MSFT,-0.024602815704821753,-0.15281945533290536,0.5,5
2022-02-25,MSFT,-0.016255536779209896,-0.33064960832394324,0.5,5
2022-02-28,MSFT,-0.013742534062018716,-0.2637558568465088,0.5,5
2022-03-01,MSFT,-0.013403677000437547,-0.16160972100496657,0.5,5
2022-03-02,MSFT,-0.015316273286390493,0.06672054139489031,0.5,5
2022-03-03,MSFT,-0.015623129374913102,0.0027279932688777375,0.5,5
2022-03-04,MSFT,-0.010069975950959114,-0.038420935143721135,0.5,5
2022-03-07,MSFT,-0.021582277343457374,-0.43602689357477126,0.5,5
2022-03-08,MSFT,-0.03002945332701488,-0.42960932579788647,0.5,5
2022-03-09,MSFT,-0.025826199361644302,-0.13236765717964516,0.5,5
2022-03-10,MSFT,-0.024546522896157563,-0.5411618185659202,0.5,5
2022-03-11,MSFT,-0.04125278401045124,-0.619516782191771,0.5,5
2022-03-14,MSFT,-0.04557828961025962,-0.5922144312114035,0.5,5
2022-03-15,MSFT,-0.03443714266977143,-0.3112394772375374,0.5,5
2022-03-16,MSFT,-0.03411652901091949,-0.4229269970504712,0.5,5
2022-03-17,MSFT,-0.0456379520064559,-0.6471157966983635,0.5,5
2022-03-18,MSFT,-0.03159926688321887,-0.4686029585777549,0.5,5
2022-03-21,MSFT,-0.020853299279733648,-0.5875594809838631,0.5,5
2022-03-22,MSFT,-0.018416380622229573,-0.737796488288031,0.5,5
2022-03-23,MSFT,-0.01954079643764435,-0.8058666589862898,0.5,5
2022-03-24,MSFT,-0.013476523769226362,-0.9932192991360407,0.5,5
2022-03-25,MSFT,-0.0046541357785851835,-0.8109155960510224,0.5,5
2022-03-28,MSFT,-0.011848963610342616,-0.673049813675642,0.5,5
2022-03-29,MSFT,-0.00851208315041369,-1.0522595265668495,0.5,5
2022-03-30,MSFT,-2.178371129422997e-05,-0.9912666035800919,0.5,5
2022-03-31,MSFT,-0.0013148977028240288,-1.043735103935365,0.5,5
2022-04-01,MSFT,-0.007608998449184127,-0.7676739763779847,0.5,5
2022-04-04,MSFT,-0.0003568309339787776,-0.5116089649393609,0.5,5
2022-04-05,MSFT,-0.00638654894262937,-0.5132167610628555,0.5,5
2022-04-06,MSFT,-0.005118417744844759,-1.0288852135909465,0.5,5
2022-04-07,MSFT,-0.00859922849671254,-0.8477547192175425,0.5,5
2022-04-08,MSFT,-0.006707987452031116,-0.6975079416471593,0.5,5
2022-04-11,MSFT,-0.01642145052318528,-1.2513628972883781,0.5,5
2022-04-12,MSFT,-0.01781761740848479,-1.2800381429834822,0.5,5
2022-04-13,MSFT,-0.019170923540734422,-0.9185832653559731,0.5,5
2022-04-14,MSFT,-0.004045080150566967,-0.4165327251796739,0.5,5
2022-04-18,MSFT,-0.015982807904455002,-0.33206930410256214,0.5,5
2022-04-19,MSFT,-0.008535519267592872,-0.20679496058771568,0.5,5
2022-04-20,MSFT,-0.008228725960160629,0.025982042777429493,0.5,5
2022-04-21,MSFT,-0.019456139517371282,-0.17233673817492634,0.5,5
2022-04-22,MSFT,-0.01806448172251162,0.11326415102303516,0.5,5
2022-04-25,MSFT,-0.014578793460646427,0.26005381011671946,0.5,5
2022-04-26,MSFT,-0.040211644761479155,-0.3337979203212003,0.5,5
2022-04-27,MSFT,-0.046553449175941446,0.016180023231196827,0.5,5
2022-04-28,MSFT,-0.047298443932564396,-0.09230738336038324,0.5,5
2022-04-29,MSFT,-0.013036493140849365,-0.13822718333799278,0.5,5
2022-05-02,MSFT,-0.028812176609725067,-0.1958305064110133,0.5,5
2022-05-03,MSFT,-0.01715466282163911,-0.2267558923148727,0.5,5
2022-05-04,MSFT,-0.039444186076240076,-0.31774600172172485,0.5,5
2022-05-05,MSFT,-0.018967322094440353,-0.019332182554866018,0.5,5
2022-05-06,MSFT,-0.041641886568583565,-0.034487110816049826,0.5,5
2022-05-09,MSFT,-0.02583995239069675,-0.18211432950484785,0.5,5
2022-05-10,MSFT,-0.046991553505317064,-0.10391086494857982,0.5,5
2022-05-11,MSFT,-0.050809544828331187,-0.13878144490998157,0.5,5
2022-05-12,MSFT,-0.10073741195393623,-0.5056922576485549,0.5,5
2022-05-13,MSFT,-0.10274695902656683,-0.3339162584598425,0.5,5
2022-05-16,MSFT,-0.08015039955024661,-0.29374791222299945,0.5,5
2022-05-17,MSFT,-0.07891421262590918,-0.48373253959912876,0.5,5
2022-05-18,MSFT,-0.05350553619536524,-0.6550278031120371,0.5,5
2022-05-19,MSFT,-0.05028103040193747,-0.8066515002574606,0.5,5
2022-05-20,MSFT,-0.04763248259090833,-0.7652246830679252,0.5,5
2022-05-23,MSFT,-0.05316931496747603,-0.875862949287646,0.5,5
2022-05-24,MSFT,-0.060543962905771444,-0.7021812149321689,0.5,5
2022-05-25,MSFT,-0.03211726454276639,-1.1993405299625322,0.5,5
2022-05-26,MSFT,-0.016925500436220972,-0.8151652858318746,0.5,5
2022-05-27,MSFT,-0.0163848669206554,-1.002583495769772,0.5,5
2022-05-31,MSFT,0.021949076579890155,-0.6950664393364604,0.5,5
2022-06-01,MSFT,0.038485220610378595,-0.12446534280795417,0.5,5
2022-06-02,MSFT,0.05094338338443932,-0.24673767520837153,0.5,5
2022-06-03,MSFT,0.053010488901574816,-0.5183402754468359,0.5,5
2022-06-06,MSFT,0.0540141835748092,-0.5759409248680857,0.5,5
2022-06-07,MSFT,0.060689199846334425,-0.39091890270321006,0.5,5
2022-06-08,MSFT,0.06093816979962186,-0.31926415775544864,0.5,5
2022-06-09,MSFT,0.06253613936412859,-0.2799114477241481,0.5,5
2022-06-10,MSFT,0.05543525725377088,-0.36526651885849254,0.5,5
2022-06-13,MSFT,0.024367730469164375,-0.2608833800598872,0.5,5
2022-06-14,MSFT,0.03283838452294059,-0.3417031572233401,0.5,5
2022-06-15,MSFT,0.04124518921926641,-0.21390629792128926,0.5,5
2022-06-16,MSFT,0.03941001402386074,-0.10780771362955884,0.5,5
2022-06-17,MSFT,0.03501360512856231,0.1313909875210083,0.5,5
2022-06-21,MSFT,0.030286405717450136,0.1016251000866665,0.5,5
2022-06-22,MSFT,0.027956716612318584,-0.1378277501530105,0.5,5
2022-06-23,MSFT,0.0322716251677131,-0.08773193087602081,0.5,5
2022-06-24,MSFT,0.04673646046710959,0.2466614962422589,0.5,5
2022-06-27,MSFT,0.04316872685675816,0.29640024970356826,0.5,5
2022-06-28,MSFT,0.025394320434557183,0.2690848099309841,0.5,5
2022-06-29,MSFT,0.05273704324982618,1.0158206542354744,0.5,5
2022-06-30,MSFT,0.03577112572606172,0.6289066176191891,0.5,5
2022-01-03,NVDA,0.0015386515775986536,-1.0526780067615458,0.5,5
2022-01-04,NVDA,0.019889245012197507,-0.29420457868393457,0.5,5
2022-01-05,NVDA,0.022275995867085157,-0.6377863729352313,0.5,5
2022-01-06,NVDA,0.027596616285150234,-0.17069579737275453,0.5,5
2022-01-07,NVDA,0.03703327776410641,-0.14339479114320142,0.5,5
2022-01-10,NVDA,0.03868665703156177,-0.014773584891415004,0.5,5
2022-01-11,NVDA,-0.023802847015154577,-0.5784876830164098,0.5,5
2022-01-12,NVDA,-0.023706952328606153,-0.7289044837063272,0.5,5
2022-01-13,NVDA,-0.020214790961720012,-1.669463615785559,0.5,5
2022-01-14,NVDA,-0.02534626949620421,-0.7694634005127012,0.5,5
2022-01-18,NVDA,-0.014206688019967911,-0.5766572063361552,0.5,5
2022-01-19,NVDA,-0.011070663143768304,-0.7916202703903574,0.5,5
2022-01-20,NVDA,0.02458068868729309,-0.5316765376842643,0.5,5
2022-01-21,NVDA,0.01405548929945381,-0.8192298207036243,0.5,5
2022-01-24,NVDA,0.023411869588889956,-0.765414103050351,0.5,5
2022-01-25,NVDA,0.05285825038084917,-0.6321175397859511,0.5,5
2022-01-26,NVDA,0.04180802867348618,-0.3361052657630468,0.5,5
2022-01-27,NVDA,0.035583324790708935,-0.7541594905504297,0.5,5
2022-01-28,NVDA,0.0399926498226086,-0.48006425326840774,0.5,5
2022-01-31,NVDA,0.013954047924872775,-1.0142194305339558,0.5,5
2022-02-01,NVDA,0.037314623987593686,-0.7804861476351113,0.5,5
2022-02-02,NVDA,0.01580264542993264,-0.44369714201988447,0.5,5
2022-02-03,NVDA,0.057972690147106806,0.05511442498136604,0.5,5
2022-02-04,NVDA,0.050412542886967227,0.031203128027675553,0.5,5
2022-02-07,NVDA,0.05094341872389063,0.1265750457892993,0.5,5
2022-02-08,NVDA,0.04761703348544955,0.20879547506585128,0.5,5
2022-02-09,NVDA,0.020949548625798023,0.22669864449508048,0.5,5
2022-02-10,NVDA,0.03594013681758525,0.13212375491225772,0.5,5
2022-02-11,NVDA,0.052536553575768356,0.17232705714415408,0.5,5
2022-02-14,NVDA,0.011236038665060327,-0.13958051371179925,0.5,5
2022-02-15,NVDA,-0.0046141408246685375,0.41522578866980087,0.5,5
2022-02-16,NVDA,-0.0025151601207027367,0.5486926865467725,0.5,5
2022-02-17,NVDA,0.04063986160257272,0.7954218505542244,0.5,5
2022-02-18,NVDA,0.02422574990371555,0.6595105746302461,0.5,5
2022-02-22,NVDA,-0.0012685608091127477,0.4520159110475316,0.5,5
2022-02-23,NVDA,0.02990614780704227,0.7690844623138536,0.5,5
2022-02-24,NVDA,0.0152555815360517,0.7293154266868023,0.5,5
2022-02-25,NVDA,-0.0013887334125295264,0.7454981180492299,0.5,5
2022-02-28,NVDA,-0.005481800471329214,0.6716375483837657,0.5,5
2022-03-01,NVDA,0.020237683831301565,0.5707018275951484,0.5,5
2022-03-02,NVDA,-0.005676711968059819,0.31129396642874524,0.5,5
2022-03-03,NVDA,0.0035786108436598996,0.29177326770696266,0.5,5
2022-03-04,NVDA,0.02398756229064621,0.43038115188923975,0.5,5
2022-03-07,NVDA,0.03674694795733896,0.793278736964566,0.5,5
2022-03-08,NVDA,0.012921124372290909,0.1592342376340153,0.5,5
2022-03-09,NVDA,-0.0011726736384679384,-0.06953075740475823,0.5,5
2022-03-10,NVDA,0.011696776732624004,-0.2710088946962502,0.5,5
2022-03-11,NVDA,0.012975741345823494,-0.11861305761399032,0.5,5
2022-03-14,NVDA,0.023100321702918262,0.3454085960635405,0.5,5
2022-03-15,NVDA,-0.001725074487121449,0.04577347106995616,0.5,5
2022-03-16,NVDA,-0.0021640452500998747,-0.4068647251185783,0.5,5
2022-03-17,NVDA,0.007190472643010008,-0.44537076911600504,0.5,5
2022-03-18,NVDA,-0.014864387179201126,0.351211915777513,0.5,5
2022-03-21,NVDA,0.028359780297518372,1.230365699206025,0.5,5
2022-03-22,NVDA,0.0361509647069363,1.0583674832475318,0.5,5
2022-03-23,NVDA,0.021079167870418993,1.0209580552891073,0.5,5
2022-03-24,NVDA,0.021325745224111254,1.463137078854151,0.5,5
2022-03-25,NVDA,0.04053232134281295,1.490591574552597,0.5,5
2022-03-28,NVDA,0.03252241595402708,1.299586929933102,0.5,5
2022-03-29,NVDA,0.04301971591893135,2.0336578437289576,0.5,5
2022-03-30,NVDA,0.04080260216389734,1.7431482199404318,0.5,5
2022-03-31,NVDA,0.020741740698512316,1.518992059961053,0.5,5
2022-04-01,NVDA,0.021159474607095836,1.3176756273105823,0.5,5
2022-04-04,NVDA,0.0009591577938871033,1.1561491239068675,0.5,5
2022-04-05,NVDA,0.03911457692975868,1.1777675350164374,0.5,5
2022-04-06,NVDA,0.03579469077731812,-0.08935864160278327,0.5,5
2022-04-07,NVDA,-0.008577354946576174,-0.5357797895169604,0.5,5
2022-04-08,NVDA,0.028504988464285078,-0.5510502422360197,0.5,5
2022-04-11,NVDA,0.031103429879611035,-0.5629806511890437,0.5,5
2022-04-12,NVDA,0.012142726129250042,-1.7691105259138513,0.5,5
2022-04-13,NVDA,0.020231392718642695,-1.6211328882773908,0.5,5
2022-04-14,NVDA,0.023524854195164164,-1.8207319230461392,0.5,5
2022-04-18,NVDA,0.03823133278684429,-1.1966813299677472,0.5,5
2022-04-19,NVDA,0.02670623286440662,-1.1423592935153448,0.5,5
2022-04-20,NVDA,0.028720733311465647,-0.46252914943348356,0.5,5
2022-04-21,NVDA,0.029417448798650454,-0.5962970628824359,0.5,5
2022-04-22,NVDA,0.06110166269562189,-0.7301930747853371,0.5,5
2022-04-25,NVDA,0.06441506147560414,-0.8130813327336477,0.5,5
2022-04-26,NVDA,0.07249613607410821,-0.8861649966686105,0.5,5
2022-04-27,NVDA,0.07253979181773484,-0.7210727026309556,0.5,5
2022-04-28,NVDA,0.029650632053898795,-1.6052347709257797,0.5,5
2022-04-29,NVDA,0.05646632748146293,-1.6885781296007711,0.5,5
2022-05-02,NVDA,0.03755112420617224,-1.5201220745568804,0.5,5
2022-05-03,NVDA,0.03955186011786537,-1.2728324471500303,0.5,5
2022-05-04,NVDA,0.03480770207894518,-1.1223840058479024,0.5,5
2022-05-05,NVDA,0.0610596464222714,-0.9117774443817663,0.5,5
2022-05-06,NVDA,0.04297811467765907,-0.7954572596101845,0.5,5
2022-05-09,NVDA,0.08318879877851994,-0.7346130634783254,0.5,5
2022-05-10,NVDA,0.057838388276544014,-0.2898194552592882,0.5,5
2022-05-11,NVDA,0.08034970682468874,-0.20871587884249554,0.5,5
2022-05-12,NVDA,0.055440151999794435,-0.40229969361002454,0.5,5
2022-05-13,NVDA,0.059514690318056715,-0.12787284167796603,0.5,5
2022-05-16,NVDA,0.05991913629181702,-0.5537897415926246,0.5,5
2022-05-17,NVDA,0.04758695500248619,-0.27909796891160327,0.5,5
2022-05-18,NVDA,0.07214479041498495,-0.37400541477516014,0.5,5
2022-05-19,NVDA,0.04820555886022434,-0.22485266193227432,0.5,5
2022-05-20,NVDA,0.06694911086302499,-0.1931062493487768,0.5,5
2022-05-23,NVDA,0.02727770850564116,-0.4209754045666228,0.5,5
2022-05-24,NVDA,0.05387345240064144,-0.21280169968033802,0.5,5
2022-05-25,NVDA,0.015174038926806969,-0.18523514180358147,0.5,5
2022-05-26,NVDA,0.01216177704793434,-0.2968879849123577,0.5,5
2022-05-27,NVDA,0.0158942486618072,-0.05837474719066538,0.5,5
2022-05-31,NVDA,0.02758068663945728,-0.6317877237596149,0.5,5
2022-06-01,NVDA,0.030087054336849203,-0.9471063336979942,0.5,5
2022-06-02,NVDA,0.004740026440074456,-0.7689295903314703,0.5,5
2022-06-03,NVDA,0.04666252086537172,-0.2855268756642292,0.5,5
2022-06-06,NVDA,0.02015116301458949,-0.5189230887383922,0.5,5
2022-06-07,NVDA,0.029603930110646534,0.3450758677483135,0.5,5
2022-06-08,NVDA,0.0256257299476108,-0.10782241460231987,0.5,5
2022-06-09,NVDA,0.044332094492745264,0.1890889858014697,0.5,5
2022-06-10,NVDA,0.04964574534338878,0.11838906746018546,0.5,5
2022-06-13,NVDA,0.049684682300024735,-0.7214437224938294,0.5,5
2022-06-14,NVDA,0.03940970512189214,-0.4851516745272681,0.5,5
2022-06-15,NVDA,0.03224472624376116,-0.648494582984547,0.5,5
2022-06-16,NVDA,0.049562114908289434,-0.39484467055923,0.5,5
2022-06-17,NVDA,0.020367546051443763,-0.58047058008544,0.5,5
2022-06-21,NVDA,0.014012583798330003,-0.23735770866127287,0.5,5
2022-06-22,NVDA,0.01764028100561369,-0.3062065541596889,0.5,5
2022-06-23,NVDA,0.007020375133962406,-0.3522467731183257,0.5,5
2022-06-24,NVDA,0.004354668195242467,-0.5772338677387047,0.5,5
2022-06-27,NVDA,0.016631676222646736,-0.8019988215696675,0.5,5
2022-06-28,NVDA,0.0328850449155937,-0.9564033068704854,0.5,5
2022-06-29,NVDA,0.030290449118114782,-1.0777946766512145,0.5,5
2022-06-30,NVDA,0.027878467381306893,-1.1994413375163813,0.5,5
2022-01-03,PFE,0.025469102370836168,1.0626040198627635,0.5,5
2022-01-04,PFE,0.012083222549393537,1.5219333313528738,0.5,5
2022-01-05,PFE,-7.0311838798264934e-06,1.5393769906393049,0.5,5
2022-01-06,PFE,-0.014447841317782392,1.3826652217814286,0.5,5
2022-01-07,PFE,-0.010571982148328779,1.3791300892018215,0.5,5
2022-01-10,PFE,-0.012421916209037084,1.187612201043359,0.5,5
2022-01-11,PFE,-0.010180616349545398,0.582322768084505,0.5,5
2022-01-12,PFE,-0.013987277951403133,0.30681690211766527,0.5,5
2022-01-13,PFE,-0.011444317441436124,-0.14865197432289085,0.5,5
2022-01-14,PFE,-0.003520272409571615,-0.7143453391407403,0.5,5
2022-01-18,PFE,0.009530567931603453,0.14850868957794638,0.5,5
2022-01-19,PFE,0.021841325753882413,0.1522025518573743,0.5,5
2022-01-20,PFE,0.02105457204113911,0.5611034945774158,0.5,5
2022-01-21,PFE,0.02189654572883714,0.7206905921830343,0.5,5
2022-01-24,PFE,0.02515900983696928,0.6224643483680775,0.5,5
2022-01-25,PFE,0.020293028177153227,0.8124169409217404,0.5,5
2022-01-26,PFE,0.01837908316362095,1.0998233463191518,0.5,5
2022-01-27,PFE,0.021061065656867953,1.6530549159984762,0.5,5
2022-01-28,PFE,0.023022815030536846,1.3868070040475935,0.5,5
2022-01-31,PFE,0.017322279793247717,0.4925627904554799,0.5,5
2022-02-01,PFE,0.017399977243634797,1.1880458436446948,0.5,5
2022-02-02,PFE,0.01745719985630684,0.8777122218155498,0.5,5
2022-02-03,PFE,0.03480935930731447,0.5584734087784502,0.5,5
2022-02-04,PFE,0.03555529803862333,0.6525033381303353,0.5,5
2022-02-07,PFE,0.03410523666008011,0.34384792326293984,0.5,5
2022-02-08,PFE,0.044393329947862464,0.24900808948438868,0.5,5
2022-02-09,PFE,0.0368831318776095,0.08212951346855593,0.5,5
2022-02-10,PFE,0.036535644487974216,-0.06665606274785883,0.5,5
2022-02-11,PFE,0.03673497774940888,0.14630809072815848,0.5,5
2022-02-14,PFE,0.02270224759554971,0.15087573985541214,0.5,5
2022-02-15,PFE,0.021518602957579378,-0.08628734045842439,0.5,5
2022-02-16,PFE,0.016897116560103623,-0.18523028801638597,0.5,5
2022-02-17,PFE,0.01905614286540644,-0.23509170414665403,0.5,5
2022-02-18,PFE,0.018534808750084807,-0.06174906078780192,0.5,5
2022-02-22,PFE,0.01693248433478978,0.1191306386852982,0.5,5
2022-02-23,PFE,0.017125106021651324,-0.20696748965227468,0.5,5
2022-02-24,PFE,0.01875193062856078,-0.5571913679894804,0.5,5
2022-02-25,PFE,0.02177805365963859,-0.5580585173935971,0.5,5
2022-02-28,PFE,0.018236770511806284,-0.6640445647094853,0.5,5
2022-03-01,PFE,0.01927724757284734,-0.17928117273436983,0.5,5
2022-03-02,PFE,0.01815367916102233,0.12024949876002383,0.5,5
2022-03-03,PFE,0.017987558158876104,-0.053837291810101565,0.5,5
2022-03-04,PFE,0.018033964812936197,-0.21255475940449461,0.5,5
2022-03-07,PFE,0.020384833125239598,0.6612215031483728,0.5,5
2022-03-08,PFE,0.019166271217652502,0.6562239051027923,0.5,5
2022-03-09,PFE,0.025724058362127836,0.8854426949997319,0.5,5
2022-03-10,PFE,0.02782386650121264,1.4856249437666214,0.5,5
2022-03-11,PFE,0.026747273270132443,1.6599436008919977,0.5,5
2022-03-14,PFE,0.013831660232937297,1.5553975600840824,0.5,5
2022-03-15,PFE,0.020834502480246205,1.5514119863235196,0.5,5
2022-03-16,PFE,0.017545372222852577,1.5139714261672392,0.5,5
2022-03-17,PFE,0.007804237539309944,1.5932460638004455,0.5,5
2022-03-18,PFE,0.00610793005938408,1.061424008009249,0.5,5
2022-03-21,PFE,0.013296446476870446,0.8828661964498596,0.5,5
2022-03-22,PFE,0.013260690643172807,0.5388933445451727,0.5,5
2022-03-23,PFE,0.02174846271908721,0.42820714703624246,0.5,5
2022-03-24,PFE,0.019906820696507312,0.881214085397989,0.5,5
2022-03-25,PFE,0.02184790043531486,0.7075455154136948,0.5,5
2022-03-28,PFE,0.01784003089403393,0.8591257760680899,0.5,5
2022-03-29,PFE,0.01604210546006739,0.6167962871610051,0.5,5
2022-03-30,PFE,0.016118358420881853,0.4598794648921517,0.5,5
2022-03-31,PFE,0.02036041039365995,0.03850275891971769,0.5,5
2022-04-01,PFE,0.025256270906738,-0.5792057309385568,0.5,5
2022-04-04,PFE,0.01637379504576896,-0.9314903865823071,0.5,5
2022-04-05,PFE,0.011724495579256256,-0.9393681723361691,0.5,5
2022-04-06,PFE,0.009916321880877044,0.16072309289133813,0.5,5
2022-04-07,PFE,0.004617185366006027,0.8992050144302678,0.5,5
2022-04-08,PFE,0.010970448460084657,0.367308414828301,0.5,5
2022-04-11,PFE,0.0228084237027258,-0.6039588290055461,0.5,5
2022-04-12,PFE,0.02367699179712808,0.02781547530443479,0.5,5
2022-04-13,PFE,0.024065182668858643,0.3293095783112649,0.5,5
2022-04-14,PFE,0.028779060893316857,0.7470061843281822,0.5,5
2022-04-18,PFE,0.021307382866168637,0.6450190605373093,0.5,5
2022-04-19,PFE,0.017437327915525488,0.22478630968164792,0.5,5
2022-04-20,PFE,0.015670828672179605,0.8775616489685907,0.5,5
2022-04-21,PFE,0.015179805348967844,0.9975855331278936,0.5,5
2022-04-22,PFE,0.016576601604483637,1.031424237587628,0.5,5
2022-04-25,PFE,0.01980651398117627,1.0237474966257045,0.5,5
2022-04-26,PFE,0.015321180041692148,1.2044101458961896,0.5,5
2022-04-27,PFE,0.01690177324723226,1.450826951334793,0.5,5
2022-04-28,PFE,0.017267785783434443,1.3591093602550897,0.5,5
2022-04-29,PFE,0.04499369283823258,1.2677726433463588,0.5,5
2022-05-02,PFE,0.03825244275119066,1.0832836117699454,0.5,5
2022-05-03,PFE,0.03574682524494952,1.4931696689403526,0.5,5
2022-05-04,PFE,0.034276787483786604,1.1323569122824426,0.5,5
2022-05-05,PFE,0.04434902694904019,0.6750607755199003,0.5,5
2022-05-06,PFE,0.03376963990855251,0.5305875026039375,0.5,5
2022-05-09,PFE,0.036428768901690015,0.45439295254512313,0.5,5
2022-05-10,PFE,0.035273374230882504,0.6571352232362755,0.5,5
2022-05-11,PFE,0.027946778505610594,0.8341714098714617,0.5,5
2022-05-12,PFE,0.023057646651215787,1.5190813941477608,0.5,5
2022-05-13,PFE,0.03556901245467743,1.130562018728739,0.5,5
2022-05-16,PFE,0.034813268442277064,1.4538356924743274,0.5,5
2022-05-17,PFE,0.03248822306593268,1.8099452245529382,0.5,5
2022-05-18,PFE,0.036002159535561774,1.8429508941619774,0.5,5
2022-05-19,PFE,0.03334585256726407,1.8787272473569292,0.5,5
2022-05-20,PFE,0.024716625119753373,1.9340205142895672,0.5,5
2022-05-23,PFE,0.011819542838970602,1.9268220683194512,0.5,5
2022-05-24,PFE,0.01238002353573189,1.751830342615618,0.5,5
2022-05-25,PFE,0.012628900459699312,1.6081360492521293,0.5,5
2022-05-26,PFE,0.01935673407170906,1.7877628395990703,0.5,5
2022-05-27,PFE,0.015607533899861427,1.3884250832657337,0.5,5
2022-05-31,PFE,0.014457742169382736,1.9298631635218455,0.5,5
2022-06-01,PFE,0.027921418230663072,1.6620622905762605,0.5,5
2022-06-02,PFE,0.025374143582384403,1.8509060771202865,0.5,5
2022-06-03,PFE,0.01396325125409893,1.3110043740975494,0.5,5
2022-06-06,PFE,0.01660844734153124,0.7137506886185,0.5,5
2022-06-07,PFE,0.00980399010664923,0.17430003769936703,0.5,5
2022-06-08,PFE,0.011822167379288411,0.05320101760557208,0.5,5
2022-06-09,PFE,0.028977639782271913,-0.22191246409363227,0.5,5
2022-06-10,PFE,0.016850477523382455,-0.7296925578224429,0.5,5
2022-06-13,PFE,0.018110703298890814,0.1359427206462489,0.5,5
2022-06-14,PFE,0.015470407988454267,-0.4192094815094354,0.5,5
2022-06-15,PFE,0.020259852555956904,-0.4548453206949533,0.5,5
2022-06-16,PFE,0.021850306773928144,-0.49108253095741916,0.5,5
2022-06-17,PFE,0.023909309448858464,-0.6256645503466278,0.5,5
2022-06-21,PFE,0.01928679023126471,-0.8428814391860855,0.5,5
2022-06-22,PFE,0.01841881928522153,-0.6321764045244658,0.5,5
2022-06-23,PFE,0.018947009551272778,-0.8333894091038664,0.5,5
2022-06-24,PFE,0.02541482077297667,-0.7797565303024722,0.5,5
2022-06-27,PFE,0.027103958332836558,-0.43069201965883075,0.5,5
2022-06-28,PFE,0.018994827273292585,0.16483208098749952,0.5,5
2022-06-29,PFE,0.02231575380001675,0.5359375410159148,0.5,5
2022-06-30,PFE,0.02791169392062357,1.3803392469507052,0.5,5
2022-01-03,PYPL,-0.021222486388760436,0.052562472227148826,0.5,5
2022-01-04,PYPL,-0.017588882841632784,0.017177306860311436,0.5,5
2022-01-05,PYPL,0.004830065205079253,0.36538038597218103,0.5,5
2022-01-06,PYPL,-0.018369186053818872,-0.25362056018095447,0.5,5
2022-01-07,PYPL,-0.011910521620243694,-0.1233571539145275,0.5,5
2022-01-10,PYPL,0.005798934030943508,0.16828093387408413,0.5,5
2022-01-11,PYPL,-0.021621357057139832,0.2040532176385605,0.5,5
2022-01-12,PYPL,-0.02229307992102364,-0.39414249323796274,0.5,5
2022-01-13,PYPL,-0.014378486022396329,-0.18617333399567043,0.5,5
2022-01-14,PYPL,-0.02332011217925167,-0.7485413372626721,0.5,5
2022-01-18,PYPL,-0.01726168227222042,-0.6387981594033613,0.5,5
2022-01-19,PYPL,-0.01633053719902465,-0.40873012061921343,0.5,5
2022-01-20,PYPL,-0.004267776798565744,-0.5130754241856545,0.5,5
2022-01-21,PYPL,-0.01007519269440848,-1.0326102974649092,0.5,5
2022-01-24,PYPL,-0.0173749790940175,-1.300614338996004,0.5,5
2022-01-25,PYPL,-0.014815782323028917,-0.9408247023107259,0.5,5
2022-01-26,PYPL,-0.01799466432943065,-1.0723694538210131,0.5,5
2022-01-27,PYPL,-0.009021164643565819,-0.6853613922361184,0.5,5
2022-01-28,PYPL,-0.014968192730593473,-0.7804219461789207,0.5,5
2022-01-31,PYPL,-0.00483675510189417,-0.1917005260107344,0.5,5
2022-02-01,PYPL,-0.00480386734087693,-0.4164017419131756,0.5,5
2022-02-02,PYPL,0.11024345449848624,-0.9238370989722346,0.5,5
2022-02-03,PYPL,0.11024345449848624,-0.9008401788944453,0.5,5
2022-02-04,PYPL,0.05888985431794562,-1.5373357338254698,0.5,5
2022-02-07,PYPL,0.08696350275379702,-1.5943498200474817,0.5,5
2022-02-08,PYPL,0.0635677011443524,-1.8375617967982198,0.5,5
2022-02-09,PYPL,0.04860758854200554,-2.08430791704061,0.5,5
2022-02-10,PYPL,0.07045233298784709,-2.0024857619664678,0.5,5
2022-02-11,PYPL,0.06980700476777726,-2.089532333463589,0.5,5
2022-02-14,PYPL,0.022619489476340883,-2.483096815138989,0.5,5
2022-02-15,PYPL,0.009192494282507123,-2.5997200743357647,0.5,5
2022-02-16,PYPL,0.03397154076428868,-2.2998277265881613,0.5,5
2022-02-17,PYPL,0.04885951977588748,-2.141714261887128,0.5,5
2022-02-18,PYPL,0.02967150309025113,-2.1282853763864145,0.5,5
2022-02-22,PYPL,0.015366620504854274,-2.1964728699394036,0.5,5
2022-02-23,PYPL,0.031017184490013137,-2.106634100024363,0.5,5
2022-02-24,PYPL,0.004961567508018785,-2.340583131179109,0.5,5
2022-02-25,PYPL,0.014005330288991685,-2.2082927956406717,0.5,5
2022-02-28,PYPL,0.002625860537992188,-2.409751957587713,0.5,5
2022-03-01,PYPL,0.014613075460722347,-2.281152269729592,0.5,5
2022-03-02,PYPL,-0.01065802805606573,-2.595214343929646,0.5,5
2022-03-03,PYPL,-0.009609379702055073,-2.0650143712257836,0.5,5
2022-03-04,PYPL,-0.009409579020564792,-1.9177816531535683,0.5,5
2022-03-07,PYPL,0.009560640086048178,-1.6611488379559072,0.5,5
2022-03-08,PYPL,-0.004462046704750879,-1.6438744006970414,0.5,5
2022-03-09,PYPL,0.0508298433120712,-0.15143582158065716,0.5,5
2022-03-10,PYPL,0.009998778543505936,-0.8765329995963645,0.5,5
2022-03-11,PYPL,-0.003333300275377072,-0.9713906953448314,0.5,5
2022-03-14,PYPL,-0.006558436236176641,-0.7836621229929294,0.5,5
2022-03-15,PYPL,0.051956196108499685,0.42742684355099764,0.5,5
2022-03-16,PYPL,0.053374323101105736,0.8247609359166056,0.5,5
2022-03-17,PYPL,0.06901406617029249,1.6001128776719291,0.5,5
2022-03-18,PYPL,0.13199339738598834,2.5886488950890554,0.5,5
2022-03-21,PYPL,0.17506090663719379,2.1235163933590027,0.5,5
2022-03-22,PYPL,0.15474682573945342,2.3289386376790144,0.5,5
2022-03-23,PYPL,0.1544526880064743,2.136627727974158,0.5,5
2022-03-24,PYPL,0.14640914369842903,1.6143774928843881,0.5,5
2022-03-25,PYPL,0.1492462304785909,0.693192074503432,0.5,5
2022-03-28,PYPL,0.1441929854404685,0.9334253353462105,0.5,5
2022-03-29,PYPL,0.18197854969718716,1.6850752207972788,0.5,5
2022-03-30,PYPL,0.1662605677189592,2.0556048676694902,0.5,5
2022-03-31,PYPL,0.1560382242200128,2.5995882049392414,0.5,5
2022-04-01,PYPL,0.14921484808043067,2.648200426351299,0.5,5
2022-04-04,PYPL,-0.012185895624289421,1.1326701079510004,0.5,5
2022-04-05,PYPL,0.0211924946245749,1.4307595802963626,0.5,5
2022-04-06,PYPL,0.12325058976994605,2.22923912214566,0.5,5
2022-04-07,PYPL,0.0058492994719054146,1.5300403094387576,0.5,5
2022-04-08,PYPL,0.011398969902761185,1.584744498008703,0.5,5
2022-04-11,PYPL,0.022167517391023954,1.461630924213552,0.5,5
2022-04-12,PYPL,0.004611803470826386,0.9586891585722475,0.5,5
2022-04-13,PYPL,-0.011123847327554141,-0.8301003229484681,0.5,5
2022-04-14,PYPL,-0.0027803702099689276,-1.129610235494715,0.5,5
2022-04-18,PYPL,-0.007932172367899368,-1.6503675553947723,0.5,5
2022-04-19,PYPL,-0.011519183139442798,-1.1908139900894315,0.5,5
2022-04-20,PYPL,-0.002051617517860498,-1.6979494455131463,0.5,5
2022-04-21,PYPL,0.002356073056651056,-1.5768192603542555,0.5,5
2022-04-22,PYPL,0.0017233173458815329,-1.4192365983024364,0.5,5
2022-04-25,PYPL,0.006844820421755281,-1.32031464911119,0.5,5
2022-04-26,PYPL,0.007674982390861604,-1.318762760447163,0.5,5
2022-04-27,PYPL,0.005584539917072591,-1.3599449731562354,0.5,5
2022-04-28,PYPL,0.06302990612786855,-0.3252117169364628,0.5,5
2022-04-29,PYPL,0.09801032141653424,-0.14100078557177242,0.5,5
2022-05-02,PYPL,0.07387361830019065,-0.2799177840050764,0.5,5
2022-05-03,PYPL,0.07913996907103578,-0.2864872848740819,0.5,5
2022-05-04,PYPL,0.075522256461697,-0.51906713696934,0.5,5
2022-05-05,PYPL,0.11471959667851679,-0.37889873744689395,0.5,5
2022-05-06,PYPL,0.10732358580599907,-0.6730544897537434,0.5,5
2022-05-09,PYPL,0.10187217423690477,-0.7231921063759014,0.5,5
2022-05-10,PYPL,0.08120110417236555,-0.912305403910145,0.5,5
2022-05-11,PYPL,0.05538789170823779,-1.3132743297485954,0.5,5
2022-05-12,PYPL,0.04003694916459587,-0.7891384875142415,0.5,5
2022-05-13,PYPL,0.057779955178633234,-0.9505166358116509,0.5,5
2022-05-16,PYPL,0.06222601387202963,-0.7709978794772091,0.5,5
2022-05-17,PYPL,0.0553401864212683,-0.7173333866326563,0.5,5
2022-05-18,PYPL,0.06990622563054913,-0.11967359390893795,0.5,5
2022-05-19,PYPL,0.06642764956880319,0.7321465715654201,0.5,5
2022-05-20,PYPL,0.07686798873485476,0.7839929221110824,0.5,5
2022-05-23,PYPL,0.04030400433953417,0.6183414415955493,0.5,5
2022-05-24,PYPL,0.059378857006963874,0.7148408105281829,0.5,5
2022-05-25,PYPL,0.04635853579831392,1.0702880895956075,0.5,5
2022-05-26,PYPL,0.052424309391594655,0.37212081213468384,0.5,5
2022-05-27,PYPL,0.07357635130026592,0.166534325689505,0.5,5
2022-05-31,PYPL,0.07281831183041036,-0.28730747697915493,0.5,5
2022-06-01,PYPL,0.0713139715014519,-0.6794542662052612,0.5,5
2022-06-02,PYPL,0.04086753713377571,-0.3541519415571315,0.5,5
2022-06-03,PYPL,0.07631227148365187,0.38046840377787555,0.5,5
2022-06-06,PYPL,-0.0024423150553916015,0.08615816738759674,0.5,5
2022-06-07,PYPL,0.006108922829668636,0.08260518259579239,0.5,5
2022-06-08,PYPL,0.005004138123630004,0.20805123147183735,0.5,5
2022-06-09,PYPL,0.015128041066783525,0.250966157071486,0.5,5
2022-06-10,PYPL,0.09997852870722528,0.7454415920165007,0.5,5
2022-06-13,PYPL,0.0724415235655379,0.28777558701437295,0.5,5
2022-06-14,PYPL,0.07781633610937197,0.0517915792728873,0.5,5
2022-06-15,PYPL,0.08708179532958683,0.3416008270630637,0.5,5
2022-06-16,PYPL,0.0644366004416257,-0.22607691866372864,0.5,5
2022-06-17,PYPL,0.07227908195883288,-0.21940672128147864,0.5,5
2022-06-21,PYPL,0.06090512158174728,-0.4198121852951697,0.5,5
2022-06-22,PYPL,0.05790389453436075,-0.31895261263426633,0.5,5
2022-06-23,PYPL,0.05507849317055187,-0.34555245664656214,0.5,5
2022-06-24,PYPL,0.03175391318582767,-0.5721312049845397,0.5,5
2022-06-27,PYPL,0.03164836982560085,-0.600738938140879,0.5,5
2022-06-28,PYPL,0.024972383422638612,-1.2118644707885757,0.5,5
2022-06-29,PYPL,0.008855774893875007,-1.3609606692311775,0.5,5
2022-06-30,PYPL,0.013339880555035462,-1.1303453957150156,0.5,5
2022-01-03,ZM,-0.02395523503877887,-1.338720502237205,0.5,5
2022-01-04,ZM,-0.018600906150724704,-1.6265672446862127,0.5,5
2022-01-05,ZM,0.0063932826346260055,-0.36886471303225266,0.5,5
2022-01-06,ZM,-0.014818299859761306,-1.2627175616390707,0.5,5
2022-01-07,ZM,-0.02189371581163742,-1.4674178541402756,0.5,5
2022-01-10,ZM,-0.034947031597690845,-1.3971552939633796,0.5,5
2022-01-11,ZM,-0.03569034593036916,-1.5943927501528257,0.5,5
2022-01-12,ZM,-0.026158417313499955,-1.8118832595442371,0.5,5
2022-01-13,ZM,-0.009205224637111936,-1.0742645195504512,0.5,5
2022-01-14,ZM,-0.023855808107775323,-1.8725917806930579,0.5,5
2022-01-18,ZM,-0.012050261049347885,-2.342111854219387,0.5,5
2022-01-19,ZM,-0.011086823434654931,-2.211972605905245,0.5,5
2022-01-20,ZM,0.0037913199133745804,-2.113983911425931,0.5,5
2022-01-21,ZM,0.003536405705687081,-1.6562113554897686,0.5,5
2022-01-24,ZM,-0.008459830724155456,-1.693449986076153,0.5,5
2022-01-25,ZM,-0.0037931131715296515,-1.284711626527368,0.5,5
2022-01-26,ZM,-0.005011264693323426,-1.5056854259128556,0.5,5
2022-01-27,ZM,0.006585579191172221,-1.33517033221993,0.5,5
2022-01-28,ZM,-0.003276929595486897,-1.8355912209525629,0.5,5
2022-01-31,ZM,0.005464041071083308,-1.2459843878678711,0.5,5
2022-02-01,ZM,0.004413822546419499,-1.2988593250049616,0.5,5
2022-02-02,ZM,0.04609100115463301,-0.44484232410498564,0.5,5
2022-02-03,ZM,0.0686782645552848,-0.46412221283303257,0.5,5
2022-02-04,ZM,0.03701112290651663,-0.6359907802892746,0.5,5
2022-02-07,ZM,0.0602819525749058,-0.45798010287278484,0.5,5
2022-02-08,ZM,0.05421615918200129,-0.4820064437432953,0.5,5
2022-02-09,ZM,0.05952549925014604,-0.12714243495418903,0.5,5
2022-02-10,ZM,0.0845230038885744,0.24833645225952827,0.5,5
2022-02-11,ZM,0.06363139550695378,0.04141108135314134,0.5,5
2022-02-14,ZM,0.0645619116103139,0.5469376277030692,0.5,5
2022-02-15,ZM,0.07152394345840438,0.6145260030525311,0.5,5
2022-02-16,ZM,0.10327039116038493,0.3479249077276418,0.5,5
2022-02-17,ZM,0.07319040475814832,-0.18340517713937177,0.5,5
2022-02-18,ZM,0.013395314432865645,-0.6340373968875571,0.5,5
2022-02-22,ZM,0.007538763230163779,-0.7931505678992559,0.5,5
2022-02-23,ZM,0.030145638958649787,-0.6451604607629224,0.5,5
2022-02-24,ZM,0.029682026689710813,-0.17338527618420935,0.5,5
2022-02-25,ZM,0.018880434598105858,-0.4267100874336809,0.5,5
2022-02-28,ZM,0.014135487922804259,-0.24175312476537933,0.5,5
2022-03-01,ZM,0.023469283748321062,-0.6817100328880722,0.5,5
2022-03-02,ZM,-0.0022637124549636156,-1.1351648500625924,0.5,5
2022-03-03,ZM,0.030027980362133614,-1.319165864982609,0.5,5
2022-03-04,ZM,0.03265954938242568,-1.412528200552673,0.5,5
2022-03-07,ZM,0.02238795608675673,-1.2181621736044979,0.5,5
2022-03-08,ZM,0.013169940969089017,-1.3264846192454556,0.5,5
2022-03-09,ZM,0.018251117510846786,-1.8432628630855175,0.5,5
2022-03-10,ZM,0.019671110613345887,-1.8880338566871293,0.5,5
2022-03-11,ZM,0.018420769771294504,-1.9259474325103265,0.5,5
2022-03-14,ZM,0.024898881895587248,-1.8579108559611552,0.5,5
2022-03-15,ZM,-0.0007616268849558261,-2.5348176929832795,0.5,5
2022-03-16,ZM,-0.0009649069469363585,-2.5586439401773315,0.5,5
2022-03-17,ZM,-0.004771303866101544,-2.326882200109485,0.5,5
2022-03-18,ZM,-0.001537966703665913,-2.0243575623306787,0.5,5
2022-03-21,ZM,0.010382287335900749,-2.110567648620668,0.5,5
2022-03-22,ZM,0.029990497889398258,-2.0959851311787343,0.5,5
2022-03-23,ZM,0.05968065710872562,-1.8772577081847948,0.5,5
2022-03-24,ZM,0.02876928058068912,-2.0098165700127617,0.5,5
2022-03-25,ZM,0.08148579449355148,-1.6881106106381938,0.5,5
2022-03-28,ZM,0.044721709635628756,-2.059056275893825,0.5,5
2022-03-29,ZM,0.05803654451611942,-1.241067409089549,0.5,5
2022-03-30,ZM,0.0775337779633081,-1.271695285999758,0.5,5
2022-03-31,ZM,0.07929748225131736,-0.39625566536726026,0.5,5
2022-04-01,ZM,0.0692374075702041,0.2900065127528182,0.5,5
2022-04-04,ZM,0.07837080902404313,1.1951033995555294,0.5,5
2022-04-05,ZM,0.12238202892056481,1.1191636592587972,0.5,5
2022-04-06,ZM,0.10257496775260781,0.7177121420892091,0.5,5
2022-04-07,ZM,0.10625164694836399,1.9793150309221317,0.5,5
2022-04-08,ZM,0.11220071979740044,2.4382225895692096,0.5,5
2022-04-11,ZM,0.08214442289922948,2.8260369168823267,0.5,5
2022-04-12,ZM,0.09731917205575985,2.3008200656441136,0.5,5
2022-04-13,ZM,0.07674491304250258,2.6228652698799886,0.5,5
2022-04-14,ZM,0.08890596505036055,1.9372458191659476,0.5,5
2022-04-18,ZM,0.06488279289980341,0.7427249558757588,0.5,5
2022-04-19,ZM,0.010729002790606961,0.4353912950482254,0.5,5
2022-04-20,ZM,0.013839009862576579,-0.22873024652161622,0.5,5
2022-04-21,ZM,0.016676191030013995,0.018764164507357406,0.5,5
2022-04-22,ZM,0.005612530003530375,0.005024781901795094,0.5,5
2022-04-25,ZM,5.4097031682868725e-05,0.2322170254021107,0.5,5
2022-04-26,ZM,0.017974022587427807,0.25657287613125196,0.5,5
2022-04-27,ZM,0.03324128455538482,-0.010947883067185527,0.5,5
2022-04-28,ZM,0.048069845773660386,0.22509946143673654,0.5,5
2022-04-29,ZM,0.08560330033515755,0.7149020717932284,0.5,5
2022-05-02,ZM,0.07310691239211226,1.0082560006473062,0.5,5
2022-05-03,ZM,0.06812775491877823,0.5258813695761193,0.5,5
2022-05-04,ZM,0.07815868469778509,0.8010505377378944,0.5,5
2022-05-05,ZM,0.08910980616910358,0.6547725081005169,0.5,5
2022-05-06,ZM,0.09907005223433334,0.6986553418001569,0.5,5
2022-05-09,ZM,0.1039939727875438,0.6866033898716896,0.5,5
2022-05-10,ZM,0.07525082551149317,0.24210774144836428,0.5,5
2022-05-11,ZM,0.10065064640322738,0.25419012484509373,0.5,5
2022-05-12,ZM,0.04822948335663662,-0.37007139099907915,0.5,5
2022-05-13,ZM,0.0820460143386396,0.42761712479220926,0.5,5
2022-05-16,ZM,0.10902685923342352,0.49253020772842293,0.5,5
2022-05-17,ZM,0.07831871577678197,0.061669924628660944,0.5,5
2022-05-18,ZM,0.10869224279845896,0.35644668902175375,0.5,5
2022-05-19,ZM,0.09686219803786687,1.0161676359085408,0.5,5
2022-05-20,ZM,0.11068857931051342,0.7373654935449538,0.5,5
2022-05-23,ZM,0.04962891451827139,0.2007522819792923,0.5,5
2022-05-24,ZM,0.046367970752147505,0.7415580902598414,0.5,5
2022-05-25,ZM,0.029893147783267147,1.5606620194073517,0.5,5
2022-05-26,ZM,0.03454209954917192,1.7858487509586352,0.5,5
2022-05-27,ZM,0.06140980574662135,2.145956742826151,0.5,5
2022-05-31,ZM,0.07631865836216718,1.5327725120755027,0.5,5
2022-06-01,ZM,0.06040770080087731,1.651832878753424,0.5,5
2022-06-02,ZM,0.0836449906465212,2.05556288900714,0.5,5
2022-06-03,ZM,0.14357785855823496,2.375936226679745,0.5,5
2022-06-06,ZM,0.17466071817002352,2.9434041932237616,0.5,5
2022-06-07,ZM,0.1552538333371338,3.1685847078500693,0.5,5
2022-06-08,ZM,0.16613586405438063,3.304837861452575,0.5,5
2022-06-09,ZM,0.1889471446565675,3.4553242719714703,0.5,5
2022-06-10,ZM,0.16584729123787129,3.395193537639294,0.5,5
2022-06-13,ZM,0.15912973684502688,3.500947245890068,0.5,5
2022-06-14,ZM,0.16734494213244108,3.748167314305534,0.5,5
2022-06-15,ZM,0.1453279734831736,3.668121220154122,0.5,5
2022-06-16,ZM,0.16500721566258789,3.827214452993763,0.5,5
2022-06-17,ZM,0.11250075969873076,3.5146867101092143,0.5,5
2022-06-21,ZM,0.09939518256333978,3.448526992779179,0.5,5
2022-06-22,ZM,0.10697220514006862,3.626070919255365,0.5,5
2022-06-23,ZM,0.10740998447971838,3.313622480198166,0.5,5
2022-06-24,ZM,0.08579544641924094,2.9242250341951497,0.5,5
2022-06-27,ZM,0.10564117644922975,2.931937311984348,0.5,5
2022-06-28,ZM,0.07725014058646572,2.5654037390383215,0.5,5
2022-06-29,ZM,0.07922201958207689,2.618640102697008,0.5,5
2022-06-30,ZM,0.10103572603540295,2.489446855629443,0.5,5
2022-07-01,AAPL,-0.006148502680693483,-0.32339187798168606,0.5,6
2022-07-05,AAPL,-0.004730249750320685,0.1781226890968919,0.5,6
2022-07-06,AAPL,-0.0014573296510616905,0.35967418336747903,0.5,6
2022-07-07,AAPL,-0.0073383105950781645,0.34630832761410946,0.5,6
2022-07-08,AAPL,-0.012134032994017155,0.15517647593402084,0.5,6
2022-07-11,AAPL,-0.008270833732440162,0.33755038899435885,0.5,6
2022-07-12,AAPL,0.0002745903563936479,1.0149836028812171,0.5,6
2022-07-13,AAPL,0.0032462728571131987,1.0700708533694194,0.5,6
2022-07-14,AAPL,-0.003620579864604988,0.8892370651348162,0.5,6
2022-07-15,AAPL,0.0006878777823410687,1.290863559765746,0.5,6
2022-07-18,AAPL,0.0004932586793456197,1.4122284762526935,0.5,6
2022-07-19,AAPL,-0.0022249270400329247,1.2751003865299295,0.5,6
2022-07-20,AAPL,-0.0010970003710373498,1.0501714272886604,0.5,6
2022-07-21,AAPL,-0.0036355320172866694,0.9992275366009993,0.5,6
2022-07-22,AAPL,-0.0006809654433875386,1.0091728085780387,0.5,6
2022-07-25,AAPL,0.0077860778760848615,1.414255915983779,0.5,6
2022-07-26,AAPL,0.007905622202609142,1.4171522926864142,0.5,6
2022-07-27,AAPL,0.006459871297116667,0.6440118334796795,0.5,6
2022-07-28,AAPL,0.016048418116727425,0.43310690006003993,0.5,6
2022-07-29,AAPL,0.013293495794968545,0.4360194489867051,0.5,6
2022-08-01,AAPL,0.01803049780107396,0.30209766707400143,0.5,6
2022-08-02,AAPL,0.02287791535823764,0.44148910023950816,0.5,6
2022-08-03,AAPL,0.008568073365708449,0.2675472140709895,0.5,6
2022-08-04,AAPL,0.01528581135307219,0.28093532476273925,0.5,6
2022-08-05,AAPL,0.01248019579604604,0.2968759905689373,0.5,6
2022-08-08,AAPL,-0.004491177037856901,-0.02954630682687015,0.5,6
2022-08-09,AAPL,-0.006407088984842872,0.015310764169891411,0.5,6
2022-08-10,AAPL,-0.012430645760987253,-0.24566804835627534,0.5,6
2022-08-11,AAPL,-0.0029151174286403117,-0.21179240548650557,0.5,6
2022-08-12,AAPL,-0.015321494718981287,-0.21054742869407433,0.5,6
2022-08-15,AAPL,-0.01644177595670137,-0.020671946326817292,0.5,6
2022-08-16,AAPL,-0.009779561442705802,0.15426148216031568,0.5,6
2022-08-17,AAPL,-0.011004194061150009,0.49677526426701474,0.5,6
2022-08-18,AAPL,-0.007639541733704658,0.49747992220713644,0.5,6
2022-08-19,AAPL,-0.0066601576702908965,0.4569819522921308,0.5,6
2022-08-22,AAPL,-0.0110040257306763,0.557531788362633,0.5,6
2022-08-23,AAPL,-0.009038430818720947,0.24610436205757513,0.5,6
2022-08-24,AAPL,0.008213233810153207,0.6702465345308523,0.5,6
2022-08-25,AAPL,-0.0012618215058343258,0.4200662826490954,0.5,6
2022-08-26,AAPL,0.00043722758358837597,0.38257642051663443,0.5,6
2022-08-29,AAPL,-0.0008707826120173111,0.5983598968595991,0.5,6
2022-08-30,AAPL,0.000593990688706186,0.7463387721161779,0.5,6
2022-08-31,AAPL,0.003494175553556561,0.7853605357043142,0.5,6
2022-09-01,AAPL,-0.0003592957106095403,0.7268526904556982,0.5,6
2022-09-02,AAPL,-0.005928189264976518,0.5994915992818368,0.5,6
2022-09-06,AAPL,-0.009167119727435384,0.5189771326780586,0.5,6
2022-09-07,AAPL,-0.007562748004569682,0.263059060464641,0.5,6
2022-09-08,AAPL,-0.004639211079445095,0.09382630479095594,0.5,6
2022-09-09,AAPL,-0.01346568196656432,-0.13722362032078633,0.5,6
2022-09-12,AAPL,-0.013049242822483787,0.21924388285699636,0.5,6
2022-09-13,AAPL,-0.021283032933126778,0.030435228470483633,0.5,6
2022-09-14,AAPL,-0.01480811538763091,-0.16612183770917388,0.5,6
2022-09-15,AAPL,-0.00944596989510285,-0.24592845338795072,0.5,6
2022-09-16,AAPL,-0.02109170151943971,-0.26045991169100036,0.5,6
2022-09-19,AAPL,-0.028773893497736746,-0.2385091367491201,0.5,6
2022-09-20,AAPL,0.00474886527540822,0.7639078225448251,0.5,6
2022-09-21,AAPL,0.004076170458585942,0.6738648602410865,0.5,6
2022-09-22,AAPL,-0.0005909928055645049,0.7376281023190716,0.5,6
2022-09-23,AAPL,0.0014162419753804092,0.669728392515813,0.5,6
2022-09-26,AAPL,0.004210075448756738,0.9328456843255669,0.5,6
2022-09-27,AAPL,0.009546939002259018,1.223492531503636,0.5,6
2022-09-28,AAPL,0.006338126223687257,0.8935635353641149,0.5,6
2022-09-29,AAPL,-0.012098533722142856,-0.15706672088374798,0.5,6
2022-09-30,AAPL,-0.010087318993128236,-0.4736624878711969,0.5,6
2022-10-03,AAPL,-0.007915869241699498,-0.4174538545407645,0.5,6
2022-10-04,AAPL,-0.008713556282411569,-0.8426384085481051,0.5,6
2022-10-05,AAPL,0.0006966083261596466,-0.41598522402807,0.5,6
2022-10-06,AAPL,-0.004036537684176991,-0.0927886795900997,0.5,6
2022-10-07,AAPL,-0.019634433310320762,-0.08287508726364812,0.5,6
2022-10-10,AAPL,-0.009346292644397318,0.029576351779401377,0.5,6
2022-10-11,AAPL,0.002466803220644206,0.0755914444308183,0.5,6
2022-10-12,AAPL,-0.0070512738890251715,-0.4727258563689838,0.5,6
2022-10-13,AAPL,-0.017282972008515158,-0.0033125885526698595,0.5,6
2022-10-14,AAPL,-0.01956960834463016,0.11760872145360124,0.5,6
2022-10-17,AAPL,-0.01213938113967764,-0.6446933575029024,0.5,6
2022-10-18,AAPL,-0.004389474689600345,-1.2022176103795366,0.5,6
2022-10-19,AAPL,-0.007456572724730439,-0.9870782682753707,0.5,6
2022-10-20,AAPL,-0.009615725716923531,-1.2358109967220585,0.5,6
2022-10-21,AAPL,-0.009755965269241504,-1.1567152022819593,0.5,6
2022-10-24,AAPL,-0.007400133719614468,-1.4137456126361885,0.5,6
2022-10-25,AAPL,-0.008338436604439168,-1.704021377946778,0.5,6
2022-10-26,AAPL,-0.006288309610539439,-0.42844483166553277,0.5,6
2022-10-27,AAPL,0.0001280582492828337,-0.24534145607750418,0.5,6
2022-10-28,AAPL,-0.011162067709980817,0.3331142477278707,0.5,6
2022-10-31,AAPL,0.01054448373401352,0.4091885523941482,0.5,6
2022-11-01,AAPL,0.002483984643764112,0.25745627743361854,0.5,6
2022-11-02,AAPL,-0.0018392284731234855,0.21444388212534254,0.5,6
2022-11-03,AAPL,0.0007734164374124326,-0.0779252992732361,0.5,6
2022-11-04,AAPL,0.0046215132798067765,-0.0599504232994547,0.5,6
2022-11-07,AAPL,0.005209095580203751,-0.17558525037926825,0.5,6
2022-11-08,AAPL,0.004438334188842132,-0.024432391781741364,0.5,6
2022-11-09,AAPL,-0.00436968379954001,-0.24349893794395677,0.5,6
2022-11-10,AAPL,-0.010639418392783104,-0.9701574976131893,0.5,6
2022-11-11,AAPL,0.004430630399764472,-0.9454601976886267,0.5,6
2022-11-14,AAPL,0.001345912642190225,-0.6759882704416869,0.5,6
2022-11-15,AAPL,-0.0010941219804098702,-0.7024150041729235,0.5,6
2022-11-16,AAPL,-0.0013028075759769237,-0.6869670723683755,0.5,6
2022-11-17,AAPL,0.004144957299828649,-0.4379864415586867,0.5,6
2022-11-18,AAPL,0.0007600017638950858,-0.3966279034755959,0.5,6
2022-11-21,AAPL,0.0035699865459204345,-0.32488467691903566,0.5,6
2022-11-22,AAPL,0.0014962027937163128,-0.27463434517852914,0.5,6
2022-11-23,AAPL,-0.0023534155140829977,-0.37082977821800106,0.5,6
2022-11-25,AAPL,0.0008584161390683881,-0.041519992577471077,0.5,6
2022-11-28,AAPL,-0.004102685599916922,-0.6957439842211364,0.5,6
2022-11-29,AAPL,-0.0094661525877402,-0.8932900524225463,0.5,6
2022-11-30,AAPL,-0.011379292502609415,-0.9504381945312537,0.5,6
2022-12-01,AAPL,0.0006476700547215962,-0.7627914802162226,0.5,6
2022-12-02,AAPL,-0.0015750506143727525,-0.3436841304806807,0.5,6
2022-12-05,AAPL,-0.00459420774783355,-0.00027436314940579125,0.5,6
2022-12-06,AAPL,-0.01790963077800663,-0.025485114190858874,0.5,6
2022-12-07,AAPL,-0.022635408012275954,-0.3698733030607449,0.5,6
2022-12-08,AAPL,-0.021760621311009566,-0.4095980339476959,0.5,6
2022-12-09,AAPL,6.591726828105542e-05,-0.15623093971131527,0.5,6
2022-12-12,AAPL,0.005989255122088982,0.0673380095655894,0.5,6
2022-12-13,AAPL,0.006205181922353146,0.0761544454231449,0.5,6
2022-12-14,AAPL,-1.607128126760113e-05,-0.06137070916960475,0.5,6
2022-12-15,AAPL,-0.006098221151962525,-0.6577362568768239,0.5,6
2022-12-16,AAPL,-0.012886947126175146,-0.8687980078674878,0.5,6
2022-12-19,AAPL,-0.006081030303357235,-0.9080894908388054,0.5,6
2022-12-20,AAPL,-0.0031352810151180767,-0.8623971508220969,0.5,6
2022-12-21,AAPL,-0.004508354003899634,-0.9496611841190232,0.5,6
2022-12-22,AAPL,-0.008194050074257355,-0.8848713870558216,0.5,6
2022-12-23,AAPL,-0.0074721121417512405,-0.8590820295092374,0.5,6
2022-12-27,AAPL,-0.005293796289305382,-0.5177081382608801,0.5,6
2022-12-28,AAPL,-0.009772818162718962,-0.6953729322666321,0.5,6
2022-12-29,AAPL,0.004502095410385304,-0.588604190732954,0.5,6
2022-12-30,AAPL,0.0008117054970875748,-0.7390226019285897,0.5,6
2022-07-01,AMZN,-0.008811119302076151,-0.9283005061592117,0.5,6
2022-07-05,AMZN,-0.022652222032683796,-0.6278219661389379,0.5,6
2022-07-06,AMZN,-0.011994981606342537,-0.5607149440934829,0.5,6
2022-07-07,AMZN,-0.007851633517610689,-0.16473427563633009,0.5,6
2022-07-08,AMZN,-0.0011424438747117103,-0.19298724348135746,0.5,6
2022-07-11,AMZN,-0.005432737199189317,-0.3434305507984744,0.5,6
2022-07-12,AMZN,0.004453814406616093,0.008965445516864123,0.5,6
2022-07-13,AMZN,-0.0009350464046888279,0.22892376927665936,0.5,6
2022-07-14,AMZN,3.754953998637878e-05,0.4220924157862919,0.5,6
2022-07-15,AMZN,-0.005340569304989787,0.3247930626349361,0.5,6
2022-07-18,AMZN,-0.00497316353415629,0.6726206377083135,0.5,6
2022-07-19,AMZN,-0.010390360291242327,0.5277250043555153,0.5,6
2022-07-20,AMZN,-0.01391617569474537,0.8605058126313285,0.5,6
2022-07-21,AMZN,-0.023158993192842463,0.4086292556010981,0.5,6
2022-07-22,AMZN,-0.01827263006772328,0.1916690207727887,0.5,6
2022-07-25,AMZN,-0.011425836458524635,0.4308721860527355,0.5,6
2022-07-26,AMZN,-0.01726191026901464,0.04966449845303994,0.5,6
2022-07-27,AMZN,-0.015164389303469984,0.23262857044196533,0.5,6
2022-07-28,AMZN,0.01297709596584518,0.3109695731883881,0.5,6
2022-07-29,AMZN,-0.007778353078564512,0.868750754362136,0.5,6
2022-08-01,AMZN,0.015233454130314367,0.8747508788001552,0.5,6
2022-08-02,AMZN,0.009030407012178773,0.7309525191883812,0.5,6
2022-08-03,AMZN,-0.008804175128613523,0.4776892361681517,0.5,6
2022-08-04,AMZN,-0.004871469926011322,0.714967363855282,0.5,6
2022-08-05,AMZN,-0.003938690803975561,0.7789487842620904,0.5,6
2022-08-08,AMZN,-0.002592721584282591,0.7707350313875869,0.5,6
2022-08-09,AMZN,0.016466889070422826,1.1779276204494902,0.5,6
2022-08-10,AMZN,-0.015502659105669142,0.6404628758425777,0.5,6
2022-08-11,AMZN,0.012595832808569076,0.8555381286872251,0.5,6
2022-08-12,AMZN,-0.004324847919134005,0.7707207937536648,0.5,6
2022-08-15,AMZN,-0.0013520520510549978,0.7317310846798704,0.5,6
2022-08-16,AMZN,-0.014659235756180812,0.7543362317018539,0.5,6
2022-08-17,AMZN,-0.01613291256481565,0.5924237441695457,0.5,6
2022-08-18,AMZN,-0.011273562087635407,0.6528613162668723,0.5,6
2022-08-19,AMZN,-0.006257343706161531,0.6110414676240608,0.5,6
2022-08-22,AMZN,-0.012657041349284722,0.5623206548559003,0.5,6
2022-08-23,AMZN,-0.022877383738882637,0.5602608633495086,0.5,6
2022-08-24,AMZN,0.0009285655736669994,0.8258657840105691,0.5,6
2022-08-25,AMZN,-0.0022508390690443325,0.7749997976830727,0.5,6
2022-08-26,AMZN,0.005784033458035006,0.013325795291424691,0.5,6
2022-08-29,AMZN,0.0009554276220908467,0.12219405733371602,0.5,6
2022-08-30,AMZN,0.009523460828267659,0.5122534125818718,0.5,6
2022-08-31,AMZN,-0.0020125980406695493,0.1738923608491215,0.5,6
2022-09-01,AMZN,-0.0021340781213805356,0.06586967433154112,0.5,6
2022-09-02,AMZN,-0.010962295361699846,0.10220396955208108,0.5,6
2022-09-06,AMZN,-0.011074314241243072,0.1093831521424174,0.5,6
2022-09-07,AMZN,-0.004260294351134868,0.25781792262296777,0.5,6
2022-09-08,AMZN,-0.004885635686697964,0.05327053475779431,0.5,6
2022-09-09,AMZN,-0.0045949825289284775,0.23763689943840843,0.5,6
2022-09-12,AMZN,-0.004898918461616575,0.42986264309034494,0.5,6
2022-09-13,AMZN,-0.01325063055183069,0.1427835835139767,0.5,6
2022-09-14,AMZN,-0.0033069941684945934,0.015621809307036827,0.5,6
2022-09-15,AMZN,-0.004695260501006395,0.09388320037468928,0.5,6
2022-09-16,AMZN,-0.020424793578083793,-0.2070671478699066,0.5,6
2022-09-19,AMZN,-0.006115503288100152,0.23396825290657317,0.5,6
2022-09-20,AMZN,-0.02128151825553299,0.012033609252452115,0.5,6
2022-09-21,AMZN,-0.02766952959949068,-0.469199127058717,0.5,6
2022-09-22,AMZN,-0.03408594575757034,-0.5307285275228404,0.5,6
2022-09-23,AMZN,-0.029037830865373666,-0.9014761501918009,0.5,6
2022-09-26,AMZN,-0.022982535318779695,-0.7297546656862707,0.5,6
2022-09-27,AMZN,-0.02182486590452842,-1.0088755837062147,0.5,6
2022-09-28,AMZN,-0.029220476202452855,-0.5407902386974195,0.5,6
2022-09-29,AMZN,-0.023464705434209348,-0.3868428971023325,0.5,6
2022-09-30,AMZN,-0.020333073169442044,-0.38207000473018965,0.5,6
2022-10-03,AMZN,-0.020293449127703783,-0.8378749717590037,0.5,6
2022-10-04,AMZN,-0.02754830875025378,-0.7040022093507877,0.5,6
2022-10-05,AMZN,-0.012652650537169855,-0.85255125199632,0.5,6
2022-10-06,AMZN,-0.015098441230725648,-0.7828184984760655,0.5,6
2022-10-07,AMZN,-0.023356775880866133,-0.9369012517431166,0.5,6
2022-10-10,AMZN,-0.01232066301439453,-0.8669988446227312,0.5,6
2022-10-11,AMZN,-0.00821150346672745,-0.7817184951780232,0.5,6
2022-10-12,AMZN,-2.9657499373213466e-05,-0.8027018001160361,0.5,6
2022-10-13,AMZN,-0.001291904683990335,-1.3806847293633833,0.5,6
2022-10-14,AMZN,-0.03013890170739805,-1.5275912878934954,0.5,6
2022-10-17,AMZN,-0.016779100748199865,-0.9624341362110618,0.5,6
2022-10-18,AMZN,-0.0004268735792074356,-0.30692167136225695,0.5,6
2022-10-19,AMZN,-0.0063505864632967795,-0.06284979903789556,0.5,6
2022-10-20,AMZN,-0.009915399063390997,-0.18756141693212985,0.5,6
2022-10-21,AMZN,-0.015333039421740875,0.5347395728757902,0.5,6
2022-10-24,AMZN,-0.01435718239711283,-0.04467872296462938,0.5,6
2022-10-25,AMZN,-0.011744100204456206,-0.39371580779690446,0.5,6
2022-10-26,AMZN,-0.01448985313321458,-0.9506989469528411,0.5,6
2022-10-27,AMZN,-0.0007552657485430142,-1.158883200675207,0.5,6
2022-10-28,AMZN,0.02644934934225167,-1.3998335684865992,0.5,6
2022-10-31,AMZN,0.021885527616388303,-1.7530341358829453,0.5,6
2022-11-01,AMZN,0.03066951453627871,-1.609962051648028,0.5,6
2022-11-02,AMZN,0.027916138091699294,-1.5150035690034773,0.5,6
2022-11-03,AMZN,0.022008697040159085,-1.4240990253566705,0.5,6
2022-11-04,AMZN,0.011597626777713097,-1.306084642594262,0.5,6
2022-11-07,AMZN,0.005709115743675632,-1.5843113772608846,0.5,6
2022-11-08,AMZN,0.00747827025251153,-1.4391194178966835,0.5,6
2022-11-09,AMZN,-0.0001782840451655682,-1.7767635548440557,0.5,6
2022-11-10,AMZN,0.037160622496658004,-1.453058211416666,0.5,6
2022-11-11,AMZN,0.03248751506590465,-1.4377323524750325,0.5,6
2022-11-14,AMZN,0.032668078123414414,-1.50528665748031,0.5,6
2022-11-15,AMZN,0.02966873982281762,-1.5639621322782746,0.5,6
2022-11-16,AMZN,0.03339671580148619,-1.7707403283445413,0.5,6
2022-11-17,AMZN,0.03878243995926109,-1.7393684054414984,0.5,6
2022-11-18,AMZN,0.055675942498712674,-1.6884485686675055,0.5,6
2022-11-21,AMZN,0.04567214712790443,-1.489045508125572,0.5,6
2022-11-22,AMZN,0.047436559154157475,-1.220396709570874,0.5,6
2022-11-23,AMZN,0.03942884625102748,-1.1461729301702617,0.5,6
2022-11-25,AMZN,0.02117236247496831,-1.1770241350753603,0.5,6
2022-11-28,AMZN,0.050273042309862695,-0.20362810901085282,0.5,6
2022-11-29,AMZN,0.04439029198328144,-0.40244070629922984,0.5,6
2022-11-30,AMZN,0.04363217529250391,0.04032978110366203,0.5,6
2022-12-01,AMZN,0.01277417271925372,-0.39965233005091244,0.5,6
2022-12-02,AMZN,-6.9887868805046e-05,-0.4313967977975848,0.5,6
2022-12-05,AMZN,-0.0103339809191821,-0.8664311778279192,0.5,6
2022-12-06,AMZN,0.009881859398469486,-0.19990408591955044,0.5,6
2022-12-07,AMZN,0.03924065835377364,0.09601049058542332,0.5,6
2022-12-08,AMZN,-0.013123770078612044,-0.374570350847493,0.5,6
2022-12-09,AMZN,-0.004341563719110663,-0.778652857260268,0.5,6
2022-12-12,AMZN,0.006494165795847633,-0.5989393403151486,0.5,6
2022-12-13,AMZN,0.0044714765618246765,-0.4023102855008843,0.5,6
2022-12-14,AMZN,-0.009320855883056246,-0.525560130458937,0.5,6
2022-12-15,AMZN,-0.002009174205279694,-0.609054823861721,0.5,6
2022-12-16,AMZN,-0.002323597426751562,-0.281444558450111,0.5,6
2022-12-19,AMZN,0.002731488339165642,-0.4203212885640642,0.5,6
2022-12-20,AMZN,0.0017001889692947346,-0.40569988618490915,0.5,6
2022-12-21,AMZN,-0.002568796825327785,-0.4570852273385081,0.5,6
2022-12-22,AMZN,-0.019368474920404388,-0.9041974579006091,0.5,6
2022-12-23,AMZN,-0.00928415342634165,-0.5182491138791665,0.5,6
2022-12-27,AMZN,-0.02730939699313237,-1.2684407484532918,0.5,6
2022-12-28,AMZN,-0.027346610329891507,-1.163739151461304,0.5,6
2022-12-29,AMZN,-0.012372229332028554,-1.0508864493777854,0.5,6
2022-12-30,AMZN,-0.007363237700748435,-0.8877713873445503,0.5,6
2022-07-01,GOOGL,0.007714606580150561,0.15061802526866003,0.5,6
2022-07-05,GOOGL,-0.0018632604631224818,0.39203716438081665,0.5,6
2022-07-06,GOOGL,0.006468724387332219,0.531960828750314,0.5,6
2022-07-07,GOOGL,-0.002188493108958693,0.8184844872005971,0.5,6
2022-07-08,GOOGL,-0.004500431022289187,0.6502309021285564,0.5,6
2022-07-11,GOOGL,-0.002010954099763243,0.3642002914774074,0.5,6
2022-07-12,GOOGL,0.0023880720221637073,0.44383867791607695,0.5,6
2022-07-13,GOOGL,0.00039341793145031734,-0.08690220324330367,0.5,6
2022-07-14,GOOGL,0.004639192094681901,-0.17367209360885816,0.5,6
2022-07-15,GOOGL,-0.005098842571505109,-0.21361261788379524,0.5,6
2022-07-18,GOOGL,-0.009581516875779156,-0.7014351192342265,0.5,6
2022-07-19,GOOGL,-0.007348100039742021,-0.23183837117443928,0.5,6
2022-07-20,GOOGL,0.0019955348761275336,-0.6568579927694511,0.5,6
2022-07-21,GOOGL,-0.000824458056117008,-0.8729136003655975,0.5,6
2022-07-22,GOOGL,-0.0025104508730519593,-1.2702313199267534,0.5,6
2022-07-25,GOOGL,-0.01495222136365759,-1.5291846805816158,0.5,6
2022-07-26,GOOGL,-0.015222233473539973,-1.4519316690478363,0.5,6
2022-07-27,GOOGL,0.000798740180462226,-1.05007582548739,0.5,6
2022-07-28,GOOGL,0.011914655152570964,-0.943805337989847,0.5,6
2022-07-29,GOOGL,0.019265182317193798,-0.4889003832406884,0.5,6
2022-08-01,GOOGL,0.01571788400831809,-0.5973311841055048,0.5,6
2022-08-02,GOOGL,0.007679639154709055,-0.6742084046618153,0.5,6
2022-08-03,GOOGL,0.004325949092293847,-0.7289702961471904,0.5,6
2022-08-04,GOOGL,0.008286070437929222,-0.7980627000474938,0.5,6
2022-08-05,GOOGL,0.005618599889248122,-0.8190150858290834,0.5,6
2022-08-08,GOOGL,0.001066058428475318,-0.8741978627737175,0.5,6
2022-08-09,GOOGL,-0.001475298853780661,-0.7555952400029167,0.5,6
2022-08-10,GOOGL,-0.0017196577211747515,-0.7670452896846032,0.5,6
2022-08-11,GOOGL,0.0030874583326018614,-0.5524753305746926,0.5,6
2022-08-12,GOOGL,-0.01541575269451594,-0.659175442912328,0.5,6
2022-08-15,GOOGL,-0.01901004200318579,-0.5102426194405769,0.5,6
2022-08-16,GOOGL,-0.009153600887475384,-0.4868314701697932,0.5,6
2022-08-17,GOOGL,-0.006497614424510961,-0.3004101432632138,0.5,6
2022-08-18,GOOGL,-0.010083339302810879,-0.21410222754499827,0.5,6
2022-08-19,GOOGL,-0.006521314479553736,0.16376712087115955,0.5,6
2022-08-22,GOOGL,-0.00020758436195022502,0.33940907402586273,0.5,6
2022-08-23,GOOGL,-0.010403435803317972,0.0817865954409836,0.5,6
2022-08-24,GOOGL,0.009602164981297068,0.11157377119474417,0.5,6
2022-08-25,GOOGL,0.01193521480395407,0.18216637602131003,0.5,6
2022-08-26,GOOGL,0.012246291541388675,-0.0869574529358763,0.5,6
2022-08-29,GOOGL,0.009149172962913425,0.22328264389807234,0.5,6
2022-08-30,GOOGL,0.016751804494433864,0.5030260509814234,0.5,6
2022-08-31,GOOGL,0.007129335592388889,0.4684806426662194,0.5,6
2022-09-01,GOOGL,0.00837466340178288,0.6476364004036863,0.5,6
2022-09-02,GOOGL,-0.006734440158527215,0.3233000178497506,0.5,6
2022-09-06,GOOGL,-0.005931895214043761,0.271787481142531,0.5,6
2022-09-07,GOOGL,-0.006938187506204439,0.18016221040039193,0.5,6
2022-09-08,GOOGL,-0.005968759607840156,-0.024586716888874427,0.5,6
2022-09-09,GOOGL,-0.004521121264995606,0.021766486969541476,0.5,6
2022-09-12,GOOGL,0.006688954245179542,0.19201172629291682,0.5,6
2022-09-13,GOOGL,-0.020280899762037577,-0.32288266360515266,0.5,6
2022-09-14,GOOGL,0.007605061740110756,0.006393044759303551,0.5,6
2022-09-15,GOOGL,0.0065919094086600485,0.08046301746194476,0.5,6
2022-09-16,GOOGL,-0.0050082648929063575,0.05463016497000342,0.5,6
2022-09-19,GOOGL,-0.005201510914902752,-0.06161026952780613,0.5,6
2022-09-20,GOOGL,-0.005895356115829264,-0.19173967134235942,0.5,6
2022-09-21,GOOGL,-0.006352814748499513,-0.31555791587858917,0.5,6
2022-09-22,GOOGL,-0.017287603948871917,-0.10537959534575357,0.5,6
2022-09-23,GOOGL,-0.002504848072115031,0.0013423055613189516,0.5,6
2022-09-26,GOOGL,0.005882673556140862,0.45128770742457236,0.5,6
2022-09-27,GOOGL,0.004228694955768594,0.14012070926584227,0.5,6
2022-09-28,GOOGL,-0.005401235051373487,0.1290322178189515,0.5,6
2022-09-29,GOOGL,0.006445982946625473,0.08365528721144418,0.5,6
2022-09-30,GOOGL,0.006601168081609002,-0.31281503048212445,0.5,6
2022-10-03,GOOGL,0.00220140319182934,-0.21108471349457789,0.5,6
2022-10-04,GOOGL,0.0003557291536461847,-0.433004345163623,0.5,6
2022-10-05,GOOGL,0.004588279995248442,-0.8132651316609045,0.5,6
2022-10-06,GOOGL,0.008432135357373959,-0.06278718139355982,0.5,6
2022-10-07,GOOGL,0.003822777622003119,0.303195130956246,0.5,6
2022-10-10,GOOGL,0.009780664029926958,1.1622690280043522,0.5,6
2022-10-11,GOOGL,0.016325703470973382,1.3420217222519095,0.5,6
2022-10-12,GOOGL,0.014369233851978542,1.1706142991787098,0.5,6
2022-10-13,GOOGL,0.01565237198403271,1.367012261392972,0.5,6
2022-10-14,GOOGL,0.015759329368986212,1.2364947966612916,0.5,6
2022-10-17,GOOGL,0.007356451156369873,0.9557323766416088,0.5,6
2022-10-18,GOOGL,0.017750930972140568,0.99928158337099,0.5,6
2022-10-19,GOOGL,0.012836975189873208,1.144093736836297,0.5,6
2022-10-20,GOOGL,0.01012232977220639,0.5458109197289075,0.5,6
2022-10-21,GOOGL,0.006452143598383581,0.35983111775053306,0.5,6
2022-10-24,GOOGL,0.008191472770488461,0.39621087105210573,0.5,6
2022-10-25,GOOGL,0.006354075674832948,0.3237729382483383,0.5,6
2022-10-26,GOOGL,0.013276310227282862,-1.1013429547890703,0.5,6
2022-10-27,GOOGL,0.010281741899828957,-1.2130336825318146,0.5,6
2022-10-28,GOOGL,0.010515174672580995,-0.6430130241673713,0.5,6
2022-10-31,GOOGL,0.05213590696615735,-0.08264540558251732,0.5,6
2022-11-01,GOOGL,0.07253684880617699,0.09309653491899916,0.5,6
2022-11-02,GOOGL,0.03251412283695621,-0.4771252519254874,0.5,6
2022-11-03,GOOGL,0.026209672004193996,-0.6480026676285316,0.5,6
2022-11-04,GOOGL,0.024737396024811082,-0.2900939724144366,0.5,6
2022-11-07,GOOGL,0.01999863459945509,-0.4254854904617118,0.5,6
2022-11-08,GOOGL,0.010869300617879073,-0.5322463327062947,0.5,6
2022-11-09,GOOGL,0.004683046441703315,-0.6558010878117171,0.5,6
2022-11-10,GOOGL,0.06852034359553182,-0.20353720426666166,0.5,6
2022-11-11,GOOGL,0.08603936701102045,-0.17770089759668073,0.5,6
2022-11-14,GOOGL,0.06738975755496354,-0.3994794254548344,0.5,6
2022-11-15,GOOGL,0.08912761552652604,0.08735613406813336,0.5,6
2022-11-16,GOOGL,0.11316455482450272,0.2833502187452206,0.5,6
2022-11-17,GOOGL,0.1005429248072876,0.3622249569756306,0.5,6
2022-11-18,GOOGL,0.10557240150237006,0.37055892579511707,0.5,6
2022-11-21,GOOGL,0.06945386159249206,0.22836984702441354,0.5,6
2022-11-22,GOOGL,0.0731964727449913,0.37650641656136885,0.5,6
2022-11-23,GOOGL,0.023897371643093253,0.24523417715199958,0.5,6
2022-11-25,GOOGL,0.01638775037613862,0.4817965595649849,0.5,6
2022-11-28,GOOGL,0.009332664354783051,0.2670557579738388,0.5,6
2022-11-29,GOOGL,0.011504172990062277,0.2480622727057632,0.5,6
2022-11-30,GOOGL,0.013287295712811984,0.6949706378839315,0.5,6
2022-12-01,GOOGL,0.028130978466333348,1.140666452989082,0.5,6
2022-12-02,GOOGL,0.02570627779290519,1.479568738214279,0.5,6
2022-12-05,GOOGL,-0.0011264572285327296,1.1919485497863704,0.5,6
2022-12-06,GOOGL,-0.00830304759282736,1.0533179375604789,0.5,6
2022-12-07,GOOGL,-0.007189345443037136,0.6360492390032308,0.5,6
2022-12-08,GOOGL,-0.017202578337973208,-0.1499575734641684,0.5,6
2022-12-09,GOOGL,0.008290556099454007,0.21712959026133524,0.5,6
2022-12-12,GOOGL,0.019185479447723978,0.3758039407456082,0.5,6
2022-12-13,GOOGL,0.00603899468736265,0.2648833127232787,0.5,6
2022-12-14,GOOGL,-0.008040992132302943,-0.11745033459284052,0.5,6
2022-12-15,GOOGL,0.003962109521061654,-0.36221893485009893,0.5,6
2022-12-16,GOOGL,-0.0037459378498560566,-0.4060781287039116,0.5,6
2022-12-19,GOOGL,-0.002180696385059601,-0.46099782098881176,0.5,6
2022-12-20,GOOGL,-0.0010965734493202145,-0.3429529302490518,0.5,6
2022-12-21,GOOGL,-0.006931162626455763,-0.6798996917085258,0.5,6
2022-12-22,GOOGL,-0.007313266675778285,-0.6173789046666835,0.5,6
2022-12-23,GOOGL,0.0046877788013369864,-0.14674471635936837,0.5,6
2022-12-27,GOOGL,-0.00769693273914342,-0.4105005186770203,0.5,6
2022-12-28,GOOGL,-0.011682077508066643,-0.5185571889858961,0.5,6
2022-12-29,GOOGL,0.0038646871854434587,-0.5983529916059556,0.5,6
2022-12-30,GOOGL,0.017542196660415454,-0.3316368719634586,0.5,6
2022-07-01,INTC,0.019927976533192046,-0.7973961693608428,0.5,6
2022-07-05,INTC,0.02620671645783471,-0.7075116781596196,0.5,6
2022-07-06,INTC,0.00805809341250956,-0.9549403615968963,0.5,6
2022-07-07,INTC,0.004142384706195404,-0.8879800517784118,0.5,6
2022-07-08,INTC,0.01782238046324895,-0.26841020359969503,0.5,6
2022-07-11,INTC,0.014557217768649076,-0.3393035251568941,0.5,6
2022-07-12,INTC,0.012031346890745212,-0.5527150613517589,0.5,6
2022-07-13,INTC,0.01914122899819758,-0.778811412581638,0.5,6
2022-07-14,INTC,0.025014332315996018,-0.2761696666028029,0.5,6
2022-07-15,INTC,0.027176972384569422,0.3134385923212983,0.5,6
2022-07-18,INTC,0.02925300661941801,0.3756331452596833,0.5,6
2022-07-19,INTC,-0.0002314680664417182,0.3426304976937016,0.5,6
2022-07-20,INTC,0.013348852656188114,0.46397031661602073,0.5,6
2022-07-21,INTC,0.009039243049353822,0.3644270538093533,0.5,6
2022-07-22,INTC,0.021639322169396256,0.6005650182610252,0.5,6
2022-07-25,INTC,0.029273528692256665,0.9100117513255821,0.5,6
2022-07-26,INTC,0.027109955543262804,0.9561404933980973,0.5,6
2022-07-27,INTC,0.015151376122183266,-0.22326799342475911,0.5,6
2022-07-28,INTC,0.026452669924794562,-0.2796795468575737,0.5,6
2022-07-29,INTC,0.025808510171849406,-1.2090480598152666,0.5,6
2022-08-01,INTC,0.018822353749227208,-0.8868547397034869,0.5,6
2022-08-02,INTC,0.015304006075177219,-0.8886675741241199,0.5,6
2022-08-03,INTC,0.012855985463636765,-0.9390030908041986,0.5,6
2022-08-04,INTC,0.01097395155391754,-1.1323992281343955,0.5,6
2022-08-05,INTC,0.003711596784248257,-1.157062464334232,0.5,6
2022-08-08,INTC,0.014457826432358316,-1.1093687909184842,0.5,6
2022-08-09,INTC,0.012722611259542093,-1.271250603122096,0.5,6
2022-08-10,INTC,0.023548963161648315,-1.2934123085251248,0.5,6
2022-08-11,INTC,0.023910643747565852,-1.1716957262101653,0.5,6
2022-08-12,INTC,0.021804063634003994,-1.4241377815877876,0.5,6
2022-08-15,INTC,0.018618919495738316,-1.5346217693889321,0.5,6
2022-08-16,INTC,0.022225064889340573,-1.5638640240568018,0.5,6
2022-08-17,INTC,0.020853971061410723,-1.503881691902133,0.5,6
2022-08-18,INTC,0.02677233953258783,-1.363129530844263,0.5,6
2022-08-19,INTC,0.01921599166312949,-1.408441620301673,0.5,6
2022-08-22,INTC,0.007946151826417804,-1.5768013077384975,0.5,6
2022-08-23,INTC,0.01291342585546129,-1.2215377138434647,0.5,6
2022-08-24,INTC,0.02796341266789078,-0.8638622424820543,0.5,6
2022-08-25,INTC,0.01952030606421443,-0.8793667265286003,0.5,6
2022-08-26,INTC,0.030506613004612937,0.0960930882899686,0.5,6
2022-08-29,INTC,0.03912989917540781,0.21916321836784947,0.5,6
2022-08-30,INTC,0.04490775002248555,0.5923872314909941,0.5,6
2022-08-31,INTC,0.030798293781725022,0.5477768944554277,0.5,6
2022-09-01,INTC,0.03143190803238882,0.7562262766407944,0.5,6
2022-09-02,INTC,0.015187880622930286,0.3890878859828996,0.5,6
2022-09-06,INTC,0.015246849885066402,0.05711027177086217,0.5,6
2022-09-07,INTC,-0.005110745821655007,-0.4601840742108875,0.5,6
2022-09-08,INTC,-0.004384012459793868,-0.4295788012177452,0.5,6
2022-09-09,INTC,-0.0030356848661207557,-0.5661979009838736,0.5,6
2022-09-12,INTC,-0.006866557857260847,-0.6269153147077802,0.5,6
2022-09-13,INTC,0.004827886905074645,-0.4177313304532568,0.5,6
2022-09-14,INTC,0.01556400581881658,-0.435527425896985,0.5,6
2022-09-15,INTC,-0.0030776161607325788,-0.8971983410468478,0.5,6
2022-09-16,INTC,-0.02572523953736008,-1.1228679184692216,0.5,6
2022-09-19,INTC,-0.029570019472373723,-1.2123661950149005,0.5,6
2022-09-20,INTC,-0.033940771935419396,-1.1359824364939883,0.5,6
2022-09-21,INTC,-0.034353120868863586,-1.4085928201867723,0.5,6
2022-09-22,INTC,-0.031001191651155214,-1.2112526535332577,0.5,6
2022-09-23,INTC,-0.014524821749197246,-1.1534246796773635,0.5,6
2022-09-26,INTC,-0.013894759993493275,-1.6369413831930062,0.5,6
2022-09-27,INTC,-0.006006893590695942,-1.5829089265149716,0.5,6
2022-09-28,INTC,-0.01013731775632453,-1.4167669008812314,0.5,6
2022-09-29,INTC,0.003742810041237715,-1.3552671313301843,0.5,6
2022-09-30,INTC,0.009502281966829597,-1.877972488694161,0.5,6
2022-10-03,INTC,-0.007595009886867438,-2.0915593586458088,0.5,6
2022-10-04,INTC,-0.02116648944726978,-2.290316798927318,0.5,6
2022-10-05,INTC,-0.018475534987176658,-2.2379367337579494,0.5,6
2022-10-06,INTC,-0.019953968812638775,-2.289039476724909,0.5,6
2022-10-07,INTC,-0.007540483563320865,-1.804707779809071,0.5,6
2022-10-10,INTC,0.010667898983612228,-1.5186294031895453,0.5,6
2022-10-11,INTC,0.01944465983978288,-1.563821455316172,0.5,6
2022-10-12,INTC,0.018850609229285952,-0.8807209286955818,0.5,6
2022-10-13,INTC,-0.0072610418524014265,-0.6137133921772402,0.5,6
2022-10-14,INTC,-0.006079275719058614,-0.5854814729233608,0.5,6
2022-10-17,INTC,-0.007277612197549821,-1.2150834629969585,0.5,6
2022-10-18,INTC,-0.0006933321975540273,-1.6704722659182571,0.5,6
2022-10-19,INTC,0.0199670867330814,-1.062957504656018,0.5,6
2022-10-20,INTC,0.019247786258298722,-0.9644094347512757,0.5,6
2022-10-21,INTC,0.002917563170473696,-0.8621659233253884,0.5,6
2022-10-24,INTC,0.004332931651624096,-0.749289863503417,0.5,6
2022-10-25,INTC,0.009479757320160712,-1.043483242266473,0.5,6
2022-10-26,INTC,0.013019426624612855,0.0790980155103301,0.5,6
2022-10-27,INTC,0.010740890434932832,-0.32050258813060084,0.5,6
2022-10-28,INTC,-0.03296008437139282,-0.16362920740534692,0.5,6
2022-10-31,INTC,-0.0028089244345363166,-0.19645546668434455,0.5,6
2022-11-01,INTC,0.0017819730977466656,0.14699932405602922,0.5,6
2022-11-02,INTC,-0.010244797774159022,0.0733303762073359,0.5,6
2022-11-03,INTC,-0.012926463406720413,0.07141261468629545,0.5,6
2022-11-04,INTC,-0.02936612793637448,-0.1746143810342442,0.5,6
2022-11-07,INTC,-0.0353156550387755,-0.11891765611260596,0.5,6
2022-11-08,INTC,-0.041763673322354075,-0.05776226921598726,0.5,6
2022-11-09,INTC,-0.04419509927229199,-0.21556160881546005,0.5,6
2022-11-10,INTC,-0.01602560495308024,-0.18699125634576885,0.5,6
2022-11-11,INTC,0.021630088769711377,0.061982230728618914,0.5,6
2022-11-14,INTC,-0.031112151324897076,-0.2556018495421287,0.5,6
2022-11-15,INTC,-0.03291860418445018,-0.10271399189258801,0.5,6
2022-11-16,INTC,-0.03098238829657663,-0.13843463599882755,0.5,6
2022-11-17,INTC,-0.027195074017585776,-0.029673199541260797,0.5,6
2022-11-18,INTC,-0.02889074802828717,0.0034369750739798866,0.5,6
2022-11-21,INTC,-0.03829332793177466,-0.26591492725955623,0.5,6
2022-11-22,INTC,-0.03559701149471974,0.04149456406386409,0.5,6
2022-11-23,INTC,-0.047431510087659966,-0.444538421318069,0.5,6
2022-11-25,INTC,-0.0726222564264893,-0.413361531472319,0.5,6
2022-11-28,INTC,-0.04783749873330764,-0.4293222910209028,0.5,6
2022-11-29,INTC,-0.04958136887167028,-0.3044713453448437,0.5,6
2022-11-30,INTC,-0.04662889866838921,-0.6225237658868703,0.5,6
2022-12-01,INTC,-0.052501747272632425,-1.0387948784385201,0.5,6
2022-12-02,INTC,-0.060812085307254383,-1.2116053469242964,0.5,6
2022-12-05,INTC,-0.051593903251200904,-1.344102227991317,0.5,6
2022-12-06,INTC,-0.053804683864323674,-1.0163064954265684,0.5,6
2022-12-07,INTC,-0.05316634427427941,-1.000529622415482,0.5,6
2022-12-08,INTC,-0.0547617232468897,-1.236866071936099,0.5,6
2022-12-09,INTC,-0.05123005570030694,-1.1938978044501605,0.5,6
2022-12-12,INTC,-0.044387900274076755,-1.2345905663231636,0.5,6
2022-12-13,INTC,-0.04644128569981913,-1.374074965312812,0.5,6
2022-12-14,INTC,-0.044687839638839176,-1.2972785619323919,0.5,6
2022-12-15,INTC,-0.023794590966191603,-1.1281044224117427,0.5,6
2022-12-16,INTC,-0.03833963352543384,-1.286069511912555,0.5,6
2022-12-19,INTC,-0.024552314180077563,-1.054022824005967,0.5,6
2022-12-20,INTC,-0.016486894548578466,-0.9064742152507858,0.5,6
2022-12-21,INTC,-0.010528495190300273,-1.1211844224811918,0.5,6
2022-12-22,INTC,-0.0033454277883142544,-0.7767252928345344,0.5,6
2022-12-23,INTC,-0.0013646859585094502,-0.7365150449300161,0.5,6
2022-12-27,INTC,0.0009290536032123435,-0.3749502425988001,0.5,6
2022-12-28,INTC,0.0022912087463791693,-0.6521118463365314,0.5,6
2022-12-29,INTC,-0.0003030789940280719,-0.7764729072495066,0.5,6
2022-12-30,INTC,0.0015086375467157334,-0.5049289881696013,0.5,6
2022-07-01,MSFT,0.0438270063063911,1.455718466029852,0.5,6
2022-07-05,MSFT,0.045037757762664596,1.010685157465027,0.5,6
2022-07-06,MSFT,0.04772645939009594,1.3727726490362329,0.5,6
2022-07-07,MSFT,0.04724833081700451,1.2185293234589538,0.5,6
2022-07-08,MSFT,0.04654438180415332,1.2539710534504651,0.5,6
2022-07-11,MSFT,0.0443290452817609,1.301767793415086,0.5,6
2022-07-12,MSFT,0.036860378003524305,1.001753363235435,0.5,6
2022-07-13,MSFT,0.03938796844219537,0.8553754028134672,0.5,6
2022-07-14,MSFT,0.034512547068573346,0.6341349639178404,0.5,6
2022-07-15,MSFT,0.016448929906274577,0.3502768738098163,0.5,6
2022-07-18,MSFT,0.0150863119646547,0.06073680865991685,0.5,6
2022-07-19,MSFT,0.027486877333279203,0.29731614990752797,0.5,6
2022-07-20,MSFT,0.026012153516501626,0.011123286281033762,0.5,6
2022-07-21,MSFT,0.024852196146084627,0.15286735738998253,0.5,6
2022-07-22,MSFT,0.025217758382665427,0.07727742856557118,0.5,6
2022-07-25,MSFT,-0.020521394871547364,-0.8336816798733471,0.5,6
2022-07-26,MSFT,0.015533511829458406,-0.1304049481575142,0.5,6
2022-07-27,MSFT,0.03352909227530092,-0.22166996966732355,0.5,6
2022-07-28,MSFT,0.04350331083556755,-0.15367857529163756,0.5,6
2022-07-29,MSFT,0.04991513904990241,0.06841908704533732,0.5,6
2022-08-01,MSFT,0.050684570361318744,-0.09859799787092083,0.5,6
2022-08-02,MSFT,0.041751123764528046,-0.07352138879542974,0.5,6
2022-08-03,MSFT,0.03990637572738835,-0.08869568497291247,0.5,6
2022-08-04,MSFT,0.03748994258804446,-0.010316107402728564,0.5,6
2022-08-05,MSFT,0.022060313980425763,-0.09469706682329541,0.5,6
2022-08-08,MSFT,0.005371625346184143,-0.49567548149632823,0.5,6
2022-08-09,MSFT,-0.008349360329954782,-0.14565555903729796,0.5,6
2022-08-10,MSFT,-0.010523162652889773,-0.37218890613549394,0.5,6
2022-08-11,MSFT,-0.01629500874093754,-0.3941980037489328,0.5,6
2022-08-12,MSFT,-0.011267064392695479,-0.25480671346636613,0.5,6
2022-08-15,MSFT,-0.067597414336608,-0.6544333929681827,0.5,6
2022-08-16,MSFT,-0.06700562486530932,-0.462479940349685,0.5,6
2022-08-17,MSFT,-0.06380946428683042,-0.20199374186649577,0.5,6
2022-08-18,MSFT,-0.06316909023693494,-0.20004054814144617,0.5,6
2022-08-19,MSFT,-0.06268273509125451,-0.20311914327591707,0.5,6
2022-08-22,MSFT,-0.06480242928068386,-0.42841724987176366,0.5,6
2022-08-23,MSFT,-0.03262925571060097,-0.0041426531535195266,0.5,6
2022-08-24,MSFT,-0.02694895826360554,-0.561964509548893,0.5,6
2022-08-25,MSFT,-0.022998470149294247,-0.7907617729477251,0.5,6
2022-08-26,MSFT,-0.018222010863305067,-0.7213100227884776,0.5,6
2022-08-29,MSFT,-0.035167863223292545,-0.6800271953095753,0.5,6
2022-08-30,MSFT,-0.04092389042311341,-0.5436717556870625,0.5,6
2022-08-31,MSFT,-0.047480848511122976,-0.5551431494456381,0.5,6
2022-09-01,MSFT,-0.04852303234278483,-0.7230563295581635,0.5,6
2022-09-02,MSFT,-0.048916281965667135,-0.6641003579159319,0.5,6
2022-09-06,MSFT,-0.04747768908556815,-0.5468530663657271,0.5,6
2022-09-07,MSFT,-0.010764850880440859,-0.21315259743138473,0.5,6
2022-09-08,MSFT,-0.005558925239153268,-0.13142541440244668,0.5,6
2022-09-09,MSFT,-0.0036324055139566333,-0.060419294513804206,0.5,6
2022-09-12,MSFT,-0.0030865098037503153,0.010933580020543121,0.5,6
2022-09-13,MSFT,-0.006714476199106251,-0.0206425403238715,0.5,6
2022-09-14,MSFT,0.003564853223523885,-0.08802862758257865,0.5,6
2022-09-15,MSFT,-0.00734672074894176,-0.5684798697870603,0.5,6
2022-09-16,MSFT,0.00833314335821894,0.2673269827212748,0.5,6
2022-09-19,MSFT,0.02692044335259047,0.2376928059050479,0.5,6
2022-09-20,MSFT,0.023899214281293192,0.15383360248637723,0.5,6
2022-09-21,MSFT,0.02461926475012833,0.15023136086341365,0.5,6
2022-09-22,MSFT,0.023085085108172507,0.6542221794700341,0.5,6
2022-09-23,MSFT,0.022528440394859035,0.7046720153161896,0.5,6
2022-09-26,MSFT,0.014174449082891585,0.6783735567899734,0.5,6
2022-09-27,MSFT,0.013476197576169167,0.4921238511499223,0.5,6
2022-09-28,MSFT,-0.031209693710485924,-0.5942483111703727,0.5,6
2022-09-29,MSFT,-0.017228412051753395,-0.21597446954729102,0.5,6
2022-09-30,MSFT,-0.026460638639185657,-0.19732350567857163,0.5,6
2022-10-03,MSFT,-0.01994311773005391,0.2153097577842853,0.5,6
2022-10-04,MSFT,-0.015588815559251694,0.35546301513830714,0.5,6
2022-10-05,MSFT,-0.009750578451820167,0.4416145500944668,0.5,6
2022-10-06,MSFT,-0.004091389739795915,0.34085017223754355,0.5,6
2022-10-07,MSFT,-0.0346881072699942,-0.4200834178819316,0.5,6
2022-10-10,MSFT,-0.02172055160754764,-0.1985456545954573,0.5,6
2022-10-11,MSFT,-0.0010819850426408285,-0.31320524591580057,0.5,6
2022-10-12,MSFT,-0.0016616592036055766,-0.24451834590649293,0.5,6
2022-10-13,MSFT,0.005511600275096111,0.9259929207077612,0.5,6
2022-10-14,MSFT,-0.005330001630101675,0.7699395498408774,0.5,6
2022-10-17,MSFT,-0.008616741948056898,0.7318835004553337,0.5,6
2022-10-18,MSFT,0.0008359212021028581,0.4373536491021574,0.5,6
2022-10-19,MSFT,-0.004823829438412891,0.4562779156478461,0.5,6
2022-10-20,MSFT,-0.001407295164781775,-0.09862156177650727,0.5,6
2022-10-21,MSFT,-0.004256166099149713,-0.036752370122090275,0.5,6
2022-10-24,MSFT,-0.008918972530152931,0.056002572650621474,0.5,6
2022-10-25,MSFT,-0.007905336832638731,-0.17505588263324467,0.5,6
2022-10-26,MSFT,0.008391726893238355,-0.9602888146021262,0.5,6
2022-10-27,MSFT,0.011896226579317487,-1.0237275600648599,0.5,6
2022-10-28,MSFT,0.01355658319925332,-0.49692519004250535,0.5,6
2022-10-31,MSFT,0.025752748997858527,-0.6437132250219979,0.5,6
2022-11-01,MSFT,0.017953133399835876,-0.6349791631895121,0.5,6
2022-11-02,MSFT,0.002699277893902277,-0.7704659941261892,0.5,6
2022-11-03,MSFT,0.008011882973087787,-0.6588434989058269,0.5,6
2022-11-04,MSFT,0.002662596552444795,-0.4491880107790685,0.5,6
2022-11-07,MSFT,0.012736108894611275,0.04182570801554933,0.5,6
2022-11-08,MSFT,-0.011750440798907493,-0.34081292002476965,0.5,6
2022-11-09,MSFT,0.0014611172419075086,0.028904848384596882,0.5,6
2022-11-10,MSFT,0.03116553798851874,-0.16832755931397647,0.5,6
2022-11-11,MSFT,0.012766643578628268,-0.8245740574784134,0.5,6
2022-11-14,MSFT,0.015833050149040614,-0.6661172590860414,0.5,6
2022-11-15,MSFT,0.01532889869655344,-0.6800943051267122,0.5,6
2022-11-16,MSFT,0.014818285448870108,-0.5868074762684831,0.5,6
2022-11-17,MSFT,0.016645227032330484,-0.47071800517559703,0.5,6
2022-11-18,MSFT,0.01709955930753417,-0.4391512160918408,0.5,6
2022-11-21,MSFT,0.014753213610681456,-0.23246694112145283,0.5,6
2022-11-22,MSFT,0.007065205288784296,-0.24417105627815514,0.5,6
2022-11-23,MSFT,-0.010092083540146237,-0.055778588838614584,0.5,6
2022-11-25,MSFT,-0.012622796275666695,0.297145210211912,0.5,6
2022-11-28,MSFT,-0.005549398642619298,0.4156656486829933,0.5,6
2022-11-29,MSFT,-0.004515906199910414,0.35909698098837955,0.5,6
2022-11-30,MSFT,-0.02281148543884615,0.175465661594138,0.5,6
2022-12-01,MSFT,-0.009694450599176486,0.3834274671314933,0.5,6
2022-12-02,MSFT,-0.013230835384708366,0.6703966529089769,0.5,6
2022-12-05,MSFT,-0.01523533125510965,0.6872912508395913,0.5,6
2022-12-06,MSFT,-0.01389507740942817,0.7161587271128027,0.5,6
2022-12-07,MSFT,0.04608987539151209,1.399419656508606,0.5,6
2022-12-08,MSFT,0.04754109217013985,1.2850346096947056,0.5,6
2022-12-09,MSFT,0.03963721204870387,1.008716162324344,0.5,6
2022-12-12,MSFT,0.04449562995225808,1.4925735458216598,0.5,6
2022-12-13,MSFT,0.04542167045248264,1.7885763431103432,0.5,6
2022-12-14,MSFT,0.03077602149995312,1.6271016549713775,0.5,6
2022-12-15,MSFT,0.03698192899190941,1.6238403391056289,0.5,6
2022-12-16,MSFT,0.0416579051141412,1.554680041921642,0.5,6
2022-12-19,MSFT,0.04417062995418654,1.508741132660385,0.5,6
2022-12-20,MSFT,0.03207670732360772,1.2524754016702873,0.5,6
2022-12-21,MSFT,0.02761747143425302,1.2592457110267417,0.5,6
2022-12-22,MSFT,0.00943915783139683,0.8494036343879195,0.5,6
2022-12-23,MSFT,0.014664677843286752,0.9221844211491708,0.5,6
2022-12-27,MSFT,0.013214333013828778,1.2973412149784014,0.5,6
2022-12-28,MSFT,0.013314488345254914,1.3488728124586116,0.5,6
2022-12-29,MSFT,0.03130034332525427,1.369829070831745,0.5,6
2022-12-30,MSFT,0.03530979797585586,1.624593253793692,0.5,6
2022-07-01,NVDA,0.03141966991432109,-1.2501972036174807,0.5,6
2022-07-05,NVDA,0.014957894170895786,-1.401421346937192,0.5,6
2022-07-06,NVDA,0.020744033259488048,-1.3027076104898905,0.5,6
2022-07-07,NVDA,-0.016403940471425935,-1.7118451683184033,0.5,6
2022-07-08,NVDA,-0.012806344664584614,-1.8799222496034462,0.5,6
2022-07-11,NVDA,-0.00536395619709243,-2.0495674160658712,0.5,6
2022-07-12,NVDA,0.01785571300158466,-1.4078418685858283,0.5,6
2022-07-13,NVDA,0.04104349461764275,-0.519593872544449,0.5,6
2022-07-14,NVDA,0.043475127815999284,-0.17703571412223484,0.5,6
2022-07-15,NVDA,0.04456074232168177,0.06865907361793433,0.5,6
2022-07-18,NVDA,0.04031915854339863,0.5538026331079654,0.5,6
2022-07-19,NVDA,0.019359988162489482,0.4792920653974144,0.5,6
2022-07-20,NVDA,0.009907808951149497,0.39672363022825796,0.5,6
2022-07-21,NVDA,0.009555608912899053,0.6477761457398323,0.5,6
2022-07-22,NVDA,0.025009863553958754,0.9710907670306048,0.5,6
2022-07-25,NVDA,0.04379470035673851,0.920827655760101,0.5,6
2022-07-26,NVDA,0.041284301878185596,0.8610842151862969,0.5,6
2022-07-27,NVDA,-0.0038910232741074563,0.1891442531356467,0.5,6
2022-07-28,NVDA,-0.0045597827334933035,0.5735085836415856,0.5,6
2022-07-29,NVDA,0.004604394648236887,0.41558009587427425,0.5,6
2022-08-01,NVDA,0.009142780640542426,1.0889896977970388,0.5,6
2022-08-02,NVDA,0.0033617518308920714,1.1422878852742275,0.5,6
2022-08-03,NVDA,0.0025566798377527375,0.816103345239001,0.5,6
2022-08-04,NVDA,0.0026328612820825854,0.7022835665826499,0.5,6
2022-08-05,NVDA,-0.0001725425841104895,0.6797027683748404,0.5,6
2022-08-08,NVDA,0.007114773757015689,0.3508681163259666,0.5,6
2022-08-09,NVDA,-0.005248067982749099,0.03001268600043805,0.5,6
2022-08-10,NVDA,0.030363004525710006,0.4757878075765655,0.5,6
2022-08-11,NVDA,-0.018029178287339808,-0.15889769238854326,0.5,6
2022-08-12,NVDA,0.01702581782705496,0.3732852339485515,0.5,6
2022-08-15,NVDA,0.023595599924662074,0.34380659889303317,0.5,6
2022-08-16,NVDA,0.005068403225394798,-0.028998344080084247,0.5,6
2022-08-17,NVDA,0.04312477789733346,-0.06960601078791775,0.5,6
2022-08-18,NVDA,0.04156121699906753,0.10802811180621162,0.5,6
2022-08-19,NVDA,0.01660695978408926,-0.19843752870518577,0.5,6
2022-08-22,NVDA,0.014827739816414805,-0.11365999425017476,0.5,6
2022-08-23,NVDA,0.04230306345510487,0.22579865111491282,0.5,6
2022-08-24,NVDA,0.047552113178113455,0.6841204175312503,0.5,6
2022-08-25,NVDA,0.0421370092812479,0.7039300100932732,0.5,6
2022-08-26,NVDA,0.024851884611641742,-0.4575186494920307,0.5,6
2022-08-29,NVDA,0.010114605461004303,-0.9325952390969684,0.5,6
2022-08-30,NVDA,0.006439542363464464,-1.046712558136735,0.5,6
2022-08-31,NVDA,0.025779988597658888,-0.6208342489694838,0.5,6
2022-09-01,NVDA,0.01598969267518193,-1.3783937691923416,0.5,6
2022-09-02,NVDA,0.014760192955304082,-1.3736512897315651,0.5,6
2022-09-06,NVDA,0.03459731045263317,-0.7515578920941477,0.5,6
2022-09-07,NVDA,0.016727649782623064,-1.0859024378301165,0.5,6
2022-09-08,NVDA,0.05136091714363294,-0.34921223332751905,0.5,6
2022-09-09,NVDA,0.041335039168184734,-0.6650238126047249,0.5,6
2022-09-12,NVDA,0.044925936258834516,-0.663214608277649,0.5,6
2022-09-13,NVDA,0.020207305018319913,-1.4220938762680202,0.5,6
2022-09-14,NVDA,0.03489058867135167,-1.2072279042619907,0.5,6
2022-09-15,NVDA,0.03607918669800322,-0.994422860858778,0.5,6
2022-09-16,NVDA,0.025536567457918387,-1.0498868079446422,0.5,6
2022-09-19,NVDA,0.03845194424529738,-0.991342570679768,0.5,6
2022-09-20,NVDA,0.06057626997226751,-0.6799341559360733,0.5,6
2022-09-21,NVDA,0.03231195773340523,-1.24562436559561,0.5,6
2022-09-22,NVDA,0.028995545654836467,-1.4741240342454995,0.5,6
2022-09-23,NVDA,0.03866387687443293,-1.222449824954153,0.5,6
2022-09-26,NVDA,0.020013923716141968,-1.387459824971525,0.5,6
2022-09-27,NVDA,0.02149765966892047,-1.097528878513191,0.5,6
2022-09-28,NVDA,0.020139688642248584,-0.9223468256083078,0.5,6
2022-09-29,NVDA,0.06209690495731169,-0.5525146808399366,0.5,6
2022-09-30,NVDA,0.07966786602535629,0.7678234206253679,0.5,6
2022-10-03,NVDA,0.06223580101747907,1.027794336371075,0.5,6
2022-10-04,NVDA,0.050577900613001416,1.5661610354292603,0.5,6
2022-10-05,NVDA,0.0653004365124633,1.7875444702974055,0.5,6
2022-10-06,NVDA,0.07348599591295796,1.1823457562964317,0.5,6
2022-10-07,NVDA,0.07939441382634567,0.03901368020018414,0.5,6
2022-10-10,NVDA,0.058735935434923225,-0.3714341282006861,0.5,6
2022-10-11,NVDA,0.11136719848900632,0.7123266514630111,0.5,6
2022-10-12,NVDA,0.10331529856649942,0.6258596529790857,0.5,6
2022-10-13,NVDA,0.08809666971695546,1.245134175340203,0.5,6
2022-10-14,NVDA,0.08592956063830469,-0.2118227933098098,0.5,6
2022-10-17,NVDA,0.07076532409937253,-0.16877637252112665,0.5,6
2022-10-18,NVDA,0.08985800235703602,0.12349801927954496,0.5,6
2022-10-19,NVDA,0.07360971353535396,-0.18122925346924212,0.5,6
2022-10-20,NVDA,0.0703353229409505,0.9351405002542119,0.5,6
2022-10-21,NVDA,0.05975765662853689,0.7551492781149851,0.5,6
2022-10-24,NVDA,0.0919847080149839,1.2018352648714898,0.5,6
2022-10-25,NVDA,0.08181710056794275,1.260058570671195,0.5,6
2022-10-26,NVDA,0.07356364446251239,1.4540856551881287,0.5,6
2022-10-27,NVDA,0.05628740437500639,2.4002062218881743,0.5,6
2022-10-28,NVDA,0.035589600060813346,1.5856004028767416,0.5,6
2022-10-31,NVDA,0.0547691523207239,1.5080762666911651,0.5,6
2022-11-01,NVDA,0.06131735325330421,1.3115351077894388,0.5,6
2022-11-02,NVDA,0.07192208576599315,1.6754861475553005,0.5,6
2022-11-03,NVDA,0.06352910241373025,1.8692624916340028,0.5,6
2022-11-04,NVDA,0.020784571678325266,1.7897384256433153,0.5,6
2022-11-07,NVDA,0.027311387590109606,2.1117220060511848,0.5,6
2022-11-08,NVDA,0.02086736909776858,2.2338233409666444,0.5,6
2022-11-09,NVDA,0.0372226349501591,2.410949558267011,0.5,6
2022-11-10,NVDA,0.060625103541727246,2.5264304432004265,0.5,6
2022-11-11,NVDA,0.039641543685326054,2.1494278054321483,0.5,6
2022-11-14,NVDA,0.07642532284000408,2.6236084773331494,0.5,6
2022-11-15,NVDA,0.055632504128926175,2.363274560967711,0.5,6
2022-11-16,NVDA,0.06986502991520858,2.3181040759081255,0.5,6
2022-11-17,NVDA,0.040586714173291974,1.8698836907529104,0.5,6
2022-11-18,NVDA,0.015535803371639168,1.493116301986568,0.5,6
2022-11-21,NVDA,-0.002888585830298915,1.434661204666409,0.5,6
2022-11-22,NVDA,-0.006538095236443563,1.309814865613405,0.5,6
2022-11-23,NVDA,0.023291030077508747,2.037032951155866,0.5,6
2022-11-25,NVDA,-0.005347244278655013,1.5551061297525504,0.5,6
2022-11-28,NVDA,-0.06673824570529015,0.9298784423625298,0.5,6
2022-11-29,NVDA,-0.050545279401913897,0.9980988159202554,0.5,6
2022-11-30,NVDA,-0.001816334512504896,1.7297920156600586,0.5,6
2022-12-01,NVDA,-0.0026539499412901917,1.8745408154259005,0.5,6
2022-12-02,NVDA,-0.0026138333771055567,1.4806630553373479,0.5,6
2022-12-05,NVDA,-0.008796723944456132,1.3320408957574994,0.5,6
2022-12-06,NVDA,-0.03958104186482561,0.7397092574174725,0.5,6
2022-12-07,NVDA,-0.03508796993670782,0.7578608738539938,0.5,6
2022-12-08,NVDA,-0.020053632498149527,1.879992068987353,0.5,6
2022-12-09,NVDA,0.013788598143277016,1.4048440914273717,0.5,6
2022-12-12,NVDA,0.012182585711299468,1.30503372135186,0.5,6
2022-12-13,NVDA,-0.002551037406534885,1.248412051855414,0.5,6
2022-12-14,NVDA,0.03912735807380852,1.747111056239122,0.5,6
2022-12-15,NVDA,0.02290590321540144,1.57884556584508,0.5,6
2022-12-16,NVDA,0.03304629049188436,1.8812652248734532,0.5,6
2022-12-19,NVDA,0.04388600555311409,2.15128433473788,0.5,6
2022-12-20,NVDA,0.046218912616841204,2.219176345961269,0.5,6
2022-12-21,NVDA,0.0496354833199443,2.249929287243911,0.5,6
2022-12-22,NVDA,0.054564979605396295,1.340911666797656,0.5,6
2022-12-23,NVDA,0.04939337882722868,1.2125359578633643,0.5,6
2022-12-27,NVDA,0.05699509783804668,0.5021200106505561,0.5,6
2022-12-28,NVDA,0.059918191373743664,0.6755375453897272,0.5,6
2022-12-29,NVDA,0.04920076269644345,0.20720008800652456,0.5,6
2022-12-30,NVDA,0.037645559859535514,-0.228128162843235,0.5,6
2022-07-01,PFE,0.017396818787821452,1.2223166706424557,0.5,6
2022-07-05,PFE,0.018641316415842237,0.5371182464801354,0.5,6
2022-07-06,PFE,0.01605409376241437,0.8153335796008243,0.5,6
2022-07-07,PFE,0.013554643607548435,0.7528799741485938,0.5,6
2022-07-08,PFE,0.01763109218864174,0.7491070765636091,0.5,6
2022-07-11,PFE,0.01771411183427966,1.0096053751687801,0.5,6
2022-07-12,PFE,0.023193559267531593,1.271162199619156,0.5,6
2022-07-13,PFE,0.0243459777208922,1.190330616120538,0.5,6
2022-07-14,PFE,0.02708195710130062,0.9512282557376874,0.5,6
2022-07-15,PFE,0.023008450523615578,1.2225922950835262,0.5,6
2022-07-18,PFE,0.022054852459451598,0.7928432221383485,0.5,6
2022-07-19,PFE,0.007277059370184156,0.7694696049338412,0.5,6
2022-07-20,PFE,0.016531265369413933,0.21129881720593685,0.5,6
2022-07-21,PFE,0.013754169966343769,-0.21949629032331208,0.5,6
2022-07-22,PFE,0.01784969381865584,0.13908590486880074,0.5,6
2022-07-25,PFE,0.013715236724568754,0.4244151316848683,0.5,6
2022-07-26,PFE,0.013427528520664082,0.6457539299610803,0.5,6
2022-07-27,PFE,0.016901359557745042,-0.6776601087556414,0.5,6
2022-07-28,PFE,0.027290830469862647,-1.036263867119999,0.5,6
2022-07-29,PFE,0.028824997741023744,-1.172707359582642,0.5,6
2022-08-01,PFE,0.022095334184241564,-1.1976794829491642,0.5,6
2022-08-02,PFE,0.017738736074072545,-0.962021266251342,0.5,6
2022-08-03,PFE,0.0230385114650433,-1.067862563590601,0.5,6
2022-08-04,PFE,0.021458365483674344,-1.0375766780980493,0.5,6
2022-08-05,PFE,0.02129645747546142,-1.0021666253408859,0.5,6
2022-08-08,PFE,0.02062201374600061,-1.157074838971674,0.5,6
2022-08-09,PFE,0.023960092519682105,-0.9738431713878613,0.5,6
2022-08-10,PFE,0.027467015641880522,-1.1608623014676804,0.5,6
2022-08-11,PFE,0.028386910936649398,-1.168682637391763,0.5,6
2022-08-12,PFE,0.01450360387343966,-1.2505620729909828,0.5,6
2022-08-15,PFE,0.01278142453617361,-1.273200901051035,0.5,6
2022-08-16,PFE,0.012493799085818052,-1.0687022508092425,0.5,6
2022-08-17,PFE,0.014285276408853697,-0.7829564620931783,0.5,6
2022-08-18,PFE,0.009287539068862741,-0.9547348227236753,0.5,6
2022-08-19,PFE,0.011119519964880788,-0.9112790654507048,0.5,6
2022-08-22,PFE,0.013260866352115593,-0.6567291718043646,0.5,6
2022-08-23,PFE,0.01166255691117285,-0.8994833760764605,0.5,6
2022-08-24,PFE,0.0172557755333035,-0.48952259021677685,0.5,6
2022-08-25,PFE,0.026137037383781803,-0.18082610345793104,0.5,6
2022-08-26,PFE,0.02786447100552604,0.01810208857247439,0.5,6
2022-08-29,PFE,0.03655901298416131,0.3267377353059165,0.5,6
2022-08-30,PFE,0.029093654839018334,0.4774321501757259,0.5,6
2022-08-31,PFE,0.019511023609731937,0.614120552140342,0.5,6
2022-09-01,PFE,0.014343352588923157,0.8543526997033398,0.5,6
2022-09-02,PFE,0.018717254522855057,0.9484994888386671,0.5,6
2022-09-06,PFE,0.018209406805354426,0.8567854321985939,0.5,6
2022-09-07,PFE,0.018537990339969758,0.6334909972271046,0.5,6
2022-09-08,PFE,0.026174254231856733,1.1527431388283786,0.5,6
2022-09-09,PFE,0.02541741914267819,1.467566714564718,0.5,6
2022-09-12,PFE,0.010757439207373974,0.845004915480443,0.5,6
2022-09-13,PFE,0.02799093219404596,1.3317759279711843,0.5,6
2022-09-14,PFE,0.02891144493286422,1.2643193333529903,0.5,6
2022-09-15,PFE,0.02171158974195183,1.4325020637628636,0.5,6
2022-09-16,PFE,0.018978502218530032,1.8876635887895667,0.5,6
2022-09-19,PFE,0.022433179123200354,1.125558752732565,0.5,6
2022-09-20,PFE,0.01841428074064264,0.6959372609810331,0.5,6
2022-09-21,PFE,0.019138005114463046,0.8882665798020282,0.5,6
2022-09-22,PFE,0.005965879710779271,1.3165823687910088,0.5,6
2022-09-23,PFE,0.00567197266701558,1.3050736411733734,0.5,6
2022-09-26,PFE,0.005911286212508758,1.2433890990662122,0.5,6
2022-09-27,PFE,0.004336077023369183,1.2666165795809503,0.5,6
2022-09-28,PFE,0.00953666394476165,1.4578093277590018,0.5,6
2022-09-29,PFE,0.015934190244680603,1.6969524254685784,0.5,6
2022-09-30,PFE,0.007224833204884305,1.4822696456597808,0.5,6
2022-10-03,PFE,0.01718117624950953,1.786711798857431,0.5,6
2022-10-04,PFE,0.019751916675782702,0.6891548456817894,0.5,6
2022-10-05,PFE,0.01862935620871496,0.6263889614136895,0.5,6
2022-10-06,PFE,0.01771076723262134,-0.5799630164472752,0.5,6
2022-10-07,PFE,0.02650650215516247,0.4470857942894762,0.5,6
2022-10-10,PFE,0.020795819021820122,1.1060386484395863,0.5,6
2022-10-11,PFE,0.02343945137511657,0.5137485037744157,0.5,6
2022-10-12,PFE,0.021317107288205177,0.6337365405666766,0.5,6
2022-10-13,PFE,0.01704562637098316,0.45492173231279837,0.5,6
2022-10-14,PFE,0.019777822576202787,1.0665756529655925,0.5,6
2022-10-17,PFE,0.021654267008148723,0.9436916804709604,0.5,6
2022-10-18,PFE,0.02369171230603468,0.82868146903542,0.5,6
2022-10-19,PFE,0.0215502444219179,0.7369008504461755,0.5,6
2022-10-20,PFE,0.02351935003666659,-0.0776443740674771,0.5,6
2022-10-21,PFE,0.014675271426506646,0.41775473965006515,0.5,6
2022-10-24,PFE,0.023108076212375983,0.45584534084195494,0.5,6
2022-10-25,PFE,0.029387953756050477,-0.377034266025103,0.5,6
2022-10-26,PFE,0.021013466791996768,0.9717612360884522,0.5,6
2022-10-27,PFE,0.026554074589468936,0.8268855646126136,0.5,6
2022-10-28,PFE,0.008905482521961454,0.271931042295433,0.5,6
2022-10-31,PFE,0.03346467397432501,0.6871075046915184,0.5,6
2022-11-01,PFE,0.013494172322499044,0.9608059470084368,0.5,6
2022-11-02,PFE,0.03481448233422597,1.6487461505452623,0.5,6
2022-11-03,PFE,0.02309934076534464,1.561630286440716,0.5,6
2022-11-04,PFE,0.019341850127146665,1.39661811658637,0.5,6
2022-11-07,PFE,0.01593612746835687,1.1742823693077293,0.5,6
2022-11-08,PFE,0.014534836309901614,1.196368186430473,0.5,6
2022-11-09,PFE,0.01593612746835687,1.3311003566488322,0.5,6
2022-11-10,PFE,0.022164671414278764,0.2532078610170648,0.5,6
2022-11-11,PFE,0.020558172248419177,-0.43189913051936163,0.5,6
2022-11-14,PFE,0.0055269211839581315,0.04516571330175584,0.5,6
2022-11-15,PFE,0.01688650864513103,-0.023462415802386255,0.5,6
2022-11-16,PFE,0.01739379562432603,0.20649330595862797,0.5,6
2022-11-17,PFE,0.020590695506328287,0.433512564312671,0.5,6
2022-11-18,PFE,0.02065147074926744,0.28933181337892766,0.5,6
2022-11-21,PFE,0.028956677926006116,0.7037456038821435,0.5,6
2022-11-22,PFE,0.01962403064604686,0.7605171621998077,0.5,6
2022-11-23,PFE,0.031115027484328543,0.605948784923132,0.5,6
2022-11-25,PFE,0.0183874854937424,0.7442668067648202,0.5,6
2022-11-28,PFE,0.025367276422748757,1.1129525501660287,0.5,6
2022-11-29,PFE,0.02762984561177034,1.1225254052395361,0.5,6
2022-11-30,PFE,0.02971490934503176,0.3517514061681313,0.5,6
2022-12-01,PFE,0.012892290715778416,0.17649470379541457,0.5,6
2022-12-02,PFE,0.01763663880996612,0.26785418532450994,0.5,6
2022-12-05,PFE,0.03186554083281919,0.9816095285977023,0.5,6
2022-12-06,PFE,0.027091285089062656,1.2073038817010935,0.5,6
2022-12-07,PFE,0.026388087566170098,0.9974509499641546,0.5,6
2022-12-08,PFE,0.010496123412832415,0.7211856653088983,0.5,6
2022-12-09,PFE,0.012404291995213534,1.5261093898254965,0.5,6
2022-12-12,PFE,0.014933780120454822,1.5820410581203994,0.5,6
2022-12-13,PFE,0.01635558488598607,1.3060203337642224,0.5,6
2022-12-14,PFE,-0.0037689158190110338,1.4529698561859288,0.5,6
2022-12-15,PFE,0.016263999244260304,1.877760932108224,0.5,6
2022-12-16,PFE,0.027395207219826773,1.8376244298307194,0.5,6
2022-12-19,PFE,0.02200893568086347,1.7982164894951143,0.5,6
2022-12-20,PFE,0.01669155102768763,1.7539455930542542,0.5,6
2022-12-21,PFE,0.01748320771012156,1.8747498861828205,0.5,6
2022-12-22,PFE,0.016832735665033464,2.483088182171664,0.5,6
2022-12-23,PFE,0.015935058388842578,2.4679859423447907,0.5,6
2022-12-27,PFE,0.013958503024353364,2.266548656140406,0.5,6
2022-12-28,PFE,0.009860208764494324,2.2739528553173347,0.5,6
2022-12-29,PFE,0.011007498870126226,2.4305527294253877,0.5,6
2022-12-30,PFE,0.01292936671507563,2.338560927509856,0.5,6
2022-07-01,PYPL,0.025748101683411368,-0.6488178828252915,0.5,6
2022-07-05,PYPL,0.04283307900777762,-0.2723051713258158,0.5,6
2022-07-06,PYPL,0.03239727919499843,-0.6443828215629188,0.5,6
2022-07-07,PYPL,0.038522456306649,-0.7273714009262019,0.5,6
2022-07-08,PYPL,0.04233152750865044,-0.9383472649944298,0.5,6
2022-07-11,PYPL,0.019792740155938137,-1.5009901403941122,0.5,6
2022-07-12,PYPL,0.02912186949185594,-0.8982573974458006,0.5,6
2022-07-13,PYPL,-0.002556814407305191,-1.6689868932815424,0.5,6
2022-07-14,PYPL,0.001312730120766835,-1.374306596664447,0.5,6
2022-07-15,PYPL,-0.003852374250519321,-0.837566878247906,0.5,6
2022-07-18,PYPL,-0.003464654082738533,-0.32840945720111975,0.5,6
2022-07-19,PYPL,-0.0010566417312293133,-0.026273911506681274,0.5,6
2022-07-20,PYPL,0.007255151150442435,0.9138279153901546,0.5,6
2022-07-21,PYPL,0.013459095656437202,1.2435897394520423,0.5,6
2022-07-22,PYPL,0.010881344365082849,1.0623881632072458,0.5,6
2022-07-25,PYPL,-0.006086847547567002,0.7032933461720271,0.5,6
2022-07-26,PYPL,-0.0021947150247541534,0.3907401779453368,0.5,6
2022-07-27,PYPL,0.14225675327923498,2.877180676130558,0.5,6
2022-07-28,PYPL,0.1734090533369503,2.8074966513535875,0.5,6
2022-07-29,PYPL,0.14317153384836118,2.3219020849487615,0.5,6
2022-08-01,PYPL,0.14604117732495298,2.3261820933269757,0.5,6
2022-08-02,PYPL,0.14329687235928967,2.3265332138907593,0.5,6
2022-08-03,PYPL,0.12005872772111796,2.8420115518784645,0.5,6
2022-08-04,PYPL,0.13014707086919386,2.7741819507386696,0.5,6
2022-08-05,PYPL,0.12135429815547634,2.8329520054679973,0.5,6
2022-08-08,PYPL,0.13561751735193697,3.1754264263051644,0.5,6
2022-08-09,PYPL,0.17457104534212123,2.996453614921325,0.5,6
2022-08-10,PYPL,0.11957592573671053,2.9425800127472943,0.5,6
2022-08-11,PYPL,0.141775947891537,3.212042357100647,0.5,6
2022-08-12,PYPL,0.1662292445728692,3.062008894011952,0.5,6
2022-08-15,PYPL,0.1491262889906757,2.888541517878668,0.5,6
2022-08-16,PYPL,0.16554649802285082,2.9153555220382015,0.5,6
2022-08-17,PYPL,0.1566388441758273,2.758331047643096,0.5,6
2022-08-18,PYPL,0.1576723691397851,2.6796695366659486,0.5,6
2022-08-19,PYPL,0.1393222836256684,2.6140811821826686,0.5,6
2022-08-22,PYPL,0.0706582214481102,2.2255061749801666,0.5,6
2022-08-23,PYPL,0.14929187519871637,2.462956337439116,0.5,6
2022-08-24,PYPL,0.019746008023520598,1.0864933484960613,0.5,6
2022-08-25,PYPL,0.008790330912868025,1.0877305142077336,0.5,6
2022-08-26,PYPL,0.03522980490587967,2.028519499731492,0.5,6
2022-08-29,PYPL,0.022543017462146046,1.658443241497162,0.5,6
2022-08-30,PYPL,-0.00034785285586805704,1.083174734587513,0.5,6
2022-08-31,PYPL,-0.009862762174054565,0.5836321695323794,0.5,6
2022-09-01,PYPL,-0.005831318718799281,0.6198409164137149,0.5,6
2022-09-02,PYPL,-0.007458776701843391,0.7153672362894639,0.5,6
2022-09-06,PYPL,-0.0047131200118963965,0.7661288378745171,0.5,6
2022-09-07,PYPL,-0.006341796917995257,1.098116517144311,0.5,6
2022-09-08,PYPL,0.0025291591215456707,0.9841316193067291,0.5,6
2022-09-09,PYPL,0.0023639020211880554,0.6987213373276555,0.5,6
2022-09-12,PYPL,-0.007617510523396305,0.5657675980554693,0.5,6
2022-09-13,PYPL,0.01528950963291198,1.1927579858617567,0.5,6
2022-09-14,PYPL,0.00900701331895556,1.1133161689616053,0.5,6
2022-09-15,PYPL,0.00295816450007026,1.3406439613494108,0.5,6
2022-09-16,PYPL,-0.0017813341267680061,1.2390055600845282,0.5,6
2022-09-19,PYPL,0.005276753387880145,1.6136498578638394,0.5,6
2022-09-20,PYPL,0.005381654414716039,1.418300811973819,0.5,6
2022-09-21,PYPL,0.0024040073537820563,1.6299347993954014,0.5,6
2022-09-22,PYPL,-0.016427945976711118,0.7597429811438171,0.5,6
2022-09-23,PYPL,-0.01372048709434765,0.5228003326213064,0.5,6
2022-09-26,PYPL,-0.01269973181237968,0.11780649311781305,0.5,6
2022-09-27,PYPL,-0.00018321812761463405,0.5902660080044654,0.5,6
2022-09-28,PYPL,-0.029143199982103848,0.8516139184721537,0.5,6
2022-09-29,PYPL,-0.01720672280227727,0.5545286085967907,0.5,6
2022-09-30,PYPL,-0.03354422412942447,0.6182909157834151,0.5,6
2022-10-03,PYPL,-0.017012854661680853,0.8214656141012929,0.5,6
2022-10-04,PYPL,-0.00033708152681237577,1.7541164976023134,0.5,6
2022-10-05,PYPL,0.0003591748202891509,1.5197599774317896,0.5,6
2022-10-06,PYPL,0.002392474347067358,1.3583100385223017,0.5,6
2022-10-07,PYPL,0.0018962610380758803,1.4565851533529612,0.5,6
2022-10-10,PYPL,-0.010711459351429687,0.20538990105625626,0.5,6
2022-10-11,PYPL,-0.014328257585375155,-1.2573649905318411,0.5,6
2022-10-12,PYPL,-0.005068524411285454,-1.5718816060377203,0.5,6
2022-10-13,PYPL,-0.002398528355167642,-2.0673692507716996,0.5,6
2022-10-14,PYPL,-0.004191065109120462,-1.402908564602024,0.5,6
2022-10-17,PYPL,0.044667642267731476,-0.5322561282428457,0.5,6
2022-10-18,PYPL,0.03732308018084666,-0.1975289493239593,0.5,6
2022-10-19,PYPL,0.020983480653745293,-0.7028123160444035,0.5,6
2022-10-20,PYPL,-0.018480291866822963,-0.7064858557321757,0.5,6
2022-10-21,PYPL,-0.013301654161761454,-1.5908324082868828,0.5,6
2022-10-24,PYPL,-0.01800443830407825,-1.64001636972871,0.5,6
2022-10-25,PYPL,0.07451889315230269,0.41592385015259226,0.5,6
2022-10-26,PYPL,-0.005689110467869352,-0.9630231998363639,0.5,6
2022-10-27,PYPL,0.0054174971479754,-0.6638671725647877,0.5,6
2022-10-28,PYPL,0.027894782068399744,-0.2925372010373907,0.5,6
2022-10-31,PYPL,0.02661031460285797,-0.692978577578918,0.5,6
2022-11-01,PYPL,0.005878044617979471,-1.0739666729503237,0.5,6
2022-11-02,PYPL,-0.002202681677161322,-1.223816940344264,0.5,6
2022-11-03,PYPL,0.022648415020980212,-0.827207904263298,0.5,6
2022-11-04,PYPL,0.017788434653884345,-0.8245377596218264,0.5,6
2022-11-07,PYPL,-0.011794347486776147,-1.1439335008328066,0.5,6
2022-11-08,PYPL,-0.025628556139850354,-0.9589923753117369,0.5,6
2022-11-09,PYPL,-0.008915583408421078,-0.6370530937668653,0.5,6
2022-11-10,PYPL,0.04175156979175358,-0.016784308976727474,0.5,6
2022-11-11,PYPL,0.05850699170568336,0.2691364802270186,0.5,6
2022-11-14,PYPL,0.05867857032209842,0.18689857935842263,0.5,6
2022-11-15,PYPL,0.056355303759245294,0.14131693105321305,0.5,6
2022-11-16,PYPL,0.04007044632601337,-0.25701519019234215,0.5,6
2022-11-17,PYPL,0.058504600124562434,-0.016394074957162386,0.5,6
2022-11-18,PYPL,0.06518438136075541,0.26425671324198285,0.5,6
2022-11-21,PYPL,0.01398659361221213,-0.3613157212563157,0.5,6
2022-11-22,PYPL,0.02854434553503662,-0.5669561030403394,0.5,6
2022-11-23,PYPL,0.049325191939467716,-0.25585791000189917,0.5,6
2022-11-25,PYPL,0.022020554844084814,-0.5563305551663628,0.5,6
2022-11-28,PYPL,0.03594055527456732,-0.18476125449139524,0.5,6
2022-11-29,PYPL,0.027037016879183827,-0.35268334175637556,0.5,6
2022-11-30,PYPL,0.03498108158138603,-0.6096789285009638,0.5,6
2022-12-01,PYPL,0.01387609349568708,-0.8570106617388604,0.5,6
2022-12-02,PYPL,0.006509445741124306,-1.0688366913908414,0.5,6
2022-12-05,PYPL,-0.003101341468341019,-0.9713981269518663,0.5,6
2022-12-06,PYPL,-0.01799597756687148,-1.3359103901396048,0.5,6
2022-12-07,PYPL,-0.005242664042451998,-1.4181239167003528,0.5,6
2022-12-08,PYPL,-0.008942164483271248,-1.5702544794136444,0.5,6
2022-12-09,PYPL,-0.010082366668337341,-1.764110055123198,0.5,6
2022-12-12,PYPL,0.00395866176256687,-1.5418132841866747,0.5,6
2022-12-13,PYPL,0.008188058660461421,-1.545975133863591,0.5,6
2022-12-14,PYPL,0.003361484931006706,-1.3837471623997004,0.5,6
2022-12-15,PYPL,0.018093408408990073,-1.1075814280168697,0.5,6
2022-12-16,PYPL,0.011862214814187989,-1.305314974497813,0.5,6
2022-12-19,PYPL,0.007855844897371836,-1.3146470264079808,0.5,6
2022-12-20,PYPL,0.019299154786132325,-0.8884996452475199,0.5,6
2022-12-21,PYPL,0.017925044252494495,-0.9877959117925112,0.5,6
2022-12-22,PYPL,0.024508036075456745,-0.5598389557852217,0.5,6
2022-12-23,PYPL,0.01827004077291786,-0.7501296342727872,0.5,6
2022-12-27,PYPL,0.024037468923352918,-0.826719326182876,0.5,6
2022-12-28,PYPL,0.008544711179956586,-0.8051744426282581,0.5,6
2022-12-29,PYPL,-0.005140507763143259,-0.3430142792067772,0.5,6
2022-12-30,PYPL,0.0013360646563305527,-0.05834274142735077,0.5,6
2022-07-01,ZM,0.015578737047904995,1.1194504780035455,0.5,6
2022-07-05,ZM,-0.045080973423274114,0.8910969051386939,0.5,6
2022-07-06,ZM,-0.05202331229987908,0.38300449698833816,0.5,6
2022-07-07,ZM,-0.061095361646393335,0.35572878423709287,0.5,6
2022-07-08,ZM,-0.027239079808971733,0.47118145360227714,0.5,6
2022-07-11,ZM,0.05129872618436456,1.220167783359719,0.5,6
2022-07-12,ZM,-0.02459530063942805,-0.8818889617853612,0.5,6
2022-07-13,ZM,0.04360450408038121,-0.2904062599291508,0.5,6
2022-07-14,ZM,0.05080013161511241,-0.895508629578293,0.5,6
2022-07-15,ZM,-0.016669976171252914,-2.5194439611015564,0.5,6
2022-07-18,ZM,-0.025760363863720548,-2.8380203466915743,0.5,6
2022-07-19,ZM,-0.053683137738502786,-3.4334214261368086,0.5,6
2022-07-20,ZM,-0.06336742037070242,-3.2507632128719424,0.5,6
2022-07-21,ZM,-0.031995553897749794,-2.7241071979043987,0.5,6
2022-07-22,ZM,-0.030154549749904138,-2.7810177913573226,0.5,6
2022-07-25,ZM,-0.026152356763724564,-2.44080962652413,0.5,6
2022-07-26,ZM,-0.02818664542432684,-2.738198990424915,0.5,6
2022-07-27,ZM,0.018514109939105388,-1.7702914358527349,0.5,6
2022-07-28,ZM,0.026753602737362048,-1.7116543809845428,0.5,6
2022-07-29,ZM,0.029337280187468007,-1.2400156685786183,0.5,6
2022-08-01,ZM,-0.01545368925163121,-1.8115569323690952,0.5,6
2022-08-02,ZM,-0.028120661334115865,-2.0428440847601683,0.5,6
2022-08-03,ZM,-0.02767242967914128,-1.578819711841704,0.5,6
2022-08-04,ZM,-0.014007551685775851,-1.4940134922566743,0.5,6
2022-08-05,ZM,-0.03256906918150277,-1.5155383063463685,0.5,6
2022-08-08,ZM,-0.006013643680465047,-0.6311662930316435,0.5,6
2022-08-09,ZM,0.0029772102918149738,-1.073360111990972,0.5,6
2022-08-10,ZM,0.023370318164285486,-0.2196538419972611,0.5,6
2022-08-11,ZM,-0.0048818250504505155,-0.40983868998727035,0.5,6
2022-08-12,ZM,0.0060932287467073375,-0.4067854820626301,0.5,6
2022-08-15,ZM,0.021115956550670115,0.029091427723973724,0.5,6
2022-08-16,ZM,0.02498344901038221,-0.21307720643476435,0.5,6
2022-08-17,ZM,0.012316746104578,-0.9886820061667172,0.5,6
2022-08-18,ZM,0.010288973802266075,-1.206031757691786,0.5,6
2022-08-19,ZM,0.024981660909793677,-1.1245943652365389,0.5,6
2022-08-22,ZM,0.020845285380781637,-0.9091599685597622,0.5,6
2022-08-23,ZM,0.044585145901080384,-1.4517430663286515,0.5,6
2022-08-24,ZM,0.02667626297396449,-1.4629505135157528,0.5,6
2022-08-25,ZM,0.03205675331044675,-1.317938377720229,0.5,6
2022-08-26,ZM,0.0494412016166255,-1.2728307671856083,0.5,6
2022-08-29,ZM,0.032666421982627675,-1.5355583588557717,0.5,6
2022-08-30,ZM,-0.007596197419834744,-2.3242280381099083,0.5,6
2022-08-31,ZM,0.012959845733342813,-1.997285756932682,0.5,6
2022-09-01,ZM,0.010560425418976732,-1.569328559198269,0.5,6
2022-09-02,ZM,0.03567920372680955,-1.040198550147202,0.5,6
2022-09-06,ZM,0.04282908176786983,-1.2817613493471054,0.5,6
2022-09-07,ZM,0.05268394430221993,-0.6734075983870274,0.5,6
2022-09-08,ZM,0.0379002068544558,-1.3491684318472734,0.5,6
2022-09-09,ZM,0.04869532943743656,-0.9968268098771335,0.5,6
2022-09-12,ZM,0.03644732684306071,-0.9726944228112845,0.5,6
2022-09-13,ZM,0.06824026612109226,-0.5144023151670976,0.5,6
2022-09-14,ZM,0.04765231017266951,-0.5027445609302081,0.5,6
2022-09-15,ZM,0.02839976100261873,-0.2414627178682719,0.5,6
2022-09-16,ZM,0.006752798226339221,-0.8083445105906051,0.5,6
2022-09-19,ZM,0.026763798904711474,-0.7070414974364312,0.5,6
2022-09-20,ZM,0.02597876519749175,-1.0363568434660864,0.5,6
2022-09-21,ZM,-0.038896110521036566,0.0966766284177567,0.5,6
2022-09-22,ZM,-0.026978294473868458,-0.1466908210765807,0.5,6
2022-09-23,ZM,-0.013259631041159113,0.07373396763531453,0.5,6
2022-09-26,ZM,-0.0027985589217599757,0.33045333312666536,0.5,6
2022-09-27,ZM,-0.012410381999382812,-0.023306290770438165,0.5,6
2022-09-28,ZM,-0.014258360097902729,0.14213327694310948,0.5,6
2022-09-29,ZM,-0.0061594195671744465,0.3325295784266785,0.5,6
2022-09-30,ZM,-0.010555100715395041,0.37545953538768406,0.5,6
2022-10-03,ZM,-0.003125276680288636,-0.29330860867392805,0.5,6
2022-10-04,ZM,-0.013495809452567252,-0.09493363186183584,0.5,6
2022-10-05,ZM,-0.01768927521354621,-0.05556961779410713,0.5,6
2022-10-06,ZM,-0.012183778586452493,0.9258908855756321,0.5,6
2022-10-07,ZM,-0.011501377782383188,0.9986877778988994,0.5,6
2022-10-10,ZM,-0.016420873026671137,0.45233410132881746,0.5,6
2022-10-11,ZM,0.002005457295487866,1.2724218650216836,0.5,6
2022-10-12,ZM,0.0019567850936711598,1.5423380444003418,0.5,6
2022-10-13,ZM,0.0017531344392318023,0.07201887111125688,0.5,6
2022-10-14,ZM,0.007568451403619904,0.5371853978073269,0.5,6
2022-10-17,ZM,-0.011455804005685992,0.8919358999069908,0.5,6
2022-10-18,ZM,-0.009485478120214956,0.9883257761958977,0.5,6
2022-10-19,ZM,-0.015444789742494447,0.659654638552611,0.5,6
2022-10-20,ZM,-0.021424258520419452,1.7895822199985045,0.5,6
2022-10-21,ZM,-0.013855013277412564,1.5789911956249472,0.5,6
2022-10-24,ZM,-0.01220878129296992,1.7378365194167729,0.5,6
2022-10-25,ZM,-0.013536616267809708,1.693555217596377,0.5,6
2022-10-26,ZM,-0.0012456388508295683,1.8988538410590234,0.5,6
2022-10-27,ZM,-0.0005983827031889546,1.398263873543986,0.5,6
2022-10-28,ZM,-0.00017556247758701744,0.8052924982391688,0.5,6
2022-10-31,ZM,-0.0020039178071053635,0.7644544869738917,0.5,6
2022-11-01,ZM,-0.002846281622855915,0.5490146965813416,0.5,6
2022-11-02,ZM,-0.005728878770247609,0.37440519896617636,0.5,6
2022-11-03,ZM,-0.007274122451764712,0.13377300266654812,0.5,6
2022-11-04,ZM,-0.0015401109114907337,-0.0818873524863932,0.5,6
2022-11-07,ZM,-0.008432389410369999,0.12040319167281366,0.5,6
2022-11-08,ZM,-0.015079547909809513,-0.07682582045990372,0.5,6
2022-11-09,ZM,0.0027527234577103894,-0.24227648011838498,0.5,6
2022-11-10,ZM,0.02530150139440176,0.2192177337154984,0.5,6
2022-11-11,ZM,0.08602512819996627,1.3368201193703282,0.5,6
2022-11-14,ZM,0.07077509176468608,0.6468006920116735,0.5,6
2022-11-15,ZM,0.05033381568202241,0.48070022318382644,0.5,6
2022-11-16,ZM,0.07501133051322031,0.6320171025605952,0.5,6
2022-11-17,ZM,0.049018788447902556,0.028518914632992887,0.5,6
2022-11-18,ZM,0.05462558955501775,0.10352695875836701,0.5,6
2022-11-21,ZM,0.04135271608076202,0.3068511191089668,0.5,6
2022-11-22,ZM,0.04255780783685072,-0.1821747943705478,0.5,6
2022-11-23,ZM,0.02723013727625619,-0.6150382846841522,0.5,6
2022-11-25,ZM,0.004196698016315045,-0.8900784920027542,0.5,6
2022-11-28,ZM,0.02330332305261439,-1.2120967604411035,0.5,6
2022-11-29,ZM,0.060289646995835326,-0.7748980290309384,0.5,6
2022-11-30,ZM,0.042516581691153986,-0.8096686134908327,0.5,6
2022-12-01,ZM,0.03269997615434642,-0.5168800888973754,0.5,6
2022-12-02,ZM,0.03329673174579574,-0.8429596651917104,0.5,6
2022-12-05,ZM,0.016853954594248148,-1.0106843290606546,0.5,6
2022-12-06,ZM,0.014171408659035087,-1.1388837181152651,0.5,6
2022-12-07,ZM,0.04372147532502087,-1.098264367738829,0.5,6
2022-12-08,ZM,0.03162691760696802,-0.14496583438185706,0.5,6
2022-12-09,ZM,0.06218688312061899,-0.2639075772936059,0.5,6
2022-12-12,ZM,-0.002843337717550085,-1.4474470847801297,0.5,6
2022-12-13,ZM,-0.010733982092322916,-1.3616861021991158,0.5,6
2022-12-14,ZM,-0.013086594648270647,-1.4417756688429542,0.5,6
2022-12-15,ZM,0.0005180593338272297,-1.2157509710416772,0.5,6
2022-12-16,ZM,0.00017586651697842226,-1.125864515193936,0.5,6
2022-12-19,ZM,-0.009546635755774281,-1.3001635060877494,0.5,6
2022-12-20,ZM,-0.023635011045953662,-1.8195735129314474,0.5,6
2022-12-21,ZM,-0.017956776967151016,-1.1882984470137141,0.5,6
2022-12-22,ZM,-0.0038196336390635866,-0.9303914851143681,0.5,6
2022-12-23,ZM,-0.027108698337596732,-1.5919857824067496,0.5,6
2022-12-27,ZM,-0.025569039792853337,-0.6676909075964953,0.5,6
2022-12-28,ZM,-0.03269135756043417,-0.4634076514870522,0.5,6
2022-12-29,ZM,-0.019679035779303473,-0.6502510700906777,0.5,6
2022-12-30,ZM,-0.015496804749926258,-1.213323427626762,0.5,6
2023-01-03,AAPL,-0.0036869170495151646,-0.6839415096106175,-0.5,7
2023-01-04,AAPL,-0.007982472212313442,-0.6348570252793087,-0.5,7
2023-01-05,AAPL,-0.004953822435888737,-0.5429849096089047,-0.5,7
2023-01-06,AAPL,-0.020028735946736743,-0.4708409251582347,-0.5,7
2023-01-09,AAPL,-0.010770558656073532,-0.4395970429055902,-0.5,7
2023-01-10,AAPL,-0.011091405552164578,-0.583778299094329,-0.5,7
2023-01-11,AAPL,-0.010906056630472944,-0.3444155356806198,-0.5,7
2023-01-12,AAPL,-0.011722439558049509,-0.23527162006675784,-0.5,7
2023-01-13,AAPL,-0.010605617655670365,-0.01358073736767973,-0.5,7
2023-01-17,AAPL,-0.007095320743867026,0.0626903163525303,-0.5,7
2023-01-18,AAPL,-0.006386157478346337,0.33315595443689466,-0.5,7
2023-01-19,AAPL,0.0005528601343895828,0.30638164590035816,-0.5,7
2023-01-20,AAPL,-0.006213384411747953,0.0977620792284328,-0.5,7
2023-01-23,AAPL,-0.005858335171197648,-0.18683320583132584,-0.5,7
2023-01-24,AAPL,0.01831318578148492,-0.24276177640489668,-0.5,7
2023-01-25,AAPL,0.019494513851475413,-0.16967620872833383,-0.5,7
2023-01-26,AAPL,0.02294859258211911,-0.3070891767974141,-0.5,7
2023-01-27,AAPL,0.016722815786434402,-0.03567054117489209,-0.5,7
2023-01-30,AAPL,0.0038979079173896967,-0.0002919292834593634,-0.5,7
2023-01-31,AAPL,0.0005471101911238792,0.051450369951111026,-0.5,7
2023-02-01,AAPL,0.00217947689057387,0.26256501573178176,-0.5,7
2023-02-02,AAPL,-0.009183197037518031,0.2951571409047566,-0.5,7
2023-02-03,AAPL,-0.012751134172599978,0.7457696694445297,-0.5,7
2023-02-06,AAPL,-8.895104344477233e-05,0.4659097992123879,-0.5,7
2023-02-07,AAPL,-0.00629835606025313,0.3856056847292785,-0.5,7
2023-02-08,AAPL,0.011038370412443634,0.44079509172619863,-0.5,7
2023-02-09,AAPL,0.011827422790226439,0.4788683539348053,-0.5,7
2023-02-10,AAPL,0.009843034669904906,0.3569121224867579,-0.5,7
2023-02-13,AAPL,0.00428447118945285,0.32122979897803877,-0.5,7
2023-02-14,AAPL,0.004911518470742392,0.21419704377472332,-0.5,7
2023-02-15,AAPL,0.004270007489657356,0.3698473679902555,-0.5,7
2023-02-16,AAPL,0.0045678282094971795,0.20413647815039382,-0.5,7
2023-02-17,AAPL,0.004271749403685314,0.7747643126890951,-0.5,7
2023-02-21,AAPL,0.009390550536290372,0.6631579123229034,-0.5,7
2023-02-22,AAPL,0.007280964678119095,0.46860308463509337,-0.5,7
2023-02-23,AAPL,0.006670527620075371,0.026036512754372132,-0.5,7
2023-02-24,AAPL,0.01008638018160677,0.29672448173277927,-0.5,7
2023-02-27,AAPL,0.008796223061649743,0.19806930474433487,-0.5,7
2023-02-28,AAPL,0.006832784728789815,0.08005668919027975,-0.5,7
2023-03-01,AAPL,0.01038939214981114,0.36848041918080066,-0.5,7
2023-03-02,AAPL,0.006331768762696652,0.6511537605363951,-0.5,7
2023-03-03,AAPL,0.007771707194466432,0.8188503269214656,-0.5,7
2023-03-06,AAPL,0.013068043181339714,0.6018635612520744,-0.5,7
2023-03-07,AAPL,0.006878035443391461,0.8184157449913196,-0.5,7
2023-03-08,AAPL,0.009458354781390914,0.7766019965993105,-0.5,7
2023-03-09,AAPL,0.006878035443391461,1.0063347449510487,-0.5,7
2023-03-10,AAPL,0.0072822330333067765,1.0478535978812449,-0.5,7
2023-03-13,AAPL,0.010249533055244843,0.6664679739408056,-0.5,7
2023-03-14,AAPL,0.009994288194402986,0.3353700120917845,-0.5,7
2023-03-15,AAPL,0.007637425230508645,0.7662521259243401,-0.5,7
2023-03-16,AAPL,0.009845335465329523,-0.06576283543771423,-0.5,7
2023-03-17,AAPL,0.012189618703566588,-0.068414215273391,-0.5,7
2023-03-20,AAPL,0.008263652601387726,0.19214506644485044,-0.5,7
2023-03-21,AAPL,0.0067808011107647875,0.10217180995175079,-0.5,7
2023-03-22,AAPL,0.005045980153576725,0.06228967381783658,-0.5,7
2023-03-23,AAPL,0.013721447836238103,-0.09110934149688152,-0.5,7
2023-03-24,AAPL,0.00700175160250228,0.0679652060788683,-0.5,7
2023-03-27,AAPL,0.006620802584973345,-0.09275734523600343,-0.5,7
2023-03-28,AAPL,0.007892670091350503,-0.16714275843494958,-0.5,7
2023-03-29,AAPL,0.009444080261513594,-0.2530364615944264,-0.5,7
2023-03-30,AAPL,0.006830921858578067,-0.02766038123918857,-0.5,7
2023-03-31,AAPL,0.007616213292946246,-0.27833964797478505,-0.5,7
2023-04-03,AAPL,0.008418380863165095,-0.41296600343584844,-0.5,7
2023-04-04,AAPL,0.011026907859876872,-0.24406009203439213,-0.5,7
2023-04-05,AAPL,0.009884940028365175,-0.4896890365139931,-0.5,7
2023-04-06,AAPL,0.014339289435007738,-0.6016621888810665,-0.5,7
2023-04-10,AAPL,0.007057193081258398,-0.6298559245961294,-0.5,7
2023-04-11,AAPL,0.008312218296714802,-0.5091622624124441,-0.5,7
2023-04-12,AAPL,0.009370041800626887,-0.27680132012258696,-0.5,7
2023-04-13,AAPL,0.0006973492264416012,0.09866415755769242,-0.5,7
2023-04-14,AAPL,-4.594025200822056e-05,0.6514495900893282,-0.5,7
2023-04-17,AAPL,-0.0001948929810816788,0.7275374331576783,-0.5,7
2023-04-18,AAPL,0.002662446655985207,0.34648772458678906,-0.5,7
2023-04-19,AAPL,-0.004513185964357188,0.7606703860527813,-0.5,7
2023-04-20,AAPL,-0.0036273818943945487,0.9625338888313457,-0.5,7
2023-04-21,AAPL,-0.0016922620525018485,0.636013036186272,-0.5,7
2023-04-24,AAPL,-0.0027892751825545513,0.7733256379261314,-0.5,7
2023-04-25,AAPL,-0.0009646707560357405,1.2127530369494885,-0.5,7
2023-04-26,AAPL,0.001786039389928971,0.3616367596533888,-0.5,7
2023-04-27,AAPL,-0.0035770085541983665,0.5023986656209001,-0.5,7
2023-04-28,AAPL,0.002306030774888019,0.5026200191901417,-0.5,7
2023-05-01,AAPL,-0.006050509565014521,0.7250667760915456,-0.5,7
2023-05-02,AAPL,-0.008218930144030462,0.6992579543391497,-0.5,7
2023-05-03,AAPL,-0.008218930144030462,0.6611029553629756,-0.5,7
2023-05-04,AAPL,-0.006798109908579846,0.46680658223669963,-0.5,7
2023-05-05,AAPL,-0.016263860285006843,1.1121325933983175,-0.5,7
2023-05-08,AAPL,-0.010639354615111812,1.125296916554108,-0.5,7
2023-05-09,AAPL,-0.010639354615111812,1.0938096165279014,-0.5,7
2023-05-10,AAPL,-0.011376199507843852,0.82183125339255,-0.5,7
2023-05-11,AAPL,-0.009534896429305004,0.6582838091052461,-0.5,7
2023-05-12,AAPL,-0.005252101283929867,0.5842580102012913,-0.5,7
2023-05-15,AAPL,-0.002817077645658971,0.4385248491274346,-0.5,7
2023-05-16,AAPL,-0.0032449928102833373,0.2500129102475273,-0.5,7
2023-05-17,AAPL,-0.009543048681671341,0.16086695968971104,-0.5,7
2023-05-18,AAPL,-0.014259074258425887,0.07551069585967712,-0.5,7
2023-05-19,AAPL,-0.011952056066458978,0.19347935641731262,-0.5,7
2023-05-22,AAPL,-0.011952056066458978,-0.03848120795345235,-0.5,7
2023-05-23,AAPL,-0.008573742570996247,-0.19780585961134906,-0.5,7
2023-05-24,AAPL,-0.004478492099859218,0.059724815362949255,-0.5,7
2023-05-25,AAPL,-0.0051793100358733715,0.12819374627977426,-0.5,7
2023-05-26,AAPL,9.848214781735026e-05,0.07078217236487316,-0.5,7
2023-05-30,AAPL,0.0013400799490893816,0.01127854461099942,-0.5,7
2023-05-31,AAPL,0.001624116740804723,-0.09907894660336644,-0.5,7
2023-06-01,AAPL,-0.0051900173654147504,0.05714333479801528,-0.5,7
2023-06-02,AAPL,-0.010288432881086612,0.06924527112274771,-0.5,7
2023-06-05,AAPL,0.019388333956317113,-0.5309953295287232,-0.5,7
2023-06-06,AAPL,0.02270319778451141,-0.6018243350715609,-0.5,7
2023-06-07,AAPL,0.02270319778451141,-0.8797656008857824,-0.5,7
2023-06-08,AAPL,0.02196505919615628,-0.7312403061554464,-0.5,7
2023-06-09,AAPL,0.025003312716563003,-1.003770821179811,-0.5,7
2023-06-12,AAPL,0.03052102864576751,-1.0513817184750107,-0.5,7
2023-06-13,AAPL,0.03321553605183773,-1.057279667041866,-0.5,7
2023-06-14,AAPL,0.02405815823078802,-0.9039065635702996,-0.5,7
2023-06-15,AAPL,0.02532376097672439,-0.9562421295361572,-0.5,7
2023-06-16,AAPL,0.022844134915458506,-0.8583617897274578,-0.5,7
2023-06-20,AAPL,0.0037940401211397903,-0.5863736202932969,-0.5,7
2023-06-21,AAPL,0.0037940401211397903,-0.11548703883188967,-0.5,7
2023-06-22,AAPL,0.01487735501125689,-0.2483963753010794,-0.5,7
2023-06-23,AAPL,0.0010808706921533458,-0.1409966587421706,-0.5,7
2023-06-26,AAPL,0.002065903460699246,-0.06774208233679194,-0.5,7
2023-06-27,AAPL,0.0006447381341941916,0.16924962704648908,-0.5,7
2023-06-28,AAPL,-0.000867282260979917,0.5277489834629006,-0.5,7
2023-06-29,AAPL,-0.001012235355982944,0.8076591624253016,-0.5,7
2023-06-30,AAPL,-0.015939610919082785,1.2997999676578968,-0.5,7
2023-01-03,AMZN,-0.00830840083919668,0.6428612836652066,-0.5,7
2023-01-04,AMZN,0.00015924269304406024,0.3766156350082495,-0.5,7
2023-01-05,AMZN,0.003043056496720671,0.3218299208219725,-0.5,7
2023-01-06,AMZN,-0.003672732129797134,0.32428481372246565,-0.5,7
2023-01-09,AMZN,-0.005300449630211151,0.5215439107778165,-0.5,7
2023-01-10,AMZN,-0.004674571586923782,0.9320757836668987,-0.5,7
2023-01-11,AMZN,0.011289041548006976,1.072955210330376,-0.5,7
2023-01-12,AMZN,0.009213141817113182,0.9531543094485323,-0.5,7
2023-01-13,AMZN,0.010688431351828828,1.2129728797305246,-0.5,7
2023-01-17,AMZN,-0.003062935375696989,1.0416201621267698,-0.5,7
2023-01-18,AMZN,-0.005705891100801077,1.4104577214524117,-0.5,7
2023-01-19,AMZN,-0.006901560360290744,1.5686981617749127,-0.5,7
2023-01-20,AMZN,0.010946909992444843,0.8677631472421625,-0.5,7
2023-01-23,AMZN,0.0005896799777570685,0.5468775423359157,-0.5,7
2023-01-24,AMZN,-0.009396280788823503,0.8071785318278977,-0.5,7
2023-01-25,AMZN,-0.008172421623860926,0.8108838993506451,-0.5,7
2023-01-26,AMZN,0.012699666028024238,0.4669657677668817,-0.5,7
2023-01-27,AMZN,0.016852090648308855,0.5524623415901656,-0.5,7
2023-01-30,AMZN,0.02441158149884367,0.16913906845573123,-0.5,7
2023-01-31,AMZN,0.020689197554022053,0.4332267361141147,-0.5,7
2023-02-01,AMZN,0.020456221265965944,0.3883283664147643,-0.5,7
2023-02-02,AMZN,0.09045637285930316,0.053132854981571054,-0.5,7
2023-02-03,AMZN,0.05491513839506321,-0.16060691317683895,-0.5,7
2023-02-06,AMZN,0.047768742270623936,-0.3269071949384726,-0.5,7
2023-02-07,AMZN,0.012251174521677961,-0.05487118701985674,-0.5,7
2023-02-08,AMZN,0.018155166166477197,-0.0534031928654274,-0.5,7
2023-02-09,AMZN,0.0679607819973995,-1.1061051440712817,-0.5,7
2023-02-10,AMZN,0.014962468910319503,-0.7785812726087067,-0.5,7
2023-02-13,AMZN,-0.00023695923873875667,-0.7078479383298508,-0.5,7
2023-02-14,AMZN,-0.001986078100682361,-0.43539302553060794,-0.5,7
2023-02-15,AMZN,-0.007314874553223593,-0.2617762618760612,-0.5,7
2023-02-16,AMZN,-0.020908953142486208,0.09096301423875397,-0.5,7
2023-02-17,AMZN,-0.00787673846271728,-0.15475362456178512,-0.5,7
2023-02-21,AMZN,-0.010454399580402458,0.0036280274577595306,-0.5,7
2023-02-22,AMZN,-0.008059628696207006,0.3141077292002948,-0.5,7
2023-02-23,AMZN,-0.001625730049817964,-0.3053488497561711,-0.5,7
2023-02-24,AMZN,0.030569265326529912,-1.2227280244543004,-0.5,7
2023-02-27,AMZN,0.014414188679041547,-1.130953346673884,-0.5,7
2023-02-28,AMZN,0.01210806445042275,-1.3283708036723427,-0.5,7
2023-03-01,AMZN,0.007295183218795262,-0.8737167021036226,-0.5,7
2023-03-02,AMZN,-0.00033153318515364476,-0.8606395154917509,-0.5,7
2023-03-03,AMZN,0.0002268873494881682,-0.8471455292710195,-0.5,7
2023-03-06,AMZN,0.009462203663376764,-0.4758938665383614,-0.5,7
2023-03-07,AMZN,0.00800509606664178,-0.428150143301339,-0.5,7
2023-03-08,AMZN,0.008209089275252547,-0.097490794692139,-0.5,7
2023-03-09,AMZN,0.008083380721465565,-0.2720976446305633,-0.5,7
2023-03-10,AMZN,0.008338625582307423,-0.35691051468896706,-0.5,7
2023-03-13,AMZN,0.0060839237028015875,-0.08066662828152416,-0.5,7
2023-03-14,AMZN,0.0053112721950266464,-0.15021133400376258,-0.5,7
2023-03-15,AMZN,0.006217788058882234,0.06641374636411213,-0.5,7
2023-03-16,AMZN,-0.004766161424299689,0.08155521742610398,-0.5,7
2023-03-17,AMZN,0.012752258587989429,-0.11210290506170653,-0.5,7
2023-03-20,AMZN,0.005291845914288492,-0.017256914242439192,-0.5,7
2023-03-21,AMZN,0.007480368036693585,-0.01019936606620947,-0.5,7
2023-03-22,AMZN,-0.0043813360358715605,-0.023967271783914834,-0.5,7
2023-03-23,AMZN,-0.0005294332972087407,-0.10142985891591916,-0.5,7
2023-03-24,AMZN,0.008391182969519398,-0.4308777715621245,-0.5,7
2023-03-27,AMZN,0.006966049936804819,-0.4012986055155652,-0.5,7
2023-03-28,AMZN,0.007881836586807732,-0.613456046237759,-0.5,7
2023-03-29,AMZN,0.006532290502526287,-0.40307322070810575,-0.5,7
2023-03-30,AMZN,0.006401481171857257,-0.08752274805085802,-0.5,7
2023-03-31,AMZN,0.00783932168775075,-0.32835302811529093,-0.5,7
2023-04-03,AMZN,0.00601757372634437,-0.19026038710419546,-0.5,7
2023-04-04,AMZN,0.020620789875640404,-0.28493570220813264,-0.5,7
2023-04-05,AMZN,-0.0021591242793239348,-0.1693141617710292,-0.5,7
2023-04-06,AMZN,0.006793419970439025,-0.31415106523430614,-0.5,7
2023-04-10,AMZN,0.00562683826407581,-0.08937979245197579,-0.5,7
2023-04-11,AMZN,0.02036247139639937,-0.5709187224665699,-0.5,7
2023-04-12,AMZN,0.015228188654015077,-0.72010620881588,-0.5,7
2023-04-13,AMZN,-0.005097257199032429,-0.1711265312063294,-0.5,7
2023-04-14,AMZN,-0.005304973228625915,-0.4711361609103741,-0.5,7
2023-04-17,AMZN,-0.0040541952511076495,-0.14588437641950655,-0.5,7
2023-04-18,AMZN,0.0017049833201238241,0.08065418138884017,-0.5,7
2023-04-19,AMZN,0.0123618441278543,0.08839291179848438,-0.5,7
2023-04-20,AMZN,0.02141800209573244,0.24517013324103198,-0.5,7
2023-04-21,AMZN,0.01712866836468055,1.2611427556905217,-0.5,7
2023-04-24,AMZN,0.01764438369396728,1.8099450324009099,-0.5,7
2023-04-25,AMZN,0.00799122581904432,1.2898043188045938,-0.5,7
2023-04-26,AMZN,-0.0025401546426880666,1.1834413493552869,-0.5,7
2023-04-27,AMZN,-0.005178192288210891,1.1857036330868624,-0.5,7
2023-04-28,AMZN,0.002349059564830715,0.3390926682351115,-0.5,7
2023-05-01,AMZN,0.002374463018299049,-0.051667994997925404,-0.5,7
2023-05-02,AMZN,-0.0051453026039839445,0.5847682332404697,-0.5,7
2023-05-03,AMZN,-0.00507524601714681,0.3817094510878762,-0.5,7
2023-05-04,AMZN,-0.003950937972260312,0.665770060904757,-0.5,7
2023-05-05,AMZN,0.005441059578876865,0.3442704879505708,-0.5,7
2023-05-08,AMZN,0.004724820887368853,0.25795948457322176,-0.5,7
2023-05-09,AMZN,0.004290319555824595,0.842628988701481,-0.5,7
2023-05-10,AMZN,-9.088851245964866e-06,1.0609022000261308,-0.5,7
2023-05-11,AMZN,0.006856613172251299,0.8389094132430589,-0.5,7
2023-05-12,AMZN,-0.008314378910093274,0.9363540956853732,-0.5,7
2023-05-15,AMZN,-0.007985565344858832,0.9234426331795766,-0.5,7
2023-05-16,AMZN,-0.0067436372219471675,0.9869875351291133,-0.5,7
2023-05-17,AMZN,-0.012268470767769834,0.90982736816008,-0.5,7
2023-05-18,AMZN,-0.018735689807746765,0.8929968294683428,-0.5,7
2023-05-19,AMZN,-0.017693836769093335,0.5128946855918868,-0.5,7
2023-05-22,AMZN,-0.018464131223857684,0.38824016215911317,-0.5,7
2023-05-23,AMZN,-0.016295369696258444,0.6672178357840824,-0.5,7
2023-05-24,AMZN,-0.011658589730675696,0.8767519205305152,-0.5,7
2023-05-25,AMZN,-0.010249135936646277,0.3923044530622481,-0.5,7
2023-05-26,AMZN,-0.005561640591710401,0.8713460504339257,-0.5,7
2023-05-30,AMZN,0.0021360099275900663,0.9072954581748764,-0.5,7
2023-05-31,AMZN,0.003937507403324979,0.6860326218189005,-0.5,7
2023-06-01,AMZN,0.008888582464068422,0.2843622346981284,-0.5,7
2023-06-02,AMZN,-0.016179937974678815,0.827642305835961,-0.5,7
2023-06-05,AMZN,-0.012076110779536539,0.9864482848769188,-0.5,7
2023-06-06,AMZN,-0.015853593084757003,1.1612245823817102,-0.5,7
2023-06-07,AMZN,-0.016648937286427655,0.9036086001620676,-0.5,7
2023-06-08,AMZN,-0.009563201504213623,0.7013307655851835,-0.5,7
2023-06-09,AMZN,-0.009477498086371423,0.4280370843779232,-0.5,7
2023-06-12,AMZN,0.0001191565935641249,0.297052038341296,-0.5,7
2023-06-13,AMZN,0.00015388267684150056,0.2557032166458841,-0.5,7
2023-06-14,AMZN,-0.002044625767199757,0.07066185230064144,-0.5,7
2023-06-15,AMZN,0.003607844940724469,-0.24839753904905718,-0.5,7
2023-06-16,AMZN,0.004086301796741061,-0.34529883030586,-0.5,7
2023-06-20,AMZN,0.009521584042711962,-0.4898788587707963,-0.5,7
2023-06-21,AMZN,0.0067537861593866995,0.05848861348304447,-0.5,7
2023-06-22,AMZN,-0.005950634304690314,0.4276518013795585,-0.5,7
2023-06-23,AMZN,-0.0029754127297159385,0.11787027502693345,-0.5,7
2023-06-26,AMZN,-0.0032714915355278036,0.522419922114435,-0.5,7
2023-06-27,AMZN,0.009933769380373209,-0.012785908564377113,-0.5,7
2023-06-28,AMZN,0.010036074106719441,0.11697869467631095,-0.5,7
2023-06-29,AMZN,0.010440271696634758,0.3075742324878909,-0.5,7
2023-06-30,AMZN,0.007384910393626623,0.2511968223181081,-0.5,7
2023-01-03,GOOGL,0.013712185230315739,-0.6666715801332848,-0.5,7
2023-01-04,GOOGL,0.016602656770309164,-0.9482757299276519,-0.5,7
2023-01-05,GOOGL,0.0177210432182569,-1.059159871018353,-0.5,7
2023-01-06,GOOGL,0.01111606528800448,-1.1228751451864722,-0.5,7
2023-01-09,GOOGL,0.0128163519120498,-0.5902601192575097,-0.5,7
2023-01-10,GOOGL,0.013426788970093523,-0.5774967175255171,-0.5,7
2023-01-11,GOOGL,0.005501710180349651,0.11888443661244562,-0.5,7
2023-01-12,GOOGL,0.009909953535802575,-0.19524472928850983,-0.5,7
2023-01-13,GOOGL,0.002852013502387545,0.032363073645292784,-0.5,7
2023-01-17,GOOGL,0.015751960610686715,-0.343651197502578,-0.5,7
2023-01-18,GOOGL,0.015751960610686715,-0.15804042139857122,-0.5,7
2023-01-19,GOOGL,0.017658196089971764,0.29315596364554186,-0.5,7
2023-01-20,GOOGL,0.010115475837846435,0.4208214645956399,-0.5,7
2023-01-23,GOOGL,-0.000514722597880913,0.4647694173175394,-0.5,7
2023-01-24,GOOGL,0.002194227253461437,0.31087713023560537,-0.5,7
2023-01-25,GOOGL,0.0005282609144266584,0.02774888450455787,-0.5,7
2023-01-26,GOOGL,0.0017001889748321517,0.06183408559392385,-0.5,7
2023-01-27,GOOGL,0.000663500247611066,0.1811806634701748,-0.5,7
2023-01-30,GOOGL,0.0010543999240118648,0.01888585115267928,-0.5,7
2023-01-31,GOOGL,-0.0022718094145846336,0.2016607070440175,-0.5,7
2023-02-01,GOOGL,-0.001428914307104554,0.08853646464135113,-0.5,7
2023-02-02,GOOGL,0.02012749555272952,0.16538475916517684,-0.5,7
2023-02-03,GOOGL,0.03232000673267477,-0.024281277929026984,-0.5,7
2023-02-06,GOOGL,0.017017012968244948,0.1939126046200992,-0.5,7
2023-02-07,GOOGL,0.02217051219876729,0.15426740415770052,-0.5,7
2023-02-08,GOOGL,0.0510329899231885,-0.5906103624114892,-0.5,7
2023-02-09,GOOGL,0.042164907497316474,-0.6586472675543718,-0.5,7
2023-02-10,GOOGL,0.011352843617850456,-0.5546325070257034,-0.5,7
2023-02-13,GOOGL,6.670774719558853e-05,-0.6039783581026323,-0.5,7
2023-02-14,GOOGL,0.0039418168329161205,-0.5986141705749779,-0.5,7
2023-02-15,GOOGL,-0.005443823812051062,-0.25702189469771486,-0.5,7
2023-02-16,GOOGL,-0.009272640725709522,-0.42681642088973415,-0.5,7
2023-02-17,GOOGL,-0.006712581531436106,-0.598163890893985,-0.5,7
2023-02-21,GOOGL,-0.006510422692742976,-0.8402594784117416,-0.5,7
2023-02-22,GOOGL,-0.012043360767360591,-0.3336115637207856,-0.5,7
2023-02-23,GOOGL,0.0016578121284564005,-0.7411744625587359,-0.5,7
2023-02-24,GOOGL,0.011333720198479235,-0.8588824974087657,-0.5,7
2023-02-27,GOOGL,0.0003994689608507072,-0.8643378455447676,-0.5,7
2023-02-28,GOOGL,0.0012663193304297252,-0.5399950744445343,-0.5,7
2023-03-01,GOOGL,0.0030790278487770432,-0.5240370293068976,-0.5,7
2023-03-02,GOOGL,-0.003567518375230177,-0.24078794227042474,-0.5,7
2023-03-03,GOOGL,0.0015659457284787784,-0.5526207242694976,-0.5,7
2023-03-06,GOOGL,-0.004319370133296422,-0.12991412300009336,-0.5,7
2023-03-07,GOOGL,-0.006938575334585268,-0.11551308759745549,-0.5,7
2023-03-08,GOOGL,0.0014643441212080393,-0.49852189171275946,-0.5,7
2023-03-09,GOOGL,0.009609733501746194,-0.20679072286845984,-0.5,7
2023-03-10,GOOGL,0.011933494159648131,0.15637787046847018,-0.5,7
2023-03-13,GOOGL,0.014450163711270014,-0.10366021550524196,-0.5,7
2023-03-14,GOOGL,0.017833785798116245,0.12355640980268595,-0.5,7
2023-03-15,GOOGL,0.017791910909739195,0.7642706773928934,-0.5,7
2023-03-16,GOOGL,0.0134736702219352,0.28497660983808143,-0.5,7
2023-03-17,GOOGL,0.020922750379945437,-0.046519447874445174,-0.5,7
2023-03-20,GOOGL,0.009927542591013808,0.6099232463475679,-0.5,7
2023-03-21,GOOGL,0.018473248546857907,0.6197773539350795,-0.5,7
2023-03-22,GOOGL,0.004491734409504948,0.7193180275274319,-0.5,7
2023-03-23,GOOGL,0.018860180139915896,0.876176538687589,-0.5,7
2023-03-24,GOOGL,0.03178313310200443,0.5729945111239544,-0.5,7
2023-03-27,GOOGL,0.004821182931378979,0.8117347490687622,-0.5,7
2023-03-28,GOOGL,0.001629856247824928,0.6137339586913477,-0.5,7
2023-03-29,GOOGL,0.0026750427162362755,0.09936340644606073,-0.5,7
2023-03-30,GOOGL,0.00112050986511326,-0.07703032271495483,-0.5,7
2023-03-31,GOOGL,0.0029062102385562466,0.05971200517301058,-0.5,7
2023-04-03,GOOGL,-0.000924044705140391,0.11083537096799613,-0.5,7
2023-04-04,GOOGL,0.01980307421999521,-0.21267315077380208,-0.5,7
2023-04-05,GOOGL,0.019007452585906314,-0.22688760274853442,-0.5,7
2023-04-06,GOOGL,0.010429067597208762,0.5252200735322488,-0.5,7
2023-04-10,GOOGL,0.005280599638910579,0.6344884728563511,-0.5,7
2023-04-11,GOOGL,0.009309806868406104,0.737415834590686,-0.5,7
2023-04-12,GOOGL,0.010096085125673887,0.8951602626361495,-0.5,7
2023-04-13,GOOGL,-0.004727713353919399,0.9522346097611784,-0.5,7
2023-04-14,GOOGL,0.0051769354779077304,1.4192478327882327,-0.5,7
2023-04-17,GOOGL,-0.0039986225585107,0.008128682626691155,-0.5,7
2023-04-18,GOOGL,-0.004294323809485144,-0.19182065725753583,-0.5,7
2023-04-19,GOOGL,0.011082945443030569,-0.7803810458808442,-0.5,7
2023-04-20,GOOGL,0.018689184729624955,-0.4687171782412821,-0.5,7
2023-04-21,GOOGL,0.014129612575635884,-0.6271540707649056,-0.5,7
2023-04-24,GOOGL,0.017811167491307733,-0.43700471705526966,-0.5,7
2023-04-25,GOOGL,0.009738038630135488,0.3571192658881758,-0.5,7
2023-04-26,GOOGL,0.004849419972999166,0.07472226683579677,-0.5,7
2023-04-27,GOOGL,0.0015300564626970707,0.5791398591771979,-0.5,7
2023-04-28,GOOGL,0.006848505758412811,0.6567511546933955,-0.5,7
2023-05-01,GOOGL,0.008908165484222446,0.4424989830225746,-0.5,7
2023-05-02,GOOGL,0.003589692463442986,0.3155940588841317,-0.5,7
2023-05-03,GOOGL,0.0029792554053992616,0.3217014591911995,-0.5,7
2023-05-04,GOOGL,0.0016851438083056586,0.09531402720499854,-0.5,7
2023-05-05,GOOGL,0.0031043003001025834,-0.5445612704292595,-0.5,7
2023-05-08,GOOGL,0.004851106925904873,-0.09478612000049758,-0.5,7
2023-05-09,GOOGL,0.0039406069085183735,0.2348277397076644,-0.5,7
2023-05-10,GOOGL,-0.005649597040351199,0.5523239690359222,-0.5,7
2023-05-11,GOOGL,-0.017897712062440882,1.173081060594435,-0.5,7
2023-05-12,GOOGL,-0.007729999430393545,0.9620762562464422,-0.5,7
2023-05-15,GOOGL,-0.007526093952545988,1.0867621582161304,-0.5,7
2023-05-16,GOOGL,-0.005206067113634784,1.2741289110074394,-0.5,7
2023-05-17,GOOGL,-0.019823837983432128,1.542147194659249,-0.5,7
2023-05-18,GOOGL,-0.017449426905618206,1.1128938911844668,-0.5,7
2023-05-19,GOOGL,-0.01740974414692543,1.1957139773666696,-0.5,7
2023-05-22,GOOGL,-0.006997569760266139,1.0695856455252826,-0.5,7
2023-05-23,GOOGL,-0.01676631489833655,1.2704411501769939,-0.5,7
2023-05-24,GOOGL,-0.008225585702815893,1.399632585152872,-0.5,7
2023-05-25,GOOGL,-0.005135125020786111,0.8567174535135942,-0.5,7
2023-05-26,GOOGL,0.0021117220112842386,0.7463183111618941,-0.5,7
2023-05-30,GOOGL,0.003897196259969054,0.6225929257144726,-0.5,7
2023-05-31,GOOGL,0.004162763443628102,0.7048410500081516,-0.5,7
2023-06-01,GOOGL,0.0035507276755300274,0.39509434042746855,-0.5,7
2023-06-02,GOOGL,-0.002647687020203623,0.5998712422744248,-0.5,7
2023-06-05,GOOGL,-0.00935420926544673,0.9958396872803452,-0.5,7
2023-06-06,GOOGL,-0.003967104900015035,0.8763317512092779,-0.5,7
2023-06-07,GOOGL,-0.004581988702087112,0.703501488289929,-0.5,7
2023-06-08,GOOGL,0.007168137506656248,0.05142396157544908,-0.5,7
2023-06-09,GOOGL,0.010072695846186041,-0.5635764765432263,-0.5,7
2023-06-12,GOOGL,0.012541613190537926,-0.8163588284381234,-0.5,7
2023-06-13,GOOGL,0.01619693662197203,-0.7207546282543564,-0.5,7
2023-06-14,GOOGL,0.008723372655372279,-0.7638134163856654,-0.5,7
2023-06-15,GOOGL,0.009835834388760704,-0.9275162734323132,-0.5,7
2023-06-16,GOOGL,0.006899120052336828,-0.9233276615985326,-0.5,7
2023-06-20,GOOGL,0.008616019093599308,-1.1275862515475705,-0.5,7
2023-06-21,GOOGL,0.008005682162439966,-0.9106867645264681,-0.5,7
2023-06-22,GOOGL,0.014406577725017574,-0.9294297897991721,-0.5,7
2023-06-23,GOOGL,0.008616019093599308,-0.9270688757843041,-0.5,7
2023-06-26,GOOGL,0.016952411421735154,-1.8570481463576172,-0.5,7
2023-06-27,GOOGL,0.010099233168430272,-1.8120576924086964,-0.5,7
2023-06-28,GOOGL,0.00943240202117587,-1.7871648285310457,-0.5,7
2023-06-29,GOOGL,0.008005682162439966,-1.6124960585960086,-0.5,7
2023-06-30,GOOGL,0.008590897567696558,-1.8859891686984918,-0.5,7
2023-01-03,INTC,0.02186381905059885,-0.6184873675856566,-0.5,7
2023-01-04,INTC,0.011230457896479196,0.28237300230616447,-0.5,7
2023-01-05,INTC,0.013156435666678795,0.3530468671026974,-0.5,7
2023-01-06,INTC,-0.0023879363718990465,1.1731564499537022,-0.5,7
2023-01-09,INTC,0.0029866822276598966,1.5871529926545997,-0.5,7
2023-01-10,INTC,-0.0044771842412155965,1.5613768357609044,-0.5,7
2023-01-11,INTC,-0.0028595838370173354,1.3061587430652155,-0.5,7
2023-01-12,INTC,-0.00656932959280878,1.6642005552827408,-0.5,7
2023-01-13,INTC,0.014640008416976822,1.0367689526610793,-0.5,7
2023-01-17,INTC,-0.019321692786214498,1.4566972794995303,-0.5,7
2023-01-18,INTC,-0.008511516192515863,1.2607927649269075,-0.5,7
2023-01-19,INTC,-0.007752132722314336,1.0262344043346168,-0.5,7
2023-01-20,INTC,-0.03546590487371491,1.4581095620296758,-0.5,7
2023-01-23,INTC,-0.04291852737477078,1.458977618190521,-0.5,7
2023-01-24,INTC,-0.04625900996367634,1.3640554517587238,-0.5,7
2023-01-25,INTC,-0.04227488384054967,1.292850674295435,-0.5,7
2023-01-26,INTC,-0.03904585971290905,0.9636286524106504,-0.5,7
2023-01-27,INTC,-0.049279914503280085,0.569496597085126,-0.5,7
2023-01-30,INTC,-0.040582389675248125,0.9231860285390746,-0.5,7
2023-01-31,INTC,-0.03979361187084327,0.794282399647623,-0.5,7
2023-02-01,INTC,-0.043551167135960266,0.4611031680054159,-0.5,7
2023-02-02,INTC,-0.046018554119743794,0.047919109998057596,-0.5,7
2023-02-03,INTC,-0.037383878634119114,0.21428187279197242,-0.5,7
2023-02-06,INTC,-0.03059054343555865,-0.030969253526224816,-0.5,7
2023-02-07,INTC,-0.03310825615835865,-0.44822952574002706,-0.5,7
2023-02-08,INTC,-0.00969569428495188,-0.5848338826894877,-0.5,7
2023-02-09,INTC,-0.015662904580735847,-0.4291885610165401,-0.5,7
2023-02-10,INTC,-0.03044493783518768,-0.3272400547245239,-0.5,7
2023-02-13,INTC,-0.034775680843288234,-0.2771381050470276,-0.5,7
2023-02-14,INTC,-0.04020639595991574,0.028917895739276278,-0.5,7
2023-02-15,INTC,-0.036830298624457365,-0.1562025972766793,-0.5,7
2023-02-16,INTC,-0.04193610957358925,0.28160786696567064,-0.5,7
2023-02-17,INTC,-0.040350411529871115,0.1436917154832581,-0.5,7
2023-02-21,INTC,-0.03847594037519429,-0.6332733754763751,-0.5,7
2023-02-22,INTC,-0.022205289869000618,-1.0311848032279216,-0.5,7
2023-02-23,INTC,-0.025697708604631164,-0.4333400809121747,-0.5,7
2023-02-24,INTC,0.011922055490626764,-1.591369559813766,-0.5,7
2023-02-27,INTC,0.004993625114185301,-1.1120909637487875,-0.5,7
2023-02-28,INTC,0.007698995620403382,-1.3282330651282146,-0.5,7
2023-03-01,INTC,0.006705141641617505,-0.701915767545891,-0.5,7
2023-03-02,INTC,-0.0021244884063957533,-0.3322855050462887,-0.5,7
2023-03-03,INTC,-0.001154080364831168,-0.27657620803861266,-0.5,7
2023-03-06,INTC,0.02232064122668996,-1.2888350699828934,-0.5,7
2023-03-07,INTC,0.021101274427347865,-1.112619140664294,-0.5,7
2023-03-08,INTC,0.020626471842355686,-0.7367384761384547,-0.5,7
2023-03-09,INTC,0.011013812649404325,-0.13354311164531335,-0.5,7
2023-03-10,INTC,0.003618953367009667,1.1093157388034793,-0.5,7
2023-03-13,INTC,0.007513627768079278,0.2769297517523231,-0.5,7
2023-03-14,INTC,1.8363618179838174e-05,0.4605191559425341,-0.5,7
2023-03-15,INTC,0.0031651191074788974,0.7804009036761897,-0.5,7
2023-03-16,INTC,-0.0034222910434948974,0.8422011671892949,-0.5,7
2023-03-17,INTC,-0.002263755276957687,1.5551447972353878,-0.5,7
2023-03-20,INTC,-0.0005384441609325638,0.7549637501853335,-0.5,7
2023-03-21,INTC,-0.02885481758616327,1.0640638976181096,-0.5,7
2023-03-22,INTC,-0.03812022850066689,1.3742205184198406,-0.5,7
2023-03-23,INTC,-0.04275058802723598,2.144423206097934,-0.5,7
2023-03-24,INTC,-0.045856007101166135,1.9541454469319035,-0.5,7
2023-03-27,INTC,-0.04307692940056234,2.2877376218910515,-0.5,7
2023-03-28,INTC,-0.03993344679323331,2.293507199020115,-0.5,7
2023-03-29,INTC,-0.02943849813689423,2.3389733819248226,-0.5,7
2023-03-30,INTC,-0.03845247495280752,2.642720539349372,-0.5,7
2023-03-31,INTC,-0.03251101043609758,2.742138413711625,-0.5,7
2023-04-03,INTC,-0.019227868004146734,2.6608804497660112,-0.5,7
2023-04-04,INTC,-0.005793965966622557,2.486370467654658,-0.5,7
2023-04-05,INTC,-0.01800157259837982,2.467817604528147,-0.5,7
2023-04-06,INTC,-0.03853180266048836,2.163873562303577,-0.5,7
2023-04-10,INTC,-0.04257451105455788,1.6211717716711151,-0.5,7
2023-04-11,INTC,-0.021155945454860003,1.9828900505116303,-0.5,7
2023-04-12,INTC,-0.028394853511764146,2.159007922299833,-0.5,7
2023-04-13,INTC,-0.04570411924098216,1.9774214532421093,-0.5,7
2023-04-14,INTC,-0.03820004704620391,1.333690713120039,-0.5,7
2023-04-17,INTC,-0.038762500527421834,1.9534462724622847,-0.5,7
2023-04-18,INTC,-0.038094034214373663,2.046691482786354,-0.5,7
2023-04-19,INTC,-0.02562861798714371,2.060298708003521,-0.5,7
2023-04-20,INTC,-0.009531862844505449,2.0779090986298177,-0.5,7
2023-04-21,INTC,-0.01536060121159146,1.0584001734155961,-0.5,7
2023-04-24,INTC,-0.009943123227744663,0.30149123030670094,-0.5,7
2023-04-25,INTC,-0.00805357050918402,0.17793223959932933,-0.5,7
2023-04-26,INTC,-0.014324833852120869,-0.09638992612332678,-0.5,7
2023-04-27,INTC,-0.010797956404964112,-0.7023468669578912,-0.5,7
2023-04-28,INTC,-0.019525250078450164,-0.044986184697047626,-0.5,7
2023-05-01,INTC,-0.022067943146332755,-0.33717933976085146,-0.5,7
2023-05-02,INTC,-0.019041603150224854,-0.5618769295206858,-0.5,7
2023-05-03,INTC,-0.026592971575518026,-0.12542234743245873,-0.5,7
2023-05-04,INTC,-0.03042784493183171,0.09837269583405645,-0.5,7
2023-05-05,INTC,-0.03812356283933674,-0.01949372005653427,-0.5,7
2023-05-08,INTC,-0.0382119482385777,-0.07047926282347916,-0.5,7
2023-05-09,INTC,-0.04214575412696473,-0.11685193271836469,-0.5,7
2023-05-10,INTC,-0.04158677827823777,-0.14621192701976327,-0.5,7
2023-05-11,INTC,-0.03599860791900255,-0.38543676225114043,-0.5,7
2023-05-12,INTC,-0.038171533418942444,-0.10185588437059279,-0.5,7
2023-05-15,INTC,-0.04049060787509508,-0.027431270062382884,-0.5,7
2023-05-16,INTC,-0.04033693310788124,-0.021345539046644824,-0.5,7
2023-05-17,INTC,-0.04118521113805469,-0.13361041024525566,-0.5,7
2023-05-18,INTC,-0.03739744038619963,-0.24441322467288262,-0.5,7
2023-05-19,INTC,-0.03651181241677905,0.024141029397919345,-0.5,7
2023-05-22,INTC,-0.03924374765063393,0.31464462459213177,-0.5,7
2023-05-23,INTC,-0.041490605068584804,0.16503174774392465,-0.5,7
2023-05-24,INTC,-0.025655081554461272,-0.055606510406528475,-0.5,7
2023-05-25,INTC,-0.021682072750416562,-0.03955160534769242,-0.5,7
2023-05-26,INTC,-0.015098089361347072,-0.0038142391184002866,-0.5,7
2023-05-30,INTC,-0.01635704009970236,0.09919215132375125,-0.5,7
2023-05-31,INTC,-0.02992337044392197,0.5506577781618085,-0.5,7
2023-06-01,INTC,-0.026640447911607173,0.4109011239421798,-0.5,7
2023-06-02,INTC,-0.044922779846541125,-0.010434708937488435,-0.5,7
2023-06-05,INTC,-0.036833908220487085,-0.1318188735961775,-0.5,7
2023-06-06,INTC,-0.04478966253677233,0.17438413028417155,-0.5,7
2023-06-07,INTC,-0.04244760345575962,0.44597548532030473,-0.5,7
2023-06-08,INTC,-0.04376504330019864,0.6459689301125718,-0.5,7
2023-06-09,INTC,-0.04283050067625627,1.1596525666059363,-0.5,7
2023-06-12,INTC,-0.06196402318879861,1.4609468007198265,-0.5,7
2023-06-13,INTC,-0.054273368754940036,1.38960116861126,-0.5,7
2023-06-14,INTC,-0.036111001451445884,1.6475332281551531,-0.5,7
2023-06-15,INTC,-0.03629037195161698,1.8416560151796224,-0.5,7
2023-06-16,INTC,-0.02454917581563948,1.8313963077415918,-0.5,7
2023-06-20,INTC,-0.04366365371613192,1.318614304607942,-0.5,7
2023-06-21,INTC,-0.029209978560313828,0.7336624314392639,-0.5,7
2023-06-22,INTC,-0.028431200212157715,0.6030719224781022,-0.5,7
2023-06-23,INTC,-0.032181045323780244,0.8927840027733347,-0.5,7
2023-06-26,INTC,-0.03767033117660182,2.7900628049526537,-0.5,7
2023-06-27,INTC,-0.042070898593015396,2.717939249554214,-0.5,7
2023-06-28,INTC,-0.04461539028001706,2.7141881315358725,-0.5,7
2023-06-29,INTC,-0.03510436930403162,1.2233425542912624,-0.5,7
2023-06-30,INTC,-0.02908082449900874,1.6353681791789438,-0.5,7
2023-01-03,MSFT,0.019679547079758514,0.0015278804431703708,-0.5,7
2023-01-04,MSFT,-0.005905967166115795,0.21702566045088068,-0.5,7
2023-01-05,MSFT,-0.01034605381055961,0.17752443725013445,-0.5,7
2023-01-06,MSFT,-0.021417925324139657,-0.42514189169901984,-0.5,7
2023-01-09,MSFT,-0.01921557437168387,-0.07032133615905778,-0.5,7
2023-01-10,MSFT,-0.026202825349730875,0.035730154124345326,-0.5,7
2023-01-11,MSFT,-0.023822549942500913,0.16871743186829746,-0.5,7
2023-01-12,MSFT,-0.010126707791048326,-0.10595020914234993,-0.5,7
2023-01-13,MSFT,-0.013197053792557808,-0.09674569656513088,-0.5,7
2023-01-17,MSFT,-0.009922669653384057,-0.238338900676489,-0.5,7
2023-01-18,MSFT,0.00029292305297668413,-0.3910823513422332,-0.5,7
2023-01-19,MSFT,0.0017195816943616862,-0.4850975369912809,-0.5,7
2023-01-20,MSFT,-0.007292525841975772,-0.4376915597304397,-0.5,7
2023-01-23,MSFT,-0.0019546517447450724,-0.782861250589952,-0.5,7
2023-01-24,MSFT,0.0009751703944618285,-0.55071474382578,-0.5,7
2023-01-25,MSFT,0.002751894920947602,-0.5389101257939092,-0.5,7
2023-01-26,MSFT,-0.01797537200273115,-0.1497188550797619,-0.5,7
2023-01-27,MSFT,-0.007929490289488328,-0.31799384812840154,-0.5,7
2023-01-30,MSFT,-0.007613179782085346,-0.45762085023140064,-0.5,7
2023-01-31,MSFT,-0.005409423799189577,-0.39289464883031294,-0.5,7
2023-02-01,MSFT,-0.014330481284389235,-0.1766897222847248,-0.5,7
2023-02-02,MSFT,-0.04355567103689955,0.42315289907756126,-0.5,7
2023-02-03,MSFT,-0.012834785262367537,0.2686912281790375,-0.5,7
2023-02-06,MSFT,-0.026483034580774466,0.7693035101974799,-0.5,7
2023-02-07,MSFT,-0.04636898954775332,0.9775710824829116,-0.5,7
2023-02-08,MSFT,-0.024754297704015035,1.1360847117309398,-0.5,7
2023-02-09,MSFT,-0.019778461985734144,0.8979410800584109,-0.5,7
2023-02-10,MSFT,-0.026725319983834966,1.140452608168043,-0.5,7
2023-02-13,MSFT,-0.04833163471920861,1.6380012526207577,-0.5,7
2023-02-14,MSFT,-0.038458740006270406,1.3842106440335789,-0.5,7
2023-02-15,MSFT,-0.03631379415400348,1.0500030282838617,-0.5,7
2023-02-16,MSFT,0.0034366706811050428,0.19078455979373507,-0.5,7
2023-02-17,MSFT,0.013244642685705018,0.2073956849730746,-0.5,7
2023-02-21,MSFT,0.019673719248128826,0.22814449757564415,-0.5,7
2023-02-22,MSFT,0.009282539046523415,0.32756866924674605,-0.5,7
2023-02-23,MSFT,0.0011196566270015704,0.31385852611699117,-0.5,7
2023-02-24,MSFT,-0.0006329286585182706,0.5265510551272792,-0.5,7
2023-02-27,MSFT,0.0009613884917869756,0.37646023804569684,-0.5,7
2023-02-28,MSFT,0.004527041015789213,0.24290104537377258,-0.5,7
2023-03-01,MSFT,0.010095019471560714,0.23411825872244096,-0.5,7
2023-03-02,MSFT,0.0030339499043370564,0.6283632373276349,-0.5,7
2023-03-03,MSFT,0.012176490519367986,0.2546697095758733,-0.5,7
2023-03-06,MSFT,0.01713411361271588,0.498689186641781,-0.5,7
2023-03-07,MSFT,0.013075570162023195,0.5483756119423908,-0.5,7
2023-03-08,MSFT,0.01137175485669878,0.22029705290976692,-0.5,7
2023-03-09,MSFT,0.007236843188688117,0.21832209551998888,-0.5,7
2023-03-10,MSFT,0.008860473357693561,0.09774193982472008,-0.5,7
2023-03-13,MSFT,0.016420882571120534,-0.10485458847284665,-0.5,7
2023-03-14,MSFT,0.017252921046175918,-0.3393044374539185,-0.5,7
2023-03-15,MSFT,0.01098186883424515,0.17890386989510143,-0.5,7
2023-03-16,MSFT,0.00873440483366198,0.2683718080497445,-0.5,7
2023-03-17,MSFT,0.01558443538615933,0.3638625861941487,-0.5,7
2023-03-20,MSFT,0.007242743856641255,0.4905689062437931,-0.5,7
2023-03-21,MSFT,0.00693721206725498,0.21637739840244724,-0.5,7
2023-03-22,MSFT,0.014777132547606228,0.07766946854208517,-0.5,7
2023-03-23,MSFT,0.019359650386695154,0.05597814638212395,-0.5,7
2023-03-24,MSFT,0.010324911203179174,0.3707375853889222,-0.5,7
2023-03-27,MSFT,0.012576880021223974,0.20124018699896806,-0.5,7
2023-03-28,MSFT,-0.004431680639636645,0.5484423842923971,-0.5,7
2023-03-29,MSFT,-0.012686857336273704,0.6788004292973613,-0.5,7
2023-03-30,MSFT,-0.021177852095427642,0.9744296455505421,-0.5,7
2023-03-31,MSFT,-0.021123016456164122,1.03633875632926,-0.5,7
2023-04-03,MSFT,-0.018645467181019903,0.9839730337838358,-0.5,7
2023-04-04,MSFT,-0.016598174469417103,0.8966414534617888,-0.5,7
2023-04-05,MSFT,-0.0383070943933559,1.1446126723441263,-0.5,7
2023-04-06,MSFT,-0.06048178302619257,1.3833906153182913,-0.5,7
2023-04-10,MSFT,-0.06757443031527574,1.5245615884272525,-0.5,7
2023-04-11,MSFT,-0.03290905802509341,0.9674319737537995,-0.5,7
2023-04-12,MSFT,-0.03905473990629998,1.3236588456778355,-0.5,7
2023-04-13,MSFT,-0.044317431819318624,1.1254097664898897,-0.5,7
2023-04-14,MSFT,-0.03206841379416173,0.4843962598342725,-0.5,7
2023-04-17,MSFT,-0.032806552382516896,0.29139084083029443,-0.5,7
2023-04-18,MSFT,-0.02913576002332212,1.0100313946664776,-0.5,7
2023-04-19,MSFT,-0.02913576002332212,1.294920684755444,-0.5,7
2023-04-20,MSFT,-0.019155329468251606,1.2265912800721233,-0.5,7
2023-04-21,MSFT,-0.030689082844281804,1.05922978762056,-0.5,7
2023-04-24,MSFT,-0.03089415190686992,0.5728564088451298,-0.5,7
2023-04-25,MSFT,-0.028394690160397886,0.8986663807466728,-0.5,7
2023-04-26,MSFT,-0.0451204001211798,2.052900273705225,-0.5,7
2023-04-27,MSFT,-0.04946815753560816,2.0026855186700887,-0.5,7
2023-04-28,MSFT,-0.02681453577666829,1.7851845534812336,-0.5,7
2023-05-01,MSFT,-0.02705313047070479,1.670789794543507,-0.5,7
2023-05-02,MSFT,-0.025904902458478905,1.8614459955888938,-0.5,7
2023-05-03,MSFT,-0.02376841913237811,1.756808010723498,-0.5,7
2023-05-04,MSFT,-0.019185895241935418,1.774523871824993,-0.5,7
2023-05-05,MSFT,-0.02185131281267863,1.4070956053068235,-0.5,7
2023-05-08,MSFT,-0.013682561075912087,1.1296614973941037,-0.5,7
2023-05-09,MSFT,-0.01240498188276565,1.341676563636351,-0.5,7
2023-05-10,MSFT,-0.012372820838076478,1.0227839476443887,-0.5,7
2023-05-11,MSFT,-0.010101343041290315,0.878578772539853,-0.5,7
2023-05-12,MSFT,-0.00965648645419716,1.0038337653442009,-0.5,7
2023-05-15,MSFT,-0.007067279352206439,0.7993952247084329,-0.5,7
2023-05-16,MSFT,-0.006991972531804951,0.7430979884227317,-0.5,7
2023-05-17,MSFT,-0.01380833352483019,0.789986662553936,-0.5,7
2023-05-18,MSFT,-0.012556312015648087,0.5903341003616133,-0.5,7
2023-05-19,MSFT,-0.010410392189961388,0.6384637563926278,-0.5,7
2023-05-22,MSFT,-0.010957214196039934,0.7937958559171363,-0.5,7
2023-05-23,MSFT,-0.010867773176605757,0.8315904678585948,-0.5,7
2023-05-24,MSFT,0.008845426530819546,-0.048000862501787256,-0.5,7
2023-05-25,MSFT,-0.006360948827455313,0.42623754247465717,-0.5,7
2023-05-26,MSFT,0.0009204816895602168,0.3418402109838649,-0.5,7
2023-05-30,MSFT,0.006688961106971942,0.13186144709298886,-0.5,7
2023-05-31,MSFT,0.00861275622546268,-0.04732816444071329,-0.5,7
2023-06-01,MSFT,-0.0005139920166510195,0.0163427763082534,-0.5,7
2023-06-02,MSFT,0.0007891777417867879,-0.04601674411935287,-0.5,7
2023-06-05,MSFT,0.0024580093640885537,0.061919017647372884,-0.5,7
2023-06-06,MSFT,0.007820703743015696,-0.020710432250526618,-0.5,7
2023-06-07,MSFT,0.005599754129498431,-0.3494465976967539,-0.5,7
2023-06-08,MSFT,0.006038619980115431,-0.4269960230113363,-0.5,7
2023-06-09,MSFT,0.00012614868707890947,-0.23482328175325046,-0.5,7
2023-06-12,MSFT,0.0018022042597217796,-0.3859391002384878,-0.5,7
2023-06-13,MSFT,0.002301315651282994,-0.2629723481530086,-0.5,7
2023-06-14,MSFT,-0.00262933306322826,-0.12934008540288788,-0.5,7
2023-06-15,MSFT,-0.006304936011289453,0.053637034229339825,-0.5,7
2023-06-16,MSFT,-0.0005299842794476143,-0.11789555401366866,-0.5,7
2023-06-20,MSFT,-0.03368478386516685,0.22479370061153986,-0.5,7
2023-06-21,MSFT,-0.028657545577015706,0.3494573537412985,-0.5,7
2023-06-22,MSFT,-0.03079944944111126,0.39180784026020965,-0.5,7
2023-06-23,MSFT,-0.03402265559109047,0.30522030756827345,-0.5,7
2023-06-26,MSFT,-0.03520416539779539,0.140097482539967,-0.5,7
2023-06-27,MSFT,-0.03617348581439756,0.1351728295099286,-0.5,7
2023-06-28,MSFT,-0.033047279491391156,0.15805699544389573,-0.5,7
2023-06-29,MSFT,-0.03432310071318467,0.6273267811280278,-0.5,7
2023-06-30,MSFT,-0.034697043008164105,0.6864909972311198,-0.5,7
2023-01-03,NVDA,0.02120710330896708,-1.6473848021492377,-0.5,7
2023-01-04,NVDA,0.0429216631720412,-1.6688441413070194,-0.5,7
2023-01-05,NVDA,0.03278110056712846,-1.5009619134934011,-0.5,7
2023-01-06,NVDA,0.0566406565295425,-2.0453382589692897,-0.5,7
2023-01-09,NVDA,0.035747899999442265,-1.875185555658936,-0.5,7
2023-01-10,NVDA,0.04090277025437806,-1.5778892793781045,-0.5,7
2023-01-11,NVDA,0.038102485513227945,-1.8743807890635247,-0.5,7
2023-01-12,NVDA,0.047831529414839265,-1.6257255986756394,-0.5,7
2023-01-13,NVDA,0.04291993422026373,-1.118049335341126,-0.5,7
2023-01-17,NVDA,0.04441481739994339,-0.5158324711504892,-0.5,7
2023-01-18,NVDA,0.040687372223624965,-0.2504476340725868,-0.5,7
2023-01-19,NVDA,0.04627871330984728,-0.6771758629903741,-0.5,7
2023-01-20,NVDA,0.02768146111484449,0.13027948565351927,-0.5,7
2023-01-23,NVDA,-0.03140321352864222,1.5963512155007935,-0.5,7
2023-01-24,NVDA,0.07627752928966568,0.5302905064681847,-0.5,7
2023-01-25,NVDA,0.08047206239034688,0.7006817071435499,-0.5,7
2023-01-26,NVDA,0.0858206587198106,0.8948372366737638,-0.5,7
2023-01-27,NVDA,0.08062653060248673,0.9191862685468946,-0.5,7
2023-01-30,NVDA,-0.0008480730121730263,1.807498185815698,-0.5,7
2023-01-31,NVDA,0.02152703128713885,1.2613824899588029,-0.5,7
2023-02-01,NVDA,0.07962999499093923,1.0209061260308414,-0.5,7
2023-02-02,NVDA,0.06682162741347562,1.217859335788202,-0.5,7
2023-02-03,NVDA,0.07161146363146097,1.129937447373063,-0.5,7
2023-02-06,NVDA,0.02390662051374257,1.682292545049175,-0.5,7
2023-02-07,NVDA,0.019251946615290484,1.5543757206007962,-0.5,7
2023-02-08,NVDA,0.05339741835862033,1.37597166548907,-0.5,7
2023-02-09,NVDA,0.055258304699797284,1.6706116212463202,-0.5,7
2023-02-10,NVDA,2.216506994169771e-05,2.037550695543868,-0.5,7
2023-02-13,NVDA,0.00371653106903888,1.6369691764670984,-0.5,7
2023-02-14,NVDA,-4.226745941407099e-05,1.8908774544866265,-0.5,7
2023-02-15,NVDA,0.013893733980598769,1.6715317138157277,-0.5,7
2023-02-16,NVDA,-0.0014356908952569475,1.9586372521459077,-0.5,7
2023-02-17,NVDA,0.03576309398881683,1.0366084751570481,-0.5,7
2023-02-21,NVDA,-0.003845741031848775,1.3683632816083626,-0.5,7
2023-02-22,NVDA,0.016773741496435287,0.5478214790313025,-0.5,7
2023-02-23,NVDA,-0.00844286712993236,2.273599563867617,-0.5,7
2023-02-24,NVDA,-0.0040770631240068375,2.4022430015871996,-0.5,7
2023-02-27,NVDA,-0.04214582197124099,3.355948548094761,-0.5,7
2023-02-28,NVDA,-0.007441551429998973,3.0789106895941076,-0.5,7
2023-03-01,NVDA,-0.046407165803120175,3.663641277147515,-0.5,7
2023-03-02,NVDA,-0.0307644236855374,3.1426310221773166,-0.5,7
2023-03-03,NVDA,-0.02628197077115708,3.0802243293237517,-0.5,7
2023-03-06,NVDA,-0.02338649272202298,3.0121326431088375,-0.5,7
2023-03-07,NVDA,-0.01701679317939316,2.882681661649914,-0.5,7
2023-03-08,NVDA,-0.03064776821873961,3.0795113001550147,-0.5,7
2023-03-09,NVDA,-0.009108344225872046,2.6998852657272994,-0.5,7
2023-03-10,NVDA,0.009966226874234874,1.864820805347279,-0.5,7
2023-03-13,NVDA,-0.011548116316135046,3.0541806662226314,-0.5,7
2023-03-14,NVDA,-0.024526675636422145,3.1975532931999204,-0.5,7
2023-03-15,NVDA,0.03982876225514351,0.8500596838547129,-0.5,7
2023-03-16,NVDA,-0.04575919590849335,2.9029586930795785,-0.5,7
2023-03-17,NVDA,0.013831870567572898,1.7120849679321024,-0.5,7
2023-03-20,NVDA,0.05076860051402391,0.8858594824198529,-0.5,7
2023-03-21,NVDA,0.06310872548045146,1.0434570513226609,-0.5,7
2023-03-22,NVDA,0.05369286750994547,1.1085108526870466,-0.5,7
2023-03-23,NVDA,-0.0011010361240547228,1.2485646515935327,-0.5,7
2023-03-24,NVDA,-0.03581338543660259,1.5594041252062825,-0.5,7
2023-03-27,NVDA,-0.034168279363492475,1.5588321021004234,-0.5,7
2023-03-28,NVDA,-0.03371425837252776,1.694906565664402,-0.5,7
2023-03-29,NVDA,-0.03976460644636889,1.938024654052474,-0.5,7
2023-03-30,NVDA,-0.009536931848560724,1.2118202399950655,-0.5,7
2023-03-31,NVDA,-0.010250578665479734,1.1453383806580963,-0.5,7
2023-04-03,NVDA,-0.001166196386284988,1.1364278646341586,-0.5,7
2023-04-04,NVDA,-0.019057900506697145,1.510064201319803,-0.5,7
2023-04-05,NVDA,-0.03819902252360118,1.0303435613032663,-0.5,7
2023-04-06,NVDA,-0.04227015284206786,1.0730652158772402,-0.5,7
2023-04-10,NVDA,-0.03702646961789501,1.6339469844560832,-0.5,7
2023-04-11,NVDA,-0.026080249184526602,1.8303648299587276,-0.5,7
2023-04-12,NVDA,-0.009270347701554537,1.0264821086505704,-0.5,7
2023-04-13,NVDA,-0.03605332333851064,0.9817864918446093,-0.5,7
2023-04-14,NVDA,-0.029366615587675074,0.834179372338677,-0.5,7
2023-04-17,NVDA,-0.029597783109995047,0.7791569704273301,-0.5,7
2023-04-18,NVDA,-0.030283632286271775,1.2710982572789464,-0.5,7
2023-04-19,NVDA,-0.017059930617051185,1.3010041977002365,-0.5,7
2023-04-20,NVDA,-0.018453365909681073,0.5800686049783556,-0.5,7
2023-04-21,NVDA,-0.026285318969946243,0.2350200346959332,-0.5,7
2023-04-24,NVDA,-0.03113868544791123,0.7389068303987175,-0.5,7
2023-04-25,NVDA,-0.019765628485700366,0.46878262765161327,-0.5,7
2023-04-26,NVDA,-0.032205656138128425,0.826694977690659,-0.5,7
2023-04-27,NVDA,-0.030988752583306436,0.5592043863802539,-0.5,7
2023-04-28,NVDA,-0.02730581873070657,0.8122332802009307,-0.5,7
2023-05-01,NVDA,-0.03187985512379765,1.5127210824220434,-0.5,7
2023-05-02,NVDA,-0.029240582441585082,1.1764708906117898,-0.5,7
2023-05-03,NVDA,-0.03458797649061109,1.3345378528491372,-0.5,7
2023-05-04,NVDA,-0.03786945423442983,1.421677344365179,-0.5,7
2023-05-05,NVDA,-0.03573393792796082,1.6444628633681972,-0.5,7
2023-05-08,NVDA,-0.039652157741327236,1.5657969785528898,-0.5,7
2023-05-09,NVDA,-0.03978112534044679,1.342970435784337,-0.5,7
2023-05-10,NVDA,-0.04249250637569973,1.4370898222753659,-0.5,7
2023-05-11,NVDA,-0.04117645579558011,1.5351068928181073,-0.5,7
2023-05-12,NVDA,-0.04051776498990118,1.4014506835247373,-0.5,7
2023-05-15,NVDA,-0.04020081139796593,1.3810331676505685,-0.5,7
2023-05-16,NVDA,-0.03616150977497111,1.109346929843398,-0.5,7
2023-05-17,NVDA,-0.03667300502205054,1.1499345244219383,-0.5,7
2023-05-18,NVDA,-0.060646180931015495,1.9081058670810815,-0.5,7
2023-05-19,NVDA,-0.05118978056252738,1.7241971084117322,-0.5,7
2023-05-22,NVDA,-0.04443981421458271,1.6915049879408874,-0.5,7
2023-05-23,NVDA,-0.04651858009672215,1.7001549650962837,-0.5,7
2023-05-24,NVDA,-0.05118926603642118,1.8856120126447002,-0.5,7
2023-05-25,NVDA,0.020293180807238624,1.6181145842841582,-0.5,7
2023-05-26,NVDA,0.030980657505600116,1.2237437239719489,-0.5,7
2023-05-30,NVDA,0.05784264450769618,0.8080686366819632,-0.5,7
2023-05-31,NVDA,0.07087975367718542,0.7561753674242218,-0.5,7
2023-06-01,NVDA,0.02836164622701897,1.2375219449146844,-0.5,7
2023-06-02,NVDA,0.0807026015502239,0.9082603163235374,-0.5,7
2023-06-05,NVDA,0.07561011649989387,0.8179382502326382,-0.5,7
2023-06-06,NVDA,0.076281602955642,0.7772879833363723,-0.5,7
2023-06-07,NVDA,0.04885316927537172,1.3335509401138341,-0.5,7
2023-06-08,NVDA,0.06316448130898523,1.484362579719312,-0.5,7
2023-06-09,NVDA,0.01649464432447056,2.1537615573379725,-0.5,7
2023-06-12,NVDA,0.014609599768868442,2.2436718162559384,-0.5,7
2023-06-13,NVDA,0.01014299938339173,2.3785832332793353,-0.5,7
2023-06-14,NVDA,0.031375420576110064,1.7645512106347532,-0.5,7
2023-06-15,NVDA,0.03722736635572093,1.491025798916836,-0.5,7
2023-06-16,NVDA,0.0498434547819344,1.1059400283113212,-0.5,7
2023-06-20,NVDA,0.039577129056178176,1.5432344677001377,-0.5,7
2023-06-21,NVDA,0.06419324206431136,1.29729877525038,-0.5,7
2023-06-22,NVDA,0.07480947483969669,1.303280321989081,-0.5,7
2023-06-23,NVDA,0.065418761496409,1.33880141925959,-0.5,7
2023-06-26,NVDA,-0.005263219776265517,0.11308003077200086,-0.5,7
2023-06-27,NVDA,-0.005794746921467178,0.3779782380110885,-0.5,7
2023-06-28,NVDA,-0.004726631598556271,-0.28968523175684957,-0.5,7
2023-06-29,NVDA,-0.003755568112701155,1.0867630674234,-0.5,7
2023-06-30,NVDA,0.0013491537262158482,0.47815490344400335,-0.5,7
2023-01-03,PFE,-0.00728268386938651,2.2579222381961177,-0.5,7
2023-01-04,PFE,0.007375706399373881,1.058426671117077,-0.5,7
2023-01-05,PFE,0.002072022178101216,1.316936452616627,-0.5,7
2023-01-06,PFE,-0.0016952505424154944,1.14604639927138,-0.5,7
2023-01-09,PFE,0.0030007587186154433,-0.39457877186179524,-0.5,7
2023-01-10,PFE,0.0033626851833916394,-0.923411927943437,-0.5,7
2023-01-11,PFE,0.0005505863393869264,-0.8869931711120722,-0.5,7
2023-01-12,PFE,0.009111759480009338,-0.9696542631501088,-0.5,7
2023-01-13,PFE,0.012372167681501445,-1.4144826268129618,-0.5,7
2023-01-17,PFE,0.014020785629577471,-2.029214157705738,-0.5,7
2023-01-18,PFE,0.013732566779374584,-1.9120055900129334,-0.5,7
2023-01-19,PFE,0.010638681696316769,-1.888508876568945,-0.5,7
2023-01-20,PFE,0.009184293000490132,-2.1113328216911404,-0.5,7
2023-01-23,PFE,0.011954246874380419,-2.3382734426539193,-0.5,7
2023-01-24,PFE,0.006121007688946639,-1.9867482815208306,-0.5,7
2023-01-25,PFE,0.006353234423524256,-1.838384169199269,-0.5,7
2023-01-26,PFE,0.0049544340139377,-1.7169500908512298,-0.5,7
2023-01-27,PFE,0.006121007688946639,-1.732420712040351,-0.5,7
2023-01-30,PFE,0.006520957673799466,-2.0566689065767494,-0.5,7
2023-01-31,PFE,0.006485768849348193,-1.9812473691158725,-0.5,7
2023-02-01,PFE,0.006121007688946639,-1.6779672731587978,-0.5,7
2023-02-02,PFE,0.006973117009054575,-1.7593224469758906,-0.5,7
2023-02-03,PFE,0.01468508819531274,-1.852486008675183,-0.5,7
2023-02-06,PFE,0.010610440473637121,-1.7718002985131174,-0.5,7
2023-02-07,PFE,-0.0030783741773963437,-1.5941463329945595,-0.5,7
2023-02-08,PFE,-0.0012260336262895168,-1.030931234878574,-0.5,7
2023-02-09,PFE,-0.0008970989862449563,-0.796428430239055,-0.5,7
2023-02-10,PFE,-0.006892329888768983,-1.017295607412788,-0.5,7
2023-02-13,PFE,-0.007612747970353759,-1.2845623268653843,-0.5,7
2023-02-14,PFE,0.00916171179557552,-1.4644840663000118,-0.5,7
2023-02-15,PFE,0.011254721249871579,-1.4127708933654382,-0.5,7
2023-02-16,PFE,0.010729574531964903,-1.5517523940848958,-0.5,7
2023-02-17,PFE,0.015517525087832313,-1.0878087104623926,-0.5,7
2023-02-21,PFE,0.011173873728405124,-0.7880880217231683,-0.5,7
2023-02-22,PFE,0.012515599625920727,-0.9987990182098997,-0.5,7
2023-02-23,PFE,0.01969185419985024,-1.5358176639341319,-0.5,7
2023-02-24,PFE,0.01620781099820062,-0.7180223023396037,-0.5,7
2023-02-27,PFE,0.006569810093687173,-0.7295861145816438,-0.5,7
2023-02-28,PFE,0.0016061535432898353,-0.5410524373922454,-0.5,7
2023-03-01,PFE,0.013362869436958375,-0.8506361406587839,-0.5,7
2023-03-02,PFE,0.009685677074379468,-0.516202573945057,-0.5,7
2023-03-03,PFE,0.003116776262496879,0.08944925732642015,-0.5,7
2023-03-06,PFE,0.003317587819813306,0.010301302458840395,-0.5,7
2023-03-07,PFE,0.007996881399615045,-0.337637361473468,-0.5,7
2023-03-08,PFE,0.007996881399615045,-0.08441328783976675,-0.5,7
2023-03-09,PFE,0.007996881399615045,-0.7016226624054811,-0.5,7
2023-03-10,PFE,0.008912596409210051,-0.7021235441678517,-0.5,7
2023-03-13,PFE,0.007308305831225543,-0.8365700804285665,-0.5,7
2023-03-14,PFE,0.008912596409210051,-1.006133571725681,-0.5,7
2023-03-15,PFE,0.009091521886984647,-1.0086574825515222,-0.5,7
2023-03-16,PFE,0.01669027563976296,-1.2188659587087278,-0.5,7
2023-03-17,PFE,0.016503758171472566,-1.2634164045435252,-0.5,7
2023-03-20,PFE,0.024181301012366117,-1.323215000162816,-0.5,7
2023-03-21,PFE,0.021440343478254627,-1.5168262253151001,-0.5,7
2023-03-22,PFE,0.013847974139494942,-1.2190428683281742,-0.5,7
2023-03-23,PFE,0.012882563297695252,-1.3467989984376185,-0.5,7
2023-03-24,PFE,0.014711447104544579,-1.4611500395640673,-0.5,7
2023-03-27,PFE,0.020492053864678984,-1.4395711434874714,-0.5,7
2023-03-28,PFE,0.017793122799324868,-1.4136953983825231,-0.5,7
2023-03-29,PFE,0.0248539456235603,-1.8719886063756712,-0.5,7
2023-03-30,PFE,0.020405688727694694,-1.914075995989358,-0.5,7
2023-03-31,PFE,0.0215003292150643,-1.9573218392721814,-0.5,7
2023-04-03,PFE,0.02423183422551142,-1.8160005902801881,-0.5,7
2023-04-04,PFE,0.03256230054016546,-1.6894619693044834,-0.5,7
2023-04-05,PFE,0.02558961567013177,-1.261226356862127,-0.5,7
2023-04-06,PFE,0.0343025821189925,-1.4621440287175091,-0.5,7
2023-04-10,PFE,0.03516605508404213,-1.5038046352332848,-0.5,7
2023-04-11,PFE,0.03477672842994581,-1.3301425860206266,-0.5,7
2023-04-12,PFE,0.03477672842994581,-0.9788248421670742,-0.5,7
2023-04-13,PFE,0.03341894698532546,-1.6123214491684599,-0.5,7
2023-04-14,PFE,0.03341894698532546,-1.4364184512984255,-0.5,7
2023-04-17,PFE,0.03341894698532546,-1.3216060204804623,-0.5,7
2023-04-18,PFE,0.03341894698532546,-1.9619662232873398,-0.5,7
2023-04-19,PFE,0.03477672842994581,-1.3387185038785305,-0.5,7
2023-04-20,PFE,0.02477981541811723,-1.1510190880757811,-0.5,7
2023-04-21,PFE,0.026620407618770412,-0.8413645941697825,-0.5,7
2023-04-24,PFE,0.02367674523573366,-1.0519494463437844,-0.5,7
2023-04-25,PFE,0.02440088613281212,-0.9987857471417647,-0.5,7
2023-04-26,PFE,0.01979672437932209,-1.3404129775933686,-0.5,7
2023-04-27,PFE,0.02149720231308051,-1.1793888385901725,-0.5,7
2023-04-28,PFE,0.02236067527813014,-1.199259401337831,-0.5,7
2023-05-01,PFE,0.02236067527813014,-0.909656298989165,-0.5,7
2023-05-02,PFE,0.03046675153841663,-1.309758873470423,-0.5,7
2023-05-03,PFE,0.03046675153841663,-1.3226761121692654,-0.5,7
2023-05-04,PFE,0.029583643569688678,-1.9160646886362018,-0.5,7
2023-05-05,PFE,0.031330224503466265,-1.8753477609541322,-0.5,7
2023-05-08,PFE,0.031330224503466265,-1.9730202763932503,-0.5,7
2023-05-09,PFE,0.029583643569688678,-1.4238525861133544,-0.5,7
2023-05-10,PFE,0.03220888248469104,-1.5998745927493663,-0.5,7
2023-05-11,PFE,0.03220888248469104,-1.456534711589661,-0.5,7
2023-05-12,PFE,0.03165426664898461,-1.4132162800017702,-0.5,7
2023-05-15,PFE,0.02960296853550692,-1.4312965810999625,-0.5,7
2023-05-16,PFE,0.028415453424938952,-1.4148329620847195,-0.5,7
2023-05-17,PFE,0.028415453424938952,-1.5908004216268448,-0.5,7
2023-05-18,PFE,0.028415453424938952,-1.7725028288365205,-0.5,7
2023-05-19,PFE,0.029278926389988576,-1.8051236530226444,-0.5,7
2023-05-22,PFE,0.005586964395337801,-1.177326350606671,-0.5,7
2023-05-23,PFE,0.0093331149306889,-0.8255450116339802,-0.5,7
2023-05-24,PFE,0.008472752702024619,-0.636055242466183,-0.5,7
2023-05-25,PFE,0.01715419580206701,-0.7889684127300678,-0.5,7
2023-05-26,PFE,0.015701231396640238,-0.7892574086064323,-0.5,7
2023-05-30,PFE,0.01431009410873333,-0.8828572669217181,-0.5,7
2023-05-31,PFE,0.012359316992814472,-0.8210957968126031,-0.5,7
2023-06-01,PFE,0.005265570182566086,-0.8066276034740613,-0.5,7
2023-06-02,PFE,0.004082609173417431,-0.6639806770479368,-0.5,7
2023-06-05,PFE,0.00640042710140044,-0.46787706462893297,-0.5,7
2023-06-06,PFE,0.0059739746580867795,-0.5900605219538779,-0.5,7
2023-06-07,PFE,0.005072864221440947,-0.6776170290758874,-0.5,7
2023-06-08,PFE,0.00640042710140044,-0.5557217521695017,-0.5,7
2023-06-09,PFE,0.001846009270601589,-0.45822437503628755,-0.5,7
2023-06-12,PFE,0.002871432198868431,-0.4807307650203523,-0.5,7
2023-06-13,PFE,0.005686454723662074,-0.3226343634192395,-0.5,7
2023-06-14,PFE,-0.010750697892074178,-0.07537479186915513,-0.5,7
2023-06-15,PFE,-0.009362830871911797,-0.09236578509885834,-0.5,7
2023-06-16,PFE,-0.0019672810418434965,0.12833067747769403,-0.5,7
2023-06-20,PFE,-0.009847679233316335,-0.19508985435251425,-0.5,7
2023-06-21,PFE,0.0023200740992803466,-0.49470052571618545,-0.5,7
2023-06-22,PFE,0.007177000510058942,-1.0366893382022742,-0.5,7
2023-06-23,PFE,0.0027765836078722287,-1.0050248678307996,-0.5,7
2023-06-26,PFE,0.009766794808678125,-1.459081841381515,-0.5,7
2023-06-27,PFE,0.010747006570090235,-1.5571643593267428,-0.5,7
2023-06-28,PFE,0.01573891246704567,-1.7513513055751915,-0.5,7
2023-06-29,PFE,0.016143565529217557,-2.249318913231047,-0.5,7
2023-06-30,PFE,0.00562298110311478,-1.8570637966764214,-0.5,7
2023-01-03,PYPL,0.016159276641300808,1.1780775004336732,-0.5,7
2023-01-04,PYPL,0.03471464165402613,1.4006022296257812,-0.5,7
2023-01-05,PYPL,0.031940749834175705,1.285294167999289,-0.5,7
2023-01-06,PYPL,0.0194135373741173,1.0023182550541443,-0.5,7
2023-01-09,PYPL,0.020100345482479857,1.2389993821641365,-0.5,7
2023-01-10,PYPL,0.02375846148864156,1.1691410649265732,-0.5,7
2023-01-11,PYPL,0.02228769815837872,0.9967699762377424,-0.5,7
2023-01-12,PYPL,0.04737909840094885,0.865042981736978,-0.5,7
2023-01-13,PYPL,0.04548827966371306,0.6696470174871954,-0.5,7
2023-01-17,PYPL,0.042007627211414655,0.7845708270729665,-0.5,7
2023-01-18,PYPL,0.04601687896598985,0.5269831483954174,-0.5,7
2023-01-19,PYPL,0.04619357211293775,0.41203611140364116,-0.5,7
2023-01-20,PYPL,0.04666138655228107,0.19101125364582372,-0.5,7
2023-01-23,PYPL,0.04534828489033218,-0.08444016717241076,-0.5,7
2023-01-24,PYPL,0.04736072119100457,0.08526302202581748,-0.5,7
2023-01-25,PYPL,0.04530001684619327,0.08644354161525236,-0.5,7
2023-01-26,PYPL,0.03187304808708646,0.10355471904077257,-0.5,7
2023-01-27,PYPL,0.028069355450963982,0.14383080621211242,-0.5,7
2023-01-30,PYPL,0.007407740460581171,0.10723309124149594,-0.5,7
2023-01-31,PYPL,0.010105678628055533,0.06163579385039694,-0.5,7
2023-02-01,PYPL,0.013425145059197167,-0.22718100047983913,-0.5,7
2023-02-02,PYPL,0.005603630156099617,-0.32780047794853484,-0.5,7
2023-02-03,PYPL,0.0028610132830379667,-0.21873832097168122,-0.5,7
2023-02-06,PYPL,0.006562625920383155,-0.29114092757558396,-0.5,7
2023-02-07,PYPL,0.0006823675790273264,-0.47822695379808655,-0.5,7
2023-02-08,PYPL,0.0023323502381228938,-0.42411860021842895,-0.5,7
2023-02-09,PYPL,-0.0025439564240885225,-0.22602688953241856,-0.5,7
2023-02-10,PYPL,-0.002446419767878346,-0.38050985361444306,-0.5,7
2023-02-13,PYPL,-0.0021784102649183065,-0.7885876497769382,-0.5,7
2023-02-14,PYPL,-0.005381776832640278,-1.0277742644997474,-0.5,7
2023-02-15,PYPL,0.0004904977231913951,-0.883191545789201,-0.5,7
2023-02-16,PYPL,-0.00335859714219555,-0.8346018395246559,-0.5,7
2023-02-17,PYPL,-0.001394151944636824,-0.9352611597350182,-0.5,7
2023-02-21,PYPL,-0.014305175163193113,-0.22871090193648846,-0.5,7
2023-02-22,PYPL,-0.011443675099947917,-0.2090879481359887,-0.5,7
2023-02-23,PYPL,-0.003491380930883988,-0.5728399678411906,-0.5,7
2023-02-24,PYPL,-0.009236467009105272,-0.1929089048890943,-0.5,7
2023-02-27,PYPL,-0.007113289434990836,-0.6753247609105615,-0.5,7
2023-02-28,PYPL,0.0007342761565823701,-0.5474899057542381,-0.5,7
2023-03-01,PYPL,0.010068374451526165,-0.8081120202043484,-0.5,7
2023-03-02,PYPL,0.03664251989771416,-1.682706638131993,-0.5,7
2023-03-03,PYPL,0.01481078013487951,-0.890329020503657,-0.5,7
2023-03-06,PYPL,0.008388403947300598,-0.5654544139243041,-0.5,7
2023-03-07,PYPL,0.0061493501487462875,-0.4644510300691901,-0.5,7
2023-03-08,PYPL,0.009207149468428611,-0.23314567451824963,-0.5,7
2023-03-09,PYPL,0.010757289836204761,0.15854462046028966,-0.5,7
2023-03-10,PYPL,0.01356107953708712,-0.2948408443102884,-0.5,7
2023-03-13,PYPL,0.010994964406973713,-1.1592526448305502,-0.5,7
2023-03-14,PYPL,0.005337086582263074,-0.6589495334617573,-0.5,7
2023-03-15,PYPL,0.006982390934998426,-0.1452364157352366,-0.5,7
2023-03-16,PYPL,0.01294685218870787,-0.8193243733962858,-0.5,7
2023-03-17,PYPL,0.006022903693246263,-0.2949237616810886,-0.5,7
2023-03-20,PYPL,0.004306004651983778,-0.2689650183000339,-0.5,7
2023-03-21,PYPL,0.009158558840824898,-0.5247553178848784,-0.5,7
2023-03-22,PYPL,0.0035676169081837426,-0.6196437701308334,-0.5,7
2023-03-23,PYPL,0.012190736167509675,-1.159223211370327,-0.5,7
2023-03-24,PYPL,0.003032829991856807,-0.820085442027093,-0.5,7
2023-03-27,PYPL,0.002661478599165568,-0.9452949552144388,-0.5,7
2023-03-28,PYPL,0.0020000966065326343,-0.9908644667569009,-0.5,7
2023-03-29,PYPL,0.0050628233705758315,-1.3472155187728283,-0.5,7
2023-03-30,PYPL,0.004452679911127674,-1.3519820930006852,-0.5,7
2023-03-31,PYPL,0.003994181494975919,-1.3964657530642133,-0.5,7
2023-04-03,PYPL,0.004428576544917622,-1.3900462170133296,-0.5,7
2023-04-04,PYPL,0.014675476162488751,-1.3265736608132117,-0.5,7
2023-04-05,PYPL,-0.00227283226070745,-1.4672712535722303,-0.5,7
2023-04-06,PYPL,-0.0010474973446391452,-1.7603554713167326,-0.5,7
2023-04-10,PYPL,0.00694333964089301,-1.7620620442677442,-0.5,7
2023-04-11,PYPL,0.014258041449851974,-1.4269425118476735,-0.5,7
2023-04-12,PYPL,0.016189495596217265,-1.2455977077677187,-0.5,7
2023-04-13,PYPL,-0.0012625395784594243,-1.1450476381412513,-0.5,7
2023-04-14,PYPL,0.003994181494975919,-0.5048598681548099,-0.5,7
2023-04-17,PYPL,0.0059846164103803095,0.37295481373159184,-0.5,7
2023-04-18,PYPL,0.005168233482803744,-0.07037208047753662,-0.5,7
2023-04-19,PYPL,0.014322232769900056,-1.07675088506103,-0.5,7
2023-04-20,PYPL,0.017986339570553716,-1.1291945709275473,-0.5,7
2023-04-21,PYPL,0.014497420338691261,-0.08310569138407017,-0.5,7
2023-04-24,PYPL,0.021113336971148082,-0.4917688375619096,-0.5,7
2023-04-25,PYPL,0.01964338748431305,-0.8356687686428284,-0.5,7
2023-04-26,PYPL,0.006608119098502855,-0.5904046332295709,-0.5,7
2023-04-27,PYPL,0.013847587095457985,-0.4930924455949953,-0.5,7
2023-04-28,PYPL,0.01311831823880354,-0.11554739747864323,-0.5,7
2023-05-01,PYPL,0.01580725239997949,-0.35428985194681356,-0.5,7
2023-05-02,PYPL,0.0029571798501400177,-0.36485676749897894,-0.5,7
2023-05-03,PYPL,0.003982443437046645,-0.5402576525316927,-0.5,7
2023-05-04,PYPL,0.004567658842303236,-0.4089983264831488,-0.5,7
2023-05-05,PYPL,0.008737114748367575,-0.2654972507313629,-0.5,7
2023-05-08,PYPL,0.005570782246211338,-0.0969811150504199,-0.5,7
2023-05-09,PYPL,0.0588096300686443,-2.206682464903188,-0.5,7
2023-05-10,PYPL,0.040764745484494234,-2.412979636968253,-0.5,7
2023-05-11,PYPL,0.04227075149197171,-2.3153773798027326,-0.5,7
2023-05-12,PYPL,0.03332010214860121,-2.536879488617877,-0.5,7
2023-05-15,PYPL,0.04896244279531767,-2.8391285914827247,-0.5,7
2023-05-16,PYPL,0.03329759342008903,-2.665315736172028,-0.5,7
2023-05-17,PYPL,0.031744238965244455,-2.63959111285327,-0.5,7
2023-05-18,PYPL,0.025404244151016282,-2.509688393973499,-0.5,7
2023-05-19,PYPL,0.030240669823902024,-2.7357306497449043,-0.5,7
2023-05-22,PYPL,0.018182706551558042,-2.780988951236399,-0.5,7
2023-05-23,PYPL,0.045003616452515216,-3.0305997623439516,-0.5,7
2023-05-24,PYPL,0.039263127000795324,-2.9308289076862613,-0.5,7
2023-05-25,PYPL,0.02256610816940686,-2.099956244274467,-0.5,7
2023-05-26,PYPL,0.022106693461276833,-2.094588430316581,-0.5,7
2023-05-30,PYPL,-0.002122353152184683,-1.2969377155839161,-0.5,7
2023-05-31,PYPL,0.002920429592320818,-1.5906889842473964,-0.5,7
2023-06-01,PYPL,0.011399899048155738,-1.7820428675785276,-0.5,7
2023-06-02,PYPL,-0.0016016096272750554,-1.3929917871343802,-0.5,7
2023-06-05,PYPL,0.028657214175014704,-1.8713266955396772,-0.5,7
2023-06-06,PYPL,0.037167021867859244,-2.0974816805738747,-0.5,7
2023-06-07,PYPL,0.004071755012446776,-1.1536257498317655,-0.5,7
2023-06-08,PYPL,0.002556526225512429,-0.6702993522864811,-0.5,7
2023-06-09,PYPL,0.0033565736514912783,-0.9441376302972097,-0.5,7
2023-06-12,PYPL,0.005695135027842408,-0.8559535759980128,-0.5,7
2023-06-13,PYPL,0.012846389629580313,-1.0010233122504368,-0.5,7
2023-06-14,PYPL,0.013246339614433139,-0.7970193873502631,-0.5,7
2023-06-15,PYPL,0.002363488641587981,-0.45490677846085703,-0.5,7
2023-06-16,PYPL,-0.0007754457244681232,-0.026498854614568662,-0.5,7
2023-06-20,PYPL,-0.003124431669379331,0.17261201088929767,-0.5,7
2023-06-21,PYPL,0.0010277598601310925,0.13715033149607492,-0.5,7
2023-06-22,PYPL,0.00724600178241993,0.004481139357071052,-0.5,7
2023-06-23,PYPL,0.0008495545480285344,-0.16498964352923126,-0.5,7
2023-06-26,PYPL,0.0029672425294893223,0.5044867069264389,-0.5,7
2023-06-27,PYPL,0.003222487390331179,0.5012472443529106,-0.5,7
2023-06-28,PYPL,0.004123138109754622,0.33599494937822705,-0.5,7
2023-06-29,PYPL,0.004123138109754622,0.5140513565804192,-0.5,7
2023-06-30,PYPL,0.001484466817517425,0.3535644530737169,-0.5,7
2023-01-03,ZM,0.012892160769328882,-0.46390364325937183,-0.5,7
2023-01-04,ZM,0.011615533129406701,-0.0830663019941723,-0.5,7
2023-01-05,ZM,0.011283128863579395,-0.3515251516700607,-0.5,7
2023-01-06,ZM,0.013865228761499804,0.4183903030113242,-0.5,7
2023-01-09,ZM,0.01248128420718919,0.022246540246336044,-0.5,7
2023-01-10,ZM,0.013932983182412347,-0.03574761453733352,-0.5,7
2023-01-11,ZM,0.01214516576707461,-0.5576963022578602,-0.5,7
2023-01-12,ZM,0.011034101473344212,-0.3505514261448854,-0.5,7
2023-01-13,ZM,0.005904690121263726,-0.3088935274371932,-0.5,7
2023-01-17,ZM,0.005154741054926451,-0.21854185801650272,-0.5,7
2023-01-18,ZM,0.01877450010682022,-0.8198135923853064,-0.5,7
2023-01-19,ZM,0.006159934982105582,-0.5557240105084711,-0.5,7
2023-01-20,ZM,0.011646220111370193,-0.6167226109736741,-0.5,7
2023-01-23,ZM,0.004438337378974988,-0.6745677270971622,-0.5,7
2023-01-24,ZM,0.007855610392664743,-0.3174398405647222,-0.5,7
2023-01-25,ZM,0.014592485458664092,-0.37163820318792823,-0.5,7
2023-01-26,ZM,0.016882458521713453,-0.3170623387575855,-0.5,7
2023-01-27,ZM,0.023215355301918945,-0.2800715755608286,-0.5,7
2023-01-30,ZM,0.015963905500353294,-0.5113605391130694,-0.5,7
2023-01-31,ZM,0.01778562342706749,-0.4294964786198797,-0.5,7
2023-02-01,ZM,0.03326884062131439,-0.1396011449007926,-0.5,7
2023-02-02,ZM,0.04703963407376867,-0.11548317499090022,-0.5,7
2023-02-03,ZM,0.03628111135264546,-0.10256769703587287,-0.5,7
2023-02-06,ZM,0.03920235823316505,-0.6906007845257427,-0.5,7
2023-02-07,ZM,0.055332572392985356,-0.4963458924181561,-0.5,7
2023-02-08,ZM,0.03225574739791185,-0.2689541958828011,-0.5,7
2023-02-09,ZM,0.016290330266467867,0.1689752371741304,-0.5,7
2023-02-10,ZM,0.01607935334262829,-0.47665613081250413,-0.5,7
2023-02-13,ZM,-0.00046555594796897555,0.06591415005593876,-0.5,7
2023-02-14,ZM,0.007971148859157753,0.008062488871140194,-0.5,7
2023-02-15,ZM,0.05525352617842302,-0.12041891708474983,-0.5,7
2023-02-16,ZM,0.017815135316740945,0.08704148320482485,-0.5,7
2023-02-17,ZM,0.004867346632576848,0.6135271973507055,-0.5,7
2023-02-21,ZM,0.007930662434670381,0.22703805858310344,-0.5,7
2023-02-22,ZM,-0.0005322075613759589,0.9145823711811587,-0.5,7
2023-02-23,ZM,-0.010317302554399018,0.9750264222634237,-0.5,7
2023-02-24,ZM,-0.01716005583434016,1.3583927504582722,-0.5,7
2023-02-27,ZM,-0.012475558181771698,0.5818149405748513,-0.5,7
2023-02-28,ZM,-0.005408761688571336,0.8832728622334152,-0.5,7
2023-03-01,ZM,0.008507609962008788,-0.507822295231213,-0.5,7
2023-03-02,ZM,0.010190744976071224,-0.7895258451558325,-0.5,7
2023-03-03,ZM,0.03075495555107449,-1.6765221410647235,-0.5,7
2023-03-06,ZM,0.053496238734193936,-1.6628892200158814,-0.5,7
2023-03-07,ZM,0.057384721597505614,-1.7911022554778782,-0.5,7
2023-03-08,ZM,0.046722237363128534,-2.4261002247627226,-0.5,7
2023-03-09,ZM,0.04230282308748364,-2.769032585108809,-0.5,7
2023-03-10,ZM,0.04398797323800679,-2.922235049158086,-0.5,7
2023-03-13,ZM,0.037803271046653035,-1.7125742343970298,-0.5,7
2023-03-14,ZM,0.03814387591771944,-1.9623999943918058,-0.5,7
2023-03-15,ZM,0.037495042067993464,-2.25240710882059,-0.5,7
2023-03-16,ZM,0.027380509088334223,-2.276110328040075,-0.5,7
2023-03-17,ZM,0.017119528976467097,-1.8457156169274829,-0.5,7
2023-03-20,ZM,0.012085249371729029,-1.324023518936109,-0.5,7
2023-03-21,ZM,0.016865449951869727,-0.9940666019638605,-0.5,7
2023-03-22,ZM,0.023120964527159827,-1.4793546307513188,-0.5,7
2023-03-23,ZM,0.014155675994684602,-1.626581132540435,-0.5,7
2023-03-24,ZM,0.013819557554570032,-1.8131336215766463,-0.5,7
2023-03-27,ZM,0.013819557554570032,-1.9806226106057268,-0.5,7
2023-03-28,ZM,0.008137533548847846,-1.9654314378561297,-0.5,7
2023-03-29,ZM,0.002691626523922177,-1.179848064269687,-0.5,7
2023-03-30,ZM,0.01262201401594685,-1.370698883899935,-0.5,7
2023-03-31,ZM,0.011801116152476898,-1.0230472874455216,-0.5,7
2023-04-03,ZM,0.012235511202418595,-1.0828435213184395,-0.5,7
2023-04-04,ZM,0.030016409972563766,-1.1353715473022281,-0.5,7
2023-04-05,ZM,0.012421011822210082,-1.0283854267076253,-0.5,7
2023-04-06,ZM,0.014276989583380417,-1.007236712881742,-0.5,7
2023-04-10,ZM,0.030916898467911267,-1.429066420861668,-0.5,7
2023-04-11,ZM,0.03132128870275801,-1.6809366060675295,-0.5,7
2023-04-12,ZM,0.04145192532559087,-2.1829790603911285,-0.5,7
2023-04-13,ZM,0.01777855172794897,-2.2070208603794392,-0.5,7
2023-04-14,ZM,0.01568077259013201,-2.310549287806939,-0.5,7
2023-04-17,ZM,0.015926858130785253,-2.6651246163359006,-0.5,7
2023-04-18,ZM,0.03118266298020892,-2.5308040796849953,-0.5,7
2023-04-19,ZM,0.035447903169587465,-2.309436453490062,-0.5,7
2023-04-20,ZM,0.03455151870084198,-2.3433421685080633,-0.5,7
2023-04-21,ZM,0.0319665049655495,-2.6981814312901253,-0.5,7
2023-04-24,ZM,0.030614579326088673,-2.215802138916626,-0.5,7
2023-04-25,ZM,0.023871362264393133,-2.5706033538552804,-0.5,7
2023-04-26,ZM,0.015430626890281893,-2.4721880902940896,-0.5,7
2023-04-27,ZM,0.021337611739410522,-2.454303911792244,-0.5,7
2023-04-28,ZM,0.020234764867140098,-2.7360886922872907,-0.5,7
2023-05-01,ZM,0.022120924938143202,-2.698283150384915,-0.5,7
2023-05-02,ZM,0.010583556570188401,-2.401044562174347,-0.5,7
2023-05-03,ZM,0.009376147314212862,-2.4675036170812703,-0.5,7
2023-05-04,ZM,0.010498807733405864,-2.197401567251333,-0.5,7
2023-05-05,ZM,-0.0030752371139822023,-1.8030615478526202,-0.5,7
2023-05-08,ZM,-0.0030159784133926785,-1.843448102806676,-0.5,7
2023-05-09,ZM,-0.0006556521757897219,-1.108526360622827,-0.5,7
2023-05-10,ZM,0.00042493522790022786,-0.7358650356369745,-0.5,7
2023-05-11,ZM,0.003835727888429849,-0.9266110946571665,-0.5,7
2023-05-12,ZM,0.0019560134777249208,-0.8360211580118047,-0.5,7
2023-05-15,ZM,0.003291775620493017,-0.33130159023707284,-0.5,7
2023-05-16,ZM,-0.0021796822069952023,-0.26208003734681723,-0.5,7
2023-05-17,ZM,-0.005864966987538168,-0.18876076475954337,-0.5,7
2023-05-18,ZM,-0.0040401222903986315,-0.05323693647227919,-0.5,7
2023-05-19,ZM,-0.004991960760752388,0.251964389189401,-0.5,7
2023-05-22,ZM,0.009887437278610923,-0.26097476633802863,-0.5,7
2023-05-23,ZM,0.008277695232321799,-0.5804855330705986,-0.5,7
2023-05-24,ZM,0.009036895346955683,-0.5512298106302768,-0.5,7
2023-05-25,ZM,0.022761574770479385,-0.4930915172622041,-0.5,7
2023-05-26,ZM,0.021044103608629683,-0.36637039087509293,-0.5,7
2023-05-30,ZM,0.02333082224274033,-0.400494181093417,-0.5,7
2023-05-31,ZM,0.021251267501723497,-0.13951492530900286,-0.5,7
2023-06-01,ZM,-0.001624570408779561,0.18730471596385884,-0.5,7
2023-06-02,ZM,0.007378028816108017,-0.29159521831751245,-0.5,7
2023-06-05,ZM,-0.00036928976500291336,0.13987272325623576,-0.5,7
2023-06-06,ZM,-0.0049519611652797555,0.3208485226383082,-0.5,7
2023-06-07,ZM,-0.0002490668893018796,-0.3261815363959455,-0.5,7
2023-06-08,ZM,0.0055876142077993735,-0.49882880336975066,-0.5,7
2023-06-09,ZM,0.006589053927669303,-0.5369186235120467,-0.5,7
2023-06-12,ZM,0.007649525339204474,-0.4113066671470743,-0.5,7
2023-06-13,ZM,0.005047472517182661,-0.6592232994175719,-0.5,7
2023-06-14,ZM,0.011193959936935784,-0.813292046512277,-0.5,7
2023-06-15,ZM,-0.0009005445091404212,-0.706890342748555,-0.5,7
2023-06-16,ZM,0.002357211870461961,-0.7942843232705192,-0.5,7
2023-06-20,ZM,0.0013520179432828304,-0.8603258988447388,-0.5,7
2023-06-21,ZM,0.004550872933001834,-1.0551831763355184,-0.5,7
2023-06-22,ZM,0.0001689652213346186,-0.5157775221614963,-0.5,7
2023-06-23,ZM,0.005461478344681929,-0.4165959587416271,-0.5,7
2023-06-26,ZM,0.0029832941154728206,-0.6862748772295724,-0.5,7
2023-06-27,ZM,0.0024583646757556734,-0.5195792281748142,-0.5,7
2023-06-28,ZM,0.002700762923969983,-0.024766388634119646,-0.5,7
2023-06-29,ZM,0.004680258709542379,-0.7049021825092455,-0.5,7
2023-06-30,ZM,0.0025244310409135344,-0.9615223575288756,-0.5,7
2023-07-03,AAPL,-0.03364996605563432,1.0292136514999384,-0.5,8
2023-07-05,AAPL,-0.029753892262665477,1.0588844115942875,-0.5,8
2023-07-06,AAPL,-0.029753892262665477,1.4340053038055527,-0.5,8
2023-07-07,AAPL,-0.03368038514467951,1.0657509716108073,-0.5,8
2023-07-10,AAPL,-0.029823395746534025,0.705823649620509,-0.5,8
2023-07-11,AAPL,-0.0340775283460779,0.4730595741043606,-0.5,8
2023-07-12,AAPL,-0.03331308828282461,0.5013504504586879,-0.5,8
2023-07-13,AAPL,-0.03347914163687005,0.36063465388835547,-0.5,8
2023-07-14,AAPL,-0.03391147499203246,0.5682974299453312,-0.5,8
2023-07-17,AAPL,-0.03527591978979431,0.6981353861516455,-0.5,8
2023-07-18,AAPL,-0.03532313400886105,0.5943405808980126,-0.5,8
2023-07-19,AAPL,-0.03436322016063822,1.0145125416403147,-0.5,8
2023-07-20,AAPL,-0.029823395746534025,0.9301863996838737,-0.5,8
2023-07-21,AAPL,-0.03729777772311132,0.8230808969878836,-0.5,8
2023-07-24,AAPL,-0.03299126162450972,0.4803422817745273,-0.5,8
2023-07-25,AAPL,-0.03246789028104042,0.21882501968347542,-0.5,8
2023-07-26,AAPL,-0.03216620780479631,0.04475577537110112,-0.5,8
2023-07-27,AAPL,-0.03433202683510222,-0.0790095818122219,-0.5,8
2023-07-28,AAPL,-0.03365026723297925,-0.3896699385464191,-0.5,8
2023-07-31,AAPL,-0.019774827337660606,-0.7590938502142728,-0.5,8
2023-08-01,AAPL,-0.018967744727479554,-0.656266906915208,-0.5,8
2023-08-02,AAPL,-0.020466228014704865,-0.21050278912076367,-0.5,8
2023-08-03,AAPL,-0.03414661351746328,0.4196627964515477,-0.5,8
2023-08-04,AAPL,-0.03540238190030046,-0.26735208146773215,-0.5,8
2023-08-07,AAPL,-0.033764302127416934,-0.448020213781372,-0.5,8
2023-08-08,AAPL,-0.03196930211610782,0.07598062427924801,-0.5,8
2023-08-09,AAPL,-0.028309327341050874,0.2055117124877549,-0.5,8
2023-08-10,AAPL,-0.023493084677973237,0.0437434305577048,-0.5,8
2023-08-11,AAPL,-0.04440506493720119,0.40265014367970997,-0.5,8
2023-08-14,AAPL,-0.044953572965478,0.4693076080585009,-0.5,8
2023-08-15,AAPL,-0.022482231285208473,0.24100409047154409,-0.5,8
2023-08-16,AAPL,-0.022642309473844505,0.11360880323606642,-0.5,8
2023-08-17,AAPL,-0.042117022720127045,0.09734467835017746,-0.5,8
2023-08-18,AAPL,-0.044316291804491495,0.1152114127570446,-0.5,8
2023-08-21,AAPL,-0.04626613858714873,-0.01568528812715342,-0.5,8
2023-08-22,AAPL,-0.03763747171622883,-0.014126889693334088,-0.5,8
2023-08-23,AAPL,-0.03818539347463189,-0.048551429171358684,-0.5,8
2023-08-24,AAPL,-0.04500375430491479,0.04203728339169155,-0.5,8
2023-08-25,AAPL,-0.03712706283009861,0.06393878635628059,-0.5,8
2023-08-28,AAPL,-0.03699793561299203,0.15844546578193164,-0.5,8
2023-08-29,AAPL,-0.02095065043586405,-0.14245859135822686,-0.5,8
2023-08-30,AAPL,-0.022893413388263843,-0.15666872216331929,-0.5,8
2023-08-31,AAPL,-0.02328990120956786,-0.8015252658968026,-0.5,8
2023-09-01,AAPL,-0.025206565246809524,0.562486069415005,-0.5,8
2023-09-05,AAPL,-0.025716934951950456,1.1859631875301901,-0.5,8
2023-09-06,AAPL,-0.03917044392167446,0.3376923962497444,-0.5,8
2023-09-07,AAPL,-0.04427239532923985,-0.17743346636861057,-0.5,8
2023-09-08,AAPL,-0.03793565731033964,-0.0314883080337377,-0.5,8
2023-09-11,AAPL,-0.03458744897574531,-0.27098131881511284,-0.5,8
2023-09-12,AAPL,-0.04397558411116299,-0.18581335491495055,-0.5,8
2023-09-13,AAPL,-0.048065636142932786,-0.48176527092221055,-0.5,8
2023-09-14,AAPL,-0.03067984953391536,-0.6056104861243358,-0.5,8
2023-09-15,AAPL,-0.028785031686820162,-0.2827428000179815,-0.5,8
2023-09-18,AAPL,-0.04702319662228595,0.46320915529128226,-0.5,8
2023-09-19,AAPL,-0.029977493984001853,0.5004620740367978,-0.5,8
2023-09-20,AAPL,-0.03504761801435175,0.2750131668801259,-0.5,8
2023-09-21,AAPL,-0.04159267768492055,0.5167961693074221,-0.5,8
2023-09-22,AAPL,-0.045245262434453176,0.9614674872877587,-0.5,8
2023-09-25,AAPL,-0.04278513998210227,0.8837713470907175,-0.5,8
2023-09-26,AAPL,-0.04298423653713761,0.7489767318840946,-0.5,8
2023-09-27,AAPL,-0.04067047233004474,0.5498378792747125,-0.5,8
2023-09-28,AAPL,-0.01919674390717365,-0.42943120978108523,-0.5,8
2023-09-29,AAPL,-0.004051114855976341,-1.034213187296265,-0.5,8
2023-10-02,AAPL,-0.005541286990092791,-1.3710332301684232,-0.5,8
2023-10-03,AAPL,-0.00424224230239309,-0.8735528944068685,-0.5,8
2023-10-04,AAPL,-0.006621056807462368,-0.0710569772686542,-0.5,8
2023-10-05,AAPL,-0.006264494074838702,0.9202837564750933,-0.5,8
2023-10-06,AAPL,-0.006621056807462368,0.786595230846454,-0.5,8
2023-10-09,AAPL,-0.005860670873715087,0.8320259695597808,-0.5,8
2023-10-10,AAPL,0.0021342811125005727,0.9726551285283116,-0.5,8
2023-10-11,AAPL,0.0038274505297653137,1.1528112565344726,-0.5,8
2023-10-12,AAPL,0.0038274505297653137,1.2482289616175894,-0.5,8
2023-10-13,AAPL,0.005852010628732275,0.967335021163544,-0.5,8
2023-10-16,AAPL,0.004397524360998808,0.2313499425437905,-0.5,8
2023-10-17,AAPL,-0.0018752080340699844,0.26353496654339326,-0.5,8
2023-10-18,AAPL,-0.0014172891276162823,0.3954456619417503,-0.5,8
2023-10-19,AAPL,-0.0014172891276162823,0.22761821457805848,-0.5,8
2023-10-20,AAPL,-0.0039251050729509,0.27943350407347045,-0.5,8
2023-10-23,AAPL,-0.003326607803673204,0.2322431821117491,-0.5,8
2023-10-24,AAPL,0.010570988229752115,-0.04269414898010079,-0.5,8
2023-10-25,AAPL,-0.006697630889786159,0.5939132506316258,-0.5,8
2023-10-26,AAPL,-0.0033515650660434757,0.5982864163550023,-0.5,8
2023-10-27,AAPL,0.0015677192173558882,0.47134197960949614,-0.5,8
2023-10-30,AAPL,-0.003779501909972883,0.4935832316453819,-0.5,8
2023-10-31,AAPL,-0.005305151120044379,0.2825347708147751,-0.5,8
2023-11-01,AAPL,-0.006444020702613863,0.37531478962466885,-0.5,8
2023-11-02,AAPL,-0.004384781656266961,0.24301592370260108,-0.5,8
2023-11-03,AAPL,-0.003903330102588941,-0.18586396521797982,-0.5,8
2023-11-06,AAPL,0.00030630233050058225,-0.1190491198030808,-0.5,8
2023-11-07,AAPL,-0.001291272273297493,0.07834919736628213,-0.5,8
2023-11-08,AAPL,-0.003869851121728995,0.22935272740127333,-0.5,8
2023-11-09,AAPL,-0.0027028829419568612,0.17702737721177883,-0.5,8
2023-11-10,AAPL,-0.00971672330137261,0.190612722185979,-0.5,8
2023-11-13,AAPL,-0.0039442463066085435,0.35647812667117595,-0.5,8
2023-11-14,AAPL,-0.01265809085550889,0.35785146978889165,-0.5,8
2023-11-15,AAPL,-0.014997072244234202,0.12684782784797036,-0.5,8
2023-11-16,AAPL,-0.022656991901025398,0.1950968665153711,-0.5,8
2023-11-17,AAPL,-0.021698200117857485,0.005937586537081492,-0.5,8
2023-11-20,AAPL,-0.03219826505492399,0.18953952102210458,-0.5,8
2023-11-21,AAPL,-0.04651528568702047,0.5516037308389922,-0.5,8
2023-11-22,AAPL,-0.04651528568702047,0.2803085341008411,-0.5,8
2023-11-24,AAPL,-0.04309320689973656,0.3084309041955725,-0.5,8
2023-11-27,AAPL,-0.040076103594536235,0.23472942252837548,-0.5,8
2023-11-28,AAPL,-0.02742953047747642,0.125693401477392,-0.5,8
2023-11-29,AAPL,-0.03956394070837792,0.2096288787900294,-0.5,8
2023-11-30,AAPL,-0.026720359879886788,0.24669958445011736,-0.5,8
2023-12-01,AAPL,-0.01592188514233966,0.02239946283975842,-0.5,8
2023-12-04,AAPL,-0.036162730429947755,0.7676764126645268,-0.5,8
2023-12-05,AAPL,-0.035789959123923916,0.752742425888227,-0.5,8
2023-12-06,AAPL,-0.036493423128560694,0.6338453745531734,-0.5,8
2023-12-07,AAPL,-0.03589503641935284,0.3793750141077319,-0.5,8
2023-12-08,AAPL,-0.03429718500920962,0.20301221774821185,-0.5,8
2023-12-11,AAPL,-0.03405809687357574,0.02166472954876171,-0.5,8
2023-12-12,AAPL,-0.032879160732455275,0.11494511840192509,-0.5,8
2023-12-13,AAPL,-0.03225069760762601,0.4613035363367833,-0.5,8
2023-12-14,AAPL,-0.033447128352617934,0.548394085588112,-0.5,8
2023-12-15,AAPL,-0.03290022877900443,0.43098353349752616,-0.5,8
2023-12-18,AAPL,-0.03290022363620284,0.22557605272193954,-0.5,8
2023-12-19,AAPL,-0.033621598828837466,0.24504726277741462,-0.5,8
2023-12-20,AAPL,-0.030079338102773977,0.21257468608576552,-0.5,8
2023-12-21,AAPL,-0.030241226767243563,-0.16044224569551663,-0.5,8
2023-12-22,AAPL,-0.030897476552813604,-0.2291207925158249,-0.5,8
2023-12-26,AAPL,-0.033636289189304495,-0.30486875245099554,-0.5,8
2023-12-27,AAPL,-0.030897476552813604,-0.27887962127626065,-0.5,8
2023-12-28,AAPL,-0.027493684235289504,-0.13700242667428472,-0.5,8
2023-12-29,AAPL,-0.02080840762636418,-0.31333234436309,-0.5,8
2023-07-03,AMZN,0.007488034649253132,-0.24525093896816424,-0.5,8
2023-07-05,AMZN,0.008690465663795473,-0.4028570732609924,-0.5,8
2023-07-06,AMZN,0.0048875438650542195,-0.57709338726538,-0.5,8
2023-07-07,AMZN,0.0057111880431851515,-0.12075501823526602,-0.5,8
2023-07-10,AMZN,0.00494419233296929,-0.6672320334564877,-0.5,8
2023-07-11,AMZN,0.006031388827666164,-0.5487446308627182,-0.5,8
2023-07-12,AMZN,0.006765871178489022,-0.5414540147124822,-0.5,8
2023-07-13,AMZN,0.006521996832248473,-0.3521904033283831,-0.5,8
2023-07-14,AMZN,0.005531349362697995,0.04435804707789415,-0.5,8
2023-07-17,AMZN,0.0037599192300563915,-0.18538285619657346,-0.5,8
2023-07-18,AMZN,0.004149862269702957,-0.19645960781958938,-0.5,8
2023-07-19,AMZN,0.005582194228564749,0.2615030476338718,-0.5,8
2023-07-20,AMZN,-0.0002502908848202705,-0.13073993205410783,-0.5,8
2023-07-21,AMZN,0.002906413721579266,-1.0240528950755268,-0.5,8
2023-07-24,AMZN,0.0027137343528674776,-1.227707525949924,-0.5,8
2023-07-25,AMZN,0.002308298153384095,-1.3254177887853928,-0.5,8
2023-07-26,AMZN,0.002293411468119165,-1.7278041799847856,-0.5,8
2023-07-27,AMZN,4.664592651680449e-05,-1.6419833879372674,-0.5,8
2023-07-28,AMZN,0.0038626191305619847,-1.5085214183569713,-0.5,8
2023-07-31,AMZN,0.004697619597751089,-1.1897543210141728,-0.5,8
2023-08-01,AMZN,0.0032305727516009643,-1.4345456879842522,-0.5,8
2023-08-02,AMZN,0.0005082647586126251,-1.6520050143027707,-0.5,8
2023-08-03,AMZN,0.004443105950293822,-0.7950271487541066,-0.5,8
2023-08-04,AMZN,-0.014603618042999264,0.9952038008320343,-0.5,8
2023-08-07,AMZN,-0.01324390069206446,1.273391623082362,-0.5,8
2023-08-08,AMZN,-0.010320976710633338,1.0683807693425453,-0.5,8
2023-08-09,AMZN,-0.006772295882731327,1.0604491852968536,-0.5,8
2023-08-10,AMZN,0.0029870156357420657,0.7493853953291671,-0.5,8
2023-08-11,AMZN,-0.00953370561622602,0.8969656329363894,-0.5,8
2023-08-14,AMZN,-0.006317446077116165,1.1514700702036031,-0.5,8
2023-08-15,AMZN,0.0006264559428541862,1.1638007351026172,-0.5,8
2023-08-16,AMZN,0.0019543531844021466,0.7228944665811757,-0.5,8
2023-08-17,AMZN,-0.008792330704542052,1.0042955153632978,-0.5,8
2023-08-18,AMZN,-0.01740763887943314,1.2252232426394984,-0.5,8
2023-08-21,AMZN,-0.015124233458457667,1.1013859489076798,-0.5,8
2023-08-22,AMZN,-0.012524117050844927,1.1798501136642845,-0.5,8
2023-08-23,AMZN,-0.008940268861593005,1.2063244589935282,-0.5,8
2023-08-24,AMZN,-0.013192265895543289,1.186814954684976,-0.5,8
2023-08-25,AMZN,-0.005651716203658867,0.9509640948708656,-0.5,8
2023-08-28,AMZN,-0.012578078496999602,0.8031731067970871,-0.5,8
2023-08-29,AMZN,-0.010455784806131043,0.7927141561033099,-0.5,8
2023-08-30,AMZN,-0.011713209607825237,0.6044425261437637,-0.5,8
2023-08-31,AMZN,-0.006478346027932026,0.6152630766142433,-0.5,8
2023-09-01,AMZN,0.004529105168712606,-2.1435477830147427,-0.5,8
2023-09-05,AMZN,0.002624951744674316,-2.1887148530981015,-0.5,8
2023-09-06,AMZN,0.002830031523110636,-1.838265566419346,-0.5,8
2023-09-07,AMZN,0.0035799415397184888,-1.2246263810667868,-0.5,8
2023-09-08,AMZN,0.005617062272734124,-1.2910811458530957,-0.5,8
2023-09-11,AMZN,0.005859332206906959,-0.7688884117968313,-0.5,8
2023-09-12,AMZN,0.006820908582119389,-0.7849050301772054,-0.5,8
2023-09-13,AMZN,0.006364912165071543,-0.23372657546444908,-0.5,8
2023-09-14,AMZN,0.011660808821645764,-0.269872256495732,-0.5,8
2023-09-15,AMZN,0.007759859435543378,-0.5466320402563402,-0.5,8
2023-09-18,AMZN,0.004655974077505048,-0.37306462414475305,-0.5,8
2023-09-19,AMZN,0.010562008087002393,-0.5131464380188006,-0.5,8
2023-09-20,AMZN,0.008188037322951853,-0.33224512124356675,-0.5,8
2023-09-21,AMZN,-0.014373871910135064,-0.15889755513812318,-0.5,8
2023-09-22,AMZN,-0.002537650472079086,-0.3937178529682435,-0.5,8
2023-09-25,AMZN,-0.004722537176690954,-0.24365528260150462,-0.5,8
2023-09-26,AMZN,-0.010344703766386198,-0.47758552968772094,-0.5,8
2023-09-27,AMZN,-0.007817165005962504,-0.19970200507083366,-0.5,8
2023-09-28,AMZN,-0.008462377084938518,-0.2504636838592414,-0.5,8
2023-09-29,AMZN,0.006087232977018541,-1.0511397188365685,-0.5,8
2023-10-02,AMZN,-0.005006085244225316,-0.6627644885194373,-0.5,8
2023-10-03,AMZN,-0.008631690695062899,-0.7540603102252653,-0.5,8
2023-10-04,AMZN,-0.009205706669608727,-0.3535246911678441,-0.5,8
2023-10-05,AMZN,-0.004761332108573061,-0.9549241446092004,-0.5,8
2023-10-06,AMZN,-0.005829558795141526,-1.2455122126354057,-0.5,8
2023-10-09,AMZN,0.0005999958548245781,-1.860794625982899,-0.5,8
2023-10-10,AMZN,0.007150174521942384,-1.4405123509934967,-0.5,8
2023-10-11,AMZN,0.014252801652820744,-1.6433040500749017,-0.5,8
2023-10-12,AMZN,0.011546816312858213,-0.9689412235598968,-0.5,8
2023-10-13,AMZN,0.012998516444026886,-0.8552244460136998,-0.5,8
2023-10-16,AMZN,0.001087809808974708,-0.8038617002022258,-0.5,8
2023-10-17,AMZN,0.003994948191380324,-0.7960349443605756,-0.5,8
2023-10-18,AMZN,-0.007750089012633457,-0.5912624408922365,-0.5,8
2023-10-19,AMZN,0.0017838446639697866,-0.15568834450022595,-0.5,8
2023-10-20,AMZN,-0.001600761341201916,-0.14923923919349225,-0.5,8
2023-10-23,AMZN,0.0034261459418103795,-0.21984231490423436,-0.5,8
2023-10-24,AMZN,0.0051822530293790395,0.23063157669439904,-0.5,8
2023-10-25,AMZN,-0.012547336274163873,0.06582116567249151,-0.5,8
2023-10-26,AMZN,-0.013994521174579139,0.39404587527206114,-0.5,8
2023-10-27,AMZN,-0.012612576192666739,1.098727455443934,-0.5,8
2023-10-30,AMZN,-0.011261704079495715,1.29723937425475,-0.5,8
2023-10-31,AMZN,-0.012043907224984418,1.456464110320848,-0.5,8
2023-11-01,AMZN,-0.00803449327031895,1.4253901970650633,-0.5,8
2023-11-02,AMZN,-0.010045475993013975,1.556826728994654,-0.5,8
2023-11-03,AMZN,-0.012497686397132285,1.5711394723033243,-0.5,8
2023-11-06,AMZN,-0.008900558102182888,1.424238291060947,-0.5,8
2023-11-07,AMZN,-0.015310468985418296,1.4778259085083376,-0.5,8
2023-11-08,AMZN,-0.01007477665224621,1.3286451028649993,-0.5,8
2023-11-09,AMZN,0.015040900892124353,0.8166782074736052,-0.5,8
2023-11-10,AMZN,-0.016450248308791812,1.197232692798415,-0.5,8
2023-11-13,AMZN,-0.008266204803140501,0.9827699855830189,-0.5,8
2023-11-14,AMZN,-0.0020529693198621693,0.8198566002390696,-0.5,8
2023-11-15,AMZN,-0.015018918109163162,0.7897509535714288,-0.5,8
2023-11-16,AMZN,-0.015018918109163162,0.3756800852031189,-0.5,8
2023-11-17,AMZN,-0.01684878809514895,0.5865887473024967,-0.5,8
2023-11-20,AMZN,-0.016559234916672844,0.41888419327687265,-0.5,8
2023-11-21,AMZN,-0.015528938676427777,0.21177226313437164,-0.5,8
2023-11-22,AMZN,-0.029255834862490882,0.9194110460577621,-0.5,8
2023-11-24,AMZN,-0.022570457587185587,0.8236298931588093,-0.5,8
2023-11-27,AMZN,-0.005932425947429322,0.09476832619118922,-0.5,8
2023-11-28,AMZN,0.0008472722127781455,-0.513413183430548,-0.5,8
2023-11-29,AMZN,-0.006763786618691412,-0.5330761799794492,-0.5,8
2023-11-30,AMZN,0.01187984445269764,-1.0572278538863367,-0.5,8
2023-12-01,AMZN,0.013093378149411663,-0.6161013591286242,-0.5,8
2023-12-04,AMZN,0.003128251921474218,-0.33525341134716224,-0.5,8
2023-12-05,AMZN,0.0039045908806100743,-0.31419491413776296,-0.5,8
2023-12-06,AMZN,0.003294305275519662,-0.6109185812843881,-0.5,8
2023-12-07,AMZN,0.0047745230065114035,-0.5520665772128881,-0.5,8
2023-12-08,AMZN,0.004276327232718744,-0.6604243809387609,-0.5,8
2023-12-11,AMZN,0.0034716464953056104,-0.7691246658728215,-0.5,8
2023-12-12,AMZN,0.005979409686796597,-0.6722227943382815,-0.5,8
2023-12-13,AMZN,0.006091450983853476,-0.3545313785075127,-0.5,8
2023-12-14,AMZN,0.004604269251233772,-0.14102244862760954,-0.5,8
2023-12-15,AMZN,0.007485865949278103,0.18300885953298143,-0.5,8
2023-12-18,AMZN,0.0068649670398071745,0.34834254306269286,-0.5,8
2023-12-19,AMZN,0.005874178642861964,0.30915705346712435,-0.5,8
2023-12-20,AMZN,0.006860755421605743,0.4848545324085489,-0.5,8
2023-12-21,AMZN,0.0077949072782553365,0.015138627826038087,-0.5,8
2023-12-22,AMZN,0.005874178642861964,-0.1274190881884012,-0.5,8
2023-12-26,AMZN,0.0076640605025006785,-0.3617230531325013,-0.5,8
2023-12-27,AMZN,0.005133958187838794,-0.11589888069909712,-0.5,8
2023-12-28,AMZN,0.008846350371462725,0.046530371658203826,-0.5,8
2023-12-29,AMZN,0.012907866524601469,-0.08886949035415048,-0.5,8
2023-07-03,GOOGL,0.0069674739286499,-2.0629350229827335,-0.5,8
2023-07-05,GOOGL,0.00934335229606748,-1.7988065462438465,-0.5,8
2023-07-06,GOOGL,0.008898351313619341,-1.8925313243868198,-0.5,8
2023-07-07,GOOGL,0.00571419093316374,-1.6010639221591831,-0.5,8
2023-07-10,GOOGL,0.009267674348444,-2.020954431312454,-0.5,8
2023-07-11,GOOGL,0.008165259088005961,-2.0266047856856333,-0.5,8
2023-07-12,GOOGL,0.008822073097088443,-1.6940870982207645,-0.5,8
2023-07-13,GOOGL,0.00853586592475306,-1.168889438498683,-0.5,8
2023-07-14,GOOGL,0.012679347447323793,-0.9162824365024116,-0.5,8
2023-07-17,GOOGL,0.010634953863248335,-1.1851702553945018,-0.5,8
2023-07-18,GOOGL,0.0107751058635955,-1.1612160679993466,-0.5,8
2023-07-19,GOOGL,0.008885638108026669,-1.4532800225677664,-0.5,8
2023-07-20,GOOGL,0.0043260474777753665,-1.5946048358873903,-0.5,8
2023-07-21,GOOGL,0.010340724903350577,-1.933469409595229,-0.5,8
2023-07-24,GOOGL,0.012363957578974242,-1.4912000075134126,-0.5,8
2023-07-25,GOOGL,0.012730485662981824,-1.0881773786839006,-0.5,8
2023-07-26,GOOGL,-0.012267907088727818,0.9917209163379374,-0.5,8
2023-07-27,GOOGL,-0.00452098411557178,0.30662622073567114,-0.5,8
2023-07-28,GOOGL,-0.01546725931651886,0.5687291683188211,-0.5,8
2023-07-31,GOOGL,-0.014521993427129133,0.8572317031717789,-0.5,8
2023-08-01,GOOGL,-0.01288953658570588,0.8346950650989597,-0.5,8
2023-08-02,GOOGL,-0.005130508147519234,0.47979458208469516,-0.5,8
2023-08-03,GOOGL,-0.0038077400568560676,0.792972347538719,-0.5,8
2023-08-04,GOOGL,-0.011462809008416697,0.8281075345196806,-0.5,8
2023-08-07,GOOGL,-0.013149554764271086,1.4215054187579712,-0.5,8
2023-08-08,GOOGL,-0.010884217051460362,1.5795523586012548,-0.5,8
2023-08-09,GOOGL,-0.014784984465965252,1.981201260343882,-0.5,8
2023-08-10,GOOGL,0.0069038505293320404,0.7732030352354706,-0.5,8
2023-08-11,GOOGL,0.0007405443126080734,0.7169909958040982,-0.5,8
2023-08-14,GOOGL,0.0023992921450354406,0.9114098631577516,-0.5,8
2023-08-15,GOOGL,0.001395059240645281,1.2977452376464433,-0.5,8
2023-08-16,GOOGL,0.006143464595584758,1.382251475991962,-0.5,8
2023-08-17,GOOGL,-0.007010482150330987,1.6818363710831106,-0.5,8
2023-08-18,GOOGL,0.0032259238344399433,1.375554965667324,-0.5,8
2023-08-21,GOOGL,0.004518660847772778,0.9025624459427483,-0.5,8
2023-08-22,GOOGL,0.005969405631620388,0.9839067641258727,-0.5,8
2023-08-23,GOOGL,0.0077971836945220216,0.3042892448127609,-0.5,8
2023-08-24,GOOGL,0.00541230646890612,0.35550836947313774,-0.5,8
2023-08-25,GOOGL,0.004469928165437299,0.23702111257455094,-0.5,8
2023-08-28,GOOGL,0.005408155789042741,0.20041505788939895,-0.5,8
2023-08-29,GOOGL,0.00910724042393078,0.23070402615093788,-0.5,8
2023-08-30,GOOGL,0.004838911444055532,0.1188030870415433,-0.5,8
2023-08-31,GOOGL,0.004452422848174879,0.01564950692481626,-0.5,8
2023-09-01,GOOGL,0.005162566672302454,0.20636195706746185,-0.5,8
2023-09-05,GOOGL,0.006176819818615264,-0.527092099279541,-0.5,8
2023-09-06,GOOGL,0.00438693795897655,-0.5670717033046043,-0.5,8
2023-09-07,GOOGL,0.004488895841176703,-0.46757825418766463,-0.5,8
2023-09-08,GOOGL,0.00241699925805761,-0.08916690932371402,-0.5,8
2023-09-11,GOOGL,0.00241699925805761,-0.2521888301773809,-0.5,8
2023-09-12,GOOGL,0.005573942575232447,-0.11381815730067713,-0.5,8
2023-09-13,GOOGL,0.004579944351548588,-0.16155847493053915,-0.5,8
2023-09-14,GOOGL,0.01101726487461789,-0.2251988479399935,-0.5,8
2023-09-15,GOOGL,0.009157144077774591,-0.43086792406836405,-0.5,8
2023-09-18,GOOGL,-0.001374323762945641,0.3020749001587854,-0.5,8
2023-09-19,GOOGL,0.010079037251012451,0.3927170997458349,-0.5,8
2023-09-20,GOOGL,0.003929731031459108,0.3346599265643221,-0.5,8
2023-09-21,GOOGL,0.005177347069284414,0.09309688353012652,-0.5,8
2023-09-22,GOOGL,0.0019143661376532877,-0.06736606125794353,-0.5,8
2023-09-25,GOOGL,4.761673902840189e-07,0.19642699261700614,-0.5,8
2023-09-26,GOOGL,0.0020762548021228742,-0.024143961375805212,-0.5,8
2023-09-27,GOOGL,4.761673902840189e-07,0.4011043971313415,-0.5,8
2023-09-28,GOOGL,4.761673902840189e-07,0.3660841217312432,-0.5,8
2023-09-29,GOOGL,-0.00034522950140267807,0.1257084451117818,-0.5,8
2023-10-02,GOOGL,0.0015193712089736275,1.0041105288735908,-0.5,8
2023-10-03,GOOGL,0.00011629130908123614,1.1474374686616473,-0.5,8
2023-10-04,GOOGL,0.00404231095943272,1.4183338778448251,-0.5,8
2023-10-05,GOOGL,0.004929646397202935,0.9466973253376905,-0.5,8
2023-10-06,GOOGL,0.007105487727948698,0.7766618779793459,-0.5,8
2023-10-09,GOOGL,0.008521398856112269,0.7281140410482766,-0.5,8
2023-10-10,GOOGL,0.012521707992677602,0.90385031579772,-0.5,8
2023-10-11,GOOGL,0.013505674247920253,0.8167066493359463,-0.5,8
2023-10-12,GOOGL,0.012769169159159472,0.5790249997270634,-0.5,8
2023-10-13,GOOGL,0.012246401919569019,0.4301132926917642,-0.5,8
2023-10-16,GOOGL,0.0075914071121687896,0.19340190283204073,-0.5,8
2023-10-17,GOOGL,0.007221238526111014,0.6680088821752754,-0.5,8
2023-10-18,GOOGL,0.004359928948081488,0.8793243040892011,-0.5,8
2023-10-19,GOOGL,0.0031669686822102983,1.0725334889672382,-0.5,8
2023-10-20,GOOGL,0.0015122665324877706,1.2123239637255419,-0.5,8
2023-10-23,GOOGL,0.002288605491623624,1.217225412084935,-0.5,8
2023-10-24,GOOGL,0.0027877602604636626,1.221660359897012,-0.5,8
2023-10-25,GOOGL,-0.009741931475393841,-0.0386029617546873,-0.5,8
2023-10-26,GOOGL,-0.005906093886502588,-0.35416930781667344,-0.5,8
2023-10-27,GOOGL,-0.014367636519759183,0.07184901139477384,-0.5,8
2023-10-30,GOOGL,-0.006348416323513329,-0.21215499180727262,-0.5,8
2023-10-31,GOOGL,-0.013608041450014086,-0.2766932708871428,-0.5,8
2023-11-01,GOOGL,-0.008363802456785103,-0.46877887974970384,-0.5,8
2023-11-02,GOOGL,-0.012350766034394056,-0.6599068465469917,-0.5,8
2023-11-03,GOOGL,-0.010125886441202065,-1.050273021306372,-0.5,8
2023-11-06,GOOGL,-0.008613957923373787,-0.9109894919088155,-0.5,8
2023-11-07,GOOGL,-0.015509810963268067,-0.7440177530455795,-0.5,8
2023-11-08,GOOGL,-0.004247768201926223,-1.0722563705286823,-0.5,8
2023-11-09,GOOGL,-0.005741581043487704,-1.0122108522614306,-0.5,8
2023-11-10,GOOGL,-0.0038973273290815458,-1.0338309496435039,-0.5,8
2023-11-13,GOOGL,-0.005833824325392858,-0.810110530487216,-0.5,8
2023-11-14,GOOGL,-0.005351526363270086,-1.0144405072642029,-0.5,8
2023-11-15,GOOGL,0.003297755494585479,-1.5854440552959872,-0.5,8
2023-11-16,GOOGL,0.0018628456867266887,-1.3727273177867816,-0.5,8
2023-11-17,GOOGL,-0.012122157719924396,-1.2828800432443441,-0.5,8
2023-11-20,GOOGL,-0.009799961646122424,-1.1973767245102158,-0.5,8
2023-11-21,GOOGL,-0.009799961646122424,-1.4338029616102268,-0.5,8
2023-11-22,GOOGL,-0.006475150628197107,-0.5627380837004755,-0.5,8
2023-11-24,GOOGL,-0.0014872606583329648,-0.5760693892381743,-0.5,8
2023-11-27,GOOGL,-0.0005314845603306269,-0.6278660577880293,-0.5,8
2023-11-28,GOOGL,0.008131748017129108,-0.7157046265531722,-0.5,8
2023-11-29,GOOGL,-0.00172756790044242,-0.7981284614053086,-0.5,8
2023-11-30,GOOGL,0.006682849928058887,-1.2883848309674557,-0.5,8
2023-12-01,GOOGL,0.005279537365131345,-1.022889744049949,-0.5,8
2023-12-04,GOOGL,0.0008691486911205595,-1.1870790596008616,-0.5,8
2023-12-05,GOOGL,0.0003416661736574616,-1.1419706333094217,-0.5,8
2023-12-06,GOOGL,-0.000688804731853133,-0.8990086487751373,-0.5,8
2023-12-07,GOOGL,0.00033694650547687766,-0.4257481460664536,-0.5,8
2023-12-08,GOOGL,0.0020970686086334623,-0.807964121429853,-0.5,8
2023-12-11,GOOGL,0.0018100880536127352,-0.8963628149525108,-0.5,8
2023-12-12,GOOGL,0.0016481993891431484,-1.0846668488298155,-0.5,8
2023-12-13,GOOGL,0.001307009382875972,-0.6952958101012174,-0.5,8
2023-12-14,GOOGL,0.0024596024064927357,-0.7361471079174872,-0.5,8
2023-12-15,GOOGL,0.004180781199017601,-0.9530758907899859,-0.5,8
2023-12-18,GOOGL,0.006383680204874486,-0.6131949259395273,-0.5,8
2023-12-19,GOOGL,0.007318967841569924,-0.6158683628731737,-0.5,8
2023-12-20,GOOGL,0.007318967841569924,-0.31030036732818367,-0.5,8
2023-12-21,GOOGL,0.004929179771476281,-0.5364929502942494,-0.5,8
2023-12-22,GOOGL,0.0032409827237181526,-0.27530252441086145,-0.5,8
2023-12-26,GOOGL,0.004717864473786545,-0.3498560063599526,-0.5,8
2023-12-27,GOOGL,0.004717864473786545,-0.4593589475541454,-0.5,8
2023-12-28,GOOGL,0.012521707992677602,-0.17616416699450166,-0.5,8
2023-12-29,GOOGL,0.012769169159159472,0.1870353432572346,-0.5,8
2023-07-03,INTC,-0.026984104217654577,1.0917327010703433,-0.5,8
2023-07-05,INTC,-0.019905491463734912,1.2351337915811866,-0.5,8
2023-07-06,INTC,-0.023660243361557046,0.6096415371679553,-0.5,8
2023-07-07,INTC,-0.023189027130983364,-0.08414438274314695,-0.5,8
2023-07-10,INTC,-0.024934662225207765,0.2904515260153245,-0.5,8
2023-07-11,INTC,-0.025930137976333034,0.6394472294759564,-0.5,8
2023-07-12,INTC,-0.015576054152133373,-0.04324716789438526,-0.5,8
2023-07-13,INTC,-0.01767354002219962,-0.6068725974663154,-0.5,8
2023-07-14,INTC,-0.020254754222738643,-1.3767021073142072,-0.5,8
2023-07-17,INTC,-0.012699882843418938,-1.146683351755521,-0.5,8
2023-07-18,INTC,-0.0158092071781817,-1.2830262259298826,-0.5,8
2023-07-19,INTC,-0.015090787510408666,-0.8821968741974079,-0.5,8
2023-07-20,INTC,-0.03010009783383963,0.030688302998712003,-0.5,8
2023-07-21,INTC,-0.02540005908791535,0.922080251280111,-0.5,8
2023-07-24,INTC,-0.03099984105740139,0.0791767612892435,-0.5,8
2023-07-25,INTC,-0.03131937416914631,-0.3666421881163842,-0.5,8
2023-07-26,INTC,-0.0358425525943738,-0.5087445616641667,-0.5,8
2023-07-27,INTC,-0.023525885151090324,-0.20265209955386113,-0.5,8
2023-07-28,INTC,-0.0077353577115796416,0.4464848598585154,-0.5,8
2023-07-31,INTC,-0.004067186089020446,-0.1423035546753836,-0.5,8
2023-08-01,INTC,-0.004931844358503956,-0.07671441448701244,-0.5,8
2023-08-02,INTC,-0.020152966920366625,1.1565639657758597,-0.5,8
2023-08-03,INTC,-0.00020593318118881219,1.0885852550843742,-0.5,8
2023-08-04,INTC,-0.005142566285252547,1.1828649839098424,-0.5,8
2023-08-07,INTC,-0.014311421975486476,0.7652479021380985,-0.5,8
2023-08-08,INTC,-0.013442709961696655,0.7524968972787376,-0.5,8
2023-08-09,INTC,-0.015952380375265026,0.8142063688223182,-0.5,8
2023-08-10,INTC,-0.016557245866980878,1.3653046115510747,-0.5,8
2023-08-11,INTC,-0.02378762062921681,1.669091545935705,-0.5,8
2023-08-14,INTC,-0.01986836568794443,1.3961929367140402,-0.5,8
2023-08-15,INTC,-0.017366947354456857,1.2956203908673811,-0.5,8
2023-08-16,INTC,-0.020778768633047874,1.0137669520551194,-0.5,8
2023-08-17,INTC,-0.02071138828085383,0.619102627515138,-0.5,8
2023-08-18,INTC,-0.018430155860265918,0.43030794575093745,-0.5,8
2023-08-21,INTC,-0.02072045390861991,0.49157507171660975,-0.5,8
2023-08-22,INTC,-0.027583129512760627,0.4948254098555265,-0.5,8
2023-08-23,INTC,-0.020676524968977594,0.4740925797726692,-0.5,8
2023-08-24,INTC,-0.019828203742645333,0.00562260950263288,-0.5,8
2023-08-25,INTC,-0.021489645478318588,-0.4185657327833822,-0.5,8
2023-08-28,INTC,-0.021281641532801814,0.16360934097409463,-0.5,8
2023-08-29,INTC,-0.01606491866189067,0.011242240129276937,-0.5,8
2023-08-30,INTC,-0.02463534032897601,0.3695267198444251,-0.5,8
2023-08-31,INTC,-0.012113973719860964,-0.5481400484572851,-0.5,8
2023-09-01,INTC,-0.014902168938465141,0.22936774787082087,-0.5,8
2023-09-05,INTC,-0.0174586993354276,0.41713796489167254,-0.5,8
2023-09-06,INTC,-0.009499820358188981,0.5184798128378298,-0.5,8
2023-09-07,INTC,-0.0037513265852871713,0.9904181290285154,-0.5,8
2023-09-08,INTC,-0.006206807778980804,1.0597250588862714,-0.5,8
2023-09-11,INTC,0.002462148296989045,0.678887529938858,-0.5,8
2023-09-12,INTC,-0.00020426571675405628,1.4749565187548677,-0.5,8
2023-09-13,INTC,-0.0004987845281524252,1.3178298109359081,-0.5,8
2023-09-14,INTC,0.008817155610471581,1.2810710019807479,-0.5,8
2023-09-15,INTC,0.00072421226783162,1.408628285233455,-0.5,8
2023-09-18,INTC,-0.001012384668145901,1.467818910380157,-0.5,8
2023-09-19,INTC,-0.008285078169488033,1.233545948643777,-0.5,8
2023-09-20,INTC,-0.029738482518067703,1.459422725263508,-0.5,8
2023-09-21,INTC,-0.029630822311742362,1.5124924813750014,-0.5,8
2023-09-22,INTC,-0.01526611529393264,1.2214373417486295,-0.5,8
2023-09-25,INTC,-0.017833523512030894,1.2324322569337924,-0.5,8
2023-09-26,INTC,-0.017340324871972602,1.1880197830865185,-0.5,8
2023-09-27,INTC,-0.015045632848726417,1.708110801498211,-0.5,8
2023-09-28,INTC,-0.01427605375627963,1.7067907482460454,-0.5,8
2023-09-29,INTC,-0.009575941363021583,1.6473170189753747,-0.5,8
2023-10-02,INTC,-0.025306012827603,1.025321860628463,-0.5,8
2023-10-03,INTC,-0.025192270546678382,1.7763345699405593,-0.5,8
2023-10-04,INTC,-0.020546816487047384,1.025248433284465,-0.5,8
2023-10-05,INTC,-0.018832957259054737,0.12326948049236885,-0.5,8
2023-10-06,INTC,-0.020470357440991148,-0.09487283021545495,-0.5,8
2023-10-09,INTC,-0.02211690031632816,-0.25146211101471627,-0.5,8
2023-10-10,INTC,-0.010884886498374706,-0.48048984488685637,-0.5,8
2023-10-11,INTC,-0.010884886498374706,-0.10372863076776401,-0.5,8
2023-10-12,INTC,-0.010567054750298246,0.40849900086612534,-0.5,8
2023-10-13,INTC,-0.020829247223220552,0.42901133555252213,-0.5,8
2023-10-16,INTC,-0.023079382925141004,0.1139634696476804,-0.5,8
2023-10-17,INTC,-0.018029179452690818,0.72684003977149,-0.5,8
2023-10-18,INTC,-0.01988826517805631,1.278189037028217,-0.5,8
2023-10-19,INTC,-0.0200501538425259,1.0196005124533283,-0.5,8
2023-10-20,INTC,-0.01834514628763372,1.1727535387699435,-0.5,8
2023-10-23,INTC,-0.012598487870345525,0.4738198708549565,-0.5,8
2023-10-24,INTC,-0.018848380598393916,0.6272201639057517,-0.5,8
2023-10-25,INTC,-0.02013732822137633,0.026802390702124423,-0.5,8
2023-10-26,INTC,-0.015744294984350312,-0.027130588208282347,-0.5,8
2023-10-27,INTC,-0.025049756294987294,1.2797664956427992,-0.5,8
2023-10-30,INTC,-0.02457718549908473,1.3002926340632057,-0.5,8
2023-10-31,INTC,-0.025106056457884735,1.1176988299642612,-0.5,8
2023-11-01,INTC,-0.020019674199635653,1.12851438168307,-0.5,8
2023-11-02,INTC,-0.020471204397066057,1.0829013446496656,-0.5,8
2023-11-03,INTC,-0.01863942785732592,1.1947108441636147,-0.5,8
2023-11-06,INTC,-0.016258612386154024,1.024520573012041,-0.5,8
2023-11-07,INTC,-0.010353835235582544,0.9088719489419643,-0.5,8
2023-11-08,INTC,-0.02089626984044857,0.7381735091259768,-0.5,8
2023-11-09,INTC,-0.021813344420735434,0.8083810230754205,-0.5,8
2023-11-10,INTC,-0.012674978857265783,0.8203469433987903,-0.5,8
2023-11-13,INTC,-0.012578087634723262,0.6759105548086677,-0.5,8
2023-11-14,INTC,-0.0028758422521386402,0.6773195106887285,-0.5,8
2023-11-15,INTC,0.004917760582711698,0.7410825072369237,-0.5,8
2023-11-16,INTC,-0.013816119735558458,1.596863381236764,-0.5,8
2023-11-17,INTC,-0.016262869948388308,1.6616683650916237,-0.5,8
2023-11-20,INTC,0.043777395897789076,1.225338144172794,-0.5,8
2023-11-21,INTC,-0.014132736200983336,1.8907248741619134,-0.5,8
2023-11-22,INTC,0.010680321638860622,1.5663604495869192,-0.5,8
2023-11-24,INTC,-0.0004407638649940239,1.7153104880125967,-0.5,8
2023-11-27,INTC,-0.021703433534149528,1.749416423289845,-0.5,8
2023-11-28,INTC,-0.009557201783874477,1.6671664352470625,-0.5,8
2023-11-29,INTC,-0.02936597057783905,1.9570418299427026,-0.5,8
2023-11-30,INTC,-0.024021871269545778,2.2219203090941297,-0.5,8
2023-12-01,INTC,-0.0019281523016654617,1.2711440073391622,-0.5,8
2023-12-04,INTC,-0.012966184730019618,1.271567187685046,-0.5,8
2023-12-05,INTC,-0.016353132893227647,0.9693877778894524,-0.5,8
2023-12-06,INTC,-0.00013196132271213004,0.2985852835402331,-0.5,8
2023-12-07,INTC,-0.012875295684651778,0.8727518388059149,-0.5,8
2023-12-08,INTC,-0.013659116875940696,0.7466157825173261,-0.5,8
2023-12-11,INTC,-0.02403967443178483,1.388460468103372,-0.5,8
2023-12-12,INTC,-0.01750306324935652,1.4007229888279844,-0.5,8
2023-12-13,INTC,-0.018624903113177743,1.338839090793178,-0.5,8
2023-12-14,INTC,-0.01578213425723043,1.1037952463565592,-0.5,8
2023-12-15,INTC,-0.011606735962828026,0.5700334747336334,-0.5,8
2023-12-18,INTC,0.0004022878268029916,0.09902078868954514,-0.5,8
2023-12-19,INTC,-0.004629124153478623,0.233350086915641,-0.5,8
2023-12-20,INTC,9.577924891716706e-05,0.39959936814329544,-0.5,8
2023-12-21,INTC,-0.012429297294286823,0.6872143856745813,-0.5,8
2023-12-22,INTC,-0.028158121542009307,0.9479277165000246,-0.5,8
2023-12-26,INTC,-0.025082246995235192,1.5136760802105491,-0.5,8
2023-12-27,INTC,-0.006828960305001733,1.8317644895100051,-0.5,8
2023-12-28,INTC,-0.010548272701281189,1.6865620574061189,-0.5,8
2023-12-29,INTC,-0.006526152262005968,1.733995957619916,-0.5,8
2023-07-03,MSFT,-0.037662126021259325,-0.06337477386712226,-0.5,8
2023-07-05,MSFT,-0.03730196601959946,0.16371872936299997,-0.5,8
2023-07-06,MSFT,-0.036778617149568565,0.8409707169615253,-0.5,8
2023-07-07,MSFT,-0.03443810248796987,0.6289135278977999,-0.5,8
2023-07-10,MSFT,-0.03355534748774663,0.38400511409161936,-0.5,8
2023-07-11,MSFT,-0.034126012335286025,0.10739555135484935,-0.5,8
2023-07-12,MSFT,-0.04179637928925923,0.4728114879549778,-0.5,8
2023-07-13,MSFT,-0.04009544899828235,0.32486361773227607,-0.5,8
2023-07-14,MSFT,-0.039511101596196536,0.5022395507741739,-0.5,8
2023-07-17,MSFT,-0.0384797161737411,0.02624076972768452,-0.5,8
2023-07-18,MSFT,-0.047401067846450144,0.9189349111050575,-0.5,8
2023-07-19,MSFT,-0.03711448855936935,1.015443061000246,-0.5,8
2023-07-20,MSFT,-0.03796564725689441,0.9070673540141794,-0.5,8
2023-07-21,MSFT,-0.03594212297618402,0.3597390093828935,-0.5,8
2023-07-24,MSFT,-0.03898000149601576,0.5373418135361363,-0.5,8
2023-07-25,MSFT,-0.03876435928055086,0.9369352919918217,-0.5,8
2023-07-26,MSFT,-0.03416590954534491,-0.4996999326653295,-0.5,8
2023-07-27,MSFT,-0.03365070641658617,-0.8946655268612216,-0.5,8
2023-07-28,MSFT,-0.03961273111748516,-0.6416283652812692,-0.5,8
2023-07-31,MSFT,-0.03641432427490077,-0.7910983975445061,-0.5,8
2023-08-01,MSFT,-0.03645726111692756,-0.5666155282359719,-0.5,8
2023-08-02,MSFT,-0.028249553717928408,-0.9293816771368211,-0.5,8
2023-08-03,MSFT,-0.02655787195334802,-0.6341627974381598,-0.5,8
2023-08-04,MSFT,-0.0279040826876039,-0.24598757384183068,-0.5,8
2023-08-07,MSFT,-0.030490572381852158,0.09774842806186745,-0.5,8
2023-08-08,MSFT,-0.024453775151172714,0.13223230011140769,-0.5,8
2023-08-09,MSFT,-0.010377366018511473,-0.32117513485142896,-0.5,8
2023-08-10,MSFT,-0.011213866035987452,-0.24620634044855114,-0.5,8
2023-08-11,MSFT,-0.02204544978898256,-0.2121868195943064,-0.5,8
2023-08-14,MSFT,0.0015860426155937038,-0.740101647606684,-0.5,8
2023-08-15,MSFT,0.0060316465277908,-0.7382508982181663,-0.5,8
2023-08-16,MSFT,-0.01627089336844874,-0.07560331400757903,-0.5,8
2023-08-17,MSFT,0.01163990058312215,-0.7862010875129082,-0.5,8
2023-08-18,MSFT,0.01026997752702916,-0.6825261607596019,-0.5,8
2023-08-21,MSFT,0.003977010785943458,-0.5991353319920498,-0.5,8
2023-08-22,MSFT,-0.0248597517111169,-0.25612703257802005,-0.5,8
2023-08-23,MSFT,-0.0334569858935176,0.4238408734275443,-0.5,8
2023-08-24,MSFT,-0.019391416161043507,0.370286183659577,-0.5,8
2023-08-25,MSFT,-0.030615707466040157,0.6499023011195257,-0.5,8
2023-08-28,MSFT,-0.028541314207149383,0.7145106499879146,-0.5,8
2023-08-29,MSFT,-0.03498761955649055,0.7823403456307313,-0.5,8
2023-08-30,MSFT,-0.028551036268792553,0.47774614662330295,-0.5,8
2023-08-31,MSFT,-0.027861611571277818,-0.1625290384837651,-0.5,8
2023-09-01,MSFT,-0.026454766022303667,-0.6862143060982084,-0.5,8
2023-09-05,MSFT,-0.03245998100416664,0.07788647943801352,-0.5,8
2023-09-06,MSFT,-0.027248866088329087,0.16416375655931634,-0.5,8
2023-09-07,MSFT,-0.03228488859967374,0.05798570761905611,-0.5,8
2023-09-08,MSFT,-0.034491306556393916,0.596618210307841,-0.5,8
2023-09-11,MSFT,-0.035204259484052876,0.6172839783728439,-0.5,8
2023-09-12,MSFT,-0.026581626021641835,0.5044153695382344,-0.5,8
2023-09-13,MSFT,-0.03230532735164484,0.5889145851299779,-0.5,8
2023-09-14,MSFT,-0.024488758354496123,0.36050538850522856,-0.5,8
2023-09-15,MSFT,-0.027838195572888996,0.2558225972410032,-0.5,8
2023-09-18,MSFT,-0.026372788967419167,0.2454963495319297,-0.5,8
2023-09-19,MSFT,-0.03139514310144654,0.5825006485755528,-0.5,8
2023-09-20,MSFT,-0.029043078145023767,0.23381077648737456,-0.5,8
2023-09-21,MSFT,-0.028871601055762943,0.6103526845778441,-0.5,8
2023-09-22,MSFT,-0.030128668342867426,0.5529687504650782,-0.5,8
2023-09-25,MSFT,-0.02539880510653854,0.3136916535260972,-0.5,8
2023-09-26,MSFT,-0.01758773675017756,0.1860845423961952,-0.5,8
2023-09-27,MSFT,0.009955469531935462,-0.28230368011218526,-0.5,8
2023-09-28,MSFT,0.011384480959921967,-0.3664903282336599,-0.5,8
2023-09-29,MSFT,0.006039422622061794,0.018929483617836418,-0.5,8
2023-10-02,MSFT,-0.0005689710919247829,0.7089143525337085,-0.5,8
2023-10-03,MSFT,0.014188009409041752,-0.4147629877331258,-0.5,8
2023-10-04,MSFT,0.007781174150559661,-0.1987583542415225,-0.5,8
2023-10-05,MSFT,0.011388971579977343,-0.023758435664448185,-0.5,8
2023-10-06,MSFT,0.00857012996938835,-0.11296733010704368,-0.5,8
2023-10-09,MSFT,0.007672458860732941,-0.10804742572755455,-0.5,8
2023-10-10,MSFT,0.02101356317366898,-0.04214908242259752,-0.5,8
2023-10-11,MSFT,0.002867037292016455,0.29012076417696436,-0.5,8
2023-10-12,MSFT,0.010086607602679112,0.17257216875332188,-0.5,8
2023-10-13,MSFT,0.0048057459150289165,0.4976806787482924,-0.5,8
2023-10-16,MSFT,-0.006602158612117915,0.642040188527094,-0.5,8
2023-10-17,MSFT,0.0013291647674416617,0.7586631232060244,-0.5,8
2023-10-18,MSFT,-0.0010342096010908242,0.9374724170212159,-0.5,8
2023-10-19,MSFT,-0.005189082348470047,0.8633427007213095,-0.5,8
2023-10-20,MSFT,-0.0022740022046590187,1.0685166326924698,-0.5,8
2023-10-23,MSFT,-0.00835749145633121,1.322144141119285,-0.5,8
2023-10-24,MSFT,-0.007335388932977875,1.040739847641756,-0.5,8
2023-10-25,MSFT,-0.04229905678451737,3.099770390528014,-0.5,8
2023-10-26,MSFT,-0.030466419744396712,2.799516214130249,-0.5,8
2023-10-27,MSFT,-0.036109768942884264,2.1775852012652583,-0.5,8
2023-10-30,MSFT,-0.03760543294580647,2.1695243760303455,-0.5,8
2023-10-31,MSFT,-0.03608767656977639,2.1008590787244366,-0.5,8
2023-11-01,MSFT,-0.03702174914058979,2.097930575174396,-0.5,8
2023-11-02,MSFT,-0.03386896297995251,1.944540660185143,-0.5,8
2023-11-03,MSFT,-0.03381367588295912,1.9747086501222917,-0.5,8
2023-11-06,MSFT,-0.0429620749173645,1.882780199504658,-0.5,8
2023-11-07,MSFT,-0.04208217780487653,1.7926639908733644,-0.5,8
2023-11-08,MSFT,-0.04435756775945802,2.1195424724331233,-0.5,8
2023-11-09,MSFT,-0.041432883734584675,2.126585922127222,-0.5,8
2023-11-10,MSFT,-0.045544106052523535,1.9246297792947735,-0.5,8
2023-11-13,MSFT,-0.04006940487392187,1.825096576878629,-0.5,8
2023-11-14,MSFT,-0.043167898164977056,1.468087048890824,-0.5,8
2023-11-15,MSFT,-0.02520483124095919,1.0622463194623568,-0.5,8
2023-11-16,MSFT,-0.030572236628320332,1.009599172414871,-0.5,8
2023-11-17,MSFT,-0.05094098577822839,0.9519472139179685,-0.5,8
2023-11-20,MSFT,-0.055137611992585225,0.908021584174019,-0.5,8
2023-11-21,MSFT,-0.054917909427703734,1.0561815910734573,-0.5,8
2023-11-22,MSFT,-0.06012902434354128,0.4212759782346174,-0.5,8
2023-11-24,MSFT,-0.047728151849966066,0.5152607755834692,-0.5,8
2023-11-27,MSFT,-0.059921960662029476,0.8893964798078211,-0.5,8
2023-11-28,MSFT,-0.051399307248287146,0.7774604477640252,-0.5,8
2023-11-29,MSFT,-0.05955179207597169,0.7501332010777509,-0.5,8
2023-11-30,MSFT,-0.0461881923324496,0.7229300275754013,-0.5,8
2023-12-01,MSFT,-0.07015586102141816,0.7718755322608866,-0.5,8
2023-12-04,MSFT,-0.09432228285732493,1.0309794622257955,-0.5,8
2023-12-05,MSFT,-0.10253051006126582,0.9474500064451551,-0.5,8
2023-12-06,MSFT,-0.09570259919807873,0.7528750022847884,-0.5,8
2023-12-07,MSFT,-0.10007125802313019,0.47463246771347817,-0.5,8
2023-12-08,MSFT,-0.10288705170578374,0.5658148779703782,-0.5,8
2023-12-11,MSFT,-0.09557684475347045,0.4555456958924551,-0.5,8
2023-12-12,MSFT,-0.10324721170744361,0.5524929573737098,-0.5,8
2023-12-13,MSFT,-0.09417525036821041,0.44268057603426764,-0.5,8
2023-12-14,MSFT,-0.09118460410372621,0.33717403483319136,-0.5,8
2023-12-15,MSFT,-0.09946755048645653,0.24248386620061935,-0.5,8
2023-12-18,MSFT,-0.1000190234845783,0.40517398145918854,-0.5,8
2023-12-19,MSFT,-0.09315844234513752,0.07547950973822659,-0.5,8
2023-12-20,MSFT,-0.0927490280401677,0.27246886014304916,-0.5,8
2023-12-21,MSFT,-0.10045012554216837,-0.015408790394690786,-0.5,8
2023-12-22,MSFT,-0.09633375790755093,-0.07415561056838893,-0.5,8
2023-12-26,MSFT,-0.09633375790755093,-0.14948849642468054,-0.5,8
2023-12-27,MSFT,-0.0936602020412274,-0.3418114507779001,-0.5,8
2023-12-28,MSFT,-0.07124666779469516,-0.3645476135410386,-0.5,8
2023-12-29,MSFT,-0.06842543219927369,-0.31178755094705146,-0.5,8
2023-07-03,NVDA,0.006227326712823981,0.4309682432770432,-0.5,8
2023-07-05,NVDA,0.003527500788495331,0.4711834057703086,-0.5,8
2023-07-06,NVDA,-0.014368767402559022,1.2890247366417855,-0.5,8
2023-07-07,NVDA,-0.01590756915509587,1.5048724038109178,-0.5,8
2023-07-10,NVDA,-0.020984538608418115,1.3474357134409856,-0.5,8
2023-07-11,NVDA,-0.01715062161492045,0.9227474982959788,-0.5,8
2023-07-12,NVDA,-0.014630024483303748,1.2286627794064964,-0.5,8
2023-07-13,NVDA,-0.02127953207643925,1.1955230186082293,-0.5,8
2023-07-14,NVDA,3.7373544353731493e-05,0.058259488559517125,-0.5,8
2023-07-17,NVDA,-0.01879657252517251,0.9785421040049738,-0.5,8
2023-07-18,NVDA,-0.0183182778841913,1.1101022411280075,-0.5,8
2023-07-19,NVDA,-0.0011464202648176775,0.4283855044682786,-0.5,8
2023-07-20,NVDA,-0.002058257934322766,0.338953656608796,-0.5,8
2023-07-21,NVDA,0.0026292057040798907,-0.09858707811298129,-0.5,8
2023-07-24,NVDA,0.0037450976947557583,0.3915253105299011,-0.5,8
2023-07-25,NVDA,-0.01345214187593502,1.7901272270228639,-0.5,8
2023-07-26,NVDA,-0.018684864630701185,0.9658122223023217,-0.5,8
2023-07-27,NVDA,-0.03198220839267495,1.9497315053478799,-0.5,8
2023-07-28,NVDA,-0.02623612924625666,1.495914017877073,-0.5,8
2023-07-31,NVDA,-0.023910748762006044,1.0361181221542077,-0.5,8
2023-08-01,NVDA,-0.026559436470676663,1.2359023161013134,-0.5,8
2023-08-02,NVDA,-0.0010270350472543926,0.0957692149480609,-0.5,8
2023-08-03,NVDA,3.154533544788904e-05,0.41540476015872785,-0.5,8
2023-08-04,NVDA,0.002730191829074388,-0.03562107553999544,-0.5,8
2023-08-07,NVDA,0.00045294723189772453,0.24273388794664436,-0.5,8
2023-08-08,NVDA,0.002528679020755987,0.10884165063191042,-0.5,8
2023-08-09,NVDA,0.002606648359358512,-0.6766572513503349,-0.5,8
2023-08-10,NVDA,0.0013753470361568092,-1.0298219740274661,-0.5,8
2023-08-11,NVDA,0.017934965568660005,-1.6677394473018783,-0.5,8
2023-08-14,NVDA,0.0029324948075687353,-0.7155290337460444,-0.5,8
2023-08-15,NVDA,0.0036681483126104622,-0.30579062140665525,-0.5,8
2023-08-16,NVDA,0.013718402291148754,-0.5763734783147463,-0.5,8
2023-08-17,NVDA,0.006330746788865276,-0.23983256654743074,-0.5,8
2023-08-18,NVDA,0.010601194946445723,0.06923003345542822,-0.5,8
2023-08-21,NVDA,0.007912523006977482,0.8019949455507641,-0.5,8
2023-08-22,NVDA,0.008361088596631403,0.10784931256613983,-0.5,8
2023-08-23,NVDA,0.005834920454871034,0.54414162868733,-0.5,8
2023-08-24,NVDA,0.013325555417238075,0.5787701521615372,-0.5,8
2023-08-25,NVDA,0.010807759766855636,0.17154242575474687,-0.5,8
2023-08-28,NVDA,0.007857612321083323,0.3857305978511231,-0.5,8
2023-08-29,NVDA,0.00047704703103424763,0.8575236154696968,-0.5,8
2023-08-30,NVDA,-0.015717641287485047,1.6069866521785334,-0.5,8
2023-08-31,NVDA,-0.020520216983798488,1.947370432815692,-0.5,8
2023-09-01,NVDA,-0.020786807429241362,1.906617506861141,-0.5,8
2023-09-05,NVDA,-0.015600227872259167,1.072034754245744,-0.5,8
2023-09-06,NVDA,-0.01588799917277098,0.6153046562051386,-0.5,8
2023-09-07,NVDA,-0.02228566709416818,0.924461340121742,-0.5,8
2023-09-08,NVDA,-0.01846088486861473,0.9547095331598184,-0.5,8
2023-09-11,NVDA,-0.021145057431084663,1.243615264179987,-0.5,8
2023-09-12,NVDA,-0.0007444843437881991,-0.09266735833204937,-0.5,8
2023-09-13,NVDA,0.0007263064164702557,-0.47665365801799175,-0.5,8
2023-09-14,NVDA,0.010162995312068187,-0.6524415246824775,-0.5,8
2023-09-15,NVDA,0.0011269280887271013,-0.9217154535726784,-0.5,8
2023-09-18,NVDA,0.0037168446502099197,-0.8966616344078457,-0.5,8
2023-09-19,NVDA,0.0008285812470976718,-1.8473319802356394,-0.5,8
2023-09-20,NVDA,0.002493682275826809,-1.8755558400912178,-0.5,8
2023-09-21,NVDA,0.00925125029061715,-2.3811211957898157,-0.5,8
2023-09-22,NVDA,-0.01369743949704142,-1.877365183938287,-0.5,8
2023-09-25,NVDA,-0.0186749677005044,-1.4345817539330763,-0.5,8
2023-09-26,NVDA,-0.01033835894388397,-1.7119457549106432,-0.5,8
2023-09-27,NVDA,0.006354988938174128,-2.0386489050147825,-0.5,8
2023-09-28,NVDA,0.004055130330400666,-1.8099237674419255,-0.5,8
2023-09-29,NVDA,0.00012366846219181274,-1.8990689365623847,-0.5,8
2023-10-02,NVDA,1.6409145881899197e-05,-1.3063077299487587,-0.5,8
2023-10-03,NVDA,-0.0004927064761344009,-1.380384522108897,-0.5,8
2023-10-04,NVDA,0.001207364572092517,-0.7233411518794637,-0.5,8
2023-10-05,NVDA,-0.0024077656166500063,0.3304316600283901,-0.5,8
2023-10-06,NVDA,-0.009322985500848313,1.0893657535025965,-0.5,8
2023-10-09,NVDA,-0.00614264907622594,0.9428996190991813,-0.5,8
2023-10-10,NVDA,-0.0006672952355546905,1.2567732099161084,-0.5,8
2023-10-11,NVDA,0.00317679966660347,1.106848498657578,-0.5,8
2023-10-12,NVDA,0.007326826013803968,1.163310228395897,-0.5,8
2023-10-13,NVDA,-0.0038775216298813264,1.44448554360864,-0.5,8
2023-10-16,NVDA,-0.010521675296736366,1.4756407712130004,-0.5,8
2023-10-17,NVDA,0.004447160607207535,0.6641386846229635,-0.5,8
2023-10-18,NVDA,-0.00695422992133085,0.44476176264437595,-0.5,8
2023-10-19,NVDA,-0.0052992899263762565,0.6575432597004226,-0.5,8
2023-10-20,NVDA,-0.004368450405838987,0.3970884852541541,-0.5,8
2023-10-23,NVDA,0.005976832958714616,0.7265901143880147,-0.5,8
2023-10-24,NVDA,0.004767031722081525,0.58100618990802,-0.5,8
2023-10-25,NVDA,0.008418453883828204,-0.19309546207808725,-0.5,8
2023-10-26,NVDA,0.005711921447268295,-0.5097525220980672,-0.5,8
2023-10-27,NVDA,0.009711939001068197,-0.465480177955457,-0.5,8
2023-10-30,NVDA,0.007690833017478819,-0.6218085915044816,-0.5,8
2023-10-31,NVDA,0.005602551030347192,-0.6619405862324161,-0.5,8
2023-11-01,NVDA,0.00764604439674865,-0.45027194395110276,-0.5,8
2023-11-02,NVDA,0.00883588293880594,-0.6360637942698735,-0.5,8
2023-11-03,NVDA,0.003761051471845098,-0.57286248172131,-0.5,8
2023-11-06,NVDA,0.002861792270177569,-0.018874124139064252,-0.5,8
2023-11-07,NVDA,0.0013589156372531392,-0.1879269766625913,-0.5,8
2023-11-08,NVDA,0.0001746882531486817,-0.2008055303541399,-0.5,8
2023-11-09,NVDA,0.0030558903690500448,-0.06908155642559723,-0.5,8
2023-11-10,NVDA,0.04011200996619832,-0.22194373418093744,-0.5,8
2023-11-13,NVDA,0.034517873483682675,0.05574281560580274,-0.5,8
2023-11-14,NVDA,0.031179322634810287,0.6167301455062183,-0.5,8
2023-11-15,NVDA,0.00033504648272652794,1.05219019111299,-0.5,8
2023-11-16,NVDA,-0.007129973025454298,0.9374509041890011,-0.5,8
2023-11-17,NVDA,-0.004551286694663891,0.6979613284009751,-0.5,8
2023-11-20,NVDA,-0.009426811307745251,0.49565197850696,-0.5,8
2023-11-21,NVDA,-0.006765406881976341,0.3395184383285019,-0.5,8
2023-11-22,NVDA,-0.029859867441909712,0.486759819142276,-0.5,8
2023-11-24,NVDA,-0.032370270834196205,0.5705030226091526,-0.5,8
2023-11-27,NVDA,-0.032254163648328026,1.0799704573398472,-0.5,8
2023-11-28,NVDA,-0.02279168030682906,0.6757168686470327,-0.5,8
2023-11-29,NVDA,-0.030990180882409693,1.1405298650872,-0.5,8
2023-11-30,NVDA,-0.026047304434893618,0.4505247853544896,-0.5,8
2023-12-01,NVDA,-0.0234870785235436,0.07035770506580828,-0.5,8
2023-12-04,NVDA,-0.025430606877323094,-0.6371217516949653,-0.5,8
2023-12-05,NVDA,-0.033082341466257416,-0.48602347463176965,-0.5,8
2023-12-06,NVDA,-0.02153054317807607,-0.6973524092559411,-0.5,8
2023-12-07,NVDA,-0.03406271882689533,-0.6343803180039623,-0.5,8
2023-12-08,NVDA,-0.03429243132986647,-0.7048099561763153,-0.5,8
2023-12-11,NVDA,-0.021206975368270115,-1.1359339969597015,-0.5,8
2023-12-12,NVDA,-0.034141127076757836,-0.9741754881039658,-0.5,8
2023-12-13,NVDA,-0.009188959597791502,-0.9169386503146211,-0.5,8
2023-12-14,NVDA,-0.008876805982220931,-0.5087032751762054,-0.5,8
2023-12-15,NVDA,-0.008876805982220931,-0.550593727841152,-0.5,8
2023-12-18,NVDA,-0.013774839352668785,-0.2271059766247454,-0.5,8
2023-12-19,NVDA,-0.0016796079664855087,-0.8774445672895067,-0.5,8
2023-12-20,NVDA,-0.006818149515069825,-0.9714378504247393,-0.5,8
2023-12-21,NVDA,-0.015096035713684204,-0.49421518369180856,-0.5,8
2023-12-22,NVDA,-0.007789131597589953,-0.38905488920287357,-0.5,8
2023-12-26,NVDA,-0.011351191443385228,-0.43984404066434596,-0.5,8
2023-12-27,NVDA,-0.005548209794340728,-0.18191936620075705,-0.5,8
2023-12-28,NVDA,-0.014966545856626942,-0.12177964133843983,-0.5,8
2023-12-29,NVDA,-0.019624929630007965,0.567292092558923,-0.5,8
2023-07-03,PFE,-0.014370539104177411,-1.7068840664689964,-0.5,8
2023-07-05,PFE,-0.017233007310625204,-1.531314188972938,-0.5,8
2023-07-06,PFE,-0.015113846806396025,-1.414449989837667,-0.5,8
2023-07-07,PFE,-0.016077803870062204,-1.9203360723056029,-0.5,8
2023-07-10,PFE,-0.018730270380135854,-1.934793535770539,-0.5,8
2023-07-11,PFE,-0.017361790221559842,-1.9027742087420507,-0.5,8
2023-07-12,PFE,-0.017868504760041762,-1.9106471401648795,-0.5,8
2023-07-13,PFE,-0.015158162503255936,-2.1238793754863328,-0.5,8
2023-07-14,PFE,-0.0178232246437545,-1.5733916097537004,-0.5,8
2023-07-17,PFE,-0.019231775803460447,-1.8495047022015332,-0.5,8
2023-07-18,PFE,-0.008049971665244323,-2.094326273823436,-0.5,8
2023-07-19,PFE,-0.007564851070944406,-2.213451920803977,-0.5,8
2023-07-20,PFE,0.0033126354980051163,-2.6772171794851882,-0.5,8
2023-07-21,PFE,0.005760844410378913,-2.080513326688973,-0.5,8
2023-07-24,PFE,0.019304945164494308,-2.0083707746863353,-0.5,8
2023-07-25,PFE,0.018357095970651133,-1.9186827391078558,-0.5,8
2023-07-26,PFE,0.02701543260210155,-1.5690092449710495,-0.5,8
2023-07-27,PFE,0.008458102566319726,-1.5545341531118746,-0.5,8
2023-07-28,PFE,-0.0023376661620288512,-1.771185697405239,-0.5,8
2023-07-31,PFE,0.010268448356104881,-1.9163113796843145,-0.5,8
2023-08-01,PFE,0.00244511861128948,-2.0086939484070667,-0.5,8
2023-08-02,PFE,-0.005491899460893202,-1.4985436206047578,-0.5,8
2023-08-03,PFE,-0.005597118373277056,-0.658782550390902,-0.5,8
2023-08-04,PFE,-0.0069889928493545505,-0.5930540584089811,-0.5,8
2023-08-07,PFE,-0.005360793966143355,-0.4872789519375904,-0.5,8
2023-08-08,PFE,-0.0056702919863521285,-0.3131216260153822,-0.5,8
2023-08-09,PFE,-0.003677032205531375,0.18871263261889076,-0.5,8
2023-08-10,PFE,-0.004918711205600865,0.522883636798763,-0.5,8
2023-08-11,PFE,0.004353179582294652,0.19550215992254055,-0.5,8
2023-08-14,PFE,0.00014507702857500997,0.4515211056985926,-0.5,8
2023-08-15,PFE,-0.006744326900129262,0.7318510018227389,-0.5,8
2023-08-16,PFE,-0.00615040030071522,0.7491253667082348,-0.5,8
2023-08-17,PFE,0.0021784002722091233,0.4660048377958562,-0.5,8
2023-08-18,PFE,0.012736239574059805,0.22452139589183406,-0.5,8
2023-08-21,PFE,0.00571066063159917,0.15428621001040008,-0.5,8
2023-08-22,PFE,0.010464828659876368,0.13630406418463975,-0.5,8
2023-08-23,PFE,0.010343884969684095,-0.1826689887696799,-0.5,8
2023-08-24,PFE,-0.0030119759524360507,0.480031311672545,-0.5,8
2023-08-25,PFE,-0.011105143150324608,1.0873009094603192,-0.5,8
2023-08-28,PFE,-0.0017778649150261257,0.6620938885196496,-0.5,8
2023-08-29,PFE,0.009210117450663535,0.1113675720494467,-0.5,8
2023-08-30,PFE,0.002525207090083668,-0.43012457020349376,-0.5,8
2023-08-31,PFE,-0.0015688447541180339,-0.9076725320344383,-0.5,8
2023-09-01,PFE,-0.00305042173661612,-0.8173885086854964,-0.5,8
2023-09-05,PFE,-0.002085686844728574,-1.3569115372320213,-0.5,8
2023-09-06,PFE,-0.00770753391870708,-1.6611326331498546,-0.5,8
2023-09-07,PFE,-0.006232125743359256,-1.7855715627963669,-0.5,8
2023-09-08,PFE,-0.005985579309502046,-1.7849966250433567,-0.5,8
2023-09-11,PFE,-0.0055005232761623345,-2.240397288176281,-0.5,8
2023-09-12,PFE,-0.007305267627530544,-1.904941325040842,-0.5,8
2023-09-13,PFE,-0.005985579309502046,-1.9440617338229926,-0.5,8
2023-09-14,PFE,0.0006887776637958517,-1.9707655622698212,-0.5,8
2023-09-15,PFE,-0.002648329668484806,-2.062586345249828,-0.5,8
2023-09-18,PFE,0.0022756810862583575,-2.3798170265125997,-0.5,8
2023-09-19,PFE,0.0016756955550393735,-2.008228334566727,-0.5,8
2023-09-20,PFE,0.007173526027857025,-2.229801424737257,-0.5,8
2023-09-21,PFE,0.01636946122134851,-1.9950694058720457,-0.5,8
2023-09-22,PFE,0.0034134745731372275,-1.9362471824641638,-0.5,8
2023-09-25,PFE,0.0030237432912340228,-2.32838573137938,-0.5,8
2023-09-26,PFE,0.0005087718429335591,-2.058565363437956,-0.5,8
2023-09-27,PFE,0.0005087718429335591,-1.4778745421644512,-0.5,8
2023-09-28,PFE,0.0005360668602117513,-1.3122227430229665,-0.5,8
2023-09-29,PFE,-0.009581245682054571,-0.22727375244528455,-0.5,8
2023-10-02,PFE,0.01142448457924194,-0.7200758419042388,-0.5,8
2023-10-03,PFE,0.009601329446496727,0.3177608723218548,-0.5,8
2023-10-04,PFE,0.010497687385413772,0.07320627008727898,-0.5,8
2023-10-05,PFE,0.0186591432528388,-0.017674811735972518,-0.5,8
2023-10-06,PFE,0.009593108565511608,-0.4755667704434873,-0.5,8
2023-10-09,PFE,0.0070586135969496885,-0.03516141586222887,-0.5,8
2023-10-10,PFE,0.03478052164274962,-0.8406912299212779,-0.5,8
2023-10-11,PFE,0.03567650972832557,-0.9335490442746782,-0.5,8
2023-10-12,PFE,0.0353120185031195,-0.8818657663383005,-0.5,8
2023-10-13,PFE,0.037455083379368176,-1.1758184910564444,-0.5,8
2023-10-16,PFE,0.013276909532565936,-0.29232003334129375,-0.5,8
2023-10-17,PFE,0.017252538495778298,-0.8853355289254752,-0.5,8
2023-10-18,PFE,0.04725383220810792,-1.9472840371472178,-0.5,8
2023-10-19,PFE,0.047099817895240384,-1.9455685317785343,-0.5,8
2023-10-20,PFE,0.07063140153635541,-2.0292302124859845,-0.5,8
2023-10-23,PFE,0.07161314492358634,-1.899450209953741,-0.5,8
2023-10-24,PFE,0.07046163933889604,-2.0712248871445302,-0.5,8
2023-10-25,PFE,0.018062799085916417,-0.9302641427424401,-0.5,8
2023-10-26,PFE,0.016473121344757584,-0.18313001330593992,-0.5,8
2023-10-27,PFE,0.04564181855247905,-1.5584420016605325,-0.5,8
2023-10-30,PFE,0.04884412385290619,-1.737976407257154,-0.5,8
2023-10-31,PFE,0.0485727598886901,-2.0114870543850607,-0.5,8
2023-11-01,PFE,0.053028135222634123,-1.9700577936550578,-0.5,8
2023-11-02,PFE,0.05604882230658445,-2.4905579697004905,-0.5,8
2023-11-03,PFE,0.04244168865595486,-2.176807959505128,-0.5,8
2023-11-06,PFE,0.05587266189217279,-2.0608029054171624,-0.5,8
2023-11-07,PFE,0.07462698660615091,-2.1087401765845746,-0.5,8
2023-11-08,PFE,0.061894659311865864,-2.243931595064926,-0.5,8
2023-11-09,PFE,0.06287048936063591,-2.4503702153795706,-0.5,8
2023-11-10,PFE,0.05533349108872359,-2.372629511037747,-0.5,8
2023-11-13,PFE,0.0598172450889064,-2.714944683061166,-0.5,8
2023-11-14,PFE,0.06379076230450702,-2.6052576810679584,-0.5,8
2023-11-15,PFE,0.032627665090009625,-2.211129520382316,-0.5,8
2023-11-16,PFE,0.03403817787444617,-2.385351613667179,-0.5,8
2023-11-17,PFE,0.03516808278443725,-2.2701630219857973,-0.5,8
2023-11-20,PFE,0.035963759470527726,-1.9746846539028038,-0.5,8
2023-11-21,PFE,0.03592846871818453,-1.9957492438765572,-0.5,8
2023-11-22,PFE,0.03399864844148987,-2.3029605444325707,-0.5,8
2023-11-24,PFE,0.049416594788897886,-2.6165941377978146,-0.5,8
2023-11-27,PFE,0.04612080763740892,-3.018222898997822,-0.5,8
2023-11-28,PFE,0.04719501186579237,-3.101099197366164,-0.5,8
2023-11-29,PFE,0.042146905089118655,-2.9585083905305884,-0.5,8
2023-11-30,PFE,0.031708770654006325,-2.4766727694590243,-0.5,8
2023-12-01,PFE,0.04017953369869388,-2.76033872719793,-0.5,8
2023-12-04,PFE,0.0366793323275535,-2.713643718843316,-0.5,8
2023-12-05,PFE,0.036714623079896695,-2.7557210293597088,-0.5,8
2023-12-06,PFE,0.05932419850864614,-2.5913679434952606,-0.5,8
2023-12-07,PFE,0.05980752192315257,-2.6302968123525883,-0.5,8
2023-12-08,PFE,0.0315480638520301,-2.152161557784573,-0.5,8
2023-12-11,PFE,0.03234374053812059,-1.7779246907815367,-0.5,8
2023-12-12,PFE,0.03644831118118595,-1.785782884765466,-0.5,8
2023-12-13,PFE,0.11339099008054176,-2.784592871183891,-0.5,8
2023-12-14,PFE,0.08799563355421328,-3.0362572092544955,-0.5,8
2023-12-15,PFE,0.09863194251654328,-2.874561683005419,-0.5,8
2023-12-18,PFE,0.10539409392344878,-3.1623819910621616,-0.5,8
2023-12-19,PFE,0.10111493360853506,-2.6742886770294136,-0.5,8
2023-12-20,PFE,0.1196889909019669,-2.924685935109691,-0.5,8
2023-12-21,PFE,0.10316123857008522,-2.7517983914439945,-0.5,8
2023-12-22,PFE,0.10403823799656065,-2.9088126892136823,-0.5,8
2023-12-26,PFE,0.10502607960286119,-2.6496394571915456,-0.5,8
2023-12-27,PFE,0.10483370454272348,-2.436441945074548,-0.5,8
2023-12-28,PFE,0.1268353487372271,-2.869468912466533,-0.5,8
2023-12-29,PFE,0.1390786933515259,-3.064257034568485,-0.5,8
2023-07-03,PYPL,-0.0396580744352998,1.190899571387841,-0.5,8
2023-07-05,PYPL,-0.03522555031492816,1.2354636053867707,-0.5,8
2023-07-06,PYPL,-0.03387181207843904,0.6589732846267485,-0.5,8
2023-07-07,PYPL,-0.03803846584167383,0.7370526685983025,-0.5,8
2023-07-10,PYPL,-0.0422546299191005,1.6603194394559269,-0.5,8
2023-07-11,PYPL,-0.04739676597265715,2.0534795919607065,-0.5,8
2023-07-12,PYPL,-0.042026454970378914,1.8845849600770337,-0.5,8
2023-07-13,PYPL,-0.05129916685677826,2.2048730738363544,-0.5,8
2023-07-14,PYPL,-0.04393335978211134,2.3026649205948226,-0.5,8
2023-07-17,PYPL,-0.04878759524631902,2.1544907195127743,-0.5,8
2023-07-18,PYPL,-0.047098992395663064,1.8995670713700954,-0.5,8
2023-07-19,PYPL,-0.0284115468483741,1.2763206308647521,-0.5,8
2023-07-20,PYPL,-0.03375769581053673,1.576993483238494,-0.5,8
2023-07-21,PYPL,-0.02960558415942394,1.7531097793956303,-0.5,8
2023-07-24,PYPL,-0.046123065327671416,2.5827598649713392,-0.5,8
2023-07-25,PYPL,-0.040294624834197185,1.7257822419114852,-0.5,8
2023-07-26,PYPL,-0.04514223018766849,2.1096985334977303,-0.5,8
2023-07-27,PYPL,-0.04192357281148569,1.6701858048569855,-0.5,8
2023-07-28,PYPL,-0.04281892827734802,1.5851752055089827,-0.5,8
2023-07-31,PYPL,-0.04470494602755001,2.177874852553393,-0.5,8
2023-08-01,PYPL,-0.04208546147595528,1.9673769321824053,-0.5,8
2023-08-02,PYPL,-0.032523145853302377,1.783100487147614,-0.5,8
2023-08-03,PYPL,0.0076810617943872846,-1.5843223337593189,-0.5,8
2023-08-04,PYPL,0.0074722354851189665,-2.0678588553769797,-0.5,8
2023-08-07,PYPL,0.01631390360301171,-2.326797096596744,-0.5,8
2023-08-08,PYPL,0.00577196478154178,-2.227650535457247,-0.5,8
2023-08-09,PYPL,0.009169993054851347,-2.385681400239892,-0.5,8
2023-08-10,PYPL,0.016947464173031862,-2.4876918796620062,-0.5,8
2023-08-11,PYPL,0.008150461098214936,-2.076559121100372,-0.5,8
2023-08-14,PYPL,0.012797496563909855,-2.168657574806092,-0.5,8
2023-08-15,PYPL,0.0470795172840664,-2.952215692048191,-0.5,8
2023-08-16,PYPL,0.039093344282655165,-2.8355678011110514,-0.5,8
2023-08-17,PYPL,0.05020939209567676,-2.8988128939310833,-0.5,8
2023-08-18,PYPL,0.05105442052252645,-2.9096348107682135,-0.5,8
2023-08-21,PYPL,0.06002151243960753,-3.1219693263498955,-0.5,8
2023-08-22,PYPL,0.02503094101284226,-2.665873827889422,-0.5,8
2023-08-23,PYPL,0.021969402489288605,-2.841634980425215,-0.5,8
2023-08-24,PYPL,0.02808788139103139,-2.778626193091852,-0.5,8
2023-08-25,PYPL,0.027452759449421868,-2.88511851423578,-0.5,8
2023-08-28,PYPL,0.021027382070451635,-3.0376857343049655,-0.5,8
2023-08-29,PYPL,0.013416224681837915,-2.8104192422121725,-0.5,8
2023-08-30,PYPL,0.0075601991468988725,-2.7812770869208023,-0.5,8
2023-08-31,PYPL,-0.03842749482935426,-0.5319317433507349,-0.5,8
2023-09-01,PYPL,-0.038735109722939316,-0.03216271761347833,-0.5,8
2023-09-05,PYPL,-0.04103806892417953,-0.2813219174352102,-0.5,8
2023-09-06,PYPL,-0.05266390718012647,0.07154775091563281,-0.5,8
2023-09-07,PYPL,-0.052831791182102746,-0.05105172740114783,-0.5,8
2023-09-08,PYPL,-0.046759364979535534,-0.44586439036888315,-0.5,8
2023-09-11,PYPL,-0.053057483030530296,0.12578060886629983,-0.5,8
2023-09-12,PYPL,-0.052713882259728534,0.26985215259370254,-0.5,8
2023-09-13,PYPL,-0.03770687195163236,0.9558314256469156,-0.5,8
2023-09-14,PYPL,-0.037504908758791755,1.0905062538553842,-0.5,8
2023-09-15,PYPL,-0.04127685160436805,1.4233186934167117,-0.5,8
2023-09-18,PYPL,-0.03851536772891886,0.8570316336746915,-0.5,8
2023-09-19,PYPL,-0.03849386516857673,1.171558620600599,-0.5,8
2023-09-20,PYPL,-0.04942640784807559,0.7532534512703661,-0.5,8
2023-09-21,PYPL,-0.05400759205571162,0.5359826927433309,-0.5,8
2023-09-22,PYPL,-0.0397646399270243,0.12442570614405618,-0.5,8
2023-09-25,PYPL,-0.0449942238092462,0.3820340774661584,-0.5,8
2023-09-26,PYPL,-0.04029860181994676,0.694035595169859,-0.5,8
2023-09-27,PYPL,-0.03209399254973212,0.11937295359158456,-0.5,8
2023-09-28,PYPL,-0.043889875178564214,0.42640818543203723,-0.5,8
2023-09-29,PYPL,-0.04670260179696061,0.6806684534646943,-0.5,8
2023-10-02,PYPL,-0.04190794710265981,-0.20469290328974277,-0.5,8
2023-10-03,PYPL,-0.03319612288899745,-0.35381001068061324,-0.5,8
2023-10-04,PYPL,-0.04696138753779823,0.532193610111618,-0.5,8
2023-10-05,PYPL,-0.04114181312563936,0.5659271296677438,-0.5,8
2023-10-06,PYPL,-0.04634777557151568,0.4700538337058212,-0.5,8
2023-10-09,PYPL,-0.040614171325350966,0.3302146324388989,-0.5,8
2023-10-10,PYPL,-0.02900772074626917,-0.45957242003372123,-0.5,8
2023-10-11,PYPL,-0.029921678492951402,-0.19764922612975522,-0.5,8
2023-10-12,PYPL,-0.01918730412517379,-0.6620513802463052,-0.5,8
2023-10-13,PYPL,-0.027522604718679657,-0.7696279325961938,-0.5,8
2023-10-16,PYPL,-0.0496898678357522,-0.3162595727482629,-0.5,8
2023-10-17,PYPL,-0.04662900716754324,-0.5773302126227816,-0.5,8
2023-10-18,PYPL,-0.04594662553710156,-0.44228452061979706,-0.5,8
2023-10-19,PYPL,-0.044881952425456756,-0.34814036856998554,-0.5,8
2023-10-20,PYPL,-0.03445719368458954,-0.5078624110675608,-0.5,8
2023-10-23,PYPL,-0.03907186930963766,-0.5379550302071696,-0.5,8
2023-10-24,PYPL,-0.04489839300423723,-0.6243129329341739,-0.5,8
2023-10-25,PYPL,-0.009825022386693678,-1.1470156144115335,-0.5,8
2023-10-26,PYPL,-0.015489824411117048,-0.7111624241898851,-0.5,8
2023-10-27,PYPL,-0.0011623892101122822,-1.270604550295698,-0.5,8
2023-10-30,PYPL,-0.00486931351497066,-1.0500254461187908,-0.5,8
2023-10-31,PYPL,-0.022046251372893188,-0.5530487127783492,-0.5,8
2023-11-01,PYPL,-0.010102255348327293,-1.1340915942169087,-0.5,8
2023-11-02,PYPL,-0.011809049578870075,-0.4623119801428188,-0.5,8
2023-11-03,PYPL,-0.013429087222653336,-0.3935611997087632,-0.5,8
2023-11-06,PYPL,-0.016183639027085608,-0.7574501008900153,-0.5,8
2023-11-07,PYPL,-0.020934702199470034,-0.6991587562085869,-0.5,8
2023-11-08,PYPL,-0.014185694003874486,-0.7409186583816967,-0.5,8
2023-11-09,PYPL,-0.02121489212480363,-0.3336796479055929,-0.5,8
2023-11-10,PYPL,-0.02299463027203205,-0.51568154457409,-0.5,8
2023-11-13,PYPL,-0.02204691455253789,-0.5053225034038441,-0.5,8
2023-11-14,PYPL,-0.025385655707091472,-0.30069637767567686,-0.5,8
2023-11-15,PYPL,-0.02279387384721057,-0.08963515013763634,-0.5,8
2023-11-16,PYPL,-0.022587398488289962,-0.3427026903377045,-0.5,8
2023-11-17,PYPL,-0.026728740390285187,-0.33502733590263684,-0.5,8
2023-11-20,PYPL,-0.023969611875056838,-0.3344284142378813,-0.5,8
2023-11-21,PYPL,-0.02647414366533143,-0.7307807489277688,-0.5,8
2023-11-22,PYPL,-0.01855690943117733,-0.4487463484376254,-0.5,8
2023-11-24,PYPL,-0.02798555960093938,-0.5388809569192206,-0.5,8
2023-11-27,PYPL,-0.03024212337775291,-0.0966595729591534,-0.5,8
2023-11-28,PYPL,-0.033983275759672436,0.6161359158794717,-0.5,8
2023-11-29,PYPL,-0.016348143662028275,-0.061669938002441554,-0.5,8
2023-11-30,PYPL,-0.015224845364404086,0.41389572418589365,-0.5,8
2023-12-01,PYPL,-0.051424273676728846,0.6082350340864324,-0.5,8
2023-12-04,PYPL,-0.05347708454042354,0.85864890956428,-0.5,8
2023-12-05,PYPL,-0.04748468510577676,0.5123719715496658,-0.5,8
2023-12-06,PYPL,-0.033770751642420126,1.1148451381552171,-0.5,8
2023-12-07,PYPL,-0.04276738161341792,0.4275492139725608,-0.5,8
2023-12-08,PYPL,-0.03457329265544164,0.37417358791447447,-0.5,8
2023-12-11,PYPL,-0.04454360544775629,0.7352932520114512,-0.5,8
2023-12-12,PYPL,-0.038635238130780764,0.6270473953080047,-0.5,8
2023-12-13,PYPL,-0.03285114628932157,0.9074169735322524,-0.5,8
2023-12-14,PYPL,-0.044994798789175665,0.7709306355859198,-0.5,8
2023-12-15,PYPL,-0.0547855279830151,1.156293207114436,-0.5,8
2023-12-18,PYPL,-0.046529013368573756,1.2613558277438788,-0.5,8
2023-12-19,PYPL,-0.035269585054952445,1.6779931152385386,-0.5,8
2023-12-20,PYPL,-0.046506084881352,1.9064437283383797,-0.5,8
2023-12-21,PYPL,-0.05052792855280247,1.4185771395142717,-0.5,8
2023-12-22,PYPL,-0.044526041697856185,1.3797650584434082,-0.5,8
2023-12-26,PYPL,-0.05155501810063142,1.216798023614039,-0.5,8
2023-12-27,PYPL,-0.045625261093153964,0.8677165895251744,-0.5,8
2023-12-28,PYPL,-0.027092645502619073,1.1774860682953852,-0.5,8
2023-12-29,PYPL,-0.026678629222777705,0.7671424958653186,-0.5,8
2023-07-03,ZM,-0.045655179409905475,0.3356306350518507,-0.5,8
2023-07-05,ZM,-0.033267138951637285,-0.43140613521777676,-0.5,8
2023-07-06,ZM,-0.029210899507845233,-0.9485408777137004,-0.5,8
2023-07-07,ZM,-0.03513455519500265,-0.21029017647462867,-0.5,8
2023-07-10,ZM,-0.03266836416426504,0.23494455791511532,-0.5,8
2023-07-11,ZM,-0.02742006462768612,0.2819941800985516,-0.5,8
2023-07-12,ZM,-0.031900849302369104,0.10202574309531562,-0.5,8
2023-07-13,ZM,-0.028123274141849473,0.16593745071449884,-0.5,8
2023-07-14,ZM,-0.02954542868671067,0.39055671661858093,-0.5,8
2023-07-17,ZM,-0.02877312833218835,0.5093321861510522,-0.5,8
2023-07-18,ZM,-0.028844411252879534,0.2120833710710814,-0.5,8
2023-07-19,ZM,-0.023059756999515835,0.552764031961688,-0.5,8
2023-07-20,ZM,-0.025101206821377276,0.6186727508826313,-0.5,8
2023-07-21,ZM,-0.02425069315777163,1.278612772426193,-0.5,8
2023-07-24,ZM,-0.02726124062582622,0.6561322760485253,-0.5,8
2023-07-25,ZM,-0.02878527089909729,0.027250314083886368,-0.5,8
2023-07-26,ZM,-0.02749146172257662,0.1932704717762411,-0.5,8
2023-07-27,ZM,-0.027323524021256426,0.44630121833590963,-0.5,8
2023-07-28,ZM,-0.02371704154196419,0.21470216802650674,-0.5,8
2023-07-31,ZM,-0.028790320489977622,0.727336825253271,-0.5,8
2023-08-01,ZM,-0.028790320489977622,0.704862172646834,-0.5,8
2023-08-02,ZM,-0.027413254632514834,0.775204851208884,-0.5,8
2023-08-03,ZM,-0.0022531945572006793,0.9556696711091179,-0.5,8
2023-08-04,ZM,-0.003695758147118823,0.20369732537396218,-0.5,8
2023-08-07,ZM,-0.0019449294053739566,-0.538530997671237,-0.5,8
2023-08-08,ZM,0.005230324664484557,-1.1767124387724748,-0.5,8
2023-08-09,ZM,0.001273864557611644,-0.8665673731280437,-0.5,8
2023-08-10,ZM,-0.024841035808534927,0.3092000846658433,-0.5,8
2023-08-11,ZM,-0.025599819775207425,0.0752849097181128,-0.5,8
2023-08-14,ZM,-0.002735557099536751,-0.755613327673668,-0.5,8
2023-08-15,ZM,0.015287591698493452,-0.7337642442377128,-0.5,8
2023-08-16,ZM,-0.010341784208832637,-0.4941024711391812,-0.5,8
2023-08-17,ZM,-0.018734698839531588,0.056262517883841984,-0.5,8
2023-08-18,ZM,-0.02844320137552946,0.15211197536574844,-0.5,8
2023-08-21,ZM,-0.02409086688753573,0.2849853243408969,-0.5,8
2023-08-22,ZM,-0.01939227706374592,0.033392085764312934,-0.5,8
2023-08-23,ZM,-0.02787978361295557,0.12016661267242085,-0.5,8
2023-08-24,ZM,-0.02473286657023367,-0.2404446714542463,-0.5,8
2023-08-25,ZM,-0.030879723350309987,0.1430146168828727,-0.5,8
2023-08-28,ZM,-0.027051382070325865,-0.0502923734962345,-0.5,8
2023-08-29,ZM,-0.03149884257448976,0.16698587803700038,-0.5,8
2023-08-30,ZM,-0.030237802725562257,0.19056524745604758,-0.5,8
2023-08-31,ZM,-0.03663820501017363,0.37351561186827525,-0.5,8
2023-09-01,ZM,-0.03665104609439321,0.774480034197496,-0.5,8
2023-09-05,ZM,-0.03529618090299578,1.6010180209392542,-0.5,8
2023-09-06,ZM,-0.04901239971824323,2.3592815301061423,-0.5,8
2023-09-07,ZM,-0.04172881510198287,1.7333962150512634,-0.5,8
2023-09-08,ZM,-0.026935187488557423,1.0315445762688567,-0.5,8
2023-09-11,ZM,-0.027624268682380743,0.8668884676076174,-0.5,8
2023-09-12,ZM,-0.025445029622512494,0.8329211848789204,-0.5,8
2023-09-13,ZM,-0.016101777645209807,0.4351898914453808,-0.5,8
2023-09-14,ZM,-0.022464313443663373,0.9918060331709992,-0.5,8
2023-09-15,ZM,-0.03543360700931716,1.1567749872740216,-0.5,8
2023-09-18,ZM,-0.013360179811357042,0.31391233602835256,-0.5,8
2023-09-19,ZM,-0.02166838524213676,0.4879223612186061,-0.5,8
2023-09-20,ZM,-0.03495254838226031,1.3814423396063444,-0.5,8
2023-09-21,ZM,-0.035650966627629004,1.2663672452662604,-0.5,8
2023-09-22,ZM,-0.03650103429165347,1.4143969949831154,-0.5,8
2023-09-25,ZM,-0.023807700823696255,0.9982664402801892,-0.5,8
2023-09-26,ZM,-0.022321656570056393,1.455123956875458,-0.5,8
2023-09-27,ZM,-0.022159767905586807,1.2201031008664023,-0.5,8
2023-09-28,ZM,-0.03055378857742008,1.6692486769295523,-0.5,8
2023-09-29,ZM,-0.039330632564602126,1.7390721939708165,-0.5,8
2023-10-02,ZM,-0.03174870856104177,1.526527451794839,-0.5,8
2023-10-03,ZM,-0.03101199558520062,0.535037814230709,-0.5,8
2023-10-04,ZM,-0.012646632871329765,-1.702301016770703,-0.5,8
2023-10-05,ZM,-0.006243300638553578,-1.8902519599916658,-0.5,8
2023-10-06,ZM,-0.025680913195106455,-1.1937575526328266,-0.5,8
2023-10-09,ZM,-0.02237884730191814,-0.5777886835587391,-0.5,8
2023-10-10,ZM,-0.01596080063845491,0.13013627401580968,-0.5,8
2023-10-11,ZM,-0.01563805951758844,-0.48825621745786213,-0.5,8
2023-10-12,ZM,-0.00038050213379835446,-1.0587769892154946,-0.5,8
2023-10-13,ZM,-0.010364482940505052,-0.9679550020984249,-0.5,8
2023-10-16,ZM,-0.021813721619342096,-1.2439549684718236,-0.5,8
2023-10-17,ZM,-0.03446423670236199,-0.8224850104103143,-0.5,8
2023-10-18,ZM,-0.02188006742591465,-0.9543621840655094,-0.5,8
2023-10-19,ZM,-0.015417504499165562,-1.3912409315716114,-0.5,8
2023-10-20,ZM,-0.010228918326545558,-1.4437842617685421,-0.5,8
2023-10-23,ZM,-0.012153591150917475,-1.3147751654937956,-0.5,8
2023-10-24,ZM,-0.033850355334628004,-0.9630261689881336,-0.5,8
2023-10-25,ZM,0.000658411966403384,-1.4773290165475075,-0.5,8
2023-10-26,ZM,0.01291398172928914,-2.0065036501384648,-0.5,8
2023-10-27,ZM,0.014354920946884394,-1.8047434134445735,-0.5,8
2023-10-30,ZM,0.012644608694986398,-1.6386741793059851,-0.5,8
2023-10-31,ZM,0.007542388551004022,-1.4543871655413523,-0.5,8
2023-11-01,ZM,0.0008539119370566833,-1.0039497319744246,-0.5,8
2023-11-02,ZM,-0.012034486626556736,-0.5784440668718891,-0.5,8
2023-11-03,ZM,-0.02179844260105492,-0.36119033912967774,-0.5,8
2023-11-06,ZM,-0.03946764447555744,-0.46437332141950827,-0.5,8
2023-11-07,ZM,-0.04890409744007359,-0.5178673831886161,-0.5,8
2023-11-08,ZM,-0.04525382561088741,-0.15780165749592823,-0.5,8
2023-11-09,ZM,-0.047708046306741456,-0.06333025791583513,-0.5,8
2023-11-10,ZM,-0.05370888774079583,0.011263601758319641,-0.5,8
2023-11-13,ZM,-0.04653758295481766,0.1343796574049319,-0.5,8
2023-11-14,ZM,-0.05293594200206359,-0.0194502091058939,-0.5,8
2023-11-15,ZM,-0.054470070998215006,0.11409092658426989,-0.5,8
2023-11-16,ZM,-0.048383596557514334,-0.013908787767461184,-0.5,8
2023-11-17,ZM,-0.0552065045630938,-0.016032840117367386,-0.5,8
2023-11-20,ZM,-0.05719032579001318,0.2690543714981509,-0.5,8
2023-11-21,ZM,-0.047521516110193854,0.11053205687731715,-0.5,8
2023-11-22,ZM,-0.04678036750859856,-0.35967085055174397,-0.5,8
2023-11-24,ZM,-0.044643006601086485,-0.2015905996043887,-0.5,8
2023-11-27,ZM,-0.03054791306001557,-0.30553257941207224,-0.5,8
2023-11-28,ZM,-0.04285747651453558,0.46804393833489966,-0.5,8
2023-11-29,ZM,-0.024553962278280106,0.29404919502010407,-0.5,8
2023-11-30,ZM,-0.01898517986311786,0.7663150236527834,-0.5,8
2023-12-01,ZM,-0.049404914766374146,1.6553180887844552,-0.5,8
2023-12-04,ZM,-0.03681743754307157,0.9442259693466568,-0.5,8
2023-12-05,ZM,-0.049055431373154164,1.515957869666163,-0.5,8
2023-12-06,ZM,-0.04919680125921834,1.998496784277315,-0.5,8
2023-12-07,ZM,-0.04809937520041107,2.088183319036207,-0.5,8
2023-12-08,ZM,-0.060961282012587784,2.435743550179113,-0.5,8
2023-12-11,ZM,-0.04372583189855656,1.9783820230105305,-0.5,8
2023-12-12,ZM,-0.04305354451820786,1.8216395561259047,-0.5,8
2023-12-13,ZM,-0.04234171222738337,1.601118533410761,-0.5,8
2023-12-14,ZM,-0.04704785418000503,1.6618360386120155,-0.5,8
2023-12-15,ZM,-0.04542826012465419,1.7954283605573602,-0.5,8
2023-12-18,ZM,-0.04325576987754488,1.6632136999491893,-0.5,8
2023-12-19,ZM,-0.046123065327671416,1.626574579055149,-0.5,8
2023-12-20,ZM,-0.040395228695433154,0.9304829777435751,-0.5,8
2023-12-21,ZM,-0.05098763790097643,1.8374274085053681,-0.5,8
2023-12-22,ZM,-0.05084626801491225,1.6761728191565992,-0.5,8
2023-12-26,ZM,-0.04858045734442147,1.5249457023994326,-0.5,8
2023-12-27,ZM,-0.034889435704646456,1.1148291325475295,-0.5,8
2023-12-28,ZM,-0.00885440389060473,0.7583842636550902,-0.5,8
2023-12-29,ZM,-0.011817213265350715,0.5227805309313852,-0.5,8
2024-01-02,AAPL,-0.018261538732822605,-0.4007378870125662,-2.0,9
2024-01-03,AAPL,-0.01858136550159052,-0.12827216332028768,-2.0,9
2024-01-04,AAPL,-0.009160774698268391,-0.7792005587855764,-2.0,9
2024-01-05,AAPL,-0.015239269519757966,-0.4719304011605353,-2.0,9
2024-01-08,AAPL,-0.019601818797787312,-0.21549574699154372,-2.0,9
2024-01-09,AAPL,-0.01860238469011942,-0.39881472967719833,-2.0,9
2024-01-10,AAPL,-0.021175557013814145,-0.07913415509944244,-2.0,9
2024-01-11,AAPL,-0.01977310848463872,-0.5102241131371659,-2.0,9
2024-01-12,AAPL,-0.018866924254470882,-1.40905271405649,-2.0,9
2024-01-16,AAPL,-0.02042854116933133,-0.2334747056024764,-2.0,9
2024-01-17,AAPL,-0.021099224086976474,-0.29524152429725237,-2.0,9
2024-01-18,AAPL,-0.024115076777017894,0.40372582145470726,-2.0,9
2024-01-19,AAPL,-0.022669716839472706,0.5823216045892767,-2.0,9
2024-01-22,AAPL,-0.0248406146720397,0.7445941179243215,-2.0,9
2024-01-23,AAPL,-0.027579151499799885,1.4413639853371034,-2.0,9
2024-01-24,AAPL,-0.02535050372214095,1.7318020520988158,-2.0,9
2024-01-25,AAPL,-0.022401857722962243,2.347402604403864,-2.0,9
2024-01-26,AAPL,-0.024321516127035078,3.5128581106895425,-2.0,9
2024-01-29,AAPL,-0.01824484717419554,1.4973320033091455,-2.0,9
2024-01-30,AAPL,-0.023056804017550468,2.0687318791531637,-2.0,9
2024-01-31,AAPL,-0.022534888459006513,2.063455898472598,-2.0,9
2024-02-01,AAPL,-0.019898559794509236,1.3191928304915175,-2.0,9
2024-02-02,AAPL,-0.02107133680165068,1.107669213412175,-2.0,9
2024-02-05,AAPL,-0.02495551028894284,1.5171900643176839,-2.0,9
2024-02-06,AAPL,-0.020879182335564486,1.7021383336960072,-2.0,9
2024-02-07,AAPL,-0.020879182335564486,1.2060118906948252,-2.0,9
2024-02-08,AAPL,-0.02350398577556084,0.9226716741399459,-2.0,9
2024-02-09,AAPL,-0.02662812901131459,1.0171723234721393,-2.0,9
2024-02-12,AAPL,-0.024379792130970284,0.9377489707120275,-2.0,9
2024-02-13,AAPL,-0.015823643213031684,0.1894367195216163,-2.0,9
2024-02-14,AAPL,-0.015607950749746401,-0.15710640784812904,-2.0,9
2024-02-15,AAPL,-0.020359573904106924,0.010765824861957596,-2.0,9
2024-02-16,AAPL,-0.021828454563805822,-0.055116276452919666,-2.0,9
2024-02-20,AAPL,-0.025046258468323028,0.293265126061633,-2.0,9
2024-02-21,AAPL,-0.02544690313106241,0.5517024946870625,-2.0,9
2024-02-22,AAPL,-0.024343012317175367,-0.0036722006771416904,-2.0,9
2024-02-23,AAPL,-0.023492392859252628,-0.03897403971208546,-2.0,9
2024-02-26,AAPL,-0.023735576958444474,-0.16814850625130534,-2.0,9
2024-02-27,AAPL,-0.00923210345849246,-1.2528072372995007,-2.0,9
2024-02-28,AAPL,-0.009106628689690898,-1.2517524723441922,-2.0,9
2024-02-29,AAPL,0.011982255541029755,-2.9030145923463597,-2.0,9
2024-03-01,AAPL,0.018631032354970378,-3.2241958004389417,-2.0,9
2024-03-04,AAPL,-0.0017128267913385747,-1.239206590734468,-2.0,9
2024-03-05,AAPL,-0.0036769649068231418,-1.0951822981147956,-2.0,9
2024-03-06,AAPL,-0.010628357659432484,-0.4291091250747997,-2.0,9
2024-03-07,AAPL,-0.009589687919230483,-0.6237371283809869,-2.0,9
2024-03-08,AAPL,-0.012681098807786924,-0.8747996370470954,-2.0,9
2024-03-11,AAPL,-0.0024326745082745216,-1.4664118080753459,-2.0,9
2024-03-12,AAPL,-0.0018772710492616093,-1.323299178515704,-2.0,9
2024-03-13,AAPL,-0.0014681345201754494,-1.543374961159095,-2.0,9
2024-03-14,AAPL,-0.0003708095087226598,-1.1962535563110999,-2.0,9
2024-03-15,AAPL,-0.001770808654299071,-1.178733833953379,-2.0,9
2024-03-18,AAPL,-0.0019238795767563916,-1.5013495300607231,-2.0,9
2024-03-19,AAPL,-0.002304937320090437,-1.5169848509512884,-2.0,9
2024-03-20,AAPL,-0.0037767885392342286,-2.0658081314662353,-2.0,9
2024-03-21,AAPL,-0.008119940598878295,-2.202254148197369,-2.0,9
2024-03-22,AAPL,-0.0012578847881466503,-2.5410947852584598,-2.0,9
2024-03-25,AAPL,-0.001287762148101701,-2.6615743422580223,-2.0,9
2024-03-26,AAPL,-0.0022176924653384738,-2.47585573964009,-2.0,9
2024-03-27,AAPL,-0.0006456864083133863,-2.4711070040043186,-2.0,9
2024-03-28,AAPL,-0.0006456864083133863,-2.247800243041712,-2.0,9
2024-04-01,AAPL,5.170248309116835e-05,-1.987841948785651,-2.0,9
2024-04-02,AAPL,5.170248309116835e-05,-1.3153197423278442,-2.0,9
2024-04-03,AAPL,0.002094818863870472,-1.3847389842475377,-2.0,9
2024-04-04,AAPL,-0.002361500123579977,-0.7550295040374976,-2.0,9
2024-04-05,AAPL,-0.003617740671904123,-0.33759858910759044,-2.0,9
2024-04-08,AAPL,-0.003123781896221991,-0.629724443928553,-2.0,9
2024-04-09,AAPL,-0.00014870658843866956,-0.4643935292411341,-2.0,9
2024-04-10,AAPL,0.0021887603025999964,-0.22797519449709652,-2.0,9
2024-04-11,AAPL,-0.007669672068190125,0.6150385601479942,-2.0,9
2024-04-12,AAPL,-0.0047027324730164145,0.8680877437682939,-2.0,9
2024-04-15,AAPL,-0.004415845404532261,0.6567432126633058,-2.0,9
2024-04-16,AAPL,-0.004264504845914012,0.5703498523439667,-2.0,9
2024-04-17,AAPL,-0.0012578847881466503,0.2735883437148382,-2.0,9
2024-04-18,AAPL,-0.001059872700440818,0.25711623429221786,-2.0,9
2024-04-19,AAPL,-0.003624070635276947,0.9856785117664815,-2.0,9
2024-04-22,AAPL,-0.002194217321641174,0.6800440980512825,-2.0,9
2024-04-23,AAPL,-0.0017966061777618912,0.5486899727124378,-2.0,9
2024-04-24,AAPL,-0.00040454997941020233,1.0127932798393227,-2.0,9
2024-04-25,AAPL,-0.0029718908467365464,1.0514272005235887,-2.0,9
2024-04-26,AAPL,0.0002593819733882534,0.02561999573573684,-2.0,9
2024-04-29,AAPL,-0.012733303552137728,0.8047208232768348,-2.0,9
2024-04-30,AAPL,-0.008226922397612052,0.5581569637801224,-2.0,9
2024-05-01,AAPL,-0.008419076863698244,0.6322963745339316,-2.0,9
2024-05-02,AAPL,-0.006725763971891405,0.26017720170463304,-2.0,9
2024-05-03,AAPL,-0.022702784605962322,1.5016284206640238,-2.0,9
2024-05-06,AAPL,-0.014850613387895511,1.077168682258929,-2.0,9
2024-05-07,AAPL,-0.0075331551126264565,0.9514589392585703,-2.0,9
2024-05-08,AAPL,-0.009945327698049884,1.1448629374656185,-2.0,9
2024-05-09,AAPL,-0.009373689119578555,0.7083897146905443,-2.0,9
2024-05-10,AAPL,-0.011009998104851799,-0.5761358065190119,-2.0,9
2024-05-13,AAPL,-0.008472673348947465,-0.8472596598421053,-2.0,9
2024-05-14,AAPL,-0.0366062033424054,1.5397158812019465,-2.0,9
2024-05-15,AAPL,-0.044691424327230125,2.101480437761634,-2.0,9
2024-05-16,AAPL,-0.04156180899536891,1.9908946431294137,-2.0,9
2024-05-17,AAPL,-0.024241937380291793,1.860235154849344,-2.0,9
2024-05-20,AAPL,-0.006707308668699963,0.015047382856525071,-2.0,9
2024-05-21,AAPL,-0.007008989675839483,0.9338880039119051,-2.0,9
2024-05-22,AAPL,-0.012601466936061817,1.2514274452757634,-2.0,9
2024-05-23,AAPL,-0.03151733278006996,1.3090974389885695,-2.0,9
2024-05-24,AAPL,-0.03442584779448082,2.4051308858058618,-2.0,9
2024-05-28,AAPL,-0.04218791205371593,3.0655730227048164,-2.0,9
2024-05-29,AAPL,-0.04101157814182565,2.5390220398515155,-2.0,9
2024-05-30,AAPL,-0.04286966197991235,3.569008846079823,-2.0,9
2024-05-31,AAPL,-0.04076030488325521,3.330116046421785,-2.0,9
2024-06-03,AAPL,-0.028261083477586206,1.3046958990068698,-2.0,9
2024-06-04,AAPL,-0.028261083477586206,1.9467059386819363,-2.0,9
2024-06-05,AAPL,-0.028356991652590306,1.3187611934101546,-2.0,9
2024-06-06,AAPL,-0.028037707846110708,1.146858613071525,-2.0,9
2024-06-07,AAPL,-0.025801777754214404,0.7896221344333767,-2.0,9
2024-06-10,AAPL,-0.029954291289894647,0.47165766508790585,-2.0,9
2024-06-11,AAPL,-0.046568606210650176,3.0759449224570066,-2.0,9
2024-06-12,AAPL,-0.05256363732974976,3.4694234443609426,-2.0,9
2024-06-13,AAPL,-0.031018711550687274,1.5843713160778445,-2.0,9
2024-06-14,AAPL,-0.047476022698729005,2.7475354732676456,-2.0,9
2024-06-17,AAPL,-0.05321306252836732,3.12268074581854,-2.0,9
2024-06-18,AAPL,-0.04090277238096312,2.105865323666891,-2.0,9
2024-06-20,AAPL,-0.02286627206922293,1.1893033609617865,-2.0,9
2024-06-21,AAPL,-0.019252684790636517,0.7457531984108174,-2.0,9
2024-06-24,AAPL,-0.02380205948689026,2.315473982813341,-2.0,9
2024-06-25,AAPL,-0.024149147602035168,1.8445369061156607,-2.0,9
2024-06-26,AAPL,-0.02339845657851766,2.386735978958347,-2.0,9
2024-06-27,AAPL,-0.031037541476283095,3.45223964943615,-2.0,9
2024-06-28,AAPL,-0.02649455328859737,2.1287971300365265,-2.0,9
2024-01-02,AMZN,0.01185283371634207,-0.6072316884030992,-2.0,9
2024-01-03,AMZN,0.010163597301007665,-0.4584181401820476,-2.0,9
2024-01-04,AMZN,0.012260716392103735,-0.9804732239550611,-2.0,9
2024-01-05,AMZN,0.010959441806271586,-0.6485091696132131,-2.0,9
2024-01-08,AMZN,0.009402821064903278,-0.6233898921540382,-2.0,9
2024-01-09,AMZN,0.012379128902452628,-0.6566498965924868,-2.0,9
2024-01-10,AMZN,0.009607917030283712,-0.35176043822699593,-2.0,9
2024-01-11,AMZN,0.007275181950914484,-0.24487246863442,-2.0,9
2024-01-12,AMZN,0.0066539513201179495,-2.1092644364956805,-2.0,9
2024-01-16,AMZN,0.009716356751383768,-1.9416311039542729,-2.0,9
2024-01-17,AMZN,0.011139263131953113,-2.3943319458744923,-2.0,9
2024-01-18,AMZN,0.01378264978874979,-2.837547995022236,-2.0,9
2024-01-19,AMZN,0.012807145304443579,-3.377121204309904,-2.0,9
2024-01-22,AMZN,0.012355165000303042,-3.2137715496136563,-2.0,9
2024-01-23,AMZN,0.012656846007442562,-3.4981009061107584,-2.0,9
2024-01-24,AMZN,0.013669022920120186,-4.066683133659226,-2.0,9
2024-01-25,AMZN,0.011529145704757235,-2.6641375364747093,-2.0,9
2024-01-26,AMZN,0.011529145704757235,-1.5086666078017392,-2.0,9
2024-01-29,AMZN,0.01638179799483332,-1.8960442079305082,-2.0,9
2024-01-30,AMZN,0.015803085355819618,-2.0686866973474936,-2.0,9
2024-01-31,AMZN,0.010519720620753606,-1.2669262544078683,-2.0,9
2024-02-01,AMZN,0.012370241025214166,-1.1918808613886818,-2.0,9
2024-02-02,AMZN,-0.0185666728329779,2.018594284172974,-2.0,9
2024-02-05,AMZN,-0.018353296498401967,1.8036751191865834,-2.0,9
2024-02-06,AMZN,-0.009772120650512533,1.4060777080777294,-2.0,9
2024-02-07,AMZN,-0.01477036309180962,1.4312861757149582,-2.0,9
2024-02-08,AMZN,-0.016308134638106608,1.105232734659471,-2.0,9
2024-02-09,AMZN,-0.030281636391542813,2.2426164053276567,-2.0,9
2024-02-12,AMZN,-0.025707808409441837,1.941686196835437,-2.0,9
2024-02-13,AMZN,-0.0444185737737945,3.3292378613365745,-2.0,9
2024-02-14,AMZN,-0.030575340788799407,2.139371052014045,-2.0,9
2024-02-15,AMZN,-0.04951808166689755,3.7561094665600594,-2.0,9
2024-02-16,AMZN,-0.05270946152320355,3.465127583396586,-2.0,9
2024-02-20,AMZN,-0.047895080701424446,3.681398689720151,-2.0,9
2024-02-21,AMZN,-0.046636261038186,4.111812098603312,-2.0,9
2024-02-22,AMZN,-0.05686186995489267,3.556658275674788,-2.0,9
2024-02-23,AMZN,-0.04413553714032104,3.040991877125201,-2.0,9
2024-02-26,AMZN,-0.04609023568916649,2.939616886194952,-2.0,9
2024-02-27,AMZN,-0.04059060234326887,2.5273639189862767,-2.0,9
2024-02-28,AMZN,-0.04717076037751552,3.080943914432053,-2.0,9
2024-02-29,AMZN,-0.04247750293049061,3.043432018521941,-2.0,9
2024-03-01,AMZN,-0.04034626851648407,2.9956385789433018,-2.0,9
2024-03-04,AMZN,-0.00293068659377031,-0.3176889881091866,-2.0,9
2024-03-05,AMZN,-0.003794018200278402,0.08409619609204651,-2.0,9
2024-03-06,AMZN,-0.0018335276424652804,-0.3016841689554214,-2.0,9
2024-03-07,AMZN,-0.0015172398422794399,-0.33280030175308356,-2.0,9
2024-03-08,AMZN,-0.0015172398422794399,-0.5736025543302588,-2.0,9
2024-03-11,AMZN,0.0011682419594356524,-0.9562961302248718,-2.0,9
2024-03-12,AMZN,-0.0015172398422794399,-0.44743801531207344,-2.0,9
2024-03-13,AMZN,-0.004485441170929139,-0.007112306169842772,-2.0,9
2024-03-14,AMZN,-0.004708869970846278,0.7006438602895723,-2.0,9
2024-03-15,AMZN,-0.006320367090853578,0.3872246125955425,-2.0,9
2024-03-18,AMZN,-0.007229797450831927,-0.03502534031823998,-2.0,9
2024-03-19,AMZN,-0.007733377603450706,-0.3225252094701925,-2.0,9
2024-03-20,AMZN,-0.008337671338491432,-1.0640440010664716,-2.0,9
2024-03-21,AMZN,-0.007642741528424218,-0.9887896506093893,-2.0,9
2024-03-22,AMZN,-0.007227158262420889,-0.9048374113662057,-2.0,9
2024-03-25,AMZN,-0.005585941731008817,-1.209974427705907,-2.0,9
2024-03-26,AMZN,-0.005824089011662654,-0.8574479341821235,-2.0,9
2024-03-27,AMZN,-0.005824089011662654,-0.6845459325266767,-2.0,9
2024-03-28,AMZN,-0.006047517811579793,-0.6424794931463622,-2.0,9
2024-04-01,AMZN,0.002586380428010479,-1.278030604558766,-2.0,9
2024-04-02,AMZN,0.001555314805220054,-0.7624072066327158,-2.0,9
2024-04-03,AMZN,-0.0004947185794451729,-0.4307923877698769,-2.0,9
2024-04-04,AMZN,-0.011374522436412423,0.637705128660075,-2.0,9
2024-04-05,AMZN,-0.012231137653958661,0.9809726745046199,-2.0,9
2024-04-08,AMZN,-0.01177391714008601,0.9746646656823355,-2.0,9
2024-04-09,AMZN,-0.010085861477852901,1.4274740647879969,-2.0,9
2024-04-10,AMZN,-0.008319454333399964,1.5650354628785572,-2.0,9
2024-04-11,AMZN,-0.01441391429019679,1.7452931820410673,-2.0,9
2024-04-12,AMZN,-0.013372000309121633,1.8096916792049502,-2.0,9
2024-04-15,AMZN,-0.01287679416324263,2.1129843610715224,-2.0,9
2024-04-16,AMZN,-0.01287679416324263,2.4514191589989474,-2.0,9
2024-04-17,AMZN,-0.013521649234902252,2.4315498277448144,-2.0,9
2024-04-18,AMZN,-0.00877900002281823,2.1276775827339227,-2.0,9
2024-04-19,AMZN,-0.00848312847733561,1.7193666904778524,-2.0,9
2024-04-22,AMZN,-0.007630169857400275,1.6275026362078697,-2.0,9
2024-04-23,AMZN,-0.008209253920048544,1.51833893287573,-2.0,9
2024-04-24,AMZN,-0.007630169857400275,1.4019308803437638,-2.0,9
2024-04-25,AMZN,-0.022536235622174848,1.9852575804374688,-2.0,9
2024-04-26,AMZN,-0.023429668160404583,1.2487187982923798,-2.0,9
2024-04-29,AMZN,-0.026754413535121504,1.3095119260371382,-2.0,9
2024-04-30,AMZN,-0.03171115837433921,1.4018285348498352,-2.0,9
2024-05-01,AMZN,-0.03205367717067366,1.496677447308481,-2.0,9
2024-05-02,AMZN,-0.03458121610150522,1.499055864046047,-2.0,9
2024-05-03,AMZN,-0.02977446708097468,0.9653293332503726,-2.0,9
2024-05-06,AMZN,-0.031151462681770867,1.0452738021963845,-2.0,9
2024-05-07,AMZN,-0.025376348024574533,0.9762202972624795,-2.0,9
2024-05-08,AMZN,-0.0259404961409114,0.8648669898568161,-2.0,9
2024-05-09,AMZN,-0.029366958514234442,0.8862346443535944,-2.0,9
2024-05-10,AMZN,-0.02862252070914175,0.311843683324443,-2.0,9
2024-05-13,AMZN,-0.032680541343645404,0.38542814358262084,-2.0,9
2024-05-14,AMZN,-0.033586523669857815,0.17570596615752726,-2.0,9
2024-05-15,AMZN,-0.03176026404909905,0.02317813663178092,-2.0,9
2024-05-16,AMZN,-0.03244538698637535,-0.2184698137486908,-2.0,9
2024-05-17,AMZN,-0.022695422652704057,0.49615347012931355,-2.0,9
2024-05-20,AMZN,-0.022219206223023504,0.8801090278644911,-2.0,9
2024-05-21,AMZN,-0.021595147778964704,1.1151244547182333,-2.0,9
2024-05-22,AMZN,-0.022503275131410344,1.273694883620302,-2.0,9
2024-05-23,AMZN,-0.02143194755102582,-0.20428983187024854,-2.0,9
2024-05-24,AMZN,-0.01653273444829972,-0.9197163968652905,-2.0,9
2024-05-28,AMZN,-0.021855635263171604,0.1614689046979545,-2.0,9
2024-05-29,AMZN,-0.023981765305124407,0.4148781393665918,-2.0,9
2024-05-30,AMZN,-0.01827123587702155,-0.5364044180412073,-2.0,9
2024-05-31,AMZN,0.0022539014178820467,-2.8914617855754408,-2.0,9
2024-06-03,AMZN,-0.022344845262047757,-0.5094095737026018,-2.0,9
2024-06-04,AMZN,-0.00445852153402946,-2.5703076411591157,-2.0,9
2024-06-05,AMZN,-0.022853739402282722,-0.3900504969213743,-2.0,9
2024-06-06,AMZN,-0.022773707577806297,-0.37446487025642006,-2.0,9
2024-06-07,AMZN,-0.008685410374994314,-2.3258435381476286,-2.0,9
2024-06-10,AMZN,-0.01104107734605207,-2.0199728170794273,-2.0,9
2024-06-11,AMZN,-0.009345059735830647,-1.7293298370275247,-2.0,9
2024-06-12,AMZN,-0.009345059735830647,-1.7518159483211218,-2.0,9
2024-06-13,AMZN,-0.00849325590890812,-1.5514396816910043,-2.0,9
2024-06-14,AMZN,-0.005282912415788361,-1.834090650986831,-2.0,9
2024-06-17,AMZN,-0.007948520252356948,-1.486829645772305,-2.0,9
2024-06-18,AMZN,-0.00886536023366771,-1.319096743875523,-2.0,9
2024-06-20,AMZN,-0.011932308069671582,-0.7193996770049046,-2.0,9
2024-06-21,AMZN,-0.027157192663699162,1.3051765116878513,-2.0,9
2024-06-24,AMZN,-0.027387837107531888,1.4562229727747278,-2.0,9
2024-06-25,AMZN,-0.0271572458321408,1.3411829534813573,-2.0,9
2024-06-26,AMZN,-0.028585773949864363,2.1649599644224686,-2.0,9
2024-06-27,AMZN,-0.030374299002888714,2.72107132813174,-2.0,9
2024-06-28,AMZN,-0.03077400342982835,2.3242529619096075,-2.0,9
2024-01-02,GOOGL,0.0016665805538126682,0.6704730522185518,-2.0,9
2024-01-03,GOOGL,-0.0008709651902341858,1.1736882744950223,-2.0,9
2024-01-04,GOOGL,0.00041334485710311993,0.7339556592135914,-2.0,9
2024-01-05,GOOGL,-0.00010681879690251271,0.4909171621461491,-2.0,9
2024-01-08,GOOGL,0.000824271782480992,-0.2555229201095614,-2.0,9
2024-01-09,GOOGL,0.0015238579331736662,0.13442352589338297,-2.0,9
2024-01-10,GOOGL,0.0015238579331736662,0.29116275316721063,-2.0,9
2024-01-11,GOOGL,0.0015238579331736662,0.3560256140322109,-2.0,9
2024-01-12,GOOGL,-0.001172012716711881,-0.7462733693242475,-2.0,9
2024-01-16,GOOGL,0.00224341219178902,-0.6339394323590333,-2.0,9
2024-01-17,GOOGL,0.0016635719881046731,-0.5875861685768289,-2.0,9
2024-01-18,GOOGL,0.004435929507790383,-0.860715290122141,-2.0,9
2024-01-19,GOOGL,0.0022675649978884755,-1.1972408272359334,-2.0,9
2024-01-22,GOOGL,0.0026794014630787824,-1.5979094508213172,-2.0,9
2024-01-23,GOOGL,0.005569260236536189,-2.146032983207843,-2.0,9
2024-01-24,GOOGL,0.0014580690001891018,-1.858424863219398,-2.0,9
2024-01-25,GOOGL,0.014823426335802753,-2.7147625515673917,-2.0,9
2024-01-26,GOOGL,0.01648674153258378,-1.8267286894513064,-2.0,9
2024-01-29,GOOGL,0.021518458657223908,-2.093963645437482,-2.0,9
2024-01-30,GOOGL,0.007871402226731172,-0.7839063050170679,-2.0,9
2024-01-31,GOOGL,0.0031869341989617566,-0.6341349402681462,-2.0,9
2024-02-01,GOOGL,-0.0009933531253131652,-0.419341233610362,-2.0,9
2024-02-02,GOOGL,-0.004961862926647132,-0.2533520446539678,-2.0,9
2024-02-05,GOOGL,-0.0040186707453665,-0.2068410732703413,-2.0,9
2024-02-06,GOOGL,0.0029581980919292368,-0.7382609350550083,-2.0,9
2024-02-07,GOOGL,0.0029581980919292368,-1.013064556616982,-2.0,9
2024-02-08,GOOGL,0.003398455621665163,-1.2034084955440143,-2.0,9
2024-02-09,GOOGL,-0.0073690315076706,-0.6362936300634204,-2.0,9
2024-02-12,GOOGL,-0.004213615116328715,-0.8164206531683443,-2.0,9
2024-02-13,GOOGL,0.00045972340351938787,-1.0345153242241596,-2.0,9
2024-02-14,GOOGL,0.0060752212540647055,-1.8285610304779942,-2.0,9
2024-02-15,GOOGL,0.006692193887585359,-2.1292644556269886,-2.0,9
2024-02-16,GOOGL,0.0011599638792896723,-1.6373848670744988,-2.0,9
2024-02-20,GOOGL,-0.004892662274310786,-0.9607548780768584,-2.0,9
2024-02-21,GOOGL,-0.003261112056527713,-1.0369973140255593,-2.0,9
2024-02-22,GOOGL,-0.0030390802304864723,-1.321819549598625,-2.0,9
2024-02-23,GOOGL,-0.005946175001009365,-1.417740181369941,-2.0,9
2024-02-26,GOOGL,-0.0063654274197807266,-1.8979865085074707,-2.0,9
2024-02-27,GOOGL,-0.007978720101006156,-1.8245888789476983,-2.0,9
2024-02-28,GOOGL,-0.007480295001386197,-2.0514637474679223,-2.0,9
2024-02-29,GOOGL,0.0039112493489226316,-2.1815164259753956,-2.0,9
2024-03-01,GOOGL,0.006692511380045637,-2.1705327896391133,-2.0,9
2024-03-04,GOOGL,0.009645457108574524,-2.2799261793462415,-2.0,9
2024-03-05,GOOGL,0.007010785497856657,-1.9135853808968895,-2.0,9
2024-03-06,GOOGL,0.0094931399251354,-2.4494064057727742,-2.0,9
2024-03-07,GOOGL,0.005033473751799676,-1.8779149656218634,-2.0,9
2024-03-08,GOOGL,0.004287559494833178,-2.092118449167876,-2.0,9
2024-03-11,GOOGL,0.005413012344584265,-2.1107914913565864,-2.0,9
2024-03-12,GOOGL,0.005355212885101561,-1.7601796864208832,-2.0,9
2024-03-13,GOOGL,0.004994663364273721,-1.6593449114712027,-2.0,9
2024-03-14,GOOGL,0.007276594903943492,-1.404321507624228,-2.0,9
2024-03-15,GOOGL,0.00589883867195105,-1.2125471873070297,-2.0,9
2024-03-18,GOOGL,-0.008641450068180194,0.37206317739405603,-2.0,9
2024-03-19,GOOGL,-0.008235501803795843,-0.4004944140398903,-2.0,9
2024-03-20,GOOGL,-0.012664101384056561,-0.8821338973462118,-2.0,9
2024-03-21,GOOGL,-0.01147987215671988,-0.6076627966533046,-2.0,9
2024-03-22,GOOGL,-0.014833581011145014,0.15673930512772044,-2.0,9
2024-03-25,GOOGL,-0.014184835086407685,0.2948730664183064,-2.0,9
2024-03-26,GOOGL,0.007130199573315762,-1.2361504289010536,-2.0,9
2024-03-27,GOOGL,-0.007048829315883108,0.4416361435697382,-2.0,9
2024-03-28,GOOGL,-0.0015678241588938532,-0.1614252644151487,-2.0,9
2024-04-01,GOOGL,-0.01652991661060006,2.5526528527422325,-2.0,9
2024-04-02,GOOGL,-0.0029984973875228217,1.7105740854348852,-2.0,9
2024-04-03,GOOGL,-0.004062910011977112,1.5676833280669573,-2.0,9
2024-04-04,GOOGL,-0.012398042606595367,2.111113345687576,-2.0,9
2024-04-05,GOOGL,-0.008723719534767107,1.602185053610651,-2.0,9
2024-04-08,GOOGL,-0.009968660363506838,1.791650094215358,-2.0,9
2024-04-09,GOOGL,-0.0018390693879328224,1.3156306843768573,-2.0,9
2024-04-10,GOOGL,0.002346635725462783,1.3578691040314923,-2.0,9
2024-04-11,GOOGL,-0.005539768236515604,1.8205058858704055,-2.0,9
2024-04-12,GOOGL,0.0002365831061569243,1.4949646722240753,-2.0,9
2024-04-15,GOOGL,-0.0034932071997436673,1.8728370248423274,-2.0,9
2024-04-16,GOOGL,0.009141970999939826,0.46749300008690453,-2.0,9
2024-04-17,GOOGL,0.009250410721039883,0.9306935302329464,-2.0,9
2024-04-18,GOOGL,0.012991144845366393,0.7610542261435678,-2.0,9
2024-04-19,GOOGL,0.008741015735701735,0.8364368286698983,-2.0,9
2024-04-22,GOOGL,0.012533694159544933,0.18949415678879777,-2.0,9
2024-04-23,GOOGL,0.011541564979801478,0.29309061196670494,-2.0,9
2024-04-24,GOOGL,0.010834760579426563,1.1303418604445512,-2.0,9
2024-04-25,GOOGL,0.007164535438694141,1.2902261308456344,-2.0,9
2024-04-26,GOOGL,-0.003709281814128313,1.6209555335584072,-2.0,9
2024-04-29,GOOGL,-0.0016696768563241482,0.7096156487129851,-2.0,9
2024-04-30,GOOGL,-0.004513858453871191,0.7794365388234581,-2.0,9
2024-05-01,GOOGL,-0.002800038461772497,1.072243890202135,-2.0,9
2024-05-02,GOOGL,0.0027297735696367544,0.7104285485720893,-2.0,9
2024-05-03,GOOGL,-0.030196023396416027,2.02143033974884,-2.0,9
2024-05-06,GOOGL,-0.0398575184229436,2.2244148888431265,-2.0,9
2024-05-07,GOOGL,-0.037224357227747286,2.319163056418363,-2.0,9
2024-05-08,GOOGL,-0.03884265769913262,2.2121285599915876,-2.0,9
2024-05-09,GOOGL,-0.0487920091919343,2.4334162370531662,-2.0,9
2024-05-10,GOOGL,-0.04915266717618905,2.68347569932153,-2.0,9
2024-05-13,GOOGL,-0.054609831007527136,3.1907611377511,-2.0,9
2024-05-14,GOOGL,-0.04622956729150693,2.324172357634259,-2.0,9
2024-05-15,GOOGL,-0.04299929607962884,1.7411107163304664,-2.0,9
2024-05-16,GOOGL,-0.041395649057370296,1.686235439769702,-2.0,9
2024-05-17,GOOGL,-0.026562935420003174,2.0310335461483815,-2.0,9
2024-05-20,GOOGL,-0.017560915506432653,1.4167593418480005,-2.0,9
2024-05-21,GOOGL,-0.015978213371141827,1.7222257817792563,-2.0,9
2024-05-22,GOOGL,-0.025507187024634545,2.399680909935548,-2.0,9
2024-05-23,GOOGL,-0.030735582321892958,1.3290384488929705,-2.0,9
2024-05-24,GOOGL,-0.00038322150965024166,-2.6398542138039818,-2.0,9
2024-05-28,GOOGL,0.00023080158933558743,-1.572945603898762,-2.0,9
2024-05-29,GOOGL,0.0005711892562236258,-1.3481045232320545,-2.0,9
2024-05-30,GOOGL,-0.003527668894272346,-1.8949610521782376,-2.0,9
2024-05-31,GOOGL,-0.0025737113963167422,-1.5814500707112151,-2.0,9
2024-06-03,GOOGL,-0.004751127189559349,-2.189614153901004,-2.0,9
2024-06-04,GOOGL,-0.004751127189559349,-1.6565998739474421,-2.0,9
2024-06-05,GOOGL,-0.004751127189559349,-2.3027232249957694,-2.0,9
2024-06-06,GOOGL,-0.0035567367333279045,-2.5106115892848906,-2.0,9
2024-06-07,GOOGL,-0.0038253104914291514,-2.5055333158871043,-2.0,9
2024-06-10,GOOGL,-0.004246736763171636,-2.356444941774317,-2.0,9
2024-06-11,GOOGL,-0.003748891199414095,-1.9242053791393658,-2.0,9
2024-06-12,GOOGL,-0.006745660805487915,-1.6501311429480214,-2.0,9
2024-06-13,GOOGL,-0.006522232005570776,-1.5342762323800703,-2.0,9
2024-06-14,GOOGL,-0.004619742599521196,-1.787015256287422,-2.0,9
2024-06-17,GOOGL,-0.0039349836717298475,-1.744490915325245,-2.0,9
2024-06-18,GOOGL,-0.0034987631108106495,-1.7973085787497733,-2.0,9
2024-06-20,GOOGL,-0.003306608644724459,-1.9738990708981785,-2.0,9
2024-06-21,GOOGL,-0.0068415158120503795,-1.3711853795424958,-2.0,9
2024-06-24,GOOGL,-0.006522232005570776,-1.1335376098841583,-2.0,9
2024-06-25,GOOGL,-0.005569300884834261,-0.994168232481345,-2.0,9
2024-06-26,GOOGL,-0.008012783219928666,-0.5101447702787331,-2.0,9
2024-06-27,GOOGL,-0.011506102368832935,-0.35395107520995106,-2.0,9
2024-06-28,GOOGL,-0.008991435722502583,-0.8421839448197562,-2.0,9
2024-01-02,INTC,0.002013397156087129,1.86775380587147,-2.0,9
2024-01-03,INTC,-0.0059014796441086825,2.2141203871171093,-2.0,9
2024-01-04,INTC,-0.006012125817026976,2.571739918221424,-2.0,9
2024-01-05,INTC,-0.006788317480654269,2.296507485073702,-2.0,9
2024-01-08,INTC,-0.0054436273673314495,2.0485113562185275,-2.0,9
2024-01-09,INTC,-0.002163616213352578,1.5576861783545317,-2.0,9
2024-01-10,INTC,0.008655255135523652,-0.11634779787785043,-2.0,9
2024-01-11,INTC,0.010033695072838236,0.09379416676624253,-2.0,9
2024-01-12,INTC,0.011228213238125829,-2.225987293936932,-2.0,9
2024-01-16,INTC,0.01727227594031932,-2.696318997337905,-2.0,9
2024-01-17,INTC,0.015627761928808985,-3.067374072244282,-2.0,9
2024-01-18,INTC,0.011208554882632877,-2.119696802752995,-2.0,9
2024-01-19,INTC,0.006130900196942891,-2.2306010244021364,-2.0,9
2024-01-22,INTC,0.009899613099808404,-2.4451783489101966,-2.0,9
2024-01-23,INTC,0.007186031680434838,-2.470663671028138,-2.0,9
2024-01-24,INTC,-0.007278529573360132,-0.8405150988821788,-2.0,9
2024-01-25,INTC,-0.010269976380873201,0.22186977828810261,-2.0,9
2024-01-26,INTC,0.016129183371524098,-3.842728387502186,-2.0,9
2024-01-29,INTC,0.01069295221135961,-2.8651301744845092,-2.0,9
2024-01-30,INTC,0.012073009243126168,-3.24227183563658,-2.0,9
2024-01-31,INTC,0.013109979527893285,-2.7497624945727672,-2.0,9
2024-02-01,INTC,0.013109979527893285,-2.5086724018644233,-2.0,9
2024-02-02,INTC,0.014178856236784441,-2.9804081649051803,-2.0,9
2024-02-05,INTC,0.0124923441867844,-2.6192508793761466,-2.0,9
2024-02-06,INTC,0.013691684782486453,-3.1149612989543067,-2.0,9
2024-02-07,INTC,0.012554744995250602,-3.0332643270046478,-2.0,9
2024-02-08,INTC,0.009838320361488169,-2.8104555160620026,-2.0,9
2024-02-09,INTC,0.013604741922833738,-3.8289961312017526,-2.0,9
2024-02-12,INTC,0.011502450212177625,-3.146596132251276,-2.0,9
2024-02-13,INTC,0.014321250394266604,-3.048332049386967,-2.0,9
2024-02-14,INTC,0.008182926049863797,-2.6055139809150454,-2.0,9
2024-02-15,INTC,0.007147981192079507,-2.643839242231625,-2.0,9
2024-02-16,INTC,0.0070085852777894,-2.5636148362745907,-2.0,9
2024-02-20,INTC,0.0007809769389927562,-1.8632745284748164,-2.0,9
2024-02-21,INTC,0.002034587033318174,-2.40232910717617,-2.0,9
2024-02-22,INTC,-0.0034059137889649806,-2.0214503926096405,-2.0,9
2024-02-23,INTC,-0.0021475880766376704,-2.3724600308242656,-2.0,9
2024-02-26,INTC,-0.017092574127716195,-0.32942328454105885,-2.0,9
2024-02-27,INTC,-0.020463944046961467,-0.08988021393779524,-2.0,9
2024-02-28,INTC,-0.019763777340112323,-0.23500962942465148,-2.0,9
2024-02-29,INTC,-0.026647592568392046,0.43455299596523433,-2.0,9
2024-03-01,INTC,-0.009573836920138341,-0.46438958661427365,-2.0,9
2024-03-04,INTC,-0.007345436835696882,0.42687685736490405,-2.0,9
2024-03-05,INTC,0.009565059722886906,-1.2444573673942019,-2.0,9
2024-03-06,INTC,0.00506852842318879,-0.9154852261071448,-2.0,9
2024-03-07,INTC,0.006278854261879309,-0.8006492120688393,-2.0,9
2024-03-08,INTC,0.011905493025041815,-1.6671430666819012,-2.0,9
2024-03-11,INTC,0.012629570550201377,-1.4557295584430545,-2.0,9
2024-03-12,INTC,0.008262828445396185,-1.1170146591481664,-2.0,9
2024-03-13,INTC,0.010526443188174146,-1.6983749804838844,-2.0,9
2024-03-14,INTC,0.00918173480767476,-1.7775705603384404,-2.0,9
2024-03-15,INTC,0.007633273992701071,-1.6417601826901522,-2.0,9
2024-03-18,INTC,0.010212647005682397,-2.192565680461938,-2.0,9
2024-03-19,INTC,0.006317642335213349,-2.334389180612858,-2.0,9
2024-03-20,INTC,0.0005026002455775006,-2.4451304610342386,-2.0,9
2024-03-21,INTC,0.0030755583481796786,-2.3643743228735388,-2.0,9
2024-03-22,INTC,-0.0006886709875272355,-1.959184372101861,-2.0,9
2024-03-25,INTC,0.001611771180794938,-2.5119541663903697,-2.0,9
2024-03-26,INTC,0.0018235480612633149,-2.123562759869236,-2.0,9
2024-03-27,INTC,0.0004945782948936718,-1.3205794765837189,-2.0,9
2024-03-28,INTC,0.0030643989085601922,-1.5731895214320484,-2.0,9
2024-04-01,INTC,0.005956877850203386,-1.6456501507415662,-2.0,9
2024-04-02,INTC,-0.0017022186798157392,-1.1212423442537394,-2.0,9
2024-04-03,INTC,0.002526452530180013,-2.2779983206566548,-2.0,9
2024-04-04,INTC,8.818639648601866e-05,-2.3377026878796805,-2.0,9
2024-04-05,INTC,0.013610762382808133,-3.8309773587688856,-2.0,9
2024-04-08,INTC,0.00915592250046246,-3.1880020400396027,-2.0,9
2024-04-09,INTC,0.013205720139238963,-2.9714220173649477,-2.0,9
2024-04-10,INTC,0.023266576171193418,-3.4457739520879738,-2.0,9
2024-04-11,INTC,0.01249476001597636,-2.8725890831027887,-2.0,9
2024-04-12,INTC,0.017877277662830517,-3.2207144727494246,-2.0,9
2024-04-15,INTC,0.012629206894314932,-2.8609832378877154,-2.0,9
2024-04-16,INTC,0.011341994268324052,-2.6725732832915448,-2.0,9
2024-04-17,INTC,0.026631645947198627,-3.619767110690633,-2.0,9
2024-04-18,INTC,0.02707573256955166,-4.078467589192564,-2.0,9
2024-04-19,INTC,0.02870872975142438,-4.454246387287313,-2.0,9
2024-04-22,INTC,0.026163620653170166,-4.361002477669418,-2.0,9
2024-04-23,INTC,0.025125819503056427,-4.436602692162225,-2.0,9
2024-04-24,INTC,0.02454566149707736,-3.0388939526244374,-2.0,9
2024-04-25,INTC,0.012275468184507678,-2.6385280897625463,-2.0,9
2024-04-26,INTC,0.027602413955766257,-3.747738661239738,-2.0,9
2024-04-29,INTC,0.014381307270863817,-3.540436487835713,-2.0,9
2024-04-30,INTC,0.009237807160267267,-3.2940159539027736,-2.0,9
2024-05-01,INTC,0.005774758245109967,-2.8342956087435334,-2.0,9
2024-05-02,INTC,0.0036711186437162406,-2.9135572832312047,-2.0,9
2024-05-03,INTC,0.0032628982829504775,-2.936634638778211,-2.0,9
2024-05-06,INTC,0.0060272168129389785,-2.967326978301363,-2.0,9
2024-05-07,INTC,0.018413965915798258,-3.1699321920977575,-2.0,9
2024-05-08,INTC,0.01864841438105016,-3.1742269013257856,-2.0,9
2024-05-09,INTC,0.003977066049368951,-2.850803032143795,-2.0,9
2024-05-10,INTC,0.0015021718548463225,-4.211207343893875,-2.0,9
2024-05-13,INTC,-0.004643966782741502,-4.145331288634404,-2.0,9
2024-05-14,INTC,-0.005690598716264603,-4.288905694596472,-2.0,9
2024-05-15,INTC,-0.005112311207602005,-3.4338543880848653,-2.0,9
2024-05-16,INTC,-0.011458050804027816,-3.212357968926322,-2.0,9
2024-05-17,INTC,0.0045714079356958415,-4.444488493676603,-2.0,9
2024-05-20,INTC,0.006933095012366977,-4.926826836980134,-2.0,9
2024-05-21,INTC,0.010836463446143453,-4.332430443911377,-2.0,9
2024-05-22,INTC,0.014612550309565165,-4.130537147692616,-2.0,9
2024-05-23,INTC,0.006545775113482279,-4.566437019864717,-2.0,9
2024-05-24,INTC,-0.008293972501022566,-2.2837932874443867,-2.0,9
2024-05-28,INTC,-0.011837573912938647,-0.970181055973335,-2.0,9
2024-05-29,INTC,-0.010421533156262697,-1.1470594837489778,-2.0,9
2024-05-30,INTC,-0.015063062213846595,-0.956356187870826,-2.0,9
2024-05-31,INTC,-0.004376886437568117,-1.5815842793001234,-2.0,9
2024-06-03,INTC,-0.015133898160083743,-1.2503063086091961,-2.0,9
2024-06-04,INTC,-0.013688302869367484,-1.1068878519682017,-2.0,9
2024-06-05,INTC,-0.016791369433247074,-0.8503544376825993,-2.0,9
2024-06-06,INTC,-0.011567874585457605,-1.6645772750963563,-2.0,9
2024-06-07,INTC,-0.010046750126406753,-1.7177711061933174,-2.0,9
2024-06-10,INTC,-0.005642145707406832,-2.241552652459604,-2.0,9
2024-06-11,INTC,-0.006584017160735975,-1.9230570780588632,-2.0,9
2024-06-12,INTC,-0.01243432549350695,-1.5184329388305216,-2.0,9
2024-06-13,INTC,-0.00851706510460767,-1.6521558295164531,-2.0,9
2024-06-14,INTC,-0.012195995113199114,-1.5436176498017309,-2.0,9
2024-06-17,INTC,-0.006358314998270181,-1.7623719447829542,-2.0,9
2024-06-18,INTC,-0.007272624709710162,-1.7040689258008506,-2.0,9
2024-06-20,INTC,-0.007625901765688389,-1.632353831790946,-2.0,9
2024-06-21,INTC,-0.002451998324799681,-2.1709148964078677,-2.0,9
2024-06-24,INTC,0.0009437063160537562,-2.3702657124910393,-2.0,9
2024-06-25,INTC,-0.006604063855381246,-1.5198669291715952,-2.0,9
2024-06-26,INTC,-0.005917159340634833,-1.5952806193526352,-2.0,9
2024-06-27,INTC,-0.0022420264859943453,-2.2749589329193762,-2.0,9
2024-06-28,INTC,-0.002527483885416753,-2.2306510556554766,-2.0,9
2024-01-02,MSFT,-0.02323722625862958,0.38069335172319185,-2.0,9
2024-01-03,MSFT,-0.02589490737698666,0.9196484997537415,-2.0,9
2024-01-04,MSFT,-0.02496634346593643,0.9398526185867433,-2.0,9
2024-01-05,MSFT,-0.023896875619465914,0.8196687064076628,-2.0,9
2024-01-08,MSFT,-0.026118104189523587,0.8967584708222789,-2.0,9
2024-01-09,MSFT,-0.02570275291090047,0.8370751196291899,-2.0,9
2024-01-10,MSFT,-0.028481923723447378,1.339073446254771,-2.0,9
2024-01-11,MSFT,-0.028705299354922872,1.1168068471441281,-2.0,9
2024-01-12,MSFT,-0.04643675732138283,2.8405960979576026,-2.0,9
2024-01-16,MSFT,-0.019106908310448107,1.4228768381617207,-2.0,9
2024-01-17,MSFT,-0.024930810259258314,1.9592134541709705,-2.0,9
2024-01-18,MSFT,-0.024012526645205867,2.00968384895769,-2.0,9
2024-01-19,MSFT,-0.028229508542848326,2.609604772403808,-2.0,9
2024-01-22,MSFT,-0.02754356032175996,2.0576861349884976,-2.0,9
2024-01-23,MSFT,-0.022013943588648006,1.6351787504993458,-2.0,9
2024-01-24,MSFT,-0.0146522991589435,0.8952278985892247,-2.0,9
2024-01-25,MSFT,-0.0146522991589435,1.9149972514873088,-2.0,9
2024-01-26,MSFT,-0.0070337269079661004,1.6784172462254938,-2.0,9
2024-01-29,MSFT,-0.024752077646988772,3.139795949509283,-2.0,9
2024-01-30,MSFT,-0.02864389717949351,3.6782192322223763,-2.0,9
2024-01-31,MSFT,-0.0390155132721143,4.610729253014335,-2.0,9
2024-02-01,MSFT,-0.04458212182089765,4.232189955186697,-2.0,9
2024-02-02,MSFT,-0.049424068922444477,4.432057597240369,-2.0,9
2024-02-05,MSFT,-0.04905493500203076,4.099421336880809,-2.0,9
2024-02-06,MSFT,-0.03867735733926497,4.121279210350867,-2.0,9
2024-02-07,MSFT,-0.04893351907480635,4.524043605671082,-2.0,9
2024-02-08,MSFT,-0.04909023858111727,3.6476114125058112,-2.0,9
2024-02-09,MSFT,-0.04240216565448861,3.184536381608177,-2.0,9
2024-02-12,MSFT,-0.04173090960972208,3.132800261279812,-2.0,9
2024-02-13,MSFT,-0.040576257835331336,2.475194825024863,-2.0,9
2024-02-14,MSFT,-0.03788427156134765,2.1345207106739625,-2.0,9
2024-02-15,MSFT,-0.043352455753648565,2.539433521237448,-2.0,9
2024-02-16,MSFT,-0.05144940463035265,2.658982357631425,-2.0,9
2024-02-20,MSFT,-0.05211288516484917,3.317507171183233,-2.0,9
2024-02-21,MSFT,-0.04933348236492204,3.5433021289885733,-2.0,9
2024-02-22,MSFT,-0.054048514699587935,2.6563191168641196,-2.0,9
2024-02-23,MSFT,-0.04573696581841916,2.394038824539112,-2.0,9
2024-02-26,MSFT,-0.0445335281528155,2.0844956340955334,-2.0,9
2024-02-27,MSFT,-0.04105353016134436,1.8060164357706971,-2.0,9
2024-02-28,MSFT,-0.04280118946104239,1.8173667547323362,-2.0,9
2024-02-29,MSFT,-0.038246741898645346,1.7644794852891308,-2.0,9
2024-03-01,MSFT,-0.03821546756481439,2.029049778071782,-2.0,9
2024-03-04,MSFT,-0.035884846814311436,2.3181078394082544,-2.0,9
2024-03-05,MSFT,-0.035294753182953865,2.6853223470802976,-2.0,9
2024-03-06,MSFT,-0.03458449292534495,2.9530110642586846,-2.0,9
2024-03-07,MSFT,-0.03439233845925876,2.644659694133494,-2.0,9
2024-03-08,MSFT,-0.03439233845925876,1.6820950387118645,-2.0,9
2024-03-11,MSFT,-0.031153067750892643,1.8901192465233108,-2.0,9
2024-03-12,MSFT,-0.03533889246275626,2.0451746737636873,-2.0,9
2024-03-13,MSFT,-0.041706201643173416,2.747893536748742,-2.0,9
2024-03-14,MSFT,-0.038341492075220314,4.005045578718286,-2.0,9
2024-03-15,MSFT,-0.043211967098259856,3.661738778614623,-2.0,9
2024-03-18,MSFT,-0.04415237146044118,3.256908353671812,-2.0,9
2024-03-19,MSFT,-0.04878579114567836,2.2812903916595477,-2.0,9
2024-03-20,MSFT,-0.05155183607908149,1.9428168329555673,-2.0,9
2024-03-21,MSFT,-0.050122653025437704,2.9451676112208216,-2.0,9
2024-03-22,MSFT,-0.049901606402907965,3.427808869586192,-2.0,9
2024-03-25,MSFT,-0.052718429227439696,2.7480849449479887,-2.0,9
2024-03-26,MSFT,-0.05088355378715474,3.2059573104147403,-2.0,9
2024-03-27,MSFT,-0.05088355378715474,4.18382522706772,-2.0,9
2024-03-28,MSFT,-0.04994955184094268,4.169023605543958,-2.0,9
2024-04-01,MSFT,-0.04604756405816032,4.231254641915109,-2.0,9
2024-04-02,MSFT,-0.045679292535901084,4.758255194095732,-2.0,9
2024-04-03,MSFT,-0.051920730698762976,4.968090855991074,-2.0,9
2024-04-04,MSFT,-0.05144940463035265,4.645216575717755,-2.0,9
2024-04-05,MSFT,-0.051920730698762976,4.803683945031951,-2.0,9
2024-04-08,MSFT,-0.051920730698762976,4.654979555297531,-2.0,9
2024-04-09,MSFT,-0.050114853407328436,4.645265086362198,-2.0,9
2024-04-10,MSFT,-0.050307007873414626,4.629244145880385,-2.0,9
2024-04-11,MSFT,-0.05188945636493202,4.421510377293488,-2.0,9
2024-04-12,MSFT,-0.04825848172546258,3.949068415407852,-2.0,9
2024-04-15,MSFT,-0.04736626517831887,4.379383686913295,-2.0,9
2024-04-16,MSFT,-0.04818172164133489,4.649281965000308,-2.0,9
2024-04-17,MSFT,-0.04637584434990035,4.380094328259783,-2.0,9
2024-04-18,MSFT,-0.041937642984201724,4.369829582007074,-2.0,9
2024-04-19,MSFT,-0.04078625489827991,4.317710525351126,-2.0,9
2024-04-22,MSFT,-0.04061942845403319,4.2448332123643056,-2.0,9
2024-04-23,MSFT,-0.04233538761524021,4.499070038677943,-2.0,9
2024-04-24,MSFT,-0.045574658323606326,3.5678978660731953,-2.0,9
2024-04-25,MSFT,-0.04071689756001817,2.7689193367355327,-2.0,9
2024-04-26,MSFT,-0.03817026799243023,1.6837746613945674,-2.0,9
2024-04-29,MSFT,-0.03776962332969084,1.3608339222972643,-2.0,9
2024-04-30,MSFT,-0.03792839319658247,1.3074545215742808,-2.0,9
2024-05-01,MSFT,-0.03748360552527622,1.2540117461309106,-2.0,9
2024-05-02,MSFT,-0.03977839167005774,0.9436407800720314,-2.0,9
2024-05-03,MSFT,-0.04090589777314195,0.8991943897882337,-2.0,9
2024-05-06,MSFT,-0.043026655297813625,1.004551919945538,-2.0,9
2024-05-07,MSFT,-0.03444244009912399,0.6824406032069198,-2.0,9
2024-05-08,MSFT,-0.039671027098492975,0.9234904198592593,-2.0,9
2024-05-09,MSFT,-0.040975240786309326,0.8858125432588034,-2.0,9
2024-05-10,MSFT,-0.04886618721307115,1.4874646851531828,-2.0,9
2024-05-13,MSFT,-0.0503449319625553,1.6736706684266698,-2.0,9
2024-05-14,MSFT,-0.04967982399278198,1.3921583021512116,-2.0,9
2024-05-15,MSFT,-0.047968671335196125,1.1156661112469994,-2.0,9
2024-05-16,MSFT,-0.04852797049107971,1.2188098743209537,-2.0,9
2024-05-17,MSFT,-0.04260535417607919,2.9551565809380236,-2.0,9
2024-05-20,MSFT,-0.03939837959301359,3.895190029922,-2.0,9
2024-05-21,MSFT,-0.03660574242303822,3.5404407298113347,-2.0,9
2024-05-22,MSFT,-0.03554999402766958,2.884502154339975,-2.0,9
2024-05-23,MSFT,-0.0456803884222185,2.444279286557051,-2.0,9
2024-05-24,MSFT,-0.04773896533918465,3.2369834704971723,-2.0,9
2024-05-28,MSFT,-0.05034602865691321,3.664786067482639,-2.0,9
2024-05-29,MSFT,-0.06034918418193649,4.075438327615055,-2.0,9
2024-05-30,MSFT,-0.04783473038352187,3.4747035700031175,-2.0,9
2024-05-31,MSFT,-0.05125725016426646,3.813358726965301,-2.0,9
2024-06-03,MSFT,-0.05125725016426646,4.094380560641114,-2.0,9
2024-06-04,MSFT,-0.048254650551802405,4.019763935731331,-2.0,9
2024-06-05,MSFT,-0.05214276252480422,4.221104095289665,-2.0,9
2024-06-06,MSFT,-0.05125725016426646,4.129004830280524,-2.0,9
2024-06-07,MSFT,-0.051920730698762976,3.9410710952810066,-2.0,9
2024-06-10,MSFT,-0.051920730698762976,2.5690293814746195,-2.0,9
2024-06-11,MSFT,-0.051920730698762976,3.042381926147477,-2.0,9
2024-06-12,MSFT,-0.05169730189884583,2.802265694433428,-2.0,9
2024-06-13,MSFT,-0.049901606402907965,2.7462043378838814,-2.0,9
2024-06-14,MSFT,-0.049901606402907965,2.5114706231485657,-2.0,9
2024-06-17,MSFT,-0.054266457568373075,2.7450997531406562,-2.0,9
2024-06-18,MSFT,-0.05103219392907251,2.512296573268147,-2.0,9
2024-06-20,MSFT,-0.038192994978423524,2.7421490904085415,-2.0,9
2024-06-21,MSFT,-0.037971948355893785,2.7735337036090337,-2.0,9
2024-06-24,MSFT,-0.037971948355893785,3.187644757010513,-2.0,9
2024-06-25,MSFT,-0.037971948355893785,2.864980490462846,-2.0,9
2024-06-26,MSFT,-0.035485601587682165,2.80264596780468,-2.0,9
2024-06-27,MSFT,-0.040513085765273175,3.5521948025555123,-2.0,9
2024-06-28,MSFT,-0.031066747890070478,2.3655252732480596,-2.0,9
2024-01-02,NVDA,-0.00985225082149147,0.7760138769193409,-2.0,9
2024-01-03,NVDA,-0.00700004737671124,0.8523157649097499,-2.0,9
2024-01-04,NVDA,-0.00700004737671124,0.8960221709625573,-2.0,9
2024-01-05,NVDA,-0.006351535684393701,1.3468070021538319,-2.0,9
2024-01-08,NVDA,-0.014147684959011834,2.020615055234675,-2.0,9
2024-01-09,NVDA,-0.02527183433895819,2.5719825185399605,-2.0,9
2024-01-10,NVDA,-0.044123649027482593,4.2396696345578535,-2.0,9
2024-01-11,NVDA,-0.048772932252748806,4.070226334909025,-2.0,9
2024-01-12,NVDA,-0.040463899871076243,3.9768124893045322,-2.0,9
2024-01-16,NVDA,-0.04565313647491635,5.4753709949728995,-2.0,9
2024-01-17,NVDA,-0.04452942147761311,5.425443301537256,-2.0,9
2024-01-18,NVDA,-0.04781528199120693,5.840363111244205,-2.0,9
2024-01-19,NVDA,-0.03143162536789458,4.837297972335713,-2.0,9
2024-01-22,NVDA,-0.03625643532337676,5.340741998113627,-2.0,9
2024-01-23,NVDA,-0.02832448653265754,4.558105519631317,-2.0,9
2024-01-24,NVDA,-0.02499713798249013,4.590538438900175,-2.0,9
2024-01-25,NVDA,-0.01913871506838506,4.342494838443962,-2.0,9
2024-01-26,NVDA,-0.0034387851534481524,2.568834710641453,-2.0,9
2024-01-29,NVDA,-0.010934513669250226,3.0799377267034713,-2.0,9
2024-01-30,NVDA,-0.001111274339162347,1.860262895701215,-2.0,9
2024-01-31,NVDA,-0.0042877373602158335,2.549211508402266,-2.0,9
2024-02-01,NVDA,-0.01843867256471531,3.7486272085492387,-2.0,9
2024-02-02,NVDA,-0.002765572870723802,1.8394043470985044,-2.0,9
2024-02-05,NVDA,-0.004361601290452605,2.0889309771971867,-2.0,9
2024-02-06,NVDA,-0.010212426307983113,2.8110371307846584,-2.0,9
2024-02-07,NVDA,-0.013068773691973432,2.780087438159588,-2.0,9
2024-02-08,NVDA,-0.04333430569485649,4.840069134245127,-2.0,9
2024-02-09,NVDA,-0.027481342040713383,3.540653211312334,-2.0,9
2024-02-12,NVDA,-0.025273314016049493,3.5866799871799535,-2.0,9
2024-02-13,NVDA,-0.030126673705401272,3.797068544791209,-2.0,9
2024-02-14,NVDA,-0.03420384582972457,4.094684415937022,-2.0,9
2024-02-15,NVDA,-0.02042826908813278,2.8436598161165456,-2.0,9
2024-02-16,NVDA,-0.05208421509453609,4.641338711095708,-2.0,9
2024-02-20,NVDA,-0.022381860223594063,2.634089970860345,-2.0,9
2024-02-21,NVDA,-0.017821209794960206,2.0711965441005553,-2.0,9
2024-02-22,NVDA,-0.0504089686774051,4.441625670688571,-2.0,9
2024-02-23,NVDA,-0.050383503117395464,4.958826862637995,-2.0,9
2024-02-26,NVDA,-0.050519394557066374,4.95040305735772,-2.0,9
2024-02-27,NVDA,-0.057161865265664843,5.659395271745206,-2.0,9
2024-02-28,NVDA,-0.05453570953894696,5.185685520218582,-2.0,9
2024-02-29,NVDA,-0.04783668141102916,4.901028675679724,-2.0,9
2024-03-01,NVDA,-0.04403476564072553,4.977410838379775,-2.0,9
2024-03-04,NVDA,-0.04706267537809866,5.793068456645071,-2.0,9
2024-03-05,NVDA,-0.04603090969849254,6.168315449919394,-2.0,9
2024-03-06,NVDA,-0.03785076257233914,5.810500213921474,-2.0,9
2024-03-07,NVDA,-0.04158377872169873,5.946927971173834,-2.0,9
2024-03-08,NVDA,-0.058055466839274567,6.373148898884692,-2.0,9
2024-03-11,NVDA,-0.039328238268463364,5.399868434032867,-2.0,9
2024-03-12,NVDA,-0.05022208193161093,5.864724274585043,-2.0,9
2024-03-13,NVDA,-0.044005763941449796,5.438379278998434,-2.0,9
2024-03-14,NVDA,0.002278813184211734,1.9840862040854177,-2.0,9
2024-03-15,NVDA,-0.017631730317637484,3.784304444196829,-2.0,9
2024-03-18,NVDA,-0.025322085714688428,4.026627375082848,-2.0,9
2024-03-19,NVDA,-0.06878544230904361,6.026257671804404,-2.0,9
2024-03-20,NVDA,-0.07688594821442711,6.221370163963837,-2.0,9
2024-03-21,NVDA,-0.04155651330121862,3.886126917538716,-2.0,9
2024-03-22,NVDA,-0.03930905710260892,4.507900793588812,-2.0,9
2024-03-25,NVDA,-0.05294711015479543,4.876541606225228,-2.0,9
2024-03-26,NVDA,-0.031956957128759816,3.413761318815352,-2.0,9
2024-03-27,NVDA,-0.025890666827345914,3.3257210109993416,-2.0,9
2024-03-28,NVDA,-0.021035754899171255,2.7248043416996115,-2.0,9
2024-04-01,NVDA,-0.016873512020413702,2.0806700960575415,-2.0,9
2024-04-02,NVDA,0.005853697417098565,-0.828991199278627,-2.0,9
2024-04-03,NVDA,-0.0002670362428705311,-0.6264505778114893,-2.0,9
2024-04-04,NVDA,0.004743787154089934,-1.8384102705209697,-2.0,9
2024-04-05,NVDA,0.011148283289276348,-2.3749924021957662,-2.0,9
2024-04-08,NVDA,0.01782266409359992,-2.51424353796521,-2.0,9
2024-04-09,NVDA,0.01931697437224725,-2.025807437784166,-2.0,9
2024-04-10,NVDA,0.0201987054277972,-1.9364552833429225,-2.0,9
2024-04-11,NVDA,0.015160790658058285,-1.6056114201678118,-2.0,9
2024-04-12,NVDA,0.01911958385254661,-1.2306632444709389,-2.0,9
2024-04-15,NVDA,0.02385119839712996,-2.1425961702102647,-2.0,9
2024-04-16,NVDA,0.021200119824971022,-1.435974406902708,-2.0,9
2024-04-17,NVDA,0.021336934481897225,-1.8199504292478177,-2.0,9
2024-04-18,NVDA,0.01995066070278527,-1.6940657117398779,-2.0,9
2024-04-19,NVDA,0.002764101597215469,-1.4380017684507769,-2.0,9
2024-04-22,NVDA,-0.00028173338351362715,-1.1633564433731676,-2.0,9
2024-04-23,NVDA,-0.002676675334277255,-0.9161315583181608,-2.0,9
2024-04-24,NVDA,-0.0009287792403541332,-0.8455569749570793,-2.0,9
2024-04-25,NVDA,-0.003314117061639899,0.06039659416969001,-2.0,9
2024-04-26,NVDA,-0.07228406689645694,3.380285604199795,-2.0,9
2024-04-29,NVDA,-0.07086125023188361,3.2346429877302545,-2.0,9
2024-04-30,NVDA,-0.06486008038483707,3.0997263965500093,-2.0,9
2024-05-01,NVDA,-0.06041598603430612,2.2110371128253195,-2.0,9
2024-05-02,NVDA,-0.08345745885763503,3.3610379295021935,-2.0,9
2024-05-03,NVDA,-0.06821721451929437,2.7652480602258094,-2.0,9
2024-05-06,NVDA,-0.0722510804818094,3.261668206655937,-2.0,9
2024-05-07,NVDA,-0.06579115494696856,3.056562058118451,-2.0,9
2024-05-08,NVDA,-0.061236823235684065,2.548686396935152,-2.0,9
2024-05-09,NVDA,-0.06716314315728096,2.1286333826888804,-2.0,9
2024-05-10,NVDA,-0.07352993739266867,3.8146766281612052,-2.0,9
2024-05-13,NVDA,-0.06224756244391075,3.317317408741695,-2.0,9
2024-05-14,NVDA,-0.06624863634153863,3.3525985898627044,-2.0,9
2024-05-15,NVDA,-0.07108860650413172,3.764060836742285,-2.0,9
2024-05-16,NVDA,-0.06607038342796488,3.476110460800843,-2.0,9
2024-05-17,NVDA,-0.019760822660156968,2.05737035363316,-2.0,9
2024-05-20,NVDA,-0.011889007072281901,1.31888452949567,-2.0,9
2024-05-21,NVDA,0.007005230443389,-0.8704125149722703,-2.0,9
2024-05-22,NVDA,0.004939051030098671,0.02713392378428825,-2.0,9
2024-05-23,NVDA,-0.05160122776260417,4.650313169232549,-2.0,9
2024-05-24,NVDA,-0.04032607013425977,4.059831115160343,-2.0,9
2024-05-28,NVDA,0.007663103907188223,-0.13373507411984553,-2.0,9
2024-05-29,NVDA,0.016393988296416345,-0.6059827920795589,-2.0,9
2024-05-30,NVDA,-0.01127699350932024,1.4888103355363558,-2.0,9
2024-05-31,NVDA,-0.017675743613838776,2.4344369629674474,-2.0,9
2024-06-03,NVDA,-0.024687370689314043,3.1108928057049337,-2.0,9
2024-06-04,NVDA,-0.02510706612946762,3.5328277214451305,-2.0,9
2024-06-05,NVDA,-0.023767687900874156,3.0204807154384135,-2.0,9
2024-06-06,NVDA,-0.020201411412415157,2.651126293670622,-2.0,9
2024-06-07,NVDA,-0.020028118319978156,2.575267846032966,-2.0,9
2024-06-10,NVDA,-0.05347646752685616,5.6420227546306645,-2.0,9
2024-06-11,NVDA,-0.03194781156421735,3.6197772648312077,-2.0,9
2024-06-12,NVDA,-0.04011892377029137,4.0640301131559,-2.0,9
2024-06-13,NVDA,-0.055525490895984984,5.624805433056929,-2.0,9
2024-06-14,NVDA,-0.05626008663230778,5.392695794200983,-2.0,9
2024-06-17,NVDA,-0.0574773237942596,5.193940930684779,-2.0,9
2024-06-18,NVDA,-0.06398559438846071,5.891442282231797,-2.0,9
2024-06-20,NVDA,-0.046877860438203266,6.240018660623334,-2.0,9
2024-06-21,NVDA,-0.04153912078092188,5.563565788094069,-2.0,9
2024-06-24,NVDA,-0.034829947004881595,4.116167792365283,-2.0,9
2024-06-25,NVDA,-0.040609654858480296,4.879321431092364,-2.0,9
2024-06-26,NVDA,-0.03828615523775793,3.9525819012301846,-2.0,9
2024-06-27,NVDA,-0.018699571339483773,1.0294602940548883,-2.0,9
2024-06-28,NVDA,-0.041785396705061456,4.420019663962365,-2.0,9
2024-01-02,PFE,0.09802066603751022,-4.753167600716211,-2.0,9
2024-01-03,PFE,0.09818762872434408,-5.144565253897355,-2.0,9
2024-01-04,PFE,0.10365630407769938,-5.217957281619297,-2.0,9
2024-01-05,PFE,0.11326823469680926,-5.028433239631315,-2.0,9
2024-01-08,PFE,0.11587084515843375,-5.135245437240812,-2.0,9
2024-01-09,PFE,0.10250360835789475,-5.093861121464446,-2.0,9
2024-01-10,PFE,0.08604863550588143,-5.082475123306657,-2.0,9
2024-01-11,PFE,0.09422623196773192,-5.436057281696972,-2.0,9
2024-01-12,PFE,-0.003099175724381585,-0.5576767960059383,-2.0,9
2024-01-16,PFE,-0.0015912013374840997,-0.18398886764569833,-2.0,9
2024-01-17,PFE,-0.0013066024682559148,-0.4207082147021016,-2.0,9
2024-01-18,PFE,-0.0013066024682559148,-0.600566153635741,-2.0,9
2024-01-19,PFE,-0.002817084931583457,-1.4853604711304549,-2.0,9
2024-01-22,PFE,-0.019828626841597533,0.566414254750991,-2.0,9
2024-01-23,PFE,-0.02078370584591217,0.6031601725128795,-2.0,9
2024-01-24,PFE,-0.021250401087836584,1.0186070071291096,-2.0,9
2024-01-25,PFE,0.0009098332168918388,-1.5022664260512817,-2.0,9
2024-01-26,PFE,0.002074816722864941,-0.6657609863995481,-2.0,9
2024-01-29,PFE,0.00459531058720998,-1.2913257699896832,-2.0,9
2024-01-30,PFE,0.00459531058720998,-1.4989423912064728,-2.0,9
2024-01-31,PFE,0.012661847650616844,-2.4918726092026025,-2.0,9
2024-02-01,PFE,0.026860500018326686,-3.701017604944503,-2.0,9
2024-02-02,PFE,0.020023447428037404,-3.3181111311903986,-2.0,9
2024-02-05,PFE,0.027063581992083665,-3.900908927729264,-2.0,9
2024-02-06,PFE,0.021660148395326175,-3.510345678409428,-2.0,9
2024-02-07,PFE,0.020398757378923816,-3.327830044508255,-2.0,9
2024-02-08,PFE,0.021568482319454442,-3.2237437210612083,-2.0,9
2024-02-09,PFE,0.016220698080963932,-3.4850569342246764,-2.0,9
2024-02-12,PFE,0.02054022827129899,-3.6925871938675146,-2.0,9
2024-02-13,PFE,0.028941695459869337,-3.8002886041650874,-2.0,9
2024-02-14,PFE,0.020324982714518706,-3.51686210348797,-2.0,9
2024-02-15,PFE,0.016551769156472804,-2.9848088155395978,-2.0,9
2024-02-16,PFE,0.014954336994040482,-2.3303843846442303,-2.0,9
2024-02-20,PFE,0.028872263829164458,-3.3549078958420195,-2.0,9
2024-02-21,PFE,0.015283754574880197,-2.4810020375501707,-2.0,9
2024-02-22,PFE,0.01550000130343601,-2.462424119516199,-2.0,9
2024-02-23,PFE,0.01445943696667115,-2.566983748309301,-2.0,9
2024-02-26,PFE,0.02011247218459409,-3.3274129030127413,-2.0,9
2024-02-27,PFE,0.01808406326389532,-3.294051743113111,-2.0,9
2024-02-28,PFE,0.014449688565986595,-2.80387301931609,-2.0,9
2024-02-29,PFE,0.018034193559413096,-3.4007610504534163,-2.0,9
2024-03-01,PFE,0.018271196963547558,-3.08982769409475,-2.0,9
2024-03-04,PFE,0.03195703045536973,-3.9792353213726472,-2.0,9
2024-03-05,PFE,0.018034193559413096,-2.330971177749983,-2.0,9
2024-03-06,PFE,0.012568154344184842,-2.1517620824358117,-2.0,9
2024-03-07,PFE,0.018041673397065593,-2.822367950705197,-2.0,9
2024-03-08,PFE,0.014157383227562405,-2.330333844205694,-2.0,9
2024-03-11,PFE,0.026645484557827507,-2.8828116025918424,-2.0,9
2024-03-12,PFE,0.036909303399068075,-3.5052043268396176,-2.0,9
2024-03-13,PFE,0.03444811787641113,-3.15522988775424,-2.0,9
2024-03-14,PFE,0.03739362166238238,-3.6645771991281992,-2.0,9
2024-03-15,PFE,0.03923325563864422,-3.8556357718653955,-2.0,9
2024-03-18,PFE,0.0379604789068972,-4.344261340056146,-2.0,9
2024-03-19,PFE,0.03670755259159393,-3.733883457839127,-2.0,9
2024-03-20,PFE,0.013237675293105046,-3.059136361047302,-2.0,9
2024-03-21,PFE,0.01612768891785246,-3.2426637369755884,-2.0,9
2024-03-22,PFE,0.01459677644921949,-3.4633475535510057,-2.0,9
2024-03-25,PFE,0.011098304713406762,-2.818485180733092,-2.0,9
2024-03-26,PFE,0.01260878717673431,-2.498389676766315,-2.0,9
2024-03-27,PFE,0.01260878717673431,-2.868744137572872,-2.0,9
2024-03-28,PFE,0.012931563314631795,-2.4014526498051474,-2.0,9
2024-04-01,PFE,0.016360845157038294,-2.423351748736458,-2.0,9
2024-04-02,PFE,0.016360845157038294,-1.8623368090363421,-2.0,9
2024-04-03,PFE,0.014917634200506883,-2.115220471767594,-2.0,9
2024-04-04,PFE,0.022797199237320202,-3.4853867030435914,-2.0,9
2024-04-05,PFE,0.012470953081479698,-2.0072730498693945,-2.0,9
2024-04-08,PFE,0.014869020732695646,-2.4490820613307225,-2.0,9
2024-04-09,PFE,0.029011972784914644,-3.4087765039105307,-2.0,9
2024-04-10,PFE,0.02759522361487588,-2.622505648844985,-2.0,9
2024-04-11,PFE,0.034287030440893596,-3.960479630987439,-2.0,9
2024-04-12,PFE,0.04330222430506542,-4.174616674058735,-2.0,9
2024-04-15,PFE,0.026005294467798794,-3.0303127731705124,-2.0,9
2024-04-16,PFE,0.03118680610468804,-3.2233245056465187,-2.0,9
2024-04-17,PFE,0.03153246969982759,-2.966999808401439,-2.0,9
2024-04-18,PFE,0.022425598531423348,-2.253886235408888,-2.0,9
2024-04-19,PFE,0.020664779914898783,-1.8027575847617308,-2.0,9
2024-04-22,PFE,0.02176065803008196,-1.8173004946711113,-2.0,9
2024-04-23,PFE,0.020607039971146074,-1.9837381588795127,-2.0,9
2024-04-24,PFE,0.0711439714686403,-4.219556592350868,-2.0,9
2024-04-25,PFE,0.08245270156212907,-5.127330107120202,-2.0,9
2024-04-26,PFE,0.07635198340124895,-4.3156812473741475,-2.0,9
2024-04-29,PFE,0.07637855370488164,-4.54002628323323,-2.0,9
2024-04-30,PFE,0.07438424906088859,-4.470377721006367,-2.0,9
2024-05-01,PFE,0.09968734665930165,-4.19427173856241,-2.0,9
2024-05-02,PFE,0.08562622597182246,-3.6493376542864326,-2.0,9
2024-05-03,PFE,0.08658214202127754,-3.9648726698799726,-2.0,9
2024-05-06,PFE,0.09277976740344406,-3.736734650278878,-2.0,9
2024-05-07,PFE,0.11544129247739182,-4.269997687943771,-2.0,9
2024-05-08,PFE,0.11668530088918899,-3.925510026420509,-2.0,9
2024-05-09,PFE,0.10603481989543405,-3.5502174439957215,-2.0,9
2024-05-10,PFE,0.004548527889666454,-0.8986924764303164,-2.0,9
2024-05-13,PFE,-0.007121089409015276,-0.5327964041498745,-2.0,9
2024-05-14,PFE,-0.008158592671535665,-0.7913463706861261,-2.0,9
2024-05-15,PFE,0.030301457075495558,-2.544324652832727,-2.0,9
2024-05-16,PFE,0.02694011998480893,-2.8088331041819057,-2.0,9
2024-05-17,PFE,0.00781949668812174,-2.579999034203323,-2.0,9
2024-05-20,PFE,-0.008084817737105142,-0.43272564901083654,-2.0,9
2024-05-21,PFE,0.00561566516254122,-1.412403482712632,-2.0,9
2024-05-22,PFE,0.01910579556760387,-2.0483155783764655,-2.0,9
2024-05-23,PFE,-0.016628805136798232,0.29559813093988,-2.0,9
2024-05-24,PFE,-0.022919757986002792,1.4237471565606659,-2.0,9
2024-05-28,PFE,-0.012473913417932815,0.2648436998513407,-2.0,9
2024-05-29,PFE,-0.016525187955559024,0.30060390336189696,-2.0,9
2024-05-30,PFE,-0.020144961955786418,0.1386736597811865,-2.0,9
2024-05-31,PFE,-0.01882766452551677,0.33349139041423514,-2.0,9
2024-06-03,PFE,-0.019701634858017462,0.2187984222222863,-2.0,9
2024-06-04,PFE,-0.012199547039284879,-0.332828023502074,-2.0,9
2024-06-05,PFE,-0.017273243003742497,-0.1400698053045535,-2.0,9
2024-06-06,PFE,-0.021762934955191115,-0.03789832055612058,-2.0,9
2024-06-07,PFE,-0.030829319746558084,0.99091905798173,-2.0,9
2024-06-10,PFE,-0.034763771658812115,0.49487322007535306,-2.0,9
2024-06-11,PFE,-0.030980701053771185,0.3292542262198028,-2.0,9
2024-06-12,PFE,-0.028660670899885516,-0.07796601037363216,-2.0,9
2024-06-13,PFE,-0.029372740044209217,0.20570412627606072,-2.0,9
2024-06-14,PFE,-0.023616371989768146,-0.5101245576075223,-2.0,9
2024-06-17,PFE,-0.013668868451451509,-1.3595666480216342,-2.0,9
2024-06-18,PFE,-0.021822034090812365,-0.4537221200324929,-2.0,9
2024-06-20,PFE,-0.0024934988794112385,-2.2290769180237593,-2.0,9
2024-06-21,PFE,0.0010584279207434424,-3.0396704344595995,-2.0,9
2024-06-24,PFE,-0.0018573412440875718,-2.4201462776828944,-2.0,9
2024-06-25,PFE,0.004123528095072769,-3.2084127031635488,-2.0,9
2024-06-26,PFE,0.010649178508573874,-3.732694685968461,-2.0,9
2024-06-27,PFE,-0.004325059318480942,-2.2632326681569763,-2.0,9
2024-06-28,PFE,-0.0030817936499487244,-2.690262941192517,-2.0,9
2024-01-02,PYPL,-0.017280321854121063,1.160346341238724,-2.0,9
2024-01-03,PYPL,-0.006472764073506591,-0.5937734551119959,-2.0,9
2024-01-04,PYPL,-0.012423206954198653,0.7392379982447504,-2.0,9
2024-01-05,PYPL,-0.019177737658657913,0.8110545311847892,-2.0,9
2024-01-08,PYPL,-0.016529443563343092,1.1476383564954875,-2.0,9
2024-01-09,PYPL,-0.01756278883627098,0.9289184113847712,-2.0,9
2024-01-10,PYPL,-0.013327053756730083,0.5521170113914841,-2.0,9
2024-01-11,PYPL,-0.022101429622030228,1.0246197434482043,-2.0,9
2024-01-12,PYPL,-0.014542042646046192,-0.9836296601284454,-2.0,9
2024-01-16,PYPL,-0.0071413658844249476,-1.3921043097096064,-2.0,9
2024-01-17,PYPL,-0.01625656237733623,-0.022847720131504712,-2.0,9
2024-01-18,PYPL,-0.004633315201549828,-0.7467201173505869,-2.0,9
2024-01-19,PYPL,-0.016741070792408337,0.8329547762763249,-2.0,9
2024-01-22,PYPL,-0.00304792356003357,-1.2500613534646392,-2.0,9
2024-01-23,PYPL,-0.015899902846446084,0.5291439333589212,-2.0,9
2024-01-24,PYPL,-0.005581104531626938,-1.1436581497366245,-2.0,9
2024-01-25,PYPL,-0.002238881935133176,-1.1286485458176112,-2.0,9
2024-01-26,PYPL,0.001283393121376056,-0.4445804303516787,-2.0,9
2024-01-29,PYPL,0.00692955760321443,-1.1832200094050964,-2.0,9
2024-01-30,PYPL,0.007505734493133943,-1.139577869080093,-2.0,9
2024-01-31,PYPL,0.009186149929334399,-1.446569414035536,-2.0,9
2024-02-01,PYPL,0.005138357448633679,-0.6443513653677261,-2.0,9
2024-02-02,PYPL,0.004832276931252158,-1.00884447550929,-2.0,9
2024-02-05,PYPL,0.0048206960771920845,-1.2200279946767374,-2.0,9
2024-02-06,PYPL,0.006866608348107802,-1.2088474089912948,-2.0,9
2024-02-07,PYPL,0.005018613934499764,-1.185343561680903,-2.0,9
2024-02-08,PYPL,-0.004167579805121471,-1.4506103726133688,-2.0,9
2024-02-09,PYPL,-0.019331564221139123,-0.18390506267446538,-2.0,9
2024-02-12,PYPL,-0.021304969978007945,0.45046623245398587,-2.0,9
2024-02-13,PYPL,-0.016137360078880773,0.10373489692489202,-2.0,9
2024-02-14,PYPL,-0.04198543476733028,1.8823873069431358,-2.0,9
2024-02-15,PYPL,-0.02719442555610189,0.4596570122670426,-2.0,9
2024-02-16,PYPL,-0.00484584037999217,-1.786781277636679,-2.0,9
2024-02-20,PYPL,-0.005524140110871635,-1.4378616493908236,-2.0,9
2024-02-21,PYPL,0.0007306398747057288,-2.33682046285534,-2.0,9
2024-02-22,PYPL,0.00892479806716789,-2.494885850520974,-2.0,9
2024-02-23,PYPL,0.003780166482323674,-1.9929055368955964,-2.0,9
2024-02-26,PYPL,0.002553271940855963,-2.1489139694416317,-2.0,9
2024-02-27,PYPL,0.00045227779049054347,-2.1574629637326592,-2.0,9
2024-02-28,PYPL,0.007411602127881551,-2.7907011935592005,-2.0,9
2024-02-29,PYPL,-0.002821147849215348,-1.680975267791153,-2.0,9
2024-03-01,PYPL,-0.0030855531296646835,-1.3310973975060265,-2.0,9
2024-03-04,PYPL,-0.00240491776649534,-1.0207063485346008,-2.0,9
2024-03-05,PYPL,0.002629565751665796,-1.2730700989733132,-2.0,9
2024-03-06,PYPL,0.0005741831910960275,-1.4879298878094493,-2.0,9
2024-03-07,PYPL,-0.0010367305476244651,-1.2476844246904806,-2.0,9
2024-03-08,PYPL,-0.014045293483016561,0.6601397918239005,-2.0,9
2024-03-11,PYPL,-0.016061733657918242,1.1151757327521596,-2.0,9
2024-03-12,PYPL,-0.015716783093650682,0.48061413153753785,-2.0,9
2024-03-13,PYPL,-0.007158915736854608,0.47275812577867005,-2.0,9
2024-03-14,PYPL,-0.009249016290917553,1.499729983268787,-2.0,9
2024-03-15,PYPL,-0.008752331215672423,0.94043769306296,-2.0,9
2024-03-18,PYPL,-0.009427470431584555,0.9004701910841906,-2.0,9
2024-03-19,PYPL,-0.016431348932824462,0.46549569172538785,-2.0,9
2024-03-20,PYPL,-0.039818690936379963,1.7919861116900124,-2.0,9
2024-03-21,PYPL,-0.04326879510789467,3.6079724569961473,-2.0,9
2024-03-22,PYPL,-0.02965633157520484,2.20552262891959,-2.0,9
2024-03-25,PYPL,-0.03836692621682777,2.543471396603066,-2.0,9
2024-03-26,PYPL,-0.042926786388242676,3.478792237558044,-2.0,9
2024-03-27,PYPL,-0.012558796968074744,1.0259309964175243,-2.0,9
2024-03-28,PYPL,-0.014838957285719446,1.5901483568046946,-2.0,9
2024-04-01,PYPL,-0.005773631991201362,0.49735589492460375,-2.0,9
2024-04-02,PYPL,-0.007902112582817504,1.1765891309914194,-2.0,9
2024-04-03,PYPL,-0.014498286227158756,2.046695635201015,-2.0,9
2024-04-04,PYPL,-0.017744713962346437,2.197272303949636,-2.0,9
2024-04-05,PYPL,-0.017738374599590483,2.2551741772703826,-2.0,9
2024-04-08,PYPL,-0.01888135562213072,2.4174164437778773,-2.0,9
2024-04-09,PYPL,-0.015052289026681603,2.2331510099704124,-2.0,9
2024-04-10,PYPL,-0.015035842407804013,2.496129372153667,-2.0,9
2024-04-11,PYPL,-0.008508599043882268,1.048221985252271,-2.0,9
2024-04-12,PYPL,-0.007713640003043349,1.1640919900785525,-2.0,9
2024-04-15,PYPL,-0.0070326290241431,1.0251697430366122,-2.0,9
2024-04-16,PYPL,-0.007136578764337695,1.0070484689096912,-2.0,9
2024-04-17,PYPL,-0.008101295848049942,1.5843914314459242,-2.0,9
2024-04-18,PYPL,-0.004740422728910256,0.9216353324241335,-2.0,9
2024-04-19,PYPL,-0.0008315398692768142,0.4171045221481636,-2.0,9
2024-04-22,PYPL,-0.003816307258629381,1.025853973143893,-2.0,9
2024-04-23,PYPL,-0.003816307258629381,0.7452400040268736,-2.0,9
2024-04-24,PYPL,-0.0032217735361106704,0.8672513173413428,-2.0,9
2024-04-25,PYPL,-0.001771189658710779,0.7085630914099901,-2.0,9
2024-04-26,PYPL,-0.008077300566285129,0.40384117881533843,-2.0,9
2024-04-29,PYPL,-0.008434199808355762,0.6827036729731677,-2.0,9
2024-04-30,PYPL,-0.00871251989571609,0.9717510515766075,-2.0,9
2024-05-01,PYPL,-0.001677272864037326,0.4963122206356239,-2.0,9
2024-05-02,PYPL,-0.001961978584860766,0.18664036971034598,-2.0,9
2024-05-03,PYPL,-0.0010494345288339921,-0.3302203871788592,-2.0,9
2024-05-06,PYPL,0.0055674666321282006,-0.8808789249822594,-2.0,9
2024-05-07,PYPL,0.0009030424287526807,-0.42201853754991314,-2.0,9
2024-05-08,PYPL,-0.0006462365278775274,-0.6013899584099026,-2.0,9
2024-05-09,PYPL,-0.0023987888498604726,-0.47258629957319975,-2.0,9
2024-05-10,PYPL,-0.005314877600686174,-1.8708390192204274,-2.0,9
2024-05-13,PYPL,-0.008376879733904753,-1.7767679727924535,-2.0,9
2024-05-14,PYPL,-0.009631514093881192,-1.9569080108399546,-2.0,9
2024-05-15,PYPL,-0.009631514093881192,-1.604536599883338,-2.0,9
2024-05-16,PYPL,-0.009948754613133146,-1.7726257658956417,-2.0,9
2024-05-17,PYPL,-0.011749836272907354,-1.1580442387762453,-2.0,9
2024-05-20,PYPL,-0.011731777094475768,-0.8828675584637871,-2.0,9
2024-05-21,PYPL,-0.010882895498345745,-0.6238741346455651,-2.0,9
2024-05-22,PYPL,-0.006155067132703543,-1.3745150971356217,-2.0,9
2024-05-23,PYPL,-0.0008500543386258919,-2.95258251643204,-2.0,9
2024-05-24,PYPL,-0.00027613641026390224,-3.559961776864399,-2.0,9
2024-05-28,PYPL,-0.0008315398692768142,-2.706827396546876,-2.0,9
2024-05-29,PYPL,-0.0004573371427438629,-2.79573043059481,-2.0,9
2024-05-30,PYPL,-0.0033983776616602975,-2.829157343717006,-2.0,9
2024-05-31,PYPL,-0.00565975448294239,-2.1749745733685684,-2.0,9
2024-06-03,PYPL,-0.006425826877390571,-2.6366420404355972,-2.0,9
2024-06-04,PYPL,-0.00682820613382309,-2.090837794869731,-2.0,9
2024-06-05,PYPL,-0.005116655537260563,-2.7612905275924216,-2.0,9
2024-06-06,PYPL,-0.012173245982179953,-1.2322393478922355,-2.0,9
2024-06-07,PYPL,-0.022402591916354492,0.12758443377328432,-2.0,9
2024-06-10,PYPL,-0.019906802548764094,-0.47626027032805013,-2.0,9
2024-06-11,PYPL,-0.0028594864610827354,-2.311036459597752,-2.0,9
2024-06-12,PYPL,-0.00023512421604829722,-2.758834852721766,-2.0,9
2024-06-13,PYPL,-0.003812642533951174,-2.1745790902241864,-2.0,9
2024-06-14,PYPL,-0.0070505955929614636,-2.036976899536346,-2.0,9
2024-06-17,PYPL,-0.0070505955929614636,-1.9606999705968788,-2.0,9
2024-06-18,PYPL,-0.0027100224423210707,-2.333918810578886,-2.0,9
2024-06-20,PYPL,-0.007399142609046155,-1.8911557975526299,-2.0,9
2024-06-21,PYPL,-0.003925837730352215,-2.1051828832488115,-2.0,9
2024-06-24,PYPL,-0.00026417460761245145,-2.9633717652884775,-2.0,9
2024-06-25,PYPL,-0.0009274143384738593,-2.6810138461391633,-2.0,9
2024-06-26,PYPL,-0.0001675288740422813,-2.9102262707988884,-2.0,9
2024-06-27,PYPL,0.0032558414383872347,-4.01083785715941,-2.0,9
2024-06-28,PYPL,-0.0005896214991839845,-4.031437689246568,-2.0,9
2024-01-02,ZM,-0.03702511735807549,0.9058567481605979,-2.0,9
2024-01-03,ZM,-0.038571085225540945,1.1652560862360621,-2.0,9
2024-01-04,ZM,-0.03375270493919315,1.0968226991308683,-2.0,9
2024-01-05,ZM,-0.0332907993553726,0.3839179234389296,-2.0,9
2024-01-08,ZM,-0.028441575143887614,0.11613075772498593,-2.0,9
2024-01-09,ZM,-0.032812838535711264,0.11923999393229456,-2.0,9
2024-01-10,ZM,-0.01484655786144685,-0.7923053308603736,-2.0,9
2024-01-11,ZM,-0.018019360859546935,-0.47031884283125214,-2.0,9
2024-01-12,ZM,-0.037815165400825,1.2144756826856005,-2.0,9
2024-01-16,ZM,-0.02060929780773318,0.18320958347437177,-2.0,9
2024-01-17,ZM,-0.014744185772025558,-0.5965671098817635,-2.0,9
2024-01-18,ZM,-0.012630436639298541,-1.0885264227729017,-2.0,9
2024-01-19,ZM,-0.015657688852564012,-0.5718555985266944,-2.0,9
2024-01-22,ZM,-0.01645484511366731,-0.20251580296762584,-2.0,9
2024-01-23,ZM,-0.014767662205218931,-0.6521548009928266,-2.0,9
2024-01-24,ZM,-0.015906977999819157,-0.3268941512198963,-2.0,9
2024-01-25,ZM,-0.008353245504441283,-0.8169494127122419,-2.0,9
2024-01-26,ZM,-0.009265706047998727,0.5283550339499681,-2.0,9
2024-01-29,ZM,-0.02297068150132287,1.6126181277253795,-2.0,9
2024-01-30,ZM,-0.018262230655261343,1.126171091210952,-2.0,9
2024-01-31,ZM,-0.0031441042901423646,-0.6341309474022792,-2.0,9
2024-02-01,ZM,-0.0010226010818408617,-0.8347465270517564,-2.0,9
2024-02-02,ZM,0.00580093620092048,-1.8370096256651847,-2.0,9
2024-02-05,ZM,0.0034541307543820444,-1.562188622529773,-2.0,9
2024-02-06,ZM,0.0017944556339108293,-1.4681170614992238,-2.0,9
2024-02-07,ZM,-0.0011606216220791216,-1.3819266204296663,-2.0,9
2024-02-08,ZM,0.002003391326064993,-1.8273668502697618,-2.0,9
2024-02-09,ZM,-0.0025159778094791248,-1.8507265635559933,-2.0,9
2024-02-12,ZM,0.0019469271217199815,-2.3937776691740815,-2.0,9
2024-02-13,ZM,0.0016127691436608805,-2.0115368698229403,-2.0,9
2024-02-14,ZM,0.0009699636656630732,-2.1429199628390285,-2.0,9
2024-02-15,ZM,-0.0014054577976388045,-1.8517131276448429,-2.0,9
2024-02-16,ZM,0.0037605675769613787,-2.3921670100408017,-2.0,9
2024-02-20,ZM,4.18477149818371e-05,-2.3094620060408433,-2.0,9
2024-02-21,ZM,-0.0036084962380143974,-2.0208643447722636,-2.0,9
2024-02-22,ZM,0.003832685954128689,-2.3503509503048976,-2.0,9
2024-02-23,ZM,0.000470686687966921,-2.004794027191118,-2.0,9
2024-02-26,ZM,-0.0009632475900199942,-2.102630405893997,-2.0,9
2024-02-27,ZM,-0.0037540885844640276,-1.373984589471414,-2.0,9
2024-02-28,ZM,-0.003970749609685968,-0.9511961272709152,-2.0,9
2024-02-29,ZM,-0.010544284735829235,0.0227741611102944,-2.0,9
2024-03-01,ZM,-0.009851394851537566,0.2779440728982448,-2.0,9
2024-03-04,ZM,-0.004720474650691645,0.2987102746789145,-2.0,9
2024-03-05,ZM,0.0113187821127846,-1.0804676699625548,-2.0,9
2024-03-06,ZM,0.006339551837593014,-1.0281343820247573,-2.0,9
2024-03-07,ZM,0.004877748026189772,-0.8864336820868775,-2.0,9
2024-03-08,ZM,0.00790740494916552,-1.177386177987632,-2.0,9
2024-03-11,ZM,-0.00422604856897946,0.46687717738336293,-2.0,9
2024-03-12,ZM,0.00408326632364095,-0.23737721364982367,-2.0,9
2024-03-13,ZM,0.006496580479244654,-0.5955938944875817,-2.0,9
2024-03-14,ZM,0.00410636852639541,-0.14678280296009502,-2.0,9
2024-03-15,ZM,0.008250125954478776,-0.885028552653999,-2.0,9
2024-03-18,ZM,0.0033453898084416897,-0.48286720633585983,-2.0,9
2024-03-19,ZM,-0.0005308639321214743,-0.46476664227598524,-2.0,9
2024-03-20,ZM,-0.013068101744941165,-0.4399202566489565,-2.0,9
2024-03-21,ZM,0.001080311792358302,-1.033522330446495,-2.0,9
2024-03-22,ZM,0.0009899992762945743,-1.4295074749447845,-2.0,9
2024-03-25,ZM,-0.0004702250341336365,-1.2609828971071968,-2.0,9
2024-03-26,ZM,-0.013409188266676874,-0.9071043274293163,-2.0,9
2024-03-27,ZM,-0.008082840493799523,-1.6321368273667385,-2.0,9
2024-03-28,ZM,-0.010892564689264967,-1.457629132207844,-2.0,9
2024-04-01,ZM,-0.003925306193658461,-2.0270590328170446,-2.0,9
2024-04-02,ZM,-0.001954790999407987,-1.7551211089927665,-2.0,9
2024-04-03,ZM,-0.0003973093867766167,-1.747269077005893,-2.0,9
2024-04-04,ZM,-0.003942510601681089,-1.1747781885333022,-2.0,9
2024-04-05,ZM,-0.0031288257648248974,-1.0911744504759662,-2.0,9
2024-04-08,ZM,-0.004383460124801336,-1.0576586757090123,-2.0,9
2024-04-09,ZM,-0.004796585937136277,-0.7511213571966857,-2.0,9
2024-04-10,ZM,0.01185928242454894,-1.8155680061711235,-2.0,9
2024-04-11,ZM,-0.0012503317595966177,-1.211889856347186,-2.0,9
2024-04-12,ZM,-0.0017613091752024471,-0.659910109404625,-2.0,9
2024-04-15,ZM,0.012434956356516709,-2.0132258472585702,-2.0,9
2024-04-16,ZM,0.009410609493154023,-1.8137202494990468,-2.0,9
2024-04-17,ZM,0.004570657352599511,-1.1936001130584164,-2.0,9
2024-04-18,ZM,-0.0005178555557885234,-0.41089342125958733,-2.0,9
2024-04-19,ZM,0.002428678528372382,-0.5812913379137029,-2.0,9
2024-04-22,ZM,0.000516896414679367,-0.42606866084245043,-2.0,9
2024-04-23,ZM,-0.0012069515733368658,-0.2679571508997902,-2.0,9
2024-04-24,ZM,-0.0011167621912511238,0.12379231589020834,-2.0,9
2024-04-25,ZM,-0.0004573371427438629,-0.09893173723915566,-2.0,9
2024-04-26,ZM,-0.000429690546057442,-0.2997758633823381,-2.0,9
2024-04-29,ZM,-0.004173325970099383,-0.02156620995870212,-2.0,9
2024-04-30,ZM,0.00019136149067676715,-0.3539603322451743,-2.0,9
2024-05-01,ZM,0.0026673006014698336,-0.13401144433045847,-2.0,9
2024-05-02,ZM,0.0005381126208652304,-0.39808575608970315,-2.0,9
2024-05-03,ZM,0.00526022423324531,-0.9211028478402359,-2.0,9
2024-05-06,ZM,0.0067794035436216,-1.0281369463374146,-2.0,9
2024-05-07,ZM,-0.009900874342745666,-0.12389653667334188,-2.0,9
2024-05-08,ZM,-0.011769009822347028,0.0070915820477630565,-2.0,9
2024-05-09,ZM,-0.010469698594613198,-0.168879746332272,-2.0,9
2024-05-10,ZM,-0.014791216740774344,-0.7405860498967306,-2.0,9
2024-05-13,ZM,-0.008370333226201787,-1.265022033083249,-2.0,9
2024-05-14,ZM,-0.0043687954137707095,-1.7471910208850978,-2.0,9
2024-05-15,ZM,-0.0037453759761584635,-1.162780597912235,-2.0,9
2024-05-16,ZM,-0.0227126303891785,-0.35976376526835296,-2.0,9
2024-05-17,ZM,-0.006894355235019354,-1.2174173390420506,-2.0,9
2024-05-20,ZM,-0.004816230901286938,-1.283570267531926,-2.0,9
2024-05-21,ZM,-0.010977413411367277,-0.0725583939788863,-2.0,9
2024-05-22,ZM,-0.007418063938866228,-0.28307149375117435,-2.0,9
2024-05-23,ZM,-0.0018847452980392425,-2.305017106444014,-2.0,9
2024-05-24,ZM,-0.008549283682717167,-1.7223669530459853,-2.0,9
2024-05-28,ZM,-0.005256714117835604,-1.7729825641979327,-2.0,9
2024-05-29,ZM,-0.005962339671047416,-1.433065180539657,-2.0,9
2024-05-30,ZM,-0.003801846186206936,-2.4543174095932034,-2.0,9
2024-05-31,ZM,-0.006963166995563387,-1.681932417813423,-2.0,9
2024-06-03,ZM,-0.007688931172636153,-2.1427956109268056,-2.0,9
2024-06-04,ZM,-0.007079002483145615,-1.7418364104118333,-2.0,9
2024-06-05,ZM,-0.007688931172636153,-2.1158575116415173,-2.0,9
2024-06-06,ZM,-0.007286551916203634,-2.107198333936648,-2.0,9
2024-06-07,ZM,-0.008450873760116337,-1.8753166072743122,-2.0,9
2024-06-10,ZM,-0.008853253016548856,-2.0833523396271443,-2.0,9
2024-06-11,ZM,-0.005634276294329216,-2.17972958583199,-2.0,9
2024-06-12,ZM,-0.004461146150799878,-2.5785383587552064,-2.0,9
2024-06-13,ZM,0.0033812087607857995,-3.248634379483003,-2.0,9
2024-06-14,ZM,-0.00020002688667735923,-2.939876876397342,-2.0,9
2024-06-17,ZM,-0.0008673426627976418,-2.747762305144957,-2.0,9
2024-06-18,ZM,0.001518910341324777,-2.9014890001293088,-2.0,9
2024-06-20,ZM,-0.009861913559446153,-1.7255858167232443,-2.0,9
2024-06-21,ZM,-0.010962818232860942,-1.7010756081429972,-2.0,9
2024-06-24,ZM,-0.010776850696791351,-2.188188139617299,-2.0,9
2024-06-25,ZM,-0.006884320606438319,-2.5265600701965747,-2.0,9
2024-06-26,ZM,-0.004357299390878685,-2.5585774660169633,-2.0,9
2024-06-27,ZM,-0.013168582491890431,-1.8519855407325791,-2.0,9
2024-06-28,ZM,-0.014228229764428642,-1.4440593982422365,-2.0,9
2024-07-01,AAPL,-0.007759895232649675,0.900285847845253,-0.5,10
2024-07-02,AAPL,-0.05710703575146893,2.1103638489542096,-0.5,10
2024-07-03,AAPL,-0.009009500300481704,1.156341393566291,-0.5,10
2024-07-05,AAPL,-0.05953121749619637,2.361598836171543,-0.5,10
2024-07-08,AAPL,-0.018897978786775592,1.3889036700117845,-0.5,10
2024-07-09,AAPL,-0.01186157762829098,0.9417297899424911,-0.5,10
2024-07-10,AAPL,-0.009103091950520753,1.2112488311988985,-0.5,10
2024-07-11,AAPL,0.0066906702126695045,0.4771112974193157,-0.5,10
2024-07-12,AAPL,0.00245699733970519,0.3011404045873355,-0.5,10
2024-07-15,AAPL,0.0033514767490264736,0.4882494888663068,-0.5,10
2024-07-16,AAPL,0.002154622442063769,0.6611231244749365,-0.5,10
2024-07-17,AAPL,0.004921050938298648,-0.4161630137806583,-0.5,10
2024-07-18,AAPL,0.0029033571084304604,-0.33423342762715347,-0.5,10
2024-07-19,AAPL,0.002942606299016294,0.5163516971241313,-0.5,10
2024-07-22,AAPL,-0.001526405525984121,0.9972701322232381,-0.5,10
2024-07-23,AAPL,-0.0019152976271478183,1.2172520851627944,-0.5,10
2024-07-24,AAPL,-0.001770720141529405,0.9321973820236229,-0.5,10
2024-07-25,AAPL,-0.0039037083685733672,0.517500047032333,-0.5,10
2024-07-26,AAPL,-0.003959422364872289,0.28731472004374536,-0.5,10
2024-07-29,AAPL,0.0009820863280669374,0.1340714657830615,-0.5,10
2024-07-30,AAPL,0.00042592223554446183,0.03234541024805995,-0.5,10
2024-07-31,AAPL,-0.00332755923629651,-0.21915034277029888,-0.5,10
2024-08-01,AAPL,0.004071311178514525,-0.11622082289210287,-0.5,10
2024-08-02,AAPL,0.004473709857705408,0.18648570953419935,-0.5,10
2024-08-05,AAPL,0.013969069497027605,0.09357101070289517,-0.5,10
2024-08-06,AAPL,0.017969581697018906,-0.19963467195112575,-0.5,10
2024-08-07,AAPL,-0.0001282962564538293,0.1953742213373853,-0.5,10
2024-08-08,AAPL,0.0009274503902414426,0.07247196051065521,-0.5,10
2024-08-09,AAPL,0.0032510631772490447,0.22196930739042964,-0.5,10
2024-08-12,AAPL,0.0023325065714686587,0.15927695977277798,-0.5,10
2024-08-13,AAPL,-0.007440698982319818,0.23561413129598044,-0.5,10
2024-08-14,AAPL,-0.006943617694164581,0.23582454708399084,-0.5,10
2024-08-15,AAPL,-0.008926743161031068,0.3086282528279609,-0.5,10
2024-08-16,AAPL,-0.0028657116431599636,0.15413358687301287,-0.5,10
2024-08-19,AAPL,-0.001852485869561876,0.05562084535592271,-0.5,10
2024-08-20,AAPL,0.0003344485545823508,0.06140685490996267,-0.5,10
2024-08-21,AAPL,0.001869068725906256,0.19442571598595398,-0.5,10
2024-08-22,AAPL,0.0017127567713379453,0.1118206543378247,-0.5,10
2024-08-23,AAPL,0.0076372744489549,0.1759837735517824,-0.5,10
2024-08-26,AAPL,0.00781678553780719,0.11089064992042441,-0.5,10
2024-08-27,AAPL,0.008327462051514866,0.06159933661590894,-0.5,10
2024-08-28,AAPL,0.007191480826236626,0.1761161967163464,-0.5,10
2024-08-29,AAPL,0.00596192007720707,0.40248165844750855,-0.5,10
2024-08-30,AAPL,0.0017160149562001636,-0.27021668064399934,-0.5,10
2024-09-03,AAPL,0.00040540920851745685,0.08712614951316901,-0.5,10
2024-09-04,AAPL,0.0008504054546637379,0.21121511495203035,-0.5,10
2024-09-05,AAPL,-0.0012434268911853342,-0.12973229940589862,-0.5,10
2024-09-06,AAPL,-0.004184501715768047,0.25805812125069344,-0.5,10
2024-09-09,AAPL,-0.0031107008160546896,-0.05293416416209569,-0.5,10
2024-09-10,AAPL,-0.0031107008160546896,-0.3010106471638514,-0.5,10
2024-09-11,AAPL,-0.0047571330985387425,-0.3990424657028636,-0.5,10
2024-09-12,AAPL,-0.0020399968520219388,-0.648827301476,-0.5,10
2024-09-13,AAPL,-0.005418550621743785,-0.515327503081644,-0.5,10
2024-09-16,AAPL,-0.004190260372952748,-1.0777742795295462,-0.5,10
2024-09-17,AAPL,-0.0036194288671192714,-0.7174446235632229,-0.5,10
2024-09-18,AAPL,-0.00040889785936048807,-0.5317564149577606,-0.5,10
2024-09-19,AAPL,0.0014732881165836524,-0.2958064484568698,-0.5,10
2024-09-20,AAPL,0.0017765596463131482,-0.3572076508350065,-0.5,10
2024-09-23,AAPL,-0.00019323566201881562,-0.45509912399863595,-0.5,10
2024-09-24,AAPL,-0.0014699471083819775,-0.7575049178268725,-0.5,10
2024-09-25,AAPL,0.00233184616801507,-0.8580521794559087,-0.5,10
2024-09-26,AAPL,0.0006933008649618706,-0.7549238690462625,-0.5,10
2024-09-27,AAPL,0.002074590628027981,-1.1355504097003846,-0.5,10
2024-09-30,AAPL,0.0006933008649618706,-0.6560182561610047,-0.5,10
2024-10-01,AAPL,0.0013427159867716663,-1.0997471088212383,-0.5,10
2024-10-02,AAPL,0.001605271978676732,-0.9774640338461327,-0.5,10
2024-10-03,AAPL,-0.0037904687850886395,-0.8361652210472583,-0.5,10
2024-10-04,AAPL,2.4112061096474294e-05,-0.9197625937949585,-0.5,10
2024-10-07,AAPL,-0.00044968903138365194,-0.9527083758322316,-0.5,10
2024-10-08,AAPL,7.674423040844693e-05,-0.6952147826117525,-0.5,10
2024-10-09,AAPL,0.0005832027542535288,-0.6191157939721723,-0.5,10
2024-10-10,AAPL,0.0009887153441233082,-0.5224095952967777,-0.5,10
2024-10-11,AAPL,0.0009887153441233082,-0.554983445635324,-0.5,10
2024-10-14,AAPL,0.004895345380801146,0.015714421616392582,-0.5,10
2024-10-15,AAPL,0.0015391304766519613,0.6470537489502429,-0.5,10
2024-10-16,AAPL,0.001605271978676732,-0.005384090231755574,-0.5,10
2024-10-17,AAPL,0.0017987246436886163,-0.15939357757564535,-0.5,10
2024-10-18,AAPL,0.0005305705849415562,-0.020212761372895897,-0.5,10
2024-10-21,AAPL,0.000640668695649898,0.12254819342126172,-0.5,10
2024-10-22,AAPL,0.001746092474376644,0.10863166904326016,-0.5,10
2024-10-23,AAPL,0.0015104048154903449,-0.012977475449646884,-0.5,10
2024-10-24,AAPL,0.0008722802998361327,-0.03532012091783868,-0.5,10
2024-10-25,AAPL,0.000640668695649898,-0.1974761562655211,-0.5,10
2024-10-28,AAPL,0.000640668695649898,-0.5883154868111997,-0.5,10
2024-10-29,AAPL,0.0001523442267416434,-0.25855442185749117,-0.5,10
2024-10-30,AAPL,0.0011459718975926063,-0.6031327021852457,-0.5,10
2024-10-31,AAPL,-0.00245912775047572,-0.446855063186915,-0.5,10
2024-11-01,AAPL,-0.003939381625485996,-0.7389217383107387,-0.5,10
2024-11-04,AAPL,0.002909328827077567,-0.37807900740434874,-0.5,10
2024-11-05,AAPL,-0.0034793042984258018,-0.4156463988440634,-0.5,10
2024-11-06,AAPL,-0.004802263843072461,-0.7532352644247413,-0.5,10
2024-11-07,AAPL,-0.005149516902387143,-0.8035042429452917,-0.5,10
2024-11-08,AAPL,-0.005912673583391878,-0.4608790434035269,-0.5,10
2024-11-11,AAPL,-0.005358322221688542,-0.4175724315429163,-0.5,10
2024-11-12,AAPL,-0.005418550621743785,-0.561303575513604,-0.5,10
2024-11-13,AAPL,-0.006049412926144805,-0.8627011417128628,-0.5,10
2024-11-14,AAPL,0.0006797754758968585,-1.1286062113613897,-0.5,10
2024-11-15,AAPL,-2.425792305022426e-05,-0.9454137057731634,-0.5,10
2024-11-18,AAPL,0.0008557659037474151,-0.9363398187594846,-0.5,10
2024-11-19,AAPL,0.002695560321271428,-1.0629054028329439,-0.5,10
2024-11-20,AAPL,0.001744976898518697,-0.8200159179747588,-0.5,10
2024-11-21,AAPL,0.0009953534603671557,-0.8274532046226724,-0.5,10
2024-11-22,AAPL,0.00014465245950379737,-0.7638756886449469,-0.5,10
2024-11-25,AAPL,0.00014465245950379737,-0.6884328518767933,-0.5,10
2024-11-26,AAPL,-0.0014859542886104123,-0.5897586716331185,-0.5,10
2024-11-27,AAPL,0.0021131061574297273,-0.4552098880634827,-0.5,10
2024-11-29,AAPL,-0.0005470563021314112,-0.3272181706329378,-0.5,10
2024-12-02,AAPL,0.002202812702133187,0.32953392936053233,-0.5,10
2024-12-03,AAPL,0.004042797348776985,0.9093615453550025,-0.5,10
2024-12-04,AAPL,0.005318184694834301,0.651677662431685,-0.5,10
2024-12-05,AAPL,0.0036255544292294775,1.1606842501075036,-0.5,10
2024-12-06,AAPL,0.02306616234873487,0.27750109476373663,-0.5,10
2024-12-09,AAPL,0.02232708308153682,0.3131636370826484,-0.5,10
2024-12-10,AAPL,0.02191676454402439,0.9939140297139277,-0.5,10
2024-12-11,AAPL,0.022655843811222442,0.7733031162044943,-0.5,10
2024-12-12,AAPL,0.0221080929510471,1.012500017013409,-0.5,10
2024-12-13,AAPL,0.02306616234873487,0.7606639901627235,-0.5,10
2024-12-16,AAPL,0.022833712713503384,0.5889945774247766,-0.5,10
2024-12-17,AAPL,0.022642384306480676,0.5070127885238784,-0.5,10
2024-12-18,AAPL,0.013083965335043295,0.6829212293962872,-0.5,10
2024-12-19,AAPL,0.01223973799385044,0.5751894024408855,-0.5,10
2024-12-20,AAPL,0.0012220912529219818,0.6813209581144684,-0.5,10
2024-12-23,AAPL,-0.00011497583464302852,0.6830404972156437,-0.5,10
2024-12-24,AAPL,0.0008392167902656869,0.6906724993478471,-0.5,10
2024-12-26,AAPL,0.008579805517718371,0.6925439526990862,-0.5,10
2024-12-27,AAPL,0.009022050429831568,0.6676233852931223,-0.5,10
2024-12-30,AAPL,0.008764794889844482,0.5531192557352405,-0.5,10
2024-12-31,AAPL,0.010779524154644204,0.566759887541246,-0.5,10
2024-07-01,AMZN,-0.01607450297130242,1.0463068365042747,-0.5,10
2024-07-02,AMZN,-0.019533150043394412,1.1366018450168016,-0.5,10
2024-07-03,AMZN,-0.009302129370845786,0.6832869576074515,-0.5,10
2024-07-05,AMZN,-0.009242486728387544,0.7248011651346304,-0.5,10
2024-07-08,AMZN,-0.009942315627267937,0.10255663658363834,-0.5,10
2024-07-09,AMZN,-0.009889683457955966,0.0750287974870808,-0.5,10
2024-07-10,AMZN,-0.00514698954797471,-0.17303099733581398,-0.5,10
2024-07-11,AMZN,-0.002513883137921836,-0.08458715545242196,-0.5,10
2024-07-12,AMZN,-0.008344782967651185,-0.104199204174934,-0.5,10
2024-07-15,AMZN,-0.0038757711426507667,-0.25169396424640234,-0.5,10
2024-07-16,AMZN,-0.008344782967651185,-0.15100974566602382,-0.5,10
2024-07-17,AMZN,-0.01712141633899593,-0.09030440874411325,-0.5,10
2024-07-18,AMZN,-0.01869231058083292,-0.22270032107911206,-0.5,10
2024-07-19,AMZN,-0.0028320596306801774,-0.7974000300545472,-0.5,10
2024-07-22,AMZN,0.011949850276729361,-1.9719861568976365,-0.5,10
2024-07-23,AMZN,-0.003502649071576712,-1.1619625391181512,-0.5,10
2024-07-24,AMZN,0.012354015389048335,-0.9654393309131872,-0.5,10
2024-07-25,AMZN,0.012781508336620014,-1.3182049799763103,-0.5,10
2024-07-26,AMZN,-0.002271229345784559,-1.1384019373641694,-0.5,10
2024-07-29,AMZN,-0.003365986813583536,-1.0098334282943906,-0.5,10
2024-07-30,AMZN,0.0013473515671096588,-0.9501764172674839,-0.5,10
2024-07-31,AMZN,-0.025022798363568636,-0.38700801452086103,-0.5,10
2024-08-01,AMZN,-0.022733268834514344,0.04408261238678829,-0.5,10
2024-08-02,AMZN,-0.06177422164229047,0.47780593161270823,-0.5,10
2024-08-05,AMZN,-0.06477492565357544,0.6052054078402229,-0.5,10
2024-08-06,AMZN,-0.07535762456353995,0.6402123291507889,-0.5,10
2024-08-07,AMZN,-0.07227445894512012,0.6863034660707317,-0.5,10
2024-08-08,AMZN,-0.07779713960974549,0.8029869913435653,-0.5,10
2024-08-09,AMZN,-0.07451981973051855,0.8688190833572584,-0.5,10
2024-08-12,AMZN,-0.07076741496814834,1.070991166743855,-0.5,10
2024-08-13,AMZN,-0.07476568535079504,1.0190989616392172,-0.5,10
2024-08-14,AMZN,-0.07415193461408232,1.0283878250310403,-0.5,10
2024-08-15,AMZN,-0.06628829471478154,1.2569163957004752,-0.5,10
2024-08-16,AMZN,-0.05721628790643448,1.2204581566074184,-0.5,10
2024-08-19,AMZN,-0.06214620919413255,1.2268144183108824,-0.5,10
2024-08-20,AMZN,-0.07482758764212916,1.1572955355969021,-0.5,10
2024-08-21,AMZN,-0.0528396125924322,0.9756797688292977,-0.5,10
2024-08-22,AMZN,-0.08338778943059753,0.8893326615467817,-0.5,10
2024-08-23,AMZN,-0.02626166828925155,0.490245839778971,-0.5,10
2024-08-26,AMZN,-0.040011099714639724,0.5808618360591875,-0.5,10
2024-08-27,AMZN,-0.04056635086130183,0.6277243540885992,-0.5,10
2024-08-28,AMZN,-0.05846372541814126,0.4039355316685459,-0.5,10
2024-08-29,AMZN,-0.06315359670750086,0.23913140065463495,-0.5,10
2024-08-30,AMZN,-0.015838748559968176,0.2319260189841332,-0.5,10
2024-09-03,AMZN,-0.01156631247153863,0.5624880781581818,-0.5,10
2024-09-04,AMZN,-0.011007066086229523,0.4126305993484163,-0.5,10
2024-09-05,AMZN,-0.018781705896514504,0.5483527981872389,-0.5,10
2024-09-06,AMZN,-0.019038450389646088,0.42383091511251225,-0.5,10
2024-09-09,AMZN,-0.015270956161009649,0.48757383111323677,-0.5,10
2024-09-10,AMZN,-0.015135230297667016,0.6498664829045766,-0.5,10
2024-09-11,AMZN,-0.024467549031187953,0.9555253590844931,-0.5,10
2024-09-12,AMZN,-0.02835368319992716,1.297962514550938,-0.5,10
2024-09-13,AMZN,-0.015460200431411804,0.5665567797330947,-0.5,10
2024-09-16,AMZN,-0.017079913649957684,0.4101963279726767,-0.5,10
2024-09-17,AMZN,-0.014021055403899122,0.7207020922009164,-0.5,10
2024-09-18,AMZN,-0.03029662233238051,1.0235748124907862,-0.5,10
2024-09-19,AMZN,-0.03418418172292537,1.0057921978404192,-0.5,10
2024-09-20,AMZN,-0.02790329840251344,1.537427721859801,-0.5,10
2024-09-23,AMZN,-0.027319082708102873,1.5310224126110152,-0.5,10
2024-09-24,AMZN,-0.012840827381090932,1.275159310730293,-0.5,10
2024-09-25,AMZN,-0.017598310331651476,1.2326875927215142,-0.5,10
2024-09-26,AMZN,-0.005353306197554222,0.7330887643358317,-0.5,10
2024-09-27,AMZN,-0.021167821812077513,1.050360153075013,-0.5,10
2024-09-30,AMZN,-0.023359501151006958,0.9120806881251151,-0.5,10
2024-10-01,AMZN,-0.023295698276031757,0.6630089746086164,-0.5,10
2024-10-02,AMZN,-0.016794658753249595,0.5749383904735307,-0.5,10
2024-10-03,AMZN,-0.027519974120787653,0.2576546642166728,-0.5,10
2024-10-04,AMZN,-0.02403392547492494,0.5366449100785646,-0.5,10
2024-10-07,AMZN,-0.03153970834622181,-0.05788015371401145,-0.5,10
2024-10-08,AMZN,-0.02981312297474507,-0.2188063522925175,-0.5,10
2024-10-09,AMZN,-0.03188910864081597,-0.5003186450209036,-0.5,10
2024-10-10,AMZN,-0.03210771494440857,-0.403494463398032,-0.5,10
2024-10-11,AMZN,-0.028693050039996983,-0.13471044045772762,-0.5,10
2024-10-14,AMZN,-0.030797570254284683,0.026545681547840982,-0.5,10
2024-10-15,AMZN,-0.023743809325949907,-0.25727053102005687,-0.5,10
2024-10-16,AMZN,-0.023743809325949907,-0.30423857607111954,-0.5,10
2024-10-17,AMZN,-0.02287861338293778,-0.20178894006259218,-0.5,10
2024-10-18,AMZN,-0.02236187130396545,-0.2457134168366758,-0.5,10
2024-10-21,AMZN,-0.02235103738511017,-0.29563728988565235,-0.5,10
2024-10-22,AMZN,-0.02008379459810041,-0.4654030184853033,-0.5,10
2024-10-23,AMZN,-0.023591175218638794,-0.6876713760142674,-0.5,10
2024-10-24,AMZN,-0.02421021484694608,-0.324092629709601,-0.5,10
2024-10-25,AMZN,-0.024809228688414748,-0.053350080908072306,-0.5,10
2024-10-28,AMZN,-0.023961060449675088,-0.04307451542951729,-0.5,10
2024-10-29,AMZN,-0.020616916122426866,0.04002857204082533,-0.5,10
2024-10-30,AMZN,-0.018275284939478307,0.17600450449464633,-0.5,10
2024-10-31,AMZN,-0.02503228082349,0.4059765090841886,-0.5,10
2024-11-01,AMZN,-0.03447751040771086,1.359790361974325,-0.5,10
2024-11-04,AMZN,-0.024701484239172868,1.5836264250390906,-0.5,10
2024-11-05,AMZN,-0.01813739369087474,1.5556909784457873,-0.5,10
2024-11-06,AMZN,-0.02033758742224723,1.4826994957505972,-0.5,10
2024-11-07,AMZN,-0.01823169695152589,1.453666694488426,-0.5,10
2024-11-08,AMZN,-0.009289190204619345,1.2519545254819215,-0.5,10
2024-11-11,AMZN,-0.007490778322350615,1.0088545251049996,-0.5,10
2024-11-12,AMZN,-0.0060323491012192,0.9327341239798019,-0.5,10
2024-11-13,AMZN,-0.003466563343292545,0.8733644310068356,-0.5,10
2024-11-14,AMZN,-0.0064374410753167,0.8655132313695345,-0.5,10
2024-11-15,AMZN,-0.07070464374905847,1.7903710874252865,-0.5,10
2024-11-18,AMZN,-0.06668093058570021,1.8769301167702865,-0.5,10
2024-11-19,AMZN,-0.07689372688465712,2.0706018234445285,-0.5,10
2024-11-20,AMZN,-0.08383833840490737,2.06824479893407,-0.5,10
2024-11-21,AMZN,-0.08302869095566531,1.6965390032153216,-0.5,10
2024-11-22,AMZN,-0.0845211006256486,1.3474469277369094,-0.5,10
2024-11-25,AMZN,-0.08347658150381378,1.555625526233901,-0.5,10
2024-11-26,AMZN,-0.075747708213348,2.205191476581178,-0.5,10
2024-11-27,AMZN,-0.07607959664826733,1.7537113532109867,-0.5,10
2024-11-29,AMZN,-0.08146779121267926,2.068999688788483,-0.5,10
2024-12-02,AMZN,-0.011780123960167114,0.6280270101931631,-0.5,10
2024-12-03,AMZN,-0.01389119739783073,1.5506758531595128,-0.5,10
2024-12-04,AMZN,-0.007107232191142099,1.3029338893499771,-0.5,10
2024-12-05,AMZN,-0.010885264049082626,1.1940585412723599,-0.5,10
2024-12-06,AMZN,-0.0057698224602144455,1.384989612004721,-0.5,10
2024-12-09,AMZN,-0.005571701835768496,1.4074097000986838,-0.5,10
2024-12-10,AMZN,-0.012451528162624417,1.478871314003572,-0.5,10
2024-12-11,AMZN,-0.007239117776780047,1.2191034499418565,-0.5,10
2024-12-12,AMZN,0.0044439716150139336,0.8270949161895322,-0.5,10
2024-12-13,AMZN,0.004771565323229122,0.8375476589842337,-0.5,10
2024-12-16,AMZN,0.0057969945494066805,1.1546881524595929,-0.5,10
2024-12-17,AMZN,0.004430525489086517,1.0178564040989053,-0.5,10
2024-12-18,AMZN,0.0004543702004106935,0.7389205721774779,-0.5,10
2024-12-19,AMZN,0.0029955172135198473,0.7991146629167415,-0.5,10
2024-12-20,AMZN,0.002477472865596523,0.8449502636097512,-0.5,10
2024-12-23,AMZN,0.003008196776193113,0.9289149892163662,-0.5,10
2024-12-24,AMZN,0.0029360548686937172,0.9301868544929934,-0.5,10
2024-12-26,AMZN,-0.001579322290208567,0.7343682360251879,-0.5,10
2024-12-27,AMZN,-0.0017623993735289677,0.8113966629014557,-0.5,10
2024-12-30,AMZN,-0.0008574053953567863,0.6962535294935528,-0.5,10
2024-12-31,AMZN,-0.002505892218326376,0.6486217361474088,-0.5,10
2024-07-01,GOOGL,-0.007110968025419319,0.06457107339287282,-0.5,10
2024-07-02,GOOGL,-0.0075056414565081945,0.25313085191387275,-0.5,10
2024-07-03,GOOGL,-0.007669505392819879,0.2419452903568797,-0.5,10
2024-07-05,GOOGL,-0.004972368973086041,0.4498159642838576,-0.5,10
2024-07-08,GOOGL,-0.015064288347764236,0.22132032152430825,-0.5,10
2024-07-09,GOOGL,-0.014559728033368668,0.2607087752194407,-0.5,10
2024-07-10,GOOGL,-0.01281475058007126,0.2673544654909131,-0.5,10
2024-07-11,GOOGL,-0.018068213648772462,0.5190175568683971,-0.5,10
2024-07-12,GOOGL,-0.02259588623855312,0.3615174955830529,-0.5,10
2024-07-15,GOOGL,-0.01494521573900092,0.39726077538606575,-0.5,10
2024-07-16,GOOGL,-0.02253208336357792,-0.019343370940745813,-0.5,10
2024-07-17,GOOGL,-0.02569095023731951,0.2546811518202351,-0.5,10
2024-07-18,GOOGL,-0.025088686483828435,0.13177511039720013,-0.5,10
2024-07-19,GOOGL,-0.022015760619141664,0.18981631285579423,-0.5,10
2024-07-22,GOOGL,-0.02580435107858858,0.16286271737621036,-0.5,10
2024-07-23,GOOGL,-0.02504742293052939,-0.21072292895872796,-0.5,10
2024-07-24,GOOGL,-0.025222665692367845,-0.2030470298759517,-0.5,10
2024-07-25,GOOGL,-0.01679624801941195,-0.6258243236671137,-0.5,10
2024-07-26,GOOGL,-0.018371691865274122,-0.41625232260492784,-0.5,10
2024-07-29,GOOGL,-0.027533449067489498,0.001402239548861317,-0.5,10
2024-07-30,GOOGL,-0.019191220342374807,0.2640788074550553,-0.5,10
2024-07-31,GOOGL,-0.03927010125614218,0.013970505289376045,-0.5,10
2024-08-01,GOOGL,-0.03361736919799244,0.21315064245056314,-0.5,10
2024-08-02,GOOGL,-0.01575705495103695,-0.16455208789597217,-0.5,10
2024-08-05,GOOGL,-0.015064386867167281,0.03955000181719803,-0.5,10
2024-08-06,GOOGL,-0.02268903911711094,-0.013594888064594968,-0.5,10
2024-08-07,GOOGL,-0.019011811193331368,0.03375716204029228,-0.5,10
2024-08-08,GOOGL,-0.030265860889602283,0.14080073192693743,-0.5,10
2024-08-09,GOOGL,-0.01466167278569756,0.12385946490894997,-0.5,10
2024-08-12,GOOGL,-0.015239316317533412,0.057246230475435006,-0.5,10
2024-08-13,GOOGL,-0.0221653276623616,0.11142702275493774,-0.5,10
2024-08-14,GOOGL,-0.019631747204212138,-0.12832741909930873,-0.5,10
2024-08-15,GOOGL,-0.017931630585540214,-0.1623488172000967,-0.5,10
2024-08-16,GOOGL,-0.020796863950832436,-0.056364109253964845,-0.5,10
2024-08-19,GOOGL,-0.01872416815478983,-0.22882360961594655,-0.5,10
2024-08-20,GOOGL,-0.018835379622811278,-0.1752407582524744,-0.5,10
2024-08-21,GOOGL,-0.005371434479862849,-0.1810993645546023,-0.5,10
2024-08-22,GOOGL,0.008503505753429126,-0.3065121999124245,-0.5,10
2024-08-23,GOOGL,-0.0014931957043552533,0.07572692669356121,-0.5,10
2024-08-26,GOOGL,0.003925928021939557,-0.1797255640660596,-0.5,10
2024-08-27,GOOGL,0.00423984063892111,-0.3035703692734105,-0.5,10
2024-08-28,GOOGL,0.004512100603567259,-0.26880469047831257,-0.5,10
2024-08-29,GOOGL,0.017981589474871374,-0.46515982596551786,-0.5,10
2024-08-30,GOOGL,0.007966362134805215,-1.1519242229145055,-0.5,10
2024-09-03,GOOGL,0.0038781624099412048,-0.7959645940649246,-0.5,10
2024-09-04,GOOGL,0.009848103863940093,-0.8384273269429214,-0.5,10
2024-09-05,GOOGL,0.0049287847341581755,-1.195447239123297,-0.5,10
2024-09-06,GOOGL,0.004650578801576556,-1.1373655243996337,-0.5,10
2024-09-09,GOOGL,0.02236874003229019,-1.9175890624361953,-0.5,10
2024-09-10,GOOGL,0.021999230513814978,-1.7921136752505913,-0.5,10
2024-09-11,GOOGL,0.023964195172415458,-1.9950933788546896,-0.5,10
2024-09-12,GOOGL,-0.0005361064670619203,-1.2764240659404078,-0.5,10
2024-09-13,GOOGL,0.014082102678144241,-1.0035750718795693,-0.5,10
2024-09-16,GOOGL,0.010569647952099862,-1.1115207128055449,-0.5,10
2024-09-17,GOOGL,0.012833607092422442,-1.035282480824009,-0.5,10
2024-09-18,GOOGL,0.013023364473150093,-1.0161622390087508,-0.5,10
2024-09-19,GOOGL,0.014787594605028266,-1.052910266990876,-0.5,10
2024-09-20,GOOGL,0.013015483533411499,-0.8582999944055283,-0.5,10
2024-09-23,GOOGL,0.014752418082193894,-1.040781262680504,-0.5,10
2024-09-24,GOOGL,0.017956357596773883,-1.7700569939374802,-0.5,10
2024-09-25,GOOGL,0.017956357596773883,-1.4046462625754956,-0.5,10
2024-09-26,GOOGL,0.018065973624770738,-1.1663937203608643,-0.5,10
2024-09-27,GOOGL,0.018371810417880295,-1.1451696312295203,-0.5,10
2024-09-30,GOOGL,0.018371810417880295,-1.111970440639562,-0.5,10
2024-10-01,GOOGL,0.014748965351659121,-0.477877920666409,-0.5,10
2024-10-02,GOOGL,0.01343279827859322,-0.837592447776379,-0.5,10
2024-10-03,GOOGL,0.01527633688667341,-0.9015128829158164,-0.5,10
2024-10-04,GOOGL,0.01447041735043123,-0.3064767723517662,-0.5,10
2024-10-07,GOOGL,0.013953729020380662,-0.0792346319840036,-0.5,10
2024-10-08,GOOGL,0.011026966300657042,-0.09981397021854246,-0.5,10
2024-10-09,GOOGL,0.014167847124741463,-0.30038060859642896,-0.5,10
2024-10-10,GOOGL,0.019341198338889313,-0.5479850373663311,-0.5,10
2024-10-11,GOOGL,0.019673533547559106,-0.7228131344369018,-0.5,10
2024-10-14,GOOGL,0.018721367080506004,-0.6051462779674963,-0.5,10
2024-10-15,GOOGL,0.019159901977540975,-0.29235361933219717,-0.5,10
2024-10-16,GOOGL,0.019652792307018115,-0.5328421705451518,-0.5,10
2024-10-17,GOOGL,0.01676722628619704,-0.5551290085064052,-0.5,10
2024-10-18,GOOGL,0.015526377032213082,-0.7639813728688543,-0.5,10
2024-10-21,GOOGL,0.016829189365970457,-0.5607001524097888,-0.5,10
2024-10-22,GOOGL,0.01964338183060089,-0.46808060753922553,-0.5,10
2024-10-23,GOOGL,0.016661102725235417,-0.41109738240531557,-0.5,10
2024-10-24,GOOGL,0.016661102725235417,-0.5254324644429702,-0.5,10
2024-10-25,GOOGL,0.0181289703531972,-0.6087968788655824,-0.5,10
2024-10-28,GOOGL,0.019313221781144065,-0.8153497651555506,-0.5,10
2024-10-29,GOOGL,0.0163591884800901,-0.7735948610798309,-0.5,10
2024-10-30,GOOGL,0.008912456902297467,-0.07612467259758014,-0.5,10
2024-10-31,GOOGL,0.006470908098024433,0.05949183952672314,-0.5,10
2024-11-01,GOOGL,0.007175160009015349,-0.017590078460151194,-0.5,10
2024-11-04,GOOGL,0.008225013456816853,0.2496874695084726,-0.5,10
2024-11-05,GOOGL,0.008225013456816853,0.12475595846477983,-0.5,10
2024-11-06,GOOGL,0.007463196163001386,0.5376288758170308,-0.5,10
2024-11-07,GOOGL,0.004389295436316835,0.5953649964553231,-0.5,10
2024-11-08,GOOGL,0.006300141388701276,0.0998449127250397,-0.5,10
2024-11-11,GOOGL,0.005342594876242868,0.4905798245240145,-0.5,10
2024-11-12,GOOGL,0.006001651812840186,0.4049531777543167,-0.5,10
2024-11-13,GOOGL,-0.00570464412767998,0.2986440633791911,-0.5,10
2024-11-14,GOOGL,-0.0031095530888110372,0.1411695686204497,-0.5,10
2024-11-15,GOOGL,-0.005961899667667068,0.3472764762538688,-0.5,10
2024-11-18,GOOGL,-0.006143179024714952,0.6197793406777647,-0.5,10
2024-11-19,GOOGL,-0.0060785763182278655,0.7176024462910776,-0.5,10
2024-11-20,GOOGL,-0.005961899667667068,0.5177215156972753,-0.5,10
2024-11-21,GOOGL,-0.014049662299381083,-0.007771840852194109,-0.5,10
2024-11-22,GOOGL,-0.016986624889571027,-0.4505061532416813,-0.5,10
2024-11-25,GOOGL,-0.035295248898645104,-0.015690387836727993,-0.5,10
2024-11-26,GOOGL,-0.021045368432732473,-0.36899660866403605,-0.5,10
2024-11-27,GOOGL,-0.01220584850475164,-0.8811533117033067,-0.5,10
2024-11-29,GOOGL,-0.011817904738460167,-1.1943608330949445,-0.5,10
2024-12-02,GOOGL,-0.010437324155518436,-0.5547631166933034,-0.5,10
2024-12-03,GOOGL,-0.010964515261459128,0.031123485657025385,-0.5,10
2024-12-04,GOOGL,-0.010974254774916455,0.5488112291550504,-0.5,10
2024-12-05,GOOGL,0.0025266559100933744,-0.16945210341047057,-0.5,10
2024-12-06,GOOGL,0.007932792482136668,-0.25451926492424837,-0.5,10
2024-12-09,GOOGL,0.007016140138365393,-0.14668133566225994,-0.5,10
2024-12-10,GOOGL,-0.022777741121388542,1.0281824185821489,-0.5,10
2024-12-11,GOOGL,-0.06286350446315322,1.706893867891886,-0.5,10
2024-12-12,GOOGL,-0.07376945665774921,1.7196779026350661,-0.5,10
2024-12-13,GOOGL,-0.06556009698922362,1.691832946959771,-0.5,10
2024-12-16,GOOGL,-0.06375197223280497,1.9761622326888313,-0.5,10
2024-12-17,GOOGL,-0.08521970926380783,1.6177673214459216,-0.5,10
2024-12-18,GOOGL,-0.1002291207128585,1.7035875821070325,-0.5,10
2024-12-19,GOOGL,-0.09255325249088929,1.848644003860017,-0.5,10
2024-12-20,GOOGL,-0.0903085156526622,2.2738150563508177,-0.5,10
2024-12-23,GOOGL,-0.0784079374845715,2.6376700027491213,-0.5,10
2024-12-24,GOOGL,-0.08573763261756916,2.5757778316476503,-0.5,10
2024-12-26,GOOGL,-0.07456192594812071,2.615614494092101,-0.5,10
2024-12-27,GOOGL,-0.08934027152765621,2.6779099622691835,-0.5,10
2024-12-30,GOOGL,-0.09127850420874285,2.6523064260328373,-0.5,10
2024-12-31,GOOGL,-0.1091946752476901,2.606162604304818,-0.5,10
2024-07-01,INTC,0.007195422029086986,-1.173004615954273,-0.5,10
2024-07-02,INTC,0.0220538784263726,-0.9386396008546757,-0.5,10
2024-07-03,INTC,0.021517219535107962,-0.9760026884125833,-0.5,10
2024-07-05,INTC,0.019072045530039574,-0.6121208310734233,-0.5,10
2024-07-08,INTC,-0.02527469456941922,1.0651659670215352,-0.5,10
2024-07-09,INTC,-0.035501053091067006,1.373219289201038,-0.5,10
2024-07-10,INTC,-0.009240119296879517,0.49499865954661815,-0.5,10
2024-07-11,INTC,-0.014890093808226035,0.9076387834647794,-0.5,10
2024-07-12,INTC,-0.01624462957167167,1.6224571936658732,-0.5,10
2024-07-15,INTC,-0.007525008244936641,1.55713434579436,-0.5,10
2024-07-16,INTC,-0.017006528153128326,1.567019955572792,-0.5,10
2024-07-17,INTC,-0.012139891583739817,1.1319662334021063,-0.5,10
2024-07-18,INTC,-0.008072754319003037,1.3862190718751697,-0.5,10
2024-07-19,INTC,0.00179085394859855,0.6776221118353081,-0.5,10
2024-07-22,INTC,-0.011319830448695086,1.1449096463451653,-0.5,10
2024-07-23,INTC,0.007177397815478811,0.8457408934257449,-0.5,10
2024-07-24,INTC,0.00794715382425621,0.3196733913315963,-0.5,10
2024-07-25,INTC,0.0018868950619388807,0.30661393036088647,-0.5,10
2024-07-26,INTC,-0.0014384730339108004,0.22136157449222071,-0.5,10
2024-07-29,INTC,-0.006552100980295854,-0.10100197050555285,-0.5,10
2024-07-30,INTC,-0.013904735678278319,0.46786052139329704,-0.5,10
2024-07-31,INTC,-0.0077149571253198905,-0.3052926028768769,-0.5,10
2024-08-01,INTC,0.0014102541790926913,-0.6588510582706619,-0.5,10
2024-08-02,INTC,0.018741430475556736,-2.428739264956138,-0.5,10
2024-08-05,INTC,0.021769250571029464,-2.2775360546649956,-0.5,10
2024-08-06,INTC,0.004773901939977814,-2.15590149795323,-0.5,10
2024-08-07,INTC,0.021916923509201415,-2.305286104843425,-0.5,10
2024-08-08,INTC,-0.011603095899446685,-2.1116033392720523,-0.5,10
2024-08-09,INTC,0.004261252724745343,-2.336360964896903,-0.5,10
2024-08-12,INTC,-0.003653414485757944,-2.3970832397385498,-0.5,10
2024-08-13,INTC,0.007629209243443952,-2.7641850599001025,-0.5,10
2024-08-14,INTC,0.025427361408922385,-3.1504588874058235,-0.5,10
2024-08-15,INTC,0.02086163485719476,-3.1163058949036024,-0.5,10
2024-08-16,INTC,0.006704438171605752,-2.77698752157603,-0.5,10
2024-08-19,INTC,0.014733443725891594,-2.996429125279606,-0.5,10
2024-08-20,INTC,0.0223068603305899,-2.8490131135472065,-0.5,10
2024-08-21,INTC,0.0446544898095557,-3.0452125938014203,-0.5,10
2024-08-22,INTC,0.0610720160690997,-2.986004794386717,-0.5,10
2024-08-23,INTC,0.050470487365093616,-3.058206428409787,-0.5,10
2024-08-26,INTC,0.04124331984660771,-2.8624062278136018,-0.5,10
2024-08-27,INTC,0.023695480409826525,-2.525458016777775,-0.5,10
2024-08-28,INTC,0.03806399011045033,-2.830444803830541,-0.5,10
2024-08-29,INTC,0.10576318956061281,-3.089245488213811,-0.5,10
2024-08-30,INTC,0.05928795782339457,-1.1969542200593553,-0.5,10
2024-09-03,INTC,0.09336403949457721,-1.8384002342119385,-0.5,10
2024-09-04,INTC,0.09707531986645172,-2.048632808742238,-0.5,10
2024-09-05,INTC,0.07815976558783225,-1.7733472307367046,-0.5,10
2024-09-06,INTC,0.0854374191836684,-2.3328257666837295,-0.5,10
2024-09-09,INTC,0.07579101640174278,-1.871177320508289,-0.5,10
2024-09-10,INTC,0.07658797809021399,-1.7281007022029788,-0.5,10
2024-09-11,INTC,0.03366446476381252,-1.6735221390826505,-0.5,10
2024-09-12,INTC,0.032797077348021675,-1.8003486168349605,-0.5,10
2024-09-13,INTC,0.06161399705888197,-2.139014547364811,-0.5,10
2024-09-16,INTC,0.05035674161448238,-1.3157802555912341,-0.5,10
2024-09-17,INTC,0.05952050314341373,-1.260488631012042,-0.5,10
2024-09-18,INTC,0.06352160989319741,-1.2880012917397363,-0.5,10
2024-09-19,INTC,0.0647512730591488,-1.692683367222847,-0.5,10
2024-09-20,INTC,0.07056061679170715,-0.008495406525260929,-0.5,10
2024-09-23,INTC,0.051658122331193816,0.07780432617252875,-0.5,10
2024-09-24,INTC,0.0033369983453071187,1.1751865811649505,-0.5,10
2024-09-25,INTC,0.005273680637725822,1.442663623480883,-0.5,10
2024-09-26,INTC,0.03310938674711646,1.1202287563431779,-0.5,10
2024-09-27,INTC,0.02690376204322849,1.4505697765512768,-0.5,10
2024-09-30,INTC,0.032517813446650175,0.3692592642144993,-0.5,10
2024-10-01,INTC,0.00644164927203248,1.4178044302822168,-0.5,10
2024-10-02,INTC,-0.00682114081333949,1.7793623604179833,-0.5,10
2024-10-03,INTC,-0.008888913635725805,1.6209080436381766,-0.5,10
2024-10-04,INTC,0.031174333856760057,0.3196632369396891,-0.5,10
2024-10-07,INTC,0.05665277968319776,0.10233151264624785,-0.5,10
2024-10-08,INTC,0.053222317306881324,0.34182104950323344,-0.5,10
2024-10-09,INTC,0.07264695334915466,0.44989515779581524,-0.5,10
2024-10-10,INTC,0.06481565144684467,0.7824399432818139,-0.5,10
2024-10-11,INTC,0.054670058715965676,0.6891319709096773,-0.5,10
2024-10-14,INTC,0.045542413123652446,-0.13863152374401877,-0.5,10
2024-10-15,INTC,0.08424907382212894,-0.9429421879298542,-0.5,10
2024-10-16,INTC,0.07334950997533139,-0.782208096248322,-0.5,10
2024-10-17,INTC,0.07269371160785414,-0.5213274637645042,-0.5,10
2024-10-18,INTC,0.05406207694575646,-0.8275674170666474,-0.5,10
2024-10-21,INTC,0.04189989542576335,-1.0512508708833914,-0.5,10
2024-10-22,INTC,0.058266753080151966,-1.6032004877577475,-0.5,10
2024-10-23,INTC,0.06077024847589815,-2.2643848368306454,-0.5,10
2024-10-24,INTC,0.04808916890495298,-2.20039770391728,-0.5,10
2024-10-25,INTC,0.04522026387922039,-2.0131779599089388,-0.5,10
2024-10-28,INTC,0.0437798792415001,-1.6914525087143195,-0.5,10
2024-10-29,INTC,0.04854932256091504,-1.39192714362397,-0.5,10
2024-10-30,INTC,0.0545156908234571,-1.7150839658653383,-0.5,10
2024-10-31,INTC,0.05774684915908516,-2.1295660624469717,-0.5,10
2024-11-01,INTC,0.08206393808260164,-1.1082946865918648,-0.5,10
2024-11-04,INTC,0.08889187061407024,-1.5527462770524245,-0.5,10
2024-11-05,INTC,0.08903982835206306,-1.7303163609236754,-0.5,10
2024-11-06,INTC,0.06239241978925057,-0.9130594788951334,-0.5,10
2024-11-07,INTC,0.0352189766567789,-0.17966626053132784,-0.5,10
2024-11-08,INTC,-0.002916918087651909,0.9763444069069468,-0.5,10
2024-11-11,INTC,0.03202275669153902,-0.6342104325802678,-0.5,10
2024-11-12,INTC,0.03924080927869665,-0.946496925790426,-0.5,10
2024-11-13,INTC,-0.008082595574594422,0.7527770547972112,-0.5,10
2024-11-14,INTC,-0.0403535459407378,1.8714917991519204,-0.5,10
2024-11-15,INTC,-0.004397610700061825,0.4860502010832952,-0.5,10
2024-11-18,INTC,-0.021419229067513836,1.203664074463131,-0.5,10
2024-11-19,INTC,-0.01703209328147832,0.9527295291777065,-0.5,10
2024-11-20,INTC,-0.03600112866418748,1.179218248729877,-0.5,10
2024-11-21,INTC,-0.03886300794560865,1.361664310068451,-0.5,10
2024-11-22,INTC,-0.04270524186140931,1.0668617096875894,-0.5,10
2024-11-25,INTC,-0.008474557498017166,0.49343479960020675,-0.5,10
2024-11-26,INTC,-0.005754881045361226,0.18994944959333337,-0.5,10
2024-11-27,INTC,-0.01925630491917478,0.5061902023679256,-0.5,10
2024-11-29,INTC,-0.04004349389191013,1.4137672632538918,-0.5,10
2024-12-02,INTC,-0.021819989913228532,0.39702987400696454,-0.5,10
2024-12-03,INTC,0.014769060815202021,-1.2556665879095132,-0.5,10
2024-12-04,INTC,0.015205765285350606,-1.8893301021619666,-0.5,10
2024-12-05,INTC,0.052064686986434544,-3.148663995769407,-0.5,10
2024-12-06,INTC,0.033113465616647415,-2.847303909359884,-0.5,10
2024-12-09,INTC,0.0002563742860972585,-1.8526257580166516,-0.5,10
2024-12-10,INTC,0.06526291419168277,-3.1063212999259044,-0.5,10
2024-12-11,INTC,0.0731266843891882,-2.9065004203221974,-0.5,10
2024-12-12,INTC,0.1085885458983365,-3.0387380091182026,-0.5,10
2024-12-13,INTC,0.10959539299192364,-3.1694723616065525,-0.5,10
2024-12-16,INTC,0.08374131628662966,-2.8440023542614665,-0.5,10
2024-12-17,INTC,0.11122283342277778,-3.1483731216667943,-0.5,10
2024-12-18,INTC,0.0666291521269783,-2.8286184551267333,-0.5,10
2024-12-19,INTC,0.018112566145698915,-2.4040950576118947,-0.5,10
2024-12-20,INTC,0.010072880429133664,-2.2902721567232738,-0.5,10
2024-12-23,INTC,0.00682584476823342,-2.1439938293231218,-0.5,10
2024-12-24,INTC,0.01302745294322434,-2.2567570424042085,-0.5,10
2024-12-26,INTC,0.0468255613531535,-2.849436667944853,-0.5,10
2024-12-27,INTC,0.03901929369780653,-2.607520758196491,-0.5,10
2024-12-30,INTC,0.05408688826636341,-2.8562208395618836,-0.5,10
2024-12-31,INTC,0.07688496083555386,-2.9150993483406964,-0.5,10
2024-07-01,MSFT,-0.003045413998623637,0.4092339601073212,-0.5,10
2024-07-02,MSFT,-0.002776039934133577,0.6447112105928041,-0.5,10
2024-07-03,MSFT,-0.00556672065615985,0.6480875695547559,-0.5,10
2024-07-05,MSFT,0.008175017493798332,0.375349264631957,-0.5,10
2024-07-08,MSFT,-0.002474887657831386,0.04889173526675483,-0.5,10
2024-07-09,MSFT,-0.0013650986729635006,-0.18543415327038226,-0.5,10
2024-07-10,MSFT,-0.0019264867415170108,-0.0648306456423039,-0.5,10
2024-07-11,MSFT,-0.0007015122431371919,-0.004486070331242598,-0.5,10
2024-07-12,MSFT,-0.0008465119239405067,-0.5719485318595905,-0.5,10
2024-07-15,MSFT,-0.0008465119239405067,-0.754313632557887,-0.5,10
2024-07-16,MSFT,-0.002198259375379569,-0.9920209882555959,-0.5,10
2024-07-17,MSFT,0.0006581696013202691,-1.291595475263797,-0.5,10
2024-07-18,MSFT,-0.00014983285231155792,-1.1087353125447066,-0.5,10
2024-07-19,MSFT,-0.0004874271535993637,-0.9253520330934834,-0.5,10
2024-07-22,MSFT,-0.0008225906931133688,-1.1637002559050809,-0.5,10
2024-07-23,MSFT,-0.002361110274183231,-1.5391335971209714,-0.5,10
2024-07-24,MSFT,0.01129154739824309,-1.2846890888225224,-0.5,10
2024-07-25,MSFT,0.01929395657682745,-1.5817039248884255,-0.5,10
2024-07-26,MSFT,0.002647530088970628,-1.2204426725341255,-0.5,10
2024-07-29,MSFT,-6.080279858418018e-05,-1.0795274849967214,-0.5,10
2024-07-30,MSFT,0.009506570958708964,-1.3461357662886115,-0.5,10
2024-07-31,MSFT,0.00938558663390389,-1.9462669752474717,-0.5,10
2024-08-01,MSFT,0.012703290581337305,-1.2589121909581158,-0.5,10
2024-08-02,MSFT,0.01336892293312247,-0.7482074951505479,-0.5,10
2024-08-05,MSFT,0.01741195741783212,-0.4499514325444164,-0.5,10
2024-08-06,MSFT,0.01807656622572186,-0.4389815133911209,-0.5,10
2024-08-07,MSFT,0.0177164970084703,-0.3436640274359864,-0.5,10
2024-08-08,MSFT,0.0036829595705436774,-0.3623116515935677,-0.5,10
2024-08-09,MSFT,0.006590770716576754,-0.12943969648518366,-0.5,10
2024-08-12,MSFT,0.00616363214636206,-0.1548956777167272,-0.5,10
2024-08-13,MSFT,-0.00045554961226064396,-0.07303115443955091,-0.5,10
2024-08-14,MSFT,-0.0022068651204393422,-0.06732887805586273,-0.5,10
2024-08-15,MSFT,-0.003694580024701058,-0.11640553897710576,-0.5,10
2024-08-16,MSFT,-0.002205463670628784,-0.22280698026170717,-0.5,10
2024-08-19,MSFT,-0.0027114249474444,-0.34031435011818634,-0.5,10
2024-08-20,MSFT,-0.0018056519215944884,-0.2461129502835417,-0.5,10
2024-08-21,MSFT,0.000579376665236416,-0.09417009344469046,-0.5,10
2024-08-22,MSFT,-0.0007576341742504898,-0.09026625488457864,-0.5,10
2024-08-23,MSFT,-0.0004659160980775275,-0.006239126687557661,-0.5,10
2024-08-26,MSFT,-0.0007982063723317679,-0.13976942572712003,-0.5,10
2024-08-27,MSFT,0.0003221211252493285,-0.135203470704293,-0.5,10
2024-08-28,MSFT,-0.001692242093747474,0.05011602477081206,-0.5,10
2024-08-29,MSFT,-0.0023065469265254315,0.04950003398223987,-0.5,10
2024-08-30,MSFT,-0.0017593201923086972,-0.47370577691876253,-0.5,10
2024-09-03,MSFT,0.007347984754816058,-0.30676161372663907,-0.5,10
2024-09-04,MSFT,0.0004616976956799976,-0.2777328116459522,-0.5,10
2024-09-05,MSFT,-0.002926128690206451,-0.5737358316569908,-0.5,10
2024-09-06,MSFT,-0.0005101283296279093,-0.2420782588410221,-0.5,10
2024-09-09,MSFT,-0.0008164853032566575,-0.3758437781923273,-0.5,10
2024-09-10,MSFT,-0.002537442026357328,-0.2084039775966101,-0.5,10
2024-09-11,MSFT,-0.0006307142665116531,-0.24328209545943172,-0.5,10
2024-09-12,MSFT,0.0005598795891730235,-0.366228461036921,-0.5,10
2024-09-13,MSFT,-0.00691265358250919,0.012963524300577445,-0.5,10
2024-09-16,MSFT,-0.00554601953680761,0.02385227215812505,-0.5,10
2024-09-17,MSFT,-0.004398602503767337,0.32510733008686615,-0.5,10
2024-09-18,MSFT,-0.0016739664618699729,0.12633648556832278,-0.5,10
2024-09-19,MSFT,-0.0015154184573289956,0.1519827171440173,-0.5,10
2024-09-20,MSFT,-0.0016739664618699729,0.3211278350273642,-0.5,10
2024-09-23,MSFT,-0.0016739664618699729,0.20742773983772417,-0.5,10
2024-09-24,MSFT,-0.0021025096694934765,-0.14937460141981135,-0.5,10
2024-09-25,MSFT,-0.0024066421980599,-0.0570352655048319,-0.5,10
2024-09-26,MSFT,-0.0037331164176076887,-0.11726243133295783,-0.5,10
2024-09-27,MSFT,-0.0021025096694934765,-0.31139431912044657,-0.5,10
2024-09-30,MSFT,-0.0024066421980599,-0.04965798240431841,-0.5,10
2024-10-01,MSFT,0.0010824483531627648,-0.802420737765665,-0.5,10
2024-10-02,MSFT,-0.0011072559219211125,-0.9860553662222721,-0.5,10
2024-10-03,MSFT,-0.0005112187524400197,-0.8807265542449426,-0.5,10
2024-10-04,MSFT,-0.000847166793639228,-0.7856824377122448,-0.5,10
2024-10-07,MSFT,0.002008591228832616,-0.9248939464571927,-0.5,10
2024-10-08,MSFT,-0.00023833657507708967,-0.9339099562829318,-0.5,10
2024-10-09,MSFT,0.00023049577278796022,-1.1852644093060185,-0.5,10
2024-10-10,MSFT,-0.0012299189490712075,-1.2219238627992557,-0.5,10
2024-10-11,MSFT,-0.0005575456289096266,-1.2380976731845854,-0.5,10
2024-10-14,MSFT,-0.0019355684156702859,-1.1272371622359627,-0.5,10
2024-10-15,MSFT,0.0008952859187110647,-1.330168540880556,-0.5,10
2024-10-16,MSFT,0.0008952859187110647,-1.2234876143220403,-0.5,10
2024-10-17,MSFT,0.01288381162498811,-1.3965520713479587,-0.5,10
2024-10-18,MSFT,0.011934673279278779,-1.2724277434327735,-0.5,10
2024-10-21,MSFT,0.012564978757522414,-1.0697274174785107,-0.5,10
2024-10-22,MSFT,0.0005219673585451275,-0.5036199627616966,-0.5,10
2024-10-23,MSFT,0.001616476951425092,-0.6362420239505585,-0.5,10
2024-10-24,MSFT,0.001616476951425092,-0.5586331651027626,-0.5,10
2024-10-25,MSFT,0.001734673501769159,-0.46783719761483866,-0.5,10
2024-10-28,MSFT,0.001616476951425092,-0.7853174283641219,-0.5,10
2024-10-29,MSFT,0.017229454112950456,-0.6257038389463723,-0.5,10
2024-10-30,MSFT,0.018483807334804144,-0.4754188579470275,-0.5,10
2024-10-31,MSFT,0.0006381799847403511,-1.0368813627175582,-0.5,10
2024-11-01,MSFT,-0.0027426331165834664,-0.6842096058463962,-0.5,10
2024-11-04,MSFT,-0.0009909323440653488,-0.3985629859109569,-0.5,10
2024-11-05,MSFT,-0.001243911213672591,-0.4101733964423624,-0.5,10
2024-11-06,MSFT,-0.0011604478364943402,-0.363107967226423,-0.5,10
2024-11-07,MSFT,-0.004322780797367308,-0.4131943800972592,-0.5,10
2024-11-08,MSFT,-0.0027774705633860225,-0.4276884720189311,-0.5,10
2024-11-11,MSFT,-0.0021562992443976414,-0.2476724637730638,-0.5,10
2024-11-12,MSFT,-0.0030528054207950026,-0.15128960327593122,-0.5,10
2024-11-13,MSFT,-0.0034077760416296576,-0.44230578614951055,-0.5,10
2024-11-14,MSFT,-0.0015154184573289956,-0.5626805896575513,-0.5,10
2024-11-15,MSFT,-0.0030857790146630814,-0.47420251725764717,-0.5,10
2024-11-18,MSFT,-0.0014510320047789423,-0.5121616282184648,-0.5,10
2024-11-19,MSFT,-0.0020498404361688483,-0.8496382171275856,-0.5,10
2024-11-20,MSFT,-0.001745707907602423,-0.9668583216761064,-0.5,10
2024-11-21,MSFT,-0.002461040862627436,-1.034070608300511,-0.5,10
2024-11-22,MSFT,-0.002045137675954707,-0.9716557527399421,-0.5,10
2024-11-25,MSFT,-0.0020498404361688483,-0.8340898176983742,-0.5,10
2024-11-26,MSFT,-0.002347538181176302,-0.8020153155792469,-0.5,10
2024-11-27,MSFT,-0.0017172327029326662,-0.9579239971465934,-0.5,10
2024-11-29,MSFT,-0.0006752242563040898,-0.44837609844173376,-0.5,10
2024-12-02,MSFT,-0.0015154184573289956,0.03953038024608875,-0.5,10
2024-12-03,MSFT,-0.0016348570402426193,0.4787496427881258,-0.5,10
2024-12-04,MSFT,-0.0016867061249654122,0.6485503703595779,-0.5,10
2024-12-05,MSFT,-0.004398602503767337,0.9210166712013894,-0.5,10
2024-12-06,MSFT,-0.0002079079071181885,0.8248380922612293,-0.5,10
2024-12-09,MSFT,-1.0007737974023546e-06,0.8921826180478535,-0.5,10
2024-12-10,MSFT,-0.0005138924879579147,0.9720353163142796,-0.5,10
2024-12-11,MSFT,0.0001702868938390128,0.6835502410488556,-0.5,10
2024-12-12,MSFT,0.002595592895633766,0.7294111666052535,-0.5,10
2024-12-13,MSFT,0.0007316749623925249,0.6042557371285564,-0.5,10
2024-12-16,MSFT,0.000650442350381902,0.6200583111273075,-0.5,10
2024-12-17,MSFT,-0.0031133409789639334,0.604524733369031,-0.5,10
2024-12-18,MSFT,-0.0010672543119925018,0.4681430881795568,-0.5,10
2024-12-19,MSFT,-0.0009881240218726649,0.3990535149454453,-0.5,10
2024-12-20,MSFT,-0.002467298259174487,0.2276805166182681,-0.5,10
2024-12-23,MSFT,-0.0011555763199651997,0.06657264770909448,-0.5,10
2024-12-24,MSFT,-0.0015154184573289956,0.15303305125147007,-0.5,10
2024-12-26,MSFT,-0.001966714323381884,-0.06621506790832521,-0.5,10
2024-12-27,MSFT,-0.0006823349187235967,-0.07228743187732398,-0.5,10
2024-12-30,MSFT,0.0018795294266593311,-0.06737351204371651,-0.5,10
2024-12-31,MSFT,0.0013181867897759764,-0.24533481918286407,-0.5,10
2024-07-01,NVDA,-0.028397750335310577,1.6452563353605696,-0.5,10
2024-07-02,NVDA,-0.0038408112136334004,0.12342945570247499,-0.5,10
2024-07-03,NVDA,-0.025916434864625967,1.1583322731173267,-0.5,10
2024-07-05,NVDA,-0.002847218017677596,-0.3360086273534279,-0.5,10
2024-07-08,NVDA,-0.006572958367511741,-0.19923374328052165,-0.5,10
2024-07-09,NVDA,-0.01838362861684659,0.4133728111463962,-0.5,10
2024-07-10,NVDA,-0.019509025829798556,0.5982159476253152,-0.5,10
2024-07-11,NVDA,-0.01696394938560142,0.5299669600127713,-0.5,10
2024-07-12,NVDA,-0.018772028917801137,0.07949673830949636,-0.5,10
2024-07-15,NVDA,-0.017712914234712666,-1.0471905561212922,-0.5,10
2024-07-16,NVDA,-0.014342358163181674,-1.8322238207449095,-0.5,10
2024-07-17,NVDA,-0.027519209846072132,-1.5469279843570014,-0.5,10
2024-07-18,NVDA,-0.025268954068263627,-1.6526031203509968,-0.5,10
2024-07-19,NVDA,-0.01416244402178009,-1.8846023399596974,-0.5,10
2024-07-22,NVDA,-0.03567130005926297,-0.34941107125274207,-0.5,10
2024-07-23,NVDA,-0.015650927980516247,0.2581108939490625,-0.5,10
2024-07-24,NVDA,-0.009940191450597354,-1.3483455137067109,-0.5,10
2024-07-25,NVDA,-0.01053423751360313,-1.1344277798663311,-0.5,10
2024-07-26,NVDA,-0.009587094473103958,-0.8199690563227625,-0.5,10
2024-07-29,NVDA,-0.015164018170733973,-1.0817192611385116,-0.5,10
2024-07-30,NVDA,-0.009395964532093888,-1.2867671288500362,-0.5,10
2024-07-31,NVDA,-0.01845025652420202,-0.3774020023359951,-0.5,10
2024-08-01,NVDA,0.02063646618856672,-2.0864721159423025,-0.5,10
2024-08-02,NVDA,0.014941051965310884,-0.9436301639079228,-0.5,10
2024-08-05,NVDA,0.04526646467797435,-1.3390303501247502,-0.5,10
2024-08-06,NVDA,0.03397389155268267,-1.179776539511458,-0.5,10
2024-08-07,NVDA,0.05693505977707809,-1.6535542826436957,-0.5,10
2024-08-08,NVDA,0.022675792983251866,-1.1566563035506565,-0.5,10
2024-08-09,NVDA,0.050174213338355714,-1.3980802594117996,-0.5,10
2024-08-12,NVDA,0.00546325687346357,-0.48905997623961134,-0.5,10
2024-08-13,NVDA,-0.00610950346165847,0.01866859346104857,-0.5,10
2024-08-14,NVDA,-0.009986380963337158,0.5143041398251653,-0.5,10
2024-08-15,NVDA,-0.013846305850966701,0.4879733164468809,-0.5,10
2024-08-16,NVDA,-0.016741600322484083,0.8471250324452408,-0.5,10
2024-08-19,NVDA,-0.012868184213973751,0.6283507639974918,-0.5,10
2024-08-20,NVDA,-0.005517469784013836,0.3775125302709532,-0.5,10
2024-08-21,NVDA,-0.002522041063762381,0.8700901045377328,-0.5,10
2024-08-22,NVDA,-0.01128644560611215,0.6966967399402348,-0.5,10
2024-08-23,NVDA,-0.01223146246227665,1.225758531272807,-0.5,10
2024-08-26,NVDA,-0.021486010732829876,1.2488309507631143,-0.5,10
2024-08-27,NVDA,-0.025907658110064586,1.9996235669363935,-0.5,10
2024-08-28,NVDA,-0.05764048049544928,1.471326735899635,-0.5,10
2024-08-29,NVDA,-0.06376249054645455,1.2464306156049463,-0.5,10
2024-08-30,NVDA,-0.07296654530994812,1.6550137857898453,-0.5,10
2024-09-03,NVDA,-0.03131510517979185,0.6255844080745336,-0.5,10
2024-09-04,NVDA,-0.02920929346254185,0.05030070107732337,-0.5,10
2024-09-05,NVDA,-0.053032058995386135,0.9022232891715486,-0.5,10
2024-09-06,NVDA,-0.05223236085178236,0.20909273266119688,-0.5,10
2024-09-09,NVDA,-0.040242414480809854,0.36821369939741244,-0.5,10
2024-09-10,NVDA,-0.04361410351371813,-0.022076631452348172,-0.5,10
2024-09-11,NVDA,-0.05610351109064189,0.49113277144929046,-0.5,10
2024-09-12,NVDA,-0.06009959637857479,0.4924391472775541,-0.5,10
2024-09-13,NVDA,-0.035236477293370094,-0.38914063985004604,-0.5,10
2024-09-16,NVDA,-0.03906902100609837,-0.7901230654490186,-0.5,10
2024-09-17,NVDA,-0.03479281086016436,-1.1829006071363484,-0.5,10
2024-09-18,NVDA,-0.03205256540931416,-1.3714494063664053,-0.5,10
2024-09-19,NVDA,-0.03471800163621782,-1.330335267798457,-0.5,10
2024-09-20,NVDA,-0.03458310082653838,-1.3792838220517214,-0.5,10
2024-09-23,NVDA,-0.026360618934061202,-1.471273517778989,-0.5,10
2024-09-24,NVDA,-0.031238435892052246,-0.4711341377293299,-0.5,10
2024-09-25,NVDA,-0.04947373255192908,0.08693385249548358,-0.5,10
2024-09-26,NVDA,-0.048660132756679006,0.0791247594628035,-0.5,10
2024-09-27,NVDA,-0.036319130304701464,0.44792299218678655,-0.5,10
2024-09-30,NVDA,-0.031967404231739056,0.11478167868667383,-0.5,10
2024-10-01,NVDA,-0.002389827740150908,0.6650562033559814,-0.5,10
2024-10-02,NVDA,-0.006745183217148969,1.1439981964112005,-0.5,10
2024-10-03,NVDA,-0.006139684451002696,1.485588485080493,-0.5,10
2024-10-04,NVDA,0.0008896457346218088,1.4231309692939775,-0.5,10
2024-10-07,NVDA,-0.0060302870213338675,1.552940079136775,-0.5,10
2024-10-08,NVDA,-0.0012253123170045557,1.3639721166541752,-0.5,10
2024-10-09,NVDA,-0.0021628780388242416,0.7663333446526146,-0.5,10
2024-10-10,NVDA,0.0032455952661746643,0.8410689327303269,-0.5,10
2024-10-11,NVDA,0.0008301338770027487,0.8390323638544843,-0.5,10
2024-10-14,NVDA,-0.0004353593703378763,1.6128514360632111,-0.5,10
2024-10-15,NVDA,0.007568187095750287,1.5808378176464233,-0.5,10
2024-10-16,NVDA,0.0044818102386139005,2.0901626862808405,-0.5,10
2024-10-17,NVDA,0.0013678054256216349,2.2711255938281294,-0.5,10
2024-10-18,NVDA,0.0010765702251783226,2.3735827718753346,-0.5,10
2024-10-21,NVDA,0.013589741800760889,2.2503519361405337,-0.5,10
2024-10-22,NVDA,0.008406885658239624,2.31318642606857,-0.5,10
2024-10-23,NVDA,0.005901197646896309,1.7970275457513978,-0.5,10
2024-10-24,NVDA,0.003911754041373542,2.0327791698917577,-0.5,10
2024-10-25,NVDA,0.0029010794548271083,2.1963805390341102,-0.5,10
2024-10-28,NVDA,0.003529746612306816,2.1009872123051947,-0.5,10
2024-10-29,NVDA,0.003948559996101637,2.3268257614200016,-0.5,10
2024-10-30,NVDA,0.00039257123732347883,2.129763745791469,-0.5,10
2024-10-31,NVDA,0.005422579540225213,1.1146309102600402,-0.5,10
2024-11-01,NVDA,-0.00025506729797605246,1.3193609805506203,-0.5,10
2024-11-04,NVDA,0.003992540789175238,0.8241442042422046,-0.5,10
2024-11-05,NVDA,-0.00020956707074241347,0.6041440931800781,-0.5,10
2024-11-06,NVDA,-0.0055034398647800555,0.9035814191624894,-0.5,10
2024-11-07,NVDA,0.0011661678458873984,0.5465784865289111,-0.5,10
2024-11-08,NVDA,0.0047838328510295455,0.2355394095212135,-0.5,10
2024-11-11,NVDA,0.0035260807832986794,0.12765010019443906,-0.5,10
2024-11-12,NVDA,0.0015615161867804433,0.8257636731441518,-0.5,10
2024-11-13,NVDA,-0.0006034707416947247,0.03983720278599263,-0.5,10
2024-11-14,NVDA,-0.0010420056387296945,-0.0007003221029289602,-0.5,10
2024-11-15,NVDA,0.005031540539668624,-0.18757454723233552,-0.5,10
2024-11-18,NVDA,8.825818974669375e-05,-0.7844110140945101,-0.5,10
2024-11-19,NVDA,-0.004767472203336851,-0.11308195279401528,-0.5,10
2024-11-20,NVDA,0.002664780928522065,-0.12022140705081497,-0.5,10
2024-11-21,NVDA,-0.0021245154117786203,-0.004055089133023798,-0.5,10
2024-11-22,NVDA,0.0010660977562765518,-0.6677496385910588,-0.5,10
2024-11-25,NVDA,-0.005197277801345577,-0.9705572598208166,-0.5,10
2024-11-26,NVDA,-0.012444511687111677,-0.9799430993449835,-0.5,10
2024-11-27,NVDA,-0.01125908927943896,-0.8828660456897394,-0.5,10
2024-11-29,NVDA,0.0012729311861666933,-0.5275408152661144,-0.5,10
2024-12-02,NVDA,-1.845982126750028e-05,-0.5237740104569256,-0.5,10
2024-12-03,NVDA,0.000735416764124262,-0.0996151847363323,-0.5,10
2024-12-04,NVDA,-0.0011550503738669315,0.23043089104663997,-0.5,10
2024-12-05,NVDA,0.00030902475078758247,0.10162837432983118,-0.5,10
2024-12-06,NVDA,-0.00465669653493263,0.07430144718692144,-0.5,10
2024-12-09,NVDA,-0.0012095065701213002,-0.2782936563853671,-0.5,10
2024-12-10,NVDA,0.007145670275205756,-0.6173923826471833,-0.5,10
2024-12-11,NVDA,0.004192019308257546,-0.7595703683060773,-0.5,10
2024-12-12,NVDA,0.0045729167974192225,-0.6988868980743286,-0.5,10
2024-12-13,NVDA,0.005524465819958565,-0.9088258507599627,-0.5,10
2024-12-16,NVDA,0.004220970737782889,-1.0553797574068255,-0.5,10
2024-12-17,NVDA,0.001288546992606904,-1.0247547079481383,-0.5,10
2024-12-18,NVDA,0.009200954785066922,-1.3745168424555334,-0.5,10
2024-12-19,NVDA,0.007593365197499386,-1.2631860974727587,-0.5,10
2024-12-20,NVDA,0.0039229692825221265,-1.1199918266315205,-0.5,10
2024-12-23,NVDA,0.0030711565776474275,-0.5691502339541646,-0.5,10
2024-12-24,NVDA,0.0005959547673661348,-0.051879209093001526,-0.5,10
2024-12-26,NVDA,-0.00033873731385134344,-0.10968751710503637,-0.5,10
2024-12-27,NVDA,-0.0002567365749188813,-0.14566028156664723,-0.5,10
2024-12-30,NVDA,0.0014454223029152552,-0.1650216981939219,-0.5,10
2024-12-31,NVDA,0.004323649808983967,-0.4011510180549286,-0.5,10
2024-07-01,PFE,-0.042418200861860406,0.2379126052418088,-0.5,10
2024-07-02,PFE,-0.04246041609368237,-0.505516240925026,-0.5,10
2024-07-03,PFE,-0.04427002609999215,-0.36579420116814454,-0.5,10
2024-07-05,PFE,-0.04946335740020167,-0.39181977839215576,-0.5,10
2024-07-08,PFE,-0.04957715359235485,0.43020353741254247,-0.5,10
2024-07-09,PFE,-0.05083352931541712,0.3315262619243676,-0.5,10
2024-07-10,PFE,-0.06135145436188812,0.8795095108340689,-0.5,10
2024-07-11,PFE,-0.05135633499499433,1.111277707569803,-0.5,10
2024-07-12,PFE,-0.05100344043428902,1.3636958586723897,-0.5,10
2024-07-15,PFE,-0.05690804187945405,1.3095114280441642,-0.5,10
2024-07-16,PFE,-0.06970613065219515,1.7278305236531426,-0.5,10
2024-07-17,PFE,-0.03349725747222172,1.991214059961464,-0.5,10
2024-07-18,PFE,-0.046712801614077606,1.8632140236264338,-0.5,10
2024-07-19,PFE,-0.049497220273749684,2.2764971649321,-0.5,10
2024-07-22,PFE,-0.041134016946559354,1.868396463067546,-0.5,10
2024-07-23,PFE,-0.04961930261989638,1.3391674802888036,-0.5,10
2024-07-24,PFE,-0.022950322436700466,2.1772904480677067,-0.5,10
2024-07-25,PFE,-0.030247969610842366,2.5238278603677364,-0.5,10
2024-07-26,PFE,0.0024437177986020337,1.3211937768498134,-0.5,10
2024-07-29,PFE,-0.00517468756245211,1.6640647200030452,-0.5,10
2024-07-30,PFE,0.004237312058945518,1.0812054982679684,-0.5,10
2024-07-31,PFE,-0.011358557394811944,1.4334498007464875,-0.5,10
2024-08-01,PFE,-0.02011758100000889,2.0962653459885052,-0.5,10
2024-08-02,PFE,-0.01933537797585495,1.6583041714068076,-0.5,10
2024-08-05,PFE,-0.010991234912887324,1.6039426096068474,-0.5,10
2024-08-06,PFE,-0.019425486870380586,1.461573909094208,-0.5,10
2024-08-07,PFE,-0.01609615295559224,1.2374638348778677,-0.5,10
2024-08-08,PFE,-0.00990813898321369,0.8627744101539897,-0.5,10
2024-08-09,PFE,-0.002820626259763282,0.7586354721948915,-0.5,10
2024-08-12,PFE,0.005335374181665046,0.5602675223839044,-0.5,10
2024-08-13,PFE,0.01536588254440896,0.1881042486547524,-0.5,10
2024-08-14,PFE,-0.001261919290081887,0.16859294566732833,-0.5,10
2024-08-15,PFE,0.006982741031002047,-0.18774349762575457,-0.5,10
2024-08-16,PFE,0.008836281763218977,-0.5119029180196262,-0.5,10
2024-08-19,PFE,-0.0009008717060694173,-0.13704442430202207,-0.5,10
2024-08-20,PFE,-0.005205408803487568,0.06880118314961099,-0.5,10
2024-08-21,PFE,0.004233803245660819,-0.22363070338727487,-0.5,10
2024-08-22,PFE,0.003937153563329526,-0.3207329884589794,-0.5,10
2024-08-23,PFE,0.0044304182536736335,-0.3691335649874339,-0.5,10
2024-08-26,PFE,-0.004002374788979085,-0.2493186843929587,-0.5,10
2024-08-27,PFE,0.002444115383799914,-0.5563563961000664,-0.5,10
2024-08-28,PFE,0.007648734278209297,-0.3680413356109038,-0.5,10
2024-08-29,PFE,-0.010106421254109701,-0.26454431895440966,-0.5,10
2024-08-30,PFE,-0.016733428244121985,-1.153572882757787,-0.5,10
2024-09-03,PFE,-0.004756679770822423,-1.0703484459134849,-0.5,10
2024-09-04,PFE,-0.01996083828817044,-0.6714727020436178,-0.5,10
2024-09-05,PFE,-0.027535059025263084,-0.7587535507930514,-0.5,10
2024-09-06,PFE,-0.023047373814639574,-0.017478353780061684,-0.5,10
2024-09-09,PFE,-0.05010510531086787,0.6867574863209451,-0.5,10
2024-09-10,PFE,-0.05610591419649867,0.8021502895978235,-0.5,10
2024-09-11,PFE,-0.04237354341833269,0.5344920775290954,-0.5,10
2024-09-12,PFE,-0.03741569945057611,0.08238268845791247,-0.5,10
2024-09-13,PFE,-0.04633351971051078,0.5537962811163386,-0.5,10
2024-09-16,PFE,-0.04314876624338208,1.1061843133558753,-0.5,10
2024-09-17,PFE,-0.00865920624946341,0.4470213967799919,-0.5,10
2024-09-18,PFE,-0.009676005241463698,0.49604632096035467,-0.5,10
2024-09-19,PFE,-0.013142573484544128,0.11866547767045135,-0.5,10
2024-09-20,PFE,-0.01501654187504244,0.02050253657394846,-0.5,10
2024-09-23,PFE,-0.018431416462064556,0.13216488313763738,-0.5,10
2024-09-24,PFE,-0.019770819838049375,0.16015224522058774,-0.5,10
2024-09-25,PFE,-0.012679700566646858,-0.32327142965546873,-0.5,10
2024-09-26,PFE,-0.025231347630430303,-0.17417891865048368,-0.5,10
2024-09-27,PFE,-0.025784088382655418,-0.1209175266559786,-0.5,10
2024-09-30,PFE,-0.021394821584575067,-0.8863396715934204,-0.5,10
2024-10-01,PFE,-0.018465783604088924,-0.41025605717696856,-0.5,10
2024-10-02,PFE,-0.02228060867664851,-0.29047412881954915,-0.5,10
2024-10-03,PFE,-0.012463901409043571,-0.8389137025451053,-0.5,10
2024-10-04,PFE,-0.009492017771752022,-0.9809859647259479,-0.5,10
2024-10-07,PFE,-0.014891140023806725,-0.823118073107111,-0.5,10
2024-10-08,PFE,-0.011041880474454044,-0.9330067452385988,-0.5,10
2024-10-09,PFE,-0.035729393366370744,-0.25841998519230325,-0.5,10
2024-10-10,PFE,-0.009343366136611544,-0.6558589852419909,-0.5,10
2024-10-11,PFE,-0.01484182474240434,-0.5987012776820724,-0.5,10
2024-10-14,PFE,-0.013817190732465595,-0.9441407673448003,-0.5,10
2024-10-15,PFE,-0.013525232088364026,-0.7017367332522753,-0.5,10
2024-10-16,PFE,-0.022331645169011,-0.40152931178233914,-0.5,10
2024-10-17,PFE,-0.015231297948762431,-0.3380586381082202,-0.5,10
2024-10-18,PFE,-0.015974949034543003,-0.2623554399997207,-0.5,10
2024-10-21,PFE,-0.01566655231514786,-0.27567743557159985,-0.5,10
2024-10-22,PFE,-0.04144761055832578,-0.14477616228097923,-0.5,10
2024-10-23,PFE,-0.05209600372119239,0.34442243560709707,-0.5,10
2024-10-24,PFE,-0.043163119333228535,0.21870227901863276,-0.5,10
2024-10-25,PFE,-0.03959158420352352,-0.1574722042681137,-0.5,10
2024-10-28,PFE,-0.050883603793834796,0.13065007435895215,-0.5,10
2024-10-29,PFE,-0.0324085374946704,-0.3502334304132457,-0.5,10
2024-10-30,PFE,-0.04114815732230636,-0.28388353124305876,-0.5,10
2024-10-31,PFE,-0.012432760904362468,-0.34095174707859155,-0.5,10
2024-11-01,PFE,7.136455634296312e-05,-0.7990817307449748,-0.5,10
2024-11-04,PFE,0.008152093081625272,-1.4248171341207707,-0.5,10
2024-11-05,PFE,0.0038982968177856537,-1.0528477847020314,-0.5,10
2024-11-06,PFE,0.002935685707430934,-1.7414866384238676,-0.5,10
2024-11-07,PFE,-0.014443201245013812,-1.3075816689785622,-0.5,10
2024-11-08,PFE,-0.007716508132499814,-1.320184648996336,-0.5,10
2024-11-11,PFE,0.030573667054957458,-2.147600441296267,-0.5,10
2024-11-12,PFE,0.015421791513584856,-1.762636653752166,-0.5,10
2024-11-13,PFE,-0.020477644929464585,-0.9039002290724836,-0.5,10
2024-11-14,PFE,-0.003879197106512151,-1.966121988391121,-0.5,10
2024-11-15,PFE,0.019759819796388862,-2.4986054223197494,-0.5,10
2024-11-18,PFE,0.0038715808189753982,-2.264435247311749,-0.5,10
2024-11-19,PFE,0.0022021814968148585,-2.304823024522715,-0.5,10
2024-11-20,PFE,-0.009570705595339065,-2.2265149144372405,-0.5,10
2024-11-21,PFE,-0.010091579928222958,-2.1188287888876283,-0.5,10
2024-11-22,PFE,-0.02943674126458466,-1.3158750360024976,-0.5,10
2024-11-25,PFE,-0.034439631041726475,-1.0493322896248007,-0.5,10
2024-11-26,PFE,-0.02934802432623461,-1.4470303617519866,-0.5,10
2024-11-27,PFE,-0.019858608725281366,-1.4172192896690214,-0.5,10
2024-11-29,PFE,-0.020511107061328762,-1.817654210641914,-0.5,10
2024-12-02,PFE,-0.02203109017494821,-1.3489357286682746,-0.5,10
2024-12-03,PFE,0.010338289787682392,-2.211008066453549,-0.5,10
2024-12-04,PFE,0.018077031181800946,-2.395383242019918,-0.5,10
2024-12-05,PFE,0.0085625315553718,-0.6055219337348271,-0.5,10
2024-12-06,PFE,0.006576454857060557,-0.36252933705476076,-0.5,10
2024-12-09,PFE,0.006867954900551078,-0.2199321848420157,-0.5,10
2024-12-10,PFE,0.016989266909729822,-0.32582113778197974,-0.5,10
2024-12-11,PFE,0.006174283703630292,-0.5201893260254039,-0.5,10
2024-12-12,PFE,0.00788893242114174,-0.6120116608961023,-0.5,10
2024-12-13,PFE,0.007204692906496832,-0.18933371329406218,-0.5,10
2024-12-16,PFE,0.0017949040687793294,-0.12729776126141462,-0.5,10
2024-12-17,PFE,0.0011711575044876404,0.25314583328609974,-0.5,10
2024-12-18,PFE,0.016247557396083155,0.0939883212672672,-0.5,10
2024-12-19,PFE,0.0025215923752246777,0.14870787028404053,-0.5,10
2024-12-20,PFE,0.00665093019766717,0.018580543210868605,-0.5,10
2024-12-23,PFE,-0.0008603938257032589,0.03863033903672841,-0.5,10
2024-12-24,PFE,0.008099249317291344,-0.2513689868086888,-0.5,10
2024-12-26,PFE,0.005862748873208075,-0.10309211727686206,-0.5,10
2024-12-27,PFE,0.0021095989141900902,0.04819952903236953,-0.5,10
2024-12-30,PFE,-0.009670648441242895,0.13486567724799864,-0.5,10
2024-12-31,PFE,-0.00656963288189612,0.504980703192137,-0.5,10
2024-07-01,PYPL,0.002815216912809572,-2.0522917697445044,-0.5,10
2024-07-02,PYPL,-0.004207942438891037,-1.5740655143067692,-0.5,10
2024-07-03,PYPL,-0.011123066271314685,-1.281883447539181,-0.5,10
2024-07-05,PYPL,-0.010888490154454424,-1.2567882738059009,-0.5,10
2024-07-08,PYPL,-0.020762926935415902,-1.5090863215427952,-0.5,10
2024-07-09,PYPL,-0.019285128664269038,-1.663365616533909,-0.5,10
2024-07-10,PYPL,-0.017412342388515165,-1.5756501278020996,-0.5,10
2024-07-11,PYPL,-0.011916513923193888,-1.509986501435531,-0.5,10
2024-07-12,PYPL,-0.017125298430849915,-1.4722939668447679,-0.5,10
2024-07-15,PYPL,-0.02094275824025098,-1.1292579206658995,-0.5,10
2024-07-16,PYPL,-0.02096956468243152,-0.46888747056184604,-0.5,10
2024-07-17,PYPL,-0.01474673666385107,-0.22450847158643253,-0.5,10
2024-07-18,PYPL,-0.012416761930599676,-0.28709044454608673,-0.5,10
2024-07-19,PYPL,-0.017578260152707116,-0.21371738214666894,-0.5,10
2024-07-22,PYPL,-0.015504001864154486,-0.33349943998339876,-0.5,10
2024-07-23,PYPL,-0.01784362384635611,-0.7621648947846297,-0.5,10
2024-07-24,PYPL,-0.006789850447531934,-0.11747164279190862,-0.5,10
2024-07-25,PYPL,-0.013326962025402683,0.28923502873143275,-0.5,10
2024-07-26,PYPL,-0.016402369018203068,0.8092592459579178,-0.5,10
2024-07-29,PYPL,-0.01815295504479308,0.8285009355509324,-0.5,10
2024-07-30,PYPL,-0.0002537008616415099,1.103518691502018,-0.5,10
2024-07-31,PYPL,-0.007188636091364747,1.3164250676622833,-0.5,10
2024-08-01,PYPL,-0.007995545029133638,1.4492247651550874,-0.5,10
2024-08-02,PYPL,-0.014128230187729686,1.066034779953373,-0.5,10
2024-08-05,PYPL,-0.008138424271456652,1.1688642563691944,-0.5,10
2024-08-06,PYPL,-0.015798539581557042,1.3462553929793815,-0.5,10
2024-08-07,PYPL,-0.010095742405772726,1.3583150591687334,-0.5,10
2024-08-08,PYPL,-0.010983832260947986,1.2840373852826834,-0.5,10
2024-08-09,PYPL,-0.009624765240477482,1.3734237020088806,-0.5,10
2024-08-12,PYPL,-0.010395862733291614,1.2824344484358283,-0.5,10
2024-08-13,PYPL,-0.00961632753824364,1.146281604185053,-0.5,10
2024-08-14,PYPL,-0.020679994005256518,1.2821009065784834,-0.5,10
2024-08-15,PYPL,-0.017677583401084374,1.3792360539241029,-0.5,10
2024-08-16,PYPL,-0.0073499910244421525,1.2541651470437827,-0.5,10
2024-08-19,PYPL,-0.01272790011691226,1.290614517180076,-0.5,10
2024-08-20,PYPL,-0.006438467449686504,1.5236563955552076,-0.5,10
2024-08-21,PYPL,0.02087349882942633,1.1314000519225693,-0.5,10
2024-08-22,PYPL,0.028423139051264455,1.07767500912742,-0.5,10
2024-08-23,PYPL,0.025164494516479848,0.9181477459374191,-0.5,10
2024-08-26,PYPL,0.021660854818745134,0.902578119883391,-0.5,10
2024-08-27,PYPL,0.01351844900187837,0.3949294442351202,-0.5,10
2024-08-28,PYPL,0.00226205411512804,0.582802405219154,-0.5,10
2024-08-29,PYPL,0.008684362751638107,0.8469588052676905,-0.5,10
2024-08-30,PYPL,0.005770567294797349,1.275602158222613,-0.5,10
2024-09-03,PYPL,0.004238474553941049,1.3809319915868956,-0.5,10
2024-09-04,PYPL,-0.006236827936292074,1.371790938040142,-0.5,10
2024-09-05,PYPL,-0.016472035379462346,1.2694388863719546,-0.5,10
2024-09-06,PYPL,-0.013819690843463578,0.8165142464723003,-0.5,10
2024-09-09,PYPL,-0.011614290718544074,0.7178314424817462,-0.5,10
2024-09-10,PYPL,-0.008856054502272542,0.6723947977017789,-0.5,10
2024-09-11,PYPL,-0.011836948278904896,0.4917420053318345,-0.5,10
2024-09-12,PYPL,-0.011923788206057885,0.44542540000529285,-0.5,10
2024-09-13,PYPL,-0.04377797942475669,0.7062820359814067,-0.5,10
2024-09-16,PYPL,-0.04444306853399963,0.88198425411586,-0.5,10
2024-09-17,PYPL,-0.04139601886509242,0.9784036256266858,-0.5,10
2024-09-18,PYPL,-0.04581328564883489,0.8641941786685093,-0.5,10
2024-09-19,PYPL,-0.036548778340274216,1.5794529455786623,-0.5,10
2024-09-20,PYPL,-0.03134259609836935,1.297870433315446,-0.5,10
2024-09-23,PYPL,-0.02888830188516532,1.3807118702108994,-0.5,10
2024-09-24,PYPL,-0.016330571081336502,1.1114755297004986,-0.5,10
2024-09-25,PYPL,-0.019718514144623986,0.8717263104747636,-0.5,10
2024-09-26,PYPL,-0.005881316825144375,0.9556204014836589,-0.5,10
2024-09-27,PYPL,-0.00843185975428571,0.3000839718596052,-0.5,10
2024-09-30,PYPL,-0.0051510747239144694,1.747857998648347,-0.5,10
2024-10-01,PYPL,-0.008258743268991632,0.7080215367093645,-0.5,10
2024-10-02,PYPL,-0.009952322659520629,0.28505045631269,-0.5,10
2024-10-03,PYPL,-0.010767425135605482,0.4383452822945828,-0.5,10
2024-10-04,PYPL,-0.016064226603217054,1.1131011799754387,-0.5,10
2024-10-07,PYPL,-0.01792841025089192,1.2480067134715864,-0.5,10
2024-10-08,PYPL,-0.015001820755589269,1.1148597893441643,-0.5,10
2024-10-09,PYPL,-0.022776282672551385,1.6193222833829295,-0.5,10
2024-10-10,PYPL,-0.016598750929843677,1.0339884696999964,-0.5,10
2024-10-11,PYPL,-0.01290550643279715,1.3063351865506208,-0.5,10
2024-10-14,PYPL,-0.012391645577084007,1.237078807153623,-0.5,10
2024-10-15,PYPL,-0.01517502687297743,1.39510709630138,-0.5,10
2024-10-16,PYPL,0.009443933937360992,0.6740176290293017,-0.5,10
2024-10-17,PYPL,0.014389727585958353,-0.12009039670529237,-0.5,10
2024-10-18,PYPL,0.014659732558843166,0.08675224831587608,-0.5,10
2024-10-21,PYPL,0.014132472045971265,-0.21920242630143838,-0.5,10
2024-10-22,PYPL,0.014659732558843166,-0.15839287466325908,-0.5,10
2024-10-23,PYPL,0.014389727585958353,0.2430967176125126,-0.5,10
2024-10-24,PYPL,0.013052718198912962,-0.17529312178819473,-0.5,10
2024-10-25,PYPL,0.012936553121182729,0.13992108909226003,-0.5,10
2024-10-28,PYPL,0.014008810243572036,0.4281273248369147,-0.5,10
2024-10-29,PYPL,0.02358719123679978,-0.582949529723858,-0.5,10
2024-10-30,PYPL,0.021723195351106367,-0.9865366310855264,-0.5,10
2024-10-31,PYPL,0.025758935125973343,-0.37199829344272645,-0.5,10
2024-11-01,PYPL,0.023935933975000573,-1.355394017168697,-0.5,10
2024-11-04,PYPL,0.012507712314652744,-1.0539411968039745,-0.5,10
2024-11-05,PYPL,0.006797565915045059,-0.8063930083380189,-0.5,10
2024-11-06,PYPL,-0.011988862322341086,-0.2567417169946635,-0.5,10
2024-11-07,PYPL,0.012703475262530472,-0.8555638415184994,-0.5,10
2024-11-08,PYPL,0.011479901240356373,-1.118966003571062,-0.5,10
2024-11-11,PYPL,0.00824082341735401,0.23624435905603286,-0.5,10
2024-11-12,PYPL,0.01589264612757456,-0.01831435240823323,-0.5,10
2024-11-13,PYPL,0.015347129363465672,-0.5650705087675729,-0.5,10
2024-11-14,PYPL,0.014743390195784729,-0.502059102396749,-0.5,10
2024-11-15,PYPL,0.014414695895017638,0.016166051691264782,-0.5,10
2024-11-18,PYPL,0.013327282133351357,-0.029681514954152666,-0.5,10
2024-11-19,PYPL,0.013327282133351357,-0.23108431679560473,-0.5,10
2024-11-20,PYPL,0.016129522814185594,-0.3055471265114149,-0.5,10
2024-11-21,PYPL,0.013221657086774755,-0.30732459677838686,-0.5,10
2024-11-22,PYPL,0.01822039233459998,-0.1710064796550016,-0.5,10
2024-11-25,PYPL,0.018340871630893634,-0.3762037525904034,-0.5,10
2024-11-26,PYPL,0.011852402123211363,0.36838190645803137,-0.5,10
2024-11-27,PYPL,0.008198663009606725,0.585035759686548,-0.5,10
2024-11-29,PYPL,0.022496891339424785,-0.015238872401044712,-0.5,10
2024-12-02,PYPL,0.02111225968418766,0.4384306462233797,-0.5,10
2024-12-03,PYPL,0.025882837463926493,-0.039039373190385085,-0.5,10
2024-12-04,PYPL,0.015019705184949933,0.739264651060513,-0.5,10
2024-12-05,PYPL,0.027452510281108976,0.5871098431389818,-0.5,10
2024-12-06,PYPL,0.018993882153679916,0.7873586840521327,-0.5,10
2024-12-09,PYPL,0.026359438376631225,0.12222530455520053,-0.5,10
2024-12-10,PYPL,0.024813734964999928,0.025841425879236823,-0.5,10
2024-12-11,PYPL,0.026035848217041906,0.17904954549821978,-0.5,10
2024-12-12,PYPL,0.02554585797799412,0.06972846470755878,-0.5,10
2024-12-13,PYPL,0.027369501511556805,0.4287492435529586,-0.5,10
2024-12-16,PYPL,0.027290824945694705,0.0034556157071731486,-0.5,10
2024-12-17,PYPL,0.02634522564297915,0.09952089512540357,-0.5,10
2024-12-18,PYPL,0.015552827359192167,-0.051446626283279145,-0.5,10
2024-12-19,PYPL,0.021897814896012877,-0.20971950335947842,-0.5,10
2024-12-20,PYPL,0.022116421199605475,-0.40146790906583013,-0.5,10
2024-12-23,PYPL,0.022535415203238474,-0.7188290567567064,-0.5,10
2024-12-24,PYPL,0.027959643073099595,-0.7031183992406,-0.5,10
2024-12-26,PYPL,0.022107319272800262,-0.5483213179342955,-0.5,10
2024-12-27,PYPL,0.0220328313400264,-0.5661078154283943,-0.5,10
2024-12-30,PYPL,0.029027045983460457,-0.631379342529355,-0.5,10
2024-12-31,PYPL,0.027653620682388434,-0.40200865020566173,-0.5,10
2024-07-01,ZM,-0.009049262559004399,-1.078270272753322,-0.5,10
2024-07-02,ZM,-0.010183781407238869,-1.250015856093692,-0.5,10
2024-07-03,ZM,-0.006824161793401734,-1.264313147082796,-0.5,10
2024-07-05,ZM,-0.009412757184401722,-1.314827719597081,-0.5,10
2024-07-08,ZM,-0.011748880777883707,-1.548721802997247,-0.5,10
2024-07-09,ZM,-0.014258713511671338,-1.546785955116524,-0.5,10
2024-07-10,ZM,-0.011454266459383826,-1.6378156439155962,-0.5,10
2024-07-11,ZM,-0.010057085792630023,-1.9459525781158713,-0.5,10
2024-07-12,ZM,-0.013096514645755083,-1.5798659879388555,-0.5,10
2024-07-15,ZM,-0.023277004830511233,-0.5696999644994162,-0.5,10
2024-07-16,ZM,-0.015717730202829894,-0.49248820753174993,-0.5,10
2024-07-17,ZM,-0.01767009106119302,0.191637908548197,-0.5,10
2024-07-18,ZM,-0.011234695593591693,0.22415442024925186,-0.5,10
2024-07-19,ZM,-0.019958923912009294,0.16078449850706272,-0.5,10
2024-07-22,ZM,-0.020003283158747283,-0.3548420349733017,-0.5,10
2024-07-23,ZM,-0.018183504547284696,0.013712607156075099,-0.5,10
2024-07-24,ZM,-0.009430198482811727,0.48983138468735576,-0.5,10
2024-07-25,ZM,-0.012393974029922221,1.0229841419057915,-0.5,10
2024-07-26,ZM,-0.012393974029922221,0.9559366714822882,-0.5,10
2024-07-29,ZM,-0.013668770407658572,0.6440427840492756,-0.5,10
2024-07-30,ZM,-0.006424759761459313,0.6340703835397329,-0.5,10
2024-07-31,ZM,-0.012653204604544315,0.47127456405335605,-0.5,10
2024-08-01,ZM,-0.003251197550527209,0.3177328220822393,-0.5,10
2024-08-02,ZM,-0.018567534608391417,0.896498419403493,-0.5,10
2024-08-05,ZM,0.00688236319047372,0.555384550997804,-0.5,10
2024-08-06,ZM,0.0018441939851345562,0.5398474796471507,-0.5,10
2024-08-07,ZM,-0.0008363502926957737,0.7912906714280977,-0.5,10
2024-08-08,ZM,0.00215836200191761,0.4674998151984451,-0.5,10
2024-08-09,ZM,0.0028247917799329634,0.5171738909334751,-0.5,10
2024-08-12,ZM,0.023048532367945438,-0.08917743411691231,-0.5,10
2024-08-13,ZM,0.004744560308576319,0.11802165234866407,-0.5,10
2024-08-14,ZM,-0.002640984624353704,0.1169048203749865,-0.5,10
2024-08-15,ZM,-0.00975574122673243,0.15004972980713913,-0.5,10
2024-08-16,ZM,-0.006862819355773005,0.09217960614187327,-0.5,10
2024-08-19,ZM,-0.017551951907516482,0.5012109644713881,-0.5,10
2024-08-20,ZM,-0.005299875086832773,0.0816943226005861,-0.5,10
2024-08-21,ZM,-0.007881304489440246,0.3725171139124337,-0.5,10
2024-08-22,ZM,-0.010703666107850179,0.9279911726904382,-0.5,10
2024-08-23,ZM,0.02489295158264438,0.5477163028502376,-0.5,10
2024-08-26,ZM,0.025442044581992743,0.5880583453736231,-0.5,10
2024-08-27,ZM,0.027303405254001087,0.43671155097952263,-0.5,10
2024-08-28,ZM,0.03478500938025549,0.7829939356452643,-0.5,10
2024-08-29,ZM,0.03716968585784669,1.0344471191767184,-0.5,10
2024-08-30,ZM,0.031079766929527,1.0838318202978185,-0.5,10
2024-09-03,ZM,0.04234463384102026,1.3553442605842068,-0.5,10
2024-09-04,ZM,0.01883793823602242,1.790328295956817,-0.5,10
2024-09-05,ZM,0.00918927389722802,1.7110011779852003,-0.5,10
2024-09-06,ZM,0.008357585560355476,2.022251888207744,-0.5,10
2024-09-09,ZM,0.005376473819419624,1.9571678659855671,-0.5,10
2024-09-10,ZM,0.00877205133530119,1.9272940634622007,-0.5,10
2024-09-11,ZM,0.003176674788587571,1.8380478657049222,-0.5,10
2024-09-12,ZM,0.0027928015710504714,1.7736186949965917,-0.5,10
2024-09-13,ZM,-0.002440398768866692,2.207459141044652,-0.5,10
2024-09-16,ZM,0.0009331757998814285,1.872981145772807,-0.5,10
2024-09-17,ZM,0.0018416453227454105,1.724881897841162,-0.5,10
2024-09-18,ZM,0.0031009022096703553,1.6972175543846801,-0.5,10
2024-09-19,ZM,-0.004783865421040107,1.5158420122354994,-0.5,10
2024-09-20,ZM,-0.015227123367610977,-0.5736416529590427,-0.5,10
2024-09-23,ZM,-0.01916215451300926,-0.3619773275116763,-0.5,10
2024-09-24,ZM,-0.019853184004136,-0.5739030159028358,-0.5,10
2024-09-25,ZM,-0.01682848277613798,-0.9910062419809389,-0.5,10
2024-09-26,ZM,-0.0200039310595099,-0.6753037422349026,-0.5,10
2024-09-27,ZM,-0.020913995780458928,-0.535905006966352,-0.5,10
2024-09-30,ZM,-0.021111648082823016,-0.43999327887632905,-0.5,10
2024-10-01,ZM,-0.021784008484563383,-0.663589320525898,-0.5,10
2024-10-02,ZM,-0.02018394860754254,-0.6917634269510715,-0.5,10
2024-10-03,ZM,-0.022326080892663403,-0.34517811447680347,-0.5,10
2024-10-04,ZM,-0.020454719642882965,-0.39963252770275326,-0.5,10
2024-10-07,ZM,-0.036022012070898106,-0.06544312416005837,-0.5,10
2024-10-08,ZM,-0.04122622556995767,0.06009885114277014,-0.5,10
2024-10-09,ZM,-0.035992967155181174,0.02794865625646803,-0.5,10
2024-10-10,ZM,-0.044570314584351275,0.6941745983902494,-0.5,10
2024-10-11,ZM,-0.035489236253215116,0.41480645008182904,-0.5,10
2024-10-14,ZM,-0.032377794415144635,-0.07703461508879006,-0.5,10
2024-10-15,ZM,-0.03449321009889573,-0.09852705048310706,-0.5,10
2024-10-16,ZM,-0.035730727414828654,0.48550954389058665,-0.5,10
2024-10-17,ZM,-0.03607184705415665,1.0212145022424888,-0.5,10
2024-10-18,ZM,-0.03879885736396444,0.9319231313863565,-0.5,10
2024-10-21,ZM,-0.04775156984170082,1.0992954629685867,-0.5,10
2024-10-22,ZM,-0.04854151909499502,0.9216550183763812,-0.5,10
2024-10-23,ZM,-0.059493884778824696,1.6278263956794268,-0.5,10
2024-10-24,ZM,-0.05401698733269126,1.5676877569682568,-0.5,10
2024-10-25,ZM,-0.05467840238990591,1.161808849704697,-0.5,10
2024-10-28,ZM,-0.053958170758309096,1.263745092973647,-0.5,10
2024-10-29,ZM,-0.05355322662504845,1.616108892183941,-0.5,10
2024-10-30,ZM,-0.056985661273306364,1.8344121106376619,-0.5,10
2024-10-31,ZM,-0.055479591640853594,2.7461532700018103,-0.5,10
2024-11-01,ZM,-0.023237401656233163,2.0243405145978763,-0.5,10
2024-11-04,ZM,-0.030235265284213296,2.150688502502708,-0.5,10
2024-11-05,ZM,-0.005094852393790945,2.1307859191595058,-0.5,10
2024-11-06,ZM,0.010203238738814352,1.1037212752347114,-0.5,10
2024-11-07,ZM,7.707413732425865e-05,0.9639002165982803,-0.5,10
2024-11-08,ZM,0.00934480282489037,0.7640349133547352,-0.5,10
2024-11-11,ZM,0.02432068812881901,1.5837269603130293,-0.5,10
2024-11-12,ZM,0.028421503138715252,1.2765901358620892,-0.5,10
2024-11-13,ZM,0.021741485258703945,0.8093549137331998,-0.5,10
2024-11-14,ZM,-0.0009902235091686167,1.281993614767835,-0.5,10
2024-11-15,ZM,-0.004034009362818879,1.46593237612918,-0.5,10
2024-11-18,ZM,0.000357469302889234,0.8266556914271783,-0.5,10
2024-11-19,ZM,-0.013030397641257381,0.8205991151595511,-0.5,10
2024-11-20,ZM,-0.010299045527773994,0.6739731242891136,-0.5,10
2024-11-21,ZM,-0.012132912405400691,1.2413008152906437,-0.5,10
2024-11-22,ZM,-0.013165973284682617,1.9263601114506295,-0.5,10
2024-11-25,ZM,-0.004996579642728946,1.8852460336138082,-0.5,10
2024-11-26,ZM,-0.02371072094215576,1.4242212243408277,-0.5,10
2024-11-27,ZM,-0.025690480811257053,1.7494352170066847,-0.5,10
2024-11-29,ZM,-0.017169329782650896,0.8476220484363152,-0.5,10
2024-12-02,ZM,0.006427105053759439,0.5949210157883744,-0.5,10
2024-12-03,ZM,0.010791975585743676,0.6354186853301143,-0.5,10
2024-12-04,ZM,0.011859937473417109,0.16304465077844105,-0.5,10
2024-12-05,ZM,0.02993638333806854,-0.04085964713536061,-0.5,10
2024-12-06,ZM,0.02977959822345664,0.11536358107015177,-0.5,10
2024-12-09,ZM,0.026625252850932625,-0.2374483248780918,-0.5,10
2024-12-10,ZM,0.026163150225054024,-0.44930968413809813,-0.5,10
2024-12-11,ZM,0.02793477351236052,-0.3756401059316338,-0.5,10
2024-12-12,ZM,0.03256609684973398,-0.00877589906218687,-0.5,10
2024-12-13,ZM,0.02528009200185558,-0.05541765112766577,-0.5,10
2024-12-16,ZM,0.02776561118743041,-0.3166790164779749,-0.5,10
2024-12-17,ZM,0.027757467873752554,0.07329985376569328,-0.5,10
2024-12-18,ZM,-0.004188302451039749,0.5670211307379239,-0.5,10
2024-12-19,ZM,0.028485376624530673,0.10629120399700226,-0.5,10
2024-12-20,ZM,0.027395698868427982,-0.23461544548354998,-0.5,10
2024-12-23,ZM,0.030081587121051814,-0.9228553558929609,-0.5,10
2024-12-24,ZM,0.02588498996809404,-1.0865465991934617,-0.5,10
2024-12-26,ZM,0.018243073179416328,-0.3657739946470024,-0.5,10
2024-12-27,ZM,0.02064565989264863,-0.8135532524272744,-0.5,10
2024-12-30,ZM,0.01907385052693368,-0.31654949618075184,-0.5,10
2024-12-31,ZM,0.018012825943062544,-0.36293109540145896,-0.5,10
2025-01-02,AAPL,0.018911922130104765,-0.3992478461671053,-1.0,11
2025-01-03,AAPL,0.018225934921935995,-0.4835766221715508,-1.0,11
2025-01-06,AAPL,0.01792185284717554,-0.5203460377417444,-1.0,11
2025-01-07,AAPL,0.016704680996188444,-0.30627866259427255,-1.0,11
2025-01-08,AAPL,0.014304247299501308,-0.4378287233793825,-1.0,11
2025-01-10,AAPL,0.018661125527106324,-0.861641698266675,-1.0,11
2025-01-13,AAPL,0.014921926639154802,-0.39579280724792276,-1.0,11
2025-01-14,AAPL,0.009757268085477567,-0.4009645531860942,-1.0,11
2025-01-15,AAPL,0.008933356074229112,-0.8575421110135701,-1.0,11
2025-01-16,AAPL,0.010588899850738702,-1.2066063336398443,-1.0,11
2025-01-17,AAPL,0.010173318787824324,-1.670930942631982,-1.0,11
2025-01-21,AAPL,0.01072903164484394,-2.1305469958928116,-1.0,11
2025-01-22,AAPL,0.01047207984489121,-2.173556969589733,-1.0,11
2025-01-23,AAPL,0.012025769292412343,-2.1094462218231174,-1.0,11
2025-01-24,AAPL,0.008820008835423722,-2.2000040203206535,-1.0,11
2025-01-27,AAPL,0.009099550345669513,-1.3388151860863806,-1.0,11
2025-01-28,AAPL,0.0031518981294554682,-1.6616866185308214,-1.0,11
2025-01-29,AAPL,0.0006708488904090834,-1.3174838648821028,-1.0,11
2025-01-30,AAPL,0.0016347321078960893,-1.4044511368046457,-1.0,11
2025-01-31,AAPL,-0.00016954384684774555,-0.9737002890438828,-1.0,11
2025-02-03,AAPL,0.007094855636631239,-1.1584545911369655,-1.0,11
2025-02-04,AAPL,0.0014847422200507112,-0.24997201459934587,-1.0,11
2025-02-05,AAPL,0.002463582143399515,-0.3376669975366213,-1.0,11
2025-02-06,AAPL,0.004359665920368438,-0.20511079894452855,-1.0,11
2025-02-07,AAPL,0.002198193490065151,-0.4266752911757752,-1.0,11
2025-02-10,AAPL,0.0019402375172724842,-1.1569680527717352,-1.0,11
2025-02-11,AAPL,0.0008830309351700414,-0.3592674859895054,-1.0,11
2025-02-12,AAPL,-0.0030822615291744896,-0.3057271598314228,-1.0,11
2025-02-13,AAPL,-0.006087927390200946,-0.02014809547679554,-1.0,11
2025-02-14,AAPL,-0.0006335144591266839,0.3435160971808148,-1.0,11
2025-02-18,AAPL,0.0028358474584671456,-0.49037470466323846,-1.0,11
2025-02-19,AAPL,-0.0039487840923380325,0.43149935980611165,-1.0,11
2025-02-20,AAPL,-0.0042270656444758315,0.38992404972729067,-1.0,11
2025-02-21,AAPL,-0.006932520176660573,0.8010366150704504,-1.0,11
2025-02-24,AAPL,-0.005869457730020835,0.7929778100376621,-1.0,11
2025-02-25,AAPL,-0.006127450757868669,0.5086768325244581,-1.0,11
2025-02-26,AAPL,-0.004729783360857828,0.12685614308127596,-1.0,11
2025-02-27,AAPL,0.0017205505092084115,-0.0010454345963775147,-1.0,11
2025-02-28,AAPL,-0.0053435473044387135,0.1377428746128213,-1.0,11
2025-03-03,AAPL,-0.002841185997297241,0.49446098547071926,-1.0,11
2025-03-04,AAPL,-0.0031788967433247182,0.7807175853759242,-1.0,11
2025-03-05,AAPL,-0.0037088630600866624,0.5497441511031432,-1.0,11
2025-03-06,AAPL,-0.003190934624284238,1.1056671962619138,-1.0,11
2025-03-07,AAPL,-0.0034376745623909436,1.0532004342536594,-1.0,11
2025-03-10,AAPL,-0.0028406314736151702,1.2847737410423925,-1.0,11
2025-03-11,AAPL,0.0022353798070995443,0.9475307476608774,-1.0,11
2025-03-12,AAPL,-0.00038773255207785073,0.5528285345933137,-1.0,11
2025-03-13,AAPL,0.005318714604047309,-0.39713404625101484,-1.0,11
2025-03-14,AAPL,0.011197372944403679,-0.7888310501617548,-1.0,11
2025-03-17,AAPL,0.009184050348386595,-1.300120259105884,-1.0,11
2025-03-18,AAPL,0.006657561109983964,-0.49672957445814797,-1.0,11
2025-03-19,AAPL,0.0007051919440519268,-0.4436969964425115,-1.0,11
2025-03-20,AAPL,0.0019393457315066427,-0.762514167015803,-1.0,11
2025-03-21,AAPL,0.0011161703267171575,-1.1337735841473509,-1.0,11
2025-03-24,AAPL,0.011633440687434547,-2.563974727337876,-1.0,11
2025-03-25,AAPL,0.010533015500929978,-1.9995133169325299,-1.0,11
2025-03-26,AAPL,0.011877786737389885,-1.0955901668641703,-1.0,11
2025-03-27,AAPL,0.010194242820732835,-1.2300369762551477,-1.0,11
2025-03-28,AAPL,0.012451322276565894,-1.0534108862060139,-1.0,11
2025-03-31,AAPL,0.010031048716218498,-1.4668449188724553,-1.0,11
2025-04-01,AAPL,0.010349186370432419,-1.2272634691127375,-1.0,11
2025-04-02,AAPL,0.007983936149506852,-1.025021034553893,-1.0,11
2025-04-03,AAPL,-0.034545543554533785,-0.14690360441273764,-1.0,11
2025-04-04,AAPL,-0.02568668666797785,-0.5911453771615477,-1.0,11
2025-04-07,AAPL,-0.031934640551473645,-0.6280589806287951,-1.0,11
2025-04-08,AAPL,-0.036734837250641604,-0.9971711814452515,-1.0,11
2025-04-09,AAPL,-0.0018138961127421244,-0.8821145271137274,-1.0,11
2025-04-10,AAPL,0.0020455143376686686,-0.0055607634428123665,-1.0,11
2025-04-11,AAPL,-0.003919473876556672,0.35976041861758934,-1.0,11
2025-04-14,AAPL,-0.001734579401870515,0.6457423385459993,-1.0,11
2025-04-15,AAPL,-0.0003444110035227703,0.47970616237661284,-1.0,11
2025-04-16,AAPL,0.0016979256907937005,0.511688259964004,-1.0,11
2025-04-17,AAPL,0.006036305029357696,0.681024745434025,-1.0,11
2025-04-21,AAPL,-0.0077719119597304395,0.6053829300920743,-1.0,11
2025-04-22,AAPL,-0.0012553482321084875,0.8256734485925383,-1.0,11
2025-04-23,AAPL,0.0034011707737041995,0.7841625414986869,-1.0,11
2025-04-24,AAPL,-0.004956531044150042,0.15108719240014054,-1.0,11
2025-04-25,AAPL,-0.005213358460670272,-0.2671261443299515,-1.0,11
2025-04-28,AAPL,-0.002998746563488708,-0.29090662246803445,-1.0,11
2025-04-29,AAPL,-0.005752685021910251,-0.7230012803953794,-1.0,11
2025-04-30,AAPL,-0.02353350186026069,-0.38699587322974244,-1.0,11
2025-05-01,AAPL,-0.01494707902512875,-0.5531167503058468,-1.0,11
2025-05-02,AAPL,-0.020271813434764897,-0.4578077826268113,-1.0,11
2025-05-05,AAPL,-0.04590454835793086,-0.17173701641769212,-1.0,11
2025-05-06,AAPL,-0.025513092473553198,0.20723478224250078,-1.0,11
2025-05-07,AAPL,-0.01334874571918585,-0.06904499231768162,-1.0,11
2025-05-08,AAPL,-0.004195820229286694,-0.7117623073965189,-1.0,11
2025-05-09,AAPL,0.002821072639966633,-0.7894908118278254,-1.0,11
2025-05-12,AAPL,0.000920529328775779,-1.1306249661814172,-1.0,11
2025-05-13,AAPL,-0.0010966032058756705,-1.1536606801890839,-1.0,11
2025-05-14,AAPL,-0.0003701218091522423,-0.9764705399113968,-1.0,11
2025-05-15,AAPL,0.003577716889165506,-0.9417223094164953,-1.0,11
2025-05-16,AAPL,0.010119979700644039,-1.0108910644865565,-1.0,11
2025-05-19,AAPL,0.013640165310589668,-0.9831778534929007,-1.0,11
2025-05-20,AAPL,0.013328251932983506,-1.1666524840967596,-1.0,11
2025-05-21,AAPL,0.005656689339014879,-1.0223461810339949,-1.0,11
2025-05-22,AAPL,0.012297404460113622,-1.2667350229898646,-1.0,11
2025-05-23,AAPL,0.004551887117273046,-1.2648668689094356,-1.0,11
2025-05-27,AAPL,0.005211101569518962,-1.1937492596925072,-1.0,11
2025-05-28,AAPL,-0.001013583706893224,-0.7890376814793022,-1.0,11
2025-05-29,AAPL,-0.001013583706893224,-0.7171401981184611,-1.0,11
2025-05-30,AAPL,0.001547721607833952,-1.022685055228305,-1.0,11
2025-06-02,AAPL,0.007707720315946362,-0.5897179935657416,-1.0,11
2025-06-03,AAPL,0.010945294757583384,-0.2577681935194098,-1.0,11
2025-06-04,AAPL,0.010945294757583384,-0.4418317767178952,-1.0,11
2025-06-05,AAPL,0.01295451690846388,-0.41896441046311095,-1.0,11
2025-06-06,AAPL,0.018131708973717117,-0.33537453332310363,-1.0,11
2025-06-09,AAPL,0.01289255404765314,-0.4341170725105826,-1.0,11
2025-06-10,AAPL,0.017418154826914185,-1.2395072503734987,-1.0,11
2025-06-11,AAPL,0.009714034898284481,-1.035135512579244,-1.0,11
2025-06-12,AAPL,0.006275773763363865,-1.1290930830236898,-1.0,11
2025-06-13,AAPL,0.008628272533884035,-0.9420069549479697,-1.0,11
2025-06-16,AAPL,0.006231595097857556,-0.9798207843160256,-1.0,11
2025-06-17,AAPL,0.00524426704220927,-1.0754740673190197,-1.0,11
2025-06-18,AAPL,-0.009263531870807732,-0.26919869610014313,-1.0,11
2025-06-20,AAPL,-0.004808851977431588,0.16682252195269354,-1.0,11
2025-06-23,AAPL,-0.007090494081704184,0.24167149833185753,-1.0,11
2025-06-24,AAPL,-0.0008922646821833164,-0.07934226785063958,-1.0,11
2025-06-25,AAPL,-0.00729735975533817,-0.034635769359684154,-1.0,11
2025-06-26,AAPL,-0.006909900687784184,-0.2338523310939491,-1.0,11
2025-06-27,AAPL,-0.003378548483079429,-0.6352033302664457,-1.0,11
2025-06-30,AAPL,-0.008960439767984104,0.025098653895687995,-1.0,11
2025-01-02,AMZN,0.011245343888042963,0.39015240599262546,-1.0,11
2025-01-03,AMZN,0.011749681716920736,0.31638453089789187,-1.0,11
2025-01-06,AMZN,0.010196204072367506,0.1891543402241815,-1.0,11
2025-01-07,AMZN,0.011629875525952276,-0.4651078737773174,-1.0,11
2025-01-08,AMZN,0.010677362929356655,-0.3326928345888007,-1.0,11
2025-01-10,AMZN,0.012016121444898602,-0.22377516407734194,-1.0,11
2025-01-13,AMZN,0.010255052966759923,-0.2552054339751099,-1.0,11
2025-01-14,AMZN,0.009872318561839481,-0.15193029928297505,-1.0,11
2025-01-15,AMZN,0.013065381879370057,-0.268935579155872,-1.0,11
2025-01-16,AMZN,0.010664093585444923,-0.31040517930648903,-1.0,11
2025-01-17,AMZN,0.010846010629066564,-0.3753766942908007,-1.0,11
2025-01-21,AMZN,0.0050088650054163335,0.3541856435090559,-1.0,11
2025-01-22,AMZN,0.004720561078155322,0.12903892091869001,-1.0,11
2025-01-23,AMZN,0.004024554410601486,0.6110681206104862,-1.0,11
2025-01-24,AMZN,0.00515234009120642,1.0352806546532498,-1.0,11
2025-01-27,AMZN,0.0060935856473817536,0.9590661890351599,-1.0,11
2025-01-28,AMZN,0.00022878063665586801,1.187405518106864,-1.0,11
2025-01-29,AMZN,-0.003035678508235082,1.2296716153388496,-1.0,11
2025-01-30,AMZN,-0.00037825904126998904,0.8143310757406967,-1.0,11
2025-01-31,AMZN,-0.0005167874242693645,1.1979282675293705,-1.0,11
2025-02-03,AMZN,-0.0013643757756784422,1.0694263936329589,-1.0,11
2025-02-04,AMZN,-0.0005206477670868971,1.2548868271546068,-1.0,11
2025-02-05,AMZN,0.0005435942756901718,1.0374149352667639,-1.0,11
2025-02-06,AMZN,0.0003502806534291866,1.7536807175247602,-1.0,11
2025-02-07,AMZN,0.005281450700084194,1.0899213451828897,-1.0,11
2025-02-10,AMZN,0.0002727217800556416,0.9082719281616483,-1.0,11
2025-02-11,AMZN,-0.0018420166083863536,1.0152691681216857,-1.0,11
2025-02-12,AMZN,-0.004312807462615589,0.2470388052042884,-1.0,11
2025-02-13,AMZN,-0.002763591088855901,-0.12743542254817142,-1.0,11
2025-02-14,AMZN,-0.0028429298339738536,0.08952876090238315,-1.0,11
2025-02-18,AMZN,-0.003314733985970618,-0.5281480792446738,-1.0,11
2025-02-19,AMZN,0.001914683049325141,-1.080598466069883,-1.0,11
2025-02-20,AMZN,-0.0008403475587690622,-1.2119730310474934,-1.0,11
2025-02-21,AMZN,-0.0007521935671162183,-1.1666168908593977,-1.0,11
2025-02-24,AMZN,0.003424849817497996,-1.476500499623381,-1.0,11
2025-02-25,AMZN,0.006873432625434647,-1.6492888581357779,-1.0,11
2025-02-26,AMZN,0.0028965972336415795,-1.126356628249699,-1.0,11
2025-02-27,AMZN,0.004335207341173478,-1.0945331980068107,-1.0,11
2025-02-28,AMZN,0.001568844501496167,-1.0575089257947594,-1.0,11
2025-03-03,AMZN,0.0027451349256407444,-0.972018084006238,-1.0,11
2025-03-04,AMZN,0.0027655008056745732,-1.0524344319310588,-1.0,11
2025-03-05,AMZN,-0.00021791228062507226,-1.4329948506506864,-1.0,11
2025-03-06,AMZN,0.004421492226060071,-1.6122803141035724,-1.0,11
2025-03-07,AMZN,-0.0015052766203526348,-1.409407203287462,-1.0,11
2025-03-10,AMZN,0.0015603910796176373,-0.8342860282054961,-1.0,11
2025-03-11,AMZN,-0.002406584798699557,-0.5043798156660039,-1.0,11
2025-03-12,AMZN,0.00018962370467246102,-1.0001940704278485,-1.0,11
2025-03-13,AMZN,-0.0013308928299813013,-0.4616243169905768,-1.0,11
2025-03-14,AMZN,0.00807187506481993,-1.0772468086676719,-1.0,11
2025-03-17,AMZN,0.0021488703743357076,-1.1582960384692615,-1.0,11
2025-03-18,AMZN,0.003416961823872778,-0.5737232684345185,-1.0,11
2025-03-19,AMZN,-0.004479739796286087,-0.49583993773374313,-1.0,11
2025-03-20,AMZN,-0.005141108718730159,-0.2984311847202156,-1.0,11
2025-03-21,AMZN,5.686573369393521e-05,-0.6472968321342771,-1.0,11
2025-03-24,AMZN,0.007842081942134965,-0.13940391974182315,-1.0,11
2025-03-25,AMZN,0.009417917415407925,-0.6308281684427777,-1.0,11
2025-03-26,AMZN,0.0006659297069120444,-0.18599988703685677,-1.0,11
2025-03-27,AMZN,0.0061621501818991875,-0.39821039331186525,-1.0,11
2025-03-28,AMZN,-0.01235099817094857,0.04580020353998826,-1.0,11
2025-03-31,AMZN,-0.009317079449105982,-0.30203613552550923,-1.0,11
2025-04-01,AMZN,-0.008788550145219608,-0.10408094466805662,-1.0,11
2025-04-02,AMZN,-0.041797701891235634,1.457962680204071,-1.0,11
2025-04-03,AMZN,-0.042033676269126456,0.49030034624782126,-1.0,11
2025-04-04,AMZN,-0.0470798000521702,1.2790207214740328,-1.0,11
2025-04-07,AMZN,-0.03614802091807054,1.3846005961441223,-1.0,11
2025-04-08,AMZN,-0.054420498664303846,1.253111970036987,-1.0,11
2025-04-09,AMZN,-0.0662341822484816,1.5249337787857775,-1.0,11
2025-04-10,AMZN,-0.06015137915588101,1.7820775992505893,-1.0,11
2025-04-11,AMZN,-0.06470512728871378,1.8762754715526107,-1.0,11
2025-04-14,AMZN,-0.0610715833068066,1.9247025612526336,-1.0,11
2025-04-15,AMZN,-0.06462923552237716,1.6709921454992018,-1.0,11
2025-04-16,AMZN,-0.06800664398213363,1.8673976136691612,-1.0,11
2025-04-17,AMZN,-0.06892895730411656,1.8978568114451182,-1.0,11
2025-04-21,AMZN,-0.07764970189578281,1.7300711602159244,-1.0,11
2025-04-22,AMZN,-0.07456529238872657,1.4011962358160523,-1.0,11
2025-04-23,AMZN,-0.09593084745685976,1.53235115772052,-1.0,11
2025-04-24,AMZN,-0.08900479676976573,1.3623820813803742,-1.0,11
2025-04-25,AMZN,-0.08946339219791612,1.4248814796694413,-1.0,11
2025-04-28,AMZN,-0.08202210087437731,1.566142083974125,-1.0,11
2025-04-29,AMZN,-0.07964484065418494,1.5086818554465107,-1.0,11
2025-04-30,AMZN,-0.07740254151824978,0.9118539436033932,-1.0,11
2025-05-01,AMZN,-0.0775511388894631,1.0528092628240324,-1.0,11
2025-05-02,AMZN,-0.07143546833374141,1.419848610428704,-1.0,11
2025-05-05,AMZN,-0.06878201974778851,0.8314982674913727,-1.0,11
2025-05-06,AMZN,-0.07356702706536565,0.9292705127159203,-1.0,11
2025-05-07,AMZN,-0.0723095896107055,1.0184878965800856,-1.0,11
2025-05-08,AMZN,-0.04616314887241663,0.6350183379737254,-1.0,11
2025-05-09,AMZN,-0.03870685345217089,1.17287606816219,-1.0,11
2025-05-12,AMZN,-0.040141275870251354,1.2428599629396908,-1.0,11
2025-05-13,AMZN,-0.01598461609798364,0.9898002967414307,-1.0,11
2025-05-14,AMZN,-0.015669407268200465,1.070571323210736,-1.0,11
2025-05-15,AMZN,-0.015847214129396867,0.9609729568451902,-1.0,11
2025-05-16,AMZN,-0.0037157731672269453,0.8850136163484519,-1.0,11
2025-05-19,AMZN,0.005258692078503515,0.7859906013503873,-1.0,11
2025-05-20,AMZN,0.00657960628764325,0.4831129578903701,-1.0,11
2025-05-21,AMZN,0.0031845468398742417,0.372314910302994,-1.0,11
2025-05-22,AMZN,0.004033034459610575,0.3428455169445692,-1.0,11
2025-05-23,AMZN,0.007576048242532316,0.3592169261181457,-1.0,11
2025-05-27,AMZN,0.005871477082254367,0.3942422827519739,-1.0,11
2025-05-28,AMZN,0.012722135257238216,0.3529465353868382,-1.0,11
2025-05-29,AMZN,0.011137128801433473,0.5686220398491235,-1.0,11
2025-05-30,AMZN,0.01626810194272287,0.27090390020592464,-1.0,11
2025-06-02,AMZN,0.014844186832338431,0.646849303788318,-1.0,11
2025-06-03,AMZN,0.014811580525609075,0.6665743967595171,-1.0,11
2025-06-04,AMZN,0.01715886288739726,0.6376403514393986,-1.0,11
2025-06-05,AMZN,0.01989409344659957,0.5864410261100598,-1.0,11
2025-06-06,AMZN,0.016655524591139958,0.7576071646353446,-1.0,11
2025-06-09,AMZN,0.01780795920504774,0.6829326272792225,-1.0,11
2025-06-10,AMZN,0.010579467922432827,0.1687692728835869,-1.0,11
2025-06-11,AMZN,0.0054697027538030026,0.1297679315524484,-1.0,11
2025-06-12,AMZN,0.007100472783751031,-0.021650124207092142,-1.0,11
2025-06-13,AMZN,0.006035377744693916,0.7517377182945795,-1.0,11
2025-06-16,AMZN,0.00898635410371123,0.764148172604455,-1.0,11
2025-06-17,AMZN,0.007733492283358176,0.8396509415736062,-1.0,11
2025-06-18,AMZN,0.01061579355212062,0.5712913483951666,-1.0,11
2025-06-20,AMZN,0.011841128392783179,0.5299247664491555,-1.0,11
2025-06-23,AMZN,0.011472351426923759,0.016269481295073523,-1.0,11
2025-06-24,AMZN,0.01035375683784611,-0.004262754551118672,-1.0,11
2025-06-25,AMZN,0.010252626647624177,-0.36992607509424047,-1.0,11
2025-06-26,AMZN,0.009579930757136534,0.048771328276115355,-1.0,11
2025-06-27,AMZN,0.006855565977808844,0.46537937872071466,-1.0,11
2025-06-30,AMZN,0.00941867532615264,0.012337827199670526,-1.0,11
2025-01-02,GOOGL,-0.03559730766099637,3.635674369335792,-1.0,11
2025-01-03,GOOGL,-0.02969848947945176,3.5150544293445325,-1.0,11
2025-01-06,GOOGL,-0.03100480333802702,3.6443064096550435,-1.0,11
2025-01-07,GOOGL,-0.03147270067387229,3.4144365898951152,-1.0,11
2025-01-08,GOOGL,-0.03965016884347894,3.8083294963388488,-1.0,11
2025-01-10,GOOGL,-0.03504838930381742,2.9357816662726552,-1.0,11
2025-01-13,GOOGL,-0.01792811496963186,1.547401310097775,-1.0,11
2025-01-14,GOOGL,-0.00932455378967902,1.5892659493840444,-1.0,11
2025-01-15,GOOGL,-0.02219727634953584,2.930861908514859,-1.0,11
2025-01-16,GOOGL,-0.0139578284360485,1.6754303790061922,-1.0,11
2025-01-17,GOOGL,-0.02119164319038283,1.8790642051307702,-1.0,11
2025-01-21,GOOGL,-0.011521354623816845,1.5189666677105318,-1.0,11
2025-01-22,GOOGL,-0.012215139395865122,1.0669377351436657,-1.0,11
2025-01-23,GOOGL,-0.014667323634914301,1.3138411591600612,-1.0,11
2025-01-24,GOOGL,-0.010977490911461576,1.5499378567244804,-1.0,11
2025-01-27,GOOGL,-0.01449766232832206,1.0175709059645253,-1.0,11
2025-01-28,GOOGL,-0.01766469412931332,0.8696864642217761,-1.0,11
2025-01-29,GOOGL,-0.017995916604578256,0.9392908714809001,-1.0,11
2025-01-30,GOOGL,-0.017550942846069773,1.4213040515481932,-1.0,11
2025-01-31,GOOGL,-0.013745542773378895,1.6171915892277267,-1.0,11
2025-02-03,GOOGL,-0.019954965577958513,1.568630337561205,-1.0,11
2025-02-04,GOOGL,-0.019207242309280177,1.8644015987295357,-1.0,11
2025-02-05,GOOGL,-0.032232374259845445,1.2334258352208867,-1.0,11
2025-02-06,GOOGL,-0.02944042150375714,1.2518783449478152,-1.0,11
2025-02-07,GOOGL,-0.020860557745786358,0.6267363880003808,-1.0,11
2025-02-10,GOOGL,-0.024300261560257226,0.22098042025136289,-1.0,11
2025-02-11,GOOGL,-0.027939757732442668,0.7533142141789105,-1.0,11
2025-02-12,GOOGL,-0.02802463993388834,1.4506201785166952,-1.0,11
2025-02-13,GOOGL,-0.03032384298671826,1.2066334155175995,-1.0,11
2025-02-14,GOOGL,-0.021273930410723056,0.4506752938711375,-1.0,11
2025-02-18,GOOGL,-0.03059708702500696,1.0459462480455262,-1.0,11
2025-02-19,GOOGL,-0.04090704201804217,0.26254566283719316,-1.0,11
2025-02-20,GOOGL,-0.04039251303666028,-0.029474403687179684,-1.0,11
2025-02-21,GOOGL,-0.05261730767330278,0.7268676582661905,-1.0,11
2025-02-24,GOOGL,-0.045312389303610145,0.4262087249111882,-1.0,11
2025-02-25,GOOGL,-0.048667891443458886,0.5437729509666465,-1.0,11
2025-02-26,GOOGL,-0.0476776118555432,0.7340844856136989,-1.0,11
2025-02-27,GOOGL,-0.058480249955325095,1.0252903639494124,-1.0,11
2025-02-28,GOOGL,-0.0735493142795966,0.9755737571420434,-1.0,11
2025-03-03,GOOGL,-0.06938835927578482,1.4700135193528672,-1.0,11
2025-03-04,GOOGL,-0.08272119233613368,1.6467431308752962,-1.0,11
2025-03-05,GOOGL,-0.07774327928561747,1.0961219272788416,-1.0,11
2025-03-06,GOOGL,-0.027427416803709442,1.27505548692356,-1.0,11
2025-03-07,GOOGL,-0.017713364632845903,0.6046255387541752,-1.0,11
2025-03-10,GOOGL,-0.01679467894620508,0.9960286280142061,-1.0,11
2025-03-11,GOOGL,-0.01804774070743783,1.0304371175138658,-1.0,11
2025-03-12,GOOGL,-0.015699010867328726,0.6623024437027996,-1.0,11
2025-03-13,GOOGL,0.0009173927628145181,-0.04248035108422393,-1.0,11
2025-03-14,GOOGL,0.008082511714272681,-0.4978062486609761,-1.0,11
2025-03-17,GOOGL,-0.007863526210610866,-0.22612870653099282,-1.0,11
2025-03-18,GOOGL,-0.009221542943942467,0.7484745670815954,-1.0,11
2025-03-19,GOOGL,-0.018880788926565736,0.7015197620554801,-1.0,11
2025-03-20,GOOGL,-0.014668183495236364,0.3966970894063426,-1.0,11
2025-03-21,GOOGL,-0.005416619093449697,-0.10164847115021258,-1.0,11
2025-03-24,GOOGL,0.015520765108806189,-1.5980656335535288,-1.0,11
2025-03-25,GOOGL,0.014038507402669733,-0.8831015764712689,-1.0,11
2025-03-26,GOOGL,0.006345058950461756,-0.11376828499746422,-1.0,11
2025-03-27,GOOGL,0.007975618212044148,-0.5475477518445568,-1.0,11
2025-03-28,GOOGL,-0.019280008183158642,0.2953001946626691,-1.0,11
2025-03-31,GOOGL,-0.019830347761424994,0.39739605056179683,-1.0,11
2025-04-01,GOOGL,-0.011527622210317817,-0.6118979337780144,-1.0,11
2025-04-02,GOOGL,-0.00732676048383311,-1.180387350459509,-1.0,11
2025-04-03,GOOGL,-0.041574194555739075,0.2699097915711919,-1.0,11
2025-04-04,GOOGL,-0.0317573667064656,0.5294068088554869,-1.0,11
2025-04-07,GOOGL,-0.02670772825523943,0.801971673731505,-1.0,11
2025-04-08,GOOGL,-0.037588151633768586,1.1864112613878457,-1.0,11
2025-04-09,GOOGL,-0.047899946668908934,0.869836819318955,-1.0,11
2025-04-10,GOOGL,-0.05453771487037472,1.7452059406704044,-1.0,11
2025-04-11,GOOGL,-0.04683280685064125,1.747359727576141,-1.0,11
2025-04-14,GOOGL,-0.026356670865274774,1.619766490410257,-1.0,11
2025-04-15,GOOGL,-0.029046162152753997,1.4287933974373113,-1.0,11
2025-04-16,GOOGL,-0.02484861100237807,1.7597930309685546,-1.0,11
2025-04-17,GOOGL,-0.024088708619949727,1.597621181205983,-1.0,11
2025-04-21,GOOGL,-0.030515543701646455,1.5073666953960658,-1.0,11
2025-04-22,GOOGL,-0.025716146942353458,1.3757082368129658,-1.0,11
2025-04-23,GOOGL,-0.024121944345365093,1.1811085250516977,-1.0,11
2025-04-24,GOOGL,-0.026995752725845423,1.4413234217587214,-1.0,11
2025-04-25,GOOGL,-0.02983766986753442,1.4560439072881406,-1.0,11
2025-04-28,GOOGL,-0.028247011807710363,1.8151909276460148,-1.0,11
2025-04-29,GOOGL,-0.027811805807683148,1.3243993047979452,-1.0,11
2025-04-30,GOOGL,-0.025651716115944374,1.0526924358401701,-1.0,11
2025-05-01,GOOGL,-0.0262400971113983,0.9538330578514631,-1.0,11
2025-05-02,GOOGL,-0.02543222536114139,0.7096689979284222,-1.0,11
2025-05-05,GOOGL,-0.01865221070702726,0.19366803655064802,-1.0,11
2025-05-06,GOOGL,-0.01651015829907974,0.23306646829372857,-1.0,11
2025-05-07,GOOGL,-0.02648590395117692,-1.0762289376082443,-1.0,11
2025-05-08,GOOGL,-0.01191160501407964,-0.8492555760090013,-1.0,11
2025-05-09,GOOGL,0.004818535568665288,-1.6012405528379847,-1.0,11
2025-05-12,GOOGL,-0.0068307873034798225,-2.032538129954619,-1.0,11
2025-05-13,GOOGL,-0.006137724805982505,-1.8080266982790925,-1.0,11
2025-05-14,GOOGL,-0.016315446763865937,-0.4930664788352867,-1.0,11
2025-05-15,GOOGL,-0.01629063335142629,-0.38580563662293754,-1.0,11
2025-05-16,GOOGL,0.002818584745376465,-0.42522954637324917,-1.0,11
2025-05-19,GOOGL,0.005402440643035801,-0.21350400715203183,-1.0,11
2025-05-20,GOOGL,0.004209619489920398,-0.3583308059829589,-1.0,11
2025-05-21,GOOGL,0.0017645984470656788,0.11778191010529093,-1.0,11
2025-05-22,GOOGL,9.328491149016976e-05,0.3138382778024516,-1.0,11
2025-05-23,GOOGL,-0.002339313378210591,0.4322796877985658,-1.0,11
2025-05-27,GOOGL,-0.004897820472491573,0.5373484380553294,-1.0,11
2025-05-28,GOOGL,-0.005133183957812451,0.7582705287897944,-1.0,11
2025-05-29,GOOGL,-0.00478072704839363,0.7764326888998041,-1.0,11
2025-05-30,GOOGL,-0.004508233943841579,0.7480614435035241,-1.0,11
2025-06-02,GOOGL,-0.0022372601127549916,0.3654802041064862,-1.0,11
2025-06-03,GOOGL,-0.0007106317383642692,-0.013961702554142086,-1.0,11
2025-06-04,GOOGL,-0.0003954665338319741,0.0709085589615589,-1.0,11
2025-06-05,GOOGL,0.01300565394463325,0.9855568634189971,-1.0,11
2025-06-06,GOOGL,0.011874832658435284,1.1066004419415747,-1.0,11
2025-06-09,GOOGL,0.025132252962906595,0.797081996424842,-1.0,11
2025-06-10,GOOGL,0.024282925483787902,0.8900626018172998,-1.0,11
2025-06-11,GOOGL,0.015544937750512695,1.1967285661700224,-1.0,11
2025-06-12,GOOGL,0.010620350067585086,0.5886173486239054,-1.0,11
2025-06-13,GOOGL,0.014407400820373005,0.9248071814384838,-1.0,11
2025-06-16,GOOGL,0.014664104526083556,0.780077441658289,-1.0,11
2025-06-17,GOOGL,0.015239459898349196,0.8294644683900408,-1.0,11
2025-06-18,GOOGL,0.017482031510008482,0.5942288377768821,-1.0,11
2025-06-20,GOOGL,0.027790020779086586,-1.3495126280452574,-1.0,11
2025-06-23,GOOGL,0.023281168325794698,-1.765689555889515,-1.0,11
2025-06-24,GOOGL,0.02378868572965714,-1.8469867917461675,-1.0,11
2025-06-25,GOOGL,0.02314930789683297,-1.7215702452460855,-1.0,11
2025-06-26,GOOGL,0.022960931066524835,-1.4563781714600852,-1.0,11
2025-06-27,GOOGL,0.020859176419940863,-1.047053512202436,-1.0,11
2025-06-30,GOOGL,0.022069982916965034,-1.1808485858477007,-1.0,11
2025-01-02,INTC,0.04445580102777625,-3.3087280195575777,-1.0,11
2025-01-03,INTC,0.046706364276465434,-2.980849277618118,-1.0,11
2025-01-06,INTC,0.05764711522656505,-2.8884151733791956,-1.0,11
2025-01-07,INTC,0.054205951745436604,-2.2615179388469446,-1.0,11
2025-01-08,INTC,0.055253282813641794,-2.411904241336468,-1.0,11
2025-01-10,INTC,0.06219958830962876,-2.4891722270270034,-1.0,11
2025-01-13,INTC,0.05590112553642413,-1.9925152031045377,-1.0,11
2025-01-14,INTC,0.05642914854578814,-2.8227836953979555,-1.0,11
2025-01-15,INTC,0.05364681180574366,-2.5153868713397367,-1.0,11
2025-01-16,INTC,0.05646819210785476,-2.5979027219099,-1.0,11
2025-01-17,INTC,0.023531746509635378,0.32751035014392693,-1.0,11
2025-01-21,INTC,0.028254150321455444,-0.0252695322372678,-1.0,11
2025-01-22,INTC,0.028509275511219418,0.005536628458439052,-1.0,11
2025-01-23,INTC,0.05050785651212719,-0.7507979862718059,-1.0,11
2025-01-24,INTC,0.05327085380921948,-1.5126437610711259,-1.0,11
2025-01-27,INTC,0.0582443624486599,-1.7050969595876304,-1.0,11
2025-01-28,INTC,0.05869532259288621,-2.9510124082470393,-1.0,11
2025-01-29,INTC,0.0527849362919341,-2.7048800141524802,-1.0,11
2025-01-30,INTC,0.03334892251220505,-1.6404661141831096,-1.0,11
2025-01-31,INTC,0.05514406795022158,-2.677544929747813,-1.0,11
2025-02-03,INTC,0.06084786171738028,-2.898829990819176,-1.0,11
2025-02-04,INTC,0.059919888885591854,-2.502755993708839,-1.0,11
2025-02-05,INTC,0.05620431898483752,-1.6564420859313063,-1.0,11
2025-02-06,INTC,0.06308939588731528,-2.161382899108707,-1.0,11
2025-02-07,INTC,0.07933970404417201,-2.5347359953623316,-1.0,11
2025-02-10,INTC,0.03992364955484895,-1.546067726249768,-1.0,11
2025-02-11,INTC,0.0350177241334981,-0.459748494895442,-1.0,11
2025-02-12,INTC,0.0075027655708592225,0.6262618746649649,-1.0,11
2025-02-13,INTC,0.014524601472517874,0.4669587447080974,-1.0,11
2025-02-14,INTC,0.027075577390155918,-0.06282456248419832,-1.0,11
2025-02-18,INTC,-0.02203150444580701,3.2371726537038334,-1.0,11
2025-02-19,INTC,-0.06566310668963733,3.936763475318514,-1.0,11
2025-02-20,INTC,-0.09040428886515169,4.276111204674375,-1.0,11
2025-02-21,INTC,-0.06501710591720954,3.57672127679409,-1.0,11
2025-02-24,INTC,-0.06219686900895666,3.6083476883974104,-1.0,11
2025-02-25,INTC,-0.060816757428808266,3.1209415344621014,-1.0,11
2025-02-26,INTC,-0.06318190019488307,3.9761398339535226,-1.0,11
2025-02-27,INTC,-0.06146710170474929,3.8695659812551417,-1.0,11
2025-02-28,INTC,-0.06218727065539896,3.4474448339839316,-1.0,11
2025-03-03,INTC,0.00022683825939591077,1.7379123100066352,-1.0,11
2025-03-04,INTC,0.00034935099195279015,1.2640450245950614,-1.0,11
2025-03-05,INTC,0.009961088616760285,0.8454035523276701,-1.0,11
2025-03-06,INTC,0.010289781252009937,0.7425992457320628,-1.0,11
2025-03-07,INTC,0.011618953621719566,0.47711182380607875,-1.0,11
2025-03-10,INTC,0.020138681284700848,0.2142545872296555,-1.0,11
2025-03-11,INTC,0.03047175604414207,-0.46696593762082017,-1.0,11
2025-03-12,INTC,0.054617664758584865,-0.9002035875328085,-1.0,11
2025-03-13,INTC,0.0034675959070418864,2.173515838325394,-1.0,11
2025-03-14,INTC,0.026184909098755337,0.49326568049961494,-1.0,11
2025-03-17,INTC,-0.03708395832476046,3.821225715629467,-1.0,11
2025-03-18,INTC,0.03161209281854935,-1.07595063145427,-1.0,11
2025-03-19,INTC,0.040663768279839745,-1.3476102769753318,-1.0,11
2025-03-20,INTC,0.04158662478764578,-1.924993560486428,-1.0,11
2025-03-21,INTC,0.03161706835769786,-0.9714777393338099,-1.0,11
2025-03-24,INTC,0.012495125923274486,0.7138174870644064,-1.0,11
2025-03-25,INTC,0.004560094119911589,1.5783896496084404,-1.0,11
2025-03-26,INTC,0.04028016468679052,-1.087893556720625,-1.0,11
2025-03-27,INTC,0.013276894313155924,0.5561024425950618,-1.0,11
2025-03-28,INTC,0.06457030236503544,-1.6714266042143193,-1.0,11
2025-03-31,INTC,0.020693579919106524,0.18603777393602616,-1.0,11
2025-04-01,INTC,-0.015679835945272145,3.0356248223885887,-1.0,11
2025-04-02,INTC,-0.01657275284177296,2.8632759441644704,-1.0,11
2025-04-03,INTC,-0.022952503689859245,2.7935179116177777,-1.0,11
2025-04-04,INTC,0.07552391953726878,0.3439059995603222,-1.0,11
2025-04-07,INTC,0.05475721718483276,0.09638030512410078,-1.0,11
2025-04-08,INTC,0.0819091729067269,-0.6737562536870023,-1.0,11
2025-04-09,INTC,0.041585424498188805,0.5144523797523828,-1.0,11
2025-04-10,INTC,0.07831807056452135,-2.8851769664052798,-1.0,11
2025-04-11,INTC,0.05639456468187433,-3.004887098956144,-1.0,11
2025-04-14,INTC,0.05081506104846328,-3.130928760268207,-1.0,11
2025-04-15,INTC,0.0623684163203025,-3.420183330252806,-1.0,11
2025-04-16,INTC,0.07043125117895735,-3.111081803251413,-1.0,11
2025-04-17,INTC,0.047299619812561235,-2.8362049173194173,-1.0,11
2025-04-21,INTC,7.501597273920242e-05,-1.829017416032295,-1.0,11
2025-04-22,INTC,-0.009299339147467146,-1.1956961997981828,-1.0,11
2025-04-23,INTC,0.08682402843022184,-2.585756778568272,-1.0,11
2025-04-24,INTC,0.07693776618992741,-2.280283371711708,-1.0,11
2025-04-25,INTC,0.08505239876225376,-3.6999734414736376,-1.0,11
2025-04-28,INTC,0.07846116902206399,-3.2667801609685094,-1.0,11
2025-04-29,INTC,0.07345505293704926,-3.460535849979358,-1.0,11
2025-04-30,INTC,0.08890436338214722,-3.6842238749335445,-1.0,11
2025-05-01,INTC,0.07599923598189921,-3.1983630387174404,-1.0,11
2025-05-02,INTC,0.06431228207932599,-3.58483792730252,-1.0,11
2025-05-05,INTC,0.05283269167199722,-2.948021544761876,-1.0,11
2025-05-06,INTC,0.044273072892410864,-2.7285084033796037,-1.0,11
2025-05-07,INTC,0.03660104069122487,-1.6599479754383868,-1.0,11
2025-05-08,INTC,0.05332123551638537,-2.5803127709912967,-1.0,11
2025-05-09,INTC,0.02844525249225917,-1.1640551070275709,-1.0,11
2025-05-12,INTC,0.02637718505510164,-0.6832780133772491,-1.0,11
2025-05-13,INTC,0.022030888510953174,-0.8811786844076595,-1.0,11
2025-05-14,INTC,0.04128065899980043,-1.5601523967271183,-1.0,11
2025-05-15,INTC,0.03305042951044321,-1.7622511479608889,-1.0,11
2025-05-16,INTC,0.040441449955201776,-1.4278739744597662,-1.0,11
2025-05-19,INTC,0.038177634308590384,-1.4848660101935662,-1.0,11
2025-05-20,INTC,0.041403099231838915,-1.7642457751260765,-1.0,11
2025-05-21,INTC,0.04913048469790249,-2.287710604073438,-1.0,11
2025-05-22,INTC,0.05150750690484163,-2.820870839711455,-1.0,11
2025-05-23,INTC,0.05898461378382252,-2.5044875295505076,-1.0,11
2025-05-27,INTC,0.05538313558043505,-2.4243832096352884,-1.0,11
2025-05-28,INTC,0.05630983381968348,-2.1019086614972204,-1.0,11
2025-05-29,INTC,0.056782027743142206,-2.0093910327105764,-1.0,11
2025-05-30,INTC,0.07408421098677434,-2.8206424771191143,-1.0,11
2025-06-02,INTC,0.0717450495746262,-2.891138017762625,-1.0,11
2025-06-03,INTC,0.05814668218714703,-2.1408685955227416,-1.0,11
2025-06-04,INTC,0.05687778580687635,-2.265257190200912,-1.0,11
2025-06-05,INTC,0.06619711682711911,-2.965489723462917,-1.0,11
2025-06-06,INTC,0.06883655371817053,-3.1226048369407877,-1.0,11
2025-06-09,INTC,0.06724593406952342,-2.9716625460812733,-1.0,11
2025-06-10,INTC,0.04939778983158714,-1.9123151391738042,-1.0,11
2025-06-11,INTC,0.06435210668631496,-3.152184159364773,-1.0,11
2025-06-12,INTC,0.05583767610184928,-2.568344455580133,-1.0,11
2025-06-13,INTC,0.05296869815498769,-2.5864592787392557,-1.0,11
2025-06-16,INTC,0.04722535995370716,-2.2106906040294385,-1.0,11
2025-06-17,INTC,0.03619925803000633,-1.6802857979002406,-1.0,11
2025-06-18,INTC,0.02633298888413865,-0.6474339060366133,-1.0,11
2025-06-20,INTC,0.033690868301651404,-0.9495967973603012,-1.0,11
2025-06-23,INTC,0.022597735624810426,-0.35351492029036097,-1.0,11
2025-06-24,INTC,0.024953901084873418,0.5173594882102599,-1.0,11
2025-06-25,INTC,0.02359569978161993,0.04281322299275092,-1.0,11
2025-06-26,INTC,0.026047893415070265,0.0933988730351909,-1.0,11
2025-06-27,INTC,0.022695137149289762,0.43875047531206535,-1.0,11
2025-06-30,INTC,0.030095953436620165,0.32302389118759733,-1.0,11
2025-01-02,MSFT,0.0008657038204362382,-0.2708200646134754,-1.0,11
2025-01-03,MSFT,0.0006774405839915609,-0.4500864995076564,-1.0,11
2025-01-06,MSFT,0.00013760919679293033,-0.6440226047927574,-1.0,11
2025-01-07,MSFT,0.0012667570113236843,-0.5686684477311041,-1.0,11
2025-01-08,MSFT,0.0007707448002885343,-0.5788577322272246,-1.0,11
2025-01-10,MSFT,0.0005119361183712005,-0.5091907620137603,-1.0,11
2025-01-13,MSFT,-0.004815801504343057,-0.08427251281223913,-1.0,11
2025-01-14,MSFT,-0.004382641666416002,-0.19482567395026573,-1.0,11
2025-01-15,MSFT,0.0008567630506992278,-0.6762939068305389,-1.0,11
2025-01-16,MSFT,0.002000263775565627,-0.05984093440766025,-1.0,11
2025-01-17,MSFT,0.0018070203387066594,-0.5106771949279908,-1.0,11
2025-01-21,MSFT,-0.0016061971268157525,-0.15085564625041936,-1.0,11
2025-01-22,MSFT,-0.011967032697064173,0.6560069083268931,-1.0,11
2025-01-23,MSFT,-0.009197935606786745,0.9015612539259391,-1.0,11
2025-01-24,MSFT,-0.009218778142714787,1.3139481400000865,-1.0,11
2025-01-27,MSFT,0.0008824352999735729,0.56161773905871,-1.0,11
2025-01-28,MSFT,-0.012055293223341151,1.10613550197386,-1.0,11
2025-01-29,MSFT,-0.008854726958596255,0.837710899592196,-1.0,11
2025-01-30,MSFT,-0.006795021494514919,-0.39334725689117933,-1.0,11
2025-01-31,MSFT,-0.005901489107414658,-0.10702434660391427,-1.0,11
2025-02-03,MSFT,-0.008685453184447032,0.06527149221588055,-1.0,11
2025-02-04,MSFT,-0.008592058992577334,0.30504227240772225,-1.0,11
2025-02-05,MSFT,-0.002310819508852669,0.08389654370567554,-1.0,11
2025-02-06,MSFT,-0.0020805944110659966,0.3691311073135602,-1.0,11
2025-02-07,MSFT,-0.0027348501688641076,0.20282529198187382,-1.0,11
2025-02-10,MSFT,-0.007845561810711763,-0.28571849889851014,-1.0,11
2025-02-11,MSFT,-0.0070676252255238775,-0.06702587208752353,-1.0,11
2025-02-12,MSFT,-0.006663455470236522,-0.3733331203625864,-1.0,11
2025-02-13,MSFT,-0.006710165591904804,-0.5100124474708606,-1.0,11
2025-02-14,MSFT,-0.006331498627784244,-0.4954070996058671,-1.0,11
2025-02-18,MSFT,0.0017479222130954701,-1.3337849601469527,-1.0,11
2025-02-19,MSFT,-0.0034943325419547217,-1.000510235054457,-1.0,11
2025-02-20,MSFT,-0.006713250017918568,-1.1468205876700495,-1.0,11
2025-02-21,MSFT,0.0009475238492739122,-1.274353269470754,-1.0,11
2025-02-24,MSFT,-0.00041326569318130615,-1.2648001470211265,-1.0,11
2025-02-25,MSFT,0.0017046126299956462,-1.3232583221445973,-1.0,11
2025-02-26,MSFT,-0.000587498504481064,-1.0271696793056175,-1.0,11
2025-02-27,MSFT,-0.00021725066341285842,-0.8516123002821778,-1.0,11
2025-02-28,MSFT,-0.0015627201749234911,-0.4986810419644817,-1.0,11
2025-03-03,MSFT,-0.0018704611942733592,-0.15311796755945611,-1.0,11
2025-03-04,MSFT,-0.0012045399423529512,-0.09904127731993037,-1.0,11
2025-03-05,MSFT,0.0032935783570083974,-0.18047821299435685,-1.0,11
2025-03-06,MSFT,0.002410244127920669,0.03266171889832903,-1.0,11
2025-03-07,MSFT,0.0029728712304615637,-0.3441005446748516,-1.0,11
2025-03-10,MSFT,0.002424637109545675,0.07296391563840918,-1.0,11
2025-03-11,MSFT,0.0032363137030033276,0.2562194310159243,-1.0,11
2025-03-12,MSFT,0.0032363137030033276,0.4008506123269987,-1.0,11
2025-03-13,MSFT,0.004494383878149119,0.27744192702328274,-1.0,11
2025-03-14,MSFT,0.004540476256706253,0.7977139652868638,-1.0,11
2025-03-17,MSFT,0.0025716433430479323,0.028300369420102722,-1.0,11
2025-03-18,MSFT,0.0030474729852145855,0.8751039793290456,-1.0,11
2025-03-19,MSFT,0.0014663490586900871,0.6640474212542211,-1.0,11
2025-03-20,MSFT,0.0019205648510554616,0.46929323460292716,-1.0,11
2025-03-21,MSFT,0.002550559699300651,0.4815036123341959,-1.0,11
2025-03-24,MSFT,0.007528913288416088,0.45568319536719554,-1.0,11
2025-03-25,MSFT,0.007528913288416088,0.08216152664908255,-1.0,11
2025-03-26,MSFT,0.00777051885833009,0.18814219384902553,-1.0,11
2025-03-27,MSFT,0.007528913288416088,0.2695038079524289,-1.0,11
2025-03-28,MSFT,0.008872697470202523,0.3592588751146638,-1.0,11
2025-03-31,MSFT,0.00889981192820825,-0.17535325441092575,-1.0,11
2025-04-01,MSFT,0.009258374911367889,-0.04285070184606643,-1.0,11
2025-04-02,MSFT,0.00889981192820825,-0.9981493055321774,-1.0,11
2025-04-03,MSFT,0.0021921154480156486,-0.18963470860685688,-1.0,11
2025-04-04,MSFT,0.010995594570108925,0.9840222703831684,-1.0,11
2025-04-07,MSFT,0.007304103776104551,0.8000327757405274,-1.0,11
2025-04-08,MSFT,0.008756959914225761,1.2440974539744658,-1.0,11
2025-04-09,MSFT,-0.016120001654154868,1.4594012470553919,-1.0,11
2025-04-10,MSFT,-0.007057402238043806,2.025690157346339,-1.0,11
2025-04-11,MSFT,-0.006162848201345725,1.7216851812001521,-1.0,11
2025-04-14,MSFT,-0.006014754705012652,1.5551330367354388,-1.0,11
2025-04-15,MSFT,-0.005366676630985868,1.3390091298018811,-1.0,11
2025-04-16,MSFT,-0.010830470994752586,1.888761615141021,-1.0,11
2025-04-17,MSFT,-0.008807418966873917,1.6393831202126934,-1.0,11
2025-04-21,MSFT,-0.016531446476349024,1.5075571861950219,-1.0,11
2025-04-22,MSFT,-0.011456188586930798,1.6999055106774545,-1.0,11
2025-04-23,MSFT,-0.012450771311471136,2.0338770279893748,-1.0,11
2025-04-24,MSFT,-0.016751005699548002,2.2221761543570593,-1.0,11
2025-04-25,MSFT,-0.021365233099410418,1.3913133905351631,-1.0,11
2025-04-28,MSFT,-0.02295030875696868,1.5374451004990413,-1.0,11
2025-04-29,MSFT,-0.025541882821713165,1.533850206251525,-1.0,11
2025-04-30,MSFT,-0.026769589317009346,1.62516932470936,-1.0,11
2025-05-01,MSFT,-0.04993044833920879,2.9200950701354453,-1.0,11
2025-05-02,MSFT,-0.03942014759155935,2.0830397399829756,-1.0,11
2025-05-05,MSFT,-0.03328257955117145,1.7033067489354865,-1.0,11
2025-05-06,MSFT,-0.030179389480006664,2.0184576483749193,-1.0,11
2025-05-07,MSFT,-0.031983282322590866,1.6633562638171178,-1.0,11
2025-05-08,MSFT,-0.016420027863275583,1.7564431342472937,-1.0,11
2025-05-09,MSFT,-0.00619383611626149,1.3966108301416575,-1.0,11
2025-05-12,MSFT,-0.0168471442067157,1.1516877700235695,-1.0,11
2025-05-13,MSFT,-0.014678315199224159,0.9134997676088528,-1.0,11
2025-05-14,MSFT,-0.013190362688825103,1.0581580712560958,-1.0,11
2025-05-15,MSFT,-0.006988803578273016,1.1641582212162191,-1.0,11
2025-05-16,MSFT,-0.0022582887884411676,1.3562505351966405,-1.0,11
2025-05-19,MSFT,0.019845389476945814,0.6472254342963588,-1.0,11
2025-05-20,MSFT,0.005569870386339306,1.2360927815097713,-1.0,11
2025-05-21,MSFT,-0.002796180764126553,1.5961250065569428,-1.0,11
2025-05-22,MSFT,-0.006708074675466121,1.6830341568005265,-1.0,11
2025-05-23,MSFT,-0.004685127566025716,2.0174007110176966,-1.0,11
2025-05-27,MSFT,-0.0069455070141807036,1.7696224011587878,-1.0,11
2025-05-28,MSFT,-0.005579533286476687,1.7436463226502348,-1.0,11
2025-05-29,MSFT,-0.004393396098414922,1.5480399924621016,-1.0,11
2025-05-30,MSFT,-0.016494621603398686,1.3739399542983834,-1.0,11
2025-06-02,MSFT,-0.014878754860728009,1.2045540888462265,-1.0,11
2025-06-03,MSFT,-0.014957060468925434,1.1390312116520793,-1.0,11
2025-06-04,MSFT,-0.012397539737281764,1.1018387361865316,-1.0,11
2025-06-05,MSFT,-0.009578782689367273,1.3153845578518764,-1.0,11
2025-06-06,MSFT,-0.013693273771805103,1.3095905004969413,-1.0,11
2025-06-09,MSFT,-0.009578782689367273,1.0750884440813766,-1.0,11
2025-06-10,MSFT,-0.013346267526488119,1.136257001520679,-1.0,11
2025-06-11,MSFT,-0.015050071408819029,1.456412880821549,-1.0,11
2025-06-12,MSFT,-0.018185120835308585,1.591528091711985,-1.0,11
2025-06-13,MSFT,-0.018185120835308585,1.914780083716207,-1.0,11
2025-06-16,MSFT,-0.015050071408819029,1.7228546102385756,-1.0,11
2025-06-17,MSFT,-0.0169701003282916,1.8677459023473166,-1.0,11
2025-06-18,MSFT,-0.0169701003282916,1.837881549390759,-1.0,11
2025-06-20,MSFT,-0.017324068349758436,2.0659648549169916,-1.0,11
2025-06-23,MSFT,-0.018556283234408607,2.2115319081720317,-1.0,11
2025-06-24,MSFT,-0.015050071408819029,1.7141671373294973,-1.0,11
2025-06-25,MSFT,-0.01614342733067471,1.5510835708410227,-1.0,11
2025-06-26,MSFT,-0.01744991936149958,1.7098051095483,-1.0,11
2025-06-27,MSFT,-0.01866493986851657,1.5210774981763229,-1.0,11
2025-06-30,MSFT,-0.018185120835308585,1.3269608308669023,-1.0,11
2025-01-02,NVDA,0.004450698125853565,-0.14288134142924536,-1.0,11
2025-01-03,NVDA,-0.004155896082374866,0.3114800082069032,-1.0,11
2025-01-06,NVDA,-0.00040866206849462416,0.5306593932090247,-1.0,11
2025-01-07,NVDA,-0.0045395034533105266,0.16954417888130174,-1.0,11
2025-01-08,NVDA,-0.0009014711615675625,0.5905615982131078,-1.0,11
2025-01-10,NVDA,0.005728423789186317,0.7989564461295011,-1.0,11
2025-01-13,NVDA,0.0015982029144600677,0.27043376461745244,-1.0,11
2025-01-14,NVDA,-0.0042606162757997485,0.6615686699757313,-1.0,11
2025-01-15,NVDA,-0.0019380937581408822,1.5041298109356782,-1.0,11
2025-01-16,NVDA,0.002882462632203116,1.592517911351655,-1.0,11
2025-01-17,NVDA,-0.016165404843865135,2.6112491077031272,-1.0,11
2025-01-21,NVDA,-0.014103550279060172,2.274260248058896,-1.0,11
2025-01-22,NVDA,-0.027727129916629244,2.85520234557108,-1.0,11
2025-01-23,NVDA,-0.014784746157130097,2.138723512518114,-1.0,11
2025-01-24,NVDA,-0.011271460193602778,1.4289926686751258,-1.0,11
2025-01-27,NVDA,0.033145816673561375,-3.0477793582294805,-1.0,11
2025-01-28,NVDA,0.012088079194056214,-1.9936183964966143,-1.0,11
2025-01-29,NVDA,0.018785406414125422,-2.7021885159648362,-1.0,11
2025-01-30,NVDA,0.028215506232659567,-3.2582523330512014,-1.0,11
2025-01-31,NVDA,0.027708669456099785,-2.7779246916214455,-1.0,11
2025-02-03,NVDA,-0.0065066190263479715,-1.858534059002776,-1.0,11
2025-02-04,NVDA,-0.011534485747311134,-1.3732169655298962,-1.0,11
2025-02-05,NVDA,0.0059382868588201,-2.1321511021296056,-1.0,11
2025-02-06,NVDA,0.013587520658197702,-1.2495758824978327,-1.0,11
2025-02-07,NVDA,-0.00371904337190585,-0.4280796680064451,-1.0,11
2025-02-10,NVDA,-0.020100046162483017,0.25599328328968457,-1.0,11
2025-02-11,NVDA,-0.014447860388410514,0.5005699912508247,-1.0,11
2025-02-12,NVDA,-0.01169206197620533,0.24409406937312228,-1.0,11
2025-02-13,NVDA,-0.016695315456279437,0.5651364527170001,-1.0,11
2025-02-14,NVDA,-0.025661032649024137,1.5984593806329388,-1.0,11
2025-02-18,NVDA,-0.013302525721233903,0.32927387583527157,-1.0,11
2025-02-19,NVDA,-0.010148800745042668,-0.49506218769794597,-1.0,11
2025-02-20,NVDA,-0.023406380893112252,-0.39416578168596283,-1.0,11
2025-02-21,NVDA,-0.014613206071023661,-0.694410309893947,-1.0,11
2025-02-24,NVDA,-0.016189199287141343,-0.6005832009176953,-1.0,11
2025-02-25,NVDA,-0.04205189534858014,1.7964628078225415,-1.0,11
2025-02-26,NVDA,-0.027338096614241095,1.0869621131502412,-1.0,11
2025-02-27,NVDA,-0.017557656813382158,0.5104962193010526,-1.0,11
2025-02-28,NVDA,-0.030126376685302946,0.825038199442274,-1.0,11
2025-03-03,NVDA,-0.009828234033116801,0.26001193776960696,-1.0,11
2025-03-04,NVDA,-0.01692829250182537,0.843763860703253,-1.0,11
2025-03-05,NVDA,-0.01643280232764047,0.7046076441465263,-1.0,11
2025-03-06,NVDA,-0.021046286918612635,0.6320199868156922,-1.0,11
2025-03-07,NVDA,-0.022093206701518337,0.5249249124949277,-1.0,11
2025-03-10,NVDA,0.0033836950815691012,-1.2600472958781108,-1.0,11
2025-03-11,NVDA,0.00623478749792112,-1.4664471316076964,-1.0,11
2025-03-12,NVDA,-0.008145385233699606,-0.2880417005377629,-1.0,11
2025-03-13,NVDA,-0.004410880257774034,0.2606238358566866,-1.0,11
2025-03-14,NVDA,-0.02359311460022541,1.4544409508232157,-1.0,11
2025-03-17,NVDA,-0.022350495165173886,0.21413597543731633,-1.0,11
2025-03-18,NVDA,0.00027921290525913326,-0.7127184927823982,-1.0,11
2025-03-19,NVDA,-0.018261314109841907,-0.15217471099378144,-1.0,11
2025-03-20,NVDA,-0.021103146856588876,-0.030359882204580302,-1.0,11
2025-03-21,NVDA,-0.021490553834951718,-0.005056729991672393,-1.0,11
2025-03-24,NVDA,0.009638507265143365,-1.096695331380419,-1.0,11
2025-03-25,NVDA,0.0028216438583439202,-0.3520162957870227,-1.0,11
2025-03-26,NVDA,-0.017647338781645275,-0.6666205237480529,-1.0,11
2025-03-27,NVDA,0.017993203491149506,-2.1968276279740433,-1.0,11
2025-03-28,NVDA,-0.008708749030047482,-0.8089265491736382,-1.0,11
2025-03-31,NVDA,0.00019922897927060875,-0.15197508498577889,-1.0,11
2025-04-01,NVDA,0.006695514903105785,-0.8842046631227269,-1.0,11
2025-04-02,NVDA,0.00663443744420129,-1.151110639801475,-1.0,11
2025-04-03,NVDA,-0.014179330880406767,0.05621580514577787,-1.0,11
2025-04-04,NVDA,0.0016027951248005173,-0.29737393304988374,-1.0,11
2025-04-07,NVDA,-0.0030421793583527853,0.5935287559470948,-1.0,11
2025-04-08,NVDA,0.0012130259823046855,0.41620954170000396,-1.0,11
2025-04-09,NVDA,-0.029921148998679675,1.1836425983071264,-1.0,11
2025-04-10,NVDA,0.0049521855753921875,0.35505311732793976,-1.0,11
2025-04-11,NVDA,-0.018101208730697885,0.3884360185281739,-1.0,11
2025-04-14,NVDA,-0.01845952812890816,0.7626412334095295,-1.0,11
2025-04-15,NVDA,-0.040272697443229324,1.670178050612488,-1.0,11
2025-04-16,NVDA,0.015547654163864031,-0.06541325003677925,-1.0,11
2025-04-17,NVDA,0.0014184084441612396,-0.4222047955911159,-1.0,11
2025-04-21,NVDA,0.010596705588003899,-1.1341895013133745,-1.0,11
2025-04-22,NVDA,0.021773189085152855,-1.7390266851599598,-1.0,11
2025-04-23,NVDA,0.026139942142422008,-1.4745150880584095,-1.0,11
2025-04-24,NVDA,0.021675559462958283,-0.5539194981236147,-1.0,11
2025-04-25,NVDA,-0.023888273388139925,1.30135277947923,-1.0,11
2025-04-28,NVDA,-0.012956167554265421,0.47667520760430737,-1.0,11
2025-04-29,NVDA,-0.033463777640312976,0.8959558184629932,-1.0,11
2025-04-30,NVDA,-0.006707733463600827,0.133485282195756,-1.0,11
2025-05-01,NVDA,-0.03375451897094008,0.8308764860324303,-1.0,11
2025-05-02,NVDA,-0.06144277263401407,2.0079678964607908,-1.0,11
2025-05-05,NVDA,-0.06362379897155865,2.335971707735446,-1.0,11
2025-05-06,NVDA,-0.022971797456737286,1.1342708188722594,-1.0,11
2025-05-07,NVDA,-0.0547374770190353,2.1696475402331243,-1.0,11
2025-05-08,NVDA,-0.052318887147604284,1.1586381914890165,-1.0,11
2025-05-09,NVDA,-0.02342739185353941,0.9201133905311483,-1.0,11
2025-05-12,NVDA,-0.08345721050190896,2.0454056493951778,-1.0,11
2025-05-13,NVDA,-0.08897113967886802,3.2614719527674825,-1.0,11
2025-05-14,NVDA,-0.08039019096293598,3.1791979990071497,-1.0,11
2025-05-15,NVDA,-0.0103477034976149,2.1745702991054747,-1.0,11
2025-05-16,NVDA,0.024667420679658936,1.3773372476129366,-1.0,11
2025-05-19,NVDA,0.02263589914245384,1.6647276028195985,-1.0,11
2025-05-20,NVDA,0.02249496672381791,1.6133109309461926,-1.0,11
2025-05-21,NVDA,0.042904573932586926,0.8513902442154924,-1.0,11
2025-05-22,NVDA,0.014955969119971914,1.6635612445943733,-1.0,11
2025-05-23,NVDA,0.002027085288006049,2.1829345521900763,-1.0,11
2025-05-27,NVDA,0.01590031914424317,1.7080279468741986,-1.0,11
2025-05-28,NVDA,0.009684939417237744,2.0669770589144325,-1.0,11
2025-05-29,NVDA,0.025649757222347115,1.6711093341146528,-1.0,11
2025-05-30,NVDA,0.01118795548616074,2.152924577792987,-1.0,11
2025-06-02,NVDA,0.006498859625632118,2.4609190992788395,-1.0,11
2025-06-03,NVDA,0.014190228147942956,2.479552339180811,-1.0,11
2025-06-04,NVDA,0.017671539638628258,2.374442012127451,-1.0,11
2025-06-05,NVDA,0.012815542289215843,2.3535474777682777,-1.0,11
2025-06-06,NVDA,0.012102138345418872,2.191422931348311,-1.0,11
2025-06-09,NVDA,0.015524839631625707,1.9342340273928373,-1.0,11
2025-06-10,NVDA,0.008152415062307789,2.0710506435875047,-1.0,11
2025-06-11,NVDA,0.011580106833197426,1.1481830555445187,-1.0,11
2025-06-12,NVDA,0.007403044998729123,0.8234486504589694,-1.0,11
2025-06-13,NVDA,0.01611862213327187,0.651534726614679,-1.0,11
2025-06-16,NVDA,0.008766563967295598,1.062282418944564,-1.0,11
2025-06-17,NVDA,0.009490102224164366,1.172872194980431,-1.0,11
2025-06-18,NVDA,0.009156760864496271,1.3856326321603911,-1.0,11
2025-06-20,NVDA,0.008715652044162385,1.7671995112227235,-1.0,11
2025-06-23,NVDA,0.009172550263337778,1.4050618227037386,-1.0,11
2025-06-24,NVDA,0.009033045606676693,1.2874239091600002,-1.0,11
2025-06-25,NVDA,-0.0022618493067951767,2.309634860320474,-1.0,11
2025-06-26,NVDA,0.004042657938083645,1.8539920724015733,-1.0,11
2025-06-27,NVDA,0.0022508544848323666,1.604071440989697,-1.0,11
2025-06-30,NVDA,-0.0007695012988509227,1.97805984678101,-1.0,11
2025-01-02,PFE,-0.01741204294400778,1.7250092652909923,-1.0,11
2025-01-03,PFE,-0.019475206097184207,2.131868502680825,-1.0,11
2025-01-06,PFE,-0.028815824640888475,1.8317238913010994,-1.0,11
2025-01-07,PFE,-0.04285347600532391,2.6620608020284364,-1.0,11
2025-01-08,PFE,-0.029613108700788253,1.9732874635758648,-1.0,11
2025-01-10,PFE,-0.03035540676257495,2.967211570857513,-1.0,11
2025-01-13,PFE,-0.025939141571219567,3.7949147028445136,-1.0,11
2025-01-14,PFE,-0.019297686967573006,3.3309243001226334,-1.0,11
2025-01-15,PFE,-0.007364377700539628,2.0887832922603082,-1.0,11
2025-01-16,PFE,0.0043889118057976375,2.3993556542763024,-1.0,11
2025-01-17,PFE,0.002104823451215708,0.4422171471404897,-1.0,11
2025-01-21,PFE,-0.002452565962960019,0.6036084642908575,-1.0,11
2025-01-22,PFE,-0.005023900894888384,0.12258128978385474,-1.0,11
2025-01-23,PFE,-7.544535935480269e-05,0.193031092536882,-1.0,11
2025-01-24,PFE,0.007059589925289289,0.03765346183198558,-1.0,11
2025-01-27,PFE,-0.012964548317432836,1.63470226704559,-1.0,11
2025-01-28,PFE,-0.010899237303586173,1.122396170164106,-1.0,11
2025-01-29,PFE,-0.010900723002820842,0.7080562201273819,-1.0,11
2025-01-30,PFE,-0.012146137693475445,0.9047464367966243,-1.0,11
2025-01-31,PFE,-0.009615266100556035,0.5160318883793803,-1.0,11
2025-02-03,PFE,-0.005600069002652642,0.20273161107879129,-1.0,11
2025-02-04,PFE,0.000977642457111905,0.14536923169577737,-1.0,11
2025-02-05,PFE,-0.006709483402812384,0.7341868047871575,-1.0,11
2025-02-06,PFE,0.028674792836949074,-0.9728456241557532,-1.0,11
2025-02-07,PFE,0.011237807373312363,-0.09467164156298592,-1.0,11
2025-02-10,PFE,0.002184326478376513,-0.7423689364752766,-1.0,11
2025-02-11,PFE,0.019596158218834755,-1.770604293643748,-1.0,11
2025-02-12,PFE,0.0038413556710530663,-1.4150086340200339,-1.0,11
2025-02-13,PFE,4.170118299606695e-05,-0.7206821172364856,-1.0,11
2025-02-14,PFE,0.005770504333485412,-1.0841414069530861,-1.0,11
2025-02-18,PFE,-0.009204463792659033,-0.1973590606363404,-1.0,11
2025-02-19,PFE,-0.010851427695523065,-0.47256435805501773,-1.0,11
2025-02-20,PFE,-0.019860095577995045,0.06941848931986674,-1.0,11
2025-02-21,PFE,-0.02149686944136209,0.5184676680060497,-1.0,11
2025-02-24,PFE,-0.030328512157620502,0.9756570743624844,-1.0,11
2025-02-25,PFE,-0.03273672333445953,0.729987868835039,-1.0,11
2025-02-26,PFE,-0.005474707483493097,-0.03668580157652712,-1.0,11
2025-02-27,PFE,-0.0011729003132731018,-0.0030775523811722993,-1.0,11
2025-02-28,PFE,-0.0015389603541900538,-0.30028991623755297,-1.0,11
2025-03-03,PFE,-0.01047179567741299,0.6234848409952325,-1.0,11
2025-03-04,PFE,-0.0014819774759948097,0.23538401186004146,-1.0,11
2025-03-05,PFE,-0.017597589146957818,0.9176370452778873,-1.0,11
2025-03-06,PFE,-0.005864083925569124,1.0097231462861542,-1.0,11
2025-03-07,PFE,-0.018378324607918724,2.1966602353493956,-1.0,11
2025-03-10,PFE,-0.018873883608581634,2.805136005529504,-1.0,11
2025-03-11,PFE,-0.011915531461259198,2.344782975486329,-1.0,11
2025-03-12,PFE,-0.015611929086288327,2.6921919970433454,-1.0,11
2025-03-13,PFE,-0.011781495038259406,2.581595658498031,-1.0,11
2025-03-14,PFE,-0.013986024140691423,2.8676538648942724,-1.0,11
2025-03-17,PFE,-0.011639293012434382,1.6154305150231352,-1.0,11
2025-03-18,PFE,-0.007505203727177333,3.1298569458184495,-1.0,11
2025-03-19,PFE,-0.012449216933929152,2.8795081620394005,-1.0,11
2025-03-20,PFE,-0.009643042260801284,2.809472831508567,-1.0,11
2025-03-21,PFE,-0.017116066785370147,2.747248516325327,-1.0,11
2025-03-24,PFE,-0.0002195917174267476,1.5627192544747766,-1.0,11
2025-03-25,PFE,0.01822852215088786,-1.6138636563954776,-1.0,11
2025-03-26,PFE,0.020319561878044963,-0.8841656281219252,-1.0,11
2025-03-27,PFE,0.013729777284732748,-1.110745769502921,-1.0,11
2025-03-28,PFE,0.010148636850865866,0.3030094546352475,-1.0,11
2025-03-31,PFE,0.00854354307829483,-0.18508100426844415,-1.0,11
2025-04-01,PFE,0.029077330366750042,-2.207150157539019,-1.0,11
2025-04-02,PFE,0.016453469807764375,-1.4250676837733858,-1.0,11
2025-04-03,PFE,0.03888733772145944,-1.6220966150743494,-1.0,11
2025-04-04,PFE,0.062315944337470855,-1.319011120624688,-1.0,11
2025-04-07,PFE,0.040946916151618384,-1.901827634390409,-1.0,11
2025-04-08,PFE,0.059361721486122475,-1.8127533761171684,-1.0,11
2025-04-09,PFE,0.058996843555507696,-3.1501074658040045,-1.0,11
2025-04-10,PFE,0.06215616422126702,-2.464480001763661,-1.0,11
2025-04-11,PFE,0.055477497230246295,-2.414858005125878,-1.0,11
2025-04-14,PFE,0.055110317353435204,-2.330146487006145,-1.0,11
2025-04-15,PFE,0.05943105110462831,-2.1802401443402157,-1.0,11
2025-04-16,PFE,0.06431011313759329,-2.1144956230767216,-1.0,11
2025-04-17,PFE,0.058846655874518566,-2.0690922011179365,-1.0,11
2025-04-21,PFE,0.05117626465750161,-1.8574537495028538,-1.0,11
2025-04-22,PFE,0.07280977781076259,-1.9044153484097086,-1.0,11
2025-04-23,PFE,0.07533359888303019,-1.634629481583024,-1.0,11
2025-04-24,PFE,0.07094159568269141,-2.6497338369629038,-1.0,11
2025-04-25,PFE,0.06623937490622689,-2.0054201748465608,-1.0,11
2025-04-28,PFE,0.06053660162687137,-2.659189117459732,-1.0,11
2025-04-29,PFE,0.05193949183711633,-2.1954573168679503,-1.0,11
2025-04-30,PFE,0.049691957080345545,-0.8996284459216618,-1.0,11
2025-05-01,PFE,0.04752047533848229,-1.5814029103333298,-1.0,11
2025-05-02,PFE,0.037450144993862636,-1.941769928669605,-1.0,11
2025-05-05,PFE,0.04062591922457764,-2.414180999698991,-1.0,11
2025-05-06,PFE,0.04837313621303044,-2.9507922679528784,-1.0,11
2025-05-07,PFE,0.03992778876321506,-2.8788738631533834,-1.0,11
2025-05-08,PFE,0.05119571094078173,-1.7616423468490265,-1.0,11
2025-05-09,PFE,0.05192730006493203,-2.4952362461114386,-1.0,11
2025-05-12,PFE,0.0410955474970225,-2.0626842530541922,-1.0,11
2025-05-13,PFE,0.03805721050187937,-2.247355558505201,-1.0,11
2025-05-14,PFE,0.06304612403188091,-3.2805271470061363,-1.0,11
2025-05-15,PFE,0.04408924511922722,-3.1760634550695004,-1.0,11
2025-05-16,PFE,0.05558226544705466,-3.1044736483488293,-1.0,11
2025-05-19,PFE,0.05809376882458007,-2.977594927009136,-1.0,11
2025-05-20,PFE,0.05882500271666201,-2.715139041923513,-1.0,11
2025-05-21,PFE,0.06381957645702943,-2.3099241956624508,-1.0,11
2025-05-22,PFE,0.05864447188431845,-2.277688986572712,-1.0,11
2025-05-23,PFE,0.05888908497384535,-2.0037538143122235,-1.0,11
2025-05-27,PFE,0.06037149237491442,-2.1302795379178385,-1.0,11
2025-05-28,PFE,0.07013497101837998,-2.652718365724441,-1.0,11
2025-05-29,PFE,0.06577277972382664,-2.587549390446525,-1.0,11
2025-05-30,PFE,0.05258851575790797,-1.8669869071534038,-1.0,11
2025-06-02,PFE,0.06212240700422576,-2.17387726928499,-1.0,11
2025-06-03,PFE,0.06187270669678245,-2.320207192786552,-1.0,11
2025-06-04,PFE,0.053203964936394316,-1.7726060629755993,-1.0,11
2025-06-05,PFE,0.05887354177858605,-1.9054629607522875,-1.0,11
2025-06-06,PFE,0.05744454451871468,-1.6537596304408326,-1.0,11
2025-06-09,PFE,0.057188493495769745,-1.2106342414263587,-1.0,11
2025-06-10,PFE,0.055558226936633585,-1.3247623101981107,-1.0,11
2025-06-11,PFE,0.03849212142944119,-0.17448697061177187,-1.0,11
2025-06-12,PFE,0.03100801816341565,0.7928118014225235,-1.0,11
2025-06-13,PFE,0.0528160769181494,-0.27975669213325305,-1.0,11
2025-06-16,PFE,0.05658821403374339,-0.7246562252566969,-1.0,11
2025-06-17,PFE,0.054997219890876234,-1.1074581170228948,-1.0,11
2025-06-18,PFE,0.05672036001471697,-1.8159173781965554,-1.0,11
2025-06-20,PFE,0.044710431477106995,-0.9405206740387223,-1.0,11
2025-06-23,PFE,0.04454274706829937,-1.027182131026231,-1.0,11
2025-06-24,PFE,0.04523278232194218,-1.9082931366151745,-1.0,11
2025-06-25,PFE,0.04587111798192284,-1.954098053896645,-1.0,11
2025-06-26,PFE,0.04577607271105438,-1.8012885780247083,-1.0,11
2025-06-27,PFE,0.04655627307232437,-2.3609465325682635,-1.0,11
2025-06-30,PFE,0.050893725744490345,-2.31530054971466,-1.0,11
2025-01-02,PYPL,0.022630584900769093,-0.4218075255162305,-1.0,11
2025-01-03,PYPL,0.021305459464522194,-1.0342950769433492,-1.0,11
2025-01-06,PYPL,0.02347690981426214,-0.7648370821090353,-1.0,11
2025-01-07,PYPL,0.023715222844411694,-0.8611962041273351,-1.0,11
2025-01-08,PYPL,0.01998584003245492,-0.7610627929675847,-1.0,11
2025-01-10,PYPL,0.02001396636567896,-1.3145570704803289,-1.0,11
2025-01-13,PYPL,0.018353896395787134,-1.1127783491326748,-1.0,11
2025-01-14,PYPL,0.01773337849116509,0.1085562695649992,-1.0,11
2025-01-15,PYPL,0.018044161620219087,-0.3970034929444755,-1.0,11
2025-01-16,PYPL,0.017815216617770215,-0.027415229699426946,-1.0,11
2025-01-17,PYPL,0.01238465807038212,0.1662816384587778,-1.0,11
2025-01-21,PYPL,0.013099650384841609,-0.11956954535732756,-1.0,11
2025-01-22,PYPL,0.011190236245667992,-0.4470987940757688,-1.0,11
2025-01-23,PYPL,0.022191763748960622,-0.4752867391770884,-1.0,11
2025-01-24,PYPL,0.02262696974898783,-0.1334827711393688,-1.0,11
2025-01-27,PYPL,-0.013927232143853482,1.697200086578956,-1.0,11
2025-01-28,PYPL,-0.01462072804811803,0.7868687139938977,-1.0,11
2025-01-29,PYPL,-0.014149546135782082,0.9429112948759623,-1.0,11
2025-01-30,PYPL,-0.013788985981754202,1.2151336731257776,-1.0,11
2025-01-31,PYPL,-0.013231623655457863,0.9863379375204514,-1.0,11
2025-02-03,PYPL,-0.015620900050893439,1.0882305329784487,-1.0,11
2025-02-04,PYPL,0.021934140316638838,-1.771563060390592,-1.0,11
2025-02-05,PYPL,0.013073548932887239,-1.6604413692074234,-1.0,11
2025-02-06,PYPL,0.013641030657254557,-1.6573308408558374,-1.0,11
2025-02-07,PYPL,0.002954520425903914,-1.465472594622677,-1.0,11
2025-02-10,PYPL,-0.015335710109878184,-0.8196287402999973,-1.0,11
2025-02-11,PYPL,-0.012240831008105076,-1.1453365414048502,-1.0,11
2025-02-12,PYPL,-0.01574231879215847,-0.8821517974375247,-1.0,11
2025-02-13,PYPL,-0.01738844142486028,-0.7753156963622795,-1.0,11
2025-02-14,PYPL,-0.01118649454532062,-1.1088846792542832,-1.0,11
2025-02-18,PYPL,-0.01041871586534471,-1.2195727682100217,-1.0,11
2025-02-19,PYPL,-0.01896528942463621,-1.3444530658501697,-1.0,11
2025-02-20,PYPL,-0.013887640505969457,-1.5931048370805687,-1.0,11
2025-02-21,PYPL,-0.002220740262531388,-1.926494887593301,-1.0,11
2025-02-24,PYPL,-0.006525187129881884,-1.633694843722263,-1.0,11
2025-02-25,PYPL,-0.0069259575907578115,-1.936321918756657,-1.0,11
2025-02-26,PYPL,0.0020129956911475702,-1.8115751081220055,-1.0,11
2025-02-27,PYPL,0.012366997017976548,-2.132029812511923,-1.0,11
2025-02-28,PYPL,0.009917061725598702,-2.2769324012411953,-1.0,11
2025-03-03,PYPL,0.026131331459273353,-2.5226028024131812,-1.0,11
2025-03-04,PYPL,0.031873218841735676,-2.9654113000545235,-1.0,11
2025-03-05,PYPL,0.017059416464594395,-1.6518937333752142,-1.0,11
2025-03-06,PYPL,0.018878245159870383,-2.481898996481689,-1.0,11
2025-03-07,PYPL,0.021182073197439952,-2.2254432056124926,-1.0,11
2025-03-10,PYPL,0.024209846573064436,-2.0058802956163113,-1.0,11
2025-03-11,PYPL,0.022262567757053937,-1.753160043599729,-1.0,11
2025-03-12,PYPL,0.022244569317331323,-1.1047740115554974,-1.0,11
2025-03-13,PYPL,0.03249271615659418,-2.5006181785810186,-1.0,11
2025-03-14,PYPL,0.02866318623976415,-1.4609305402787398,-1.0,11
2025-03-17,PYPL,0.02690574371038726,-2.020467244206901,-1.0,11
2025-03-18,PYPL,0.025609506393116543,-1.780519500741768,-1.0,11
2025-03-19,PYPL,0.019261202670473192,-1.1207588687393273,-1.0,11
2025-03-20,PYPL,0.013909713567929792,-0.8573302776130103,-1.0,11
2025-03-21,PYPL,0.009898539850324678,-0.5308586737493795,-1.0,11
2025-03-24,PYPL,0.0024624131147288233,0.05139153889954501,-1.0,11
2025-03-25,PYPL,0.0004693310198194404,-0.07917153122783599,-1.0,11
2025-03-26,PYPL,8.144337330692031e-05,0.49624783490596935,-1.0,11
2025-03-27,PYPL,-0.0001065401091248864,0.2831312756676373,-1.0,11
2025-03-28,PYPL,0.00981929219459508,-0.5708917725010922,-1.0,11
2025-03-31,PYPL,0.006902036484009701,-1.1640447503182818,-1.0,11
2025-04-01,PYPL,0.0056443641767815345,0.06954305595236843,-1.0,11
2025-04-02,PYPL,-0.0013961540649502033,-0.12136010700164568,-1.0,11
2025-04-03,PYPL,0.02867812278773219,-1.5788932123305226,-1.0,11
2025-04-04,PYPL,0.027523151633674428,-1.0880983833047284,-1.0,11
2025-04-07,PYPL,0.016901287368188196,-1.0009220426621397,-1.0,11
2025-04-08,PYPL,0.021183778478988616,-0.8936433814416322,-1.0,11
2025-04-09,PYPL,0.018155263353953274,-1.0568989773698916,-1.0,11
2025-04-10,PYPL,0.04312549896937891,-0.9163276732709675,-1.0,11
2025-04-11,PYPL,0.03425582193812686,-0.899383069208682,-1.0,11
2025-04-14,PYPL,0.035237732208780494,-1.119873674690465,-1.0,11
2025-04-15,PYPL,0.03382770752072023,-0.9674454855272527,-1.0,11
2025-04-16,PYPL,0.03992260026328487,-1.177188889354591,-1.0,11
2025-04-17,PYPL,0.03654995342318263,-0.9334559363152721,-1.0,11
2025-04-21,PYPL,0.03544955664477677,-1.0381814067499386,-1.0,11
2025-04-22,PYPL,0.03482666621389619,-0.9168685448279825,-1.0,11
2025-04-23,PYPL,0.03471290965707992,-0.7451967672516727,-1.0,11
2025-04-24,PYPL,0.006967501677277788,-0.6070125225637449,-1.0,11
2025-04-25,PYPL,0.005323313786547709,-0.19418379865913254,-1.0,11
2025-04-28,PYPL,0.009290163812634101,0.11676760292006116,-1.0,11
2025-04-29,PYPL,0.012276513880184,0.09866587916388408,-1.0,11
2025-04-30,PYPL,0.0008771967848429772,0.14721045677705702,-1.0,11
2025-05-01,PYPL,0.0032505900800990205,-0.5682847750714488,-1.0,11
2025-05-02,PYPL,-0.0025322716794930296,0.21562854031971018,-1.0,11
2025-05-05,PYPL,0.002094531421540142,0.35513149498494634,-1.0,11
2025-05-06,PYPL,-0.012690561064399749,0.8586325486993613,-1.0,11
2025-05-07,PYPL,-0.012749676527112574,0.7735194214417125,-1.0,11
2025-05-08,PYPL,-0.005419720603269556,1.1245334335617174,-1.0,11
2025-05-09,PYPL,0.004733001566267828,1.1485674731179432,-1.0,11
2025-05-12,PYPL,0.0024951402675972016,0.5954590772777317,-1.0,11
2025-05-13,PYPL,0.008298822797556824,0.30792346471503645,-1.0,11
2025-05-14,PYPL,0.009342120200310867,0.4694898883138893,-1.0,11
2025-05-15,PYPL,0.0026869054289339568,0.3411423169794415,-1.0,11
2025-05-16,PYPL,-0.0012939852908695657,0.6985295639783426,-1.0,11
2025-05-19,PYPL,-0.007822227208499857,1.0107056738675428,-1.0,11
2025-05-20,PYPL,-0.00973417412689751,1.1697368973373776,-1.0,11
2025-05-21,PYPL,-0.010755985570930455,1.1848002172173215,-1.0,11
2025-05-22,PYPL,-0.013787178088403558,1.1484195875329872,-1.0,11
2025-05-23,PYPL,-0.003876896215478628,0.8810143924246177,-1.0,11
2025-05-27,PYPL,-0.02525011811499251,1.5281035664440878,-1.0,11
2025-05-28,PYPL,-0.02293545820077192,1.3560342008247355,-1.0,11
2025-05-29,PYPL,-0.025531099984174997,1.421115974732466,-1.0,11
2025-05-30,PYPL,-0.025531099984174997,1.529596236618703,-1.0,11
2025-06-02,PYPL,-0.027335710443300524,1.4643842697102099,-1.0,11
2025-06-03,PYPL,-0.025338856603599257,1.1916634050867578,-1.0,11
2025-06-04,PYPL,-0.02017762334233864,1.3571171394224293,-1.0,11
2025-06-05,PYPL,-0.015967518779614432,1.1243888208212476,-1.0,11
2025-06-06,PYPL,-0.01963641619254445,1.063404486808719,-1.0,11
2025-06-09,PYPL,-0.029620284175989543,1.359478369758221,-1.0,11
2025-06-10,PYPL,-0.03277240060958729,1.607706095857607,-1.0,11
2025-06-11,PYPL,-0.03620306346954599,1.8876188841477168,-1.0,11
2025-06-12,PYPL,-0.03708607470953947,1.8472506512734328,-1.0,11
2025-06-13,PYPL,-0.01918581462644962,1.0637889344443696,-1.0,11
2025-06-16,PYPL,-0.028782357846613697,1.3510275385053265,-1.0,11
2025-06-17,PYPL,-0.0222761795853232,0.8467353500832976,-1.0,11
2025-06-18,PYPL,-0.021174480587264916,0.11575994076637786,-1.0,11
2025-06-20,PYPL,-0.024123701120532734,0.6192686162565214,-1.0,11
2025-06-23,PYPL,-0.03170973725909005,1.443973125561847,-1.0,11
2025-06-24,PYPL,-0.02594001563837229,1.5783350835207162,-1.0,11
2025-06-25,PYPL,-0.028746759250188134,1.203217024551157,-1.0,11
2025-06-26,PYPL,-0.02746703842715065,1.042051080241862,-1.0,11
2025-06-27,PYPL,-0.025680135211252276,0.9957090412580473,-1.0,11
2025-06-30,PYPL,-0.022911603123403394,1.1672809680453204,-1.0,11
2025-01-02,ZM,0.031028977395225556,-1.2073512433357756,-1.0,11
2025-01-03,ZM,0.032410704823853595,-1.3259799948894788,-1.0,11
2025-01-06,ZM,0.031706412279768635,-1.378223136366616,-1.0,11
2025-01-07,ZM,0.02780124951415495,-1.7832724437278793,-1.0,11
2025-01-08,ZM,0.027106866476329823,-1.8498322336283608,-1.0,11
2025-01-10,ZM,0.025904800735320005,-1.3036127613945605,-1.0,11
2025-01-13,ZM,0.026043066219836427,-1.7721854712872571,-1.0,11
2025-01-14,ZM,0.031897950080223496,-2.1198109672301175,-1.0,11
2025-01-15,ZM,0.02941346708306581,-1.8086130504266524,-1.0,11
2025-01-16,ZM,0.03484547733935045,-1.4651335456708294,-1.0,11
2025-01-17,ZM,0.03720142823009814,-2.869337616726319,-1.0,11
2025-01-21,ZM,0.02644031578481668,-2.324779303831516,-1.0,11
2025-01-22,ZM,0.021986733311445135,-2.21464806453712,-1.0,11
2025-01-23,ZM,0.022566826196960037,-1.8226941914794703,-1.0,11
2025-01-24,ZM,0.0197302436701827,-1.51968222935378,-1.0,11
2025-01-27,ZM,-0.0031506727460229545,0.22153431622054945,-1.0,11
2025-01-28,ZM,-0.013841812408130563,1.5338250548139707,-1.0,11
2025-01-29,ZM,-0.033145818728827485,2.0669114935841293,-1.0,11
2025-01-30,ZM,-0.03578332812077031,2.3410016037188437,-1.0,11
2025-01-31,ZM,-0.03449117754136839,2.2187045743601272,-1.0,11
2025-02-03,ZM,-0.031514845473885694,1.9215282734916332,-1.0,11
2025-02-04,ZM,-0.043848555098073234,2.3278081042410306,-1.0,11
2025-02-05,ZM,-0.04341582356165342,2.697777435824472,-1.0,11
2025-02-06,ZM,-0.030654470985409767,2.871555875776523,-1.0,11
2025-02-07,ZM,-0.02993288210940143,3.0301521655650703,-1.0,11
2025-02-10,ZM,-0.03559718802992649,3.1655063229925915,-1.0,11
2025-02-11,ZM,-0.012373955933320689,1.532829314469648,-1.0,11
2025-02-12,ZM,-0.006368964353551349,0.4082057838924974,-1.0,11
2025-02-13,ZM,0.0005375062846063386,-0.0851348338481045,-1.0,11
2025-02-14,ZM,0.0002632503615263448,0.2690782157101603,-1.0,11
2025-02-18,ZM,0.010305250744664918,-0.8431532046834039,-1.0,11
2025-02-19,ZM,0.007511792448185101,-0.23762018523434625,-1.0,11
2025-02-20,ZM,0.004175533075935785,-0.3599151025502776,-1.0,11
2025-02-21,ZM,0.011266422155826832,-0.5612178603193823,-1.0,11
2025-02-24,ZM,0.011421490358829677,-0.8276126064242788,-1.0,11
2025-02-25,ZM,0.01094969144637339,-1.790972895573755,-1.0,11
2025-02-26,ZM,0.009109941090451507,-1.9222553585448894,-1.0,11
2025-02-27,ZM,-0.00034983526401505125,-1.3230542667271459,-1.0,11
2025-02-28,ZM,-0.007827433616082477,-1.2523873799430807,-1.0,11
2025-03-03,ZM,0.00016810150359562796,-0.9381447396161859,-1.0,11
2025-03-04,ZM,-0.0061702161305573254,-0.653766604104064,-1.0,11
2025-03-05,ZM,-0.010876186962544184,-0.8481475231138105,-1.0,11
2025-03-06,ZM,-0.0032965033422588485,-0.7035474703324504,-1.0,11
2025-03-07,ZM,-0.001795276843613215,-0.877571991083431,-1.0,11
2025-03-10,ZM,0.008636231399235922,-1.2729432577542497,-1.0,11
2025-03-11,ZM,-0.004917767558643247,-0.3880173431827463,-1.0,11
2025-03-12,ZM,0.01245468717418677,-1.0149602176125403,-1.0,11
2025-03-13,ZM,0.022681495160826754,-1.89132036679656,-1.0,11
2025-03-14,ZM,0.024785055041610816,-1.7882598137348247,-1.0,11
2025-03-17,ZM,0.0050108589001793755,-0.9740803271969805,-1.0,11
2025-03-18,ZM,0.00487987841618923,-0.1137940243579864,-1.0,11
2025-03-19,ZM,0.011637453770809854,-0.6849945544644074,-1.0,11
2025-03-20,ZM,-0.00023832299330962912,0.19816591652220003,-1.0,11
2025-03-21,ZM,-0.006827547009583339,0.1613599018471802,-1.0,11
2025-03-24,ZM,-0.014644821112761235,2.614528136207725,-1.0,11
2025-03-25,ZM,-0.022701978994488094,3.8979433689993894,-1.0,11
2025-03-26,ZM,-0.025247231546496236,3.3496480187341,-1.0,11
2025-03-27,ZM,-0.028589519942771115,4.374630992673406,-1.0,11
2025-03-28,ZM,-0.02480701253621439,3.101287084142494,-1.0,11
2025-03-31,ZM,-0.0206218112122524,2.861901323883573,-1.0,11
2025-04-01,ZM,-0.020445564199385875,1.9722799917256646,-1.0,11
2025-04-02,ZM,-0.021079084333880883,1.579857496753545,-1.0,11
2025-04-03,ZM,0.012687436949447035,-0.07241571415810155,-1.0,11
2025-04-04,ZM,0.02669406413229868,0.15927301386783482,-1.0,11
2025-04-07,ZM,0.029300977204745424,-0.1457054490060068,-1.0,11
2025-04-08,ZM,0.03345708916964396,0.2774939655917532,-1.0,11
2025-04-09,ZM,0.025490560487722823,-0.4631458529320102,-1.0,11
2025-04-10,ZM,0.03421326852345921,0.36351859028744776,-1.0,11
2025-04-11,ZM,0.02812612191218322,0.22561135581603575,-1.0,11
2025-04-14,ZM,0.027377862071475766,0.07296326161095767,-1.0,11
2025-04-15,ZM,0.027377862071475766,-0.02080992560721956,-1.0,11
2025-04-16,ZM,0.03194094561662985,0.44053904597676435,-1.0,11
2025-04-17,ZM,0.030892270221495,0.4450719920459254,-1.0,11
2025-04-21,ZM,0.03056984215737454,0.5084641016993714,-1.0,11
2025-04-22,ZM,0.025866087303838308,0.45352334629681956,-1.0,11
2025-04-23,ZM,0.02492179645779252,0.9085988632010981,-1.0,11
2025-04-24,ZM,0.009343595544095034,0.9139803794656748,-1.0,11
2025-04-25,ZM,0.0067931764816978515,0.5931120023373067,-1.0,11
2025-04-28,ZM,0.0019624224966506153,0.7046549782527278,-1.0,11
2025-04-29,ZM,-0.00038504784299994114,1.0174413831198297,-1.0,11
2025-04-30,ZM,0.01370474475565179,1.1004367509592126,-1.0,11
2025-05-01,ZM,0.01452479665168024,0.14355359758469494,-1.0,11
2025-05-02,ZM,0.01422499344191752,-0.451738146521666,-1.0,11
2025-05-05,ZM,0.0007881442965643293,0.11436330518065935,-1.0,11
2025-05-06,ZM,-0.00012172608618681523,0.29836789213379117,-1.0,11
2025-05-07,ZM,0.004464293368664555,0.059084646445657474,-1.0,11
2025-05-08,ZM,-7.795483880673613e-05,1.228339903974091,-1.0,11
2025-05-09,ZM,0.0013526625824260585,1.4118549558518818,-1.0,11
2025-05-12,ZM,-0.0051123592465128105,0.8737129029313077,-1.0,11
2025-05-13,ZM,-0.00565035803855494,0.6175261395482351,-1.0,11
2025-05-14,ZM,-0.00565035803855494,0.5327992806920676,-1.0,11
2025-05-15,ZM,-0.03177072767646805,1.6249987549234963,-1.0,11
2025-05-16,ZM,-0.02485546509089417,1.6513372705320304,-1.0,11
2025-05-19,ZM,-0.02518410366011898,1.5504934855137469,-1.0,11
2025-05-20,ZM,-0.023916958601630282,1.5021145394455957,-1.0,11
2025-05-21,ZM,-0.02585429301359368,1.497568692371843,-1.0,11
2025-05-22,ZM,-0.020295150893910117,1.213596065599124,-1.0,11
2025-05-23,ZM,0.012164777509256519,-0.09973805677693519,-1.0,11
2025-05-27,ZM,0.0028003548259438365,-0.188932628038744,-1.0,11
2025-05-28,ZM,0.023575339002092664,-0.7342099378650704,-1.0,11
2025-05-29,ZM,0.023575339002092664,-0.6712394087825859,-1.0,11
2025-05-30,ZM,0.025815744440318707,-0.36511167291869806,-1.0,11
2025-06-02,ZM,0.02982842919215024,-0.487453685116723,-1.0,11
2025-06-03,ZM,0.029963097255760875,-0.7440156682963195,-1.0,11
2025-06-04,ZM,0.03133476355423851,-1.0622517682429649,-1.0,11
2025-06-05,ZM,0.03593987708324061,-1.0754016512921425,-1.0,11
2025-06-06,ZM,0.03404885201135218,-1.3168865245261667,-1.0,11
2025-06-09,ZM,0.026416048606611904,-1.232401604918284,-1.0,11
2025-06-10,ZM,0.021418826600346552,-1.3972609159212634,-1.0,11
2025-06-11,ZM,0.02431227973126383,-1.456904675680466,-1.0,11
2025-06-12,ZM,0.02423229452043763,-1.9245688806799022,-1.0,11
2025-06-13,ZM,0.016985271510336616,-1.498425718687841,-1.0,11
2025-06-16,ZM,0.018852196185843755,-1.7652225683490492,-1.0,11
2025-06-17,ZM,0.019103874790062498,-1.6932508751325372,-1.0,11
2025-06-18,ZM,0.019103874790062498,-1.7722443281562645,-1.0,11
2025-06-20,ZM,0.018922270311512068,-1.9095501713538048,-1.0,11
2025-06-23,ZM,0.01924393136653749,-2.1721212288584413,-1.0,11
2025-06-24,ZM,0.0005479020302425996,-1.2584006674573738,-1.0,11
2025-06-25,ZM,-0.0004226315962664591,-1.02651853510875,-1.0,11
2025-06-26,ZM,0.0016906359193487154,-1.2564993829242985,-1.0,11
2025-06-27,ZM,-0.006602153400666199,-0.981784459419702,-1.0,11
2025-06-30,ZM,0.0006617098622395077,-1.3366128824138281,-1.0,11
2025-07-01,AAPL,-0.013657919196229358,-2.021794999158714,2.0,12
2025-07-02,AAPL,-0.01098952292338884,-1.5621029680017107,2.0,12
2025-07-03,AAPL,-0.012634513280292355,-1.5982605019815752,2.0,12
2025-07-07,AAPL,-0.00580507021616568,-1.3255364498882691,2.0,12
2025-07-08,AAPL,-0.00720511444472459,-1.3863660052375102,2.0,12
2025-07-09,AAPL,-0.014224442487727224,-1.5204468032228937,2.0,12
2025-07-10,AAPL,-0.009851925783703162,-1.152167073055644,2.0,12
2025-07-11,AAPL,-0.010051226815504999,-1.1514561284347329,2.0,12
2025-07-14,AAPL,-0.012331301222119347,-0.6149911915745827,2.0,12
2025-07-15,AAPL,-0.004622701154947674,-0.5849409381114908,2.0,12
2025-07-16,AAPL,-0.006910526404522341,-0.4917805874977452,2.0,12
2025-07-17,AAPL,-0.004584886633588635,-0.518963354372842,2.0,12
2025-07-18,AAPL,-0.0008265094888485757,-0.013735105743320347,2.0,12
2025-07-21,AAPL,-0.0030002259764939708,-0.6031025217229982,2.0,12
2025-07-22,AAPL,-0.000712400726919303,0.11524967363410452,2.0,12
2025-07-23,AAPL,-0.0015115363036502104,0.3826564394899897,2.0,12
2025-07-24,AAPL,-0.004171697012732788,-0.4536712774136153,2.0,12
2025-07-25,AAPL,-0.0003400652674113923,0.2637922759155374,2.0,12
2025-07-28,AAPL,-0.007193915919018749,0.264577810763941,2.0,12
2025-07-29,AAPL,-0.0029946964208945113,-0.5868913879421112,2.0,12
2025-07-30,AAPL,0.0025817071138936136,0.4704028345618759,2.0,12
2025-07-31,AAPL,0.00332333074851284,0.4161587761043504,2.0,12
2025-08-01,AAPL,-0.006389176870771831,-1.633633534204076,2.0,12
2025-08-04,AAPL,-0.014870193597182578,-2.304707477156364,2.0,12
2025-08-05,AAPL,-0.012901286050132068,-2.166674394241764,2.0,12
2025-08-06,AAPL,-0.013739358735686037,-1.4289397906500285,2.0,12
2025-08-07,AAPL,-0.01840260887042088,-1.7499887871907684,2.0,12
2025-08-08,AAPL,-0.011580876433395677,-0.6629731774626844,2.0,12
2025-08-11,AAPL,-0.009618143417249614,-0.9638353015973418,2.0,12
2025-08-12,AAPL,-0.0048528735232685645,-0.33431290386806056,2.0,12
2025-08-13,AAPL,0.0021017839553455794,0.6471188631442567,2.0,12
2025-08-14,AAPL,0.0034591795708655607,2.219643674340163,2.0,12
2025-08-15,AAPL,-0.0027083805825260945,1.1947968834258078,2.0,12
2025-08-18,AAPL,0.0030329701328935237,2.9542374629888144,2.0,12
2025-08-19,AAPL,0.002153268437244412,2.170704948016894,2.0,12
2025-08-20,AAPL,-0.002481512634353707,1.4450927425123026,2.0,12
2025-08-21,AAPL,-0.009585276631576059,0.08570658600905356,2.0,12
2025-08-22,AAPL,0.006595970670077194,2.485552216169376,2.0,12
2025-08-25,AAPL,-0.020825345224580485,-1.1602053796964886,2.0,12
2025-08-26,AAPL,-0.009341375418318454,0.3817962879422774,2.0,12
2025-08-27,AAPL,-0.01156514383103714,0.6536167728395025,2.0,12
2025-08-28,AAPL,-0.005320226423999969,0.33192745763469766,2.0,12
2025-08-29,AAPL,0.005951300506810628,2.3905419978387608,2.0,12
2025-09-02,AAPL,0.008730144079517626,1.9684158832784449,2.0,12
2025-09-03,AAPL,0.011046041565634098,3.85742265337141,2.0,12
2025-09-04,AAPL,-0.02275482199215916,-1.1067075415428287,2.0,12
2025-09-05,AAPL,-0.020420111630542453,-0.8049985502065737,2.0,12
2025-09-08,AAPL,-0.023417842149533352,-1.6933714894151455,2.0,12
2025-09-09,AAPL,-0.023582707762007132,-1.9057404097807422,2.0,12
2025-09-10,AAPL,-0.011923771700685539,-1.3447110298336256,2.0,12
2025-09-11,AAPL,-0.01512380680102749,-1.911875406923709,2.0,12
2025-09-12,AAPL,-0.016422244662986536,-2.01380744372377,2.0,12
2025-09-15,AAPL,-0.019466536805853387,-2.139891895816968,2.0,12
2025-09-16,AAPL,-0.022031764475163095,-2.3749132066501257,2.0,12
2025-09-17,AAPL,-0.021479134577540308,-2.113526026754134,2.0,12
2025-09-18,AAPL,-0.020729681404396235,-1.8946343755396948,2.0,12
2025-09-19,AAPL,-0.03079917033881134,-1.7640024234314247,2.0,12
2025-09-22,AAPL,-0.039885949816614044,-0.8566847390023732,2.0,12
2025-09-23,AAPL,-0.038150575174143,-0.7621995895578515,2.0,12
2025-09-24,AAPL,-0.03574591007052907,-1.7837383969107525,2.0,12
2025-09-25,AAPL,-0.03434244180288974,-1.3672785483324077,2.0,12
2025-09-26,AAPL,-0.03641497529696617,-2.1219931466411106,2.0,12
2025-09-29,AAPL,-0.024631777417400764,-1.9967167991161756,2.0,12
2025-09-30,AAPL,-0.01714045202111315,-1.3006114142863239,2.0,12
2025-10-01,AAPL,-0.016683015044949224,-0.5747620785192123,2.0,12
2025-10-02,AAPL,-0.019404329260080077,-1.0489874051351213,2.0,12
2025-10-03,AAPL,-0.019107039890768136,-0.9398578463663267,2.0,12
2025-10-06,AAPL,-0.012018305722717035,-0.24086445238681187,2.0,12
2025-10-07,AAPL,-0.018017630934307853,-0.44412928950687747,2.0,12
2025-10-08,AAPL,-0.018961071188468483,-0.3993546024094643,2.0,12
2025-10-09,AAPL,0.008036591192286136,1.431129208386914,2.0,12
2025-10-10,AAPL,0.018419871753126947,2.2216429826154043,2.0,12
2025-10-13,AAPL,0.008929721986120635,1.5181166200978333,2.0,12
2025-10-14,AAPL,0.009110437306898573,1.6212373682536267,2.0,12
2025-10-15,AAPL,0.009110437306898573,1.728761370274902,2.0,12
2025-10-16,AAPL,-0.0013113416477249513,1.6137237263275037,2.0,12
2025-10-17,AAPL,-0.004222429458307285,-0.13874639201138927,2.0,12
2025-10-20,AAPL,0.006923282069613845,0.43086712231047725,2.0,12
2025-10-21,AAPL,0.009310330725067087,0.7198611169922733,2.0,12
2025-10-22,AAPL,0.010428662441210027,2.242586525507075,2.0,12
2025-10-23,AAPL,0.016374971135440973,2.468708271783716,2.0,12
2025-10-24,AAPL,0.007181911767532504,2.047490264831964,2.0,12
2025-10-27,AAPL,0.008434880608066839,2.582579984784691,2.0,12
2025-10-28,AAPL,0.008288205122166045,1.9465141319115715,2.0,12
2025-10-29,AAPL,0.005752265837457234,2.0617820323382223,2.0,12
2025-10-30,AAPL,0.0025229275702134068,1.1669632238380538,2.0,12
2025-10-31,AAPL,0.003144486876849141,2.0767519092795457,2.0,12
2025-11-03,AAPL,0.002700958531106826,1.875864073587343,2.0,12
2025-11-04,AAPL,0.002262060676863764,0.6927650351815186,2.0,12
2025-11-05,AAPL,-0.001433361862138593,0.5852015662234564,2.0,12
2025-11-06,AAPL,0.0032170886008712016,2.19924080068732,2.0,12
2025-11-07,AAPL,-0.0013923574290617454,0.48802698710129144,2.0,12
2025-11-10,AAPL,-2.409462275578599e-06,0.6329565511391313,2.0,12
2025-11-11,AAPL,-0.007518633335152402,0.34131623083362483,2.0,12
2025-11-12,AAPL,-0.001645538627875417,1.1985036752431126,2.0,12
2025-11-13,AAPL,-0.0032346633491601726,1.2944069922157424,2.0,12
2025-11-14,AAPL,0.0022167384056804053,1.8564668417522894,2.0,12
2025-11-17,AAPL,0.011266368682271884,1.6551272543072653,2.0,12
2025-11-18,AAPL,0.009362651033063905,1.4256740146922962,2.0,12
2025-11-19,AAPL,0.008209067362455268,1.398274164801272,2.0,12
2025-11-20,AAPL,0.008653100529398603,1.1057945022088778,2.0,12
2025-11-21,AAPL,0.00739187169681819,1.9794439631394538,2.0,12
2025-11-24,AAPL,0.0031755937585176332,1.3771475491355907,2.0,12
2025-11-25,AAPL,0.004102964917937576,1.2884011025353008,2.0,12
2025-11-26,AAPL,0.0019255876007660796,1.299170753136239,2.0,12
2025-11-28,AAPL,-0.00036193961747959494,1.2367908874792455,2.0,12
2025-12-01,AAPL,-0.004478889539460058,1.3711488402516252,2.0,12
2025-12-02,AAPL,-0.0014044965192272125,1.8382922506927362,2.0,12
2025-12-03,AAPL,-0.000985586596029403,0.9229480171219131,2.0,12
2025-12-04,AAPL,0.0022727115587310703,1.450373629903822,2.0,12
2025-12-05,AAPL,0.001428120576584892,1.0232748036368473,2.0,12
2025-12-08,AAPL,0.002042484745585194,0.8453887505531097,2.0,12
2025-12-09,AAPL,0.0064498677669410365,1.8094162982510786,2.0,12
2025-07-01,AMZN,0.0010377966589126696,0.6295945279633545,2.0,12
2025-07-02,AMZN,-0.001613622088395755,0.2506912572170598,2.0,12
2025-07-03,AMZN,0.0008553035474077962,0.7413376038776304,2.0,12
2025-07-07,AMZN,0.0030401966401859275,0.2503884958455885,2.0,12
2025-07-08,AMZN,0.0028629360782836746,-0.35673356306178283,2.0,12
2025-07-09,AMZN,0.00011937446298630474,-0.6074457889295195,2.0,12
2025-07-10,AMZN,-9.073061536957627e-05,-0.04807275869716282,2.0,12
2025-07-11,AMZN,-0.0003876537084826084,0.27655025849167103,2.0,12
2025-07-14,AMZN,-0.001456752056182858,1.235922606288045,2.0,12
2025-07-15,AMZN,-0.0012332853885095453,-0.21832936447124007,2.0,12
2025-07-16,AMZN,0.001954250458585296,0.09134801668336717,2.0,12
2025-07-17,AMZN,0.0017422633933278093,-0.5018739683661595,2.0,12
2025-07-18,AMZN,0.006752230484784789,0.5238499064408161,2.0,12
2025-07-21,AMZN,0.008744897037383246,1.0762009480112749,2.0,12
2025-07-22,AMZN,0.008623040533249644,1.7998862639942577,2.0,12
2025-07-23,AMZN,0.0036187497745977623,1.0851940692479132,2.0,12
2025-07-24,AMZN,0.011702859815383557,1.4186273609785798,2.0,12
2025-07-25,AMZN,0.007532238175459884,0.8967765697118077,2.0,12
2025-07-28,AMZN,-0.0021694436149787095,0.430239754357768,2.0,12
2025-07-29,AMZN,0.0018101619422701669,0.33758558955397333,2.0,12
2025-07-30,AMZN,0.0007005855478134812,0.6695812057138284,2.0,12
2025-07-31,AMZN,0.0010700416654660036,1.1032203857082554,2.0,12
2025-08-01,AMZN,0.01942431259300319,2.128776335641517,2.0,12
2025-08-04,AMZN,0.024981130374419975,2.5854412346283593,2.0,12
2025-08-05,AMZN,0.013448138646385815,2.2644988620973687,2.0,12
2025-08-06,AMZN,0.003963681661204788,-0.011796417974552595,2.0,12
2025-08-07,AMZN,0.010134391319167192,0.5232933097345097,2.0,12
2025-08-08,AMZN,0.009439259490748423,1.1076179718053702,2.0,12
2025-08-11,AMZN,0.012043863053904145,-0.061947918788830936,2.0,12
2025-08-12,AMZN,0.013423283155111284,-0.2746605972403195,2.0,12
2025-08-13,AMZN,0.01565939279659018,0.22522838095994602,2.0,12
2025-08-14,AMZN,0.009143451212053665,2.04005237905711,2.0,12
2025-08-15,AMZN,0.013679861407726278,4.252871060000747,2.0,12
2025-08-18,AMZN,0.012829232147821225,3.081458047438191,2.0,12
2025-08-19,AMZN,0.011108366944509524,3.073741123718654,2.0,12
2025-08-20,AMZN,0.01874792472630786,3.6835851122996752,2.0,12
2025-08-21,AMZN,0.012872291858542615,1.85276839760482,2.0,12
2025-08-22,AMZN,0.007856421434891805,1.7789275933125746,2.0,12
2025-08-25,AMZN,-0.0026442354859766135,1.126470495725845,2.0,12
2025-08-26,AMZN,0.0033597782332267507,0.9094620058893623,2.0,12
2025-08-27,AMZN,0.0028177978264570937,1.9808265921843335,2.0,12
2025-08-28,AMZN,0.00624842663667885,0.17280014840413582,2.0,12
2025-08-29,AMZN,0.003824355924181971,1.0252136534560599,2.0,12
2025-09-02,AMZN,0.0103851963155742,1.5159898360901103,2.0,12
2025-09-03,AMZN,0.007594652392136821,2.081919770860381,2.0,12
2025-09-04,AMZN,0.0014167117174534152,2.1659830645036764,2.0,12
2025-09-05,AMZN,0.00959064344878615,1.2838941339583356,2.0,12
2025-09-08,AMZN,0.00903685654037583,1.668275542960132,2.0,12
2025-09-09,AMZN,0.0057995092157401935,1.5747406121301277,2.0,12
2025-09-10,AMZN,-0.019026790742394804,-1.883158650207041,2.0,12
2025-09-11,AMZN,-0.016921965427045094,-1.7409492555384944,2.0,12
2025-09-12,AMZN,-0.014019656574193348,-1.8768840691971125,2.0,12
2025-09-15,AMZN,-0.013450887698823608,-1.5061044699350963,2.0,12
2025-09-16,AMZN,-0.016195789354190002,-1.8499955025044241,2.0,12
2025-09-17,AMZN,-0.016323670604056026,-1.8636097249803822,2.0,12
2025-09-18,AMZN,-0.01711501050151822,-1.725983477405525,2.0,12
2025-09-19,AMZN,-0.02862866068414873,-1.9709927582592697,2.0,12
2025-09-22,AMZN,-0.0335837857974798,-1.7423763943470747,2.0,12
2025-09-23,AMZN,-0.0285667309004527,-1.593088151996946,2.0,12
2025-09-24,AMZN,-0.026136734986128975,-2.21619211314078,2.0,12
2025-09-25,AMZN,0.0020767945009426813,-0.3771115007052609,2.0,12
2025-09-26,AMZN,0.004238153206482072,-0.18550619708405358,2.0,12
2025-09-29,AMZN,0.006484046626363413,-0.2631616108847556,2.0,12
2025-09-30,AMZN,0.009020056487612487,1.3899124079507854,2.0,12
2025-10-01,AMZN,-0.00044086182918888007,1.0163027343869755,2.0,12
2025-10-02,AMZN,-0.0037498440260697696,0.33049051263599194,2.0,12
2025-10-03,AMZN,0.0018203764113445772,0.4639061793245619,2.0,12
2025-10-06,AMZN,0.007242743357755381,0.7987801313107971,2.0,12
2025-10-07,AMZN,0.007016596075876512,0.6876781625593834,2.0,12
2025-10-08,AMZN,0.00046348040877977403,0.368166806915907,2.0,12
2025-10-09,AMZN,0.004575326361809232,0.45209466663152664,2.0,12
2025-10-10,AMZN,0.009954675734234088,0.6301477525799238,2.0,12
2025-10-13,AMZN,-0.00012535748707715534,0.06997587985451204,2.0,12
2025-10-14,AMZN,-0.0015961751365901025,-0.20695211689380832,2.0,12
2025-10-15,AMZN,0.0058699598243657,0.6215090553472428,2.0,12
2025-10-16,AMZN,0.003699603208093746,0.9321191111865312,2.0,12
2025-10-17,AMZN,0.010822796089019359,0.9994391559204086,2.0,12
2025-10-20,AMZN,0.010123221699861835,0.04372406038625187,2.0,12
2025-10-21,AMZN,0.007236434831483468,0.274904346869783,2.0,12
2025-10-22,AMZN,0.011151679672329067,1.7437478347315039,2.0,12
2025-10-23,AMZN,0.006996888347262782,1.436236053719186,2.0,12
2025-10-24,AMZN,0.003346189806659657,1.1501856968850925,2.0,12
2025-10-27,AMZN,0.0033588653600555027,1.160627901799692,2.0,12
2025-10-28,AMZN,0.0032261665340493806,1.1685260101799173,2.0,12
2025-10-29,AMZN,0.004820273660949396,1.7446921942049878,2.0,12
2025-10-30,AMZN,-0.0006829413920602007,-0.29934848382780294,2.0,12
2025-10-31,AMZN,-0.0019401096894345786,1.4904388220825835,2.0,12
2025-11-03,AMZN,-0.01168774016788977,-1.295647971155947,2.0,12
2025-11-04,AMZN,-0.00566160712656242,0.43755286492547585,2.0,12
2025-11-05,AMZN,-0.009405561423898817,-0.05397701942517652,2.0,12
2025-11-06,AMZN,-0.008058859496947787,-0.015550113867441095,2.0,12
2025-11-07,AMZN,-0.0042933090418152435,0.4011828219082262,2.0,12
2025-11-10,AMZN,-0.002814965095170276,0.739756710365042,2.0,12
2025-11-11,AMZN,-0.005834932149832636,1.2620594754081695,2.0,12
2025-11-12,AMZN,-0.004395420009863035,1.4640715058974454,2.0,12
2025-11-13,AMZN,0.00022893280962434413,1.8610869468876823,2.0,12
2025-11-14,AMZN,-0.006608850956995351,0.9932546496665644,2.0,12
2025-11-17,AMZN,-0.00407797910555637,0.21506332308272602,2.0,12
2025-11-18,AMZN,0.0024522179921846244,0.4816931486191728,2.0,12
2025-11-19,AMZN,0.005748552211693475,0.9688332554189478,2.0,12
2025-11-20,AMZN,0.010483506451569704,0.7559884223934107,2.0,12
2025-11-21,AMZN,0.006031222751075429,1.2886262752971225,2.0,12
2025-11-24,AMZN,0.009104580846638143,1.6303645956940724,2.0,12
2025-11-25,AMZN,0.004132054439868185,1.0545048785293767,2.0,12
2025-11-26,AMZN,0.005748779232405165,1.5403975163150054,2.0,12
2025-11-28,AMZN,-0.0009850438323446464,1.373471951162181,2.0,12
2025-12-01,AMZN,-0.00014358224802434296,0.9760085307535904,2.0,12
2025-12-02,AMZN,-0.000993496886601752,0.2531270865148594,2.0,12
2025-12-03,AMZN,-0.00047512756703787455,-0.16356286402153042,2.0,12
2025-12-04,AMZN,0.008206732431661652,0.5020519735859006,2.0,12
2025-12-05,AMZN,-0.0006909274055928672,-0.7291786139326688,2.0,12
2025-12-08,AMZN,0.008792932800498851,0.3679314345581173,2.0,12
2025-12-09,AMZN,0.010561677588779437,0.7510473118760128,2.0,12
2025-07-01,GOOGL,0.02140414553139842,2.949620340332432,2.0,12
2025-07-02,GOOGL,0.02051450372696082,3.382218124243764,2.0,12
2025-07-03,GOOGL,0.01897409618454909,2.893564358795471,2.0,12
2025-07-07,GOOGL,0.020821309017717404,1.8445844563306448,2.0,12
2025-07-08,GOOGL,0.0220231287379922,1.3505851265232072,2.0,12
2025-07-09,GOOGL,0.021647441256519816,0.9473051287186086,2.0,12
2025-07-10,GOOGL,0.021576357808312067,2.984481461781579,2.0,12
2025-07-11,GOOGL,0.014510410987014036,2.0716628124100294,2.0,12
2025-07-14,GOOGL,0.013483899677848639,3.0394425117190105,2.0,12
2025-07-15,GOOGL,0.01065813347363591,0.5616336293975346,2.0,12
2025-07-16,GOOGL,0.010506791404181731,1.0866108492216784,2.0,12
2025-07-17,GOOGL,0.012554641132418715,0.36844063552773065,2.0,12
2025-07-18,GOOGL,0.013019209491613315,1.1803814856501478,2.0,12
2025-07-21,GOOGL,0.007018087493907142,1.5950905843904857,2.0,12
2025-07-22,GOOGL,0.004422948950182091,2.3939676785891026,2.0,12
2025-07-23,GOOGL,-0.003831014756454388,1.480681564367291,2.0,12
2025-07-24,GOOGL,-0.005629484753788086,0.8364467645729132,2.0,12
2025-07-25,GOOGL,-0.009135550065528814,0.3600226037363916,2.0,12
2025-07-28,GOOGL,-0.01505097140150513,-0.315903279630495,2.0,12
2025-07-29,GOOGL,-0.014658343678624265,-0.8165062866691359,2.0,12
2025-07-30,GOOGL,-0.01715214543015921,-0.6422502226973064,2.0,12
2025-07-31,GOOGL,-0.014808354960966845,-1.0705337090069615,2.0,12
2025-08-01,GOOGL,-0.020532200654107675,-2.3265894015235773,2.0,12
2025-08-04,GOOGL,-0.017583798353663332,-1.20725543109473,2.0,12
2025-08-05,GOOGL,-0.017547955004995057,-1.2906343167070633,2.0,12
2025-08-06,GOOGL,-0.018531392976957266,-0.5987143173926539,2.0,12
2025-08-07,GOOGL,-0.01996494838379598,-1.1203944293294203,2.0,12
2025-08-08,GOOGL,-0.018266742262405464,-1.2147442614899833,2.0,12
2025-08-11,GOOGL,-0.006762140804510867,-0.4814325575347991,2.0,12
2025-08-12,GOOGL,-0.008537200961095066,-0.43942547988305436,2.0,12
2025-08-13,GOOGL,-0.006412730219201173,-0.4551302945501421,2.0,12
2025-08-14,GOOGL,-0.005644722628666468,0.2218638559351196,2.0,12
2025-08-15,GOOGL,-0.0073832536894603736,-0.006383028803879309,2.0,12
2025-08-18,GOOGL,-0.01144289474248394,0.032931637601886776,2.0,12
2025-08-19,GOOGL,-0.01163336656877988,-1.603154644963097,2.0,12
2025-08-20,GOOGL,-0.0104951788559324,-0.11669614828904773,2.0,12
2025-08-21,GOOGL,-0.01831465848128375,-1.487648231517165,2.0,12
2025-08-22,GOOGL,-0.01180860653150219,-0.6500492624396534,2.0,12
2025-08-25,GOOGL,-0.022587850146593317,-1.236755703124683,2.0,12
2025-08-26,GOOGL,-0.02177259310926282,-1.9805527470272624,2.0,12
2025-08-27,GOOGL,-0.02179977210288913,-1.9765885306453472,2.0,12
2025-08-28,GOOGL,-0.012688183126184454,-0.7080502290180626,2.0,12
2025-08-29,GOOGL,-0.007638651431233078,-0.7027859991425517,2.0,12
2025-09-02,GOOGL,-0.007472628669998603,-0.9909490496771789,2.0,12
2025-09-03,GOOGL,-0.0067859674570685796,0.9900753783108456,2.0,12
2025-09-04,GOOGL,-0.010222858029672446,1.5801646411820893,2.0,12
2025-09-05,GOOGL,0.01417808465040013,3.07365756626485,2.0,12
2025-09-08,GOOGL,0.009800805225471798,2.7134654768534796,2.0,12
2025-09-09,GOOGL,0.006504396412585243,2.733740996128376,2.0,12
2025-09-10,GOOGL,0.0033074277617409858,2.902712849119399,2.0,12
2025-09-11,GOOGL,0.014419935755971475,4.305652674086412,2.0,12
2025-09-12,GOOGL,0.004250717903995167,2.9445148819748206,2.0,12
2025-09-15,GOOGL,0.011481639202775624,4.464937662750197,2.0,12
2025-09-16,GOOGL,0.014997576244913904,4.365844604627204,2.0,12
2025-09-17,GOOGL,0.028848163807524925,4.274259387886387,2.0,12
2025-09-18,GOOGL,0.028275688864668948,4.093205100550172,2.0,12
2025-09-19,GOOGL,0.01212650198477064,3.9112183651419246,2.0,12
2025-09-22,GOOGL,-0.005567754425450905,2.6060188638605766,2.0,12
2025-09-23,GOOGL,-0.006838317367933761,2.4176505907198385,2.0,12
2025-09-24,GOOGL,-0.0021528902546044605,1.7152785015252285,2.0,12
2025-09-25,GOOGL,-0.005621228580312088,0.8215019923663819,2.0,12
2025-09-26,GOOGL,-0.00676042982119286,0.45377904439983324,2.0,12
2025-09-29,GOOGL,-0.010357357555154881,-0.42833387649202304,2.0,12
2025-09-30,GOOGL,-0.022969606935318094,-1.8004612972647913,2.0,12
2025-10-01,GOOGL,-0.029184878005332412,-2.297147165413626,2.0,12
2025-10-02,GOOGL,-0.02837525032231526,-2.360117445052373,2.0,12
2025-10-03,GOOGL,-0.025074514764407564,-1.757881290054,2.0,12
2025-10-06,GOOGL,-0.02109669774542266,-1.2008011634474758,2.0,12
2025-10-07,GOOGL,-0.018036495080921738,-0.840213921019663,2.0,12
2025-10-08,GOOGL,-0.019020604754018348,-1.0937931595133887,2.0,12
2025-10-09,GOOGL,-0.015651387905385738,-1.322246365479277,2.0,12
2025-10-10,GOOGL,-0.014375201004537699,-2.0858233534716137,2.0,12
2025-10-13,GOOGL,-0.02062959716732214,-1.8423671446579473,2.0,12
2025-10-14,GOOGL,-0.021858430892875636,-1.7860612135165317,2.0,12
2025-10-15,GOOGL,-0.02000418331446005,-2.5320441639488984,2.0,12
2025-10-16,GOOGL,-0.019606661060538055,-1.2864146655073827,2.0,12
2025-10-17,GOOGL,-0.018185345747090312,-2.60496169163032,2.0,12
2025-10-20,GOOGL,-0.019914366857524356,-1.9554901792330568,2.0,12
2025-10-21,GOOGL,-0.016654003565062917,-1.7009292791058641,2.0,12
2025-10-22,GOOGL,-0.018936056322906736,-1.4379132675064314,2.0,12
2025-10-23,GOOGL,-0.022344696757172253,-1.6091388590126394,2.0,12
2025-10-24,GOOGL,-0.026297944526410155,-1.3761490550546753,2.0,12
2025-10-27,GOOGL,-0.014797777184126639,0.6781920126314356,2.0,12
2025-10-28,GOOGL,0.002877913930968348,1.8807974550455273,2.0,12
2025-10-29,GOOGL,0.00014659159622937051,2.0133477891160707,2.0,12
2025-10-30,GOOGL,0.005123556333967106,3.028983780786099,2.0,12
2025-10-31,GOOGL,0.0014767960524359803,2.9316892063868405,2.0,12
2025-11-03,GOOGL,0.0069353498404043454,4.2696772184652,2.0,12
2025-11-04,GOOGL,0.013189257771836618,3.117689814570454,2.0,12
2025-11-05,GOOGL,0.000515711478061824,2.364126587216439,2.0,12
2025-11-06,GOOGL,0.00475775428234046,3.8749925830602647,2.0,12
2025-11-07,GOOGL,0.013290151533183844,4.412994544940862,2.0,12
2025-11-10,GOOGL,0.009999804980280707,3.6110937762988966,2.0,12
2025-11-11,GOOGL,0.008050768296583266,4.650115292140498,2.0,12
2025-11-12,GOOGL,0.008847829383187735,3.3854867837057814,2.0,12
2025-11-13,GOOGL,0.014682646613736408,3.9552263004422983,2.0,12
2025-11-14,GOOGL,0.015325276910502575,3.8375753231345766,2.0,12
2025-11-17,GOOGL,0.0105948846989661,2.844457908658632,2.0,12
2025-11-18,GOOGL,0.015990371988718725,3.606704587515315,2.0,12
2025-11-19,GOOGL,0.013937421195741014,3.4122768345906875,2.0,12
2025-11-20,GOOGL,0.016898000670048565,3.078684750420326,2.0,12
2025-11-21,GOOGL,0.013811051025173224,3.922991838181283,2.0,12
2025-11-24,GOOGL,0.00041942463425073863,2.6990162911390887,2.0,12
2025-11-25,GOOGL,0.010384150137878594,3.7289443741772788,2.0,12
2025-11-26,GOOGL,0.0035292172318311652,2.8764243613408995,2.0,12
2025-11-28,GOOGL,0.002607467457911882,2.964167278350059,2.0,12
2025-12-01,GOOGL,0.005247790802226814,4.182194102781201,2.0,12
2025-12-02,GOOGL,0.006958984119905931,3.927006559463793,2.0,12
2025-12-03,GOOGL,0.003872786744835807,2.750604991012925,2.0,12
2025-12-04,GOOGL,0.009538825215231141,3.344524962090394,2.0,12
2025-12-05,GOOGL,0.003833225598898094,2.8961367020513906,2.0,12
2025-12-08,GOOGL,0.009332503515583433,3.303870264623621,2.0,12
2025-12-09,GOOGL,0.011839164797370872,3.574353596959295,2.0,12
2025-07-01,INTC,0.006244914999603923,2.958289130563876,2.0,12
2025-07-02,INTC,0.016319913789668634,2.86873833173797,2.0,12
2025-07-03,INTC,0.00976050737341994,2.6586625417424226,2.0,12
2025-07-07,INTC,0.03271787412598948,4.163612395554168,2.0,12
2025-07-08,INTC,0.0369308435350571,5.510072093321818,2.0,12
2025-07-09,INTC,0.047623767899530184,5.62360221147256,2.0,12
2025-07-10,INTC,-0.008221353345858324,-0.3353713852214434,2.0,12
2025-07-11,INTC,0.01272750548051756,3.4361795961326584,2.0,12
2025-07-14,INTC,-0.0076347978522300795,1.46457132270569,2.0,12
2025-07-15,INTC,0.04207372006088102,4.986469423937461,2.0,12
2025-07-16,INTC,0.0350479091952786,4.761862995046931,2.0,12
2025-07-17,INTC,0.059645621142608185,4.890615687282346,2.0,12
2025-07-18,INTC,0.040517860113221366,3.9036446487484797,2.0,12
2025-07-21,INTC,0.02975946071759251,3.276871443017809,2.0,12
2025-07-22,INTC,0.013401276391057301,2.521131220336099,2.0,12
2025-07-23,INTC,0.016259185785185253,2.0312270173834115,2.0,12
2025-07-24,INTC,0.06504180759186565,3.5842412444494918,2.0,12
2025-07-25,INTC,0.06325865318994177,2.8783324692014247,2.0,12
2025-07-28,INTC,0.039771670969488505,2.649340358558582,2.0,12
2025-07-29,INTC,0.03721689501075104,2.5617682460881444,2.0,12
2025-07-30,INTC,0.029933426203021828,2.4457463523090803,2.0,12
2025-07-31,INTC,0.022322933997063053,2.317102102856735,2.0,12
2025-08-01,INTC,0.01837017255277791,0.7411081552774006,2.0,12
2025-08-04,INTC,0.01168729392212478,0.22499077171696147,2.0,12
2025-08-05,INTC,0.005411056877003772,-0.35524537824632296,2.0,12
2025-08-06,INTC,0.024503932402945284,0.19173703959305555,2.0,12
2025-08-07,INTC,0.03543703461102955,0.9427302645681608,2.0,12
2025-08-08,INTC,0.0080236778900048,-0.6880960260918754,2.0,12
2025-08-11,INTC,0.03667469405141057,1.3162599062093023,2.0,12
2025-08-12,INTC,0.04353744424694726,2.2505615363132483,2.0,12
2025-08-13,INTC,0.045674980775565935,3.110474228101273,2.0,12
2025-08-14,INTC,-0.020818168775198393,-4.029652800981783,2.0,12
2025-08-15,INTC,-0.008805102295866764,-1.105574459412439,2.0,12
2025-08-18,INTC,-0.0009925264650242809,0.7899949693918953,2.0,12
2025-08-19,INTC,-0.00457685557245667,0.7407871004975184,2.0,12
2025-08-20,INTC,0.0010904985478850137,1.0272844618014865,2.0,12
2025-08-21,INTC,0.013182534317925381,3.315953860063049,2.0,12
2025-08-22,INTC,0.0011190166549750321,3.123006711241178,2.0,12
2025-08-25,INTC,-0.016584538374706588,1.103128402218922,2.0,12
2025-08-26,INTC,-0.0021565390934938974,3.0981083525804807,2.0,12
2025-08-27,INTC,-0.014416060971473427,1.6881022623371753,2.0,12
2025-08-28,INTC,0.03915393207063787,6.874564149452673,2.0,12
2025-08-29,INTC,0.011773324718011432,4.872200206757529,2.0,12
2025-09-02,INTC,0.016595726542174824,4.334714992319462,2.0,12
2025-09-03,INTC,-0.030664587177382373,-2.9237935951274405,2.0,12
2025-09-04,INTC,-0.0354359374991088,-2.336769774622378,2.0,12
2025-09-05,INTC,-0.06292160868206059,-3.053485019992248,2.0,12
2025-09-08,INTC,-0.05267752354375616,-2.787849707844983,2.0,12
2025-09-09,INTC,-0.048359694944819974,-3.074286090797759,2.0,12
2025-09-10,INTC,-0.028681940930109166,-2.3653126763243635,2.0,12
2025-09-11,INTC,-0.0047775720523753765,0.8054017137437226,2.0,12
2025-09-12,INTC,0.001050698692969087,0.4829032319841353,2.0,12
2025-09-15,INTC,-0.004276232016099761,-0.14119416128295498,2.0,12
2025-09-16,INTC,0.005235397903835577,1.427011265932929,2.0,12
2025-09-17,INTC,0.0375042007467826,2.5441893660126538,2.0,12
2025-09-18,INTC,0.0014995238643645094,1.9847361065646512,2.0,12
2025-09-19,INTC,-0.006012609692137812,2.027890951711698,2.0,12
2025-09-22,INTC,-0.04048951191205207,-0.536806330521238,2.0,12
2025-09-23,INTC,-0.05849710495202658,-1.4929000494280775,2.0,12
2025-09-24,INTC,-0.0023458160225455654,2.4671774665333674,2.0,12
2025-09-25,INTC,-0.013106342771227974,1.668889499067555,2.0,12
2025-09-26,INTC,-0.016818586076820023,1.4312116693305588,2.0,12
2025-09-29,INTC,0.009230089101962853,3.1309742289876783,2.0,12
2025-09-30,INTC,0.012469891014285492,5.046879589439798,2.0,12
2025-10-01,INTC,-0.0006428680957598434,4.1691854328660485,2.0,12
2025-10-02,INTC,0.009829027143008548,5.593966550201607,2.0,12
2025-10-03,INTC,0.006332319451339435,4.321064387572175,2.0,12
2025-10-06,INTC,0.01032094288624671,4.548018099089694,2.0,12
2025-10-07,INTC,0.005415694516561979,3.9359471831114057,2.0,12
2025-10-08,INTC,0.007235844611561197,4.1630978075432665,2.0,12
2025-10-09,INTC,0.015232766155675806,4.595155214446578,2.0,12
2025-10-10,INTC,0.025668760084613117,5.775703227649139,2.0,12
2025-10-13,INTC,0.021982132612093936,5.456441887140446,2.0,12
2025-10-14,INTC,0.024916772554916797,5.693266716260867,2.0,12
2025-10-15,INTC,0.013368192043914304,4.93884487144742,2.0,12
2025-10-16,INTC,-0.04008020103361057,-1.5062160049790623,2.0,12
2025-10-17,INTC,0.011927948395338341,4.678387813360732,2.0,12
2025-10-20,INTC,0.051556690393925575,7.005868078034835,2.0,12
2025-10-21,INTC,0.05558408268326222,7.143805952697756,2.0,12
2025-10-22,INTC,-0.007621420531644818,2.7266785048824094,2.0,12
2025-10-23,INTC,-0.007837403724337274,2.5564240006951247,2.0,12
2025-10-24,INTC,-0.001485526783047905,3.0340352834494704,2.0,12
2025-10-27,INTC,-0.0027934629470584026,3.1685490173460975,2.0,12
2025-10-28,INTC,0.00143341415732669,3.5545430169909453,2.0,12
2025-10-29,INTC,-0.013430829741254657,0.1462133832709065,2.0,12
2025-10-30,INTC,0.006802792803878654,2.402902626903196,2.0,12
2025-10-31,INTC,-0.0043649605937605895,0.42696681332877906,2.0,12
2025-11-03,INTC,-0.005446152792618637,-0.2534868180484302,2.0,12
2025-11-04,INTC,-0.017103062827002958,-2.669637849906266,2.0,12
2025-11-05,INTC,-0.023055469879930256,-3.5652776191653923,2.0,12
2025-11-06,INTC,-0.01879537946135859,-3.1390878763793113,2.0,12
2025-11-07,INTC,-0.013538278661009439,-2.4475695511972164,2.0,12
2025-11-10,INTC,-0.021370443020124395,-3.5513884497621535,2.0,12
2025-11-11,INTC,-0.022618076165036374,-3.4897976300535323,2.0,12
2025-11-12,INTC,-0.03291500536197256,-4.344853388396945,2.0,12
2025-11-13,INTC,-0.025844251139518604,-4.297395533161618,2.0,12
2025-11-14,INTC,-0.03161650320119605,-4.846721738654755,2.0,12
2025-11-17,INTC,-0.020281128873532183,-4.4846671989225575,2.0,12
2025-11-18,INTC,-0.04336831418513784,-5.687543092077237,2.0,12
2025-11-19,INTC,-0.06372362263886394,-5.5084931086263715,2.0,12
2025-11-20,INTC,-0.0528238562904248,-5.486324153444919,2.0,12
2025-11-21,INTC,-0.056267123547484754,-5.377616183518437,2.0,12
2025-11-24,INTC,-0.05037454474523636,-4.954986796177105,2.0,12
2025-11-25,INTC,-0.01590775394984552,-3.1656529185768,2.0,12
2025-11-26,INTC,-0.012739210286357145,-2.3260335438995723,2.0,12
2025-11-28,INTC,-0.02993703044648177,-2.9458578718395314,2.0,12
2025-12-01,INTC,-0.024284214909891886,-3.0266438336486483,2.0,12
2025-12-02,INTC,-0.024266007196552558,-1.905024205887007,2.0,12
2025-12-03,INTC,-0.01934990905919623,-1.1226524348236468,2.0,12
2025-12-04,INTC,-0.04426696998752246,-3.905342354099025,2.0,12
2025-12-05,INTC,-0.0234519818771237,-3.6486759967821305,2.0,12
2025-12-08,INTC,-0.03162037252401783,-4.226430816567085,2.0,12
2025-12-09,INTC,-0.027746753319597476,-2.8570666506750237,2.0,12
2025-07-01,MSFT,-0.013256073326000336,-1.3461766016246774,2.0,12
2025-07-02,MSFT,-0.014303377932308922,-1.642935766011952,2.0,12
2025-07-03,MSFT,-0.017211661563508184,-1.6655425343883419,2.0,12
2025-07-07,MSFT,-0.017672844609331287,-2.3357829354659083,2.0,12
2025-07-08,MSFT,-0.01570375806941216,-1.9000714113853627,2.0,12
2025-07-09,MSFT,-0.01909793508004213,-1.675911816061312,2.0,12
2025-07-10,MSFT,-0.015492323119347359,-1.7647686216827794,2.0,12
2025-07-11,MSFT,-0.015670579293197904,-2.000126429475172,2.0,12
2025-07-14,MSFT,-0.01676497801674296,-1.2288851827945546,2.0,12
2025-07-15,MSFT,-0.01692660532562669,-1.7634633304042202,2.0,12
2025-07-16,MSFT,-0.015258405856316359,-1.4896483209100664,2.0,12
2025-07-17,MSFT,-0.015096379743623652,-1.394772562350273,2.0,12
2025-07-18,MSFT,-0.012186376654602907,-1.299728125745266,2.0,12
2025-07-21,MSFT,-0.011042332680876829,-1.2257270477142186,2.0,12
2025-07-22,MSFT,-0.010187353212947173,-1.5407970068748793,2.0,12
2025-07-23,MSFT,-0.009151666187671175,-1.2692623337163007,2.0,12
2025-07-24,MSFT,-0.010187353212947173,-1.3652470245600843,2.0,12
2025-07-25,MSFT,-0.01743727983537598,-1.5397700563569074,2.0,12
2025-07-28,MSFT,-0.016658785993419592,-1.2014490651818008,2.0,12
2025-07-29,MSFT,-0.014806554148621786,-2.011386649613602,2.0,12
2025-07-30,MSFT,-0.01676497801674296,-1.4222376031652437,2.0,12
2025-07-31,MSFT,-0.021521088843393942,-1.8966410248196468,2.0,12
2025-08-01,MSFT,-0.01445402300462541,-1.513260692456479,2.0,12
2025-08-04,MSFT,-0.019134300462860826,-1.696880772542144,2.0,12
2025-08-05,MSFT,-0.013109350462230482,-1.1471218325458628,2.0,12
2025-08-06,MSFT,-0.013109350462230482,-0.9671466837659249,2.0,12
2025-08-07,MSFT,-0.011965407632252163,-1.1282155979668593,2.0,12
2025-08-08,MSFT,-0.010884947305735335,-1.1345721707050775,2.0,12
2025-08-11,MSFT,-0.010800947891924631,-1.6966574983877503,2.0,12
2025-08-12,MSFT,-0.007742372578147869,-1.360697240334671,2.0,12
2025-08-13,MSFT,-0.006164387725901766,-1.7999571725948627,2.0,12
2025-08-14,MSFT,-0.006460405302295187,-1.446089545939973,2.0,12
2025-08-15,MSFT,-0.0048962758197426196,-0.8405997495674897,2.0,12
2025-08-18,MSFT,-0.005446238912642969,-0.068650189104693,2.0,12
2025-08-19,MSFT,-0.005623563852760876,-0.9060384409592394,2.0,12
2025-08-20,MSFT,-0.005848807749488541,-0.22605876992557628,2.0,12
2025-08-21,MSFT,-0.0038188631643160634,-0.13886606975895105,2.0,12
2025-08-22,MSFT,-0.00434706838906389,-0.303015925320141,2.0,12
2025-08-25,MSFT,-0.012638261642060885,-0.6035623160132075,2.0,12
2025-08-26,MSFT,-0.011572642821454985,-1.5502212114815948,2.0,12
2025-08-27,MSFT,-0.004932860948892146,0.39307104840066254,2.0,12
2025-08-28,MSFT,-0.011562718516293322,-2.1972057065034534,2.0,12
2025-08-29,MSFT,-0.00997019324888596,-2.9575766348285324,2.0,12
2025-09-02,MSFT,-0.009838127871964102,-2.825403453552866,2.0,12
2025-09-03,MSFT,-0.010846806709479982,-1.9614905339336892,2.0,12
2025-09-04,MSFT,-0.010621513550119895,-0.7795733518276703,2.0,12
2025-09-05,MSFT,-0.007360924298040024,-0.958678397449255,2.0,12
2025-09-08,MSFT,-0.010463125211830808,-1.1987177612146112,2.0,12
2025-09-09,MSFT,-0.010065510542233966,-1.1924394308609856,2.0,12
2025-09-10,MSFT,-0.011106147047729862,-1.635845791435293,2.0,12
2025-09-11,MSFT,-0.01080952086344178,-1.5664529937444778,2.0,12
2025-09-12,MSFT,-0.012036385941238558,-1.713473051308065,2.0,12
2025-09-15,MSFT,-0.01370404963569137,-1.6402245755210878,2.0,12
2025-09-16,MSFT,-0.01225512413699593,-1.6108211722513157,2.0,12
2025-09-17,MSFT,-0.012996816778538723,-1.7054565373810584,2.0,12
2025-09-18,MSFT,-0.01399117184760133,-1.6531138386086779,2.0,12
2025-09-19,MSFT,-0.02451183171014041,-1.712052424172603,2.0,12
2025-09-22,MSFT,-0.024267777118186517,-0.8864053482210824,2.0,12
2025-09-23,MSFT,-0.022859303452204903,-0.7558950761123779,2.0,12
2025-09-24,MSFT,-0.021716048206928084,-1.3983944156384813,2.0,12
2025-09-25,MSFT,-0.022114745635316506,-1.454349282517267,2.0,12
2025-09-26,MSFT,-0.020747222958050107,-1.6213029321001229,2.0,12
2025-09-29,MSFT,-0.014615926602341177,-1.72171944464432,2.0,12
2025-09-30,MSFT,-0.016627405546689265,-1.8666665765863941,2.0,12
2025-10-01,MSFT,-0.020357169232637248,-1.326720192355436,2.0,12
2025-10-02,MSFT,-0.015068350933634508,-0.7943696468062422,2.0,12
2025-10-03,MSFT,-0.015273939011635975,-0.7263588341526599,2.0,12
2025-10-06,MSFT,-0.015005063929429803,-0.6500762143852252,2.0,12
2025-10-07,MSFT,-0.015298634120915797,-0.46656632964572947,2.0,12
2025-10-08,MSFT,-0.014791675798634808,-0.5615364192616739,2.0,12
2025-10-09,MSFT,-0.013419720562216563,-0.8976255771449492,2.0,12
2025-10-10,MSFT,-0.009552732103254422,-1.3941959895328484,2.0,12
2025-10-13,MSFT,-0.013000405061605365,-0.9314697296556266,2.0,12
2025-10-14,MSFT,-0.013884729646804794,-0.8024126886535771,2.0,12
2025-10-15,MSFT,-0.013884729646804794,-1.6783050670204354,2.0,12
2025-10-16,MSFT,-0.011584994461126217,-0.13535764494277575,2.0,12
2025-10-17,MSFT,-0.010762634651675491,-1.5114064363860398,2.0,12
2025-10-20,MSFT,-0.012138947432725164,-1.3887007391927322,2.0,12
2025-10-21,MSFT,-0.012111925946972048,-1.1214713393044216,2.0,12
2025-10-22,MSFT,-0.013262771565486352,-0.7130743757840743,2.0,12
2025-10-23,MSFT,-0.013262771565486352,-0.6129646346623496,2.0,12
2025-10-24,MSFT,-0.013620967781521585,-0.9909837338275815,2.0,12
2025-10-27,MSFT,-0.016288685222270796,-1.080930191678466,2.0,12
2025-10-28,MSFT,-0.01675987424990806,-1.2148995604101733,2.0,12
2025-10-29,MSFT,-0.018740174766359138,-2.2034630596572287,2.0,12
2025-10-30,MSFT,-0.019058042367548374,-4.048790633592607,2.0,12
2025-10-31,MSFT,-0.01226126842510736,-3.0053718545652,2.0,12
2025-11-03,MSFT,-0.010163808936122906,-3.0084410654638365,2.0,12
2025-11-04,MSFT,-0.012703778877317282,-2.232138787861189,2.0,12
2025-11-05,MSFT,-0.015613195062286478,-2.9592259058969232,2.0,12
2025-11-06,MSFT,-0.006898293816676493,-1.1295769726880192,2.0,12
2025-11-07,MSFT,-0.011425040703193274,-3.0590397944232097,2.0,12
2025-11-10,MSFT,-0.009343927479860457,-2.31484214904193,2.0,12
2025-11-11,MSFT,-0.009235757044507954,-1.7910100648180194,2.0,12
2025-11-12,MSFT,-0.013645697139088236,-2.23236327567283,2.0,12
2025-11-13,MSFT,-0.006188395215613853,-1.29000212710319,2.0,12
2025-11-14,MSFT,-0.0049084530971214,-0.6013364713865467,2.0,12
2025-11-17,MSFT,-0.004195315149414437,-1.1403776268003454,2.0,12
2025-11-18,MSFT,-0.0025739604640262225,-0.668233778014498,2.0,12
2025-11-19,MSFT,-0.004017376985913999,-0.8996434803395155,2.0,12
2025-11-20,MSFT,-0.004635396139817313,-1.1502676683762174,2.0,12
2025-11-21,MSFT,-0.006929443518060992,-0.8233518376524505,2.0,12
2025-11-24,MSFT,-0.015887494650255896,-1.7972839249547172,2.0,12
2025-11-25,MSFT,-0.005579954739646914,-1.4281222243334175,2.0,12
2025-11-26,MSFT,-0.012062580441026144,-2.1458387734589373,2.0,12
2025-11-28,MSFT,-0.01484402026338305,-1.8095494802079648,2.0,12
2025-12-01,MSFT,-0.012540494430004767,-1.5897512651849148,2.0,12
2025-12-02,MSFT,-0.011786021761463662,-1.4005535033629564,2.0,12
2025-12-03,MSFT,-0.007392606549326386,-1.4187831384917047,2.0,12
2025-12-04,MSFT,-0.00970038298974881,-1.1811076420313547,2.0,12
2025-12-05,MSFT,-0.004093731480451623,-1.1051659471049955,2.0,12
2025-12-08,MSFT,-0.005160930864966551,-0.966560026793079,2.0,12
2025-12-09,MSFT,-0.004967687441983304,-0.687610928998396,2.0,12
2025-07-01,NVDA,0.011560185634795155,2.9389160389854005,2.0,12
2025-07-02,NVDA,0.008666431733998477,2.661971716767344,2.0,12
2025-07-03,NVDA,0.013789040286753608,3.467137805846525,2.0,12
2025-07-07,NVDA,0.01584344033484839,2.8184136741527386,2.0,12
2025-07-08,NVDA,0.009651813043277835,1.9013258130273616,2.0,12
2025-07-09,NVDA,0.010673660601086616,2.270111818340359,2.0,12
2025-07-10,NVDA,0.01507511816013499,4.54276252350982,2.0,12
2025-07-11,NVDA,0.015027246370818677,4.1039708056327715,2.0,12
2025-07-14,NVDA,0.0093561996228123,4.21646472009994,2.0,12
2025-07-15,NVDA,0.016973838577766562,3.5014446805556183,2.0,12
2025-07-16,NVDA,0.007067446967888359,3.0333957843153545,2.0,12
2025-07-17,NVDA,0.024983657028948072,3.7612757213717813,2.0,12
2025-07-18,NVDA,0.018228408006400888,3.7199517741513466,2.0,12
2025-07-21,NVDA,0.030055313681499735,4.586085151724488,2.0,12
2025-07-22,NVDA,0.015525916451175459,3.852511938665785,2.0,12
2025-07-23,NVDA,0.019625897559825148,4.628475491199717,2.0,12
2025-07-24,NVDA,0.019374444563200095,2.612270382197786,2.0,12
2025-07-25,NVDA,0.009592125139284412,1.8906169032983913,2.0,12
2025-07-28,NVDA,0.009426176425371418,2.859757818600463,2.0,12
2025-07-29,NVDA,0.010667337072134728,2.2630843663536546,2.0,12
2025-07-30,NVDA,0.004095134017791082,2.4610676101961375,2.0,12
2025-07-31,NVDA,0.00659690322195324,2.6693102123422294,2.0,12
2025-08-01,NVDA,0.01117129869410736,2.537785625509957,2.0,12
2025-08-04,NVDA,0.007760883660069224,2.4174810306583066,2.0,12
2025-08-05,NVDA,0.01310830356265291,3.7349849456075765,2.0,12
2025-08-06,NVDA,0.013987381990006802,2.148789575900727,2.0,12
2025-08-07,NVDA,0.008792376246214036,1.4706369425886288,2.0,12
2025-08-08,NVDA,0.00938799106206503,2.4698803068116404,2.0,12
2025-08-11,NVDA,0.013697441361083473,1.6019604385283235,2.0,12
2025-08-12,NVDA,0.00748264889931393,0.4824751073787765,2.0,12
2025-08-13,NVDA,0.010993554463187305,0.6893007980251084,2.0,12
2025-08-14,NVDA,-0.0008763114596064648,0.28461686124346763,2.0,12
2025-08-15,NVDA,0.00022617111387240884,1.0487591803769596,2.0,12
2025-08-18,NVDA,-0.0008383407015826273,1.7377047983704936,2.0,12
2025-08-19,NVDA,0.00041844371810520703,1.311793211649107,2.0,12
2025-08-20,NVDA,-0.001557126977705221,1.0423883580043243,2.0,12
2025-08-21,NVDA,0.0030140553139357037,1.2237781564319556,2.0,12
2025-08-22,NVDA,-0.0011876708600526992,0.6762631951821064,2.0,12
2025-08-25,NVDA,-0.009500798493323637,0.3449850163054988,2.0,12
2025-08-26,NVDA,-0.009276555831481475,-0.37303779341533455,2.0,12
2025-08-27,NVDA,-0.003779504371654399,0.9400296646660874,2.0,12
2025-08-28,NVDA,-0.0026631502367669836,-0.5715964556347475,2.0,12
2025-08-29,NVDA,0.005499703069355187,0.6596791249974655,2.0,12
2025-09-02,NVDA,0.0113582539159509,0.43346011328201484,2.0,12
2025-09-03,NVDA,-0.0039165889977392674,-0.8344338070598566,2.0,12
2025-09-04,NVDA,-0.0039165889977392674,0.18859894968595325,2.0,12
2025-09-05,NVDA,0.010916032494841545,0.33203373532145664,2.0,12
2025-09-08,NVDA,0.011054465267018676,0.5783138507398757,2.0,12
2025-09-09,NVDA,0.016395253656351454,1.3896570366503158,2.0,12
2025-09-10,NVDA,0.01697351955894579,2.8317550320391263,2.0,12
2025-09-11,NVDA,0.02111589390730262,2.872028359138005,2.0,12
2025-09-12,NVDA,0.020164516082946504,2.805099538937221,2.0,12
2025-09-15,NVDA,0.018176768863451168,2.776449469781223,2.0,12
2025-09-16,NVDA,0.020841407796658832,2.2917939355508095,2.0,12
2025-09-17,NVDA,0.025163654947810813,1.3235033599987338,2.0,12
2025-09-18,NVDA,0.008245462491434832,0.2943950084287531,2.0,12
2025-09-19,NVDA,-0.003394565413845711,0.15739669970313908,2.0,12
2025-09-22,NVDA,-0.013347574005758216,0.06072209040793375,2.0,12
2025-09-23,NVDA,-0.01286108367574246,-0.2008844280112948,2.0,12
2025-09-24,NVDA,-0.0019764084223063555,-0.19427320837034812,2.0,12
2025-09-25,NVDA,-0.006661159465228764,-0.7033079276000214,2.0,12
2025-09-26,NVDA,-0.004513687525152228,-0.5502300815045932,2.0,12
2025-09-29,NVDA,0.00327280140633832,-0.00987936380117621,2.0,12
2025-09-30,NVDA,0.0026409523246901543,1.3918419586094957,2.0,12
2025-10-01,NVDA,0.0001685005770529931,1.837079068206233,2.0,12
2025-10-02,NVDA,-0.005101799334716512,1.0777934773403341,2.0,12
2025-10-03,NVDA,-0.006033192772937138,0.7187204393187699,2.0,12
2025-10-06,NVDA,-0.009119500363866868,0.19194698036971003,2.0,12
2025-10-07,NVDA,-0.009028160129978957,0.2371905091918754,2.0,12
2025-10-08,NVDA,-0.005323550232545947,0.3849283705276799,2.0,12
2025-10-09,NVDA,-0.002398817424000894,0.37127896125719184,2.0,12
2025-10-10,NVDA,-0.011230119100004468,-1.432768997745231,2.0,12
2025-10-13,NVDA,-0.01799239720613603,-1.0645418222541128,2.0,12
2025-10-14,NVDA,-0.014316035995790543,-0.701677307560054,2.0,12
2025-10-15,NVDA,-0.014483655335203667,-1.4735041870742343,2.0,12
2025-10-16,NVDA,-0.010351903918710822,0.32747052847266594,2.0,12
2025-10-17,NVDA,0.000159941418065241,0.624540341951667,2.0,12
2025-10-20,NVDA,-0.0033674030272511893,-0.7221115860811894,2.0,12
2025-10-21,NVDA,-0.006738388575083931,-0.7158760083451858,2.0,12
2025-10-22,NVDA,-0.0058545478826581,0.16188516349604096,2.0,12
2025-10-23,NVDA,-0.005744686765173809,0.23626031883379486,2.0,12
2025-10-24,NVDA,-0.005888128573576456,0.9963508912396021,2.0,12
2025-10-27,NVDA,-0.011559685602682904,-0.03239116562854104,2.0,12
2025-10-28,NVDA,-0.016376053886422853,-0.7537084737899018,2.0,12
2025-10-29,NVDA,-0.017913036869977958,-1.2028565738602317,2.0,12
2025-10-30,NVDA,0.0016438362281613668,1.2432187219587107,2.0,12
2025-10-31,NVDA,-0.011046138550814662,-1.5889506942167366,2.0,12
2025-11-03,NVDA,-0.0074962983643214855,-0.4380362863886905,2.0,12
2025-11-04,NVDA,-0.002852270464614202,0.23001881192789614,2.0,12
2025-11-05,NVDA,-0.003588273294239485,0.017861662571471808,2.0,12
2025-11-06,NVDA,-0.015628640091022047,-2.598995801044799,2.0,12
2025-11-07,NVDA,-0.009014660770995357,-1.8660098417410511,2.0,12
2025-11-10,NVDA,-0.01544039504691419,-2.272760152668452,2.0,12
2025-11-11,NVDA,-0.014734393517411667,-1.7194554955870751,2.0,12
2025-11-12,NVDA,-0.012387568988920739,-0.5867325313906113,2.0,12
2025-11-13,NVDA,-0.013592582274493021,-1.5732938704938768,2.0,12
2025-11-14,NVDA,-0.01645668506255553,-1.438580262645113,2.0,12
2025-11-17,NVDA,-0.005868053447974608,-0.8159916748128502,2.0,12
2025-11-18,NVDA,-6.21459958424629e-05,0.1983139662092592,2.0,12
2025-11-19,NVDA,-0.009405159795707867,-0.08731926334994622,2.0,12
2025-11-20,NVDA,-0.0021372515449018885,-0.1569877630565487,2.0,12
2025-11-21,NVDA,-0.012568531165771193,-0.6917123908802261,2.0,12
2025-11-24,NVDA,-0.003946621705150508,-0.05372529186642366,2.0,12
2025-11-25,NVDA,-0.004220004356747504,-1.1953914077876135,2.0,12
2025-11-26,NVDA,-0.009719414534300346,-2.0574966875268528,2.0,12
2025-11-28,NVDA,-0.010757040692863935,-2.0575815337156698,2.0,12
2025-12-01,NVDA,-0.011645617073468449,-2.136464083993742,2.0,12
2025-12-02,NVDA,-0.013255977744111845,-2.5151972101432474,2.0,12
2025-12-03,NVDA,-0.013989061275781168,-2.861624230421693,2.0,12
2025-12-04,NVDA,-0.013105507379751089,-1.7266053929431033,2.0,12
2025-12-05,NVDA,-0.006276245987394283,-1.664679433411724,2.0,12
2025-12-08,NVDA,-0.0060299952084843424,-1.162080810781442,2.0,12
2025-12-09,NVDA,-0.004178386161298459,-1.242723982875611,2.0,12
2025-07-01,PFE,-0.00017894773915250553,0.47331708970559383,2.0,12
2025-07-02,PFE,-0.0003850032752609617,0.7705519082719847,2.0,12
2025-07-03,PFE,-0.0002602044376900735,0.7605813994819157,2.0,12
2025-07-07,PFE,-0.0005755501391139755,0.16868957705833504,2.0,12
2025-07-08,PFE,-0.007575430677967943,-0.41120736567375726,2.0,12
2025-07-09,PFE,-0.009145180751791715,-0.7626773420768432,2.0,12
2025-07-10,PFE,-0.0064604960043534165,-0.37122696662789095,2.0,12
2025-07-11,PFE,-0.010403070394978701,-1.4107724230768088,2.0,12
2025-07-14,PFE,-0.01573220622750966,-1.6213955686113888,2.0,12
2025-07-15,PFE,0.007812033789679725,-0.28113058338977615,2.0,12
2025-07-16,PFE,0.00019919174559617506,-0.4837328874356499,2.0,12
2025-07-17,PFE,-0.0020070265680886016,-1.0741039733684508,2.0,12
2025-07-18,PFE,-0.015587721966288413,-2.272864346113198,2.0,12
2025-07-21,PFE,-0.015563501506440165,-2.487806223317227,2.0,12
2025-07-22,PFE,-0.011735354723676721,-1.632084109983,2.0,12
2025-07-23,PFE,-0.008397046489163583,-0.9634089629258551,2.0,12
2025-07-24,PFE,-0.008861624597329336,-1.1192153064696335,2.0,12
2025-07-25,PFE,-0.010249602182973723,-0.8686274864591098,2.0,12
2025-07-28,PFE,-0.008877912986384545,-0.5793709695015083,2.0,12
2025-07-29,PFE,0.016611767254684957,1.6498128947898458,2.0,12
2025-07-30,PFE,0.01328124205643175,1.3167989673892413,2.0,12
2025-07-31,PFE,0.0074166739364342395,0.5268735567632834,2.0,12
2025-08-01,PFE,0.005196437574206769,-0.09331828715373555,2.0,12
2025-08-04,PFE,0.005196437574206769,0.0564748404305187,2.0,12
2025-08-05,PFE,0.002656820177574102,0.576898082471006,2.0,12
2025-08-06,PFE,0.0505582852986109,3.4989804712652792,2.0,12
2025-08-07,PFE,0.04081297797247189,2.8195878718715153,2.0,12
2025-08-08,PFE,0.022678956732053026,2.755367962304515,2.0,12
2025-08-11,PFE,0.043124740434652205,3.124987003062178,2.0,12
2025-08-12,PFE,0.04576732339070898,3.412601186230612,2.0,12
2025-08-13,PFE,0.027674201624320084,2.2053096552357525,2.0,12
2025-08-14,PFE,0.008814008281212017,2.102925521523217,2.0,12
2025-08-15,PFE,-0.008185909582447023,-1.270642201228808,2.0,12
2025-08-18,PFE,-0.01431393518890865,-0.8712897335199914,2.0,12
2025-08-19,PFE,-0.016715991075121072,-3.3483522741815284,2.0,12
2025-08-20,PFE,-0.025162396746684985,-3.2353077137900437,2.0,12
2025-08-21,PFE,-0.023458176358982535,-2.3867976357079854,2.0,12
2025-08-22,PFE,-0.027815331589861443,-3.657145485412732,2.0,12
2025-08-25,PFE,-0.029711278510483084,-3.1062825517765384,2.0,12
2025-08-26,PFE,-0.03156287546709534,-3.995345506554773,2.0,12
2025-08-27,PFE,-0.027635554160014078,-3.144944986908813,2.0,12
2025-08-28,PFE,-0.020877911724177377,-2.1487467745490227,2.0,12
2025-08-29,PFE,-0.017005858251390362,-3.4647910410956237,2.0,12
2025-09-02,PFE,-0.009033498477590536,-1.4611294535354866,2.0,12
2025-09-03,PFE,-0.011712225518678296,-1.6757506278613303,2.0,12
2025-09-04,PFE,-0.023655148347768006,-2.321790080646954,2.0,12
2025-09-05,PFE,-0.017757089116648136,-1.1582425112464678,2.0,12
2025-09-08,PFE,-0.004462416883433134,-0.21247179570471036,2.0,12
2025-09-09,PFE,-0.012502639520132119,-0.9954068846992203,2.0,12
2025-09-10,PFE,-0.006642338002597389,-0.45091318996811824,2.0,12
2025-09-11,PFE,-0.006156155959604741,-0.6767852156007294,2.0,12
2025-09-12,PFE,0.01030438564724242,1.122272688217522,2.0,12
2025-09-15,PFE,0.0004425411333358229,-0.05613010248458272,2.0,12
2025-09-16,PFE,-0.0001429290368244585,-0.42306916015523904,2.0,12
2025-09-17,PFE,0.0018646540850023126,-0.9122212986101959,2.0,12
2025-09-18,PFE,-0.0007342746492191703,-0.9138511292206617,2.0,12
2025-09-19,PFE,-0.0024659083629057273,-0.4023802638378112,2.0,12
2025-09-22,PFE,0.03243929075755092,2.2303153489657155,2.0,12
2025-09-23,PFE,0.02261040534749844,2.0653608422646887,2.0,12
2025-09-24,PFE,0.03537980884494734,2.7254788390507603,2.0,12
2025-09-25,PFE,0.06885134418027927,3.465221010340988,2.0,12
2025-09-26,PFE,0.05840244859381863,3.818384067784624,2.0,12
2025-09-29,PFE,0.05532013616388809,3.809471251831608,2.0,12
2025-09-30,PFE,-0.008515174224142906,-0.7538939573548084,2.0,12
2025-10-01,PFE,-0.03889847029470992,-3.3818825732443054,2.0,12
2025-10-02,PFE,-0.03791424405330634,-3.3999071404549395,2.0,12
2025-10-03,PFE,-0.05069728440239346,-4.1185184397943395,2.0,12
2025-10-06,PFE,-0.0540001419981681,-4.437380380874889,2.0,12
2025-10-07,PFE,-0.06890335262245167,-4.828648919368727,2.0,12
2025-10-08,PFE,-0.06439853239880201,-4.991751152670593,2.0,12
2025-10-09,PFE,-0.05874161719013244,-5.2199394648619695,2.0,12
2025-10-10,PFE,-0.025748959977654157,-3.1245796148622715,2.0,12
2025-10-13,PFE,-0.047392282816891756,-4.129494939731158,2.0,12
2025-10-14,PFE,-0.04949627462675007,-4.100645539923965,2.0,12
2025-10-15,PFE,-0.022822040531440692,-2.875925445551578,2.0,12
2025-10-16,PFE,-0.020012612664586194,-1.2734137569173725,2.0,12
2025-10-17,PFE,-0.022861253776841284,-3.04153132051634,2.0,12
2025-10-20,PFE,-0.024903616857366924,-2.2844829964962527,2.0,12
2025-10-21,PFE,-0.026702224598970512,-2.118315515061264,2.0,12
2025-10-22,PFE,-0.03464297075224991,-3.221479176415078,2.0,12
2025-10-23,PFE,-0.034335928588720435,-2.6150189123525123,2.0,12
2025-10-24,PFE,-0.03416797666484276,-2.9739763027065784,2.0,12
2025-10-27,PFE,-0.04079532990945896,-4.063333216341193,2.0,12
2025-10-28,PFE,-0.03587466332847418,-4.66848011758977,2.0,12
2025-10-29,PFE,-0.013180181275286064,-3.299637909358978,2.0,12
2025-10-30,PFE,-0.004648335060083839,-2.672236710812973,2.0,12
2025-10-31,PFE,-0.008854276138493697,-3.3866414988697517,2.0,12
2025-11-03,PFE,-0.004988042508398852,-1.976574619901746,2.0,12
2025-11-04,PFE,0.029457103617443563,2.9548892834421787,2.0,12
2025-11-05,PFE,0.012739343285715202,2.0368838612914724,2.0,12
2025-11-06,PFE,0.007622504730959856,2.1861960332090087,2.0,12
2025-11-07,PFE,0.001147347350611165,-0.24602421339074237,2.0,12
2025-11-10,PFE,0.01060792163142162,1.1328169935640129,2.0,12
2025-11-11,PFE,-0.01198029562138403,-1.3593374583053945,2.0,12
2025-11-12,PFE,-0.021804727642820144,-1.8035332117133436,2.0,12
2025-11-13,PFE,-0.023849136496609344,-2.0670257990348677,2.0,12
2025-11-14,PFE,-0.01707875635837274,-1.4818045987734008,2.0,12
2025-11-17,PFE,-0.012025217834674843,-1.536612030133662,2.0,12
2025-11-18,PFE,-0.013128684868595177,-0.6714693690597979,2.0,12
2025-11-19,PFE,-0.01145132866480336,-0.3831295385805664,2.0,12
2025-11-20,PFE,-0.008543523444810252,-0.5089192900348931,2.0,12
2025-11-21,PFE,-0.02102166174552983,-0.6850996185141838,2.0,12
2025-11-24,PFE,-0.021346285006405882,-0.8648145324844505,2.0,12
2025-11-25,PFE,-0.01683364179457792,-1.6061177957189194,2.0,12
2025-11-26,PFE,-0.02255401510773206,-1.9930704544883722,2.0,12
2025-11-28,PFE,-0.020772667282918877,-0.8853938798289612,2.0,12
2025-12-01,PFE,-0.018058310382773717,-1.2707123902218427,2.0,12
2025-12-02,PFE,-0.017322494839310122,-1.374562898558664,2.0,12
2025-12-03,PFE,-0.011805765477460975,-0.8477027038833094,2.0,12
2025-12-04,PFE,8.470674471371807e-05,1.4898868689645774,2.0,12
2025-12-05,PFE,0.003006231399111563,1.8307383563183226,2.0,12
2025-12-08,PFE,0.003124805448306304,1.2887365239774782,2.0,12
2025-12-09,PFE,-0.01951017443649201,-1.8656696756967,2.0,12
2025-07-01,PYPL,-0.02236003180236313,-2.650121366240259,2.0,12
2025-07-02,PYPL,-0.021437220105178546,-2.387618683556368,2.0,12
2025-07-03,PYPL,-0.022266608439431207,-2.867621333159232,2.0,12
2025-07-07,PYPL,-0.020027390776505068,-2.863639711642228,2.0,12
2025-07-08,PYPL,-0.02363069553786248,-3.2554930419897317,2.0,12
2025-07-09,PYPL,-0.022557300440567817,-2.7766866496824316,2.0,12
2025-07-10,PYPL,-0.009543765189939234,-1.7395762506793697,2.0,12
2025-07-11,PYPL,-0.003316690487749352,-1.578414005054667,2.0,12
2025-07-14,PYPL,-0.027731328312782112,-4.041664605743943,2.0,12
2025-07-15,PYPL,-0.021244682847298805,-2.6869581665100872,2.0,12
2025-07-16,PYPL,-0.022071318569222863,-2.964180449908885,2.0,12
2025-07-17,PYPL,-0.020534264661887597,-2.2117226504613376,2.0,12
2025-07-18,PYPL,-0.02730216531683995,-2.386007296816607,2.0,12
2025-07-21,PYPL,-0.028932302218440734,-2.981195426888954,2.0,12
2025-07-22,PYPL,-0.029483667648283782,-3.7994971516871057,2.0,12
2025-07-23,PYPL,-0.029791970443068305,-3.6129770798181555,2.0,12
2025-07-24,PYPL,-0.02916510616044866,-2.1331357081248714,2.0,12
2025-07-25,PYPL,-0.02247673535824381,-1.4073729962117891,2.0,12
2025-07-28,PYPL,-0.02352828967094922,-1.448286691849963,2.0,12
2025-07-29,PYPL,-0.0034259314125531996,-1.6411731330656114,2.0,12
2025-07-30,PYPL,-0.018577893070226247,-2.93574553543255,2.0,12
2025-07-31,PYPL,-0.003067729555665749,-1.3831793550901597,2.0,12
2025-08-01,PYPL,0.012166840243268742,0.08930204146788778,2.0,12
2025-08-04,PYPL,0.01456400468963739,0.6632488503457021,2.0,12
2025-08-05,PYPL,0.007531487594753004,0.520468512187244,2.0,12
2025-08-06,PYPL,0.007916021225318294,-0.5540916145078649,2.0,12
2025-08-07,PYPL,0.010385805642551559,-0.5797397640603695,2.0,12
2025-08-08,PYPL,0.006110015980791172,0.16759884731461372,2.0,12
2025-08-11,PYPL,0.015774695880416804,-0.5311718798751741,2.0,12
2025-08-12,PYPL,0.008802009887835936,-1.3788662847209805,2.0,12
2025-08-13,PYPL,0.0049742329542120396,-1.6856083244415565,2.0,12
2025-08-14,PYPL,0.006328109033360664,-0.1918565736927429,2.0,12
2025-08-15,PYPL,0.001996679747407031,-0.5573657232261893,2.0,12
2025-08-18,PYPL,-0.01682510437112638,-3.8193583597772554,2.0,12
2025-08-19,PYPL,0.0016189776612015718,-0.875336236416348,2.0,12
2025-08-20,PYPL,-0.007544068833129059,-2.651229478537954,2.0,12
2025-08-21,PYPL,0.00477108527732098,-0.8883147853892974,2.0,12
2025-08-22,PYPL,-0.008368078635885245,-2.0941560437119007,2.0,12
2025-08-25,PYPL,0.005405695696978788,1.490386517486385,2.0,12
2025-08-26,PYPL,0.0037402831013067586,0.8513312247945297,2.0,12
2025-08-27,PYPL,-0.003021033561124262,0.9005010397076489,2.0,12
2025-08-28,PYPL,-0.0035766625035540756,-0.6085996843730346,2.0,12
2025-08-29,PYPL,-0.003933277273820938,-0.8253700530169079,2.0,12
2025-09-02,PYPL,0.003004692617919481,-0.096158026436923,2.0,12
2025-09-03,PYPL,-0.0024341489997013396,0.11313145018185156,2.0,12
2025-09-04,PYPL,-0.004254753875612478,0.446422881578995,2.0,12
2025-09-05,PYPL,-0.0015712963609979497,-0.028191551602976928,2.0,12
2025-09-08,PYPL,0.0010235366591659,0.43804153998251555,2.0,12
2025-09-09,PYPL,-0.0009841693538292084,0.238983727335635,2.0,12
2025-09-10,PYPL,0.0006897208072344877,0.3414763027013408,2.0,12
2025-09-11,PYPL,-0.004157419261331044,-0.7935366061076957,2.0,12
2025-09-12,PYPL,-0.0020052131939674446,-0.45524226281387714,2.0,12
2025-09-15,PYPL,-0.0020052131939674446,-0.23354502114380415,2.0,12
2025-09-16,PYPL,-0.0013626180136646609,-0.49322404332178954,2.0,12
2025-09-17,PYPL,-0.005507756143241571,-1.1302918930879207,2.0,12
2025-09-18,PYPL,0.029174753454585277,2.1561439951373322,2.0,12
2025-09-19,PYPL,0.018496109913055437,2.25096450768632,2.0,12
2025-09-22,PYPL,0.020584316265062127,1.7992080700964603,2.0,12
2025-09-23,PYPL,0.022082223499030572,2.1169947611527014,2.0,12
2025-09-24,PYPL,0.017654868092969272,1.313488782693975,2.0,12
2025-09-25,PYPL,0.020063619559122645,0.7214432810910673,2.0,12
2025-09-26,PYPL,0.012265835071506652,0.468122735985819,2.0,12
2025-09-29,PYPL,0.0018916898937111123,-0.4907425536258494,2.0,12
2025-09-30,PYPL,0.005168974014107243,0.7956584402446653,2.0,12
2025-10-01,PYPL,0.004402504167625159,1.5470752135263877,2.0,12
2025-10-02,PYPL,-0.0014985915954324053,1.0147999434837112,2.0,12
2025-10-03,PYPL,-0.0014694559938337138,0.5396438072264544,2.0,12
2025-10-06,PYPL,-0.00980873526684265,-0.2479692013892775,2.0,12
2025-10-07,PYPL,-0.007412729286061333,0.47787988492167033,2.0,12
2025-10-08,PYPL,-0.006532373701441777,0.836300101731611,2.0,12
2025-10-09,PYPL,-0.005976858744357272,0.2695688805355673,2.0,12
2025-10-10,PYPL,-0.00540973513410724,-0.6539935220622509,2.0,12
2025-10-13,PYPL,0.0017729466813841566,0.6938230574311741,2.0,12
2025-10-14,PYPL,-0.0008436973725364359,0.6249544334979696,2.0,12
2025-10-15,PYPL,-0.002600839156291291,-0.20479085163916733,2.0,12
2025-10-16,PYPL,-0.011793090670538131,-0.6642283189292558,2.0,12
2025-10-17,PYPL,-0.005597501722315245,-0.7664748588063584,2.0,12
2025-10-20,PYPL,-0.014855748900677437,-1.4602519801904166,2.0,12
2025-10-21,PYPL,-0.030008651690155215,-2.2611395477301195,2.0,12
2025-10-22,PYPL,-0.02716424001609285,-2.700897704414199,2.0,12
2025-10-23,PYPL,-0.029145604982232634,-2.0427261264341383,2.0,12
2025-10-24,PYPL,-0.023684252290566685,-1.7890240637989574,2.0,12
2025-10-27,PYPL,-0.027851611164725783,-3.0983345532144484,2.0,12
2025-10-28,PYPL,-0.03268941807474245,-2.5728444983950927,2.0,12
2025-10-29,PYPL,-0.017400075920528304,-1.9358572001246726,2.0,12
2025-10-30,PYPL,-0.011872989516059793,-2.97258514530897,2.0,12
2025-10-31,PYPL,-0.0104169741292184,-2.481629453292702,2.0,12
2025-11-03,PYPL,-0.004612214238336877,-1.5341090657098748,2.0,12
2025-11-04,PYPL,0.0012354847376920726,-1.4329026954733437,2.0,12
2025-11-05,PYPL,0.0050870717610228995,-0.13437605858987522,2.0,12
2025-11-06,PYPL,-0.01225006221674806,-3.1061299436404606,2.0,12
2025-11-07,PYPL,0.01665230618363828,1.9797014984305306,2.0,12
2025-11-10,PYPL,0.01602730884377156,1.4169707308942152,2.0,12
2025-11-11,PYPL,0.00506310381618805,0.9292962726019909,2.0,12
2025-11-12,PYPL,0.010749915661084495,0.8715701294123104,2.0,12
2025-11-13,PYPL,0.00902555457741527,1.0092712282925929,2.0,12
2025-11-14,PYPL,0.0074718365754328315,0.06214522405874656,2.0,12
2025-11-17,PYPL,0.018742400277173353,0.9309691721672073,2.0,12
2025-11-18,PYPL,0.017514658840951443,0.3616808502273716,2.0,12
2025-11-19,PYPL,0.020230665965104862,0.4108467223582337,2.0,12
2025-11-20,PYPL,0.03098003139795683,0.7798130100593503,2.0,12
2025-11-21,PYPL,-0.001654019272492964,-0.7171011475201132,2.0,12
2025-11-24,PYPL,0.00515242312837851,-0.09719157927015543,2.0,12
2025-11-25,PYPL,0.022766523113583154,2.571379819771451,2.0,12
2025-11-26,PYPL,0.021555179515688545,2.9244624377757438,2.0,12
2025-11-28,PYPL,0.021080517368540958,2.8439180936706117,2.0,12
2025-12-01,PYPL,0.007597007918685511,1.7422730628764829,2.0,12
2025-12-02,PYPL,0.00808203538569069,1.9008103564997116,2.0,12
2025-12-03,PYPL,0.01827310856532719,3.168822665023198,2.0,12
2025-12-04,PYPL,0.006113217566404249,0.16392460542539578,2.0,12
2025-12-05,PYPL,-0.000791642458759536,-0.7848314954911526,2.0,12
2025-12-08,PYPL,-0.003837983154043916,-1.6939562223290372,2.0,12
2025-12-09,PYPL,-0.005832630200417137,-1.6322428906335062,2.0,12
2025-07-01,ZM,-0.017736031990726858,-3.931644160527005,2.0,12
2025-07-02,ZM,-0.016652029164645567,-4.341513920668092,2.0,12
2025-07-03,ZM,-0.01990428936216521,-4.389859340214816,2.0,12
2025-07-07,ZM,-0.001151044064828541,-2.7207295019450695,2.0,12
2025-07-08,ZM,0.00156865842448891,-1.4521116455242422,2.0,12
2025-07-09,ZM,0.00156865842448891,-1.4978507585585281,2.0,12
2025-07-10,ZM,-0.00439291534859233,-2.11606092932711,2.0,12
2025-07-11,ZM,-0.015522303211649033,-3.7475944866257516,2.0,12
2025-07-14,ZM,-0.014670769707590832,-2.4494646120882155,2.0,12
2025-07-15,ZM,-0.02156068173925749,-3.514725351003799,2.0,12
2025-07-16,ZM,-0.019737288871616052,-3.5438753995149828,2.0,12
2025-07-17,ZM,-0.017517793918542298,-3.3188955352627953,2.0,12
2025-07-18,ZM,-0.016218079988651775,-3.3554929405724,2.0,12
2025-07-21,ZM,-0.014720505340419335,-3.236416907500659,2.0,12
2025-07-22,ZM,-0.01812792695043325,-3.7103685066743646,2.0,12
2025-07-23,ZM,-0.023590038394530246,-3.7625862052280086,2.0,12
2025-07-24,ZM,-0.023336701485917974,-3.380316435630567,2.0,12
2025-07-25,ZM,-0.01723502005183345,-2.473770282835745,2.0,12
2025-07-28,ZM,-0.0197744960543449,-2.6589057361169877,2.0,12
2025-07-29,ZM,-0.003663775367939762,-1.7562936394951576,2.0,12
2025-07-30,ZM,-0.016671330658540602,-2.363363608875063,2.0,12
2025-07-31,ZM,-0.01637470447425252,-2.682310944858086,2.0,12
2025-08-01,ZM,0.009691818217590223,0.0698297574411052,2.0,12
2025-08-04,ZM,0.00022353381939145658,-0.7387930469866101,2.0,12
2025-08-05,ZM,-0.010061569361386103,-2.137174480622183,2.0,12
2025-08-06,ZM,-0.014264628792412248,-2.278818262468036,2.0,12
2025-08-07,ZM,-0.002421217313383608,-1.1779098102153975,2.0,12
2025-08-08,ZM,-0.017765428719979777,-2.8000794524865187,2.0,12
2025-08-11,ZM,-0.004767310242397302,-2.3081621916159074,2.0,12
2025-08-12,ZM,-0.002016984638914942,-2.357675323875551,2.0,12
2025-08-13,ZM,-0.006873149590683215,-2.936736133879776,2.0,12
2025-08-14,ZM,-0.00045611660019696934,-1.2015033714845789,2.0,12
2025-08-15,ZM,-0.008890720201088343,-2.715861961564709,2.0,12
2025-08-18,ZM,-0.02381228339844601,-3.837028633389343,2.0,12
2025-08-19,ZM,-0.0007466199914344765,-0.5641447873619623,2.0,12
2025-08-20,ZM,-0.0045409081232521825,-0.9690585640751677,2.0,12
2025-08-21,ZM,-0.010846996644800506,-1.5765802777354785,2.0,12
2025-08-22,ZM,-0.018431982776715237,-1.3593829990208075,2.0,12
2025-08-25,ZM,-0.004213899850653997,2.041835518874266,2.0,12
2025-08-26,ZM,0.008068677875585097,2.658459387272317,2.0,12
2025-08-27,ZM,-0.02141960257845085,-1.4346138625812497,2.0,12
2025-08-28,ZM,-0.015450561286602956,-1.1450929054131844,2.0,12
2025-08-29,ZM,-0.010203869613824891,-0.9971112549661998,2.0,12
2025-09-02,ZM,-0.023661436086490236,-2.878940841767579,2.0,12
2025-09-03,ZM,-0.009388285669264326,0.3529193112578286,2.0,12
2025-09-04,ZM,-0.003222450958039682,2.163671211689117,2.0,12
2025-09-05,ZM,-0.003733504122221444,1.314010594952879,2.0,12
2025-09-08,ZM,-0.01539522471878929,0.49431434364344773,2.0,12
2025-09-09,ZM,-0.01094515148707156,1.2307504438942543,2.0,12
2025-09-10,ZM,-0.006632610734376582,1.6039971539085758,2.0,12
2025-09-11,ZM,-0.02539467000012625,-1.2934832690530345,2.0,12
2025-09-12,ZM,-0.024401567737021384,-1.2953835140708736,2.0,12
2025-09-15,ZM,-0.02518577145087094,-1.5242969063469258,2.0,12
2025-09-16,ZM,-0.023961114593287536,-1.3326267212280485,2.0,12
2025-09-17,ZM,-0.01980127793776827,-0.4168466330840843,2.0,12
2025-09-18,ZM,-0.0390612492626769,-2.34089738990635,2.0,12
2025-09-19,ZM,-0.04370355865505155,-2.4980426545419734,2.0,12
2025-09-22,ZM,-0.04946100083469677,-2.6739915612389193,2.0,12
2025-09-23,ZM,-0.037790539855633166,-1.7950388990306791,2.0,12
2025-09-24,ZM,-0.04119862136759657,-2.628825455742969,2.0,12
2025-09-25,ZM,-0.049058163821980576,-2.7750085237110356,2.0,12
2025-09-26,ZM,-0.025584236675463137,-1.6924651601709542,2.0,12
2025-09-29,ZM,-0.019205461367295548,-2.0298918322549873,2.0,12
2025-09-30,ZM,-0.022907861037092567,-2.9026591507524273,2.0,12
2025-10-01,ZM,-0.015324416209305117,-0.989130439453064,2.0,12
2025-10-02,ZM,-0.011337267920051033,-0.41366884621296995,2.0,12
2025-10-03,ZM,0.010362737417727011,1.4992815969253637,2.0,12
2025-10-06,ZM,0.01068098290221242,1.2383462017134792,2.0,12
2025-10-07,ZM,0.013884272151464663,1.2408627197566615,2.0,12
2025-10-08,ZM,0.012540880691930859,1.2939422471366555,2.0,12
2025-10-09,ZM,0.004064075559739787,0.32058447622841746,2.0,12
2025-10-10,ZM,0.0048590224494411095,0.06386751482974784,2.0,12
2025-10-13,ZM,0.0023968802585768636,0.22951619177487892,2.0,12
2025-10-14,ZM,-0.003465235654666307,-0.34170965146452476,2.0,12
2025-10-15,ZM,0.0124137117108051,1.4754544181647486,2.0,12
2025-10-16,ZM,0.012533095380588671,1.9923170252891491,2.0,12
2025-10-17,ZM,0.013724198936239194,1.7607533881176396,2.0,12
2025-10-20,ZM,0.01033576548822915,0.33057822046208474,2.0,12
2025-10-21,ZM,-4.026336125734632e-06,-0.2208397270129567,2.0,12
2025-10-22,ZM,0.00692725591626704,1.1984664955027537,2.0,12
2025-10-23,ZM,0.00257619625070966,0.18221988742981798,2.0,12
2025-10-24,ZM,0.0015041569026658672,-0.09792898101833414,2.0,12
2025-10-27,ZM,0.00010655513212161783,0.6850402103007305,2.0,12
2025-10-28,ZM,0.0006962764803188394,0.6595520360569752,2.0,12
2025-10-29,ZM,0.011934047584626902,2.675779344070924,2.0,12
2025-10-30,ZM,0.009021673382552577,2.1508926200562937,2.0,12
2025-10-31,ZM,0.006811584647930691,3.536746749866641,2.0,12
2025-11-03,ZM,0.0035805647391168255,2.3607545346159835,2.0,12
2025-11-04,ZM,-0.01077554475363044,-1.0982364768067252,2.0,12
2025-11-05,ZM,0.004834945956069847,1.708782925774527,2.0,12
2025-11-06,ZM,0.004799765621968327,1.7289112906634365,2.0,12
2025-11-07,ZM,0.0031981160843967396,0.33673754837131037,2.0,12
2025-11-10,ZM,0.003201098698466018,0.6053959892112382,2.0,12
2025-11-11,ZM,-0.00024180176320964401,1.1768133777797387,2.0,12
2025-11-12,ZM,0.009197106815768403,2.0478503129150787,2.0,12
2025-11-13,ZM,0.0018328249832972336,1.107725861955238,2.0,12
2025-11-14,ZM,0.0039496050683777,1.619001032847638,2.0,12
2025-11-17,ZM,0.018058770524936544,2.332030872453584,2.0,12
2025-11-18,ZM,0.010439419248777778,0.953179671888118,2.0,12
2025-11-19,ZM,0.008154575979913948,0.6883544137272589,2.0,12
2025-11-20,ZM,0.025542248710172123,1.5822181898306122,2.0,12
2025-11-21,ZM,0.01038582553566601,1.1038191014675505,2.0,12
2025-11-24,ZM,0.021575520765637263,2.061473688784101,2.0,12
2025-11-25,ZM,-0.011727220479162345,-1.247945828596657,2.0,12
2025-11-26,ZM,-0.006235702734465122,-0.1180156091941536,2.0,12
2025-11-28,ZM,-0.013063263254666946,-0.7199654450699688,2.0,12
2025-12-01,ZM,-0.0077379885840327305,-0.24805296361375295,2.0,12
2025-12-02,ZM,-0.010034656830825103,-0.7238984352192259,2.0,12
2025-12-03,ZM,-0.006800620398216621,-0.4280503015161529,2.0,12
2025-12-04,ZM,-0.010571357554510802,-0.13770665089660655,2.0,12
2025-12-05,ZM,0.0045183743829778095,2.182381624716112,2.0,12
2025-12-08,ZM,0.0058746701884233666,2.243100902758316,2.0,12
2025-12-09,ZM,0.00622769533960688,2.1504969217928505,2.0,12
